Price,Adj Close,Close,High,Low,Open,Volume
Ticker,BAC,BAC,BAC,BAC,BAC,BAC
Date,,,,,,
2015-01-02,14.123804092407227,17.899999618530273,18.030000686645508,17.68000030517578,17.989999771118164,48951100
2015-01-05,13.713497161865234,17.3799991607666,17.809999465942383,17.290000915527344,17.790000915527344,105605500
2015-01-06,13.30319881439209,16.860000610351562,17.440000534057617,16.780000686645508,17.420000076293945,144912400
2015-01-07,13.366321563720703,16.940000534057617,17.18000030517578,16.8700008392334,17.139999389648438,104603800
2015-01-08,13.642488479614258,17.290000915527344,17.34000015258789,17.100000381469727,17.15999984741211,73388500
2015-01-09,13.397883415222168,16.979999542236328,17.3799991607666,16.950000762939453,17.3799991607666,84144600
2015-01-12,13.161175727844238,16.68000030517578,17.030000686645508,16.65999984741211,17.020000457763672,92762500
2015-01-13,12.979694366455078,16.450000762939453,16.889999389648438,16.31999969482422,16.81999969482422,100845400
2015-01-14,12.656188011169434,16.040000915527344,16.219999313354492,15.770000457763672,16.0,164779800
2015-01-15,11.993393898010254,15.199999809265137,15.760000228881836,15.149999618530273,15.59000015258789,193241300
2015-01-16,12.13542366027832,15.380000114440918,15.399999618530273,14.970000267028809,15.15999984741211,149802000
2015-01-20,12.040738105773926,15.260000228881836,15.630000114440918,15.199999809265137,15.59000015258789,123402800
2015-01-21,12.159089088439941,15.40999984741211,15.569999694824219,15.149999618530273,15.279999732971191,101054200
2015-01-22,12.69564151763916,16.09000015258789,16.190000534057617,15.430000305175781,15.550000190734863,183042100
2015-01-23,12.411582946777344,15.729999542236328,16.190000534057617,15.729999542236328,16.040000915527344,103376900
2015-01-26,12.506267547607422,15.850000381469727,15.930000305175781,15.699999809265137,15.720000267028809,69969300
2015-01-27,12.332680702209473,15.630000114440918,15.789999961853027,15.479999542236328,15.550000190734863,86184200
2015-01-28,11.993393898010254,15.199999809265137,15.729999542236328,15.180000305175781,15.720000267028809,105359800
2015-01-29,12.174873352050781,15.430000305175781,15.489999771118164,15.199999809265137,15.3100004196167,76095800
2015-01-30,11.953943252563477,15.149999618530273,15.470000267028809,15.149999618530273,15.229999542236328,99844600
2015-02-02,12.198546409606934,15.460000038146973,15.489999771118164,15.119999885559082,15.270000457763672,101586700
2015-02-03,12.537833213806152,15.890000343322754,15.930000305175781,15.609999656677246,15.619999885559082,105159400
2015-02-04,12.458929061889648,15.789999961853027,16.0,15.75,15.789999961853027,83848100
2015-02-05,12.600957870483398,15.970000267028809,16.09000015258789,15.899999618530273,15.979999542236328,92264700
2015-02-06,13.011255264282227,16.489999771118164,16.75,16.219999313354492,16.299999237060547,160832300
2015-02-09,12.900788307189941,16.350000381469727,16.5,16.25,16.350000381469727,95532900
2015-02-10,12.95602035522461,16.420000076293945,16.6200008392334,16.350000381469727,16.559999465942383,100322800
2015-02-11,12.908679962158203,16.360000610351562,16.450000762939453,16.209999084472656,16.329999923706055,99924400
2015-02-12,13.153282165527344,16.670000076293945,16.729999542236328,16.3700008392334,16.40999984741211,116394100
2015-02-13,13.105937957763672,16.610000610351562,16.790000915527344,16.540000915527344,16.729999542236328,93632700
2015-02-17,13.121719360351562,16.6299991607666,16.68000030517578,16.3700008392334,16.520000457763672,93350600
2015-02-18,12.861336708068848,16.299999237060547,16.559999465942383,16.239999771118164,16.549999237060547,84057400
2015-02-19,12.790324211120605,16.209999084472656,16.3799991607666,16.079999923706055,16.209999084472656,83604300
2015-02-20,12.924463272094727,16.3799991607666,16.43000030517578,16.010000228881836,16.139999389648438,89763600
2015-02-23,12.78243637084961,16.200000762939453,16.31999969482422,16.100000381469727,16.31999969482422,87623700
2015-02-24,12.924463272094727,16.3799991607666,16.549999237060547,16.25,16.270000457763672,74109600
2015-02-25,13.011255264282227,16.489999771118164,16.5,16.31999969482422,16.3700008392334,57201000
2015-02-26,12.656188011169434,16.040000915527344,16.440000534057617,15.899999618530273,16.420000076293945,161100700
2015-02-27,12.47470760345459,15.8100004196167,15.880000114440918,15.619999885559082,15.779999732971191,130448200
2015-03-02,12.632516860961914,16.010000228881836,16.030000686645508,15.720000267028809,15.789999961853027,71402400
2015-03-03,12.656188011169434,16.040000915527344,16.149999618530273,15.960000038146973,16.030000686645508,65689800
2015-03-04,12.53746223449707,15.84000015258789,15.979999542236328,15.760000228881836,15.960000038146973,78441600
2015-03-05,12.664102554321289,16.0,16.030000686645508,15.75,15.920000076293945,69510000
2015-03-06,12.838233947753906,16.219999313354492,16.6200008392334,16.0,16.0,163207200
2015-03-09,12.798657417297363,16.170000076293945,16.329999923706055,16.1200008392334,16.309999465942383,72912700
2015-03-10,12.497884750366211,15.789999961853027,16.1299991607666,15.789999961853027,16.040000915527344,85633600
2015-03-11,12.751169204711914,16.110000610351562,16.15999984741211,15.869999885559082,15.920000076293945,85910100
2015-03-12,12.73533821105957,16.09000015258789,16.209999084472656,15.899999618530273,16.049999237060547,126376300
2015-03-13,12.73533821105957,16.09000015258789,16.149999618530273,15.9399995803833,16.079999923706055,88581900
2015-03-16,12.766999244689941,16.1299991607666,16.219999313354492,15.850000381469727,16.110000610351562,63406500
2015-03-17,12.73533821105957,16.09000015258789,16.1200008392334,15.960000038146973,16.06999969482422,67315000
2015-03-18,12.648272514343262,15.979999542236328,16.100000381469727,15.90999984741211,16.010000228881836,86387600
2015-03-19,12.355414390563965,15.609999656677246,15.970000267028809,15.609999656677246,15.960000038146973,109169200
2015-03-20,12.53746223449707,15.84000015258789,15.930000305175781,15.640000343322754,15.699999809265137,99867700
2015-03-23,12.442481994628906,15.720000267028809,15.880000114440918,15.720000267028809,15.819999694824219,73773500
2015-03-24,12.355414390563965,15.609999656677246,15.800000190734863,15.609999656677246,15.729999542236328,77011000
2015-03-25,12.197113990783691,15.40999984741211,15.649999618530273,15.399999618530273,15.630000114440918,88541500
2015-03-26,12.205028533935547,15.420000076293945,15.539999961853027,15.260000228881836,15.390000343322754,76741500
2015-03-27,12.117963790893555,15.3100004196167,15.489999771118164,15.270000457763672,15.479999542236328,73140800
2015-03-30,12.2841796875,15.520000457763672,15.609999656677246,15.399999618530273,15.420000076293945,70835300
2015-03-31,12.18128490447998,15.390000343322754,15.520000457763672,15.380000114440918,15.5,61381700
2015-04-01,12.197113990783691,15.40999984741211,15.460000038146973,15.25,15.420000076293945,73153900
2015-04-02,12.300008773803711,15.539999961853027,15.619999885559082,15.430000305175781,15.430000305175781,50443500
2015-04-06,12.276264190673828,15.510000228881836,15.600000381469727,15.34000015258789,15.390000343322754,51189500
2015-04-07,12.236689567565918,15.460000038146973,15.649999618530273,15.449999809265137,15.529999732971191,50057800
2015-04-08,12.355414390563965,15.609999656677246,15.739999771118164,15.5,15.510000228881836,71732500
2015-04-09,12.434563636779785,15.710000038146973,15.760000228881836,15.529999732971191,15.630000114440918,44935600
2015-04-10,12.442481994628906,15.720000267028809,15.789999961853027,15.600000381469727,15.6899995803833,43817700
2015-04-13,12.505802154541016,15.800000190734863,15.859999656677246,15.739999771118164,15.779999732971191,49191200
2015-04-14,12.52163314819336,15.819999694824219,15.949999809265137,15.710000038146973,15.880000114440918,84385400
2015-04-15,12.37916088104248,15.640000343322754,15.850000381469727,15.59000015258789,15.699999809265137,124479100
2015-04-16,12.497884750366211,15.789999961853027,15.9399995803833,15.579999923706055,15.640000343322754,105591000
2015-04-17,12.315842628479004,15.5600004196167,15.75,15.5,15.710000038146973,88994300
2015-04-20,12.323755264282227,15.569999694824219,15.6899995803833,15.5600004196167,15.619999885559082,53649400
2015-04-21,12.268346786499023,15.5,15.640000343322754,15.430000305175781,15.600000381469727,64033100
2015-04-22,12.458311080932617,15.739999771118164,15.829999923706055,15.489999771118164,15.550000190734863,73092800
2015-04-23,12.418737411499023,15.6899995803833,15.800000190734863,15.680000305175781,15.720000267028809,50292200
2015-04-24,12.37916088104248,15.640000343322754,15.75,15.609999656677246,15.710000038146973,40766100
2015-04-27,12.315842628479004,15.5600004196167,15.760000228881836,15.5600004196167,15.630000114440918,73523400
2015-04-28,12.387076377868652,15.649999618530273,15.710000038146973,15.5,15.579999923706055,58080100
2015-04-29,12.648272514343262,15.979999542236328,16.040000915527344,15.569999694824219,15.600000381469727,134499400
2015-04-30,12.608695030212402,15.930000305175781,16.049999237060547,15.800000190734863,16.0,78313900
2015-05-01,12.751169204711914,16.110000610351562,16.149999618530273,15.920000076293945,16.0,78171400
2015-05-04,13.01236629486084,16.440000534057617,16.450000762939453,16.1200008392334,16.139999389648438,76592300
2015-05-05,12.941128730773926,16.350000381469727,16.610000610351562,16.329999923706055,16.420000076293945,106148700
2015-05-06,12.893641471862793,16.290000915527344,16.489999771118164,16.079999923706055,16.360000610351562,96426500
2015-05-07,12.854063987731934,16.239999771118164,16.329999923706055,16.09000015258789,16.229999542236328,73794800
2015-05-08,13.020281791687012,16.450000762939453,16.459999084472656,16.219999313354492,16.31999969482422,86333700
2015-05-11,13.05194091796875,16.489999771118164,16.59000015258789,16.43000030517578,16.450000762939453,56246000
2015-05-12,13.004450798034668,16.43000030517578,16.479999542236328,16.350000381469727,16.459999084472656,59627100
2015-05-13,13.036111831665039,16.469999313354492,16.520000457763672,16.360000610351562,16.440000534057617,47330600
2015-05-14,13.075682640075684,16.520000457763672,16.59000015258789,16.450000762939453,16.530000686645508,55395700
2015-05-15,12.941128730773926,16.350000381469727,16.520000457763672,16.299999237060547,16.520000457763672,54937800
2015-05-18,13.067768096923828,16.510000228881836,16.540000915527344,16.309999465942383,16.309999465942383,51059900
2015-05-19,13.273561477661133,16.770000457763672,16.780000686645508,16.579999923706055,16.59000015258789,89115500
2015-05-20,13.249814987182617,16.739999771118164,16.850000381469727,16.6299991607666,16.780000686645508,67684000
2015-05-21,13.241905212402344,16.729999542236328,16.75,16.559999465942383,16.709999084472656,52056600
2015-05-22,13.257731437683105,16.75,16.799999237060547,16.700000762939453,16.719999313354492,47032900
2015-05-26,13.059858322143555,16.5,16.729999542236328,16.43000030517578,16.729999542236328,100048200
2015-05-27,13.249814987182617,16.739999771118164,16.75,16.540000915527344,16.559999465942383,70026700
2015-05-28,13.194411277770996,16.670000076293945,16.729999542236328,16.579999923706055,16.719999313354492,60970000
2015-05-29,13.059858322143555,16.5,16.670000076293945,16.469999313354492,16.65999984741211,74266200
2015-06-01,13.099431991577148,16.549999237060547,16.639999389648438,16.469999313354492,16.579999923706055,62941600
2015-06-02,13.233983039855957,16.719999313354492,16.760000228881836,16.5,16.520000457763672,65513200
2015-06-03,13.44039535522461,16.93000030517578,17.020000457763672,16.670000076293945,16.670000076293945,89614900
2015-06-04,13.321310997009277,16.780000686645508,16.979999542236328,16.719999313354492,16.8700008392334,61025500
2015-06-05,13.646804809570312,17.190000534057617,17.350000381469727,16.969999313354492,17.040000915527344,119087400
2015-06-08,13.559476852416992,17.079999923706055,17.329999923706055,17.049999237060547,17.270000457763672,69749600
2015-06-09,13.742070198059082,17.309999465942383,17.350000381469727,17.0,17.049999237060547,82104900
2015-06-10,13.964357376098633,17.59000015258789,17.6200008392334,17.360000610351562,17.389999389648438,102643100
2015-06-11,13.88497257232666,17.489999771118164,17.68000030517578,17.440000534057617,17.6200008392334,77191500
2015-06-12,13.88497257232666,17.489999771118164,17.579999923706055,17.360000610351562,17.450000762939453,53149400
2015-06-15,13.869088172912598,17.469999313354492,17.5,17.25,17.329999923706055,68053400
2015-06-16,13.932600975036621,17.549999237060547,17.559999465942383,17.3700008392334,17.459999084472656,47291200
2015-06-17,13.789705276489258,17.3700008392334,17.600000381469727,17.299999237060547,17.59000015258789,88712100
2015-06-18,13.797638893127441,17.3799991607666,17.399999618530273,17.219999313354492,17.350000381469727,97599900
2015-06-19,13.630931854248047,17.170000076293945,17.389999389648438,17.1200008392334,17.280000686645508,83395400
2015-06-22,13.869088172912598,17.469999313354492,17.530000686645508,17.350000381469727,17.360000610351562,58477700
2015-06-23,14.027865409851074,17.670000076293945,17.719999313354492,17.559999465942383,17.559999465942383,63865700
2015-06-24,13.88497257232666,17.489999771118164,17.690000534057617,17.450000762939453,17.530000686645508,59079500
2015-06-25,13.789705276489258,17.3700008392334,17.6200008392334,17.350000381469727,17.56999969482422,59772200
2015-06-26,13.821460723876953,17.40999984741211,17.520000457763672,17.350000381469727,17.479999542236328,63080800
2015-06-29,13.408644676208496,16.889999389648438,17.25,16.860000610351562,17.1299991607666,98604200
2015-06-30,13.511845588684082,17.020000457763672,17.1299991607666,16.850000381469727,17.079999923706055,89039800
2015-07-01,13.670623779296875,17.219999313354492,17.309999465942383,17.09000015258789,17.25,62317400
2015-07-02,13.51978588104248,17.030000686645508,17.209999084472656,16.889999389648438,17.15999984741211,64736500
2015-07-06,13.448336601257324,16.940000534057617,17.010000228881836,16.709999084472656,16.780000686645508,58726900
2015-07-07,13.249868392944336,16.690000534057617,16.93000030517578,16.34000015258789,16.899999618530273,115450500
2015-07-08,12.900557518005371,16.25,16.5,16.219999313354492,16.420000076293945,83033000
2015-07-09,13.083149909973145,16.479999542236328,16.719999313354492,16.450000762939453,16.530000686645508,81534400
2015-07-10,13.257803916931152,16.700000762939453,16.84000015258789,16.65999984741211,16.799999237060547,72965300
2015-07-13,13.511845588684082,17.020000457763672,17.049999237060547,16.899999618530273,16.969999313354492,67934300
2015-07-14,13.599169731140137,17.1299991607666,17.149999618530273,16.860000610351562,16.93000030517578,69999800
2015-07-15,14.035799980163574,17.68000030517578,17.850000381469727,17.489999771118164,17.530000686645508,173099900
2015-07-16,14.25015640258789,17.950000762939453,18.06999969482422,17.860000610351562,17.90999984741211,117054300
2015-07-17,14.369236946105957,18.100000381469727,18.15999984741211,17.889999389648438,17.959999084472656,96894900
2015-07-20,14.385111808776855,18.1200008392334,18.229999542236328,18.079999923706055,18.149999618530273,71980100
2015-07-21,14.353355407714844,18.079999923706055,18.170000076293945,18.020000457763672,18.110000610351562,63732800
2015-07-22,14.6470947265625,18.450000762939453,18.479999542236328,18.030000686645508,18.030000686645508,110327000
2015-07-23,14.432747840881348,18.18000030517578,18.43000030517578,18.079999923706055,18.389999389648438,103650100
2015-07-24,14.210460662841797,17.899999618530273,18.229999542236328,17.84000015258789,18.18000030517578,86364300
2015-07-27,14.027865409851074,17.670000076293945,17.780000686645508,17.5,17.65999984741211,93231900
2015-07-28,14.194583892822266,17.8799991607666,17.889999389648438,17.600000381469727,17.790000915527344,82166800
2015-07-29,14.416866302490234,18.15999984741211,18.200000762939453,17.920000076293945,17.950000762939453,96388600
2015-07-30,14.393054008483887,18.1299991607666,18.290000915527344,18.049999237060547,18.200000762939453,65667900
2015-07-31,14.194583892822266,17.8799991607666,18.059999465942383,17.860000610351562,18.030000686645508,67176900
2015-08-03,14.107258796691895,17.770000457763672,17.969999313354492,17.639999389648438,17.90999984741211,62376800
2015-08-04,14.131074905395508,17.799999237060547,17.93000030517578,17.709999084472656,17.790000915527344,69741500
2015-08-05,14.186647415161133,17.8700008392334,18.049999237060547,17.799999237060547,17.93000030517578,65228600
2015-08-06,14.139009475708008,17.809999465942383,17.979999542236328,17.770000457763672,17.90999984741211,47594700
2015-08-07,14.091379165649414,17.75,18.06999969482422,17.600000381469727,17.920000076293945,71020700
2015-08-10,14.32160472869873,18.040000915527344,18.049999237060547,17.860000610351562,17.8700008392334,65791200
2015-08-11,14.123137474060059,17.790000915527344,17.969999313354492,17.719999313354492,17.850000381469727,65868600
2015-08-12,13.908787727355957,17.520000457763672,17.649999618530273,17.020000457763672,17.6200008392334,141600100
2015-08-13,13.988174438476562,17.6200008392334,17.690000534057617,17.440000534057617,17.559999465942383,67456200
2015-08-14,14.051685333251953,17.700000762939453,17.700000762939453,17.540000915527344,17.56999969482422,52710300
2015-08-17,14.107258796691895,17.770000457763672,17.809999465942383,17.559999465942383,17.610000610351562,42310000
2015-08-18,14.043745040893555,17.690000534057617,17.899999618530273,17.649999618530273,17.719999313354492,50360700
2015-08-19,13.861157417297363,17.459999084472656,17.690000534057617,17.440000534057617,17.549999237060547,78540500
2015-08-20,13.27367877960205,16.719999313354492,17.200000762939453,16.719999313354492,17.190000534057617,149185400
2015-08-21,12.781473159790039,16.100000381469727,16.65999984741211,16.100000381469727,16.200000762939453,148874300
2015-08-24,12.138434410095215,15.289999961853027,15.979999542236328,14.600000381469727,15.020000457763672,214649500
2015-08-25,12.114617347717285,15.260000228881836,16.200000762939453,15.25,16.200000762939453,194377000
2015-08-26,12.749719619750977,16.059999465942383,16.059999465942383,15.34000015258789,15.8100004196167,174208500
2015-08-27,13.051395416259766,16.440000534057617,16.450000762939453,16.09000015258789,16.3799991607666,124185400
2015-08-28,12.987881660461426,16.360000610351562,16.440000534057617,16.200000762939453,16.399999618530273,75899300
2015-08-31,12.972003936767578,16.34000015258789,16.3799991607666,16.18000030517578,16.329999923706055,66695200
2015-09-01,12.368660926818848,15.579999923706055,16.049999237060547,15.460000038146973,15.949999809265137,119064000
2015-09-02,12.623517990112305,15.850000381469727,15.859999656677246,15.569999694824219,15.819999694824219,74820400
2015-09-03,12.695194244384766,15.9399995803833,16.190000534057617,15.869999885559082,15.970000267028809,77175800
2015-09-04,12.464228630065918,15.649999618530273,15.859999656677246,15.5,15.789999961853027,104539500
2015-09-08,12.870412826538086,16.15999984741211,16.15999984741211,15.899999618530273,15.960000038146973,73960200
2015-09-09,12.663336753845215,15.899999618530273,16.459999084472656,15.829999923706055,16.3700008392334,70466100
2015-09-10,12.774842262268066,16.040000915527344,16.110000610351562,15.8100004196167,15.869999885559082,71110200
2015-09-11,12.774842262268066,16.040000915527344,16.059999465942383,15.899999618530273,15.989999771118164,54287700
2015-09-14,12.711126327514648,15.960000038146973,16.06999969482422,15.899999618530273,15.970000267028809,50640900
2015-09-15,12.989879608154297,16.309999465942383,16.389999389648438,16.010000228881836,16.040000915527344,62327100
2015-09-16,13.005805969238281,16.329999923706055,16.389999389648438,16.09000015258789,16.350000381469727,83776400
2015-09-17,12.63148021697998,15.859999656677246,16.479999542236328,15.779999732971191,16.290000915527344,119088200
2015-09-18,12.392549514770508,15.5600004196167,15.710000038146973,15.5,15.680000305175781,136531200
2015-09-21,12.504050254821777,15.699999809265137,15.75,15.569999694824219,15.670000076293945,79096200
2015-09-22,12.400513648986816,15.569999694824219,15.579999923706055,15.449999809265137,15.489999771118164,92235200
2015-09-23,12.519980430603027,15.720000267028809,15.850000381469727,15.579999923706055,15.600000381469727,78117500
2015-09-24,12.3845853805542,15.550000190734863,15.619999885559082,15.399999618530273,15.539999961853027,99520100
2015-09-25,12.655373573303223,15.890000343322754,16.020000457763672,15.8100004196167,15.880000114440918,88655000
2015-09-28,12.320871353149414,15.470000267028809,15.819999694824219,15.380000114440918,15.789999961853027,91324300
2015-09-29,12.225298881530762,15.350000381469727,15.529999732971191,15.25,15.5,79829400
2015-09-30,12.408480644226074,15.579999923706055,15.600000381469727,15.319999694824219,15.550000190734863,71347100
2015-10-01,12.3845853805542,15.550000190734863,15.640000343322754,15.359999656677246,15.520000457763672,71516800
2015-10-02,12.249188423156738,15.380000114440918,15.380000114440918,14.630000114440918,15.079999923706055,181838400
2015-10-05,12.496086120605469,15.6899995803833,15.789999961853027,15.4399995803833,15.449999809265137,75315300
2015-10-06,12.496086120605469,15.6899995803833,15.819999694824219,15.569999694824219,15.680000305175781,67473700
2015-10-07,12.54387378692627,15.75,15.930000305175781,15.569999694824219,15.779999732971191,66655600
2015-10-08,12.54387378692627,15.75,15.779999732971191,15.510000228881836,15.720000267028809,79056900
2015-10-09,12.408480644226074,15.579999923706055,15.819999694824219,15.5,15.75,76667100
2015-10-12,12.36069107055664,15.520000457763672,15.619999885559082,15.430000305175781,15.600000381469727,50725800
2015-10-13,12.36069107055664,15.520000457763672,15.59000015258789,15.399999618530273,15.449999809265137,73689800
2015-10-14,12.456266403198242,15.640000343322754,15.920000076293945,15.550000190734863,15.770000457763672,122272400
2015-10-15,12.894307136535645,16.190000534057617,16.280000686645508,15.720000267028809,15.8100004196167,127028800
2015-10-16,12.838557243347168,16.1200008392334,16.290000915527344,16.030000686645508,16.290000915527344,66989500
2015-10-19,12.854483604431152,16.139999389648438,16.209999084472656,15.979999542236328,16.0,62953500
2015-10-20,12.902270317077637,16.200000762939453,16.290000915527344,16.100000381469727,16.15999984741211,50797800
2015-10-21,12.663336753845215,15.899999618530273,16.290000915527344,15.899999618530273,16.260000228881836,64440400
2015-10-22,12.870412826538086,16.15999984741211,16.200000762939453,16.0,16.0,74116600
2015-10-23,13.15712833404541,16.520000457763672,16.549999237060547,16.25,16.290000915527344,82285800
2015-10-26,13.149166107177734,16.510000228881836,16.549999237060547,16.34000015258789,16.520000457763672,67702800
2015-10-27,13.061556816101074,16.399999618530273,16.469999313354492,16.299999237060547,16.399999618530273,56159300
2015-10-28,13.762422561645508,17.280000686645508,17.309999465942383,16.450000762939453,16.450000762939453,147720100
2015-10-29,13.61109733581543,17.09000015258789,17.440000534057617,16.969999313354492,17.15999984741211,95542300
2015-10-30,13.364202499389648,16.780000686645508,17.18000030517578,16.760000228881836,17.18000030517578,87645800
2015-11-02,13.587207794189453,17.059999465942383,17.139999389648438,16.8700008392334,16.899999618530273,56948200
2015-11-03,13.682778358459473,17.18000030517578,17.260000228881836,16.989999771118164,17.010000228881836,66127100
2015-11-04,13.547383308410645,17.010000228881836,17.309999465942383,16.959999084472656,17.299999237060547,78728400
2015-11-05,13.7863130569458,17.309999465942383,17.3700008392334,17.030000686645508,17.030000686645508,85505500
2015-11-06,14.296032905578613,17.950000762939453,18.09000015258789,17.760000228881836,17.84000015258789,158037500
2015-11-09,14.080992698669434,17.68000030517578,18.079999923706055,17.559999465942383,18.030000686645508,129920700
2015-11-10,14.216390609741211,17.850000381469727,17.940000534057617,17.559999465942383,17.6299991607666,59905800
2015-11-11,14.136747360229492,17.75,17.989999771118164,17.68000030517578,17.989999771118164,59235000
2015-11-12,13.834099769592285,17.3700008392334,17.6299991607666,17.350000381469727,17.579999923706055,77850900
2015-11-13,13.698701858520508,17.200000762939453,17.309999465942383,17.09000015258789,17.1299991607666,103574900
2015-11-16,13.881888389587402,17.43000030517578,17.459999084472656,17.010000228881836,17.1299991607666,70384300
2015-11-17,13.873922348022461,17.420000076293945,17.600000381469727,17.34000015258789,17.5,70488600
2015-11-18,14.208426475524902,17.84000015258789,17.8700008392334,17.43000030517578,17.43000030517578,85708300
2015-11-19,14.088958740234375,17.690000534057617,17.850000381469727,17.6200008392334,17.780000686645508,51829700
2015-11-20,14.05710220336914,17.649999618530273,17.829999923706055,17.59000015258789,17.809999465942383,56288300
2015-11-23,13.91374397277832,17.469999313354492,17.729999542236328,17.459999084472656,17.6200008392334,50362900
2015-11-24,13.91374397277832,17.469999313354492,17.56999969482422,17.25,17.260000228881836,58724200
2015-11-25,13.889850616455078,17.440000534057617,17.56999969482422,17.40999984741211,17.510000228881836,34939000
2015-11-27,13.921709060668945,17.479999542236328,17.5,17.329999923706055,17.459999084472656,22937500
2015-11-30,13.881888389587402,17.43000030517578,17.579999923706055,17.420000076293945,17.479999542236328,61893700
2015-12-01,14.184531211853027,17.809999465942383,17.809999465942383,17.479999542236328,17.520000457763672,74351800
2015-12-02,14.07271957397461,17.6200008392334,17.889999389648438,17.549999237060547,17.8799991607666,76919000
2015-12-03,13.817140579223633,17.299999237060547,17.770000457763672,17.25,17.68000030517578,95810100
2015-12-04,14.216480255126953,17.799999237060547,17.829999923706055,17.3799991607666,17.440000534057617,103021700
2015-12-07,14.008825302124023,17.540000915527344,17.799999237060547,17.440000534057617,17.790000915527344,81633300
2015-12-08,13.72928524017334,17.190000534057617,17.459999084472656,17.1299991607666,17.389999389648438,84873500
2015-12-09,13.657404899597168,17.100000381469727,17.3799991607666,16.8700008392334,17.110000610351562,82418100
2015-12-10,13.73727035522461,17.200000762939453,17.40999984741211,16.959999084472656,17.149999618530273,68395000
2015-12-11,13.361897468566895,16.729999542236328,17.059999465942383,16.639999389648438,16.969999313354492,91503900
2015-12-14,13.41779899597168,16.799999237060547,16.889999389648438,16.5,16.760000228881836,121121200
2015-12-15,13.912981986999512,17.420000076293945,17.489999771118164,16.989999771118164,17.020000457763672,99737200
2015-12-16,14.176546096801758,17.75,17.780000686645508,17.229999542236328,17.649999618530273,171576700
2015-12-17,13.817140579223633,17.299999237060547,17.829999923706055,17.299999237060547,17.799999237060547,97265700
2015-12-18,13.385854721069336,16.760000228881836,17.270000457763672,16.760000228881836,17.190000534057617,136737800
2015-12-21,13.553574562072754,16.969999313354492,17.030000686645508,16.770000457763672,16.979999542236328,65150300
2015-12-22,13.64142894744873,17.079999923706055,17.110000610351562,16.850000381469727,17.049999237060547,56173500
2015-12-23,13.849088668823242,17.34000015258789,17.34000015258789,17.100000381469727,17.15999984741211,65770700
2015-12-24,13.793177604675293,17.270000457763672,17.3799991607666,17.219999313354492,17.31999969482422,29369400
2015-12-28,13.681364059448242,17.1299991607666,17.229999542236328,16.979999542236328,17.219999313354492,41777500
2015-12-29,13.801170349121094,17.280000686645508,17.350000381469727,17.15999984741211,17.25,45670400
2015-12-30,13.61746883392334,17.049999237060547,17.239999771118164,17.040000915527344,17.200000762939453,35066400
2015-12-31,13.441761016845703,16.829999923706055,17.06999969482422,16.829999923706055,17.010000228881836,47153000
2016-01-04,13.12229061126709,16.43000030517578,16.489999771118164,16.25,16.450000762939453,114888000
2016-01-05,13.12229061126709,16.43000030517578,16.59000015258789,16.229999542236328,16.520000457763672,66670000
2016-01-06,12.842751502990723,16.079999923706055,16.290000915527344,16.020000457763672,16.190000534057617,102760800
2016-01-07,12.3795166015625,15.5,15.899999618530273,15.4399995803833,15.729999542236328,116255900
2016-01-08,12.139917373657227,15.199999809265137,15.9399995803833,15.15999984741211,15.9399995803833,124782400
2016-01-11,12.227767944335938,15.3100004196167,15.369999885559082,14.9399995803833,15.260000228881836,104611700
2016-01-12,12.227767944335938,15.3100004196167,15.579999923706055,15.0600004196167,15.539999961853027,100023500
2016-01-13,11.900312423706055,14.899999618530273,15.520000457763672,14.850000381469727,15.470000267028809,119413000
2016-01-14,11.97219467163086,14.989999771118164,15.199999809265137,14.649999618530273,15.010000228881836,125920000
2016-01-15,11.548893928527832,14.460000038146973,14.65999984741211,14.130000114440918,14.40999984741211,172296100
2016-01-19,11.373184204101562,14.239999771118164,14.789999961853027,14.010000228881836,14.6899995803833,185727400
2016-01-20,10.93390941619873,13.6899995803833,14.0,13.270000457763672,13.789999961853027,250537600
2016-01-21,10.670348167419434,13.359999656677246,13.84000015258789,13.25,13.670000076293945,188976000
2016-01-22,10.830083847045898,13.5600004196167,13.720000267028809,13.470000267028809,13.649999618530273,169999800
2016-01-25,10.350873947143555,12.960000038146973,13.550000190734863,12.9399995803833,13.539999961853027,186419100
2016-01-26,10.630412101745605,13.3100004196167,13.350000381469727,13.039999961853027,13.069999694824219,124246900
2016-01-27,10.670348167419434,13.359999656677246,13.729999542236328,13.1899995803833,13.199999809265137,124095800
2016-01-28,10.806119918823242,13.529999732971191,13.710000038146973,13.260000228881836,13.59000015258789,110996200
2016-01-29,11.293314933776855,14.140000343322754,14.149999618530273,13.59000015258789,13.65999984741211,159984100
2016-02-01,11.149553298950195,13.960000038146973,14.09000015258789,13.800000190734863,14.050000190734863,105739400
2016-02-02,10.566519737243652,13.229999542236328,13.75,13.130000114440918,13.739999771118164,147101200
2016-02-03,10.406782150268555,13.029999732971191,13.289999961853027,12.520000457763672,13.279999732971191,257664600
2016-02-04,10.582489967346191,13.25,13.59000015258789,12.890000343322754,12.890000343322754,179394400
2016-02-05,10.342888832092285,12.949999809265137,13.390000343322754,12.890000343322754,13.319999694824219,125842800
2016-02-08,9.799786567687988,12.270000457763672,12.699999809265137,12.130000114440918,12.670000076293945,221363600
2016-02-09,9.743881225585938,12.199999809265137,12.430000305175781,11.960000038146973,11.989999771118164,247349000
2016-02-10,9.568167686462402,11.979999542236328,12.539999961853027,11.90999984741211,12.420000076293945,227530000
2016-02-11,8.913249969482422,11.15999984741211,11.550000190734863,10.989999771118164,11.460000038146973,375088700
2016-02-12,9.544210433959961,11.949999809265137,12.029999732971191,11.399999618530273,11.479999542236328,245388400
2016-02-16,9.783815383911133,12.25,12.390000343322754,12.109999656677246,12.380000114440918,194306700
2016-02-17,10.031403541564941,12.5600004196167,12.6899995803833,12.470000267028809,12.569999694824219,221859400
2016-02-18,9.775826454162598,12.239999771118164,12.739999771118164,12.100000381469727,12.710000038146973,161539400
2016-02-19,9.687970161437988,12.130000114440918,12.239999771118164,11.979999542236328,12.220000267028809,121045600
2016-02-22,10.015429496765137,12.539999961853027,12.539999961853027,12.130000114440918,12.130000114440918,88865500
2016-02-23,9.711934089660645,12.15999984741211,12.479999542236328,12.100000381469727,12.470000267028809,104498700
2016-02-24,9.687970161437988,12.130000114440918,12.149999618530273,11.649999618530273,11.960000038146973,159552800
2016-02-25,9.839720726013184,12.319999694824219,12.329999923706055,12.09000015258789,12.140000343322754,103054600
2016-02-26,10.143218994140625,12.699999809265137,12.949999809265137,12.399999618530273,12.489999771118164,160314400
2016-02-29,9.999457359313965,12.520000457763672,12.859999656677246,12.510000228881836,12.699999809265137,123661100
2016-03-01,10.53457260131836,13.1899995803833,13.210000038146973,12.619999885559082,12.640000343322754,153558200
2016-03-02,10.751033782958984,13.40999984741211,13.510000228881836,13.130000114440918,13.199999809265137,139622500
2016-03-03,10.82319164276123,13.5,13.550000190734863,13.25,13.380000114440918,105082700
2016-03-04,10.85525894165039,13.539999961853027,13.890000343322754,13.489999771118164,13.760000228881836,171410900
2016-03-07,10.847238540649414,13.529999732971191,13.619999885559082,13.369999885559082,13.449999809265137,97650300
2016-03-08,10.470434188842773,13.0600004196167,13.470000267028809,13.050000190734863,13.399999618530273,125894800
2016-03-09,10.53457260131836,13.140000343322754,13.270000457763672,13.0,13.170000076293945,92253800
2016-03-10,10.6387939453125,13.270000457763672,13.399999618530273,13.0,13.229999542236328,123016200
2016-03-11,11.055686950683594,13.789999961853027,13.84000015258789,13.369999885559082,13.4399995803833,120400600
2016-03-14,10.935431480407715,13.640000343322754,13.739999771118164,13.489999771118164,13.720000267028809,87746800
2016-03-15,10.879310607910156,13.569999694824219,13.600000381469727,13.390000343322754,13.510000228881836,80404000
2016-03-16,10.670863151550293,13.3100004196167,13.8100004196167,13.09000015258789,13.510000228881836,149645400
2016-03-17,10.743017196655273,13.399999618530273,13.479999542236328,13.050000190734863,13.220000267028809,122212300
2016-03-18,11.055686950683594,13.789999961853027,13.880000114440918,13.550000190734863,13.680000305175781,146616200
2016-03-21,11.095772743225098,13.84000015258789,14.029999732971191,13.720000267028809,13.800000190734863,104695700
2016-03-22,11.031636238098145,13.760000228881836,13.84000015258789,13.630000114440918,13.670000076293945,83252100
2016-03-23,10.919394493103027,13.619999885559082,13.829999923706055,13.600000381469727,13.770000457763672,95789700
2016-03-24,10.967499732971191,13.680000305175781,13.6899995803833,13.270000457763672,13.40999984741211,94836500
2016-03-28,10.919394493103027,13.619999885559082,13.739999771118164,13.539999961853027,13.729999542236328,54498500
2016-03-29,10.759050369262695,13.420000076293945,13.539999961853027,13.260000228881836,13.539999961853027,101606800
2016-03-30,10.807153701782227,13.479999542236328,13.65999984741211,13.460000038146973,13.489999771118164,85897000
2016-03-31,10.839224815368652,13.520000457763672,13.710000038146973,13.449999809265137,13.489999771118164,79592100
2016-04-01,10.871291160583496,13.5600004196167,13.649999618530273,13.319999694824219,13.470000267028809,73130900
2016-04-04,10.831207275390625,13.510000228881836,13.649999618530273,13.40999984741211,13.539999961853027,59709600
2016-04-05,10.574658393859863,13.1899995803833,13.34000015258789,13.15999984741211,13.300000190734863,78445900
2016-04-06,10.6387939453125,13.270000457763672,13.300000190734863,13.109999656677246,13.199999809265137,62558500
2016-04-07,10.30207347869873,12.850000381469727,13.210000038146973,12.75,13.149999618530273,105704500
2016-04-08,10.326123237609863,12.880000114440918,13.140000343322754,12.859999656677246,13.029999732971191,76548100
2016-04-11,10.39827823638916,12.970000267028809,13.09000015258789,12.880000114440918,12.920000076293945,79411500
2016-04-12,10.6387939453125,13.270000457763672,13.329999923706055,12.930000305175781,13.0,100791600
2016-04-13,11.055686950683594,13.789999961853027,13.850000381469727,13.529999732971191,13.550000190734863,138647200
2016-04-14,11.336289405822754,14.140000343322754,14.279999732971191,13.699999809265137,13.710000038146973,179383300
2016-04-15,11.224048614501953,14.0,14.289999961853027,13.949999809265137,14.270000457763672,87958700
2016-04-18,11.360339164733887,14.170000076293945,14.239999771118164,13.819999694824219,13.850000381469727,81998200
2016-04-19,11.584823608398438,14.449999809265137,14.539999961853027,14.239999771118164,14.260000228881836,107153600
2016-04-20,11.969648361206055,14.930000305175781,14.9399995803833,14.529999732971191,14.5600004196167,115628700
2016-04-21,11.945592880249023,14.899999618530273,15.140000343322754,14.75,14.930000305175781,121589000
2016-04-22,12.113957405090332,15.109999656677246,15.140000343322754,14.869999885559082,14.869999885559082,83456600
2016-04-25,11.993697166442871,14.960000038146973,15.140000343322754,14.8100004196167,15.020000457763672,70489500
2016-04-26,12.097919464111328,15.09000015258789,15.140000343322754,14.800000190734863,15.020000457763672,84812400
2016-04-27,12.041799545288086,15.020000457763672,15.300000190734863,14.979999542236328,15.020000457763672,115789000
2016-04-28,11.857403755187988,14.789999961853027,15.079999923706055,14.760000228881836,14.920000076293945,78639300
2016-04-29,11.67301082611084,14.5600004196167,14.850000381469727,14.430000305175781,14.729999542236328,122128100
2016-05-02,11.841371536254883,14.770000457763672,14.779999732971191,14.399999618530273,14.579999923706055,68882800
2016-05-03,11.512663841247559,14.359999656677246,14.510000228881836,14.149999618530273,14.510000228881836,110549000
2016-05-04,11.328274726867676,14.130000114440918,14.270000457763672,14.0,14.09000015258789,99269700
2016-05-05,11.26413345336914,14.050000190734863,14.319999694824219,14.0,14.149999618530273,73145900
2016-05-06,11.312237739562988,14.109999656677246,14.140000343322754,13.800000190734863,13.829999923706055,76595100
2016-05-09,11.216032028198242,13.989999771118164,14.1899995803833,13.90999984741211,14.079999923706055,55399600
2016-05-10,11.46456527709961,14.300000190734863,14.329999923706055,14.050000190734863,14.079999923706055,59870500
2016-05-11,11.384391784667969,14.199999809265137,14.5,14.1899995803833,14.25,68088900
2016-05-12,11.336289405822754,14.140000343322754,14.470000267028809,14.050000190734863,14.300000190734863,72567100
2016-05-13,11.127842903137207,13.880000114440918,14.369999885559082,13.869999885559082,14.149999618530273,86193900
2016-05-16,11.167928695678711,13.930000305175781,14.020000457763672,13.800000190734863,13.819999694824219,57848600
2016-05-17,11.232067108154297,14.010000228881836,14.130000114440918,13.819999694824219,13.890000343322754,76273800
2016-05-18,11.777233123779297,14.6899995803833,14.75,14.010000228881836,14.020000457763672,150748500
2016-05-19,11.648959159851074,14.529999732971191,14.869999885559082,14.430000305175781,14.600000381469727,106156900
2016-05-20,11.640942573547363,14.520000457763672,14.699999809265137,14.430000305175781,14.640000343322754,81214000
2016-05-23,11.60085391998291,14.470000267028809,14.600000381469727,14.399999618530273,14.539999961853027,66303200
2016-05-24,11.769217491149902,14.680000305175781,14.75,14.529999732971191,14.600000381469727,96183700
2016-05-25,11.961630821228027,14.920000076293945,15.149999618530273,14.829999923706055,14.829999923706055,123498700
2016-05-26,11.785250663757324,14.699999809265137,14.989999771118164,14.6899995803833,14.979999542236328,65356600
2016-05-27,11.929560661315918,14.880000114440918,14.880000114440918,14.6899995803833,14.760000228881836,62411300
2016-05-31,11.857403755187988,14.789999961853027,15.050000190734863,14.729999542236328,15.029999732971191,85635900
2016-06-01,11.953938484191895,14.859999656677246,14.899999618530273,14.449999809265137,14.600000381469727,62612100
2016-06-02,12.018293380737305,14.9399995803833,14.979999542236328,14.770000457763672,14.949999809265137,64327300
2016-06-03,11.599985122680664,14.420000076293945,14.5,14.1899995803833,14.460000038146973,148600900
2016-06-06,11.680428504943848,14.520000457763672,14.699999809265137,14.369999885559082,14.4399995803833,80949300
2016-06-07,11.543675422668457,14.350000381469727,14.600000381469727,14.34000015258789,14.539999961853027,67447100
2016-06-08,11.608031272888184,14.430000305175781,14.460000038146973,14.300000190734863,14.350000381469727,58292900
2016-06-09,11.414966583251953,14.1899995803833,14.319999694824219,14.079999923706055,14.319999694824219,74814900
2016-06-10,11.125364303588867,13.829999923706055,14.0,13.75,13.979999542236328,90725700
2016-06-13,10.940346717834473,13.600000381469727,13.90999984741211,13.579999923706055,13.640000343322754,71925000
2016-06-14,10.666841506958008,13.260000228881836,13.729999542236328,13.170000076293945,13.5600004196167,85377800
2016-06-15,10.731193542480469,13.34000015258789,13.65999984741211,13.279999732971191,13.380000114440918,100659100
2016-06-16,10.707059860229492,13.3100004196167,13.329999923706055,13.020000457763672,13.229999542236328,90152000
2016-06-17,10.779458045959473,13.399999618530273,13.529999732971191,13.279999732971191,13.380000114440918,89022300
2016-06-20,10.892077445983887,13.539999961853027,13.850000381469727,13.510000228881836,13.739999771118164,89874000
2016-06-21,10.956438064575195,13.619999885559082,13.649999618530273,13.449999809265137,13.619999885559082,73810800
2016-06-22,10.948389053344727,13.609999656677246,13.779999732971191,13.59000015258789,13.600000381469727,77980500
2016-06-23,11.294295310974121,14.039999961853027,14.050000190734863,13.819999694824219,13.84000015258789,82494600
2016-06-24,10.457688331604004,13.0,13.4399995803833,12.970000267028809,13.050000190734863,231499200
2016-06-27,9.798047065734863,12.180000305175781,12.770000457763672,12.050000190734863,12.770000457763672,250847700
2016-06-28,10.216357231140137,12.699999809265137,12.720000267028809,12.350000381469727,12.569999694824219,150136300
2016-06-29,10.610529899597168,13.1899995803833,13.220000267028809,12.920000076293945,13.069999694824219,118484000
2016-06-30,10.674884796142578,13.270000457763672,13.380000114440918,13.069999694824219,13.369999885559082,125773900
2016-07-01,10.538127899169922,13.100000381469727,13.270000457763672,13.020000457763672,13.1899995803833,88888100
2016-07-05,10.248529434204102,12.739999771118164,12.9399995803833,12.630000114440918,12.930000305175781,98246500
2016-07-06,10.345062255859375,12.859999656677246,12.920000076293945,12.449999809265137,12.520000457763672,94983300
2016-07-07,10.465728759765625,13.010000228881836,13.109999656677246,12.84000015258789,12.869999885559082,101100300
2016-07-08,10.594441413879395,13.170000076293945,13.319999694824219,13.109999656677246,13.279999732971191,92698900
2016-07-11,10.626618385314941,13.210000038146973,13.399999618530273,13.199999809265137,13.289999961853027,67267300
2016-07-12,10.892077445983887,13.539999961853027,13.600000381469727,13.399999618530273,13.40999984741211,89070600
2016-07-13,10.811639785766602,13.4399995803833,13.579999923706055,13.319999694824219,13.5,74595600
2016-07-14,10.980566024780273,13.649999618530273,13.779999732971191,13.640000343322754,13.729999542236328,97852100
2016-07-15,10.988612174987793,13.65999984741211,13.789999961853027,13.520000457763672,13.779999732971191,78652500
2016-07-18,11.350610733032227,14.109999656677246,14.229999542236328,13.819999694824219,13.84000015258789,187187100
2016-07-19,11.471277236938477,14.260000228881836,14.369999885559082,14.029999732971191,14.0600004196167,96940100
2016-07-20,11.58389663696289,14.399999618530273,14.430000305175781,14.260000228881836,14.350000381469727,79277900
2016-07-21,11.479320526123047,14.270000457763672,14.470000267028809,14.260000228881836,14.430000305175781,65376300
2016-07-22,11.567809104919434,14.380000114440918,14.399999618530273,14.180000305175781,14.260000228881836,46604800
2016-07-25,11.559764862060547,14.369999885559082,14.390000343322754,14.279999732971191,14.3100004196167,46420800
2016-07-26,11.688472747802734,14.529999732971191,14.550000190734863,14.3100004196167,14.319999694824219,60205600
2016-07-27,11.768919944763184,14.630000114440918,14.699999809265137,14.449999809265137,14.569999694824219,100986000
2016-07-28,11.809141159057617,14.680000305175781,14.6899995803833,14.460000038146973,14.569999694824219,72049500
2016-07-29,11.656299591064453,14.489999771118164,14.699999809265137,14.479999542236328,14.5600004196167,63276500
2016-08-01,11.527587890625,14.329999923706055,14.600000381469727,14.260000228881836,14.520000457763672,61460900
2016-08-02,11.366700172424316,14.130000114440918,14.449999809265137,14.09000015258789,14.279999732971191,83776300
2016-08-03,11.648253440856934,14.479999542236328,14.479999542236328,14.100000381469727,14.109999656677246,65305400
2016-08-04,11.648253440856934,14.479999542236328,14.539999961853027,14.359999656677246,14.479999542236328,46176600
2016-08-05,12.106781959533691,15.050000190734863,15.0600004196167,14.75,14.75,120947800
2016-08-08,12.171136856079102,15.130000114440918,15.170000076293945,14.920000076293945,15.079999923706055,71960300
2016-08-09,12.219403266906738,15.1899995803833,15.1899995803833,15.069999694824219,15.109999656677246,49973300
2016-08-10,11.913713455200195,14.8100004196167,15.180000305175781,14.779999732971191,15.15999984741211,79080700
2016-08-11,11.970025062561035,14.880000114440918,14.970000267028809,14.75,14.829999923706055,68945400
2016-08-12,11.994161605834961,14.90999984741211,14.90999984741211,14.699999809265137,14.770000457763672,63031300
2016-08-15,12.082646369934082,15.020000457763672,15.029999732971191,14.949999809265137,14.970000267028809,48592100
2016-08-16,12.203313827514648,15.170000076293945,15.1899995803833,14.930000305175781,14.970000267028809,80307500
2016-08-17,12.187223434448242,15.149999618530273,15.239999771118164,15.079999923706055,15.15999984741211,93407300
2016-08-18,12.195269584655762,15.15999984741211,15.239999771118164,15.0600004196167,15.109999656677246,62804300
2016-08-19,12.243535995483398,15.220000267028809,15.25,15.050000190734863,15.130000114440918,59834800
2016-08-22,12.211359977722168,15.180000305175781,15.25,15.119999885559082,15.199999809265137,60877100
2016-08-23,12.348114967346191,15.350000381469727,15.40999984741211,15.260000228881836,15.260000228881836,67817900
2016-08-24,12.38833236694336,15.399999618530273,15.5,15.359999656677246,15.369999885559082,65484900
2016-08-25,12.49290657043457,15.529999732971191,15.539999961853027,15.399999618530273,15.420000076293945,67714400
2016-08-26,12.70206356048584,15.789999961853027,15.899999618530273,15.579999923706055,15.609999656677246,126886300
2016-08-29,12.74228572845459,15.84000015258789,16.010000228881836,15.779999732971191,15.8100004196167,120144900
2016-08-30,13.023841857910156,16.190000534057617,16.229999542236328,15.800000190734863,15.84000015258789,121280600
2016-08-31,13.044042587280273,16.139999389648438,16.239999771118164,15.880000114440918,16.209999084472656,127664300
2016-09-01,12.914732933044434,15.979999542236328,16.149999618530273,15.75,16.149999618530273,128812600
2016-09-02,12.930898666381836,16.0,16.059999465942383,15.819999694824219,15.9399995803833,100997300
2016-09-06,12.753097534179688,15.779999732971191,16.059999465942383,15.699999809265137,16.049999237060547,96542200
2016-09-07,12.688446998596191,15.699999809265137,15.850000381469727,15.649999618530273,15.720000267028809,63310300
2016-09-08,12.817753791809082,15.859999656677246,15.9399995803833,15.680000305175781,15.770000457763672,69292700
2016-09-09,12.720771789550781,15.739999771118164,16.149999618530273,15.739999771118164,15.90999984741211,135182500
2016-09-12,12.850081443786621,15.899999618530273,15.9399995803833,15.479999542236328,15.649999618530273,109724000
2016-09-13,12.704609870910645,15.720000267028809,15.859999656677246,15.550000190734863,15.670000076293945,89317600
2016-09-14,12.631871223449707,15.630000114440918,15.84000015258789,15.5600004196167,15.670000076293945,75528100
2016-09-15,12.664198875427246,15.670000076293945,15.75,15.579999923706055,15.640000343322754,67322600
2016-09-16,12.518728256225586,15.489999771118164,15.680000305175781,15.479999542236328,15.65999984741211,90926200
2016-09-19,12.5995454788208,15.59000015258789,15.779999732971191,15.550000190734863,15.550000190734863,66186400
2016-09-20,12.60762882232666,15.600000381469727,15.760000228881836,15.510000228881836,15.739999771118164,68210400
2016-09-21,12.648036003112793,15.649999618530273,15.829999923706055,15.390000343322754,15.710000038146973,95464600
2016-09-22,12.60762882232666,15.600000381469727,15.710000038146973,15.5,15.6899995803833,75611300
2016-09-23,12.542973518371582,15.520000457763672,15.670000076293945,15.5,15.529999732971191,51604400
2016-09-26,12.195454597473145,15.09000015258789,15.4399995803833,15.020000457763672,15.399999618530273,94972100
2016-09-27,12.357091903686523,15.289999961853027,15.34000015258789,14.8100004196167,15.010000228881836,81992600
2016-09-28,12.429828643798828,15.380000114440918,15.390000343322754,15.149999618530273,15.359999656677246,66076400
2016-09-29,12.25202465057373,15.15999984741211,15.5,15.0600004196167,15.380000114440918,78997700
2016-09-30,12.648036003112793,15.649999618530273,15.729999542236328,15.170000076293945,15.260000228881836,119428700
2016-10-03,12.631871223449707,15.630000114440918,15.729999542236328,15.5,15.59000015258789,69873100
2016-10-04,12.769261360168457,15.800000190734863,16.049999237060547,15.670000076293945,15.699999809265137,98501500
2016-10-05,13.019798278808594,16.110000610351562,16.229999542236328,15.960000038146973,15.960000038146973,86056900
2016-10-06,13.108696937561035,16.219999313354492,16.229999542236328,16.040000915527344,16.170000076293945,75886700
2016-10-07,13.03596305847168,16.1299991607666,16.25,15.979999542236328,16.190000534057617,99605400
2016-10-10,13.173352241516113,16.299999237060547,16.399999618530273,16.18000030517578,16.219999313354492,64158500
2016-10-11,13.019798278808594,16.110000610351562,16.329999923706055,16.020000457763672,16.260000228881836,77374000
2016-10-12,12.9551420211792,16.030000686645508,16.239999771118164,16.010000228881836,16.09000015258789,67165800
2016-10-13,12.793508529663086,15.829999923706055,16.09000015258789,15.600000381469727,16.09000015258789,78637000
2016-10-14,12.930898666381836,16.0,16.229999542236328,15.9399995803833,16.149999618530273,108865700
2016-10-17,12.971307754516602,16.049999237060547,16.200000762939453,15.899999618530273,16.170000076293945,101795500
2016-10-18,13.14102840423584,16.260000228881836,16.270000457763672,16.110000610351562,16.190000534057617,71433100
2016-10-19,13.310742378234863,16.469999313354492,16.530000686645508,16.280000686645508,16.299999237060547,97969000
2016-10-20,13.383477210998535,16.559999465942383,16.6299991607666,16.40999984741211,16.450000762939453,88081200
2016-10-21,13.472379684448242,16.670000076293945,16.670000076293945,16.399999618530273,16.459999084472656,77954900
2016-10-24,13.55319595336914,16.770000457763672,16.799999237060547,16.610000610351562,16.75,68244800
2016-10-25,13.512785911560059,16.719999313354492,16.81999969482422,16.68000030517578,16.709999084472656,49350300
2016-10-26,13.634016990661621,16.8700008392334,16.8700008392334,16.6200008392334,16.639999389648438,58730400
2016-10-27,13.66634464263916,16.90999984741211,17.100000381469727,16.860000610351562,16.950000762939453,97937300
2016-10-28,13.480460166931152,16.68000030517578,16.979999542236328,16.5,16.950000762939453,115123600
2016-10-31,13.334990501403809,16.5,16.729999542236328,16.5,16.68000030517578,70387600
2016-11-01,13.423888206481934,16.610000610351562,16.75,16.329999923706055,16.559999465942383,88587100
2016-11-02,13.318825721740723,16.479999542236328,16.559999465942383,16.280000686645508,16.459999084472656,119202000
2016-11-03,13.318825721740723,16.479999542236328,16.670000076293945,16.450000762939453,16.479999542236328,69690400
2016-11-04,13.375396728515625,16.549999237060547,16.709999084472656,16.350000381469727,16.530000686645508,82437400
2016-11-07,13.747162818908691,17.010000228881836,17.040000915527344,16.850000381469727,16.860000610351562,91581900
2016-11-08,13.739078521728516,17.0,17.110000610351562,16.709999084472656,16.81999969482422,95842800
2016-11-09,14.523015022277832,17.969999313354492,18.049999237060547,17.399999618530273,17.65999984741211,319516900
2016-11-10,15.161476135253906,18.760000228881836,18.989999771118164,18.25,18.260000228881836,304986400
2016-11-11,15.37160587310791,19.020000457763672,19.030000686645508,18.6299991607666,18.639999389648438,212952500
2016-11-14,16.2282772064209,20.079999923706055,20.200000762939453,19.399999618530273,19.40999984741211,320959900
2016-11-15,16.292936325073242,20.15999984741211,20.18000030517578,19.600000381469727,19.790000915527344,190293100
2016-11-16,15.961573600769043,19.75,19.959999084472656,19.68000030517578,19.780000686645508,126734500
2016-11-17,16.2282772064209,20.079999923706055,20.219999313354492,19.700000762939453,19.760000228881836,167979200
2016-11-18,16.16362953186035,20.0,20.139999389648438,19.8700008392334,20.059999465942383,120620200
2016-11-21,16.43031883239746,20.329999923706055,20.350000381469727,20.010000228881836,20.100000381469727,117479100
2016-11-22,16.406078338623047,20.299999237060547,20.469999313354492,20.1200008392334,20.329999923706055,104771800
2016-11-23,16.61620330810547,20.559999465942383,20.65999984741211,20.200000762939453,20.420000076293945,110801300
2016-11-25,16.858659744262695,20.860000610351562,20.8799991607666,20.5,20.6200008392334,62610400
2016-11-28,16.406078338623047,20.299999237060547,20.850000381469727,20.25,20.670000076293945,108651200
2016-11-29,16.39799690246582,20.290000915527344,20.540000915527344,20.25,20.3799991607666,114216800
2016-11-30,17.13211441040039,21.1200008392334,21.190000534057617,20.719999313354492,20.770000457763672,191699600
2016-12-01,17.440364837646484,21.5,21.940000534057617,21.34000015258789,21.420000076293945,199233900
2016-12-02,17.22134017944336,21.229999542236328,21.5,21.020000457763672,21.489999771118164,128468700
2016-12-05,17.716156005859375,21.84000015258789,21.8700008392334,21.459999084472656,21.469999313354492,130377300
2016-12-06,17.97574234008789,22.15999984741211,22.15999984741211,21.719999313354492,22.09000015258789,120789200
2016-12-07,18.308324813842773,22.56999969482422,22.56999969482422,21.950000762939453,22.190000534057617,168005200
2016-12-08,18.6165714263916,22.950000762939453,23.239999771118164,22.690000534057617,22.790000915527344,182693900
2016-12-09,18.730134963989258,23.09000015258789,23.170000076293945,22.780000686645508,22.950000762939453,130590400
2016-12-12,18.340770721435547,22.610000610351562,23.25,22.540000915527344,23.0,136986000
2016-12-13,18.340770721435547,22.610000610351562,22.8799991607666,22.290000915527344,22.799999237060547,118204100
2016-12-14,18.389440536499023,22.670000076293945,23.299999237060547,22.209999084472656,22.309999465942383,225340900
2016-12-15,18.786916732788086,23.15999984741211,23.389999389648438,22.799999237060547,22.899999618530273,162025800
2016-12-16,18.381336212158203,22.65999984741211,23.31999969482422,22.649999618530273,23.15999984741211,147497700
2016-12-19,18.235313415527344,22.479999542236328,22.719999313354492,22.329999923706055,22.600000381469727,97508900
2016-12-20,18.42188835144043,22.709999084472656,22.829999923706055,22.610000610351562,22.6299991607666,83879500
2016-12-21,18.356996536254883,22.6299991607666,22.719999313354492,22.469999313354492,22.719999313354492,61079100
2016-12-22,18.283987045288086,22.540000915527344,22.729999542236328,22.469999313354492,22.600000381469727,67123500
2016-12-23,18.332660675048828,22.600000381469727,22.649999618530273,22.43000030517578,22.510000228881836,38187800
2016-12-27,18.340770721435547,22.610000610351562,22.739999771118164,22.540000915527344,22.709999084472656,39988600
2016-12-28,18.113637924194336,22.329999923706055,22.670000076293945,22.260000228881836,22.6200008392334,52652900
2016-12-29,17.845951080322266,22.0,22.389999389648438,21.770000457763672,22.329999923706055,79188400
2016-12-30,17.927064895629883,22.100000381469727,22.260000228881836,21.950000762939453,22.020000457763672,72605900
2017-01-03,18.2758731842041,22.530000686645508,22.68000030517578,22.200000762939453,22.600000381469727,99298100
2017-01-04,18.6165714263916,22.950000762939453,22.959999084472656,22.600000381469727,22.719999313354492,76875100
2017-01-05,18.39755630493164,22.68000030517578,22.93000030517578,22.350000381469727,22.81999969482422,86826400
2017-01-06,18.39755630493164,22.68000030517578,22.850000381469727,22.559999465942383,22.780000686645508,66281500
2017-01-09,18.292102813720703,22.549999237060547,22.709999084472656,22.399999618530273,22.510000228881836,75901500
2017-01-10,18.60845947265625,22.940000534057617,23.139999389648438,22.540000915527344,22.59000015258789,100977700
2017-01-11,18.71390724182129,23.06999969482422,23.06999969482422,22.719999313354492,22.940000534057617,92385600
2017-01-12,18.592239379882812,22.920000076293945,23.1200008392334,22.610000610351562,23.010000228881836,120474200
2017-01-13,18.66524314880371,23.010000228881836,23.40999984741211,22.799999237060547,23.209999084472656,161930900
2017-01-17,17.88650894165039,22.049999237060547,22.790000915527344,22.010000228881836,22.68000030517578,152495900
2017-01-18,18.356996536254883,22.6299991607666,22.649999618530273,22.100000381469727,22.299999237060547,124366000
2017-01-19,18.2758731842041,22.530000686645508,22.809999465942383,22.40999984741211,22.729999542236328,75990800
2017-01-20,18.365102767944336,22.639999389648438,22.93000030517578,22.520000457763672,22.65999984741211,102564900
2017-01-23,18.30021095275879,22.559999465942383,22.760000228881836,22.420000076293945,22.6200008392334,61385600
2017-01-24,18.6165714263916,22.950000762939453,23.100000381469727,22.479999542236328,22.610000610351562,98508700
2017-01-25,18.95726776123047,23.3700008392334,23.420000076293945,23.100000381469727,23.31999969482422,99753300
2017-01-26,19.014049530029297,23.440000534057617,23.549999237060547,23.280000686645508,23.40999984741211,84146400
2017-01-27,18.949161529541016,23.360000610351562,23.450000762939453,23.280000686645508,23.43000030517578,54590200
2017-01-30,18.6165714263916,22.950000762939453,23.200000762939453,22.709999084472656,23.200000762939453,91561200
2017-01-31,18.365102767944336,22.639999389648438,23.030000686645508,22.5,22.770000457763672,91044300
2017-02-01,18.567907333374023,22.889999389648438,23.219999313354492,22.81999969482422,22.969999313354492,103630900
2017-02-02,18.43000030517578,22.719999313354492,22.790000915527344,22.510000228881836,22.739999771118164,88679100
2017-02-03,18.892375946044922,23.290000915527344,23.350000381469727,22.950000762939453,23.149999618530273,116035100
2017-02-06,18.754472732543945,23.1200008392334,23.3799991607666,23.06999969482422,23.149999618530273,92228400
2017-02-07,18.576013565063477,22.899999618530273,23.290000915527344,22.860000610351562,23.280000686645508,87982900
2017-02-08,18.389440536499023,22.670000076293945,22.729999542236328,22.450000762939453,22.729999542236328,102264500
2017-02-09,18.754472732543945,23.1200008392334,23.149999618530273,22.639999389648438,22.760000228881836,102634200
2017-02-10,18.722021102905273,23.079999923706055,23.239999771118164,22.959999084472656,23.190000534057617,90548300
2017-02-13,18.981609344482422,23.399999618530273,23.540000915527344,23.170000076293945,23.170000076293945,105342500
2017-02-14,19.516983032226562,24.059999465942383,24.170000076293945,23.329999923706055,23.399999618530273,139711400
2017-02-15,19.938796997070312,24.579999923706055,24.770000457763672,24.110000610351562,24.34000015258789,151233300
2017-02-16,19.938796997070312,24.579999923706055,24.6200008392334,24.299999237060547,24.540000915527344,98144500
2017-02-17,19.890127182006836,24.520000457763672,24.579999923706055,24.200000762939453,24.280000686645508,85789200
2017-02-21,20.101028442382812,24.780000686645508,24.799999237060547,24.579999923706055,24.59000015258789,78571500
2017-02-22,20.109146118164062,24.790000915527344,24.950000762939453,24.540000915527344,24.610000610351562,81531900
2017-02-23,19.938796997070312,24.579999923706055,24.889999389648438,24.510000228881836,24.790000915527344,85846000
2017-02-24,19.654882431030273,24.229999542236328,24.350000381469727,24.020000457763672,24.1200008392334,97074400
2017-02-27,19.93068504333496,24.56999969482422,24.65999984741211,24.190000534057617,24.200000762939453,69129100
2017-02-28,20.01991081237793,24.68000030517578,24.700000762939453,24.420000076293945,24.479999542236328,90242000
2017-03-01,20.74813461303711,25.5,25.610000610351562,25.219999313354492,25.3700008392334,143947500
2017-03-02,20.528440475463867,25.229999542236328,25.799999237060547,25.200000762939453,25.68000030517578,99824600
2017-03-03,20.699312210083008,25.440000534057617,25.649999618530273,25.299999237060547,25.299999237060547,92456100
2017-03-06,20.544719696044922,25.25,25.350000381469727,25.079999923706055,25.329999923706055,75660400
2017-03-07,20.512168884277344,25.209999084472656,25.360000610351562,25.100000381469727,25.219999313354492,64053700
2017-03-08,20.5528507232666,25.260000228881836,25.770000457763672,25.219999313354492,25.600000381469727,105314600
2017-03-09,20.626079559326172,25.350000381469727,25.530000686645508,25.229999542236328,25.350000381469727,78984600
2017-03-10,20.59354019165039,25.309999465942383,25.6200008392334,25.09000015258789,25.6200008392334,86998800
2017-03-13,20.585397720336914,25.299999237060547,25.40999984741211,25.1299991607666,25.299999237060547,56886200
2017-03-14,20.60167694091797,25.31999969482422,25.34000015258789,25.049999237060547,25.190000534057617,63182700
2017-03-15,20.487760543823242,25.18000030517578,25.549999237060547,24.959999084472656,25.389999389648438,114662700
2017-03-16,20.520307540893555,25.219999313354492,25.489999771118164,25.190000534057617,25.239999771118164,70306200
2017-03-17,20.22739028930664,24.860000610351562,25.270000457763672,24.829999923706055,25.219999313354492,105222400
2017-03-20,19.88566017150879,24.440000534057617,24.760000228881836,24.420000076293945,24.579999923706055,87287500
2017-03-21,18.730274200439453,23.020000457763672,24.559999465942383,22.950000762939453,24.5,259545800
2017-03-22,18.665176391601562,22.940000534057617,23.18000030517578,22.450000762939453,22.649999618530273,167984400
2017-03-23,18.770952224731445,23.06999969482422,23.489999771118164,22.90999984741211,23.040000915527344,111666800
2017-03-24,18.811635971069336,23.1200008392334,23.350000381469727,22.760000228881836,23.200000762939453,113499100
2017-03-27,18.738407135009766,23.030000686645508,23.049999237060547,22.15999984741211,22.280000686645508,119513500
2017-03-28,19.104555130004883,23.479999542236328,23.670000076293945,23.0,23.010000228881836,95761700
2017-03-29,18.9987735748291,23.350000381469727,23.649999618530273,23.309999465942383,23.510000228881836,67204500
2017-03-30,19.421876907348633,23.8700008392334,23.979999542236328,23.329999923706055,23.3799991607666,79189200
2017-03-31,19.194049835205078,23.59000015258789,23.969999313354492,23.59000015258789,23.829999923706055,77158300
2017-04-03,19.194049835205078,23.59000015258789,23.75,23.079999923706055,23.649999618530273,88076600
2017-04-04,19.072004318237305,23.440000534057617,23.510000228881836,23.200000762939453,23.200000762939453,75244400
2017-04-05,18.852317810058594,23.170000076293945,23.8799991607666,23.149999618530273,23.770000457763672,97453300
2017-04-06,18.92555046081543,23.260000228881836,23.459999084472656,22.959999084472656,23.170000076293945,82975200
2017-04-07,18.84418487548828,23.15999984741211,23.34000015258789,22.93000030517578,23.030000686645508,79519400
2017-04-10,18.730274200439453,23.020000457763672,23.280000686645508,22.90999984741211,23.1299991607666,63254700
2017-04-11,18.64890480041504,22.920000076293945,22.950000762939453,22.579999923706055,22.829999923706055,94206700
2017-04-12,18.429222106933594,22.649999618530273,22.940000534057617,22.610000610351562,22.8799991607666,76556300
2017-04-13,18.17698860168457,22.34000015258789,22.959999084472656,22.34000015258789,22.559999465942383,88061800
2017-04-17,18.559406280517578,22.809999465942383,22.829999923706055,22.260000228881836,22.360000610351562,85053200
2017-04-18,18.47804069519043,22.709999084472656,23.149999618530273,22.3799991607666,23.110000610351562,146488400
2017-04-19,18.502456665039062,22.739999771118164,23.149999618530273,22.68000030517578,22.920000076293945,101771800
2017-04-20,18.770952224731445,23.06999969482422,23.170000076293945,22.81999969482422,22.959999084472656,103802600
2017-04-21,18.47804069519043,22.709999084472656,23.079999923706055,22.59000015258789,23.030000686645508,127235400
2017-04-24,19.22660255432129,23.6299991607666,23.850000381469727,23.239999771118164,23.239999771118164,138638900
2017-04-25,19.511381149291992,23.979999542236328,24.350000381469727,23.90999984741211,23.989999771118164,131531100
2017-04-26,19.43815040588379,23.889999389648438,24.190000534057617,23.860000610351562,24.0,95172200
2017-04-27,19.242874145507812,23.649999618530273,23.93000030517578,23.459999084472656,23.899999618530273,80024200
2017-04-28,18.990644454956055,23.34000015258789,23.719999313354492,23.31999969482422,23.56999969482422,69384900
2017-05-01,19.2103271484375,23.610000610351562,23.770000457763672,23.350000381469727,23.520000457763672,72382900
2017-05-02,19.145238876342773,23.530000686645508,23.670000076293945,23.329999923706055,23.610000610351562,60262600
2017-05-03,19.34050941467285,23.770000457763672,23.780000686645508,23.34000015258789,23.3700008392334,64272800
2017-05-04,19.40560531616211,23.850000381469727,24.049999237060547,23.729999542236328,23.979999542236328,68133400
2017-05-05,19.316102981567383,23.739999771118164,23.989999771118164,23.600000381469727,23.979999542236328,56678800
2017-05-08,19.495105743408203,23.959999084472656,24.059999465942383,23.75,23.75,56016500
2017-05-09,19.511381149291992,23.979999542236328,24.309999465942383,23.8700008392334,24.030000686645508,61622000
2017-05-10,19.649700164794922,24.149999618530273,24.170000076293945,23.8700008392334,23.90999984741211,48495300
2017-05-11,19.58460235595703,24.06999969482422,24.229999542236328,23.84000015258789,24.100000381469727,68350800
2017-05-12,19.527660369873047,24.0,24.0,23.75,23.920000076293945,62589000
2017-05-15,19.57647132873535,24.059999465942383,24.139999389648438,23.979999542236328,24.059999465942383,50688800
2017-05-16,19.519519805908203,23.989999771118164,24.170000076293945,23.940000534057617,24.06999969482422,55774800
2017-05-17,18.364131927490234,22.56999969482422,23.450000762939453,22.459999084472656,23.3700008392334,190353300
2017-05-18,18.502456665039062,22.739999771118164,23.0,22.5,22.610000610351562,108444100
2017-05-19,18.75467872619629,23.049999237060547,23.299999237060547,22.8700008392334,22.90999984741211,89566700
2017-05-22,18.74654197692871,23.040000915527344,23.239999771118164,22.81999969482422,23.190000534057617,74839400
2017-05-23,19.031328201293945,23.389999389648438,23.5,22.84000015258789,23.030000686645508,79020000
2017-05-24,19.00691795349121,23.360000610351562,23.469999313354492,23.219999313354492,23.440000534057617,58823200
2017-05-25,18.91741371154785,23.25,23.579999923706055,23.219999313354492,23.40999984741211,60443500
2017-05-26,18.90928077697754,23.239999771118164,23.420000076293945,23.170000076293945,23.229999542236328,50399500
2017-05-30,18.64077377319336,22.90999984741211,23.209999084472656,22.8799991607666,23.1299991607666,61307900
2017-05-31,18.293832778930664,22.40999984741211,22.799999237060547,22.09000015258789,22.780000686645508,138636300
2017-06-01,18.473424911499023,22.6299991607666,22.639999389648438,22.299999237060547,22.479999542236328,69725100
2017-06-02,18.326486587524414,22.450000762939453,22.59000015258789,22.15999984741211,22.270000457763672,79722300
2017-06-05,18.293832778930664,22.40999984741211,22.700000762939453,22.389999389648438,22.440000534057617,51590300
2017-06-06,18.146896362304688,22.229999542236328,22.40999984741211,22.06999969482422,22.200000762939453,71735600
2017-06-07,18.448936462402344,22.600000381469727,22.6200008392334,22.270000457763672,22.299999237060547,66429700
2017-06-08,18.7509765625,22.969999313354492,23.209999084472656,22.600000381469727,22.6200008392334,93685900
2017-06-09,19.32240104675293,23.670000076293945,23.670000076293945,23.209999084472656,23.219999313354492,108254300
2017-06-12,19.412199020385742,23.780000686645508,24.040000915527344,23.729999542236328,23.81999969482422,85829900
2017-06-13,19.404041290283203,23.770000457763672,24.110000610351562,23.65999984741211,23.950000762939453,68047300
2017-06-14,19.3958740234375,23.760000228881836,23.809999465942383,23.200000762939453,23.549999237060547,102352400
2017-06-15,19.216283798217773,23.540000915527344,23.950000762939453,23.469999313354492,23.549999237060547,69707500
2017-06-16,19.126483917236328,23.43000030517578,23.6200008392334,23.3700008392334,23.559999465942383,57745800
2017-06-19,19.51831817626953,23.90999984741211,24.0,23.600000381469727,23.610000610351562,58587800
2017-06-20,19.17546844482422,23.489999771118164,23.989999771118164,23.479999542236328,23.90999984741211,59693500
2017-06-21,18.88158416748047,23.1299991607666,23.56999969482422,23.06999969482422,23.5,72432800
2017-06-22,18.718320846557617,22.93000030517578,23.200000762939453,22.899999618530273,23.1200008392334,64763300
2017-06-23,18.628524780273438,22.81999969482422,23.110000610351562,22.739999771118164,23.110000610351562,85399600
2017-06-26,18.685672760009766,22.889999389648438,23.139999389648438,22.729999542236328,22.90999984741211,61307800
2017-06-27,18.995866775512695,23.270000457763672,23.600000381469727,23.0,23.100000381469727,88257800
2017-06-28,19.493825912475586,23.8799991607666,23.959999084472656,23.530000686645508,23.530000686645508,119049300
2017-06-29,19.853015899658203,24.31999969482422,24.670000076293945,24.040000915527344,24.579999923706055,150501200
2017-06-30,19.80402946472168,24.260000228881836,24.6200008392334,24.170000076293945,24.6200008392334,84005200
2017-07-03,20.146892547607422,24.68000030517578,24.90999984741211,24.440000534057617,24.459999084472656,58129700
2017-07-05,20.342811584472656,24.920000076293945,24.950000762939453,24.6200008392334,24.799999237060547,76172500
2017-07-06,20.17137908935547,24.709999084472656,25.110000610351562,24.690000534057617,24.899999618530273,84465400
2017-07-07,20.269338607788086,24.829999923706055,25.0,24.649999618530273,24.920000076293945,54478800
2017-07-10,20.31831932067871,24.889999389648438,24.989999771118164,24.639999389648438,24.719999313354492,54632800
2017-07-11,20.081588745117188,24.600000381469727,24.90999984741211,24.459999084472656,24.8799991607666,69410600
2017-07-12,19.877500534057617,24.350000381469727,24.600000381469727,24.299999237060547,24.420000076293945,68708700
2017-07-13,20.09790802001953,24.6200008392334,24.6299991607666,24.3700008392334,24.43000030517578,55533400
2017-07-14,19.763214111328125,24.209999084472656,24.31999969482422,23.81999969482422,24.200000762939453,92625400
2017-07-17,19.608116149902344,24.020000457763672,24.219999313354492,23.93000030517578,24.219999313354492,81522000
2017-07-18,19.51015281677246,23.899999618530273,24.059999465942383,23.610000610351562,23.90999984741211,107981400
2017-07-19,19.64076805114746,24.059999465942383,24.200000762939453,23.809999465942383,24.049999237060547,74140100
2017-07-20,19.54281234741211,23.940000534057617,24.1200008392334,23.829999923706055,24.020000457763672,62793500
2017-07-21,19.42852210998535,23.799999237060547,23.959999084472656,23.65999984741211,23.84000015258789,65922500
2017-07-24,19.51831817626953,23.90999984741211,24.030000686645508,23.729999542236328,23.739999771118164,51382700
2017-07-25,19.983627319335938,24.479999542236328,24.670000076293945,24.239999771118164,24.25,86154700
2017-07-26,19.763214111328125,24.209999084472656,24.670000076293945,24.139999389648438,24.670000076293945,65704700
2017-07-27,19.681589126586914,24.110000610351562,24.450000762939453,24.030000686645508,24.260000228881836,62902100
2017-07-28,19.61627960205078,24.030000686645508,24.209999084472656,23.959999084472656,24.049999237060547,50143400
2017-07-31,19.68975067138672,24.1200008392334,24.299999237060547,24.09000015258789,24.1200008392334,62272000
2017-08-01,19.959135055541992,24.450000762939453,24.489999771118164,24.270000457763672,24.290000915527344,52782500
2017-08-02,20.073421478271484,24.59000015258789,24.59000015258789,24.260000228881836,24.440000534057617,55317100
2017-08-03,19.893831253051758,24.3700008392334,24.600000381469727,24.31999969482422,24.549999237060547,53210600
2017-08-04,20.383623123168945,24.969999313354492,25.079999923706055,24.649999618530273,24.68000030517578,105206600
2017-08-07,20.375459671020508,24.959999084472656,25.049999237060547,24.899999618530273,25.010000228881836,41860900
2017-08-08,20.32648468017578,24.899999618530273,25.350000381469727,24.81999969482422,24.950000762939453,73399300
2017-08-09,20.195871353149414,24.739999771118164,24.770000457763672,24.459999084472656,24.600000381469727,56910400
2017-08-10,19.68975067138672,24.1200008392334,24.579999923706055,24.09000015258789,24.579999923706055,78023700
2017-08-11,19.477502822875977,23.860000610351562,24.239999771118164,23.799999237060547,24.06999969482422,68157400
2017-08-14,19.93464469909668,24.420000076293945,24.489999771118164,24.170000076293945,24.229999542236328,54989500
2017-08-15,19.9754638671875,24.469999313354492,24.850000381469727,24.450000762939453,24.75,45143200
2017-08-16,19.74688720703125,24.190000534057617,24.6200008392334,24.079999923706055,24.540000915527344,59188900
2017-08-17,19.29791259765625,23.639999389648438,24.170000076293945,23.6200008392334,24.06999969482422,78969300
2017-08-18,19.281585693359375,23.6200008392334,23.899999618530273,23.450000762939453,23.559999465942383,60461200
2017-08-21,19.085670471191406,23.3799991607666,23.639999389648438,23.139999389648438,23.579999923706055,70124800
2017-08-22,19.453018188476562,23.829999923706055,23.889999389648438,23.56999969482422,23.600000381469727,59228600
2017-08-23,19.3958740234375,23.760000228881836,23.969999313354492,23.59000015258789,23.610000610351562,39825500
2017-08-24,19.46117401123047,23.84000015258789,23.940000534057617,23.68000030517578,23.93000030517578,39178700
2017-08-25,19.404041290283203,23.770000457763672,24.06999969482422,23.75,23.889999389648438,43511900
2017-08-28,19.363218307495117,23.719999313354492,23.899999618530273,23.56999969482422,23.84000015258789,37155000
2017-08-29,19.248931884765625,23.579999923706055,23.700000762939453,23.1200008392334,23.219999313354492,60897200
2017-08-30,19.58534049987793,23.8700008392334,24.040000915527344,23.559999465942383,23.729999542236328,58412900
2017-08-31,19.60174560546875,23.889999389648438,24.040000915527344,23.780000686645508,24.030000686645508,62362400
2017-09-01,19.765840530395508,24.09000015258789,24.18000030517578,23.799999237060547,23.899999618530273,56233900
2017-09-05,19.1258544921875,23.309999465942383,23.829999923706055,23.229999542236328,23.829999923706055,108605400
2017-09-06,19.207908630371094,23.40999984741211,23.579999923706055,23.209999084472656,23.489999771118164,64188900
2017-09-07,18.846885681152344,22.969999313354492,23.40999984741211,22.75,23.3799991607666,103501200
2017-09-08,18.781246185302734,22.889999389648438,23.229999542236328,22.850000381469727,22.93000030517578,68365000
2017-09-11,19.166885375976562,23.360000610351562,23.40999984741211,23.079999923706055,23.219999313354492,73741000
2017-09-12,19.650981903076172,23.950000762939453,24.030000686645508,23.450000762939453,23.459999084472656,99658500
2017-09-13,19.962770462036133,24.329999923706055,24.350000381469727,23.8700008392334,23.920000076293945,86339800
2017-09-14,19.888925552368164,24.239999771118164,24.540000915527344,24.200000762939453,24.3799991607666,70051000
2017-09-15,20.003793716430664,24.3799991607666,24.40999984741211,24.149999618530273,24.209999084472656,85937600
2017-09-18,20.2663516998291,24.700000762939453,24.770000457763672,24.40999984741211,24.420000076293945,68076400
2017-09-19,20.397634506225586,24.860000610351562,24.989999771118164,24.6200008392334,24.700000762939453,56218100
2017-09-20,20.561729431152344,25.059999465942383,25.239999771118164,24.670000076293945,24.8799991607666,82289900
2017-09-21,20.643781661987305,25.15999984741211,25.280000686645508,24.920000076293945,25.049999237060547,57864000
2017-09-22,20.528915405273438,25.020000457763672,25.06999969482422,24.850000381469727,25.010000228881836,61446000
2017-09-25,20.315580368041992,24.760000228881836,25.079999923706055,24.579999923706055,24.940000534057617,62361700
2017-09-26,20.356609344482422,24.809999465942383,24.959999084472656,24.690000534057617,24.829999923706055,53012700
2017-09-27,20.848909378051758,25.40999984741211,25.639999389648438,25.18000030517578,25.309999465942383,92877400
2017-09-28,20.881729125976562,25.450000762939453,25.639999389648438,25.34000015258789,25.59000015258789,64991400
2017-09-29,20.791471481323242,25.34000015258789,25.479999542236328,25.309999465942383,25.40999984741211,66232600
2017-10-02,21.021209716796875,25.6200008392334,25.649999618530273,25.389999389648438,25.459999084472656,54001400
2017-10-03,21.218130111694336,25.860000610351562,25.93000030517578,25.6200008392334,25.75,55946900
2017-10-04,21.095054626464844,25.709999084472656,25.950000762939453,25.700000762939453,25.860000610351562,53402800
2017-10-05,21.439668655395508,26.1299991607666,26.229999542236328,25.65999984741211,25.770000457763672,62636900
2017-10-06,21.505313873291016,26.209999084472656,26.299999237060547,26.040000915527344,26.25,53900600
2017-10-09,21.20993423461914,25.850000381469727,26.270000457763672,25.760000228881836,26.260000228881836,55172500
2017-10-10,21.27556800842285,25.93000030517578,25.950000762939453,25.709999084472656,25.829999923706055,46133800
2017-10-11,21.193513870239258,25.829999923706055,25.93000030517578,25.649999618530273,25.93000030517578,51652300
2017-10-12,20.881729125976562,25.450000762939453,25.93000030517578,25.34000015258789,25.8700008392334,71770000
2017-10-13,21.193513870239258,25.829999923706055,26.0,25.1200008392334,25.3799991607666,104196900
2017-10-16,21.52992057800293,26.239999771118164,26.329999923706055,25.8700008392334,25.8700008392334,71927200
2017-10-17,21.497102737426758,26.200000762939453,26.43000030517578,26.110000610351562,26.3700008392334,48644400
2017-10-18,21.726839065551758,26.479999542236328,26.549999237060547,26.329999923706055,26.34000015258789,55382500
2017-10-19,21.808897018432617,26.579999923706055,26.59000015258789,26.149999618530273,26.200000762939453,54542700
2017-10-20,22.292991638183594,27.170000076293945,27.18000030517578,26.899999618530273,27.040000915527344,83764700
2017-10-23,22.284780502319336,27.15999984741211,27.43000030517578,27.09000015258789,27.219999313354492,69607700
2017-10-24,22.711442947387695,27.68000030517578,27.84000015258789,27.34000015258789,27.350000381469727,90346500
2017-10-25,22.6704158782959,27.6299991607666,27.920000076293945,27.34000015258789,27.889999389648438,81265300
2017-10-26,22.760671615600586,27.739999771118164,27.979999542236328,27.68000030517578,27.690000534057617,55342500
2017-10-27,22.809898376464844,27.799999237060547,27.959999084472656,27.6200008392334,27.68000030517578,58856700
2017-10-30,22.645797729492188,27.600000381469727,27.760000228881836,27.459999084472656,27.649999618530273,51357600
2017-10-31,22.473499298095703,27.389999389648438,27.719999313354492,27.34000015258789,27.639999389648438,50311200
2017-11-01,22.588369369506836,27.530000686645508,27.729999542236328,27.360000610351562,27.639999389648438,46527700
2017-11-02,22.86733627319336,27.8700008392334,27.940000534057617,27.280000686645508,27.510000228881836,59692000
2017-11-03,22.826309204101562,27.81999969482422,27.81999969482422,27.6200008392334,27.729999542236328,37816100
2017-11-06,22.768878936767578,27.75,27.81999969482422,27.6200008392334,27.739999771118164,37261000
2017-11-07,22.301193237304688,27.18000030517578,27.770000457763672,27.020000457763672,27.739999771118164,68342100
2017-11-08,21.981199264526367,26.790000915527344,26.959999084472656,26.489999771118164,26.959999084472656,83128200
2017-11-09,21.735048294067383,26.489999771118164,26.65999984741211,26.1200008392334,26.489999771118164,95448600
2017-11-10,21.75146484375,26.510000228881836,26.739999771118164,26.459999084472656,26.59000015258789,61105300
2017-11-13,21.661203384399414,26.399999618530273,26.479999542236328,26.139999389648438,26.260000228881836,55902200
2017-11-14,21.52992057800293,26.239999771118164,26.350000381469727,26.079999923706055,26.260000228881836,61596800
2017-11-15,21.981199264526367,26.790000915527344,26.93000030517578,25.809999465942383,25.989999771118164,98274900
2017-11-16,21.95658302307129,26.760000228881836,27.049999237060547,26.739999771118164,26.90999984741211,54565200
2017-11-17,21.841712951660156,26.6200008392334,26.729999542236328,26.440000534057617,26.510000228881836,48420700
2017-11-20,21.94017219543457,26.739999771118164,26.84000015258789,26.540000915527344,26.739999771118164,46328800
2017-11-21,21.93196678161621,26.729999542236328,26.860000610351562,26.690000534057617,26.799999237060547,57749100
2017-11-22,21.874534606933594,26.65999984741211,26.899999618530273,26.59000015258789,26.770000457763672,38103200
2017-11-24,21.817094802856445,26.59000015258789,26.739999771118164,26.56999969482422,26.719999313354492,14273600
2017-11-27,21.817094802856445,26.59000015258789,26.920000076293945,26.510000228881836,26.520000457763672,44828600
2017-11-28,22.678621292114258,27.639999389648438,27.700000762939453,26.56999969482422,26.6200008392334,99765000
2017-11-29,23.203746795654297,28.280000686645508,28.489999771118164,27.84000015258789,28.020000457763672,119728400
2017-11-30,23.21198272705078,28.170000076293945,28.719999313354492,28.079999923706055,28.6200008392334,122131900
2017-12-01,23.154298782348633,28.100000381469727,28.510000228881836,27.5,28.25,137774800
2017-12-04,23.945344924926758,29.059999465942383,29.309999465942383,28.81999969482422,28.850000381469727,145661700
2017-12-05,23.83821678161621,28.93000030517578,29.299999237060547,28.850000381469727,29.100000381469727,91349800
2017-12-06,23.599266052246094,28.639999389648438,28.969999313354492,28.56999969482422,28.729999542236328,74593800
2017-12-07,23.71462059020996,28.780000686645508,28.969999313354492,28.3700008392334,28.889999389648438,80706100
2017-12-08,23.93709945678711,29.049999237060547,29.09000015258789,28.760000228881836,29.020000457763672,60991300
2017-12-11,23.84646224975586,28.940000534057617,29.170000076293945,28.899999618530273,29.030000686645508,54001900
2017-12-12,24.159578323364258,29.31999969482422,29.5,28.90999984741211,29.31999969482422,76017200
2017-12-13,23.764055252075195,28.84000015258789,29.440000534057617,28.829999923706055,29.309999465942383,79980600
2017-12-14,23.673418045043945,28.729999542236328,29.18000030517578,28.709999084472656,29.059999465942383,60615800
2017-12-15,23.928861618041992,29.040000915527344,29.18000030517578,28.739999771118164,28.90999984741211,129859400
2017-12-18,24.291418075561523,29.479999542236328,29.5,29.270000457763672,29.290000915527344,70548600
2017-12-19,24.266693115234375,29.450000762939453,29.639999389648438,29.3700008392334,29.600000381469727,67984100
2017-12-20,24.291418075561523,29.479999542236328,29.84000015258789,29.450000762939453,29.760000228881836,81271200
2017-12-21,24.571577072143555,29.81999969482422,29.979999542236328,29.579999923706055,29.59000015258789,72953200
2017-12-22,24.621017456054688,29.8799991607666,30.030000686645508,29.6200008392334,29.979999542236328,54203000
2017-12-26,24.538619995117188,29.780000686645508,29.940000534057617,29.579999923706055,29.739999771118164,42371200
2017-12-27,24.497417449951172,29.729999542236328,29.729999542236328,29.600000381469727,29.65999984741211,35111800
2017-12-28,24.555099487304688,29.799999237060547,29.81999969482422,29.65999984741211,29.729999542236328,37914900
2017-12-29,24.32438087463379,29.520000457763672,29.8799991607666,29.520000457763672,29.850000381469727,40672000
2018-01-02,24.63749885559082,29.899999618530273,29.899999618530273,29.610000610351562,29.75,57121600
2018-01-03,24.555099487304688,29.799999237060547,29.940000534057617,29.690000534057617,29.899999618530273,57865700
2018-01-04,24.876453399658203,30.190000534057617,30.440000534057617,29.8799991607666,29.969999313354492,76512500
2018-01-05,24.9918155670166,30.329999923706055,30.420000076293945,30.049999237060547,30.3700008392334,56445200
2018-01-08,24.818775177001953,30.1200008392334,30.270000457763672,30.049999237060547,30.229999542236328,42914800
2018-01-09,24.94236946105957,30.270000457763672,30.540000915527344,30.1299991607666,30.200000762939453,69479100
2018-01-10,25.173093795776367,30.549999237060547,30.729999542236328,30.309999465942383,30.3700008392334,63532800
2018-01-11,25.26373291015625,30.65999984741211,30.690000534057617,30.450000762939453,30.65999984741211,59318300
2018-01-12,25.700448989868164,31.190000534057617,31.200000762939453,30.770000457763672,30.8799991607666,66371600
2018-01-16,25.741647720336914,31.239999771118164,31.790000915527344,31.030000686645508,31.739999771118164,104467900
2018-01-17,25.69221305847168,31.18000030517578,31.290000915527344,30.34000015258789,31.0,124382900
2018-01-18,25.939411163330078,31.479999542236328,31.709999084472656,31.209999084472656,31.329999923706055,76463800
2018-01-19,26.137170791625977,31.719999313354492,31.739999771118164,31.459999084472656,31.579999923706055,66491000
2018-01-22,26.31845474243164,31.940000534057617,31.940000534057617,31.579999923706055,31.670000076293945,53848800
2018-01-23,26.301973342895508,31.920000076293945,32.130001068115234,31.790000915527344,31.860000610351562,56531400
2018-01-24,26.442049026489258,32.09000015258789,32.209999084472656,31.81999969482422,32.0099983215332,81585000
2018-01-25,26.442049026489258,32.09000015258789,32.25,31.93000030517578,32.2400016784668,62265800
2018-01-26,26.532686233520508,32.20000076293945,32.20000076293945,31.950000762939453,32.11000061035156,52699900
2018-01-29,26.598609924316406,32.279998779296875,32.45000076293945,32.18000030517578,32.25,59126500
2018-01-30,26.269012451171875,31.8799991607666,32.20000076293945,31.850000381469727,31.950000762939453,60555800
2018-01-31,26.367891311645508,32.0,32.290000915527344,31.950000762939453,32.04999923706055,65734100
2018-02-01,26.779882431030273,32.5,32.5,31.959999084472656,32.0,62367400
2018-02-02,26.326688766479492,31.950000762939453,32.66999816894531,31.860000610351562,32.439998626708984,96971900
2018-02-05,24.93413543701172,30.260000228881836,31.979999542236328,29.149999618530273,31.1200008392334,155908300
2018-02-06,25.70870018005371,31.200000762939453,31.290000915527344,29.299999237060547,29.40999984741211,165878400
2018-02-07,25.749889373779297,31.25,31.739999771118164,30.860000610351562,31.1200008392334,101180500
2018-02-08,24.505661010742188,29.739999771118164,31.3799991607666,29.729999542236328,31.309999465942383,128981300
2018-02-09,24.9918155670166,30.329999923706055,30.610000610351562,29.1299991607666,30.170000076293945,143071100
2018-02-12,25.64277458190918,31.1200008392334,31.440000534057617,30.540000915527344,30.6200008392334,95055100
2018-02-13,25.69221305847168,31.18000030517578,31.399999618530273,30.760000228881836,31.040000915527344,76727300
2018-02-14,26.367891311645508,32.0,32.029998779296875,31.059999465942383,31.170000076293945,97251500
2018-02-15,26.540925979614258,32.209999084472656,32.470001220703125,31.8700008392334,32.38999938964844,68117400
2018-02-16,26.343172073364258,31.969999313354492,32.2599983215332,31.920000076293945,32.0,62137800
2018-02-20,26.310205459594727,31.93000030517578,32.15999984741211,31.75,31.959999084472656,58573900
2018-02-21,26.260770797729492,31.8700008392334,32.369998931884766,31.770000457763672,31.799999237060547,72210300
2018-02-22,26.112449645996094,31.690000534057617,32.13999938964844,31.59000015258789,31.989999771118164,64749700
2018-02-23,26.392606735229492,32.029998779296875,32.060001373291016,31.760000228881836,31.799999237060547,53626300
2018-02-26,26.71396827697754,32.41999816894531,32.439998626708984,32.04999923706055,32.16999816894531,61796300
2018-02-27,26.639816284179688,32.33000183105469,32.849998474121094,32.31999969482422,32.31999969482422,69235500
2018-02-28,26.450284957885742,32.099998474121094,32.77000045776367,32.09000015258789,32.4900016784668,72044000
2018-03-01,26.036746978759766,31.479999542236328,32.349998474121094,31.360000610351562,32.06999969482422,90547100
2018-03-02,26.160804748535156,31.6299991607666,31.690000534057617,30.6299991607666,31.1200008392334,82739100
2018-03-05,26.57435417175293,32.130001068115234,32.349998474121094,31.170000076293945,31.350000381469727,70543100
2018-03-06,26.557809829711914,32.11000061035156,32.31999969482422,31.950000762939453,32.29999923706055,50832600
2018-03-07,26.615705490112305,32.18000030517578,32.22999954223633,31.579999923706055,31.700000762939453,52763900
2018-03-08,26.63224983215332,32.20000076293945,32.27000045776367,31.809999465942383,32.189998626708984,53139800
2018-03-09,27.06233787536621,32.720001220703125,32.72999954223633,32.400001525878906,32.470001220703125,73905800
2018-03-12,27.161588668823242,32.84000015258789,33.04999923706055,32.63999938964844,32.689998626708984,60322800
2018-03-13,26.76457977294922,32.36000061035156,32.9900016784668,32.29999923706055,32.970001220703125,63347500
2018-03-14,26.582624435424805,32.13999938964844,32.54999923706055,31.93000030517578,32.54999923706055,58011400
2018-03-15,26.549535751342773,32.099998474121094,32.34000015258789,31.93000030517578,32.290000915527344,41964200
2018-03-16,26.607437133789062,32.16999816894531,32.56999969482422,32.08000183105469,32.11000061035156,83447600
2018-03-19,26.450286865234375,31.979999542236328,32.220001220703125,31.68000030517578,32.130001068115234,57363200
2018-03-20,26.450286865234375,31.979999542236328,32.20000076293945,31.8799991607666,32.060001373291016,44784500
2018-03-21,26.359312057495117,31.8700008392334,32.45000076293945,31.68000030517578,32.0,64546300
2018-03-22,25.267553329467773,30.549999237060547,31.489999771118164,30.420000076293945,31.440000534057617,110271900
2018-03-23,24.126174926757812,29.170000076293945,30.709999084472656,29.049999237060547,30.690000534057617,115740200
2018-03-26,25.17657470703125,30.440000534057617,30.559999465942383,29.649999618530273,29.889999389648438,83297000
2018-03-27,24.415653228759766,29.520000457763672,30.670000076293945,29.209999084472656,30.649999618530273,85821800
2018-03-28,24.308122634887695,29.389999389648438,29.959999084472656,29.010000228881836,29.790000915527344,79396100
2018-03-29,24.804384231567383,29.989999771118164,30.139999389648438,29.309999465942383,29.56999969482422,65678300
2018-04-02,24.241962432861328,29.309999465942383,30.059999465942383,28.75,29.799999237060547,86644200
2018-04-03,24.473546981811523,29.59000015258789,29.649999618530273,29.100000381469727,29.540000915527344,69698700
2018-04-04,24.71340560913086,29.8799991607666,29.969999313354492,28.950000762939453,29.0,66640800
2018-04-05,25.077320098876953,30.31999969482422,30.549999237060547,30.1200008392334,30.18000030517578,55765500
2018-04-06,24.506629943847656,29.6299991607666,30.290000915527344,29.3700008392334,30.010000228881836,79687600
2018-04-09,24.705129623413086,29.8700008392334,30.6299991607666,29.760000228881836,29.81999969482422,65917500
2018-04-10,25.20966148376465,30.479999542236328,30.579999923706055,30.229999542236328,30.479999542236328,60540500
2018-04-11,24.729948043823242,29.899999618530273,30.239999771118164,29.889999389648438,30.149999618530273,62211500
2018-04-12,25.350263595581055,30.649999618530273,30.799999237060547,30.170000076293945,30.219999313354492,57989100
2018-04-13,24.647239685058594,29.799999237060547,31.170000076293945,29.559999465942383,31.1299991607666,99254500
2018-04-16,24.754758834838867,29.93000030517578,30.3700008392334,29.469999313354492,30.079999923706055,110588900
2018-04-17,24.84573745727539,30.040000915527344,30.3700008392334,29.8799991607666,30.170000076293945,83475900
2018-04-18,24.42392349243164,29.530000686645508,30.219999313354492,29.5,30.030000686645508,79743200
2018-04-19,24.961532592773438,30.18000030517578,30.239999771118164,29.540000915527344,29.549999237060547,80902600
2018-04-20,25.027698516845703,30.260000228881836,30.530000686645508,30.1299991607666,30.260000228881836,65554600
2018-04-23,25.077320098876953,30.31999969482422,30.399999618530273,30.1200008392334,30.270000457763672,50686300
2018-04-24,24.969799041748047,30.190000534057617,30.860000610351562,30.0,30.459999084472656,81486800
2018-04-25,24.928449630737305,30.139999389648438,30.34000015258789,29.799999237060547,30.09000015258789,65893500
2018-04-26,24.870548248291016,30.06999969482422,30.280000686645508,29.989999771118164,30.040000915527344,45936700
2018-04-27,24.936717987060547,30.149999618530273,30.209999084472656,29.969999313354492,29.989999771118164,47411200
2018-04-30,24.746492385864258,29.920000076293945,30.43000030517578,29.920000076293945,30.270000457763672,55153900
2018-05-01,24.771305084228516,29.950000762939453,29.959999084472656,29.6200008392334,29.920000076293945,52871700
2018-05-02,24.46527862548828,29.579999923706055,30.06999969482422,29.559999465942383,29.950000762939453,68234600
2018-05-03,24.150989532470703,29.200000762939453,29.520000457763672,28.43000030517578,29.510000228881836,110672700
2018-05-04,24.233694076538086,29.299999237060547,29.420000076293945,28.81999969482422,28.989999771118164,58281900
2018-05-07,24.514902114868164,29.639999389648438,29.790000915527344,29.329999923706055,29.440000534057617,46765200
2018-05-08,24.754758834838867,29.93000030517578,30.1299991607666,29.670000076293945,29.770000457763672,65119800
2018-05-09,25.40815544128418,30.719999313354492,30.790000915527344,30.079999923706055,30.100000381469727,72266500
2018-05-10,25.54876136779785,30.889999389648438,31.06999969482422,30.420000076293945,30.610000610351562,54773200
2018-05-11,25.573579788208008,30.920000076293945,31.030000686645508,30.809999465942383,30.90999984741211,42024800
2018-05-14,25.738996505737305,31.1200008392334,31.229999542236328,31.030000686645508,31.040000915527344,41791600
2018-05-15,25.821701049804688,31.219999313354492,31.360000610351562,30.850000381469727,30.920000076293945,64433500
2018-05-16,25.68936538696289,31.059999465942383,31.25,31.020000457763672,31.18000030517578,43590100
2018-05-17,25.482593536376953,30.809999465942383,31.079999923706055,30.670000076293945,31.040000915527344,45981500
2018-05-18,25.027698516845703,30.260000228881836,30.790000915527344,30.229999542236328,30.770000457763672,58641700
2018-05-21,25.267553329467773,30.549999237060547,30.68000030517578,30.479999542236328,30.520000457763672,34983300
2018-05-22,25.54876136779785,30.889999389648438,31.139999389648438,30.540000915527344,30.600000381469727,61103000
2018-05-23,25.17657470703125,30.440000534057617,30.760000228881836,30.079999923706055,30.709999084472656,73893100
2018-05-24,24.986337661743164,30.209999084472656,30.40999984741211,29.829999923706055,30.399999618530273,62146200
2018-05-25,24.944988250732422,30.15999984741211,30.190000534057617,29.8799991607666,30.010000228881836,44166700
2018-05-29,23.952484130859375,28.959999084472656,29.799999237060547,28.700000762939453,29.760000228881836,135895000
2018-05-30,24.390840530395508,29.489999771118164,29.600000381469727,29.15999984741211,29.290000915527344,79435300
2018-05-31,24.116785049438477,29.040000915527344,29.260000228881836,28.829999923706055,29.200000762939453,97509300
2018-06-01,24.41575050354004,29.399999618530273,29.65999984741211,29.309999465942383,29.489999771118164,64796600
2018-06-04,24.41575050354004,29.399999618530273,29.59000015258789,29.329999923706055,29.549999237060547,43777000
2018-06-05,24.183223724365234,29.1200008392334,29.34000015258789,29.059999465942383,29.309999465942383,47690800
2018-06-06,24.94725799560547,30.040000915527344,30.049999237060547,29.280000686645508,29.290000915527344,74995800
2018-06-07,24.988773345947266,30.09000015258789,30.309999465942383,29.889999389648438,30.200000762939453,68402700
2018-06-08,24.92233657836914,30.010000228881836,30.049999237060547,29.809999465942383,30.010000228881836,49572900
2018-06-11,24.9638614654541,30.059999465942383,30.40999984741211,30.059999465942383,30.1299991607666,46732800
2018-06-12,24.830984115600586,29.899999618530273,30.270000457763672,29.75,30.170000076293945,49644600
2018-06-13,24.781158447265625,29.84000015258789,30.360000610351562,29.700000762939453,29.979999542236328,68900200
2018-06-14,24.498798370361328,29.5,30.049999237060547,29.3799991607666,30.040000915527344,77863200
2018-06-15,24.316102981567383,29.280000686645508,29.40999984741211,28.8700008392334,29.25,105079500
2018-06-18,24.41575050354004,29.399999618530273,29.5,28.809999465942383,28.940000534057617,52644100
2018-06-19,24.29948616027832,29.260000228881836,29.3700008392334,28.950000762939453,29.040000915527344,65466200
2018-06-20,24.282880783081055,29.239999771118164,29.5,29.18000030517578,29.420000076293945,52256500
2018-06-21,24.324399948120117,29.290000915527344,29.450000762939453,29.0,29.209999084472656,68322600
2018-06-22,24.075258255004883,28.989999771118164,29.520000457763672,28.989999771118164,29.459999084472656,76079200
2018-06-25,23.6517276763916,28.479999542236328,28.90999984741211,28.260000228881836,28.860000610351562,73616400
2018-06-26,23.701553344726562,28.540000915527344,28.670000076293945,28.010000228881836,28.520000457763672,56369300
2018-06-27,23.452411651611328,28.239999771118164,28.850000381469727,28.239999771118164,28.510000228881836,61764400
2018-06-28,23.809518814086914,28.670000076293945,28.84000015258789,28.299999237060547,28.399999618530273,71292100
2018-06-29,23.410888671875,28.190000534057617,29.170000076293945,28.18000030517578,29.09000015258789,102307600
2018-07-02,23.485631942749023,28.280000686645508,28.280000686645508,27.829999923706055,28.079999923706055,52534300
2018-07-03,23.070396423339844,27.780000686645508,28.43000030517578,27.739999771118164,28.329999923706055,40599000
2018-07-05,23.186656951904297,27.920000076293945,28.079999923706055,27.809999465942383,27.950000762939453,44506800
2018-07-06,23.278011322021484,28.030000686645508,28.149999618530273,27.6299991607666,27.809999465942383,39424900
2018-07-09,24.125089645385742,29.049999237060547,29.09000015258789,28.219999313354492,28.229999542236328,61758900
2018-07-10,23.942386627197266,28.829999923706055,29.329999923706055,28.75,29.219999313354492,58858400
2018-07-11,23.817811965942383,28.68000030517578,28.90999984741211,28.6200008392334,28.670000076293945,50218900
2018-07-12,23.892562866210938,28.770000457763672,28.969999313354492,28.65999984741211,28.899999618530273,51700700
2018-07-13,23.70985221862793,28.549999237060547,28.690000534057617,28.219999313354492,28.6200008392334,75178000
2018-07-16,24.731332778930664,29.780000686645508,29.850000381469727,28.729999542236328,28.780000686645508,129172000
2018-07-17,24.92233657836914,30.010000228881836,30.200000762939453,29.579999923706055,29.889999389648438,87778900
2018-07-18,25.021995544433594,30.1299991607666,30.290000915527344,29.84000015258789,29.920000076293945,59109200
2018-07-19,24.639978408813477,29.670000076293945,30.020000457763672,29.639999389648438,29.93000030517578,59260600
2018-07-20,25.021995544433594,30.1299991607666,30.15999984741211,29.459999084472656,29.6200008392334,80432700
2018-07-23,25.53688621520996,30.75,30.850000381469727,30.1299991607666,30.139999389648438,74080200
2018-07-24,25.603322982788086,30.829999923706055,31.110000610351562,30.649999618530273,30.850000381469727,64761500
2018-07-25,25.802635192871094,31.06999969482422,31.110000610351562,30.670000076293945,30.700000762939453,57644100
2018-07-26,25.694673538208008,30.940000534057617,31.209999084472656,30.889999389648438,31.190000534057617,46215000
2018-07-27,25.794330596923828,31.059999465942383,31.139999389648438,30.799999237060547,30.989999771118164,57198900
2018-07-30,26.00194549560547,31.309999465942383,31.450000762939453,31.1299991607666,31.139999389648438,58721000
2018-07-31,25.644845962524414,30.8799991607666,31.420000076293945,30.81999969482422,31.360000610351562,64066000
2018-08-01,25.952119827270508,31.25,31.549999237060547,31.170000076293945,31.219999313354492,69070700
2018-08-02,25.977035522460938,31.280000686645508,31.309999465942383,30.8700008392334,30.979999542236328,46427200
2018-08-03,26.16803741455078,31.510000228881836,31.510000228881836,31.15999984741211,31.18000030517578,50153800
2018-08-06,26.176347732543945,31.520000457763672,31.59000015258789,31.31999969482422,31.450000762939453,41261500
2018-08-07,26.16803741455078,31.510000228881836,31.799999237060547,31.489999771118164,31.549999237060547,43946200
2018-08-08,26.408876419067383,31.799999237060547,31.90999984741211,31.479999542236328,31.510000228881836,43689600
2018-08-09,26.242780685424805,31.600000381469727,31.790000915527344,31.549999237060547,31.729999542236328,38219100
2018-08-10,25.90229034423828,31.190000534057617,31.329999923706055,30.899999618530273,31.229999542236328,55679800
2018-08-13,25.312658309936523,30.479999542236328,31.1200008392334,30.450000762939453,31.079999923706055,63960600
2018-08-14,25.570100784301758,30.790000915527344,30.899999618530273,30.420000076293945,30.610000610351562,42521200
2018-08-15,25.21299934387207,30.360000610351562,30.6200008392334,30.15999984741211,30.479999542236328,59747900
2018-08-16,25.51197052001953,30.719999313354492,30.84000015258789,30.520000457763672,30.559999465942383,44015400
2018-08-17,25.528583526611328,30.739999771118164,30.860000610351562,30.549999237060547,30.65999984741211,39843500
2018-08-20,25.63654136657715,30.8700008392334,30.93000030517578,30.649999618530273,30.690000534057617,40011000
2018-08-21,25.7611083984375,31.020000457763672,31.25,30.829999923706055,30.90999984741211,53510600
2018-08-22,25.727895736694336,30.979999542236328,31.09000015258789,30.8799991607666,30.920000076293945,33062900
2018-08-23,25.61162567138672,30.84000015258789,30.979999542236328,30.739999771118164,30.940000534057617,38259100
2018-08-24,25.653146743774414,30.889999389648438,31.079999923706055,30.850000381469727,30.940000534057617,43585000
2018-08-27,26.00194549560547,31.309999465942383,31.489999771118164,30.989999771118164,31.030000686645508,47729300
2018-08-28,25.968730926513672,31.270000457763672,31.40999984741211,31.190000534057617,31.360000610351562,38539000
2018-08-29,25.86077117919922,31.139999389648438,31.309999465942383,31.06999969482422,31.239999771118164,46401800
2018-08-30,25.752805709838867,31.010000228881836,31.149999618530273,30.950000762939453,31.020000457763672,47358900
2018-08-31,25.686365127563477,30.93000030517578,30.950000762939453,30.6200008392334,30.8799991607666,49266000
2018-09-04,25.86077117919922,31.139999389648438,31.15999984741211,30.81999969482422,30.90999984741211,44745600
2018-09-05,25.893985748291016,31.18000030517578,31.239999771118164,30.969999313354492,31.06999969482422,48516700
2018-09-06,25.743778228759766,30.850000381469727,31.110000610351562,30.729999542236328,31.049999237060547,42666000
2018-09-07,25.752120971679688,30.860000610351562,31.1200008392334,30.6299991607666,31.0,49103800
2018-09-10,25.718740463256836,30.81999969482422,31.0,30.75,30.8799991607666,34156200
2018-09-11,25.743778228759766,30.850000381469727,30.899999618530273,30.700000762939453,30.719999313354492,53071000
2018-09-12,25.393295288085938,30.43000030517578,30.959999084472656,30.3799991607666,30.8799991607666,59482300
2018-09-13,25.151296615600586,30.139999389648438,30.670000076293945,30.079999923706055,30.530000686645508,59219500
2018-09-14,25.343225479125977,30.3700008392334,30.389999389648438,30.110000610351562,30.1299991607666,33743900
2018-09-17,25.268123626708984,30.280000686645508,30.489999771118164,30.149999618530273,30.34000015258789,35026600
2018-09-18,25.209707260131836,30.209999084472656,30.399999618530273,30.1299991607666,30.329999923706055,49921700
2018-09-19,25.86895179748535,31.0,31.200000762939453,30.1299991607666,30.1299991607666,92666300
2018-09-20,26.027502059936523,31.190000534057617,31.3700008392334,31.139999389648438,31.299999237060547,83357400
2018-09-21,25.893983840942383,31.030000686645508,31.3700008392334,30.969999313354492,31.34000015258789,85992100
2018-09-24,25.651987075805664,30.739999771118164,31.200000762939453,30.65999984741211,30.979999542236328,45587700
2018-09-25,25.593568801879883,30.670000076293945,31.040000915527344,30.600000381469727,30.850000381469727,40949900
2018-09-26,25.1429500579834,30.1299991607666,30.739999771118164,30.059999465942383,30.709999084472656,57882400
2018-09-27,24.984399795532227,29.940000534057617,30.309999465942383,29.93000030517578,30.239999771118164,45879700
2018-09-28,24.583850860595703,29.459999084472656,29.850000381469727,29.420000076293945,29.649999618530273,74707600
2018-10-01,24.742399215698242,29.649999618530273,29.940000534057617,29.540000915527344,29.68000030517578,53900900
2018-10-02,24.683984756469727,29.579999923706055,29.719999313354492,29.270000457763672,29.579999923706055,42940300
2018-10-03,25.034467697143555,30.0,30.18000030517578,29.719999313354492,29.809999465942383,61080300
2018-10-04,25.393295288085938,30.43000030517578,30.790000915527344,30.139999389648438,30.170000076293945,72325700
2018-10-05,25.22640037536621,30.229999542236328,30.649999618530273,30.049999237060547,30.600000381469727,51931000
2018-10-08,25.259780883789062,30.270000457763672,30.420000076293945,29.90999984741211,30.049999237060547,47471600
2018-10-09,25.017778396606445,29.979999542236328,30.190000534057617,29.8700008392334,30.030000686645508,58868600
2018-10-10,24.400264739990234,29.239999771118164,30.1299991607666,29.209999084472656,29.979999542236328,88454400
2018-10-11,23.66591453552246,28.360000610351562,29.25,28.260000228881836,28.889999389648438,111417300
2018-10-12,23.749370574951172,28.459999084472656,29.040000915527344,27.729999542236328,28.989999771118164,102279200
2018-10-15,23.298742294311523,27.920000076293945,28.6200008392334,27.639999389648438,28.489999771118164,114636100
2018-10-16,23.80777931213379,28.530000686645508,28.579999923706055,27.899999618530273,28.239999771118164,87887800
2018-10-17,24.11653709411621,28.899999618530273,29.190000534057617,28.15999984741211,28.3700008392334,79068700
2018-10-18,23.574121475219727,28.25,28.899999618530273,28.139999389648438,28.670000076293945,77369200
2018-10-19,23.632537841796875,28.31999969482422,28.520000457763672,27.969999313354492,28.139999389648438,64305400
2018-10-22,22.848125457763672,27.3799991607666,28.350000381469727,27.309999465942383,28.31999969482422,89942900
2018-10-23,22.547712326049805,27.020000457763672,27.200000762939453,26.110000610351562,26.389999389648438,102392500
2018-10-24,21.85508918762207,26.190000534057617,26.899999618530273,26.079999923706055,26.860000610351562,86386600
2018-10-25,22.18888282775879,26.59000015258789,26.93000030517578,26.18000030517578,26.3799991607666,73780400
2018-10-26,22.021984100341797,26.389999389648438,26.579999923706055,25.8799991607666,26.329999923706055,91103500
2018-10-29,22.2055721282959,26.610000610351562,27.18000030517578,26.290000915527344,26.690000534057617,89367000
2018-10-30,22.34743881225586,26.780000686645508,26.860000610351562,26.31999969482422,26.760000228881836,79004800
2018-10-31,22.948257446289062,27.5,27.8799991607666,27.059999465942383,27.100000381469727,92296300
2018-11-01,23.206945419311523,27.809999465942383,28.0,27.610000610351562,27.770000457763672,49827300
2018-11-02,23.273712158203125,27.889999389648438,28.3799991607666,27.520000457763672,28.010000228881836,69010200
2018-11-05,23.415571212768555,28.059999465942383,28.239999771118164,27.889999389648438,27.950000762939453,41103100
2018-11-06,23.540746688842773,28.209999084472656,28.25,27.739999771118164,28.020000457763672,43514400
2018-11-07,23.816129684448242,28.540000915527344,28.670000076293945,28.139999389648438,28.420000076293945,56679200
2018-11-08,24.091501235961914,28.8700008392334,29.1200008392334,28.43000030517578,28.5,49421200
2018-11-09,23.799434661865234,28.520000457763672,28.889999389648438,28.3799991607666,28.75,43270600
2018-11-12,23.156885147094727,27.75,28.520000457763672,27.639999389648438,28.3799991607666,50307500
2018-11-13,23.165231704711914,27.760000228881836,28.139999389648438,27.690000534057617,27.75,57423400
2018-11-14,22.706260681152344,27.209999084472656,28.100000381469727,26.780000686645508,27.950000762939453,69213300
2018-11-15,23.282058715820312,27.899999618530273,27.969999313354492,26.8799991607666,27.139999389648438,66174800
2018-11-16,23.156885147094727,27.75,27.889999389648438,27.420000076293945,27.690000534057617,52456100
2018-11-19,23.156885147094727,27.75,28.020000457763672,27.540000915527344,27.780000686645508,46000000
2018-11-20,22.848125457763672,27.3799991607666,27.56999969482422,26.969999313354492,27.420000076293945,92330600
2018-11-21,22.756330490112305,27.270000457763672,27.760000228881836,27.25,27.59000015258789,40364400
2018-11-23,22.50598907470703,26.969999313354492,27.170000076293945,26.8799991607666,27.079999923706055,22974100
2018-11-26,22.998332977294922,27.559999465942383,27.729999542236328,27.100000381469727,27.18000030517578,53210700
2018-11-27,23.148540496826172,27.739999771118164,27.899999618530273,27.389999389648438,27.43000030517578,43617100
2018-11-28,23.724332809448242,28.43000030517578,28.469999313354492,27.559999465942383,27.8799991607666,61388100
2018-11-29,23.39888572692871,28.040000915527344,28.350000381469727,27.969999313354492,28.18000030517578,46824600
2018-11-30,23.699295043945312,28.399999618530273,28.6299991607666,27.8700008392334,27.940000534057617,64284600
2018-12-03,23.816129684448242,28.540000915527344,29.040000915527344,28.360000610351562,28.989999771118164,59908700
2018-12-04,22.522680282592773,26.989999771118164,28.31999969482422,26.729999542236328,28.31999969482422,103565700
2018-12-06,22.052753448486328,26.280000686645508,26.31999969482422,25.530000686645508,26.229999542236328,133294200
2018-12-07,21.339479446411133,25.43000030517578,26.540000915527344,25.299999237060547,26.149999618530273,107477600
2018-12-10,20.77725601196289,24.760000228881836,25.229999542236328,24.290000915527344,25.18000030517578,110166900
2018-12-11,20.62620735168457,24.579999923706055,25.399999618530273,24.530000686645508,25.209999084472656,78545000
2018-12-12,20.57585906982422,24.520000457763672,24.989999771118164,24.3700008392334,24.8700008392334,87191800
2018-12-13,20.47516441345215,24.399999618530273,24.81999969482422,24.280000686645508,24.65999984741211,64860100
2018-12-14,20.54228973388672,24.479999542236328,24.8700008392334,24.1200008392334,24.18000030517578,92762600
2018-12-17,20.53390121459961,24.469999313354492,24.93000030517578,24.15999984741211,24.260000228881836,98602800
2018-12-18,20.53390121459961,24.469999313354492,25.09000015258789,24.309999465942383,24.670000076293945,89046300
2018-12-19,20.29054832458496,24.18000030517578,25.239999771118164,24.06999969482422,24.450000762939453,121887600
2018-12-20,20.231809616088867,24.110000610351562,24.43000030517578,23.760000228881836,23.850000381469727,112594000
2018-12-21,19.610837936401367,23.3700008392334,24.510000228881836,23.260000228881836,23.90999984741211,160800400
2018-12-24,19.073787689208984,22.729999542236328,23.209999084472656,22.65999984741211,22.760000228881836,64859100
2018-12-26,20.231809616088867,24.110000610351562,24.18000030517578,22.690000534057617,22.90999984741211,100877800
2018-12-27,20.44998550415039,24.3700008392334,24.3700008392334,23.389999389648438,23.780000686645508,91575400
2018-12-28,20.466768264770508,24.389999389648438,24.75,24.260000228881836,24.59000015258789,78693800
2018-12-31,20.676557540893555,24.639999389648438,24.969999313354492,24.3700008392334,24.56999969482422,56257300
2019-01-02,20.945085525512695,24.959999084472656,25.139999389648438,24.010000228881836,24.079999923706055,71836300
2019-01-03,20.60942268371582,24.559999465942383,25.040000915527344,24.450000762939453,24.940000534057617,66599600
2019-01-04,21.465347290039062,25.579999923706055,25.649999618530273,25.030000686645508,25.100000381469727,83829100
2019-01-07,21.448570251464844,25.559999465942383,25.780000686645508,25.290000915527344,25.559999465942383,57016300
2019-01-08,21.406614303588867,25.510000228881836,25.790000915527344,25.09000015258789,25.719999313354492,67339400
2019-01-09,21.616395950317383,25.760000228881836,25.850000381469727,25.389999389648438,25.670000076293945,69707200
2019-01-10,21.591230392456055,25.729999542236328,25.780000686645508,25.420000076293945,25.559999465942383,65235800
2019-01-11,21.842966079711914,26.030000686645508,26.040000915527344,25.459999084472656,25.530000686645508,63476000
2019-01-14,22.128278732299805,26.3700008392334,26.479999542236328,25.610000610351562,25.770000457763672,76715400
2019-01-15,22.279321670532227,26.549999237060547,26.809999465942383,26.049999237060547,26.209999084472656,80625500
2019-01-16,23.873701095581055,28.450000762939453,28.719999313354492,27.860000610351562,28.1299991607666,163131700
2019-01-17,24.32683563232422,28.989999771118164,29.0,28.09000015258789,28.34000015258789,107428800
2019-01-18,24.58697509765625,29.299999237060547,29.459999084472656,28.709999084472656,29.020000457763672,97928200
2019-01-22,24.410755157470703,29.09000015258789,29.299999237060547,28.889999389648438,28.979999542236328,84861400
2019-01-23,24.268102645874023,28.920000076293945,29.280000686645508,28.6200008392334,29.219999313354492,79425900
2019-01-24,24.402360916137695,29.079999923706055,29.200000762939453,28.739999771118164,28.75,59492300
2019-01-25,24.821935653686523,29.579999923706055,29.719999313354492,29.139999389648438,29.280000686645508,72182100
2019-01-28,24.8638916015625,29.6299991607666,29.670000076293945,29.290000915527344,29.31999969482422,59963800
2019-01-29,24.662494659423828,29.389999389648438,29.700000762939453,29.34000015258789,29.540000915527344,51451900
2019-01-30,24.393970489501953,29.06999969482422,29.469999313354492,28.950000762939453,29.420000076293945,66475800
2019-01-31,23.890480041503906,28.469999313354492,28.84000015258789,27.979999542236328,28.75,100201200
2019-02-01,23.814958572387695,28.3799991607666,28.84000015258789,28.309999465942383,28.600000381469727,64244100
2019-02-04,24.23453140258789,28.8799991607666,28.969999313354492,28.420000076293945,28.469999313354492,55195900
2019-02-05,24.15062141418457,28.780000686645508,28.8799991607666,28.56999969482422,28.850000381469727,46622600
2019-02-06,24.108657836914062,28.729999542236328,28.899999618530273,28.540000915527344,28.670000076293945,35606900
2019-02-07,23.697477340698242,28.239999771118164,28.639999389648438,27.899999618530273,28.540000915527344,62289200
2019-02-08,23.739437103271484,28.290000915527344,28.31999969482422,27.860000610351562,28.149999618530273,50031300
2019-02-11,23.840139389038086,28.40999984741211,28.459999084472656,28.209999084472656,28.34000015258789,47724400
2019-02-12,24.075096130371094,28.690000534057617,28.860000610351562,28.579999923706055,28.6200008392334,49178100
2019-02-13,24.083486557006836,28.700000762939453,28.989999771118164,28.65999984741211,28.8700008392334,48951200
2019-02-14,23.823352813720703,28.389999389648438,28.6200008392334,28.110000610351562,28.360000610351562,47756600
2019-02-15,24.427536010742188,29.110000610351562,29.309999465942383,28.670000076293945,28.760000228881836,65867000
2019-02-19,24.444320678710938,29.1299991607666,29.260000228881836,28.75,28.93000030517578,40841300
2019-02-20,24.67928123474121,29.40999984741211,29.450000762939453,29.010000228881836,29.100000381469727,42806300
2019-02-21,24.578582763671875,29.290000915527344,29.450000762939453,29.110000610351562,29.329999923706055,42754100
2019-02-22,24.402360916137695,29.079999923706055,29.270000457763672,28.959999084472656,29.049999237060547,47887800
2019-02-25,24.561798095703125,29.270000457763672,29.59000015258789,29.1200008392334,29.1200008392334,61227400
2019-02-26,24.578582763671875,29.290000915527344,29.6299991607666,28.959999084472656,29.020000457763672,53153200
2019-02-27,24.779979705810547,29.530000686645508,29.670000076293945,29.209999084472656,29.299999237060547,48128600
2019-02-28,24.526948928833008,29.079999923706055,29.549999237060547,29.010000228881836,29.5,62358100
2019-03-01,24.72093963623047,29.309999465942383,29.649999618530273,29.209999084472656,29.329999923706055,45771500
2019-03-04,24.484777450561523,29.030000686645508,29.540000915527344,28.770000457763672,29.329999923706055,56893200
2019-03-05,24.526948928833008,29.079999923706055,29.190000534057617,28.700000762939453,29.020000457763672,39932500
2019-03-06,24.324525833129883,28.84000015258789,29.15999984741211,28.799999237060547,29.010000228881836,41672000
2019-03-07,24.079931259155273,28.549999237060547,28.719999313354492,28.260000228881836,28.670000076293945,53908600
2019-03-08,24.164276123046875,28.649999618530273,28.670000076293945,28.010000228881836,28.059999465942383,40860700
2019-03-11,24.40886878967285,28.940000534057617,29.059999465942383,28.700000762939453,28.700000762939453,40709300
2019-03-12,24.40886878967285,28.940000534057617,29.1200008392334,28.889999389648438,29.0,34450000
2019-03-13,24.704069137573242,29.290000915527344,29.510000228881836,28.979999542236328,29.049999237060547,54683300
2019-03-14,24.847454071044922,29.459999084472656,29.639999389648438,29.239999771118164,29.309999465942383,45219100
2019-03-15,24.71250343322754,29.299999237060547,29.610000610351562,29.260000228881836,29.440000534057617,82346200
2019-03-18,25.151092529296875,29.81999969482422,29.959999084472656,29.329999923706055,29.3799991607666,58568600
2019-03-19,25.007705688476562,29.649999618530273,30.139999389648438,29.540000915527344,30.010000228881836,55455100
2019-03-20,24.155845642089844,28.639999389648438,29.65999984741211,28.600000381469727,29.6200008392334,81689900
2019-03-21,23.767866134643555,28.18000030517578,28.600000381469727,28.040000915527344,28.450000762939453,77444400
2019-03-22,22.781044006347656,27.010000228881836,28.06999969482422,26.709999084472656,27.90999984741211,118851600
2019-03-25,22.637662887573242,26.84000015258789,27.3799991607666,26.610000610351562,26.90999984741211,65568000
2019-03-26,22.949737548828125,27.209999084472656,27.350000381469727,26.8799991607666,27.149999618530273,59878500
2019-03-27,22.79791831970215,27.030000686645508,27.3700008392334,26.950000762939453,27.09000015258789,57621700
2019-03-28,23.050947189331055,27.329999923706055,27.40999984741211,27.020000457763672,27.200000762939453,45872300
2019-03-29,23.270240783691406,27.59000015258789,27.68000030517578,27.299999237060547,27.549999237060547,83446300
2019-04-01,24.07149887084961,28.540000915527344,28.739999771118164,27.850000381469727,27.899999618530273,91751100
2019-04-02,24.34982681274414,28.8700008392334,28.8700008392334,28.350000381469727,28.469999313354492,66694000
2019-04-03,24.324525833129883,28.84000015258789,29.239999771118164,28.700000762939453,29.06999969482422,63110600
2019-04-04,24.585988998413086,29.149999618530273,29.309999465942383,28.84000015258789,28.850000381469727,53712100
2019-04-05,24.526948928833008,29.079999923706055,29.5,28.979999542236328,29.31999969482422,46383400
2019-04-08,24.602859497070312,29.170000076293945,29.200000762939453,28.8700008392334,28.889999389648438,35272800
2019-04-09,24.3666934967041,28.889999389648438,29.06999969482422,28.739999771118164,29.0,40535300
2019-04-10,24.518508911132812,29.06999969482422,29.149999618530273,28.75,28.899999618530273,42669700
2019-04-11,24.518508911132812,29.06999969482422,29.489999771118164,28.989999771118164,29.25,50440100
2019-04-12,25.446290969848633,30.170000076293945,30.219999313354492,29.559999465942383,29.559999465942383,100192000
2019-04-15,25.167953491210938,29.84000015258789,30.139999389648438,29.65999984741211,30.100000381469727,57438800
2019-04-16,25.201698303222656,29.8799991607666,30.049999237060547,29.0,29.299999237060547,105168400
2019-04-17,25.328208923339844,30.030000686645508,30.1200008392334,29.459999084472656,29.829999923706055,94831600
2019-04-18,25.328208923339844,30.030000686645508,30.15999984741211,29.81999969482422,29.950000762939453,61796600
2019-04-22,25.34507179260254,30.049999237060547,30.100000381469727,29.780000686645508,29.93000030517578,34763400
2019-04-23,25.36194610595703,30.06999969482422,30.209999084472656,29.920000076293945,29.989999771118164,41889700
2019-04-24,25.31976890563965,30.020000457763672,30.170000076293945,29.850000381469727,29.950000762939453,40078100
2019-04-25,25.370376586914062,30.079999923706055,30.31999969482422,29.899999618530273,29.90999984741211,43243800
2019-04-26,25.59810447692871,30.350000381469727,30.389999389648438,30.049999237060547,30.170000076293945,40627500
2019-04-29,25.95234489440918,30.770000457763672,31.170000076293945,30.40999984741211,30.43000030517578,68408600
2019-04-30,25.792091369628906,30.579999923706055,30.8799991607666,30.40999984741211,30.799999237060547,47764200
2019-05-01,25.522199630737305,30.260000228881836,30.889999389648438,30.18000030517578,30.559999465942383,56161000
2019-05-02,25.724620819091797,30.5,30.559999465942383,30.149999618530273,30.260000228881836,40634100
2019-05-03,25.90174102783203,30.709999084472656,30.799999237060547,30.5,30.65999984741211,35256100
2019-05-06,25.69931983947754,30.469999313354492,30.610000610351562,30.06999969482422,30.110000610351562,39882000
2019-05-07,25.235429763793945,29.920000076293945,30.170000076293945,29.6299991607666,30.15999984741211,58528400
2019-05-08,25.134218215942383,29.799999237060547,30.110000610351562,29.670000076293945,29.729999542236328,39903400
2019-05-09,25.05830955505371,29.709999084472656,29.780000686645508,29.280000686645508,29.420000076293945,44173500
2019-05-10,24.948659896850586,29.579999923706055,29.709999084472656,29.190000534057617,29.459999084472656,59649900
2019-05-13,23.826902389526367,28.25,29.0,28.049999237060547,28.959999084472656,72547000
2019-05-14,24.13897132873535,28.6200008392334,28.989999771118164,28.209999084472656,28.360000610351562,52216100
2019-05-15,23.860639572143555,28.290000915527344,28.489999771118164,28.010000228881836,28.100000381469727,51973200
2019-05-16,24.113666534423828,28.59000015258789,28.829999923706055,28.43000030517578,28.459999084472656,42791500
2019-05-17,23.953420639038086,28.399999618530273,28.639999389648438,28.219999313354492,28.25,43772500
2019-05-20,23.953420639038086,28.399999618530273,28.520000457763672,28.239999771118164,28.399999618530273,41717600
2019-05-21,24.19801139831543,28.690000534057617,28.75,28.450000762939453,28.56999969482422,39258700
2019-05-22,24.029321670532227,28.489999771118164,28.6299991607666,28.350000381469727,28.510000228881836,29177600
2019-05-23,23.41362190246582,27.760000228881836,28.200000762939453,27.5,28.1299991607666,59772900
2019-05-24,23.767866134643555,28.18000030517578,28.260000228881836,27.860000610351562,27.93000030517578,35524400
2019-05-28,23.531700134277344,27.899999618530273,28.25,27.8799991607666,28.049999237060547,44273400
2019-05-29,23.40518569946289,27.75,27.850000381469727,27.3799991607666,27.530000686645508,49818900
2019-05-30,22.907564163208008,27.15999984741211,27.93000030517578,26.979999542236328,27.770000457763672,58649300
2019-05-31,22.435237884521484,26.600000381469727,26.8700008392334,26.479999542236328,26.5,68304200
2019-06-03,22.502716064453125,26.68000030517578,26.989999771118164,26.399999618530273,26.59000015258789,50109900
2019-06-04,23.548568725585938,27.920000076293945,27.950000762939453,27.139999389648438,27.18000030517578,58426400
2019-06-05,23.540136337280273,27.90999984741211,28.010000228881836,27.459999084472656,27.84000015258789,44874400
2019-06-06,23.641891479492188,27.8799991607666,28.040000915527344,27.540000915527344,27.760000228881836,38633600
2019-06-07,23.3450984954834,27.530000686645508,27.790000915527344,27.420000076293945,27.75,51317200
2019-06-10,23.80301284790039,28.06999969482422,28.469999313354492,27.84000015258789,27.860000610351562,48305800
2019-06-11,23.947174072265625,28.239999771118164,28.700000762939453,28.139999389648438,28.3799991607666,38691800
2019-06-12,23.70125389099121,27.950000762939453,28.270000457763672,27.860000610351562,28.200000762939453,33528900
2019-06-13,23.692777633666992,27.940000534057617,28.15999984741211,27.809999465942383,27.969999313354492,33404200
2019-06-14,23.777572631835938,28.040000915527344,28.170000076293945,27.780000686645508,27.90999984741211,37322100
2019-06-17,23.684295654296875,27.93000030517578,28.219999313354492,27.790000915527344,28.010000228881836,33410100
2019-06-18,24.269407272338867,28.6200008392334,28.799999237060547,27.829999923706055,28.020000457763672,60170700
2019-06-19,24.015010833740234,28.31999969482422,28.969999313354492,28.299999237060547,28.700000762939453,61953500
2019-06-20,23.97261619567871,28.270000457763672,28.610000610351562,27.850000381469727,28.59000015258789,60887200
2019-06-21,23.84541130065918,28.1200008392334,28.549999237060547,28.079999923706055,28.190000534057617,69444000
2019-06-24,23.726696014404297,27.979999542236328,28.3799991607666,27.889999389648438,28.079999923706055,40046400
2019-06-25,23.540136337280273,27.760000228881836,28.020000457763672,27.3799991607666,28.020000457763672,46901300
2019-06-26,23.667329788208008,27.90999984741211,28.18000030517578,27.850000381469727,27.940000534057617,42312300
2019-06-27,23.921730041503906,28.209999084472656,28.31999969482422,28.059999465942383,28.079999923706055,35575600
2019-06-28,24.591642379760742,29.0,29.270000457763672,28.729999542236328,29.010000228881836,101856900
2019-07-01,24.947790145874023,29.420000076293945,29.850000381469727,29.25,29.479999542236328,48029900
2019-07-02,24.718843460083008,29.149999618530273,29.43000030517578,28.93000030517578,29.34000015258789,32263500
2019-07-03,24.634042739868164,29.049999237060547,29.239999771118164,28.93000030517578,29.190000534057617,26642300
2019-07-05,24.81212043762207,29.260000228881836,29.56999969482422,29.149999618530273,29.360000610351562,33092000
2019-07-08,24.761241912841797,29.200000762939453,29.299999237060547,28.940000534057617,29.010000228881836,30924400
2019-07-09,24.888437271118164,29.350000381469727,29.420000076293945,28.940000534057617,28.969999313354492,28750100
2019-07-10,24.608600616455078,29.020000457763672,29.399999618530273,28.959999084472656,29.170000076293945,40574800
2019-07-11,24.896921157836914,29.360000610351562,29.5,29.030000686645508,29.100000381469727,37376800
2019-07-12,24.97323226928711,29.450000762939453,29.530000686645508,29.360000610351562,29.440000534057617,29632900
2019-07-15,24.7781925201416,29.219999313354492,29.530000686645508,29.079999923706055,29.5,46462100
2019-07-16,24.583160400390625,28.989999771118164,29.200000762939453,28.860000610351562,29.170000076293945,54920400
2019-07-17,24.752758026123047,29.190000534057617,29.6200008392334,29.0,29.100000381469727,84958300
2019-07-18,24.998676300048828,29.479999542236328,29.579999923706055,29.18000030517578,29.280000686645508,49468800
2019-07-19,24.930835723876953,29.399999618530273,29.610000610351562,29.3799991607666,29.540000915527344,44863200
2019-07-22,25.07499122619629,29.56999969482422,29.610000610351562,29.280000686645508,29.290000915527344,31224300
2019-07-23,25.651628494262695,30.25,30.280000686645508,29.700000762939453,29.75,64030300
2019-07-24,26.007780075073242,30.670000076293945,30.75,30.040000915527344,30.06999969482422,53171900
2019-07-25,25.72794532775879,30.34000015258789,30.889999389648438,30.209999084472656,30.739999771118164,43251900
2019-07-26,26.092578887939453,30.770000457763672,30.989999771118164,30.420000076293945,30.56999969482422,46978800
2019-07-29,25.880582809448242,30.520000457763672,30.850000381469727,30.489999771118164,30.719999313354492,39176700
2019-07-30,26.194345474243164,30.889999389648438,30.899999618530273,30.149999618530273,30.209999084472656,37598300
2019-07-31,26.01626205444336,30.68000030517578,31.059999465942383,30.59000015258789,30.829999923706055,60607600
2019-08-01,25.007152557373047,29.489999771118164,31.06999969482422,29.360000610351562,30.549999237060547,76913400
2019-08-02,24.913875579833984,29.3799991607666,29.5,28.90999984741211,29.360000610351562,57492300
2019-08-05,23.811492919921875,28.079999923706055,28.639999389648438,27.709999084472656,28.530000686645508,96207700
2019-08-06,24.099807739257812,28.420000076293945,28.489999771118164,27.690000534057617,28.40999984741211,65115800
2019-08-07,23.650373458862305,27.889999389648438,27.93000030517578,27.1200008392334,27.610000610351562,75388500
2019-08-08,24.065885543823242,28.3799991607666,28.489999771118164,28.06999969482422,28.110000610351562,53141900
2019-08-09,24.023488998413086,28.329999923706055,28.520000457763672,27.969999313354492,28.270000457763672,53499600
2019-08-12,23.438373565673828,27.639999389648438,27.850000381469727,27.459999084472656,27.829999923706055,55674700
2019-08-13,23.506214141845703,27.719999313354492,28.25,27.3799991607666,27.56999969482422,69919200
2019-08-14,22.403831481933594,26.420000076293945,27.079999923706055,26.280000686645508,26.940000534057617,106591700
2019-08-15,22.259674072265625,26.25,26.829999923706055,26.209999084472656,26.579999923706055,70192000
2019-08-16,22.921106338500977,27.030000686645508,27.1200008392334,26.440000534057617,26.530000686645508,70841700
2019-08-19,23.124622344970703,27.270000457763672,27.700000762939453,27.139999389648438,27.639999389648438,44964800
2019-08-20,22.65822982788086,26.719999313354492,27.059999465942383,26.700000762939453,27.020000457763672,47665000
2019-08-21,22.83631134033203,26.93000030517578,27.079999923706055,26.790000915527344,26.93000030517578,47785400
2019-08-22,23.056781768798828,27.190000534057617,27.299999237060547,26.959999084472656,27.09000015258789,49353700
2019-08-23,22.446231842041016,26.469999313354492,27.219999313354492,26.260000228881836,26.950000762939453,81880700
2019-08-26,22.709108352661133,26.780000686645508,26.799999237060547,26.489999771118164,26.700000762939453,41499100
2019-08-27,22.446231842041016,26.469999313354492,26.899999618530273,26.280000686645508,26.860000610351562,52517000
2019-08-28,22.76846694946289,26.850000381469727,27.079999923706055,26.209999084472656,26.219999313354492,45897900
2019-08-29,23.17549705505371,27.329999923706055,27.450000762939453,26.920000076293945,27.0,55432900
2019-08-30,23.328136444091797,27.510000228881836,27.690000534057617,27.350000381469727,27.5,41326200
2019-09-03,22.938064575195312,27.049999237060547,27.229999542236328,26.610000610351562,27.209999084472656,50743100
2019-09-04,23.31117820739746,27.489999771118164,27.579999923706055,27.15999984741211,27.31999969482422,40862500
2019-09-05,24.002574920654297,28.1200008392334,28.43000030517578,27.799999237060547,27.850000381469727,63413700
2019-09-06,23.669679641723633,27.729999542236328,28.09000015258789,27.56999969482422,28.020000457763672,56054100
2019-09-09,24.43790054321289,28.6299991607666,28.850000381469727,27.969999313354492,28.0,68629300
2019-09-10,25.05247688293457,29.350000381469727,29.350000381469727,28.809999465942383,28.889999389648438,71066200
2019-09-11,25.14636993408203,29.459999084472656,29.469999313354492,28.899999618530273,29.3700008392334,53982200
2019-09-12,25.32562255859375,29.670000076293945,29.799999237060547,28.90999984741211,29.219999313354492,72943900
2019-09-13,25.752412796020508,30.170000076293945,30.31999969482422,29.8700008392334,30.0,79657000
2019-09-16,25.7182674407959,30.1299991607666,30.170000076293945,29.639999389648438,29.68000030517578,43391300
2019-09-17,25.55608558654785,29.940000534057617,30.020000457763672,29.59000015258789,29.850000381469727,48284900
2019-09-18,25.6072998046875,30.0,30.149999618530273,29.549999237060547,29.770000457763672,66640400
2019-09-19,25.453657150268555,29.81999969482422,30.100000381469727,29.75,30.0,43035700
2019-09-20,25.257333755493164,29.59000015258789,30.1299991607666,29.56999969482422,29.969999313354492,167269000
2019-09-23,25.19758415222168,29.520000457763672,29.6200008392334,29.170000076293945,29.309999465942383,52048300
2019-09-24,24.7025089263916,28.940000534057617,29.639999389648438,28.739999771118164,29.600000381469727,64806900
2019-09-25,24.967117309570312,29.25,29.40999984741211,28.780000686645508,28.780000686645508,45807700
2019-09-26,24.864688873291016,29.1299991607666,29.329999923706055,29.049999237060547,29.209999084472656,33198100
2019-09-27,25.05247688293457,29.350000381469727,29.709999084472656,29.209999084472656,29.40999984741211,41336600
2019-09-30,24.898834228515625,29.170000076293945,29.520000457763672,29.079999923706055,29.489999771118164,39191000
2019-10-01,24.27572250366211,28.440000534057617,29.510000228881836,28.40999984741211,29.440000534057617,49434400
2019-10-02,23.763574600219727,27.84000015258789,28.299999237060547,27.809999465942383,28.200000762939453,52293100
2019-10-03,23.737964630126953,27.809999465942383,27.8799991607666,27.15999984741211,27.760000228881836,53015800
2019-10-04,24.21596908569336,28.3700008392334,28.399999618530273,27.84000015258789,27.850000381469727,42641800
2019-10-07,24.164756774902344,28.309999465942383,28.6200008392334,28.18000030517578,28.329999923706055,36742400
2019-10-08,23.58432960510254,27.6299991607666,27.920000076293945,27.459999084472656,27.8700008392334,58201100
2019-10-09,23.80625343322754,27.889999389648438,28.06999969482422,27.75,27.829999923706055,37511400
2019-10-10,24.284259796142578,28.450000762939453,28.75,28.040000915527344,28.040000915527344,48239300
2019-10-11,24.676904678344727,28.90999984741211,29.34000015258789,28.860000610351562,28.989999771118164,70008600
2019-10-14,24.873226165771484,29.139999389648438,29.15999984741211,28.729999542236328,28.739999771118164,36040100
2019-10-15,25.3768367767334,29.729999542236328,30.239999771118164,29.110000610351562,29.34000015258789,78656000
2019-10-16,25.752412796020508,30.170000076293945,30.719999313354492,30.149999618530273,30.3700008392334,87131700
2019-10-17,25.82923126220703,30.260000228881836,30.540000915527344,30.0,30.299999237060547,55575900
2019-10-18,25.906049728393555,30.350000381469727,30.489999771118164,30.100000381469727,30.1299991607666,48872900
2019-10-21,26.47795295715332,31.020000457763672,31.149999618530273,30.6299991607666,30.670000076293945,61087400
2019-10-22,26.631589889526367,31.200000762939453,31.3700008392334,30.75,30.969999313354492,58662100
2019-10-23,26.819381713867188,31.420000076293945,31.440000534057617,31.09000015258789,31.1299991607666,47771200
2019-10-24,26.76816749572754,31.360000610351562,31.520000457763672,31.200000762939453,31.450000762939453,39491000
2019-10-25,27.075450897216797,31.719999313354492,31.850000381469727,31.34000015258789,31.360000610351562,43702000
2019-10-28,27.177886962890625,31.84000015258789,32.22999954223633,31.739999771118164,31.969999313354492,58790300
2019-10-29,27.37420082092285,32.06999969482422,32.13999938964844,31.809999465942383,31.940000534057617,48266600
2019-10-30,26.990095138549805,31.6200008392334,32.0099983215332,31.530000686645508,32.0099983215332,45262400
2019-10-31,26.69133949279785,31.270000457763672,31.6200008392334,30.81999969482422,31.40999984741211,49430900
2019-11-01,27.143735885620117,31.799999237060547,31.84000015258789,31.3700008392334,31.700000762939453,41985300
2019-11-04,27.655881881713867,32.400001525878906,32.5,32.099998474121094,32.2400016784668,54228600
2019-11-05,28.014385223388672,32.81999969482422,33.09000015258789,32.5,32.5099983215332,68785600
2019-11-06,27.98877716064453,32.790000915527344,33.060001373291016,32.66999816894531,32.7599983215332,47524500
2019-11-07,28.364356994628906,33.22999954223633,33.599998474121094,33.0099983215332,33.11000061035156,68310700
2019-11-08,28.389963150024414,33.2599983215332,33.27000045776367,32.93000030517578,33.06999969482422,38724000
2019-11-11,28.32167625427246,33.18000030517578,33.25,32.970001220703125,33.029998779296875,27784000
2019-11-12,28.24484634399414,33.09000015258789,33.31999969482422,32.9900016784668,33.130001068115234,37282200
2019-11-13,27.98877716064453,32.790000915527344,32.88999938964844,32.47999954223633,32.720001220703125,48887800
2019-11-14,27.911954879760742,32.70000076293945,32.86000061035156,32.4900016784668,32.689998626708984,35554600
2019-11-15,28.1082820892334,32.93000030517578,32.959999084472656,32.70000076293945,32.91999816894531,36398300
2019-11-18,28.133886337280273,32.959999084472656,33.029998779296875,32.75,32.86000061035156,31133700
2019-11-19,28.116809844970703,32.939998626708984,33.150001525878906,32.81999969482422,33.119998931884766,33183700
2019-11-20,27.903417587280273,32.689998626708984,32.83000183105469,32.41999816894531,32.790000915527344,43612200
2019-11-21,28.031461715698242,32.84000015258789,33.040000915527344,32.630001068115234,32.779998779296875,42787600
2019-11-22,28.32167625427246,33.18000030517578,33.31999969482422,32.939998626708984,32.959999084472656,38783900
2019-11-25,28.56922149658203,33.470001220703125,33.5099983215332,33.2599983215332,33.33000183105469,50238800
2019-11-26,28.466779708862305,33.349998474121094,33.400001525878906,33.119998931884766,33.380001068115234,50626600
2019-11-27,28.526531219482422,33.41999816894531,33.599998474121094,33.310001373291016,33.4900016784668,32097700
2019-11-29,28.44117546081543,33.31999969482422,33.52000045776367,33.2400016784668,33.369998931884766,19503400
2019-12-02,28.535066604614258,33.43000030517578,33.75,33.34000015258789,33.45000076293945,47158800
2019-12-03,28.031461715698242,32.84000015258789,32.900001525878906,32.54999923706055,32.869998931884766,58745100
2019-12-04,28.296066284179688,33.150001525878906,33.29999923706055,32.849998474121094,33.08000183105469,46637900
2019-12-05,28.3990478515625,33.09000015258789,33.220001220703125,33.0,33.15999984741211,38304500
2019-12-06,28.896835327148438,33.66999816894531,33.79999923706055,33.56999969482422,33.68000030517578,50908500
2019-12-09,28.75950813293457,33.5099983215332,33.70000076293945,33.439998626708984,33.5,32974500
2019-12-10,28.77667808532715,33.529998779296875,33.630001068115234,33.29999923706055,33.400001525878906,41960100
2019-12-11,28.871084213256836,33.63999938964844,33.7599983215332,33.47999954223633,33.47999954223633,43107800
2019-12-12,29.763660430908203,34.68000030517578,34.810001373291016,33.68000030517578,33.779998779296875,64942500
2019-12-13,29.557674407958984,34.439998626708984,34.959999084472656,34.349998474121094,34.689998626708984,48539600
2019-12-16,29.780818939208984,34.70000076293945,35.09000015258789,34.70000076293945,34.95000076293945,50777100
2019-12-17,30.07261848449707,35.040000915527344,35.27000045776367,34.7400016784668,34.849998474121094,50840500
2019-12-18,30.132694244384766,35.11000061035156,35.27000045776367,35.04999923706055,35.11000061035156,48757900
2019-12-19,29.995380401611328,34.95000076293945,35.22999954223633,34.88999938964844,35.150001525878906,45409500
2019-12-20,30.003952026367188,34.959999084472656,35.2400016784668,34.90999984741211,35.2400016784668,109395500
2019-12-23,30.18418312072754,35.16999816894531,35.189998626708984,34.95000076293945,35.040000915527344,33995400
2019-12-24,30.227092742919922,35.220001220703125,35.279998779296875,35.119998931884766,35.189998626708984,13805400
2019-12-26,30.48457145690918,35.52000045776367,35.560001373291016,35.290000915527344,35.31999969482422,26992100
2019-12-27,30.338672637939453,35.349998474121094,35.720001220703125,35.2599983215332,35.70000076293945,28111300
2019-12-30,30.167022705078125,35.150001525878906,35.650001525878906,35.09000015258789,35.56999969482422,30705100
2019-12-31,30.227092742919922,35.220001220703125,35.2599983215332,34.970001220703125,35.029998779296875,29630100
2020-01-02,30.58755874633789,35.63999938964844,35.65999984741211,35.290000915527344,35.349998474121094,37614200
2020-01-03,29.952468872070312,34.900001525878906,35.150001525878906,34.7599983215332,34.97999954223633,50357900
2020-01-06,29.909542083740234,34.849998474121094,34.900001525878906,34.369998931884766,34.40999984741211,42185000
2020-01-07,29.71215057373047,34.619998931884766,34.91999816894531,34.529998779296875,34.70000076293945,34149000
2020-01-08,30.01253890991211,34.970001220703125,35.189998626708984,34.54999923706055,34.56999969482422,45311600
2020-01-09,30.064037322998047,35.029998779296875,35.33000183105469,34.939998626708984,35.29999923706055,39861600
2020-01-10,29.815141677856445,34.7400016784668,35.06999969482422,34.65999984741211,35.0,39730400
2020-01-13,30.089784622192383,35.060001373291016,35.06999969482422,34.65999984741211,34.84000015258789,37956100
2020-01-14,30.31291961669922,35.31999969482422,35.66999816894531,35.11000061035156,35.29999923706055,66719300
2020-01-15,29.755067825317383,34.66999816894531,34.790000915527344,34.34000015258789,34.77000045776367,74745500
2020-01-16,29.797983169555664,34.720001220703125,34.9900016784668,34.599998474121094,34.900001525878906,50368500
2020-01-17,29.789396286010742,34.709999084472656,34.95000076293945,34.599998474121094,34.91999816894531,54156100
2020-01-21,29.403194427490234,34.2599983215332,34.52000045776367,34.220001220703125,34.41999816894531,50811000
2020-01-22,29.489017486572266,34.36000061035156,34.45000076293945,34.22999954223633,34.369998931884766,38879700
2020-01-23,29.283039093017578,34.119998931884766,34.2599983215332,33.72999954223633,34.09000015258789,45717100
2020-01-24,28.785266876220703,33.540000915527344,34.13999938964844,33.27000045776367,34.119998931884766,47797200
2020-01-27,28.193078994750977,32.849998474121094,33.130001068115234,32.470001220703125,32.56999969482422,57096200
2020-01-28,28.52779197692871,33.2400016784668,33.4900016784668,32.95000076293945,33.02000045776367,38834600
2020-01-29,28.330392837524414,33.0099983215332,33.439998626708984,32.97999954223633,33.33000183105469,37414700
2020-01-30,28.7337703704834,33.47999954223633,33.52000045776367,32.66999816894531,32.70000076293945,50542800
2020-01-31,28.17591667175293,32.83000183105469,33.16999816894531,32.650001525878906,33.06999969482422,54845300
2020-02-03,28.296070098876953,32.970001220703125,33.400001525878906,32.91999816894531,33.0,48485500
2020-02-04,28.85391616821289,33.619998931884766,33.900001525878906,33.529998779296875,33.560001373291016,45061600
2020-02-05,29.789396286010742,34.709999084472656,34.810001373291016,34.06999969482422,34.099998474121094,54604800
2020-02-06,29.755067825317383,34.66999816894531,35.0099983215332,34.599998474121094,34.939998626708984,39511500
2020-02-07,29.703567504882812,34.61000061035156,34.65999984741211,34.2400016784668,34.31999969482422,31263000
2020-02-10,29.772235870361328,34.689998626708984,34.689998626708984,34.380001068115234,34.439998626708984,24373800
2020-02-11,29.84088897705078,34.77000045776367,35.040000915527344,34.7599983215332,34.849998474121094,32476300
2020-02-12,29.96962547302246,34.91999816894531,35.45000076293945,34.779998779296875,35.08000183105469,36656700
2020-02-13,29.96104621887207,34.90999984741211,35.029998779296875,34.54999923706055,34.7599983215332,31775100
2020-02-14,29.909542083740234,34.849998474121094,34.959999084472656,34.70000076293945,34.880001068115234,26447700
2020-02-18,29.41177749633789,34.27000045776367,34.83000183105469,34.0099983215332,34.77000045776367,40318000
2020-02-19,29.797983169555664,34.720001220703125,34.849998474121094,34.40999984741211,34.45000076293945,29632100
2020-02-20,29.909542083740234,34.849998474121094,35.08000183105469,34.459999084472656,34.459999084472656,42604100
2020-02-21,29.489017486572266,34.36000061035156,34.63999938964844,34.13999938964844,34.529998779296875,46675500
2020-02-24,28.090087890625,32.72999954223633,33.209999084472656,32.52000045776367,33.18000030517578,79159600
2020-02-25,26.67400550842285,31.079999923706055,32.7599983215332,30.84000015258789,32.689998626708984,91586800
2020-02-26,26.287792205810547,30.6299991607666,31.600000381469727,30.559999465942383,31.389999389648438,80012800
2020-02-27,25.000436782836914,29.1299991607666,30.299999237060547,28.90999984741211,29.549999237060547,121148300
2020-02-28,24.459753036499023,28.5,28.75,27.700000762939453,28.0,171198800
2020-03-02,25.206417083740234,29.3700008392334,29.3799991607666,27.440000534057617,28.350000381469727,147776300
2020-03-03,23.816068649291992,27.75,29.75,27.6200008392334,29.3700008392334,138698500
2020-03-04,24.36534309387207,28.389999389648438,28.420000076293945,27.399999618530273,28.25,111239800
2020-03-05,23.13023567199707,26.780000686645508,27.350000381469727,26.399999618530273,27.239999771118164,110878700
2020-03-06,22.20606231689453,25.709999084472656,26.209999084472656,25.100000381469727,25.469999313354492,119121200
2020-03-09,18.94122886657715,21.93000030517578,23.489999771118164,21.510000228881836,22.229999542236328,145196000
2020-03-10,20.392263412475586,23.610000610351562,23.68000030517578,21.59000015258789,23.25,134863600
2020-03-11,19.58036994934082,22.670000076293945,23.959999084472656,22.260000228881836,22.84000015258789,127347000
2020-03-12,17.714757919311523,20.510000228881836,22.8700008392334,20.149999618530273,20.59000015258789,139552600
2020-03-13,20.8673038482666,24.15999984741211,24.25,21.479999542236328,22.190000534057617,128357400
2020-03-16,17.654293060302734,20.440000534057617,21.729999542236328,19.579999923706055,19.850000381469727,121688800
2020-03-17,18.98440933227539,21.979999542236328,22.690000534057617,20.030000686645508,21.059999465942383,120065700
2020-03-18,17.956592559814453,20.790000915527344,20.969999313354492,19.700000762939453,20.270000457763672,148272500
2020-03-19,18.310714721679688,21.200000762939453,21.75,19.0,20.260000228881836,122461300
2020-03-20,16.989233016967773,19.670000076293945,21.84000015258789,19.559999465942383,21.760000228881836,150910400
2020-03-23,15.61593246459961,18.079999923706055,19.670000076293945,17.950000762939453,19.260000228881836,181898500
2020-03-24,18.163877487182617,21.030000686645508,21.149999618530273,19.010000228881836,19.420000076293945,147882400
2020-03-25,18.22434425354004,21.100000381469727,22.100000381469727,20.40999984741211,21.709999084472656,146991300
2020-03-26,19.623554229736328,22.719999313354492,22.950000762939453,21.170000076293945,21.309999465942383,116111400
2020-03-27,18.656200408935547,21.600000381469727,22.200000762939453,21.100000381469727,21.68000030517578,91522800
2020-03-30,19.036235809326172,22.040000915527344,22.350000381469727,21.270000457763672,21.649999618530273,80449100
2020-03-31,18.336627960205078,21.229999542236328,22.489999771118164,20.959999084472656,21.81999969482422,95213700
2020-04-01,17.07560157775879,19.770000457763672,20.350000381469727,19.510000228881836,19.93000030517578,83961300
2020-04-02,17.766576766967773,20.56999969482422,20.790000915527344,19.59000015258789,19.649999618530273,70007400
2020-04-03,17.30017852783203,20.030000686645508,20.739999771118164,19.68000030517578,20.399999618530273,68293500
2020-04-06,18.47481918334961,21.389999389648438,21.600000381469727,20.809999465942383,21.030000686645508,97766200
2020-04-07,19.12260627746582,22.139999389648438,22.8799991607666,21.850000381469727,22.799999237060547,94560300
2020-04-08,20.254070281982422,23.450000762939453,23.600000381469727,22.40999984741211,22.40999984741211,81212300
2020-04-09,21.471900939941406,24.860000610351562,25.31999969482422,24.049999237060547,24.06999969482422,125275700
2020-04-13,20.660009384155273,23.920000076293945,24.850000381469727,23.780000686645508,24.780000686645508,83164700
2020-04-14,20.495908737182617,23.729999542236328,24.649999618530273,23.100000381469727,24.5,88991100
2020-04-15,19.165794372558594,22.190000534057617,22.649999618530273,21.90999984741211,22.15999984741211,99082200
2020-04-16,18.500728607177734,21.420000076293945,22.209999084472656,21.09000015258789,22.149999618530273,89213300
2020-04-17,20.107242584228516,23.280000686645508,23.399999618530273,22.309999465942383,22.34000015258789,92800300
2020-04-20,19.433542251586914,22.5,23.1299991607666,22.18000030517578,22.56999969482422,74446300
2020-04-21,18.690752029418945,21.639999389648438,22.3700008392334,21.5,21.899999618530273,78871300
2020-04-22,18.82893943786621,21.799999237060547,22.229999542236328,21.75,22.15999984741211,49669500
2020-04-23,18.88939666748047,21.8700008392334,22.389999389648438,21.850000381469727,21.959999084472656,50614800
2020-04-24,19.15715217590332,22.18000030517578,22.299999237060547,21.670000076293945,22.110000610351562,47633500
2020-04-27,20.271343231201172,23.469999313354492,23.649999618530273,22.450000762939453,22.520000457763672,66916700
2020-04-28,20.634103775024414,23.889999389648438,24.809999465942383,23.850000381469727,24.450000762939453,65504900
2020-04-29,21.402807235717773,24.780000686645508,25.110000610351562,24.510000228881836,24.90999984741211,73493900
2020-04-30,20.772294998168945,24.049999237060547,24.3799991607666,23.850000381469727,24.209999084472656,55244100
2020-05-01,19.934494018554688,23.079999923706055,23.459999084472656,22.809999465942383,23.3799991607666,51772600
2020-05-04,19.804935455322266,22.93000030517578,22.989999771118164,22.43000030517578,22.700000762939453,45886100
2020-05-05,19.571731567382812,22.65999984741211,23.520000457763672,22.6200008392334,23.479999542236328,45691900
2020-05-06,19.30398178100586,22.350000381469727,23.079999923706055,22.229999542236328,23.0,53874600
2020-05-07,19.727203369140625,22.84000015258789,23.3700008392334,22.610000610351562,22.65999984741211,51884300
2020-05-08,20.357715606689453,23.56999969482422,23.6200008392334,23.25,23.469999313354492,45181000
2020-05-11,19.502635955810547,22.579999923706055,23.1200008392334,22.559999465942383,23.110000610351562,68951800
2020-05-12,18.88939666748047,21.8700008392334,22.81999969482422,21.850000381469727,22.709999084472656,69588700
2020-05-13,18.025691986083984,20.8700008392334,21.75,20.719999313354492,21.65999984741211,112113400
2020-05-14,18.751205444335938,21.709999084472656,21.790000915527344,20.100000381469727,20.290000915527344,88359100
2020-05-15,18.518007278442383,21.440000534057617,21.700000762939453,21.229999542236328,21.399999618530273,64484000
2020-05-18,19.804935455322266,22.93000030517578,23.059999465942383,22.06999969482422,22.420000076293945,86589400
2020-05-19,19.18306541442871,22.209999084472656,23.0,22.190000534057617,22.65999984741211,62179000
2020-05-20,19.78766441345215,22.90999984741211,23.0,22.639999389648438,22.68000030517578,59789500
2020-05-21,19.779027938842773,22.899999618530273,23.270000457763672,22.780000686645508,22.809999465942383,57726000
2020-05-22,19.571731567382812,22.65999984741211,22.950000762939453,22.459999084472656,22.93000030517578,48107000
2020-05-26,20.970947265625,24.280000686645508,24.600000381469727,23.700000762939453,23.75,119485500
2020-05-27,22.439258575439453,25.979999542236328,26.170000076293945,24.969999313354492,26.06999969482422,117672700
2020-05-28,21.471900939941406,24.860000610351562,26.139999389648438,24.790000915527344,26.079999923706055,84340800
2020-05-29,20.8327579498291,24.1200008392334,24.90999984741211,24.059999465942383,24.420000076293945,113811100
2020-06-01,21.25597381591797,24.610000610351562,24.8700008392334,24.049999237060547,24.280000686645508,58375500
2020-06-02,21.454627990722656,24.84000015258789,25.389999389648438,24.559999465942383,24.959999084472656,71118100
2020-06-03,22.44789695739746,25.989999771118164,26.139999389648438,25.389999389648438,25.5,86744600
2020-06-04,23.29154396057129,26.780000686645508,26.829999923706055,25.56999969482422,25.709999084472656,94545300
2020-06-05,24.448291778564453,28.110000610351562,29.010000228881836,27.8799991607666,28.950000762939453,118767900
2020-06-08,24.822282791137695,28.540000915527344,28.899999618530273,28.139999389648438,28.59000015258789,79598500
2020-06-09,24.54396629333496,28.219999313354492,28.540000915527344,27.549999237060547,27.719999313354492,77773400
2020-06-10,23.134992599487305,26.600000381469727,28.100000381469727,26.510000228881836,27.969999313354492,90415300
2020-06-11,20.812795639038086,23.93000030517578,25.690000534057617,23.68000030517578,24.979999542236328,149875500
2020-06-12,21.55207061767578,24.780000686645508,25.049999237060547,24.040000915527344,25.030000686645508,73729700
2020-06-15,21.873872756958008,25.149999618530273,25.170000076293945,23.690000534057617,23.760000228881836,76538900
2020-06-16,22.43920135498047,25.799999237060547,26.239999771118164,24.860000610351562,26.18000030517578,96796500
2020-06-17,21.743412017822266,25.0,25.899999618530273,24.920000076293945,25.899999618530273,58349500
2020-06-18,21.7782039642334,25.040000915527344,25.489999771118164,24.579999923706055,24.700000762939453,53419000
2020-06-19,21.96084976196289,25.25,25.489999771118164,24.489999771118164,25.440000534057617,127563600
2020-06-22,21.412914276123047,24.6200008392334,25.030000686645508,24.610000610351562,24.889999389648438,55484300
2020-06-23,21.560766220092773,24.790000915527344,25.40999984741211,24.760000228881836,25.010000228881836,46108300
2020-06-24,20.70842933654785,23.809999465942383,24.540000915527344,23.68000030517578,24.540000915527344,75437100
2020-06-25,21.499887466430664,24.719999313354492,24.770000457763672,23.549999237060547,23.700000762939453,65031900
2020-06-26,20.134397506713867,23.149999618530273,24.110000610351562,23.020000457763672,24.09000015258789,118139200
2020-06-29,20.3431396484375,23.389999389648438,23.84000015258789,23.100000381469727,23.40999984741211,66269200
2020-06-30,20.656240463256836,23.75,23.90999984741211,23.100000381469727,23.200000762939453,61716200
2020-07-01,20.230070114135742,23.260000228881836,24.06999969482422,23.229999542236328,24.030000686645508,57379900
2020-07-02,20.25616455078125,23.290000915527344,23.989999771118164,23.219999313354492,23.84000015258789,56000200
2020-07-06,20.57796859741211,23.65999984741211,24.079999923706055,23.459999084472656,23.81999969482422,59589000
2020-07-07,20.012638092041016,23.010000228881836,23.389999389648438,22.899999618530273,23.3799991607666,60645800
2020-07-08,20.09091567993164,23.100000381469727,23.190000534057617,22.700000762939453,23.030000686645508,52922600
2020-07-09,19.80389976501465,22.770000457763672,23.15999984741211,22.389999389648438,22.940000534057617,79385900
2020-07-10,20.89107322692871,24.020000457763672,24.049999237060547,22.68000030517578,22.709999084472656,81142900
2020-07-13,21.038925170898438,24.190000534057617,24.510000228881836,23.860000610351562,24.3700008392334,73598100
2020-07-14,20.995445251464844,24.139999389648438,24.149999618530273,23.450000762939453,23.889999389648438,67423100
2020-07-15,21.39551544189453,24.600000381469727,24.8700008392334,24.280000686645508,24.760000228881836,57384400
2020-07-16,20.812795639038086,23.93000030517578,24.219999313354492,23.540000915527344,23.75,78067100
2020-07-17,20.19527816772461,23.219999313354492,23.979999542236328,23.200000762939453,23.8799991607666,66659100
2020-07-20,20.508386611938477,23.579999923706055,23.700000762939453,23.110000610351562,23.190000534057617,61114000
2020-07-21,21.23896598815918,24.420000076293945,24.479999542236328,23.690000534057617,23.709999084472656,75499300
2020-07-22,21.143293380737305,24.309999465942383,24.329999923706055,23.969999313354492,24.239999771118164,52193700
2020-07-23,21.34333610534668,24.540000915527344,24.639999389648438,24.110000610351562,24.520000457763672,61047600
2020-07-24,21.178085327148438,24.350000381469727,24.829999923706055,24.270000457763672,24.559999465942383,50217600
2020-07-27,20.995445251464844,24.139999389648438,24.270000457763672,23.8799991607666,24.219999313354492,54721300
2020-07-28,21.186786651611328,24.360000610351562,24.559999465942383,24.079999923706055,24.1299991607666,48406500
2020-07-29,21.978242874145508,25.270000457763672,25.290000915527344,24.190000534057617,24.360000610351562,71393500
2020-07-30,21.60425567626953,24.84000015258789,24.950000762939453,24.350000381469727,24.719999313354492,61755900
2020-07-31,21.63904571533203,24.8799991607666,24.950000762939453,24.459999084472656,24.93000030517578,61955800
2020-08-03,21.734716415405273,24.989999771118164,25.309999465942383,24.690000534057617,25.030000686645508,58284000
2020-08-04,21.752113342285156,25.010000228881836,25.059999465942383,24.860000610351562,24.959999084472656,37985300
2020-08-05,22.082611083984375,25.389999389648438,25.59000015258789,25.25,25.31999969482422,51322600
2020-08-06,22.15218734741211,25.469999313354492,25.670000076293945,25.280000686645508,25.450000762939453,51999700
2020-08-07,22.70882225036621,26.110000610351562,26.190000534057617,25.260000228881836,25.34000015258789,63354500
2020-08-10,23.100200653076172,26.559999465942383,26.809999465942383,26.209999084472656,26.309999465942383,64051100
2020-08-11,23.413311004638672,26.920000076293945,27.75,26.780000686645508,27.280000686645508,81441000
2020-08-12,23.248058319091797,26.729999542236328,27.56999969482422,26.40999984741211,27.479999542236328,61971300
2020-08-13,22.917558670043945,26.350000381469727,26.670000076293945,26.139999389648438,26.489999771118164,55955500
2020-08-14,23.02192497253418,26.469999313354492,26.65999984741211,25.920000076293945,26.059999465942383,50931900
2020-08-17,22.52617073059082,25.899999618530273,26.40999984741211,25.84000015258789,26.309999465942383,57518700
2020-08-18,22.20437240600586,25.530000686645508,25.989999771118164,25.459999084472656,25.8700008392334,45850100
2020-08-19,22.17828369140625,25.5,26.079999923706055,25.389999389648438,25.65999984741211,59856000
2020-08-20,21.830385208129883,25.100000381469727,25.329999923706055,25.020000457763672,25.15999984741211,49403700
2020-08-21,21.726022720336914,24.979999542236328,25.43000030517578,24.899999618530273,24.979999542236328,55010700
2020-08-24,22.343530654907227,25.690000534057617,25.700000762939453,25.040000915527344,25.219999313354492,54579500
2020-08-25,22.613149642944336,26.0,26.190000534057617,25.729999542236328,26.040000915527344,57304700
2020-08-26,22.23046112060547,25.559999465942383,25.940000534057617,25.540000915527344,25.940000534057617,39478000
2020-08-27,22.65663719177246,26.049999237060547,26.219999313354492,25.440000534057617,25.489999771118164,52934800
2020-08-28,22.87407112121582,26.299999237060547,26.469999313354492,25.989999771118164,26.399999618530273,46466400
2020-08-31,22.387022018432617,25.739999771118164,26.139999389648438,25.690000534057617,26.09000015258789,49416200
2020-09-01,22.36092758178711,25.709999084472656,25.899999618530273,25.399999618530273,25.579999923706055,46109200
2020-09-02,22.63054656982422,26.020000457763672,26.15999984741211,25.489999771118164,25.530000686645508,57300900
2020-09-03,22.472902297973633,25.65999984741211,26.6200008392334,25.459999084472656,26.200000762939453,86192500
2020-09-04,23.24359893798828,26.540000915527344,26.760000228881836,25.799999237060547,26.260000228881836,99621400
2020-09-08,22.315263748168945,25.479999542236328,26.31999969482422,25.389999389648438,26.139999389648438,74978600
2020-09-09,22.341535568237305,25.510000228881836,25.719999313354492,25.229999542236328,25.639999389648438,53822700
2020-09-10,22.017492294311523,25.139999389648438,25.889999389648438,25.079999923706055,25.700000762939453,56609600
2020-09-11,22.33277702331543,25.5,25.579999923706055,25.09000015258789,25.219999313354492,47708300
2020-09-14,22.55172348022461,25.75,25.989999771118164,25.540000915527344,25.670000076293945,47802400
2020-09-15,22.14010238647461,25.280000686645508,25.829999923706055,25.190000534057617,25.770000457763672,63820200
2020-09-16,22.420351028442383,25.600000381469727,25.90999984741211,25.049999237060547,25.280000686645508,64598600
2020-09-17,22.201404571533203,25.350000381469727,25.479999542236328,25.100000381469727,25.1299991607666,48862000
2020-09-18,22.07879066467285,25.209999084472656,25.579999923706055,25.100000381469727,25.149999618530273,94055800
2020-09-21,21.430702209472656,24.469999313354492,24.780000686645508,24.030000686645508,24.56999969482422,75218600
2020-09-22,20.966533660888672,23.940000534057617,24.600000381469727,23.809999465942383,24.270000457763672,68665300
2020-09-23,20.370990753173828,23.260000228881836,24.260000228881836,23.260000228881836,24.100000381469727,59950300
2020-09-24,20.44106101989746,23.34000015258789,23.81999969482422,22.950000762939453,23.3799991607666,53570700
2020-09-25,20.572423934936523,23.489999771118164,23.549999237060547,23.1299991607666,23.280000686645508,42111300
2020-09-28,21.097902297973633,24.09000015258789,24.309999465942383,23.790000915527344,23.8799991607666,47996900
2020-09-29,20.817646026611328,23.770000457763672,23.989999771118164,23.530000686645508,23.979999542236328,45695200
2020-09-30,21.097902297973633,24.09000015258789,24.31999969482422,23.770000457763672,23.780000686645508,56226100
2020-10-01,21.106666564941406,24.100000381469727,24.40999984741211,23.860000610351562,24.270000457763672,44782200
2020-10-02,21.2029972076416,24.209999084472656,24.43000030517578,23.56999969482422,23.639999389648438,51682100
2020-10-05,21.562074661254883,24.6200008392334,24.709999084472656,24.3799991607666,24.520000457763672,44396800
2020-10-06,21.343122482299805,24.3700008392334,25.190000534057617,24.280000686645508,24.920000076293945,67541100
2020-10-07,21.78978157043457,24.8799991607666,25.110000610351562,24.600000381469727,24.6299991607666,47648000
2020-10-08,22.10506820678711,25.239999771118164,25.299999237060547,24.809999465942383,24.950000762939453,52080600
2020-10-09,22.21016502380371,25.360000610351562,25.489999771118164,25.040000915527344,25.34000015258789,44511500
2020-10-12,22.490419387817383,25.68000030517578,25.829999923706055,25.239999771118164,25.299999237060547,48362900
2020-10-13,21.851085662841797,24.950000762939453,25.68000030517578,24.84000015258789,25.639999389648438,61186900
2020-10-14,20.686277389526367,23.6200008392334,24.59000015258789,23.59000015258789,24.350000381469727,127409500
2020-10-15,21.150455474853516,24.149999618530273,24.200000762939453,23.479999542236328,23.59000015258789,66832400
2020-10-16,21.229272842407227,24.239999771118164,24.350000381469727,23.940000534057617,24.200000762939453,58357700
2020-10-19,20.773860931396484,23.719999313354492,24.31999969482422,23.690000534057617,24.299999237060547,51377900
2020-10-20,21.141698837280273,24.139999389648438,24.479999542236328,23.8799991607666,23.889999389648438,62476400
2020-10-21,21.062870025634766,24.049999237060547,24.34000015258789,24.010000228881836,24.219999313354492,41564900
2020-10-22,21.781023025512695,24.8700008392334,24.90999984741211,24.0,24.049999237060547,55402000
2020-10-23,21.80729866027832,24.899999618530273,25.260000228881836,24.709999084472656,25.239999771118164,51007400
2020-10-26,21.49201202392578,24.540000915527344,24.579999923706055,24.149999618530273,24.469999313354492,59450200
2020-10-27,20.887710571289062,23.850000381469727,24.389999389648438,23.809999465942383,24.290000915527344,55009300
2020-10-28,20.554908752441406,23.469999313354492,23.65999984741211,23.1200008392334,23.40999984741211,81942500
2020-10-29,20.61621856689453,23.540000915527344,23.75,23.1200008392334,23.360000610351562,57490400
2020-10-30,20.756343841552734,23.700000762939453,23.84000015258789,23.239999771118164,23.489999771118164,66453400
2020-11-02,21.089139938354492,24.079999923706055,24.260000228881836,23.469999313354492,23.889999389648438,59756400
2020-11-03,21.623380661010742,24.690000534057617,24.940000534057617,24.510000228881836,24.579999923706055,65106200
2020-11-04,20.738826751708984,23.68000030517578,24.139999389648438,23.270000457763672,23.889999389648438,88845500
2020-11-05,21.553316116333008,24.610000610351562,24.790000915527344,23.860000610351562,23.899999618530273,74722600
2020-11-06,21.290578842163086,24.309999465942383,24.959999084472656,24.229999542236328,24.93000030517578,55454500
2020-11-09,24.312070846557617,27.760000228881836,28.270000457763672,26.299999237060547,26.600000381469727,178378800
2020-11-10,24.22449493408203,27.65999984741211,27.760000228881836,27.18000030517578,27.489999771118164,77694600
2020-11-11,23.94423484802246,27.34000015258789,27.770000457763672,27.1200008392334,27.75,48360900
2020-11-12,23.374971389770508,26.690000534057617,26.899999618530273,26.309999465942383,26.84000015258789,67912600
2020-11-13,23.646467208862305,27.0,27.209999084472656,26.760000228881836,26.8799991607666,52421000
2020-11-16,24.15442657470703,27.579999923706055,28.0,27.18000030517578,27.860000610351562,57396700
2020-11-17,24.128150939941406,27.549999237060547,27.600000381469727,27.010000228881836,27.25,46402300
2020-11-18,23.628952026367188,26.979999542236328,27.93000030517578,26.959999084472656,27.6299991607666,54416700
2020-11-19,23.628952026367188,26.979999542236328,27.010000228881836,26.649999618530273,26.93000030517578,46423000
2020-11-20,23.480066299438477,26.809999465942383,26.950000762939453,26.6299991607666,26.739999771118164,40538000
2020-11-23,23.98802947998047,27.389999389648438,27.520000457763672,27.059999465942383,27.110000610351562,45421200
2020-11-24,25.38054084777832,28.979999542236328,28.989999771118164,27.920000076293945,27.93000030517578,80387800
2020-11-25,25.424331665039062,29.030000686645508,29.040000915527344,28.479999542236328,28.709999084472656,57249900
2020-11-27,25.389299392700195,28.989999771118164,29.100000381469727,28.809999465942383,28.969999313354492,25971600
2020-11-30,24.662391662597656,28.15999984741211,28.860000610351562,28.100000381469727,28.719999313354492,63567900
2020-12-01,25.126562118530273,28.690000534057617,29.040000915527344,28.670000076293945,28.739999771118164,50255100
2020-12-02,25.450607299804688,29.059999465942383,29.18000030517578,28.530000686645508,28.690000534057617,45257500
2020-12-03,25.47704315185547,28.90999984741211,29.100000381469727,28.6299991607666,28.940000534057617,54013700
2020-12-04,25.811914443969727,29.290000915527344,29.43000030517578,29.0,29.200000762939453,66188200
2020-12-07,25.635669708251953,29.09000015258789,29.149999618530273,28.690000534057617,28.899999618530273,42197800
2020-12-08,25.494670867919922,28.93000030517578,29.149999618530273,28.770000457763672,28.860000610351562,33869100
2020-12-09,25.380102157592773,28.799999237060547,29.25,28.75,29.25,54886300
2020-12-10,25.653295516967773,29.110000610351562,29.1299991607666,28.469999313354492,28.6299991607666,58859600
2020-12-11,25.177413940429688,28.56999969482422,28.75,28.299999237060547,28.68000030517578,40538400
2020-12-14,24.86897850036621,28.219999313354492,28.959999084472656,28.139999389648438,28.920000076293945,40267100
2020-12-15,25.239105224609375,28.639999389648438,28.81999969482422,28.25,28.350000381469727,43672700
2020-12-16,25.309606552124023,28.719999313354492,28.81999969482422,28.440000534057617,28.799999237060547,42463200
2020-12-17,25.40654182434082,28.829999923706055,28.920000076293945,28.530000686645508,28.709999084472656,43182700
2020-12-18,25.26554298400879,28.670000076293945,29.100000381469727,28.56999969482422,28.889999389648438,82817200
2020-12-21,26.208480834960938,29.739999771118164,29.989999771118164,28.729999542236328,29.100000381469727,93397400
2020-12-22,25.741418838500977,29.209999084472656,29.780000686645508,29.170000076293945,29.780000686645508,39054300
2020-12-23,26.481670379638672,30.049999237060547,30.350000381469727,29.329999923706055,29.389999389648438,52537200
2020-12-24,26.402359008789062,29.959999084472656,30.270000457763672,29.739999771118164,30.270000457763672,22632300
2020-12-28,26.552169799804688,30.1299991607666,30.549999237060547,29.989999771118164,30.229999542236328,32861200
2020-12-29,26.446420669555664,30.010000228881836,30.25,29.93000030517578,30.170000076293945,33291900
2020-12-30,26.419984817504883,29.979999542236328,30.219999313354492,29.940000534057617,30.0,26370100
2020-12-31,26.71079444885254,30.309999465942383,30.389999389648438,29.899999618530273,30.010000228881836,28716000
2021-01-04,26.46405029296875,30.030000686645508,30.56999969482422,29.75,30.459999084472656,51483900
2021-01-05,26.666736602783203,30.260000228881836,30.540000915527344,29.90999984741211,30.170000076293945,48507000
2021-01-06,28.332305908203125,32.150001525878906,32.619998931884766,31.360000610351562,31.899999618530273,107002800
2021-01-07,28.95800018310547,32.86000061035156,33.619998931884766,32.84000015258789,33.310001373291016,74358500
2021-01-08,28.667173385620117,32.529998779296875,33.0,32.11000061035156,32.91999816894531,44641400
2021-01-11,29.14305877685547,33.06999969482422,33.130001068115234,31.899999618530273,32.09000015258789,51868200
2021-01-12,29.662994384765625,33.65999984741211,33.970001220703125,33.20000076293945,33.41999816894531,68166200
2021-01-13,29.486743927001953,33.459999084472656,33.68000030517578,33.09000015258789,33.43000030517578,43172800
2021-01-14,29.953811645507812,33.9900016784668,34.369998931884766,33.41999816894531,33.47999954223633,48483500
2021-01-15,29.090173721313477,33.0099983215332,33.630001068115234,32.70000076293945,33.290000915527344,57684300
2021-01-19,28.878679275512695,32.77000045776367,33.599998474121094,32.20000076293945,32.5,78130200
2021-01-20,28.499746322631836,32.34000015258789,32.790000915527344,32.15999984741211,32.7599983215332,53920000
2021-01-21,27.9974308013916,31.770000457763672,32.47999954223633,31.729999542236328,32.34000015258789,49626600
2021-01-22,27.803546905517578,31.549999237060547,31.75,31.25,31.360000610351562,45314500
2021-01-25,27.459861755371094,31.15999984741211,31.299999237060547,30.56999969482422,31.270000457763672,48078400
2021-01-26,27.265987396240234,30.940000534057617,31.43000030517578,30.90999984741211,31.399999618530273,36373000
2021-01-27,26.28779411315918,29.829999923706055,30.43000030517578,29.670000076293945,30.309999465942383,63809200
2021-01-28,26.719606399536133,30.31999969482422,30.75,29.920000076293945,30.420000076293945,51223300
2021-01-29,26.12917137145996,29.649999618530273,30.5,29.59000015258789,30.399999618530273,64019100
2021-02-01,26.402359008789062,29.959999084472656,30.040000915527344,29.56999969482422,29.8700008392334,40985300
2021-02-02,27.34530258178711,31.030000686645508,31.200000762939453,30.540000915527344,30.579999923706055,53527000
2021-02-03,27.82999038696289,31.579999923706055,31.729999542236328,30.8799991607666,30.90999984741211,49404900
2021-02-04,28.6407413482666,32.5,32.529998779296875,31.780000686645508,31.799999237060547,51751900
2021-02-05,28.526182174682617,32.369998931884766,32.90999984741211,32.31999969482422,32.88999938964844,42008800
2021-02-08,29.160676956176758,33.09000015258789,33.279998779296875,32.400001525878906,32.43000030517578,46014100
2021-02-09,29.037309646606445,32.95000076293945,33.02000045776367,32.59000015258789,32.970001220703125,35868600
2021-02-10,29.063743591308594,32.97999954223633,33.41999816894531,32.86000061035156,33.119998931884766,45031900
2021-02-11,28.975614547729492,32.880001068115234,33.310001373291016,32.54999923706055,32.970001220703125,29479900
2021-02-12,29.40743637084961,33.369998931884766,33.45000076293945,32.90999984741211,33.0,37468300
2021-02-16,30.2005615234375,34.27000045776367,34.560001373291016,33.70000076293945,33.97999954223633,52802600
2021-02-17,30.323932647705078,34.40999984741211,34.560001373291016,33.790000915527344,34.040000915527344,45455300
2021-02-18,30.13006019592285,34.189998626708984,34.650001525878906,34.02000045776367,34.060001373291016,37541700
2021-02-19,30.438501358032227,34.540000915527344,34.72999954223633,34.18000030517578,34.20000076293945,54514100
2021-02-22,30.976064682006836,35.150001525878906,35.25,34.40999984741211,34.45000076293945,56783400
2021-02-23,31.30213165283203,35.52000045776367,35.88999938964844,35.13999938964844,35.41999816894531,67440700
2021-02-24,32.06000518798828,36.380001068115234,36.52000045776367,35.599998474121094,35.7400016784668,58139500
2021-02-25,31.66344451904297,35.93000030517578,37.029998779296875,35.7599983215332,36.959999084472656,74762000
2021-02-26,30.588308334350586,34.709999084472656,36.029998779296875,34.68000030517578,35.72999954223633,70933300
2021-03-01,31.540077209472656,35.790000915527344,36.04999923706055,35.2400016784668,35.52000045776367,45901700
2021-03-02,31.310943603515625,35.529998779296875,35.939998626708984,35.5,35.650001525878906,41167400
2021-03-03,32.09525680541992,36.41999816894531,36.970001220703125,35.84000015258789,35.970001220703125,66047000
2021-03-04,32.32552719116211,36.5,36.869998931884766,35.91999816894531,36.13999938964844,96512800
2021-03-05,32.70634460449219,36.93000030517578,37.599998474121094,36.16999816894531,37.029998779296875,74292300
2021-03-08,32.88346862792969,37.130001068115234,37.72999954223633,36.81999969482422,37.380001068115234,65335500
2021-03-09,32.16610336303711,36.31999969482422,37.15999984741211,35.810001373291016,36.54999923706055,63946000
2021-03-10,33.09601974487305,37.369998931884766,37.529998779296875,36.369998931884766,36.540000915527344,53365600
2021-03-11,32.98088455200195,37.2400016784668,37.790000915527344,36.849998474121094,37.27000045776367,45834000
2021-03-12,33.6008186340332,37.939998626708984,38.18000030517578,37.58000183105469,37.91999816894531,46069600
2021-03-15,33.43255615234375,37.75,38.06999969482422,37.220001220703125,38.029998779296875,50131600
2021-03-16,33.33514404296875,37.63999938964844,37.720001220703125,36.970001220703125,37.41999816894531,50300400
2021-03-17,33.609683990478516,37.95000076293945,38.36000061035156,37.33000183105469,38.0,63796000
2021-03-18,34.48645782470703,38.939998626708984,39.970001220703125,38.41999816894531,38.5099983215332,95439700
2021-03-19,34.12335205078125,38.529998779296875,38.91999816894531,37.529998779296875,38.290000915527344,106252700
2021-03-22,33.352840423583984,37.65999984741211,38.380001068115234,37.400001525878906,38.08000183105469,54701300
2021-03-23,32.67977523803711,36.900001525878906,37.81999969482422,36.779998779296875,37.36000061035156,49838000
2021-03-24,32.67977523803711,36.900001525878906,37.790000915527344,36.88999938964844,37.209999084472656,43896800
2021-03-25,33.352840423583984,37.65999984741211,37.75,36.630001068115234,36.869998931884766,47517900
2021-03-26,34.25619888305664,38.68000030517578,38.7599983215332,38.08000183105469,38.349998474121094,66846000
2021-03-29,33.92850875854492,38.310001373291016,38.630001068115234,37.86000061035156,38.04999923706055,45680000
2021-03-30,34.53073501586914,38.9900016784668,39.459999084472656,38.630001068115234,38.630001068115234,56705900
2021-03-31,34.26505661010742,38.689998626708984,38.9900016784668,38.459999084472656,38.619998931884766,49270000
2021-04-01,34.973567962646484,39.4900016784668,39.52000045776367,38.720001220703125,38.83000183105469,65587000
2021-04-05,35.24809646606445,39.79999923706055,40.279998779296875,39.599998474121094,40.0,50328500
2021-04-06,35.15068054199219,39.689998626708984,40.150001525878906,39.459999084472656,39.529998779296875,42590100
2021-04-07,35.469505310058594,40.04999923706055,40.150001525878906,39.59000015258789,39.77000045776367,43136400
2021-04-08,35.1595344543457,39.70000076293945,39.849998474121094,39.220001220703125,39.79999923706055,45285900
2021-04-09,35.4163703918457,39.9900016784668,40.18000030517578,39.5099983215332,39.90999984741211,45872900
2021-04-12,35.47837448120117,40.060001373291016,40.380001068115234,39.849998474121094,39.9900016784668,45544600
2021-04-13,34.82300567626953,39.31999969482422,39.81999969482422,39.20000076293945,39.810001373291016,46770400
2021-04-14,35.318946838378906,39.880001068115234,40.33000183105469,38.91999816894531,38.97999954223633,52023800
2021-04-15,34.3093376159668,38.7400016784668,39.84000015258789,38.04999923706055,39.72999954223633,118128900
2021-04-16,34.67243194580078,39.150001525878906,39.41999816894531,38.90999984741211,39.310001373291016,60633400
2021-04-19,34.69015121459961,39.16999816894531,39.43000030517578,39.029998779296875,39.38999938964844,42321100
2021-04-20,33.724815368652344,38.08000183105469,39.0,37.88999938964844,39.0,50834100
2021-04-21,34.29161834716797,38.720001220703125,38.779998779296875,37.40999984741211,37.75,37851800
2021-04-22,33.9727897644043,38.36000061035156,38.77000045776367,38.16999816894531,38.75,48093400
2021-04-23,34.69900894165039,39.18000030517578,39.34000015258789,38.220001220703125,38.31999969482422,48674100
2021-04-26,34.902706146240234,39.40999984741211,39.849998474121094,39.279998779296875,39.349998474121094,34699800
2021-04-27,35.318946838378906,39.880001068115234,39.91999816894531,39.5099983215332,39.66999816894531,34304800
2021-04-28,35.45179748535156,40.029998779296875,40.220001220703125,39.880001068115234,39.93000030517578,34084400
2021-04-29,36.40827941894531,41.11000061035156,41.130001068115234,40.459999084472656,40.54999923706055,44008700
2021-04-30,35.894615173339844,40.529998779296875,40.900001525878906,40.470001220703125,40.84000015258789,39203400
2021-05-03,35.921180725097656,40.560001373291016,41.04999923706055,40.41999816894531,40.869998931884766,41940500
2021-05-04,36.31086349487305,41.0,41.08000183105469,39.779998779296875,40.2400016784668,53880000
2021-05-05,36.65625762939453,41.38999938964844,41.560001373291016,40.7599983215332,41.20000076293945,37471100
2021-05-06,37.20533752441406,42.0099983215332,42.060001373291016,41.2400016784668,41.47999954223633,39044400
2021-05-07,37.35590362548828,42.18000030517578,42.25,41.11000061035156,41.130001068115234,39249200
2021-05-10,37.24078369140625,42.04999923706055,42.939998626708984,42.029998779296875,42.5,41271500
2021-05-11,36.815673828125,41.56999969482422,42.34000015258789,41.34000015258789,41.54999923706055,42964700
2021-05-12,36.470272064208984,41.18000030517578,42.560001373291016,41.040000915527344,42.380001068115234,47533000
2021-05-13,37.05479049682617,41.84000015258789,42.09000015258789,40.779998779296875,40.86000061035156,42026100
2021-05-14,37.515323638916016,42.36000061035156,42.47999954223633,41.91999816894531,42.060001373291016,30932600
2021-05-17,37.85185623168945,42.7400016784668,42.849998474121094,42.15999984741211,42.2400016784668,32656400
2021-05-18,37.33819580078125,42.15999984741211,42.95000076293945,42.13999938964844,42.70000076293945,37880300
2021-05-19,37.16992950439453,41.970001220703125,42.0,41.310001373291016,41.650001525878906,42672800
2021-05-20,37.08135986328125,41.869998931884766,42.130001068115234,41.459999084472656,41.900001525878906,36871100
2021-05-21,37.550743103027344,42.400001525878906,42.599998474121094,41.88999938964844,42.02000045776367,40243800
2021-05-24,37.75443649291992,42.630001068115234,42.779998779296875,42.25,42.58000183105469,31390800
2021-05-25,37.20533752441406,42.0099983215332,43.2599983215332,41.93000030517578,42.689998626708984,52657700
2021-05-26,37.23191833496094,42.040000915527344,42.25,41.65999984741211,42.02000045776367,41332800
2021-05-27,37.68358612060547,42.54999923706055,42.849998474121094,42.119998931884766,42.47999954223633,52981100
2021-05-28,37.54188919067383,42.38999938964844,42.709999084472656,42.04999923706055,42.65999984741211,38509700
2021-06-01,38.01126480102539,42.91999816894531,43.279998779296875,42.77000045776367,42.95000076293945,42890700
2021-06-02,38.02898406982422,42.939998626708984,43.16999816894531,42.599998474121094,43.099998474121094,34180500
2021-06-03,38.46477508544922,43.25,43.4900016784668,42.68000030517578,42.77000045776367,46981200
2021-06-04,38.48255920410156,43.27000045776367,43.38999938964844,42.83000183105469,43.2400016784668,37192600
2021-06-07,38.349159240722656,43.119998931884766,43.38999938964844,43.060001373291016,43.27000045776367,28401900
2021-06-08,38.13570785522461,42.880001068115234,43.2400016784668,42.43000030517578,42.86000061035156,41871400
2021-06-09,37.637657165527344,42.31999969482422,42.72999954223633,42.11000061035156,42.470001220703125,42366300
2021-06-10,37.077362060546875,41.689998626708984,42.959999084472656,41.619998931884766,42.7599983215332,40123600
2021-06-11,37.22856521606445,41.86000061035156,41.88999938964844,41.5099983215332,41.810001373291016,31203600
2021-06-14,36.78387451171875,41.36000061035156,41.90999984741211,41.060001373291016,41.849998474121094,36050700
2021-06-15,36.81056213378906,41.38999938964844,41.560001373291016,40.900001525878906,41.279998779296875,39247900
2021-06-16,37.01510238647461,41.619998931884766,41.9900016784668,40.66999816894531,41.279998779296875,63859100
2021-06-17,35.3964729309082,39.79999923706055,42.099998474121094,39.720001220703125,42.02000045776367,80728200
2021-06-18,34.48933410644531,38.779998779296875,39.29999923706055,38.4900016784668,39.0099983215332,102774200
2021-06-21,35.35201644897461,39.75,39.779998779296875,39.029998779296875,39.119998931884766,48119400
2021-06-22,35.547664642333984,39.970001220703125,40.2599983215332,39.279998779296875,39.880001068115234,44113200
2021-06-23,35.752227783203125,40.20000076293945,40.41999816894531,40.06999969482422,40.15999984741211,32039900
2021-06-24,36.312522888183594,40.83000183105469,41.0099983215332,40.18000030517578,40.439998626708984,37161800
2021-06-25,37.01510238647461,41.619998931884766,41.83000183105469,40.84000015258789,41.27000045776367,53178800
2021-06-28,36.96174621582031,41.560001373291016,41.58000183105469,41.099998474121094,41.459999084472656,34416500
2021-06-29,36.365875244140625,40.88999938964844,41.95000076293945,40.75,41.630001068115234,38519600
2021-06-30,36.66825866699219,41.22999954223633,41.36000061035156,40.720001220703125,40.7599983215332,29159800
2021-07-01,36.9439697265625,41.540000915527344,41.70000076293945,41.209999084472656,41.560001373291016,28045100
2021-07-02,36.59712219238281,41.150001525878906,41.470001220703125,41.099998474121094,41.369998931884766,28980800
2021-07-06,35.6366081237793,40.06999969482422,40.880001068115234,39.869998931884766,40.810001373291016,47578700
2021-07-07,35.35201644897461,39.75,40.0,39.36000061035156,39.56999969482422,43499900
2021-07-08,34.48933410644531,38.779998779296875,39.2400016784668,38.47999954223633,38.619998931884766,52793100
2021-07-09,35.609928131103516,40.040000915527344,40.2400016784668,39.400001525878906,39.650001525878906,43887200
2021-07-12,36.13465118408203,40.630001068115234,40.810001373291016,39.63999938964844,39.790000915527344,42624500
2021-07-13,35.44984436035156,39.86000061035156,40.47999954223633,39.58000183105469,40.47999954223633,54338100
2021-07-14,34.56048583984375,38.86000061035156,39.54999923706055,37.790000915527344,39.11000061035156,105651700
2021-07-15,34.53380584716797,38.83000183105469,39.33000183105469,38.31999969482422,38.38999938964844,54697300
2021-07-16,33.7244758605957,37.91999816894531,39.290000915527344,37.59000015258789,39.220001220703125,60469700
2021-07-19,32.84402084350586,36.93000030517578,37.25,36.5099983215332,36.75,83251500
2021-07-20,33.51993179321289,37.689998626708984,38.119998931884766,36.61000061035156,36.86000061035156,59462900
2021-07-21,34.204734802246094,38.459999084472656,38.77000045776367,37.97999954223633,38.04999923706055,49907400
2021-07-22,33.76005935668945,37.959999084472656,38.400001525878906,37.68000030517578,38.36000061035156,52715600
2021-07-23,33.52882766723633,37.70000076293945,38.27000045776367,37.560001373291016,38.20000076293945,48659400
2021-07-26,33.911251068115234,38.130001068115234,38.2400016784668,37.65999984741211,37.65999984741211,32258000
2021-07-27,33.77785110473633,37.97999954223633,38.2400016784668,37.459999084472656,37.720001220703125,39121400
2021-07-28,33.911251068115234,38.130001068115234,38.5,37.75,38.189998626708984,43331100
2021-07-29,34.40039825439453,38.68000030517578,38.97999954223633,38.369998931884766,38.54999923706055,43039100
2021-07-30,34.11579895019531,38.36000061035156,38.83000183105469,38.04999923706055,38.5099983215332,46210100
2021-08-02,33.76005935668945,37.959999084472656,38.95000076293945,37.90999984741211,38.400001525878906,49894000
2021-08-03,34.284786224365234,38.54999923706055,38.630001068115234,37.54999923706055,38.060001373291016,39680600
2021-08-04,34.035770416259766,38.27000045776367,38.77000045776367,37.86000061035156,38.029998779296875,42289800
2021-08-05,34.702781677246094,39.02000045776367,39.060001373291016,38.54999923706055,38.56999969482422,34754500
2021-08-06,35.70775604248047,40.150001525878906,40.40999984741211,39.470001220703125,39.470001220703125,58022300
2021-08-09,36.17021942138672,40.66999816894531,40.959999084472656,39.79999923706055,40.04999923706055,56340100
2021-08-10,36.84613800048828,41.43000030517578,41.619998931884766,40.58000183105469,40.709999084472656,44987300
2021-08-11,37.3086051940918,41.95000076293945,42.189998626708984,41.47999954223633,41.599998474121094,58458200
2021-08-12,37.486480712890625,42.150001525878906,42.290000915527344,41.77000045776367,42.22999954223633,37400100
2021-08-13,37.024009704589844,41.630001068115234,42.22999954223633,41.43000030517578,42.09000015258789,41344900
2021-08-16,36.721622467041016,41.290000915527344,41.29999923706055,40.61000061035156,41.15999984741211,38599100
2021-08-17,36.54374694824219,41.09000015258789,41.56999969482422,40.619998931884766,41.04999923706055,43526900
2021-08-18,36.27695083618164,40.790000915527344,41.529998779296875,40.65999984741211,40.77000045776367,50342500
2021-08-19,35.74332046508789,40.189998626708984,40.66999816894531,40.0099983215332,40.119998931884766,51883900
2021-08-20,35.90341567993164,40.369998931884766,40.470001220703125,39.90999984741211,40.09000015258789,40415000
2021-08-23,36.38365936279297,40.90999984741211,41.099998474121094,40.599998474121094,40.630001068115234,35364500
2021-08-24,36.89059829711914,41.47999954223633,41.68000030517578,41.040000915527344,41.099998474121094,35579300
2021-08-25,37.486480712890625,42.150001525878906,42.45000076293945,41.540000915527344,41.65999984741211,51219900
2021-08-26,37.388641357421875,42.040000915527344,42.84000015258789,42.02000045776367,42.5,41184500
2021-08-27,37.78885269165039,42.4900016784668,42.650001525878906,41.939998626708984,42.119998931884766,46468600
2021-08-30,37.05069351196289,41.65999984741211,42.630001068115234,41.630001068115234,42.630001068115234,44855600
2021-08-31,37.13072204589844,41.75,42.06999969482422,41.36000061035156,41.66999816894531,54654600
2021-09-01,36.632694244384766,41.189998626708984,41.779998779296875,41.029998779296875,41.75,52361900
2021-09-02,36.668453216552734,41.02000045776367,41.4900016784668,40.63999938964844,41.11000061035156,44538900
2021-09-03,36.69526290893555,41.04999923706055,41.189998626708984,40.68000030517578,41.02000045776367,41812400
2021-09-07,36.936622619628906,41.31999969482422,41.849998474121094,41.18000030517578,41.25,43748600
2021-09-08,36.45390701293945,40.779998779296875,41.4900016784668,40.68000030517578,41.08000183105469,36064400
2021-09-09,36.58799743652344,40.93000030517578,41.349998474121094,40.560001373291016,40.65999984741211,36266400
2021-09-10,35.99801254272461,40.27000045776367,41.349998474121094,40.2400016784668,41.220001220703125,40514700
2021-09-13,36.5969352722168,40.939998626708984,40.959999084472656,40.349998474121094,40.599998474121094,42036300
2021-09-14,35.613624572753906,39.84000015258789,41.310001373291016,39.65999984741211,41.130001068115234,53820400
2021-09-15,35.88180160522461,40.13999938964844,40.34000015258789,39.66999816894531,39.72999954223633,52358200
2021-09-16,36.158912658691406,40.45000076293945,40.810001373291016,40.20000076293945,40.47999954223633,42922000
2021-09-17,36.203609466552734,40.5,40.66999816894531,40.08000183105469,40.34000015258789,92746000
2021-09-20,34.961063385009766,39.11000061035156,39.459999084472656,38.36000061035156,39.380001068115234,67566200
2021-09-21,34.97895050048828,39.130001068115234,39.599998474121094,38.939998626708984,39.27000045776367,38271100
2021-09-22,35.88180160522461,40.13999938964844,40.52000045776367,39.75,39.75,46261400
2021-09-23,37.267364501953125,41.689998626708984,41.880001068115234,40.650001525878906,40.7599983215332,49779800
2021-09-24,37.66963195800781,42.13999938964844,42.34000015258789,41.650001525878906,41.720001220703125,39042300
2021-09-27,38.67082595825195,43.2599983215332,43.43000030517578,42.63999938964844,42.68000030517578,49755400
2021-09-28,38.58142852783203,43.15999984741211,44.040000915527344,43.060001373291016,43.43000030517578,60781200
2021-09-29,38.5009651184082,43.06999969482422,43.31999969482422,42.7400016784668,43.18000030517578,44260200
2021-09-30,37.946746826171875,42.45000076293945,43.349998474121094,42.22999954223633,43.349998474121094,47410800
2021-10-01,38.50991439819336,43.08000183105469,43.43000030517578,42.38999938964844,42.47999954223633,40987100
2021-10-04,38.742332458496094,43.34000015258789,44.06999969482422,43.06999969482422,43.11000061035156,48273400
2021-10-05,39.52897262573242,44.220001220703125,44.75,43.66999816894531,43.77000045776367,54070700
2021-10-06,39.54685974121094,44.2400016784668,44.290000915527344,43.54999923706055,43.849998474121094,47031700
2021-10-07,39.4395866394043,44.119998931884766,44.869998931884766,44.029998779296875,44.790000915527344,46258800
2021-10-08,39.63625717163086,44.34000015258789,44.810001373291016,43.91999816894531,44.06999969482422,39389400
2021-10-11,39.135650634765625,43.779998779296875,44.810001373291016,43.75,44.599998474121094,36283500
2021-10-12,38.921104431152344,43.540000915527344,44.0,43.27000045776367,43.66999816894531,36898300
2021-10-13,38.56354904174805,43.13999938964844,43.63999938964844,42.33000183105469,43.54999923706055,43908000
2021-10-14,40.28880310058594,45.06999969482422,45.099998474121094,43.47999954223633,44.369998931884766,82201000
2021-10-15,41.450904846191406,46.369998931884766,46.66999816894531,45.36000061035156,45.77000045776367,64264900
2021-10-18,41.37043762207031,46.279998779296875,46.88999938964844,46.029998779296875,46.290000915527344,49542500
2021-10-19,41.549232482910156,46.47999954223633,46.630001068115234,46.20000076293945,46.5,32515500
2021-10-20,42.094512939453125,47.09000015258789,47.2400016784668,46.04999923706055,46.4900016784668,40411000
2021-10-21,41.862098693847656,46.83000183105469,47.47999954223633,46.61000061035156,47.099998474121094,36848600
2021-10-22,42.523597717285156,47.56999969482422,47.619998931884766,46.9900016784668,46.9900016784668,36225600
2021-10-25,42.4699592590332,47.5099983215332,47.97999954223633,47.20000076293945,47.79999923706055,31679500
2021-10-26,42.87222671508789,47.959999084472656,48.43000030517578,47.439998626708984,47.65999984741211,35674800
2021-10-27,42.04982376098633,47.040000915527344,48.16999816894531,47.029998779296875,47.47999954223633,45790800
2021-10-28,42.711326599121094,47.779998779296875,48.0,47.29999923706055,47.59000015258789,37209600
2021-10-29,42.711326599121094,47.779998779296875,48.130001068115234,47.52000045776367,47.75,31756200
2021-11-01,42.77389144897461,47.849998474121094,48.16999816894531,47.279998779296875,48.099998474121094,36937200
2021-11-02,42.800716400146484,47.880001068115234,48.41999816894531,47.349998474121094,47.56999969482422,36283400
2021-11-03,43.23872375488281,48.369998931884766,48.689998626708984,47.61000061035156,47.79999923706055,42553000
2021-11-04,42.309059143066406,47.33000183105469,48.150001525878906,46.880001068115234,48.150001525878906,47646300
2021-11-05,41.98724365234375,46.970001220703125,47.81999969482422,46.81999969482422,47.599998474121094,38271200
2021-11-08,42.31800079345703,47.34000015258789,47.79999923706055,47.25,47.349998474121094,33815500
2021-11-09,41.90679931640625,46.880001068115234,47.36000061035156,46.40999984741211,46.650001525878906,36900300
2021-11-10,42.21966552734375,47.22999954223633,47.52000045776367,46.650001525878906,46.75,39385600
2021-11-11,42.452083587646484,47.4900016784668,47.88999938964844,47.0099983215332,47.310001373291016,31194800
2021-11-12,41.933616638183594,46.90999984741211,47.529998779296875,46.7599983215332,47.5099983215332,44268500
2021-11-15,42.05875778198242,47.04999923706055,47.38999938964844,46.900001525878906,47.2599983215332,35335500
2021-11-16,42.08558654785156,47.08000183105469,47.279998779296875,46.689998626708984,47.18000030517578,35120800
2021-11-17,41.57604217529297,46.5099983215332,47.20000076293945,46.45000076293945,47.08000183105469,32963700
2021-11-18,41.40620040893555,46.31999969482422,46.810001373291016,46.209999084472656,46.709999084472656,30639000
2021-11-19,40.583797454833984,45.400001525878906,45.77000045776367,44.83000183105469,45.70000076293945,48429500
2021-11-22,41.37043762207031,46.279998779296875,46.869998931884766,45.90999984741211,46.720001220703125,53697100
2021-11-23,42.461021423339844,47.5,47.650001525878906,46.66999816894531,46.869998931884766,49362900
2021-11-24,42.577232360839844,47.630001068115234,47.97999954223633,47.209999084472656,47.41999816894531,40060000
2021-11-26,40.90560531616211,45.7599983215332,46.040000915527344,44.75,45.52000045776367,55110100
2021-11-29,40.75365447998047,45.59000015258789,46.70000076293945,45.16999816894531,46.41999816894531,50231100
2021-11-30,39.752464294433594,44.470001220703125,45.220001220703125,44.36000061035156,44.7599983215332,77193600
2021-12-01,39.18929672241211,43.84000015258789,45.70000076293945,43.810001373291016,45.220001220703125,60601600
2021-12-02,40.321048736572266,44.88999938964844,45.5,44.0,44.33000183105469,57821400
2021-12-03,39.40486526489258,43.869998931884766,45.06999969482422,43.599998474121094,45.0,74605300
2021-12-06,39.65636444091797,44.150001525878906,44.880001068115234,43.959999084472656,44.560001373291016,48193100
2021-12-07,40.159358978271484,44.709999084472656,44.90999984741211,44.43000030517578,44.560001373291016,40740800
2021-12-08,39.665348052978516,44.15999984741211,44.79999923706055,44.09000015258789,44.68000030517578,50560300
2021-12-09,39.96176528930664,44.4900016784668,44.72999954223633,43.650001525878906,43.90999984741211,37316700
2021-12-10,39.988704681396484,44.52000045776367,44.83000183105469,44.06999969482422,44.709999084472656,37700200
2021-12-13,39.144378662109375,43.58000183105469,44.400001525878906,43.38999938964844,44.27000045776367,38653900
2021-12-14,39.638404846191406,44.130001068115234,44.81999969482422,43.529998779296875,43.59000015258789,47099400
2021-12-15,39.467735290527344,43.939998626708984,44.45000076293945,43.619998931884766,44.369998931884766,60057100
2021-12-16,40.41984558105469,45.0,45.36000061035156,44.09000015258789,44.70000076293945,69487200
2021-12-17,39.41385269165039,43.880001068115234,44.70000076293945,43.619998931884766,44.5,124242400
2021-12-20,38.76712417602539,43.15999984741211,43.36000061035156,42.70000076293945,43.27000045776367,56455200
2021-12-21,39.692283630371094,44.189998626708984,44.47999954223633,43.540000915527344,43.540000915527344,47845600
2021-12-22,39.77313995361328,44.279998779296875,44.58000183105469,43.880001068115234,44.08000183105469,35715700
2021-12-23,39.89888381958008,44.41999816894531,45.06999969482422,44.400001525878906,44.68000030517578,34053500
2021-12-27,40.09648132324219,44.63999938964844,44.81999969482422,44.310001373291016,44.54999923706055,33879200
2021-12-28,40.1503791809082,44.70000076293945,45.08000183105469,44.41999816894531,44.470001220703125,32492400
2021-12-29,40.0875129699707,44.630001068115234,45.119998931884766,44.599998474121094,44.849998474121094,25294900
2021-12-30,39.997684478759766,44.529998779296875,45.099998474121094,44.47999954223633,44.75,23852200
2021-12-31,39.96176528930664,44.4900016784668,44.720001220703125,44.279998779296875,44.52000045776367,24253900
2022-01-03,41.47975158691406,46.18000030517578,46.4900016784668,44.97999954223633,45.09000015258789,58587900
2022-01-04,43.10552978515625,47.9900016784668,48.43000030517578,47.040000915527344,47.060001373291016,74606700
2022-01-05,42.37797164916992,47.18000030517578,48.369998931884766,47.15999984741211,48.13999938964844,57791600
2022-01-06,43.23127365112305,48.130001068115234,48.15999984741211,47.189998626708984,47.97999954223633,52040900
2022-01-07,44.174407958984375,49.18000030517578,49.310001373291016,48.060001373291016,48.150001525878906,59082600
2022-01-10,43.949851989746094,48.93000030517578,50.08000183105469,48.34000015258789,49.90999984741211,66839500
2022-01-11,44.201351165771484,49.209999084472656,49.25,48.63999938964844,48.9900016784668,40454400
2022-01-12,43.88697814941406,48.86000061035156,49.380001068115234,48.68000030517578,49.16999816894531,41378000
2022-01-13,43.797149658203125,48.7599983215332,49.4900016784668,48.630001068115234,48.91999816894531,46337500
2022-01-14,43.033668518066406,47.90999984741211,48.22999954223633,47.189998626708984,47.52000045776367,72953300
2022-01-18,41.55160140991211,46.2599983215332,47.91999816894531,46.04999923706055,47.849998474121094,65877400
2022-01-19,41.71328353881836,46.439998626708984,48.58000183105469,46.349998474121094,48.38999938964844,84451800
2022-01-20,41.09351348876953,45.75,47.04999923706055,45.65999984741211,46.689998626708984,46265300
2022-01-21,40.347984313964844,44.91999816894531,46.02000045776367,44.65999984741211,45.56999969482422,71303600
2022-01-24,40.01565170288086,44.54999923706055,44.689998626708984,42.59000015258789,43.900001525878906,90672700
2022-01-25,40.806087493896484,45.43000030517578,45.56999969482422,43.83000183105469,44.290000915527344,73555300
2022-01-26,41.22825241088867,45.900001525878906,46.459999084472656,45.2599983215332,45.779998779296875,63735800
2022-01-27,40.842018127441406,45.470001220703125,46.75,45.09000015258789,46.369998931884766,63402400
2022-01-28,41.201297760009766,45.869998931884766,45.88999938964844,44.45000076293945,45.33000183105469,51048300
2022-01-31,41.44382095336914,46.13999938964844,46.27000045776367,45.220001220703125,45.52000045776367,44793700
2022-02-01,42.16239547729492,46.939998626708984,47.099998474121094,45.900001525878906,46.209999084472656,40326600
2022-02-02,42.11748123168945,46.88999938964844,46.959999084472656,46.29999923706055,46.720001220703125,41125600
2022-02-03,41.70429992675781,46.43000030517578,47.290000915527344,46.349998474121094,47.220001220703125,35879900
2022-02-04,43.36601257324219,48.279998779296875,48.689998626708984,46.68000030517578,47.08000183105469,60297100
2022-02-07,43.57259750366211,48.5099983215332,48.7599983215332,47.9900016784668,48.560001373291016,44824800
2022-02-08,44.35403823852539,49.380001068115234,50.02000045776367,48.939998626708984,49.150001525878906,49560500
2022-02-09,44.26422882080078,49.279998779296875,49.790000915527344,49.029998779296875,49.220001220703125,33861100
2022-02-10,44.0576286315918,49.04999923706055,50.11000061035156,48.7599983215332,49.68000030517578,47082800
2022-02-11,43.04264831542969,47.91999816894531,49.439998626708984,47.5,48.630001068115234,61056000
2022-02-14,42.593536376953125,47.41999816894531,48.189998626708984,46.939998626708984,48.02000045776367,44791900
2022-02-15,42.92587661743164,47.790000915527344,48.369998931884766,47.56999969482422,48.0,42397600
2022-02-16,42.82707595825195,47.68000030517578,48.2400016784668,47.310001373291016,47.439998626708984,36664600
2022-02-17,41.380943298339844,46.06999969482422,47.290000915527344,45.95000076293945,47.0,49442400
2022-02-18,41.28213882446289,45.959999084472656,46.540000915527344,45.720001220703125,46.06999969482422,37856500
2022-02-22,40.92285919189453,45.560001373291016,45.97999954223633,45.040000915527344,45.16999816894531,51905600
2022-02-23,40.22224044799805,44.779998779296875,46.11000061035156,44.56999969482422,45.95000076293945,45704900
2022-02-24,39.1623420715332,43.599998474121094,43.68000030517578,42.04999923706055,43.0,80484800
2022-02-25,40.43781661987305,45.02000045776367,45.349998474121094,43.630001068115234,43.810001373291016,68530700
2022-02-28,39.701271057128906,44.20000076293945,44.2599983215332,43.439998626708984,43.720001220703125,69955300
2022-03-01,38.14735794067383,42.470001220703125,43.7400016784668,41.93000030517578,43.709999084472656,74895600
2022-03-02,38.76712417602539,43.15999984741211,43.540000915527344,42.619998931884766,42.7400016784668,70834600
2022-03-03,38.351924896240234,42.4900016784668,43.5,42.209999084472656,43.09000015258789,48733800
2022-03-04,36.961910247802734,40.95000076293945,41.439998626708984,40.31999969482422,41.43000030517578,75572800
2022-03-07,34.60609436035156,38.34000015258789,40.11000061035156,38.209999084472656,39.93000030517578,109779000
2022-03-08,34.83173751831055,38.59000015258789,39.65999984741211,38.16999816894531,39.06999969482422,76553800
2022-03-09,37.04313278198242,41.040000915527344,41.61000061035156,40.15999984741211,40.310001373291016,78207900
2022-03-10,36.709171295166016,40.66999816894531,41.47999954223633,40.11000061035156,40.290000915527344,48804400
2022-03-11,36.40229034423828,40.33000183105469,41.380001068115234,40.290000915527344,41.040000915527344,43946600
2022-03-14,37.18755340576172,41.20000076293945,42.18000030517578,40.900001525878906,40.900001525878906,54262400
2022-03-15,37.458343505859375,41.5,41.779998779296875,40.869998931884766,41.2599983215332,41395300
2022-03-16,38.63174057006836,42.79999923706055,43.04999923706055,41.91999816894531,42.2400016784668,59477600
2022-03-17,38.839332580566406,43.029998779296875,43.040000915527344,41.83000183105469,42.40999984741211,50260200
2022-03-18,38.721988677978516,42.900001525878906,42.93000030517578,42.2599983215332,42.7599983215332,74470600
2022-03-21,38.6678466796875,42.84000015258789,43.43000030517578,42.5099983215332,43.349998474121094,47106400
2022-03-22,39.87733459472656,44.18000030517578,44.630001068115234,43.70000076293945,43.81999969482422,52360600
2022-03-23,38.893489837646484,43.09000015258789,44.0099983215332,43.029998779296875,43.720001220703125,48539300
2022-03-24,38.87544250488281,43.06999969482422,43.43000030517578,42.88999938964844,43.380001068115234,30360800
2022-03-25,39.47116470336914,43.72999954223633,44.2599983215332,43.33000183105469,43.47999954223633,38968100
2022-03-28,39.30868911743164,43.54999923706055,43.75,42.83000183105469,43.709999084472656,37428600
2022-03-29,39.20940399169922,43.439998626708984,44.38999938964844,43.11000061035156,44.25,46355800
2022-03-30,38.812255859375,43.0,43.650001525878906,42.75,43.439998626708984,36601800
2022-03-31,37.205604553222656,41.220001220703125,42.88999938964844,41.20000076293945,42.84000015258789,67902500
2022-04-01,36.91677474975586,40.900001525878906,41.7400016784668,40.349998474121094,41.689998626708984,61929200
2022-04-04,36.85359191894531,40.83000183105469,41.13999938964844,40.15999984741211,40.47999954223633,53761700
2022-04-05,36.23079299926758,40.13999938964844,40.7599983215332,40.040000915527344,40.439998626708984,51781700
2022-04-06,35.83364486694336,39.70000076293945,40.0099983215332,39.349998474121094,39.7400016784668,54159800
2022-04-07,35.553829193115234,39.38999938964844,39.97999954223633,38.849998474121094,39.88999938964844,54585000
2022-04-08,35.80656051635742,39.66999816894531,40.099998474121094,39.31999969482422,39.4900016784668,41018900
2022-04-11,35.73435592651367,39.59000015258789,40.400001525878906,39.38999938964844,39.47999954223633,34198700
2022-04-12,35.35525131225586,39.16999816894531,40.08000183105469,38.849998474121094,39.56999969482422,42855300
2022-04-13,35.03934860229492,38.81999969482422,39.0099983215332,38.36000061035156,38.5,45484200
2022-04-14,33.91107940673828,37.56999969482422,38.970001220703125,37.41999816894531,38.4900016784668,79032000
2022-04-18,35.06642150878906,38.849998474121094,39.310001373291016,37.220001220703125,37.41999816894531,80080300
2022-04-19,35.71629333496094,39.56999969482422,39.880001068115234,39.11000061035156,39.209999084472656,53714200
2022-04-20,35.79753494262695,39.65999984741211,40.369998931884766,39.61000061035156,40.150001525878906,47064300
2022-04-21,35.12058639526367,38.90999984741211,40.209999084472656,38.619998931884766,40.0,46245900
2022-04-22,33.90205764770508,37.560001373291016,38.849998474121094,37.5,38.810001373291016,50409800
2022-04-25,33.658348083496094,37.290000915527344,37.400001525878906,35.93000030517578,36.88999938964844,64301100
2022-04-26,32.90015411376953,36.45000076293945,37.540000915527344,36.41999816894531,36.880001068115234,44809900
2022-04-27,32.71963119506836,36.25,36.90999984741211,36.16999816894531,36.27000045776367,39824900
2022-04-28,33.225101470947266,36.810001373291016,36.95000076293945,36.15999984741211,36.72999954223633,39567800
2022-04-29,32.20513916015625,35.68000030517578,37.130001068115234,35.540000915527344,36.75,47385200
2022-05-02,32.62034225463867,36.13999938964844,36.279998779296875,35.400001525878906,36.029998779296875,46652200
2022-05-03,33.5139274597168,37.130001068115234,37.630001068115234,36.33000183105469,36.34000015258789,48926000
2022-05-04,34.858821868896484,38.619998931884766,38.75,37.279998779296875,37.369998931884766,57860300
2022-05-05,33.884002685546875,37.540000915527344,38.209999084472656,36.869998931884766,38.04999923706055,48860600
2022-05-06,33.80276870727539,37.45000076293945,37.619998931884766,36.61000061035156,37.369998931884766,50440100
2022-05-09,32.82795333862305,36.369998931884766,37.060001373291016,36.060001373291016,36.869998931884766,51242000
2022-05-10,32.27735137939453,35.7599983215332,37.130001068115234,35.18000030517578,36.75,60235300
2022-05-11,32.10586166381836,35.56999969482422,36.91999816894531,35.5099983215332,35.900001525878906,54969300
2022-05-12,31.654558181762695,35.06999969482422,35.43000030517578,34.2599983215332,35.0099983215332,61231500
2022-05-13,31.744802474975586,35.16999816894531,35.72999954223633,34.7599983215332,35.529998779296875,49117900
2022-05-16,31.419876098632812,34.810001373291016,35.16999816894531,34.40999984741211,35.0,39076500
2022-05-17,32.48495864868164,35.9900016784668,36.220001220703125,35.43000030517578,35.619998931884766,42635600
2022-05-18,31.483060836791992,34.880001068115234,35.689998626708984,34.599998474121094,35.619998931884766,47396900
2022-05-19,31.094942092895508,34.45000076293945,34.84000015258789,34.25,34.290000915527344,47002700
2022-05-20,30.562402725219727,33.86000061035156,34.97999954223633,32.959999084472656,34.79999923706055,62406500
2022-05-23,32.376644134521484,35.869998931884766,36.2599983215332,34.65999984741211,34.7599983215332,69081900
2022-05-24,32.178070068359375,35.650001525878906,35.959999084472656,34.959999084472656,35.470001220703125,46146700
2022-05-25,32.34956741333008,35.84000015258789,36.27000045776367,35.290000915527344,35.5,49343400
2022-05-26,33.09872817993164,36.66999816894531,36.84000015258789,36.34000015258789,36.5,60201200
2022-05-27,33.414642333984375,37.02000045776367,37.04999923706055,36.58000183105469,36.88999938964844,43365600
2022-05-31,33.57711410522461,37.20000076293945,37.529998779296875,36.61000061035156,36.81999969482422,71609200
2022-06-01,33.09872817993164,36.66999816894531,37.470001220703125,36.16999816894531,37.459999084472656,35237900
2022-06-02,33.31660842895508,36.70000076293945,36.709999084472656,36.06999969482422,36.40999984741211,35341900
2022-06-03,32.8536262512207,36.189998626708984,36.68000030517578,36.130001068115234,36.47999954223633,25235200
2022-06-06,32.81731414794922,36.150001525878906,37.209999084472656,36.099998474121094,36.70000076293945,40394000
2022-06-07,32.99886703491211,36.349998474121094,36.40999984741211,35.7400016784668,35.900001525878906,29152200
2022-06-08,32.58127975463867,35.88999938964844,36.11000061035156,35.52000045776367,35.91999816894531,33590600
2022-06-09,31.328500747680664,34.5099983215332,35.84000015258789,34.5,35.7400016784668,49419000
2022-06-10,30.112037658691406,33.16999816894531,34.040000915527344,33.02000045776367,33.68000030517578,49318200
2022-06-13,29.068058013916016,32.02000045776367,32.77000045776367,31.739999771118164,32.38999938964844,61216600
2022-06-14,28.55968475341797,31.459999084472656,32.599998474121094,31.229999542236328,31.920000076293945,49349800
2022-06-15,29.09528923034668,32.04999923706055,32.4900016784668,31.420000076293945,31.979999542236328,51540100
2022-06-16,28.91373062133789,31.850000381469727,32.0,30.860000610351562,31.5,61363400
2022-06-17,28.977277755737305,31.920000076293945,32.58000183105469,31.639999389648438,32.029998779296875,80470300
2022-06-21,29.82154083251953,32.849998474121094,33.290000915527344,32.619998931884766,32.88999938964844,53537200
2022-06-22,29.59458351135254,32.599998474121094,32.939998626708984,32.31999969482422,32.38999938964844,38305600
2022-06-23,29.122528076171875,32.08000183105469,32.40999984741211,31.260000228881836,32.380001068115234,44091500
2022-06-24,29.331323623657227,32.310001373291016,32.77000045776367,31.229999542236328,31.25,79504700
2022-06-27,29.367633819580078,32.349998474121094,32.599998474121094,31.90999984741211,32.41999816894531,47900300
2022-06-28,29.285934448242188,32.2599983215332,33.5,32.189998626708984,32.83000183105469,49863800
2022-06-29,28.922807693481445,31.860000610351562,32.439998626708984,31.65999984741211,32.22999954223633,35149700
2022-06-30,28.260107040405273,31.1299991607666,31.549999237060547,30.639999389648438,31.170000076293945,46312300
2022-07-01,28.650463104248047,31.559999465942383,31.670000076293945,30.6299991607666,30.979999542236328,40236100
2022-07-05,28.35996437072754,31.239999771118164,31.239999771118164,30.450000762939453,30.799999237060547,47411800
2022-07-06,28.12393569946289,30.979999542236328,31.25,30.639999389648438,31.010000228881836,35933700
2022-07-07,28.922807693481445,31.860000610351562,32.0099983215332,31.469999313354492,31.5,40137900
2022-07-08,28.859262466430664,31.790000915527344,32.25,31.559999465942383,32.0099983215332,31153800
2022-07-11,28.55968475341797,31.459999084472656,31.790000915527344,31.290000915527344,31.549999237060547,29311900
2022-07-12,28.468902587890625,31.360000610351562,32.029998779296875,30.979999542236328,31.020000457763672,39527000
2022-07-13,27.99683952331543,30.84000015258789,31.149999618530273,30.399999618530273,31.06999969482422,44153700
2022-07-14,27.352298736572266,30.1299991607666,30.219999313354492,29.670000076293945,30.09000015258789,51707800
2022-07-15,29.276853561401367,32.25,32.630001068115234,30.610000610351562,30.649999618530273,77801700
2022-07-18,29.285934448242188,32.2599983215332,33.380001068115234,32.099998474121094,33.08000183105469,56382900
2022-07-19,30.27544403076172,33.349998474121094,33.619998931884766,32.68000030517578,32.900001525878906,46874900
2022-07-20,30.284528732299805,33.36000061035156,33.45000076293945,32.95000076293945,33.18000030517578,35514900
2022-07-21,30.54778480529785,33.650001525878906,33.66999816894531,32.95000076293945,33.09000015258789,31244000
2022-07-22,30.34807014465332,33.43000030517578,33.939998626708984,33.09000015258789,33.599998474121094,27115400
2022-07-25,30.620405197143555,33.72999954223633,33.97999954223633,33.439998626708984,33.779998779296875,30381000
2022-07-26,30.00309944152832,33.04999923706055,33.779998779296875,32.959999084472656,33.40999984741211,30645700
2022-07-27,30.493310928344727,33.59000015258789,33.77000045776367,32.95000076293945,33.2400016784668,30344800
2022-07-28,30.248210906982422,33.31999969482422,33.75,32.900001525878906,33.5,40176500
2022-07-29,30.693037033081055,33.810001373291016,33.939998626708984,33.349998474121094,33.470001220703125,48152500
2022-08-01,30.602252960205078,33.709999084472656,33.88999938964844,33.220001220703125,33.619998931884766,32336700
2022-08-02,29.994022369384766,33.040000915527344,33.720001220703125,33.0,33.599998474121094,37884100
2022-08-03,30.538711547851562,33.63999938964844,33.75,33.16999816894531,33.41999816894531,30065800
2022-08-04,30.32083511352539,33.400001525878906,33.66999816894531,33.16999816894531,33.52000045776367,28404500
2022-08-05,30.829204559326172,33.959999084472656,34.33000183105469,33.2400016784668,33.279998779296875,35874500
2022-08-08,30.402536392211914,33.4900016784668,34.290000915527344,33.45000076293945,34.16999816894531,33454300
2022-08-09,30.792896270751953,33.91999816894531,33.959999084472656,33.40999984741211,33.650001525878906,40196900
2022-08-10,31.836877822875977,35.06999969482422,35.43000030517578,34.45000076293945,34.5,61415800
2022-08-11,32.59943771362305,35.90999984741211,36.060001373291016,35.650001525878906,35.77000045776367,50420800
2022-08-12,32.95348358154297,36.29999923706055,36.310001373291016,35.689998626708984,36.15999984741211,31821700
2022-08-15,32.908084869384766,36.25,36.29999923706055,35.66999816894531,35.84000015258789,24908000
2022-08-16,33.26213836669922,36.63999938964844,36.939998626708984,36.099998474121094,36.189998626708984,31870200
2022-08-17,33.0533447265625,36.40999984741211,36.59000015258789,36.08000183105469,36.20000076293945,27125600
2022-08-18,32.93532180786133,36.279998779296875,36.400001525878906,36.0,36.25,23138300
2022-08-19,32.209075927734375,35.47999954223633,36.029998779296875,35.310001373291016,35.959999084472656,36485400
2022-08-22,31.51914405822754,34.720001220703125,34.81999969482422,34.45000076293945,34.75,31210300
2022-08-23,31.237722396850586,34.40999984741211,34.970001220703125,34.36000061035156,34.66999816894531,26588000
2022-08-24,31.337583541870117,34.52000045776367,34.79999923706055,34.04999923706055,34.25,31389400
2022-08-25,31.900419235229492,35.13999938964844,35.279998779296875,34.45000076293945,34.599998474121094,40576700
2022-08-26,30.89275360107422,34.029998779296875,35.47999954223633,34.02000045776367,35.439998626708984,36152600
2022-08-29,30.774742126464844,33.900001525878906,34.150001525878906,33.61000061035156,33.86000061035156,34931000
2022-08-30,30.947221755981445,34.09000015258789,34.279998779296875,33.540000915527344,34.18000030517578,48194900
2022-08-31,30.511472702026367,33.61000061035156,34.369998931884766,33.599998474121094,34.13999938964844,44917600
2022-09-01,30.584577560424805,33.470001220703125,33.4900016784668,32.65999984741211,33.34000015258789,32848900
2022-09-02,30.54802703857422,33.43000030517578,34.47999954223633,33.27000045776367,33.93000030517578,44000800
2022-09-06,30.209918975830078,33.060001373291016,33.72999954223633,32.61000061035156,33.63999938964844,40762400
2022-09-07,30.675954818725586,33.56999969482422,33.66999816894531,32.630001068115234,32.810001373291016,40742600
2022-09-08,31.66284942626953,34.650001525878906,34.72999954223633,33.27000045776367,33.459999084472656,44361800
2022-09-09,31.927852630615234,34.939998626708984,35.25,34.84000015258789,34.97999954223633,37295100
2022-09-12,32.22940444946289,35.27000045776367,35.630001068115234,35.029998779296875,35.20000076293945,30534000
2022-09-13,31.06888771057129,34.0,34.720001220703125,33.810001373291016,34.58000183105469,40959600
2022-09-14,30.95009422302246,33.869998931884766,34.41999816894531,33.540000915527344,34.20000076293945,32004400
2022-09-15,31.534915924072266,34.5099983215332,34.900001525878906,33.70000076293945,33.790000915527344,44863300
2022-09-16,31.17853355407715,34.119998931884766,34.22999954223633,33.65999984741211,34.189998626708984,54281800
2022-09-19,31.699399948120117,34.689998626708984,34.869998931884766,33.630001068115234,33.720001220703125,29782000
2022-09-20,31.224224090576172,34.16999816894531,34.779998779296875,33.880001068115234,34.5,33591100
2022-09-21,30.292165756225586,33.150001525878906,34.400001525878906,33.119998931884766,34.310001373291016,51667800
2022-09-22,29.698200225830078,32.5,33.41999816894531,32.38999938964844,33.310001373291016,47527500
2022-09-23,28.994585037231445,31.729999542236328,32.09000015258789,31.209999084472656,31.93000030517578,55316100
2022-09-26,28.354930877685547,31.030000686645508,31.81999969482422,30.68000030517578,31.31999969482422,40360200
2022-09-27,27.93458366394043,30.56999969482422,31.3700008392334,30.299999237060547,31.270000457763672,43396600
2022-09-28,28.3914794921875,31.06999969482422,31.309999465942383,30.389999389648438,30.530000686645508,38372900
2022-09-29,28.016828536987305,30.65999984741211,30.899999618530273,30.209999084472656,30.690000534057617,35220900
2022-09-30,27.596477508544922,30.200000762939453,31.190000534057617,30.170000076293945,30.760000228881836,42294100
2022-10-03,28.409753799438477,31.09000015258789,31.280000686645508,30.200000762939453,30.59000015258789,34591700
2022-10-04,29.58854866027832,32.380001068115234,32.52000045776367,31.65999984741211,31.719999313354492,39758700
2022-10-05,29.168201446533203,31.920000076293945,32.029998779296875,31.450000762939453,31.540000915527344,35791100
2022-10-06,28.74785804748535,31.459999084472656,31.8799991607666,31.360000610351562,31.600000381469727,40891900
2022-10-07,28.09906768798828,30.75,31.239999771118164,30.530000686645508,31.170000076293945,52304600
2022-10-10,28.016828536987305,30.65999984741211,31.049999237060547,30.350000381469727,30.899999618530273,37669100
2022-10-11,27.20355224609375,29.770000457763672,30.469999313354492,29.56999969482422,30.3700008392334,58124000
2022-10-12,27.28579330444336,29.860000610351562,30.309999465942383,29.479999542236328,29.639999389648438,36137900
2022-10-13,28.958026885986328,31.690000534057617,31.770000457763672,29.309999465942383,29.40999984741211,67671000
2022-10-14,28.967166900634766,31.700000762939453,32.630001068115234,31.56999969482422,31.809999465942383,58108500
2022-10-17,30.72163963317871,33.619998931884766,33.869998931884766,32.869998931884766,33.36000061035156,88896800
2022-10-18,31.873023986816406,34.880001068115234,35.36000061035156,34.279998779296875,34.97999954223633,81937900
2022-10-19,30.99578285217285,33.91999816894531,34.83000183105469,33.77000045776367,34.58000183105469,43139900
2022-10-20,30.79474449157715,33.70000076293945,34.630001068115234,33.59000015258789,33.97999954223633,39549100
2022-10-21,31.936986923217773,34.95000076293945,35.040000915527344,33.560001373291016,33.560001373291016,54870300
2022-10-24,32.04664611816406,35.06999969482422,35.2599983215332,34.709999084472656,35.11000061035156,33765600
2022-10-25,32.33905029296875,35.38999938964844,35.58000183105469,34.529998779296875,34.7400016784668,37132300
2022-10-26,32.62232971191406,35.70000076293945,36.09000015258789,35.349998474121094,35.41999816894531,41104600
2022-10-27,32.77767562866211,35.869998931884766,36.369998931884766,35.77000045776367,36.150001525878906,35261900
2022-10-28,33.060951232910156,36.18000030517578,36.29999923706055,35.63999938964844,36.040000915527344,31659100
2022-10-31,32.933021545410156,36.040000915527344,36.33000183105469,35.810001373291016,36.0,32565500
2022-11-01,33.0792236328125,36.20000076293945,36.7599983215332,36.11000061035156,36.439998626708984,29913200
2022-11-02,32.97871017456055,36.09000015258789,37.279998779296875,35.95000076293945,36.06999969482422,57380600
2022-11-03,32.79595184326172,35.88999938964844,36.13999938964844,35.40999984741211,35.70000076293945,30046500
2022-11-04,33.61836624145508,36.790000915527344,37.0,36.220001220703125,36.5,39369400
2022-11-07,33.81938934326172,37.0099983215332,37.34000015258789,36.72999954223633,37.0099983215332,37533700
2022-11-08,33.9107780456543,37.11000061035156,37.41999816894531,36.75,37.09000015258789,32664300
2022-11-09,33.371639251708984,36.52000045776367,36.959999084472656,36.38999938964844,36.880001068115234,30164400
2022-11-10,34.84284591674805,38.130001068115234,38.220001220703125,37.13999938964844,37.29999923706055,45702800
2022-11-11,35.09870910644531,38.40999984741211,38.599998474121094,37.970001220703125,38.189998626708984,35688700
2022-11-14,34.504737854003906,37.7599983215332,38.2599983215332,37.75,38.09000015258789,35541400
2022-11-15,34.44990539550781,37.70000076293945,38.29999923706055,37.29999923706055,38.189998626708984,46082800
2022-11-16,34.139225006103516,37.36000061035156,37.7400016784668,37.20000076293945,37.61000061035156,23813000
2022-11-17,33.96560287475586,37.16999816894531,37.20000076293945,36.560001373291016,36.880001068115234,23689700
2022-11-18,33.9838752746582,37.189998626708984,37.849998474121094,36.91999816894531,37.790000915527344,32041800
2022-11-21,34.09354019165039,37.310001373291016,37.52000045776367,37.060001373291016,37.09000015258789,27935700
2022-11-22,34.258018493652344,37.4900016784668,37.79999923706055,37.43000030517578,37.59000015258789,23499300
2022-11-23,34.36766815185547,37.61000061035156,37.65999984741211,37.369998931884766,37.4900016784668,18934700
2022-11-25,34.44990539550781,37.70000076293945,37.869998931884766,37.560001373291016,37.720001220703125,16118500
2022-11-28,33.682334899902344,36.86000061035156,37.65999984741211,36.83000183105469,37.400001525878906,35428300
2022-11-29,33.81025314331055,37.0,37.150001525878906,36.720001220703125,36.97999954223633,27048800
2022-11-30,34.586978912353516,37.849998474121094,37.849998474121094,36.20000076293945,36.900001525878906,51747900
2022-12-01,33.59431076049805,36.54999923706055,37.689998626708984,36.400001525878906,37.5,46213200
2022-12-02,33.16232681274414,36.08000183105469,36.290000915527344,35.810001373291016,36.060001373291016,42295300
2022-12-05,31.682525634765625,34.470001220703125,35.88999938964844,34.13999938964844,35.810001373291016,71386600
2022-12-06,30.331396102905273,33.0,34.68000030517578,32.40999984741211,34.56999969482422,84085700
2022-12-07,30.09242057800293,32.7400016784668,32.91999816894531,32.349998474121094,32.59000015258789,49234100
2022-12-08,29.816679000854492,32.439998626708984,32.9900016784668,32.18000030517578,32.970001220703125,45491100
2022-12-09,29.761531829833984,32.380001068115234,32.599998474121094,32.08000183105469,32.11000061035156,36985500
2022-12-12,30.083229064941406,32.72999954223633,32.779998779296875,32.060001373291016,32.310001373291016,41060500
2022-12-13,30.101608276367188,32.75,33.66999816894531,32.56999969482422,33.54999923706055,54804800
2022-12-14,29.669618606567383,32.279998779296875,33.0,32.15999984741211,32.79999923706055,48819500
2022-12-15,29.20085906982422,31.770000457763672,31.989999771118164,31.489999771118164,31.75,49027600
2022-12-16,29.136524200439453,31.700000762939453,31.93000030517578,31.350000381469727,31.6200008392334,61795200
2022-12-19,29.467411041259766,32.060001373291016,32.22999954223633,31.729999542236328,31.760000228881836,38374100
2022-12-20,29.586894989013672,32.189998626708984,32.58000183105469,32.13999938964844,32.400001525878906,35561100
2022-12-21,30.03727149963379,32.68000030517578,32.869998931884766,32.40999984741211,32.52000045776367,32544000
2022-12-22,29.770721435546875,32.38999938964844,32.58000183105469,31.8700008392334,32.52000045776367,30234400
2022-12-23,29.844253540039062,32.470001220703125,32.58000183105469,32.189998626708984,32.400001525878906,21378600
2022-12-27,29.89940071105957,32.529998779296875,32.66999816894531,32.279998779296875,32.5,22776100
2022-12-28,30.119998931884766,32.77000045776367,32.970001220703125,32.529998779296875,32.56999969482422,30541000
2022-12-29,30.460071563720703,33.13999938964844,33.15999984741211,32.75,32.88999938964844,22252900
2022-12-30,30.441686630249023,33.119998931884766,33.29999923706055,32.86000061035156,33.099998474121094,28198900
2023-01-03,30.800148010253906,33.5099983215332,34.09000015258789,33.209999084472656,33.22999954223633,35221500
2023-01-04,31.37920379638672,34.13999938964844,34.81999969482422,33.83000183105469,33.900001525878906,41998500
2023-01-05,31.314865112304688,34.06999969482422,34.13999938964844,33.58000183105469,33.91999816894531,34177000
2023-01-06,31.62737274169922,34.40999984741211,34.58000183105469,33.540000915527344,34.09000015258789,34068700
2023-01-09,31.14942169189453,33.88999938964844,34.7599983215332,33.709999084472656,34.75,43818800
2023-01-10,31.360815048217773,34.119998931884766,34.27000045776367,33.63999938964844,33.7400016784668,35096000
2023-01-11,31.599803924560547,34.380001068115234,34.439998626708984,34.0,34.119998931884766,36783700
2023-01-12,31.682525634765625,34.470001220703125,34.869998931884766,34.36000061035156,34.599998474121094,44230400
2023-01-13,32.38105392456055,35.22999954223633,35.38999938964844,33.09000015258789,34.20000076293945,89667800
2023-01-17,31.728473663330078,34.52000045776367,34.83000183105469,34.150001525878906,34.689998626708984,56458400
2023-01-18,30.9931640625,33.720001220703125,34.34000015258789,33.5099983215332,34.33000183105469,54517800
2023-01-19,30.542797088623047,33.22999954223633,33.54999923706055,32.88999938964844,33.279998779296875,42707100
2023-01-20,31.112655639648438,33.849998474121094,33.88999938964844,33.09000015258789,33.29999923706055,45004400
2023-01-23,31.544654846191406,34.31999969482422,34.5099983215332,33.75,33.810001373291016,33683300
2023-01-24,31.774433135986328,34.56999969482422,34.790000915527344,33.95000076293945,34.220001220703125,26716700
2023-01-25,32.050174713134766,34.869998931884766,34.959999084472656,34.25,34.29999923706055,28859700
2023-01-26,32.4821662902832,35.34000015258789,35.349998474121094,34.790000915527344,35.04999923706055,30035500
2023-01-27,32.583274841308594,35.45000076293945,35.779998779296875,35.27000045776367,35.439998626708984,29964900
2023-01-30,32.44540023803711,35.29999923706055,35.560001373291016,35.18000030517578,35.209999084472656,27353500
2023-01-31,32.610843658447266,35.47999954223633,35.47999954223633,35.0,35.16999816894531,38917400
2023-02-01,33.0152587890625,35.91999816894531,36.2599983215332,35.11000061035156,35.20000076293945,44438700
2023-02-02,33.208274841308594,36.130001068115234,36.380001068115234,35.439998626708984,36.099998474121094,33729100
2023-02-03,33.48402404785156,36.43000030517578,36.7599983215332,35.900001525878906,36.02000045776367,37411700
2023-02-06,33.42886734008789,36.369998931884766,36.439998626708984,35.97999954223633,36.25,29463200
2023-02-07,33.79652404785156,36.77000045776367,37.0,36.130001068115234,36.16999816894531,44100200
2023-02-08,33.54835510253906,36.5,36.84000015258789,36.34000015258789,36.40999984741211,28032800
2023-02-09,32.83143615722656,35.720001220703125,36.349998474121094,35.560001373291016,36.27000045776367,35257100
2023-02-10,32.702754974365234,35.58000183105469,35.59000015258789,35.029998779296875,35.54999923706055,32898900
2023-02-13,32.767093658447266,35.650001525878906,35.779998779296875,35.38999938964844,35.47999954223633,29163900
2023-02-14,32.739532470703125,35.619998931884766,35.9900016784668,35.459999084472656,35.630001068115234,33625200
2023-02-15,32.68437194824219,35.560001373291016,35.61000061035156,35.15999984741211,35.31999969482422,23500100
2023-02-16,32.42702102661133,35.279998779296875,35.65999984741211,35.220001220703125,35.41999816894531,22681100
2023-02-17,32.49135971069336,35.349998474121094,35.38999938964844,34.7400016784668,35.08000183105469,28562700
2023-02-21,31.728473663330078,34.52000045776367,35.04999923706055,34.27000045776367,34.90999984741211,37068900
2023-02-22,31.517078399658203,34.290000915527344,34.54999923706055,34.06999969482422,34.36000061035156,38550400
2023-02-23,31.489498138427734,34.2599983215332,34.599998474121094,33.86000061035156,34.400001525878906,28488000
2023-02-24,31.44354248046875,34.209999084472656,34.290000915527344,33.84000015258789,33.86000061035156,27046600
2023-02-27,31.44354248046875,34.209999084472656,34.689998626708984,34.16999816894531,34.45000076293945,30137500
2023-02-28,31.526269912719727,34.29999923706055,34.4900016784668,34.18000030517578,34.349998474121094,32620600
2023-03-01,31.37920379638672,34.13999938964844,34.4900016784668,33.97999954223633,34.150001525878906,29281600
2023-03-02,30.981420516967773,33.4900016784668,33.70000076293945,33.0,33.65999984741211,44607200
2023-03-03,31.60123062133789,34.15999984741211,34.290000915527344,33.650001525878906,33.650001525878906,39109100
2023-03-06,31.53647804260254,34.09000015258789,34.560001373291016,33.9900016784668,34.2400016784668,36646700
2023-03-07,30.528118133544922,33.0,33.900001525878906,32.79999923706055,33.849998474121094,52855300
2023-03-08,30.121076583862305,32.560001373291016,32.970001220703125,32.439998626708984,32.65999984741211,40045600
2023-03-09,28.25238609313965,30.540000915527344,32.38999938964844,30.309999465942383,32.279998779296875,112457900
2023-03-10,28.002613067626953,30.270000457763672,31.040000915527344,28.920000076293945,30.31999969482422,165330900
2023-03-13,26.37444496154785,28.510000228881836,29.719999313354492,27.8700008392334,28.920000076293945,218403300
2023-03-14,26.60572052001953,28.760000228881836,30.09000015258789,28.469999313354492,29.989999771118164,154255800
2023-03-15,26.35594367980957,28.489999771118164,28.559999465942383,27.68000030517578,27.8799991607666,131104400
2023-03-16,26.799985885620117,28.969999313354492,29.469999313354492,28.110000610351562,28.3799991607666,108348800
2023-03-17,25.736127853393555,27.81999969482422,28.65999984741211,27.6200008392334,28.65999984741211,130665500
2023-03-20,25.671371459960938,27.75,28.43000030517578,27.649999618530273,28.239999771118164,81441200
2023-03-21,26.448450088500977,28.59000015258789,28.979999542236328,28.510000228881836,28.6299991607666,84854800
2023-03-22,25.569610595703125,27.639999389648438,28.739999771118164,27.639999389648438,28.709999084472656,76925900
2023-03-23,24.949796676635742,26.969999313354492,28.09000015258789,26.790000915527344,28.0,105335900
2023-03-24,25.107065200805664,27.139999389648438,27.290000915527344,26.31999969482422,26.600000381469727,96872700
2023-03-27,26.35594367980957,28.489999771118164,28.649999618530273,27.90999984741211,27.93000030517578,102469800
2023-03-28,26.013660430908203,28.1200008392334,28.649999618530273,27.979999542236328,28.3799991607666,63416500
2023-03-29,26.522462844848633,28.670000076293945,28.770000457763672,28.239999771118164,28.489999771118164,62666400
2023-03-30,26.180173873901367,28.299999237060547,29.059999465942383,28.110000610351562,28.920000076293945,67427100
2023-03-31,26.45770263671875,28.600000381469727,28.68000030517578,28.260000228881836,28.6200008392334,56482100
2023-04-03,26.448450088500977,28.59000015258789,28.979999542236328,28.329999923706055,28.639999389648438,51996800
2023-04-04,25.884145736694336,27.979999542236328,28.649999618530273,27.65999984741211,28.549999237060547,56233300
2023-04-05,25.569610595703125,27.639999389648438,27.90999984741211,27.459999084472656,27.65999984741211,47799400
2023-04-06,25.75463104248047,27.84000015258789,28.010000228881836,27.6200008392334,27.719999313354492,41216600
2023-04-10,25.84714126586914,27.940000534057617,28.100000381469727,27.649999618530273,27.670000076293945,40572700
2023-04-11,26.559463500976562,28.709999084472656,28.75,27.959999084472656,28.020000457763672,58761200
2023-04-12,26.346694946289062,28.479999542236328,29.010000228881836,28.3700008392334,28.68000030517578,44313300
2023-04-13,26.420696258544922,28.559999465942383,28.639999389648438,28.239999771118164,28.559999465942383,52261400
2023-04-14,27.308788299560547,29.520000457763672,29.8700008392334,29.25,29.299999237060547,81110800
2023-04-17,28.09511947631836,30.3700008392334,30.40999984741211,29.399999618530273,29.770000457763672,83704400
2023-04-18,28.270883560180664,30.559999465942383,30.93000030517578,29.799999237060547,30.799999237060547,114498800
2023-04-19,27.80833625793457,30.059999465942383,30.200000762939453,29.790000915527344,30.1299991607666,65594200
2023-04-20,27.66032600402832,29.899999618530273,30.229999542236328,29.770000457763672,29.84000015258789,43193800
2023-04-21,27.632572174072266,29.8700008392334,29.979999542236328,29.40999984741211,29.75,44759000
2023-04-24,27.53081512451172,29.760000228881836,29.899999618530273,29.59000015258789,29.790000915527344,28020300
2023-04-25,26.679725646972656,28.84000015258789,29.530000686645508,28.81999969482422,29.450000762939453,49718800
2023-04-26,26.309690475463867,28.440000534057617,28.940000534057617,28.299999237060547,28.760000228881836,45848400
2023-04-27,26.72597885131836,28.889999389648438,29.079999923706055,28.520000457763672,28.520000457763672,33060100
2023-04-28,27.08676528930664,29.280000686645508,29.43000030517578,28.510000228881836,28.530000686645508,45592500
2023-05-01,26.864744186401367,29.040000915527344,29.540000915527344,29.0,29.5,34076800
2023-05-02,26.050662994384766,28.15999984741211,28.860000610351562,27.709999084472656,28.850000381469727,70797700
2023-05-03,25.77313232421875,27.860000610351562,28.5,27.809999465942383,28.15999984741211,51139500
2023-05-04,24.96830177307129,26.989999771118164,27.809999465942383,26.829999923706055,27.579999923706055,82173800
2023-05-05,25.634366989135742,27.709999084472656,27.889999389648438,27.469999313354492,27.6200008392334,50087100
2023-05-08,25.615867614746094,27.690000534057617,28.149999618530273,27.65999984741211,28.079999923706055,34245500
2023-05-09,25.588117599487305,27.65999984741211,27.829999923706055,27.239999771118164,27.420000076293945,32188800
2023-05-10,25.273578643798828,27.31999969482422,28.0,27.020000457763672,27.959999084472656,44446400
2023-05-11,25.338336944580078,27.389999389648438,27.489999771118164,26.8799991607666,27.010000228881836,34897300
2023-05-12,25.060806274414062,27.09000015258789,27.549999237060547,26.8799991607666,27.520000457763672,38142000
2023-05-15,25.578861236572266,27.649999618530273,27.81999969482422,27.030000686645508,27.100000381469727,38722800
2023-05-16,25.310585021972656,27.360000610351562,27.899999618530273,27.329999923706055,27.780000686645508,33347500
2023-05-17,26.42995262145996,28.56999969482422,28.670000076293945,27.729999542236328,27.739999771118164,61750400
2023-05-18,26.337438583374023,28.469999313354492,28.5,28.0,28.440000534057617,51146100
2023-05-19,26.004405975341797,28.110000610351562,28.670000076293945,28.030000686645508,28.459999084472656,50062500
2023-05-22,26.217178344726562,28.34000015258789,28.450000762939453,28.010000228881836,28.299999237060547,36473700
2023-05-23,26.439199447631836,28.579999923706055,29.079999923706055,28.299999237060547,28.31999969482422,51400400
2023-05-24,25.99515151977539,28.100000381469727,28.510000228881836,28.0,28.329999923706055,50606900
2023-05-25,26.059913635253906,28.170000076293945,28.239999771118164,27.8799991607666,27.989999771118164,40517800
2023-05-26,26.18942642211914,28.309999465942383,28.399999618530273,27.790000915527344,28.200000762939453,57879100
2023-05-30,26.143169403076172,28.260000228881836,28.489999771118164,27.950000762939453,28.31999969482422,41819600
2023-05-31,25.708375930786133,27.790000915527344,28.15999984741211,27.479999542236328,28.100000381469727,61905200
2023-06-01,25.904197692871094,27.780000686645508,27.979999542236328,27.34000015258789,27.760000228881836,57426100
2023-06-02,26.77139663696289,28.709999084472656,28.950000762939453,28.1200008392334,28.15999984741211,66578100
2023-06-05,26.612878799438477,28.540000915527344,28.81999969482422,28.299999237060547,28.81999969482422,34757800
2023-06-06,27.25628662109375,29.229999542236328,29.43000030517578,28.450000762939453,28.459999084472656,46297900
2023-06-07,27.489404678344727,29.479999542236328,29.649999618530273,29.010000228881836,29.299999237060547,44502600
2023-06-08,27.25628662109375,29.229999542236328,29.3799991607666,28.989999771118164,29.280000686645508,41483100
2023-06-09,27.2935848236084,29.270000457763672,29.399999618530273,29.079999923706055,29.200000762939453,32692000
2023-06-12,27.163040161132812,29.1299991607666,29.559999465942383,28.90999984741211,29.299999237060547,41011300
2023-06-13,27.414810180664062,29.399999618530273,29.799999237060547,29.030000686645508,29.1299991607666,42718800
2023-06-14,27.153717041015625,29.1200008392334,29.729999542236328,28.989999771118164,29.56999969482422,38322800
2023-06-15,27.386831283569336,29.3700008392334,29.469999313354492,28.690000534057617,28.899999618530273,42044900
2023-06-16,27.21898651123047,29.190000534057617,29.68000030517578,29.15999984741211,29.530000686645508,53050200
2023-06-20,26.920597076416016,28.8700008392334,29.040000915527344,28.579999923706055,29.010000228881836,39040900
2023-06-21,26.640853881835938,28.56999969482422,29.0,28.540000915527344,28.780000686645508,39553400
2023-06-22,26.07204246520996,27.959999084472656,28.530000686645508,27.899999618530273,28.5,50742900
2023-06-23,25.876222610473633,27.75,27.889999389648438,27.59000015258789,27.739999771118164,55181100
2023-06-26,26.193260192871094,28.09000015258789,28.280000686645508,27.790000915527344,27.799999237060547,47519300
2023-06-27,26.33313751220703,28.239999771118164,28.399999618530273,27.950000762939453,28.100000381469727,39081800
2023-06-28,26.17461585998535,28.06999969482422,28.270000457763672,27.899999618530273,28.25,37803800
2023-06-29,26.724777221679688,28.65999984741211,29.0,28.399999618530273,28.5,68376400
2023-06-30,26.752750396728516,28.690000534057617,29.110000610351562,28.670000076293945,28.940000534057617,50479000
2023-07-03,27.228313446044922,29.200000762939453,29.350000381469727,28.649999618530273,28.700000762939453,30995800
2023-07-05,27.116413116455078,29.079999923706055,29.420000076293945,28.950000762939453,29.139999389648438,37492000
2023-07-06,26.370433807373047,28.280000686645508,28.81999969482422,28.100000381469727,28.799999237060547,52098000
2023-07-07,26.60355567932129,28.530000686645508,28.81999969482422,28.290000915527344,28.299999237060547,34288000
2023-07-10,26.724777221679688,28.65999984741211,28.850000381469727,28.469999313354492,28.59000015258789,36086000
2023-07-11,27.060462951660156,29.020000457763672,29.079999923706055,28.420000076293945,28.65999984741211,40978700
2023-07-12,27.37750816345215,29.360000610351562,29.889999389648438,29.270000457763672,29.510000228881836,41855500
2023-07-13,27.666576385498047,29.670000076293945,29.8700008392334,29.40999984741211,29.520000457763672,39589000
2023-07-14,27.144384384155273,29.110000610351562,30.100000381469727,29.049999237060547,30.0,58720300
2023-07-17,27.414810180664062,29.399999618530273,29.559999465942383,29.1200008392334,29.149999618530273,49477200
2023-07-18,28.627029418945312,30.700000762939453,30.860000610351562,29.920000076293945,30.0,98253800
2023-07-19,29.400985717773438,31.530000686645508,31.700000762939453,30.690000534057617,30.889999389648438,70619800
2023-07-20,29.55017852783203,31.690000534057617,31.799999237060547,31.260000228881836,31.329999923706055,42128800
2023-07-21,29.820594787597656,31.979999542236328,32.11000061035156,31.420000076293945,31.8700008392334,70872400
2023-07-24,30.445358276367188,32.650001525878906,32.849998474121094,31.979999542236328,32.0,64548600
2023-07-25,29.97911834716797,32.150001525878906,32.790000915527344,32.06999969482422,32.7599983215332,51208800
2023-07-26,30.221561431884766,32.40999984741211,32.540000915527344,32.150001525878906,32.2400016784668,41814600
2023-07-27,29.792621612548828,31.950000762939453,32.7400016784668,31.81999969482422,32.43000030517578,45529500
2023-07-28,29.746000289916992,31.899999618530273,32.15999984741211,31.709999084472656,32.150001525878906,33296500
2023-07-31,29.83924674987793,32.0,32.25,31.780000686645508,31.899999618530273,29093400
2023-08-01,29.484905242919922,31.6200008392334,31.940000534057617,31.420000076293945,31.84000015258789,32712000
2023-08-02,29.08394432067871,31.190000534057617,31.280000686645508,30.780000686645508,31.15999984741211,38855100
2023-08-03,29.289085388183594,31.40999984741211,31.549999237060547,30.8799991607666,30.940000534057617,27933400
2023-08-04,29.186513900756836,31.299999237060547,31.670000076293945,31.170000076293945,31.360000610351562,30768100
2023-08-07,29.72735023498535,31.8799991607666,31.899999618530273,31.40999984741211,31.40999984741211,31745200
2023-08-08,29.158540725708008,31.270000457763672,31.309999465942383,30.479999542236328,31.299999237060547,45951800
2023-08-09,28.776222229003906,30.860000610351562,31.280000686645508,30.829999923706055,31.219999313354492,30732100
2023-08-10,28.850820541381836,30.940000534057617,31.31999969482422,30.799999237060547,31.010000228881836,26062600
2023-08-11,29.177186965942383,31.290000915527344,31.399999618530273,30.75,30.799999237060547,35720700
2023-08-14,28.84149742126465,30.93000030517578,31.110000610351562,30.75,31.049999237060547,32563700
2023-08-15,27.918344497680664,29.940000534057617,30.549999237060547,29.84000015258789,30.5,43406100
2023-08-16,27.31223487854004,29.290000915527344,29.84000015258789,29.209999084472656,29.75,47220400
2023-08-17,27.302907943725586,29.280000686645508,29.540000915527344,29.110000610351562,29.440000534057617,37202200
2023-08-18,27.144384384155273,29.110000610351562,29.350000381469727,28.979999542236328,29.040000915527344,31430400
2023-08-21,27.181690216064453,29.149999618530273,29.299999237060547,28.799999237060547,29.219999313354492,34959000
2023-08-22,26.519634246826172,28.440000534057617,29.239999771118164,28.420000076293945,29.1299991607666,37564200
2023-08-23,26.528953552246094,28.450000762939453,28.510000228881836,28.18000030517578,28.450000762939453,44686600
2023-08-24,26.687477111816406,28.6200008392334,28.790000915527344,28.3700008392334,28.399999618530273,31934800
2023-08-25,26.575580596923828,28.5,28.790000915527344,28.299999237060547,28.639999389648438,34253200
2023-08-28,26.81802749633789,28.760000228881836,29.0,28.56999969482422,28.690000534057617,33075200
2023-08-29,27.20033836364746,29.170000076293945,29.260000228881836,28.719999313354492,28.889999389648438,30428200
2023-08-30,27.079118728637695,29.040000915527344,29.270000457763672,28.93000030517578,29.219999313354492,33366400
2023-08-31,26.956886291503906,28.670000076293945,28.969999313354492,28.530000686645508,28.93000030517578,37243000
2023-09-01,27.24835968017578,28.979999542236328,29.1299991607666,28.760000228881836,28.760000228881836,35228600
2023-09-05,26.938079833984375,28.649999618530273,29.1200008392334,28.5,28.940000534057617,46543600
2023-09-06,26.69361686706543,28.389999389648438,28.559999465942383,28.1200008392334,28.399999618530273,45022600
2023-09-07,26.44915008544922,28.1299991607666,28.549999237060547,28.059999465942383,28.40999984741211,35023600
2023-09-08,26.665407180786133,28.360000610351562,28.3799991607666,27.959999084472656,28.1200008392334,36513900
2023-09-11,26.77823829650879,28.479999542236328,28.760000228881836,28.399999618530273,28.510000228881836,34168300
2023-09-12,27.23896026611328,28.969999313354492,29.139999389648438,28.399999618530273,28.459999084472656,42284000
2023-09-13,27.154335021972656,28.8799991607666,29.190000534057617,28.700000762939453,29.1200008392334,37215700
2023-09-14,27.455217361450195,29.200000762939453,29.440000534057617,29.100000381469727,29.170000076293945,44634800
2023-09-15,27.11672592163086,28.84000015258789,29.09000015258789,28.75,28.950000762939453,61661100
2023-09-18,27.0415096282959,28.760000228881836,28.799999237060547,28.489999771118164,28.799999237060547,25752300
2023-09-19,26.938079833984375,28.649999618530273,28.940000534057617,28.510000228881836,28.760000228881836,34888100
2023-09-20,26.844051361083984,28.549999237060547,28.969999313354492,28.530000686645508,28.809999465942383,26641100
2023-09-21,26.373929977416992,28.049999237060547,28.59000015258789,28.020000457763672,28.360000610351562,39906000
2023-09-22,25.98843002319336,27.639999389648438,28.190000534057617,27.600000381469727,28.06999969482422,41284400
2023-09-25,25.950820922851562,27.600000381469727,27.6200008392334,27.350000381469727,27.5,32749200
2023-09-26,25.5465145111084,27.170000076293945,27.5,27.010000228881836,27.34000015258789,42237400
2023-09-27,25.640539169311523,27.270000457763672,27.610000610351562,27.06999969482422,27.229999542236328,38296300
2023-09-28,25.913209915161133,27.559999465942383,27.639999389648438,27.170000076293945,27.170000076293945,36734300
2023-09-29,25.743967056274414,27.3799991607666,27.989999771118164,27.270000457763672,27.889999389648438,40645900
2023-10-02,25.104598999023438,26.700000762939453,27.360000610351562,26.579999923706055,27.270000457763672,50388600
2023-10-03,24.361801147460938,25.90999984741211,26.520000457763672,25.81999969482422,26.489999771118164,62144500
2023-10-04,24.390012741088867,25.940000534057617,26.010000228881836,25.579999923706055,25.8799991607666,55696400
2023-10-05,24.502840042114258,26.059999465942383,26.09000015258789,25.559999465942383,25.780000686645508,49044100
2023-10-06,24.512239456176758,26.06999969482422,26.229999542236328,25.469999313354492,25.770000457763672,58177300
2023-10-09,24.737899780273438,26.309999465942383,26.360000610351562,25.719999313354492,25.760000228881836,39953700
2023-10-10,25.396076202392578,27.010000228881836,27.299999237060547,26.56999969482422,26.610000610351562,51960100
2023-10-11,25.40547752380371,27.020000457763672,27.440000534057617,26.899999618530273,27.170000076293945,38508200
2023-10-12,25.292646408081055,26.899999618530273,27.079999923706055,26.610000610351562,26.969999313354492,44249800
2023-10-13,25.1610107421875,26.760000228881836,27.719999313354492,26.520000457763672,27.43000030517578,55089700
2023-10-16,25.377269744873047,26.989999771118164,27.18000030517578,26.770000457763672,27.15999984741211,56817500
2023-10-17,25.969623565673828,27.6200008392334,27.8700008392334,26.719999313354492,27.049999237060547,95344200
2023-10-18,25.67814826965332,27.309999465942383,28.040000915527344,27.209999084472656,27.540000915527344,68371100
2023-10-19,25.34906005859375,26.959999084472656,27.780000686645508,26.8799991607666,27.25,58611000
2023-10-20,24.737899780273438,26.309999465942383,26.940000534057617,26.239999771118164,26.799999237060547,62058400
2023-10-23,24.042118072509766,25.56999969482422,26.209999084472656,25.520000457763672,26.1299991607666,59857200
2023-10-24,23.94809341430664,25.469999313354492,25.8700008392334,25.399999618530273,25.739999771118164,55975700
2023-10-25,24.023311614990234,25.549999237060547,25.649999618530273,25.18000030517578,25.3799991607666,45522400
2023-10-26,24.559253692626953,26.1200008392334,26.360000610351562,25.440000534057617,25.489999771118164,60921000
2023-10-27,23.6660213470459,25.170000076293945,26.06999969482422,24.959999084472656,26.06999969482422,64709300
2023-10-30,24.154949188232422,25.690000534057617,25.780000686645508,25.280000686645508,25.31999969482422,41891900
2023-10-31,24.7661075592041,26.34000015258789,26.3799991607666,25.719999313354492,25.739999771118164,50106700
2023-11-01,24.822525024414062,26.399999618530273,26.6200008392334,26.149999618530273,26.440000534057617,44046300
2023-11-02,25.969623565673828,27.6200008392334,27.65999984741211,26.59000015258789,26.709999084472656,63278300
2023-11-03,26.721824645996094,28.420000076293945,28.93000030517578,28.1299991607666,28.15999984741211,62613600
2023-11-06,26.6372013092041,28.329999923706055,28.770000457763672,28.020000457763672,28.559999465942383,45548000
2023-11-07,26.477359771728516,28.15999984741211,28.260000228881836,27.950000762939453,28.049999237060547,33081900
2023-11-08,26.22348976135254,27.889999389648438,28.200000762939453,27.670000076293945,28.15999984741211,31896000
2023-11-09,25.885000228881836,27.530000686645508,28.079999923706055,27.399999618530273,28.06999969482422,32267900
2023-11-10,26.02604103088379,27.68000030517578,27.770000457763672,27.34000015258789,27.760000228881836,32858500
2023-11-13,26.044845581054688,27.700000762939453,27.850000381469727,27.420000076293945,27.540000915527344,28521800
2023-11-14,27.474023818969727,29.219999313354492,29.40999984741211,28.469999313354492,28.5,66676300
2023-11-15,27.850120544433594,29.6200008392334,29.729999542236328,29.200000762939453,29.200000762939453,46968900
2023-11-16,27.77490234375,29.540000915527344,29.700000762939453,29.219999313354492,29.43000030517578,36952800
2023-11-17,28.188608169555664,29.979999542236328,30.0,29.549999237060547,29.709999084472656,38493300
2023-11-20,28.216815948486328,30.010000228881836,30.25,29.75,29.979999542236328,46783400
2023-11-21,27.88772964477539,29.65999984741211,29.989999771118164,29.549999237060547,29.989999771118164,41611900
2023-11-22,27.85952377319336,29.6299991607666,29.790000915527344,29.520000457763672,29.739999771118164,41422700
2023-11-24,27.95354461669922,29.729999542236328,29.889999389648438,29.479999542236328,29.479999542236328,15815600
2023-11-27,27.793704986572266,29.559999465942383,29.690000534057617,29.510000228881836,29.600000381469727,42039500
2023-11-28,27.765499114990234,29.530000686645508,29.649999618530273,29.31999969482422,29.530000686645508,29705800
2023-11-29,28.498889923095703,30.309999465942383,30.610000610351562,29.809999465942383,29.8799991607666,57954900
2023-11-30,28.896942138671875,30.489999771118164,30.549999237060547,30.040000915527344,30.209999084472656,52547700
2023-12-01,29.342391967773438,30.959999084472656,31.049999237060547,30.350000381469727,30.399999618530273,46133300
2023-12-04,29.20970344543457,30.81999969482422,31.0,30.520000457763672,30.530000686645508,37811300
2023-12-05,28.982242584228516,30.579999923706055,30.790000915527344,30.329999923706055,30.68000030517578,45723100
2023-12-06,28.93485450744629,30.530000686645508,31.520000457763672,30.440000534057617,30.780000686645508,49803100
2023-12-07,29.058063507080078,30.65999984741211,30.93000030517578,30.540000915527344,30.59000015258789,32699600
2023-12-08,29.342391967773438,30.959999084472656,31.139999389648438,30.610000610351562,30.670000076293945,34794300
2023-12-11,29.238136291503906,30.850000381469727,31.079999923706055,30.709999084472656,30.920000076293945,32254000
2023-12-12,29.133882522583008,30.739999771118164,30.860000610351562,30.450000762939453,30.770000457763672,34566700
2023-12-13,30.3659610748291,32.040000915527344,32.130001068115234,30.6299991607666,30.75,60311100
2023-12-14,32.166683197021484,33.939998626708984,34.06999969482422,32.56999969482422,32.619998931884766,107190000
2023-12-15,31.844453811645508,33.599998474121094,34.02000045776367,33.290000915527344,33.81999969482422,83771800
2023-12-18,31.68333625793457,33.43000030517578,33.790000915527344,33.40999984741211,33.709999084472656,40694700
2023-12-19,31.759157180786133,33.5099983215332,33.66999816894531,32.79999923706055,33.029998779296875,44534800
2023-12-20,31.256847381591797,32.97999954223633,33.709999084472656,32.95000076293945,33.380001068115234,44711400
2023-12-21,31.465349197387695,33.20000076293945,33.45000076293945,32.88999938964844,33.2400016784668,32325700
2023-12-22,31.68333625793457,33.43000030517578,33.66999816894531,33.20000076293945,33.209999084472656,37265900
2023-12-26,32.09086608886719,33.86000061035156,33.959999084472656,33.369998931884766,33.45000076293945,24845400
2023-12-27,32.07191467285156,33.84000015258789,33.95000076293945,33.65999984741211,33.79999923706055,24498600
2023-12-28,32.109825134277344,33.880001068115234,33.970001220703125,33.77000045776367,33.81999969482422,21799600
2023-12-29,31.910797119140625,33.66999816894531,33.9900016784668,33.54999923706055,33.939998626708984,28060700
2024-01-02,32.128780364990234,33.900001525878906,34.06999969482422,33.27000045776367,33.38999938964844,36668600
2024-01-03,31.778108596801758,33.529998779296875,33.77000045776367,33.2400016784668,33.650001525878906,45988700
2024-01-04,32.03400421142578,33.79999923706055,34.310001373291016,33.540000915527344,33.56999969482422,39834600
2024-01-05,32.63109588623047,34.43000030517578,34.689998626708984,33.709999084472656,33.79999923706055,49242400
2024-01-08,32.37519454956055,34.15999984741211,34.29999923706055,33.63999938964844,34.29999923706055,40253900
2024-01-09,31.87288475036621,33.630001068115234,33.84000015258789,33.5099983215332,33.81999969482422,39268800
2024-01-10,31.844453811645508,33.599998474121094,33.630001068115234,33.2400016784668,33.5,34904000
2024-01-11,31.417964935302734,33.150001525878906,33.5,32.779998779296875,33.36000061035156,48790600
2024-01-12,31.086252212524414,32.79999923706055,33.189998626708984,31.959999084472656,32.25,74344300
2024-01-16,30.441776275634766,32.119998931884766,32.5099983215332,31.81999969482422,32.40999984741211,58420800
2024-01-17,30.13850212097168,31.799999237060547,31.989999771118164,31.270000457763672,31.719999313354492,48811300
2024-01-18,30.072154998779297,31.729999542236328,31.770000457763672,31.399999618530273,31.75,35484400
2024-01-19,30.53655433654785,32.220001220703125,32.22999954223633,31.56999969482422,31.799999237060547,49493600
2024-01-22,30.849313735961914,32.54999923706055,32.9900016784668,32.31999969482422,32.36000061035156,43903400
2024-01-23,31.057823181152344,32.77000045776367,32.81999969482422,32.38999938964844,32.540000915527344,30003400
2024-01-24,31.256847381591797,32.97999954223633,33.34000015258789,32.90999984741211,33.029998779296875,36403900
2024-01-25,31.645421981811523,33.38999938964844,33.45000076293945,32.83000183105469,33.209999084472656,46204000
2024-01-26,31.68333625793457,33.43000030517578,33.66999816894531,33.31999969482422,33.400001525878906,30839800
2024-01-29,31.853925704956055,33.61000061035156,33.650001525878906,33.2400016784668,33.400001525878906,30269300
2024-01-30,32.9722785949707,34.790000915527344,34.88999938964844,33.84000015258789,33.900001525878906,60315700
2024-01-31,32.2330322265625,34.0099983215332,35.099998474121094,34.0,34.56999969482422,54716000
2024-02-01,31.797061920166016,33.54999923706055,34.25,32.93000030517578,33.93000030517578,57084800
2024-02-02,31.721240997314453,33.470001220703125,33.709999084472656,33.16999816894531,33.369998931884766,40416000
2024-02-05,31.266324996948242,32.9900016784668,33.290000915527344,32.86000061035156,33.11000061035156,43573000
2024-02-06,31.313718795776367,33.040000915527344,33.36000061035156,32.880001068115234,32.91999816894531,27188000
2024-02-07,31.446395874023438,33.18000030517578,33.2599983215332,32.630001068115234,33.060001373291016,29660100
2024-02-08,31.3895320892334,33.119998931884766,33.279998779296875,32.79999923706055,33.04999923706055,36852200
2024-02-09,31.34214210510254,33.06999969482422,33.25,32.84000015258789,33.099998474121094,36176000
2024-02-12,31.863405227661133,33.619998931884766,33.970001220703125,32.97999954223633,33.0,34160400
2024-02-13,31.038862228393555,32.75,33.310001373291016,32.349998474121094,33.119998931884766,43801500
2024-02-14,31.399009704589844,33.130001068115234,33.18000030517578,32.869998931884766,32.97999954223633,27833900
2024-02-15,32.28989791870117,34.06999969482422,34.2400016784668,33.31999969482422,33.31999969482422,41683100
2024-02-16,32.30885314941406,34.09000015258789,34.150001525878906,32.4900016784668,33.91999816894531,33290700
2024-02-20,32.185646057128906,33.959999084472656,34.09000015258789,33.77000045776367,33.779998779296875,30372900
2024-02-21,31.939224243164062,33.70000076293945,33.7400016784668,33.16999816894531,33.36000061035156,37847100
2024-02-22,31.853925704956055,33.61000061035156,34.06999969482422,33.369998931884766,33.369998931884766,42756900
2024-02-23,32.147727966308594,33.91999816894531,34.04999923706055,33.4900016784668,33.72999954223633,30586000
2024-02-26,31.853925704956055,33.61000061035156,34.220001220703125,33.529998779296875,33.790000915527344,31129200
2024-02-27,32.488922119140625,34.279998779296875,34.43000030517578,33.709999084472656,33.72999954223633,40536300
2024-02-28,32.51735305786133,34.310001373291016,34.599998474121094,34.11000061035156,34.220001220703125,39548600
2024-02-29,32.94684982299805,34.52000045776367,34.650001525878906,34.150001525878906,34.33000183105469,43863400
2024-03-01,32.78458786010742,34.349998474121094,34.650001525878906,34.029998779296875,34.529998779296875,38432300
2024-03-04,33.54813766479492,35.150001525878906,35.41999816894531,34.25,34.290000915527344,49136400
2024-03-05,33.77720260620117,35.38999938964844,35.720001220703125,34.869998931884766,34.93000030517578,47591600
2024-03-06,33.80583572387695,35.41999816894531,35.790000915527344,35.06999969482422,35.650001525878906,49149700
2024-03-07,34.006263732910156,35.630001068115234,35.900001525878906,35.25,35.599998474121094,35900700
2024-03-08,33.977630615234375,35.599998474121094,36.130001068115234,35.5,35.869998931884766,42769900
2024-03-11,34.25441360473633,35.88999938964844,35.93000030517578,35.27000045776367,35.38999938964844,34131500
2024-03-12,34.321224212646484,35.959999084472656,36.150001525878906,35.779998779296875,35.900001525878906,29260400
2024-03-13,34.43575668334961,36.08000183105469,36.45000076293945,35.959999084472656,35.959999084472656,38289600
2024-03-14,34.06352615356445,35.689998626708984,36.220001220703125,35.47999954223633,35.91999816894531,40178100
2024-03-15,33.79629135131836,35.40999984741211,36.0099983215332,35.2400016784668,35.279998779296875,69646400
2024-03-18,34.36893844604492,36.0099983215332,36.09000015258789,35.38999938964844,35.65999984741211,50617900
2024-03-19,34.388031005859375,36.029998779296875,36.38999938964844,35.849998474121094,35.88999938964844,46113800
2024-03-20,35.075218200683594,36.75,36.880001068115234,35.72999954223633,35.84000015258789,40519000
2024-03-21,35.80058670043945,37.5099983215332,37.599998474121094,36.880001068115234,36.93000030517578,43219500
2024-03-22,35.36154556274414,37.04999923706055,37.61000061035156,37.0,37.40999984741211,29001100
2024-03-25,35.18021011352539,36.86000061035156,37.279998779296875,36.84000015258789,37.099998474121094,30480200
2024-03-26,35.39972686767578,37.09000015258789,37.2400016784668,36.79999923706055,37.0,33673400
2024-03-27,36.08692169189453,37.810001373291016,37.849998474121094,37.2400016784668,37.25,36350200
2024-03-28,36.1919059753418,37.91999816894531,38.0,37.41999816894531,37.720001220703125,42262500
2024-04-01,35.81013488769531,37.52000045776367,38.349998474121094,37.439998626708984,37.939998626708984,33908000
2024-04-02,35.600162506103516,37.29999923706055,37.58000183105469,37.15999984741211,37.189998626708984,34806800
2024-04-03,35.73377990722656,37.439998626708984,38.02000045776367,37.27000045776367,37.400001525878906,33338500
2024-04-04,35.23746871948242,36.91999816894531,37.959999084472656,36.869998931884766,37.70000076293945,42888200
2024-04-05,35.4188117980957,37.11000061035156,37.34000015258789,36.72999954223633,36.810001373291016,30823500
2024-04-08,35.79104232788086,37.5,37.58000183105469,37.130001068115234,37.20000076293945,29470300
2024-04-09,36.010562896728516,37.72999954223633,37.77000045776367,37.20000076293945,37.5099983215332,30967300
2024-04-10,34.97977828979492,36.650001525878906,37.22999954223633,36.54999923706055,37.18000030517578,37610700
2024-04-11,34.69345474243164,36.349998474121094,36.75,36.04999923706055,36.75,38604000
2024-04-12,34.158973693847656,35.790000915527344,36.09000015258789,35.529998779296875,35.810001373291016,47126100
2024-04-15,34.311683654785156,35.95000076293945,36.7599983215332,35.7599983215332,36.33000183105469,44392000
2024-04-16,33.09955596923828,34.68000030517578,36.16999816894531,34.150001525878906,36.099998474121094,95566100
2024-04-17,33.62449264526367,35.22999954223633,35.75,34.75,34.88999938964844,65951400
2024-04-18,34.139888763427734,35.77000045776367,35.9900016784668,35.18000030517578,35.540000915527344,44506200
2024-04-19,35.285194396972656,36.970001220703125,37.119998931884766,36.060001373291016,36.099998474121094,56273700
2024-04-22,36.010562896728516,37.72999954223633,37.90999984741211,36.869998931884766,37.0,43867100
2024-04-23,36.621395111083984,38.369998931884766,38.41999816894531,37.83000183105469,37.939998626708984,39180300
2024-04-24,36.573673248291016,38.31999969482422,38.4900016784668,38.0,38.02000045776367,28670600
2024-04-25,36.18235778808594,37.90999984741211,38.27000045776367,37.380001068115234,37.93000030517578,41116000
2024-04-26,36.10601043701172,37.83000183105469,38.310001373291016,37.779998779296875,37.93000030517578,28668700
2024-04-29,35.83876419067383,37.54999923706055,38.060001373291016,37.45000076293945,37.84000015258789,26438800
2024-04-30,35.323368072509766,37.0099983215332,37.66999816894531,36.97999954223633,37.349998474121094,30283800
2024-05-01,35.266109466552734,36.95000076293945,37.5099983215332,36.77000045776367,37.209999084472656,32272000
2024-05-02,35.19929885864258,36.880001068115234,37.4900016784668,36.650001525878906,37.369998931884766,34860300
2024-05-03,35.55243682861328,37.25,37.529998779296875,37.08000183105469,37.25,34082700
2024-05-06,35.972381591796875,37.689998626708984,37.790000915527344,37.36000061035156,37.65999984741211,28422300
2024-05-07,36.11555099487305,37.84000015258789,38.150001525878906,37.70000076293945,37.70000076293945,29119500
2024-05-08,35.99147415161133,37.709999084472656,37.81999969482422,37.52000045776367,37.70000076293945,32803300
2024-05-09,36.53550338745117,38.279998779296875,38.41999816894531,37.459999084472656,37.529998779296875,26855400
2024-05-10,36.69774627685547,38.45000076293945,38.779998779296875,38.33000183105469,38.47999954223633,27359100
2024-05-13,36.46868896484375,38.209999084472656,38.779998779296875,38.18000030517578,38.619998931884766,24060600
2024-05-14,36.735931396484375,38.4900016784668,38.790000915527344,38.369998931884766,38.400001525878906,27594800
2024-05-15,37.13678741455078,38.90999984741211,39.2400016784668,38.779998779296875,38.79999923706055,34084400
2024-05-16,37.432655334472656,39.220001220703125,39.36000061035156,38.709999084472656,38.91999816894531,32554200
2024-05-17,37.499473571777344,39.290000915527344,39.4900016784668,39.15999984741211,39.45000076293945,25537300
2024-05-20,37.0508918762207,38.81999969482422,39.470001220703125,38.790000915527344,39.2599983215332,28369800
2024-05-21,37.84306335449219,39.650001525878906,39.75,38.77000045776367,38.77000045776367,31799200
2024-05-22,37.94804763793945,39.7599983215332,39.810001373291016,39.34000015258789,39.40999984741211,42837600
2024-05-23,37.38493347167969,39.16999816894531,39.84000015258789,38.939998626708984,39.77000045776367,39033900
2024-05-24,37.89078140258789,39.70000076293945,39.779998779296875,39.06999969482422,39.15999984741211,22166300
2024-05-28,37.52810287475586,39.31999969482422,39.7400016784668,39.11000061035156,39.650001525878906,31217900
2024-05-29,36.955440521240234,38.720001220703125,38.900001525878906,38.560001373291016,38.84000015258789,26677500
2024-05-30,36.86954879760742,38.630001068115234,39.119998931884766,37.59000015258789,38.72999954223633,50989100
2024-05-31,38.167572021484375,39.9900016784668,40.08000183105469,38.65999984741211,38.70000076293945,58188400
2024-06-03,38.062583923339844,39.880001068115234,40.189998626708984,39.36000061035156,40.040000915527344,31898600
2024-06-04,37.8716926574707,39.68000030517578,40.13999938964844,39.41999816894531,39.619998931884766,26974200
2024-06-05,38.13893127441406,39.959999084472656,39.9900016784668,39.52000045776367,39.81999969482422,34140300
2024-06-06,37.89078140258789,39.70000076293945,40.0,39.41999816894531,39.90999984741211,38676400
2024-06-07,38.19805908203125,39.779998779296875,39.959999084472656,39.279998779296875,39.279998779296875,25928700
2024-06-10,38.092430114746094,39.66999816894531,39.84000015258789,39.209999084472656,39.58000183105469,37176200
2024-06-11,37.31464767456055,38.86000061035156,39.349998474121094,38.459999084472656,39.33000183105469,44629000
2024-06-12,37.8427734375,39.40999984741211,39.880001068115234,39.099998474121094,39.79999923706055,38964700
2024-06-13,37.69873809814453,39.2599983215332,39.349998474121094,38.93000030517578,39.290000915527344,40018700
2024-06-14,37.67953109741211,39.2400016784668,39.47999954223633,38.90999984741211,39.099998474121094,32347900
2024-06-17,37.93879318237305,39.5099983215332,39.529998779296875,38.97999954223633,39.09000015258789,26135400
2024-06-18,38.39971160888672,39.9900016784668,40.02000045776367,39.459999084472656,39.560001373291016,30804500
2024-06-20,38.39971160888672,39.9900016784668,40.310001373291016,39.75,39.779998779296875,29383300
2024-06-21,37.91958999633789,39.4900016784668,39.90999984741211,39.369998931884766,39.849998474121094,72244900
2024-06-24,38.42851638793945,40.02000045776367,40.34000015258789,39.650001525878906,39.77000045776367,31064900
2024-06-25,37.81396484375,39.380001068115234,40.06999969482422,39.349998474121094,39.779998779296875,30596000
2024-06-26,37.44907760620117,39.0,39.349998474121094,38.470001220703125,39.16999816894531,44310200
2024-06-27,37.68914031982422,39.25,39.349998474121094,38.34000015258789,38.70000076293945,29464200
2024-06-28,38.18845748901367,39.77000045776367,40.060001373291016,39.31999969482422,39.7400016784668,52028200
2024-07-01,38.418907165527344,40.0099983215332,40.34000015258789,39.66999816894531,39.90999984741211,26770500
2024-07-02,39.30232238769531,40.93000030517578,40.959999084472656,39.959999084472656,40.0,35626100
2024-07-03,39.273521423339844,40.900001525878906,41.20000076293945,40.75,41.02000045776367,17100700
2024-07-05,38.80300521850586,40.40999984741211,40.959999084472656,40.290000915527344,40.93000030517578,23489000
2024-07-08,39.0046501159668,40.619998931884766,41.040000915527344,40.43000030517578,40.599998474121094,26728500
2024-07-09,39.7728385925293,41.41999816894531,41.83000183105469,40.599998474121094,40.7599983215332,34697200
2024-07-10,40.080116271972656,41.7400016784668,41.7599983215332,41.06999969482422,41.279998779296875,25333400
2024-07-11,40.147335052490234,41.810001373291016,41.900001525878906,41.38999938964844,41.77000045776367,33824600
2024-07-12,39.936073303222656,41.59000015258789,41.91999816894531,41.09000015258789,41.4900016784668,31856600
2024-07-15,40.22414779663086,41.88999938964844,42.22999954223633,41.70000076293945,41.849998474121094,36648100
2024-07-16,42.37507247924805,44.130001068115234,44.400001525878906,42.220001220703125,42.52000045776367,75953300
2024-07-17,42.23103713989258,43.97999954223633,44.439998626708984,43.650001525878906,43.650001525878906,65713600
2024-07-18,41.29961013793945,43.0099983215332,44.2400016784668,42.93000030517578,43.619998931884766,48549200
2024-07-19,41.19398498535156,42.900001525878906,43.560001373291016,42.689998626708984,42.86000061035156,43903000
2024-07-22,40.61784744262695,42.29999923706055,42.869998931884766,41.959999084472656,42.63999938964844,42838300
2024-07-23,40.72346878051758,42.40999984741211,42.779998779296875,42.150001525878906,42.220001220703125,36705100
2024-07-24,40.51221466064453,42.189998626708984,42.75,42.06999969482422,42.279998779296875,36567200
2024-07-25,40.022499084472656,41.68000030517578,42.29999923706055,41.65999984741211,42.02000045776367,41593900
2024-07-26,40.01289367675781,41.66999816894531,41.959999084472656,41.40999984741211,41.58000183105469,52049300
2024-07-29,39.455963134765625,41.09000015258789,41.880001068115234,40.97999954223633,41.779998779296875,37133100
2024-07-30,39.63840866088867,41.279998779296875,41.88999938964844,40.810001373291016,41.04999923706055,44163200
2024-07-31,38.70698547363281,40.310001373291016,41.380001068115234,40.220001220703125,41.22999954223633,50851600
2024-08-01,37.929195404052734,39.5,40.45000076293945,38.97999954223633,40.439998626708984,60107800
2024-08-02,36.085548400878906,37.58000183105469,38.529998779296875,37.18000030517578,38.0,76728000
2024-08-05,35.192535400390625,36.650001525878906,36.959999084472656,35.13999938964844,35.650001525878906,76075200
2024-08-06,35.45178985595703,36.91999816894531,37.310001373291016,36.540000915527344,36.650001525878906,40614100
2024-08-07,35.816680908203125,37.29999923706055,38.59000015258789,37.27000045776367,38.099998474121094,44952400
2024-08-08,36.690494537353516,38.209999084472656,38.41999816894531,37.65999984741211,37.81999969482422,36557800
2024-08-09,36.75770950317383,38.279998779296875,38.45000076293945,37.90999984741211,38.15999984741211,26411200
2024-08-12,36.6520881652832,38.16999816894531,38.72999954223633,38.0099983215332,38.5,33040600
2024-08-13,36.9305534362793,38.459999084472656,38.47999954223633,38.119998931884766,38.369998931884766,21553500
2024-08-14,37.266632080078125,38.810001373291016,38.91999816894531,38.43000030517578,38.52000045776367,25658900
2024-08-15,37.477882385253906,39.029998779296875,39.68000030517578,38.970001220703125,39.43000030517578,37379800
2024-08-16,37.77555465698242,39.34000015258789,39.41999816894531,38.9900016784668,39.0,26886600
2024-08-19,38.092430114746094,39.66999816894531,39.7400016784668,39.45000076293945,39.47999954223633,27268900
2024-08-20,37.15140151977539,38.689998626708984,39.2400016784668,38.34000015258789,39.119998931884766,44440800
2024-08-21,37.209014892578125,38.75,38.9900016784668,38.38999938964844,38.869998931884766,33751100
2024-08-22,37.67953109741211,39.2400016784668,39.290000915527344,38.56999969482422,38.779998779296875,35421600
2024-08-23,38.18845748901367,39.77000045776367,40.16999816894531,39.27000045776367,39.27000045776367,45616600
2024-08-26,38.33249282836914,39.91999816894531,40.20000076293945,39.65999984741211,40.0,44659500
2024-08-27,38.092430114746094,39.66999816894531,40.130001068115234,39.61000061035156,40.0,32323900
2024-08-28,38.361297607421875,39.95000076293945,40.27000045776367,39.33000183105469,39.34000015258789,40700500
2024-08-29,38.572547912597656,40.16999816894531,40.34000015258789,39.529998779296875,40.04999923706055,34810800
2024-08-30,39.12948226928711,40.75,40.86000061035156,40.130001068115234,40.16999816894531,49098200
2024-09-03,39.08147430419922,40.70000076293945,40.900001525878906,40.22999954223633,40.58000183105469,48489300
2024-09-04,38.88942337036133,40.5,40.95000076293945,40.279998779296875,40.65999984741211,39629600
2024-09-05,38.543739318847656,40.13999938964844,40.939998626708984,40.0099983215332,40.79999923706055,34214500
2024-09-06,37.46126937866211,38.7599983215332,39.880001068115234,38.560001373291016,39.77000045776367,47007600
2024-09-09,38.147483825683594,39.470001220703125,39.709999084472656,39.099998474121094,39.25,37610200
2024-09-10,37.963844299316406,39.279998779296875,39.84000015258789,38.33000183105469,39.84000015258789,53983900
2024-09-11,37.6932258605957,39.0,39.029998779296875,38.0099983215332,38.9900016784668,41190000
2024-09-12,37.4806022644043,38.779998779296875,39.33000183105469,38.529998779296875,39.04999923706055,39921600
2024-09-13,37.354957580566406,38.650001525878906,39.09000015258789,38.439998626708984,38.880001068115234,31887300
2024-09-16,37.78988265991211,39.099998474121094,39.209999084472656,38.790000915527344,38.810001373291016,26336400
2024-09-17,38.22480010986328,39.54999923706055,39.79999923706055,39.209999084472656,39.279998779296875,27769400
2024-09-18,38.29245376586914,39.619998931884766,40.119998931884766,39.41999816894531,39.619998931884766,42527800
2024-09-19,39.50057601928711,40.869998931884766,41.04999923706055,40.0099983215332,40.040000915527344,57977800
2024-09-20,38.920677185058594,40.27000045776367,40.72999954223633,40.2400016784668,40.619998931884766,70725000
2024-09-23,38.534080505371094,39.869998931884766,40.439998626708984,39.75,40.209999084472656,31714800
2024-09-24,38.128150939941406,39.45000076293945,39.97999954223633,39.25,39.849998474121094,32534900
2024-09-25,37.934852600097656,39.25,39.40999984741211,38.939998626708984,39.25,28866000
2024-09-26,38.195804595947266,39.52000045776367,39.720001220703125,39.11000061035156,39.38999938964844,39601400
2024-09-27,38.07982635498047,39.400001525878906,39.900001525878906,39.349998474121094,39.650001525878906,27861100
2024-09-30,38.35044479370117,39.68000030517578,39.790000915527344,39.02000045776367,39.22999954223633,35055200
2024-10-01,37.90585708618164,39.220001220703125,39.560001373291016,38.939998626708984,39.5099983215332,26291200
2024-10-02,37.91551971435547,39.22999954223633,39.540000915527344,39.04999923706055,39.25,23302700
2024-10-03,37.934852600097656,39.25,39.27000045776367,38.72999954223633,38.97999954223633,26030200
2024-10-04,38.76603698730469,40.11000061035156,40.25,39.619998931884766,39.93000030517578,34209900
2024-10-07,38.621063232421875,39.959999084472656,40.439998626708984,39.709999084472656,40.209999084472656,27177500
2024-10-08,38.59206771850586,39.93000030517578,40.150001525878906,39.810001373291016,40.04999923706055,26023600
2024-10-09,38.84335708618164,40.189998626708984,40.38999938964844,39.720001220703125,39.869998931884766,27421000
2024-10-10,38.63072967529297,39.970001220703125,40.130001068115234,39.77000045776367,40.0099983215332,26182300
2024-10-11,40.54438781738281,41.95000076293945,42.16999816894531,40.400001525878906,40.5,50660700
2024-10-14,40.50572204589844,41.90999984741211,42.18000030517578,41.720001220703125,41.959999084472656,28098900
2024-10-15,40.72801971435547,42.13999938964844,43.36000061035156,42.04999923706055,43.22999954223633,61490000
2024-10-16,41.365901947021484,42.79999923706055,43.099998474121094,42.150001525878906,42.209999084472656,42437800
2024-10-17,41.172607421875,42.599998474121094,43.0,42.470001220703125,42.83000183105469,31708600
2024-10-18,40.90198516845703,42.31999969482422,42.650001525878906,42.11000061035156,42.43000030517578,30593500
2024-10-21,40.36074447631836,41.7599983215332,42.40999984741211,41.7400016784668,42.25,26589500
2024-10-22,40.88265609741211,42.29999923706055,42.40999984741211,41.56999969482422,41.650001525878906,37104400
2024-10-23,40.92131805419922,42.34000015258789,42.470001220703125,42.02000045776367,42.20000076293945,28569400
2024-10-24,41.2209358215332,42.650001525878906,42.65999984741211,41.970001220703125,42.31999969482422,28392000
2024-10-25,40.48639678955078,41.88999938964844,42.97999954223633,41.790000915527344,42.91999816894531,27466900
2024-10-28,41.19193649291992,42.619998931884766,42.75,42.0099983215332,42.06999969482422,24527600
2024-10-29,41.104949951171875,42.529998779296875,42.810001373291016,42.470001220703125,42.59000015258789,22313500
2024-10-30,40.8923225402832,42.310001373291016,42.900001525878906,41.63999938964844,41.709999084472656,38100500
2024-10-31,40.418739318847656,41.81999969482422,42.54999923706055,41.79999923706055,42.290000915527344,28138200
2024-11-01,40.36074447631836,41.7599983215332,42.43000030517578,41.75,42.150001525878906,31220000
2024-11-04,39.94516372680664,41.33000183105469,42.02000045776367,41.11000061035156,41.61000061035156,31110100
2024-11-05,40.47672653198242,41.880001068115234,42.0099983215332,41.380001068115234,41.5099983215332,30851400
2024-11-06,43.888450622558594,45.40999984741211,45.54999923706055,44.0,44.79999923706055,110086700
2024-11-07,43.2698974609375,44.77000045776367,45.22999954223633,44.5099983215332,45.040000915527344,48339700
2024-11-08,43.617835998535156,45.130001068115234,45.5,44.95000076293945,45.13999938964844,38331800
2024-11-11,44.5359992980957,46.08000183105469,46.52000045776367,45.58000183105469,45.599998474121094,43293500
2024-11-12,44.32337188720703,45.86000061035156,46.45000076293945,45.84000015258789,46.13999938964844,38155900
2024-11-13,44.333030700683594,45.869998931884766,46.47999954223633,45.83000183105469,46.20000076293945,36903900
2024-11-14,44.362030029296875,45.900001525878906,46.15999984741211,45.72999954223633,45.95000076293945,35733100
2024-11-15,45.18355178833008,46.75,46.84000015258789,45.619998931884766,45.619998931884766,40488900
2024-11-18,45.15455627441406,46.720001220703125,47.02000045776367,46.4900016784668,46.75,32360300
2024-11-19,44.85494613647461,46.40999984741211,46.619998931884766,45.95000076293945,45.9900016784668,28534100
2024-11-20,44.51667404174805,46.060001373291016,46.63999938964844,45.91999816894531,46.56999969482422,28021000
2024-11-21,44.90326690673828,46.459999084472656,47.04999923706055,46.29999923706055,46.38999938964844,45336500
2024-11-22,45.42517852783203,47.0,47.220001220703125,46.279998779296875,46.369998931884766,37996200
2024-11-25,45.908416748046875,47.5,47.7400016784668,47.15999984741211,47.2599983215332,42718600
2024-11-26,46.15004348754883,47.75,47.84000015258789,47.209999084472656,47.5099983215332,30301500
2024-11-27,46.16937255859375,47.77000045776367,47.97999954223633,47.650001525878906,47.81999969482422,23278400
2024-11-29,45.918087005615234,47.5099983215332,48.08000183105469,47.5,47.79999923706055,23262000
2024-12-02,45.463836669921875,47.040000915527344,47.81999969482422,46.849998474121094,47.7400016784668,35891500
2024-12-03,45.25120544433594,46.81999969482422,47.47999954223633,46.650001525878906,47.369998931884766,38123800
2024-12-04,44.8162841796875,46.369998931884766,46.779998779296875,46.130001068115234,46.689998626708984,24941300
2024-12-05,45.42517852783203,47.0,47.2400016784668,46.5,46.560001373291016,31572100
2024-12-06,45.43489074707031,46.75,47.060001373291016,46.400001525878906,47.060001373291016,28931700
2024-12-09,44.61852264404297,45.90999984741211,46.75,45.900001525878906,46.560001373291016,34660900
2024-12-10,44.46302032470703,45.75,46.290000915527344,45.59000015258789,45.90999984741211,35665800
2024-12-11,44.78374099731445,46.08000183105469,46.15999984741211,45.470001220703125,46.0,36790500
2024-12-12,44.78374099731445,46.08000183105469,46.470001220703125,45.91999816894531,46.13999938964844,24017300
2024-12-13,44.38527297973633,45.66999816894531,46.099998474121094,45.380001068115234,46.09000015258789,32902300
2024-12-16,44.19090270996094,45.470001220703125,45.68000030517578,45.15999984741211,45.59000015258789,27330400
2024-12-17,43.78271484375,45.04999923706055,45.189998626708984,44.619998931884766,45.189998626708984,33054600
2024-12-18,42.27632141113281,43.5,45.43000030517578,43.349998474121094,45.13999938964844,41771900
2024-12-19,42.15969467163086,43.380001068115234,44.47999954223633,43.310001373291016,43.970001220703125,38583600
2024-12-20,42.92747116088867,44.16999816894531,44.400001525878906,43.099998474121094,43.20000076293945,74222200
2024-12-23,42.65534210205078,43.88999938964844,44.11000061035156,42.779998779296875,43.900001525878906,35374800
2024-12-24,43.131561279296875,44.380001068115234,44.41999816894531,43.93000030517578,43.93000030517578,12054400
2024-12-26,43.296783447265625,44.54999923706055,44.58000183105469,44.11000061035156,44.209999084472656,16077400
2024-12-27,43.09268569946289,44.34000015258789,44.779998779296875,44.060001373291016,44.2400016784668,17972500
2024-12-30,42.67478942871094,43.90999984741211,44.13999938964844,43.54999923706055,43.88999938964844,16109800
2024-12-31,42.71365737915039,43.95000076293945,44.22999954223633,43.709999084472656,44.040000915527344,16110400
2025-01-02,43.044097900390625,44.290000915527344,44.59000015258789,43.79999923706055,44.13999938964844,25610600
2025-01-03,43.549468994140625,44.810001373291016,44.849998474121094,44.150001525878906,44.75,23455700
2025-01-06,44.12287139892578,45.400001525878906,46.150001525878906,45.099998474121094,45.15999984741211,30518500
2025-01-07,44.78374099731445,46.08000183105469,46.650001525878906,45.650001525878906,46.279998779296875,41111200
2025-01-08,44.91008377075195,46.209999084472656,46.2599983215332,45.689998626708984,45.900001525878906,40246000
2025-01-10,43.841026306152344,45.11000061035156,46.04999923706055,44.7400016784668,46.0,40741300
2025-01-13,43.79243087768555,45.060001373291016,45.34000015258789,44.689998626708984,45.099998474121094,34353600
2025-01-14,44.4921760559082,45.779998779296875,45.91999816894531,45.22999954223633,45.599998474121094,36379000
2025-01-15,45.77504348754883,47.099998474121094,47.459999084472656,46.84000015258789,47.119998931884766,57154800
2025-01-16,45.3279914855957,46.63999938964844,47.5099983215332,45.81999969482422,47.0,56339300
2025-01-17,45.22108459472656,46.529998779296875,46.880001068115234,46.08000183105469,46.61000061035156,44486100
2025-01-21,45.3474235534668,46.65999984741211,47.150001525878906,46.540000915527344,46.619998931884766,52089100
2025-01-22,44.50189971923828,45.790000915527344,46.72999954223633,45.7599983215332,46.599998474121094,40296200
2025-01-23,45.08502197265625,46.38999938964844,46.88999938964844,46.04999923706055,46.04999923706055,35324100
2025-01-24,45.211360931396484,46.52000045776367,46.86000061035156,46.150001525878906,46.22999954223633,24655100
2025-01-27,45.76533126831055,47.09000015258789,47.13999938964844,46.380001068115234,46.54999923706055,44260000
2025-01-28,45.52236557006836,46.84000015258789,47.439998626708984,46.709999084472656,47.08000183105469,27156600
2025-01-29,45.43489074707031,46.75,47.38999938964844,46.63999938964844,46.75,23681500
2025-01-30,45.40573501586914,46.720001220703125,47.16999816894531,46.400001525878906,47.11000061035156,31199900
2025-01-31,44.99755096435547,46.29999923706055,46.83000183105469,46.15999984741211,46.70000076293945,30388900
2025-02-03,44.91008377075195,46.209999084472656,46.47999954223633,45.11000061035156,45.41999816894531,36497700
2025-02-04,45.396018981933594,46.709999084472656,47.130001068115234,46.27000045776367,46.349998474121094,32894000
2025-02-05,45.784767150878906,47.11000061035156,47.130001068115234,46.63999938964844,46.97999954223633,27696600
2025-02-06,46.39704513549805,47.7400016784668,47.97999954223633,47.16999816894531,47.439998626708984,39793400
2025-02-07,46.066612243652344,47.400001525878906,47.970001220703125,47.380001068115234,47.84000015258789,26504700
2025-02-10,45.357139587402344,46.66999816894531,47.560001373291016,46.400001525878906,47.47999954223633,26725200
2025-02-11,45.47377395629883,46.790000915527344,46.93000030517578,46.279998779296875,46.54999923706055,20314900
2025-02-12,44.91008377075195,46.209999084472656,46.58000183105469,45.939998626708984,46.56999969482422,29777100
2025-02-13,45.02671432495117,46.33000183105469,46.56999969482422,45.970001220703125,46.52000045776367,26815400
2025-02-14,45.63898468017578,46.959999084472656,47.09000015258789,46.47999954223633,46.47999954223633,25960500
2025-02-18,45.22108459472656,46.529998779296875,46.650001525878906,46.15999984741211,46.560001373291016,37824100
2025-02-19,44.7157096862793,46.0099983215332,46.060001373291016,45.41999816894531,45.880001068115234,38967800
2025-02-20,44.02568435668945,45.29999923706055,46.189998626708984,45.040000915527344,45.900001525878906,40001100
2025-02-21,43.549468994140625,44.810001373291016,45.5099983215332,44.540000915527344,45.25,43485900
2025-02-24,43.20930862426758,44.459999084472656,45.38999938964844,44.439998626708984,45.029998779296875,35512200
2025-02-25,42.70393753051758,43.939998626708984,44.84000015258789,43.349998474121094,44.529998779296875,38119000
2025-02-26,42.70393753051758,43.939998626708984,44.54999923706055,43.86000061035156,44.040000915527344,32251700
2025-02-27,42.87887191772461,44.119998931884766,44.779998779296875,43.939998626708984,44.09000015258789,28477700
2025-02-28,44.80317306518555,46.099998474121094,46.20000076293945,44.20000076293945,44.31999969482422,62621100
2025-03-03,44.27836990356445,45.560001373291016,46.959999084472656,45.220001220703125,46.209999084472656,46946000
2025-03-04,41.469661712646484,42.66999816894531,44.84000015258789,42.029998779296875,44.72999954223633,78278100
2025-03-05,41.10035705566406,42.290000915527344,42.72999954223633,41.709999084472656,42.650001525878906,52588900
2025-03-06,40.293704986572266,41.459999084472656,41.88999938964844,40.959999084472656,41.59000015258789,58103500
2025-03-07,40.48930358886719,41.400001525878906,41.72999954223633,40.61000061035156,41.310001373291016,50651400
2025-03-10,38.95384216308594,39.83000183105469,40.619998931884766,39.18000030517578,40.400001525878906,77498400
2025-03-11,38.73868179321289,39.61000061035156,40.65999984741211,39.27000045776367,39.70000076293945,50608400
2025-03-12,39.03208541870117,39.90999984741211,40.5,39.20000076293945,40.310001373291016,42290700
2025-03-13,38.797359466552734,39.66999816894531,40.189998626708984,39.33000183105469,39.970001220703125,37766100
2025-03-14,39.99052047729492,40.88999938964844,41.02000045776367,40.16999816894531,40.2599983215332,35979900
2025-03-17,40.52842330932617,41.439998626708984,41.77000045776367,40.59000015258789,40.91999816894531,37242800
2025-03-18,40.73380661010742,41.650001525878906,41.83000183105469,41.290000915527344,41.720001220703125,37644500
2025-03-19,41.2814826965332,42.209999084472656,42.70000076293945,41.29999923706055,41.720001220703125,42471100
2025-03-20,41.54554748535156,42.47999954223633,42.720001220703125,41.650001525878906,41.7599983215332,41018100
2025-03-21,41.5357666015625,42.470001220703125,42.65999984741211,41.88999938964844,42.15999984741211,65011000
2025-03-24,42.1225700378418,43.06999969482422,43.150001525878906,42.75,42.93000030517578,30646100
2025-03-25,42.32794952392578,43.279998779296875,43.529998779296875,43.040000915527344,43.349998474121094,25445300
2025-03-26,41.87807083129883,42.81999969482422,43.720001220703125,42.72999954223633,43.459999084472656,30012100
2025-03-27,41.62378692626953,42.560001373291016,43.09000015258789,42.52000045776367,42.81999969482422,25619200
2025-03-28,40.34260559082031,41.25,42.619998931884766,40.9900016784668,42.439998626708984,34253000
2025-03-31,40.812049865722656,41.72999954223633,41.900001525878906,40.599998474121094,40.779998779296875,36390000
2025-04-01,40.577327728271484,41.4900016784668,41.70000076293945,40.970001220703125,41.31999969482422,25578500
2025-04-02,40.929405212402344,41.849998474121094,41.970001220703125,40.81999969482422,40.880001068115234,28216100
2025-04-03,36.4012565612793,37.220001220703125,38.84000015258789,37.02000045776367,38.630001068115234,115497900
2025-04-04,33.633506774902344,34.38999938964844,35.790000915527344,33.66999816894531,35.290000915527344,107761200
2025-04-07,34.79732894897461,35.58000183105469,36.630001068115234,33.540000915527344,34.970001220703125,137329100
2025-04-08,34.259429931640625,35.029998779296875,37.33000183105469,34.33000183105469,36.86000061035156,79116300
2025-04-09,36.332794189453125,37.150001525878906,37.849998474121094,33.06999969482422,34.04999923706055,161173500
2025-04-10,35.0613899230957,35.849998474121094,36.400001525878906,34.630001068115234,36.31999969482422,90451800
2025-04-11,35.1591911315918,35.95000076293945,36.22999954223633,34.810001373291016,35.20000076293945,63671900
2025-04-14,35.86334991455078,36.66999816894531,36.9900016784668,36.27000045776367,36.4900016784668,46830600
2025-04-15,37.154319763183594,37.9900016784668,38.75,37.79999923706055,37.79999923706055,84677800
2025-04-16,36.50883865356445,37.33000183105469,38.15999984741211,36.970001220703125,37.86000061035156,52872700
2025-04-17,36.587074279785156,37.40999984741211,37.869998931884766,37.2400016784668,37.5099983215332,47144400
2025-04-21,36.107852935791016,36.91999816894531,37.279998779296875,36.4900016784668,37.06999969482422,34928300
2025-04-22,37.477054595947266,38.31999969482422,38.4900016784668,37.400001525878906,37.56999969482422,42288900
2025-04-23,37.89759826660156,38.75,40.130001068115234,38.66999816894531,39.40999984741211,54428400
2025-04-24,38.7093391418457,39.58000183105469,39.70000076293945,38.599998474121094,38.65999984741211,42457100
2025-04-25,38.816917419433594,39.689998626708984,39.790000915527344,39.31999969482422,39.540000915527344,32694200
2025-04-28,38.904937744140625,39.779998779296875,40.08000183105469,39.459999084472656,39.79999923706055,37428000
2025-04-29,39.11032485961914,39.9900016784668,40.13999938964844,39.47999954223633,39.630001068115234,33792500
2025-04-30,39.002742767333984,39.880001068115234,40.0,38.81999969482422,39.36000061035156,40994600
2025-05-01,39.28636169433594,40.16999816894531,40.439998626708984,39.58000183105469,39.81999969482422,33569100
2025-05-02,40.16656494140625,41.06999969482422,41.22999954223633,40.70000076293945,40.90999984741211,41613000
2025-05-05,40.21546173095703,41.119998931884766,41.4900016784668,40.619998931884766,40.849998474121094,32829200
2025-05-06,39.94162368774414,40.84000015258789,41.27000045776367,40.560001373291016,40.650001525878906,29541800
2025-05-07,40.02964401245117,40.93000030517578,41.34000015258789,40.86000061035156,41.040000915527344,30925900
2025-05-08,40.68490219116211,41.599998474121094,42.150001525878906,41.25,41.290000915527344,41861700
2025-05-09,40.8707275390625,41.790000915527344,41.97999954223633,41.689998626708984,41.72999954223633,27222800
2025-05-12,42.406192779541016,43.36000061035156,43.959999084472656,42.939998626708984,43.31999969482422,44875100
2025-05-13,43.30595016479492,44.279998779296875,44.4900016784668,43.41999816894531,43.41999816894531,43232500
2025-05-14,43.75583267211914,44.7400016784668,44.91999816894531,44.130001068115234,44.189998626708984,42419500
2025-05-15,43.403751373291016,44.380001068115234,44.97999954223633,44.0099983215332,44.599998474121094,47379400
2025-05-16,43.70693588256836,44.689998626708984,44.790000915527344,43.65999984741211,44.34000015258789,49488100
2025-05-19,43.78517532348633,44.77000045776367,45.13999938964844,44.11000061035156,44.11000061035156,37915700
2025-05-20,43.70693588256836,44.689998626708984,44.90999984741211,44.40999984741211,44.59000015258789,33424300
2025-05-21,42.29861068725586,43.25,44.4900016784668,43.150001525878906,44.369998931884766,55594100
2025-05-22,42.35729217529297,43.310001373291016,43.56999969482422,42.959999084472656,43.18000030517578,29026200
2025-05-23,42.24971008300781,43.20000076293945,43.43000030517578,42.349998474121094,42.47999954223633,34875100
2025-05-27,43.24727249145508,44.220001220703125,44.220001220703125,43.29999923706055,43.790000915527344,36322000
2025-05-28,43.09079360961914,44.060001373291016,44.439998626708984,43.959999084472656,44.209999084472656,35673800
2025-05-29,43.2668342590332,44.2400016784668,44.459999084472656,43.900001525878906,44.369998931884766,28545100
2025-05-30,43.15925598144531,44.130001068115234,44.29999923706055,43.720001220703125,44.189998626708984,66537500
2025-06-02,43.110355377197266,44.08000183105469,44.150001525878906,43.36000061035156,43.880001068115234,28582600
2025-06-03,43.667816162109375,44.650001525878906,44.72999954223633,43.939998626708984,44.0099983215332,31320200
2025-06-04,43.38418960571289,44.36000061035156,45.09000015258789,44.34000015258789,44.599998474121094,30591700
2025-06-05,43.403751373291016,44.380001068115234,44.58000183105469,44.0099983215332,44.45000076293945,32020900
2025-06-06,44.239952087402344,44.970001220703125,45.16999816894531,44.63999938964844,44.689998626708984,37013000
2025-06-09,44.14157485961914,44.869998931884766,45.400001525878906,44.779998779296875,45.11000061035156,32414000
2025-06-10,44.35800552368164,45.09000015258789,45.20000076293945,44.75,44.79999923706055,32229100
2025-06-11,44.003849029541016,44.72999954223633,45.40999984741211,44.54999923706055,45.20000076293945,47873500
2025-06-12,43.895633697509766,44.619998931884766,44.650001525878906,44.02000045776367,44.400001525878906,30165400
2025-06-13,43.37424087524414,44.09000015258789,44.459999084472656,43.65999984741211,44.0,43281700
2025-06-16,43.68904113769531,44.40999984741211,44.88999938964844,44.349998474121094,44.63999938964844,34103600
2025-06-17,43.511966705322266,44.22999954223633,44.66999816894531,44.060001373291016,44.27000045776367,27489600
2025-06-18,44.3284912109375,45.060001373291016,45.20000076293945,44.209999084472656,44.2599983215332,37684700
2025-06-20,44.761348724365234,45.5,45.650001525878906,45.27000045776367,45.310001373291016,64591600
2025-06-23,45.548362731933594,46.29999923706055,46.369998931884766,45.11000061035156,45.400001525878906,42683600
2025-06-24,45.90251541137695,46.65999984741211,47.189998626708984,46.56999969482422,46.75,45437600
2025-06-25,46.08943176269531,46.849998474121094,46.97999954223633,46.459999084472656,46.58000183105469,33532400
2025-06-26,46.68952941894531,47.459999084472656,47.58000183105469,46.900001525878906,46.95000076293945,40127000
2025-06-27,46.35505294799805,47.119998931884766,47.66999816894531,46.90999984741211,47.45000076293945,56705000
2025-06-30,46.55180358886719,47.31999969482422,47.619998931884766,47.029998779296875,47.619998931884766,47921200
2025-07-01,47.36833190917969,48.150001525878906,48.41999816894531,46.939998626708984,47.02000045776367,48540900
2025-07-02,47.91923904418945,48.709999084472656,48.72999954223633,48.060001373291016,48.36000061035156,48003600
2025-07-03,48.13566970825195,48.93000030517578,49.310001373291016,48.810001373291016,48.95000076293945,21620300
2025-07-07,47.87004852294922,48.65999984741211,49.209999084472656,48.369998931884766,48.7400016784668,35567900
2025-07-08,46.38456344604492,47.150001525878906,47.790000915527344,46.7599983215332,47.5,88086500
2025-07-09,46.07959747314453,46.84000015258789,47.45000076293945,46.709999084472656,47.15999984741211,46227900
2025-07-10,46.20748519897461,46.970001220703125,47.220001220703125,46.779998779296875,46.900001525878906,44225000
2025-07-11,45.971378326416016,46.72999954223633,46.810001373291016,46.25,46.63999938964844,31653000
2025-07-14,46.30585861206055,47.06999969482422,47.06999969482422,46.54999923706055,46.810001373291016,36381200
2025-07-15,45.40079879760742,46.150001525878906,47.0099983215332,45.95000076293945,46.880001068115234,55145000
2025-07-16,45.282745361328125,46.029998779296875,46.560001373291016,45.0099983215332,46.25,61296600
2025-07-17,46.25667190551758,47.02000045776367,47.220001220703125,45.439998626708984,45.63999938964844,56480700
2025-07-18,46.55180358886719,47.31999969482422,47.380001068115234,46.900001525878906,47.0099983215332,48314200
2025-07-21,46.709205627441406,47.47999954223633,48.040000915527344,47.20000076293945,47.540000915527344,32199700
2025-07-22,46.99449920654297,47.77000045776367,48.16999816894531,47.459999084472656,47.599998474121094,34749400
2025-07-23,47.358489990234375,48.13999938964844,48.310001373291016,47.810001373291016,48.0099983215332,31380100
2025-07-24,47.60443115234375,48.38999938964844,49.0,48.209999084472656,48.4900016784668,42967600
2025-07-25,47.66345977783203,48.45000076293945,48.54999923706055,47.939998626708984,48.38999938964844,24461200
2025-07-28,47.44702911376953,48.22999954223633,48.540000915527344,48.08000183105469,48.45000076293945,20590400
2025-07-29,47.17157745361328,47.95000076293945,48.5099983215332,47.88999938964844,48.38999938964844,26216500
2025-07-30,47.18141174316406,47.959999084472656,48.5,47.7400016784668,48.2599983215332,32265900
2025-07-31,46.50261306762695,47.27000045776367,48.029998779296875,47.189998626708984,47.7599983215332,40016300
2025-08-01,44.91875076293945,45.65999984741211,46.40999984741211,45.31999969482422,46.36000061035156,52310400
2025-08-04,45.10566711425781,45.849998474121094,46.11000061035156,45.63999938964844,45.959999084472656,31038900
2025-08-05,44.820377349853516,45.560001373291016,46.0,44.75,45.95000076293945,36798300
2025-08-06,44.682647705078125,45.41999816894531,45.939998626708984,45.38999938964844,45.709999084472656,27916800
2025-08-07,44.19076156616211,44.91999816894531,45.7599983215332,44.779998779296875,45.709999084472656,30609900
2025-08-08,45.26306915283203,46.0099983215332,46.29999923706055,44.97999954223633,45.150001525878906,37131600
2025-08-11,45.41063690185547,46.15999984741211,46.52000045776367,45.810001373291016,46.060001373291016,35559400
2025-08-12,46.728885650634766,47.5,47.65999984741211,46.36000061035156,46.47999954223633,35481200
2025-08-13,46.473106384277344,47.2400016784668,47.7599983215332,46.9900016784668,47.68000030517578,29465100
2025-08-14,46.93547058105469,47.709999084472656,47.72999954223633,46.88999938964844,47.09000015258789,21073800
2025-08-15,46.17797088623047,46.939998626708984,47.81999969482422,46.900001525878906,47.75,26276900
2025-08-18,47.142059326171875,47.91999816894531,48.040000915527344,46.790000915527344,46.91999816894531,43125100
2025-08-19,47.299468994140625,48.08000183105469,48.119998931884766,47.630001068115234,47.81999969482422,33783400
2025-08-20,47.56507873535156,48.349998474121094,48.5,47.869998931884766,48.16999816894531,30822200
2025-08-21,47.47654342651367,48.2599983215332,48.4900016784668,47.810001373291016,48.27000045776367,28713200
2025-08-22,48.676734924316406,49.47999954223633,49.65999984741211,48.459999084472656,48.52000045776367,45078900
2025-08-25,48.676734924316406,49.47999954223633,49.65999984741211,49.209999084472656,49.38999938964844,34715700
2025-08-26,49.43423843383789,50.25,50.2599983215332,49.25,49.25,40609300
2025-08-27,49.562129974365234,50.380001068115234,50.630001068115234,49.9900016784668,50.029998779296875,42428200
2025-08-28,49.67034149169922,50.4900016784668,50.63999938964844,50.279998779296875,50.54999923706055,32949400
2025-08-29,49.91628646850586,50.7400016784668,50.91999816894531,50.5099983215332,50.5099983215332,32496500
2025-09-02,49.60147476196289,50.41999816894531,50.470001220703125,49.66999816894531,50.220001220703125,52719800
2025-09-03,49.24732208251953,50.060001373291016,50.56999969482422,49.70000076293945,50.400001525878906,38344200
2025-09-04,49.7982292175293,50.619998931884766,50.83000183105469,50.119998931884766,50.2400016784668,34796900
2025-09-05,49.23436737060547,49.77000045776367,50.790000915527344,49.22999954223633,50.439998626708984,40063300
2025-09-08,48.92770004272461,49.459999084472656,49.90999984741211,48.880001068115234,49.79999923706055,48033100
2025-09-09,49.7487678527832,50.290000915527344,50.560001373291016,49.459999084472656,49.5,40060100
2025-09-10,49.590492248535156,50.130001068115234,50.630001068115234,49.970001220703125,50.369998931884766,31706300
2025-09-11,50.203819274902344,50.75,50.959999084472656,49.9900016784668,50.13999938964844,28055200
2025-09-12,50.035648345947266,50.58000183105469,50.93000030517578,50.459999084472656,50.70000076293945,27851100
2025-09-15,50.0455436706543,50.59000015258789,51.09000015258789,50.459999084472656,50.849998474121094,29043600
2025-09-16,50.11478805541992,50.65999984741211,50.880001068115234,50.209999084472656,50.63999938964844,31624400
2025-09-17,50.846824645996094,51.400001525878906,51.630001068115234,50.790000915527344,50.86000061035156,38337900
2025-09-18,51.5689697265625,52.130001068115234,52.189998626708984,51.29999923706055,51.4900016784668,35246900
2025-09-19,51.68767547607422,52.25,52.65999984741211,51.7599983215332,52.150001525878906,98970700
2025-09-22,51.36122512817383,51.91999816894531,52.349998474121094,51.7599983215332,51.7599983215332,27468000
2025-09-23,51.14359664916992,51.70000076293945,52.880001068115234,51.52000045776367,52.0,28278200
2025-09-24,51.14359664916992,51.70000076293945,52.25,51.459999084472656,51.849998474121094,27010400
2025-09-25,51.29197692871094,51.849998474121094,52.33000183105469,51.439998626708984,51.47999954223633,22957900
2025-09-26,51.64810562133789,52.209999084472656,52.619998931884766,51.97999954223633,52.11000061035156,20025800
2025-09-29,51.8558464050293,52.41999816894531,52.54999923706055,52.11000061035156,52.36000061035156,23701000
2025-09-30,51.03478240966797,51.59000015258789,52.56999969482422,51.02000045776367,52.47999954223633,29945000
2025-10-01,50.13457489013672,50.68000030517578,51.68000030517578,50.560001373291016,51.29999923706055,27709100
2025-10-02,49.93672561645508,50.47999954223633,50.849998474121094,50.06999969482422,50.650001525878906,22757200
2025-10-03,50.095001220703125,50.63999938964844,51.130001068115234,50.54999923706055,50.619998931884766,24565700
2025-10-06,49.847694396972656,50.38999938964844,51.31999969482422,49.88999938964844,50.93000030517578,25386300
2025-10-07,49.7487678527832,50.290000915527344,50.90999984741211,50.130001068115234,50.54999923706055,24107300
2025-10-08,49.303611755371094,49.84000015258789,50.5099983215332,49.779998779296875,50.400001525878906,24014200
2025-10-09,49.254150390625,49.790000915527344,50.279998779296875,49.66999816894531,50.0,21816900
2025-10-10,48.12642288208008,48.650001525878906,50.13999938964844,48.54999923706055,49.93000030517578,31831900
2025-10-13,48.33415985107422,48.86000061035156,49.400001525878906,48.810001373291016,49.20000076293945,34462800
2025-10-14,49.550926208496094,50.09000015258789,50.5,48.529998779296875,48.849998474121094,42462600
2025-10-15,51.71735382080078,52.279998779296875,52.849998474121094,51.22999954223633,51.56999969482422,69992200
2025-10-16,49.897151947021484,50.439998626708984,52.7599983215332,50.0,52.599998474121094,49027700
2025-10-17,50.72811508178711,51.279998779296875,51.77000045776367,50.33000183105469,50.95000076293945,48915400
2025-10-20,51.47993850708008,52.040000915527344,52.279998779296875,51.369998931884766,51.439998626708984,25786000
2025-10-21,50.96553421020508,51.52000045776367,52.369998931884766,51.439998626708984,52.09000015258789,27303400
2025-10-22,50.550052642822266,51.099998474121094,51.58000183105469,50.439998626708984,51.5,34955000
2025-10-23,51.202945709228516,51.7599983215332,51.79999923706055,51.11000061035156,51.47999954223633,26028800
2025-10-24,52.004234313964844,52.56999969482422,52.81999969482422,51.849998474121094,51.849998474121094,38923900
2025-10-27,52.44939041137695,53.02000045776367,53.06999969482422,52.529998779296875,52.79999923706055,27345800
2025-10-28,52.301002502441406,52.869998931884766,53.279998779296875,52.34000015258789,53.0,29575200
2025-10-29,52.01412582397461,52.58000183105469,53.0099983215332,52.31999969482422,52.65999984741211,29158800
2025-10-30,52.45927810668945,53.029998779296875,53.439998626708984,52.560001373291016,52.66999816894531,37548600
2025-10-31,52.87476348876953,53.45000076293945,53.63999938964844,52.77000045776367,52.790000915527344,39295700
2025-11-03,52.98358154296875,53.560001373291016,53.63999938964844,52.709999084472656,53.2599983215332,31252300
2025-11-04,52.96379470825195,53.540000915527344,54.0,52.720001220703125,53.02000045776367,47226600
2025-11-05,51.88552474975586,52.45000076293945,53.06999969482422,51.7400016784668,52.959999084472656,54353600
2025-11-06,52.71648406982422,53.290000915527344,53.75,52.77000045776367,53.41999816894531,55296000
2025-11-07,52.6274528503418,53.20000076293945,53.58000183105469,52.709999084472656,53.150001525878906,40537700
2025-11-10,52.84508514404297,53.41999816894531,53.9900016784668,53.34000015258789,53.40999984741211,26094600
2025-11-11,53.052825927734375,53.630001068115234,53.97999954223633,53.279998779296875,53.75,22244300
2025-11-12,53.52765655517578,54.11000061035156,54.689998626708984,53.77000045776367,53.88999938964844,40536700
2025-11-13,52.301002502441406,52.869998931884766,54.209999084472656,52.77000045776367,53.790000915527344,37716100
2025-11-14,52.043800354003906,52.61000061035156,52.900001525878906,52.029998779296875,52.86000061035156,32363100
2025-11-17,50.92596435546875,51.47999954223633,52.58000183105469,51.38999938964844,52.58000183105469,35546800
2025-11-18,51.0842399597168,51.63999938964844,52.18000030517578,51.150001525878906,51.279998779296875,35189500
2025-11-19,51.46015167236328,52.02000045776367,52.4900016784668,51.66999816894531,51.66999816894531,28112300
2025-11-20,50.45112609863281,51.0,52.95000076293945,50.970001220703125,52.5,36661600
2025-11-21,51.005104064941406,51.560001373291016,51.779998779296875,50.70000076293945,51.290000915527344,43867200
2025-11-24,51.37112045288086,51.93000030517578,52.2400016784668,51.400001525878906,51.650001525878906,52852100
2025-11-25,51.915199279785156,52.47999954223633,52.880001068115234,51.86000061035156,52.25,41310100
2025-11-26,52.41971206665039,52.9900016784668,53.25,52.54999923706055,52.70000076293945,32045600
2025-11-28,53.07261276245117,53.650001525878906,53.939998626708984,53.04999923706055,53.11000061035156,18920800
2025-12-01,52.667022705078125,53.2400016784668,53.900001525878906,53.209999084472656,53.5,30536500
2025-12-02,52.617557525634766,53.189998626708984,53.63999938964844,52.970001220703125,53.529998779296875,46073500
2025-12-03,53.507877349853516,54.09000015258789,54.2400016784668,53.18000030517578,53.25,37134400
2025-12-04,53.57712173461914,54.15999984741211,54.689998626708984,54.0,54.209999084472656,38529600
2025-12-05,53.646728515625,53.95000076293945,54.83000183105469,53.7400016784668,53.93000030517578,33986500
2025-12-08,53.597007751464844,53.900001525878906,54.209999084472656,53.4900016784668,53.900001525878906,34386600
2025-12-09,53.23903274536133,53.540000915527344,54.279998779296875,53.27000045776367,53.970001220703125,47189300
2025-12-10,53.775997161865234,54.08000183105469,54.54999923706055,53.34000015258789,53.59000015258789,54424400
2025-12-11,54.253299713134766,54.560001373291016,54.650001525878906,53.75,53.95000076293945,35686900
2025-12-12,54.83003616333008,55.13999938964844,55.29999923706055,54.349998474121094,54.779998779296875,40539400
2025-12-15,55.01897048950195,55.33000183105469,56.06999969482422,55.06999969482422,55.40999984741211,32881300
2025-12-16,54.50189208984375,54.810001373291016,55.349998474121094,54.689998626708984,55.13999938964844,32931900
2025-12-17,54.24335479736328,54.54999923706055,55.56999969482422,54.459999084472656,55.119998931884766,35304100
2025-12-18,53.95498275756836,54.2599983215332,55.150001525878906,53.77000045776367,54.79999923706055,87452700
2025-12-19,54.95930862426758,55.27000045776367,55.310001373291016,54.380001068115234,54.52000045776367,73001900
2025-12-22,55.565879821777344,55.880001068115234,56.11000061035156,55.34000015258789,55.369998931884766,33408800
2025-12-23,55.655372619628906,55.970001220703125,56.220001220703125,55.810001373291016,55.810001373291016,22274600
2025-12-24,55.93379592895508,56.25,56.5,55.88999938964844,56.130001068115234,13634400
2025-12-26,55.854244232177734,56.16999816894531,56.54999923706055,56.029998779296875,56.279998779296875,15259400
2025-12-29,55.038856506347656,55.349998474121094,56.25,55.27000045776367,56.11000061035156,21040100
2025-12-30,54.9692497253418,55.279998779296875,55.63999938964844,55.16999816894531,55.4900016784668,17427600
