Price,Adj Close,Close,High,Low,Open,Volume
Ticker,DD,DD,DD,DD,DD,DD
Date,,,,,,
2015-01-02,20.88358497619629,27.149316787719727,27.41729736328125,26.96470832824707,27.2088680267334,10214432
2015-01-05,20.23769760131836,26.309646606445312,26.940887451171875,26.178634643554688,26.881336212158203,20357832
2015-01-06,19.9124698638916,25.8868350982666,26.3811092376709,25.595035552978516,26.333467483520508,19369604
2015-01-07,19.880401611328125,25.84514808654785,26.29178237915039,25.749868392944336,26.23223114013672,15335586
2015-01-08,20.375123977661133,26.488300323486328,26.714595794677734,26.113128662109375,26.273916244506836,20456403
2015-01-09,20.343055725097656,26.44661521911621,26.79796600341797,26.202455520629883,26.69672966003418,10800316
2015-01-12,20.223955154418945,26.29178237915039,26.500211715698242,25.791553497314453,26.428749084472656,13786662
2015-01-13,19.976593017578125,25.97020721435547,26.672908782958984,25.67245101928711,26.512121200561523,18030585
2015-01-14,19.89414405822754,25.863014221191406,26.047622680664062,24.981658935546875,25.606945037841797,21597273
2015-01-15,19.83917999267578,25.791553497314453,26.357288360595703,25.761777877807617,26.083354949951172,12957457
2015-01-16,20.517126083374023,26.672908782958984,26.69672966003418,25.755823135375977,25.761777877807617,16685352
2015-01-20,20.21479034423828,26.27987289428711,26.81583023071289,26.011892318725586,26.79796600341797,14771699
2015-01-21,20.494218826293945,26.64313316345215,26.672908782958984,25.99402618408203,26.172679901123047,11757478
2015-01-22,20.778226852416992,27.01235008239746,27.077856063842773,26.43470573425293,26.786056518554688,10463798
2015-01-23,20.416343688964844,26.54189682006836,26.994483947753906,26.535940170288086,26.887292861938477,12238074
2015-01-26,20.411758422851562,26.535940170288086,26.55380630493164,26.154815673828125,26.458524703979492,19962541
2015-01-27,20.23311996459961,26.303691864013672,26.589536666870117,25.791553497314453,26.083354949951172,11794589
2015-01-28,19.710912704467773,25.62481117248535,26.482345581054688,25.553348541259766,26.345378875732422,19119063
2015-01-29,20.617897033691406,26.80392074584961,27.00044059753418,25.67245101928711,26.244140625,29693522
2015-01-30,20.68661117553711,26.893247604370117,27.22673225402832,26.28582763671875,26.488300323486328,20513665
2015-02-02,20.714092254638672,26.928977966308594,27.196958541870117,26.458524703979492,26.988529205322266,13223783
2015-02-03,21.479080200195312,27.923480987548828,28.018762588500977,27.25650978088379,27.3220157623291,17714721
2015-02-04,21.172170639038086,27.52448844909668,27.78651237487793,27.393476486206055,27.709096908569336,11117019
2015-02-05,21.895919799804688,28.465394973754883,28.596406936645508,27.67336654663086,27.744827270507812,26592988
2015-02-06,22.170772552490234,28.82270050048828,28.882251739501953,28.49517059326172,28.596406936645508,14544835
2015-02-09,22.106645584106445,28.739330291748047,29.102590560913086,28.70359992980957,28.70955467224121,15450445
2015-02-10,22.216581344604492,28.882251739501953,28.95966911315918,28.566631317138672,28.882251739501953,10523579
2015-02-11,22.024181365966797,28.632137298583984,28.82270050048828,28.44753074645996,28.70955467224121,10548263
2015-02-12,22.514320373535156,29.26933479309082,29.453941345214844,28.81674575805664,28.91202735900879,11762012
2015-02-13,22.647165298461914,29.442031860351562,29.662370681762695,29.150232315063477,29.21573829650879,13852824
2015-02-17,22.706714630126953,29.519447326660156,29.62664031982422,28.888206481933594,28.888206481933594,15124170
2015-02-18,22.633424758911133,29.42416763305664,29.596864700317383,29.17405128479004,29.251468658447266,10251207
2015-02-19,22.757104873657227,29.58495330810547,29.704057693481445,29.001354217529297,29.12641143798828,12778787
2015-02-20,22.688396453857422,29.495628356933594,29.662370681762695,29.156187057495117,29.513492584228516,10190755
2015-02-23,22.67007064819336,29.4718074798584,29.608774185180664,29.245513916015625,29.299108505249023,13030000
2015-02-24,22.816665649414062,29.662370681762695,29.906530380249023,29.53731346130371,29.596864700317383,20846321
2015-02-25,22.834980010986328,29.68619155883789,29.858888626098633,29.525402069091797,29.68619155883789,8618154
2015-02-26,22.560129165649414,29.32888412475586,29.68619155883789,29.203828811645508,29.53731346130371,12118345
2015-02-27,22.555543899536133,29.32292938232422,29.573043823242188,29.23955726623535,29.32292938232422,11186539
2015-03-02,22.60594367980957,29.38843536376953,29.447986602783203,29.12045669555664,29.32292938232422,9653065
2015-03-03,22.560129165649414,29.32888412475586,29.4718074798584,29.138322830200195,29.257423400878906,8243182
2015-03-04,22.706714630126953,29.519447326660156,29.852933883666992,29.090681076049805,29.245513916015625,17850907
2015-03-05,22.39522933959961,29.114501953125,29.698101043701172,29.007308959960938,29.650461196899414,13225463
2015-03-06,21.960052490234375,28.548765182495117,29.42416763305664,28.441574096679688,29.42416763305664,21289806
2015-03-09,21.955476760864258,28.542810440063477,28.810791015625,28.489215850830078,28.614273071289062,16069242
2015-03-10,21.579851150512695,28.054492950439453,28.376068115234375,27.899660110473633,28.209325790405273,15306535
2015-03-11,21.428686141967773,27.857973098754883,28.23910140991211,27.810333251953125,28.042583465576172,12272163
2015-03-12,21.740182876586914,28.262920379638672,28.370113372802734,27.917524337768555,28.006851196289062,12351926
2015-03-13,21.552371978759766,28.018762588500977,28.119998931884766,27.82224464416504,28.07831382751465,11592913
2015-03-16,21.54320526123047,28.006851196289062,28.042583465576172,27.619770050048828,27.98898696899414,12773749
2015-03-17,21.359981536865234,27.768648147583008,27.899660110473633,27.542354583740234,27.84010887145996,10682434
2015-03-18,21.776824951171875,28.310562133789062,28.60831642150879,27.351791381835938,27.566173553466797,14751213
2015-03-19,21.40578842163086,27.82819938659668,28.09617805480957,27.691232681274414,28.030672073364258,11083770
2015-03-20,21.66231346130371,28.161685943603516,28.334383010864258,27.726961135864258,27.8460636138916,20717524
2015-03-23,21.634822845458984,28.125953674316406,28.286741256713867,28.048538208007812,28.1497745513916,9139052
2015-03-24,21.62565803527832,28.114044189453125,28.262920379638672,27.83415412902832,28.048538208007812,9473555
2015-03-25,21.451595306396484,27.88775062561035,28.429664611816406,27.88179588317871,28.280786514282227,11893496
2015-03-26,21.46533203125,27.905614852905273,28.185504913330078,27.762693405151367,27.82819938659668,12638067
2015-03-27,22.075458526611328,28.441574096679688,29.084726333618164,28.423709869384766,28.828655242919922,33458024
2015-03-30,22.500699996948242,28.989444732666016,29.32888412475586,28.888206481933594,29.180007934570312,18941232
2015-03-31,22.177154541015625,28.572586059570312,28.9775333404541,28.50112533569336,28.9775333404541,13715798
2015-04-01,22.140174865722656,28.524946212768555,28.6440486907959,28.114044189453125,28.60236167907715,11513486
2015-04-02,22.297325134277344,28.727420806884766,28.81674575805664,28.304607391357422,28.35224723815918,10184374
2015-04-06,22.500699996948242,28.989444732666016,29.311019897460938,28.590452194213867,28.71550941467285,12583492
2015-04-07,22.42675018310547,28.894161224365234,29.23955726623535,28.846521377563477,28.929893493652344,13904208
2015-04-08,22.357418060302734,28.80483627319336,29.084726333618164,28.70955467224121,28.894161224365234,9397486
2015-04-09,22.528430938720703,29.025175094604492,29.257423400878906,28.80483627319336,28.80483627319336,10357503
2015-04-10,22.366661071777344,28.81674575805664,29.17405128479004,28.792926788330078,29.054950714111328,11618270
2015-04-13,22.311193466186523,28.745285034179688,28.929893493652344,28.697643280029297,28.91798210144043,9006728
2015-04-14,22.57003402709961,29.078771591186523,29.17405128479004,28.792926788330078,28.828655242919922,8919072
2015-04-15,23.16166877746582,29.84102439880371,30.031587600708008,29.17405128479004,29.17405128479004,23871961
2015-04-16,22.995267868041992,29.62664031982422,29.82911491394043,29.37057113647461,29.710012435913086,14037707
2015-04-17,22.95367431640625,29.573043823242188,29.721921920776367,29.37652587890625,29.549224853515625,10222828
2015-04-20,23.152429580688477,29.82911491394043,29.894620895385742,29.596864700317383,29.715967178344727,14263228
2015-04-21,22.94904899597168,29.567089080810547,29.882709503173828,29.311019897460938,29.82911491394043,13181635
2015-04-22,23.120071411132812,29.78742790222168,29.930349349975586,29.305065155029297,29.47776222229004,16484852
2015-04-23,23.573043823242188,30.371028900146484,30.60923194885254,29.84102439880371,30.281702041625977,20898041
2015-04-24,23.628511428833008,30.442489624023438,30.627098083496094,30.186420440673828,30.460355758666992,12648982
2015-04-27,23.790287017822266,30.650917053222656,30.906986236572266,30.490129470825195,30.60923194885254,12618756
2015-04-28,23.952058792114258,30.859346389770508,30.871257781982422,30.228105545043945,30.555635452270508,13433855
2015-04-29,23.854995727539062,30.734289169311523,30.91889762878418,30.448444366455078,30.543725967407227,12564013
2015-04-30,23.573043823242188,30.371028900146484,30.77001953125,30.2995662689209,30.692604064941406,11872338
2015-05-01,23.8919734954834,30.781930923461914,30.859346389770508,30.472265243530273,30.525861740112305,10701409
2015-05-04,23.87347984313965,30.75811004638672,30.936763763427734,30.728334426879883,30.871257781982422,6864364
2015-05-05,23.734819412231445,30.579456329345703,31.17496681213379,30.484174728393555,30.877212524414062,11778804
2015-05-06,23.517576217651367,30.2995662689209,30.91294288635254,30.09709358215332,30.80575180053711,14661038
2015-05-07,23.40664291381836,30.156644821166992,30.234060287475586,29.95417022705078,30.180465698242188,9738873
2015-05-08,23.965932846069336,30.877212524414062,30.93080711364746,30.496084213256836,30.496084213256836,13652827
2015-05-11,23.989036560058594,30.906986236572266,30.954627990722656,30.633052825927734,30.859346389770508,14534256
2015-05-12,23.549938201904297,30.34125328063965,30.722379684448242,30.281702041625977,30.680692672729492,11019624
2015-05-13,23.448246002197266,30.21023941040039,30.460355758666992,30.09709358215332,30.34720802307129,9914521
2015-05-14,23.683977127075195,30.51395034790039,30.597322463989258,30.335296630859375,30.436534881591797,8488853
2015-05-15,23.80877685546875,30.67473793029785,30.680692672729492,30.234060287475586,30.460355758666992,6885523
2015-05-18,23.573043823242188,30.371028900146484,30.722379684448242,30.35911750793457,30.67473793029785,7966108
2015-05-19,23.448246002197266,30.21023941040039,30.371028900146484,30.04349708557129,30.329341888427734,10403178
2015-05-20,23.591529846191406,30.39484977722168,30.62114143371582,30.20428466796875,30.287656784057617,8850056
2015-05-21,23.74868392944336,30.597322463989258,30.752155303955078,30.287656784057617,30.4127140045166,7148994
2015-05-22,23.70709228515625,30.543725967407227,30.61518669128418,30.34720802307129,30.466310501098633,4960283
2015-05-26,23.397409439086914,30.144733428955078,30.490129470825195,29.93630599975586,30.35911750793457,11000312
2015-05-27,23.665481567382812,30.490129470825195,30.543725967407227,30.067317962646484,30.132823944091797,15893091
2015-05-28,23.83650779724121,30.710468292236328,30.752155303955078,30.376983642578125,30.496084213256836,8796321
2015-05-29,24.067623138427734,31.008224487304688,31.103506088256836,30.525861740112305,30.722379684448242,18018662
2015-06-01,24.155437469482422,31.121370315551758,31.16901206970215,30.65687370300293,31.008224487304688,16435482
2015-06-02,24.335704803466797,31.353620529174805,31.38935089111328,30.871257781982422,30.906986236572266,12051008
2015-06-03,24.502090454101562,31.568004608154297,31.78834342956543,31.32979965209961,31.401260375976562,11866964
2015-06-04,24.520586013793945,31.59182357788086,31.79429817199707,30.787885665893555,31.32384490966797,35675114
2015-06-05,24.067623138427734,31.008224487304688,31.454856872558594,30.93080711364746,31.353620529174805,13668948
2015-06-08,23.757925033569336,30.60923194885254,31.026090621948242,30.56159019470215,31.026090621948242,12529253
2015-06-09,23.813396453857422,30.680692672729492,30.889122009277344,30.573501586914062,30.704513549804688,7934203
2015-06-10,24.030635833740234,30.960582733154297,31.133281707763672,30.883167266845703,30.906986236572266,16064708
2015-06-11,24.10921287536621,31.061819076538086,31.22856330871582,30.906986236572266,31.008224487304688,8534025
2015-06-12,23.961307525634766,30.871257781982422,31.049909591674805,30.734289169311523,31.014179229736328,7613302
2015-06-15,23.97055435180664,30.883167266845703,30.948673248291016,30.478219985961914,30.698558807373047,9894538
2015-06-16,24.307968139648438,31.317890167236328,31.353620529174805,30.752155303955078,30.966537475585938,15893762
2015-06-17,24.659250259399414,31.770477294921875,31.877668380737305,31.38935089111328,31.454856872558594,22986166
2015-06-18,24.770187377929688,31.913400650024414,32.020591735839844,31.704971313476562,31.78238868713379,21594083
2015-06-19,24.626893997192383,31.728792190551758,32.00272750854492,31.722837448120117,31.919355392456055,15085716
2015-06-22,24.700851440429688,31.824073791503906,32.020591735839844,31.722837448120117,31.913400650024414,10839274
2015-06-23,24.760940551757812,31.9014892578125,31.972951889038086,31.75261116027832,31.80620765686035,14381446
2015-06-24,24.543701171875,31.621599197387695,31.835983276367188,31.436992645263672,31.80025291442871,9732157
2015-06-25,24.59916114807129,31.69306182861328,31.79429817199707,31.520362854003906,31.675195693969727,9152654
2015-06-26,24.538593292236328,31.365530014038086,31.472721099853516,31.246427536010742,31.407215118408203,10740367
2015-06-29,23.662721633911133,30.2459716796875,31.014179229736328,30.19237518310547,30.877212524414062,16267391
2015-06-30,23.83976173400879,30.472265243530273,30.746200561523438,30.323387145996094,30.567546844482422,11598791
2015-07-01,23.942251205444336,30.6032772064209,30.93080711364746,30.525861740112305,30.76406478881836,9888829
2015-07-02,23.937593460083008,30.597322463989258,30.75811004638672,30.323387145996094,30.734289169311523,8956351
2015-07-06,23.560216903686523,30.114959716796875,30.51990509033203,30.007766723632812,30.234060287475586,12434544
2015-07-07,23.68601417541504,30.275745391845703,30.4127140045166,29.21573829650879,30.09709358215332,23232342
2015-07-08,23.07103729248047,29.489673614501953,30.025632858276367,29.37057113647461,29.882709503173828,13220425
2015-07-09,23.415802001953125,29.930349349975586,30.21619415283203,29.84697914123535,30.049453735351562,13922008
2015-07-10,23.951570510864258,30.61518669128418,30.686649322509766,30.049453735351562,30.39484977722168,14458355
2015-07-13,24.1984920501709,30.93080711364746,31.043954849243164,30.644962310791016,30.787885665893555,10063973
2015-07-14,24.710975646972656,31.58586883544922,31.681150436401367,30.847436904907227,30.954627990722656,11902228
2015-07-15,24.27303695678711,31.026090621948242,31.514408111572266,30.984403610229492,31.454856872558594,11427341
2015-07-16,24.333606719970703,31.103506088256836,31.32384490966797,30.984403610229492,31.16901206970215,8897578
2015-07-17,23.83976173400879,30.472265243530273,30.984403610229492,30.293611526489258,30.984403610229492,14433670
2015-07-20,23.536930084228516,30.085182189941406,30.543725967407227,29.966081619262695,30.436534881591797,11868140
2015-07-21,23.341251373291016,29.83506965637207,30.424623489379883,29.63259506225586,30.079227447509766,13910086
2015-07-22,23.29466438293457,29.7755184173584,29.882709503173828,29.483718872070312,29.82911491394043,16517093
2015-07-23,22.25106430053711,28.441574096679688,29.811248779296875,28.048538208007812,29.453941345214844,33955749
2015-07-24,21.41710662841797,27.3756103515625,28.626182556152344,26.988529205322266,28.578542709350586,27343437
2015-07-27,21.258712768554688,27.173137664794922,27.619770050048828,26.762235641479492,27.10167694091797,21515663
2015-07-28,21.73392105102539,27.78055763244629,27.98898696899414,26.95279884338379,27.298194885253906,16776367
2015-07-29,22.097318649291992,28.24505615234375,28.310562133789062,27.798423767089844,27.947301864624023,13322858
2015-07-30,22.092660903930664,28.23910140991211,28.3403377532959,28.09022331237793,28.322471618652344,15295788
2015-07-31,21.92493438720703,28.024717330932617,28.465394973754883,27.953256607055664,28.39988899230957,14225613
2015-08-03,21.645395278930664,27.66741180419922,27.911569595336914,27.40538787841797,27.875839233398438,12486769
2015-08-04,21.752553939819336,27.804378509521484,28.137863159179688,27.655500411987305,27.756738662719727,11334312
2015-08-05,21.95754623413086,28.066402435302734,28.334383010864258,27.899660110473633,28.155729293823242,8454429
2015-08-06,21.710630416870117,27.750783920288086,28.19741439819336,27.709096908569336,28.012807846069336,11168236
2015-08-07,21.19814682006836,27.095720291137695,27.768648147583008,27.0183048248291,27.572128295898438,11228856
2015-08-10,21.729263305664062,27.77460289001465,27.83415412902832,27.161226272583008,27.38156509399414,11517516
2015-08-11,21.100311279296875,26.97066307067871,27.26246452331543,26.821786880493164,27.238643646240234,15979235
2015-08-12,21.29132080078125,27.21482276916504,27.351791381835938,26.720550537109375,26.8515625,16165966
2015-08-13,20.951217651367188,26.780101776123047,27.179092407226562,26.70268440246582,27.161226272583008,13306570
2015-08-14,20.91860580444336,26.738414764404297,26.899202346801758,26.55380630493164,26.86347198486328,10065484
2015-08-17,21.18416404724121,27.077856063842773,27.11954116821289,26.369199752807617,26.60144805908203,11033058
2015-08-18,20.848722457885742,26.64908790588379,27.01235008239746,26.476390838623047,26.911113739013672,13750391
2015-08-19,20.559871673583984,26.27987289428711,26.512121200561523,26.017847061157227,26.45256996154785,11981656
2015-08-20,20.345561981201172,26.005937576293945,26.3811092376709,25.97020721435547,26.13694953918457,12550579
2015-08-21,19.856372833251953,25.380651473999023,25.922565460205078,25.374696731567383,25.761777877807617,17244872
2015-08-24,18.798789978027344,24.02884292602539,25.035255432128906,20.908369064331055,23.635805130004883,24196389
2015-08-25,18.351533889770508,23.4571533203125,25.72604751586914,23.433332443237305,25.684362411499023,18464163
2015-08-26,19.124910354614258,24.44569969177246,24.523115158081055,23.802549362182617,24.088394165039062,21614570
2015-08-27,20.312942504882812,25.964250564575195,26.226276397705078,25.112672805786133,25.136491775512695,21961331
2015-08-28,20.499303817749023,26.202455520629883,26.535940170288086,25.737958908081055,25.8868350982666,16002744
2015-08-31,20.387479782104492,26.059532165527344,26.256052017211914,25.386606216430664,25.97616195678711,11743708
2015-09-01,19.409114837646484,24.808961868286133,25.475933074951172,24.59457778930664,25.20795249938965,18241496
2015-09-02,19.749217987060547,25.243684768676758,25.487842559814453,24.95188331604004,25.32110023498535,42199770
2015-09-03,19.954212188720703,25.505708694458008,25.785598754882812,25.303234100341797,25.505708694458008,49186550
2015-09-04,19.604793548583984,25.0590763092041,25.30919075012207,24.85064697265625,24.934019088745117,18347792
2015-09-08,20.541231155395508,26.256052017211914,26.303691864013672,25.547393798828125,25.595035552978516,32772730
2015-09-09,20.401466369628906,26.0773983001709,26.96470832824707,25.99402618408203,26.720550537109375,28141576
2015-09-10,20.387479782104492,26.059532165527344,26.333467483520508,25.857059478759766,25.952341079711914,19457260
2015-09-11,20.396804809570312,26.071443557739258,26.083354949951172,25.642675399780273,25.81537437438965,27565768
2015-09-14,20.070682525634766,25.654586791992188,26.053577423095703,25.606945037841797,26.0238037109375,23062907
2015-09-15,20.317604064941406,25.97020721435547,26.148860931396484,25.66649627685547,25.66649627685547,29081610
2015-09-16,20.95587730407715,26.786056518554688,26.821786880493164,25.99402618408203,26.0238037109375,21638415
2015-09-17,20.6018009185791,26.333467483520508,26.976619720458984,26.244140625,26.660999298095703,24196725
2015-09-18,20.177837371826172,25.791553497314453,26.208410263061523,25.612899780273438,26.0238037109375,44360270
2015-09-21,20.508623123168945,26.214366912841797,26.40492820739746,25.940431594848633,26.0238037109375,36000717
2015-09-22,20.312942504882812,25.964250564575195,26.005937576293945,25.642675399780273,25.7736873626709,34900988
2015-09-23,19.83773422241211,25.356830596923828,26.065488815307617,25.30919075012207,25.99402618408203,23259209
2015-09-24,19.795799255371094,25.303234100341797,25.42829132080078,24.529071807861328,25.112672805786133,36420861
2015-09-25,19.71660614013672,25.201997756958008,25.660541534423828,25.041210174560547,25.636720657348633,27172827
2015-09-28,18.83194351196289,23.83232307434082,24.7553653717041,23.766817092895508,24.731544494628906,47464498
2015-09-29,19.086050033569336,24.153900146484375,24.195585250854492,23.725133895874023,24.005022048950195,26896762
2015-09-30,19.951885223388672,25.2496395111084,25.36874008178711,24.48738670349121,24.48738670349121,60260077
2015-10-01,20.22481346130371,25.595035552978516,25.708181381225586,25.10076141357422,25.36278533935547,23079028
2015-10-02,20.916534423828125,26.470434188842773,26.49425506591797,25.10671615600586,25.42233657836914,28982368
2015-10-05,21.791784286499023,27.57808494567871,27.709096908569336,26.583581924438477,26.583581924438477,134085662
2015-10-06,22.154117584228516,28.03662872314453,28.441574096679688,27.512577056884766,27.661455154418945,31915314
2015-10-07,22.347049713134766,28.280786514282227,28.50112533569336,27.768648147583008,28.19741439819336,51832012
2015-10-08,22.488218307495117,28.459440231323242,28.632137298583984,28.155729293823242,28.167640686035156,15995356
2015-10-09,22.154117584228516,28.03662872314453,28.65595817565918,27.875839233398438,28.566631317138672,23286077
2015-10-12,21.928251266479492,27.750783920288086,27.971120834350586,27.506622314453125,27.947301864624023,14955240
2015-10-13,21.885900497436523,27.697187423706055,27.88179588317871,27.41729736328125,27.453027725219727,12296512
2015-10-14,22.16823959350586,28.054492950439453,28.25101089477539,27.512577056884766,27.649545669555664,15700483
2015-10-15,22.38939666748047,28.334383010864258,28.358203887939453,27.768648147583008,28.215280532836914,9788747
2015-10-16,22.408226013183594,28.358203887939453,28.465394973754883,28.09022331237793,28.44753074645996,9606214
2015-10-19,22.29999351501465,28.221235275268555,28.268877029418945,27.947301864624023,28.066402435302734,8850224
2015-10-20,22.441165924072266,28.39988899230957,28.65595817565918,28.155729293823242,28.221235275268555,14548697
2015-10-21,22.34234619140625,28.274831771850586,28.691688537597656,28.209325790405273,28.40584373474121,13237889
2015-10-22,23.49051856994629,29.727876663208008,30.66282844543457,29.072816848754883,29.823158264160156,44844896
2015-10-23,23.678741455078125,29.966081619262695,30.639007568359375,29.930349349975586,30.180465698242188,27977683
2015-10-26,23.73991584777832,30.04349708557129,30.222150802612305,29.811248779296875,29.912485122680664,16657477
2015-10-27,23.852855682373047,30.186420440673828,30.228105545043945,29.84102439880371,29.852933883666992,19689498
2015-10-28,24.17283821105957,30.591367721557617,30.91889762878418,30.114959716796875,30.34125328063965,25460011
2015-10-29,23.95167350769043,30.311477661132812,30.60923194885254,30.126869201660156,30.36507225036621,18992449
2015-10-30,24.31399917602539,30.77001953125,31.002269744873047,30.19237518310547,30.448444366455078,20560684
2015-11-02,24.27635955810547,30.722379684448242,30.889122009277344,30.60923194885254,30.710468292236328,18030417
2015-11-03,24.45987892150879,30.954627990722656,31.258338928222656,30.466310501098633,30.6032772064209,17332360
2015-11-04,24.17754364013672,30.597322463989258,31.061819076538086,30.567546844482422,30.954627990722656,22173754
2015-11-05,24.285770416259766,30.734289169311523,30.853391647338867,30.40675926208496,30.579456329345703,15784948
2015-11-06,24.39400291442871,30.871257781982422,31.109460830688477,30.525861740112305,30.537771224975586,11815748
2015-11-09,24.328121185302734,30.787885665893555,30.960582733154297,30.597322463989258,30.781930923461914,12711954
2015-11-10,24.332826614379883,30.793840408325195,30.966537475585938,30.51395034790039,30.686649322509766,16303495
2015-11-11,24.328121185302734,30.787885665893555,30.990358352661133,30.7164249420166,30.81766128540039,10916351
2015-11-12,23.730510711669922,30.031587600708008,30.627098083496094,30.001811981201172,30.40675926208496,16337583
2015-11-13,24.064605712890625,30.45439910888672,30.531816482543945,29.8052921295166,30.067317962646484,12403815
2015-11-16,24.304590225219727,30.75811004638672,30.829570770263672,30.35316276550293,30.36507225036621,9078096
2015-11-17,24.304590225219727,30.75811004638672,31.091596603393555,30.567546844482422,30.841480255126953,11502571
2015-11-18,25.015151977539062,31.657329559326172,31.7347469329834,30.77001953125,30.77001953125,18133018
2015-11-19,25.090436935424805,31.75261116027832,31.89553451538086,31.514408111572266,31.562049865722656,19946924
2015-11-20,25.090436935424805,31.75261116027832,31.937219619750977,31.657329559326172,31.79429817199707,11462269
2015-11-23,24.939851760864258,31.562049865722656,31.89553451538086,31.532272338867188,31.663286209106445,10853883
2015-11-24,25.118669509887695,31.78834342956543,31.961040496826172,31.23451805114746,31.23451805114746,13301532
2015-11-25,24.431640625,30.91889762878418,31.78834342956543,30.329341888427734,31.716882705688477,24315614
2015-11-27,24.47399139404297,30.97249412536621,31.103506088256836,30.746200561523438,30.829570770263672,4432501
2015-11-30,24.530460357666016,31.043954849243164,31.34170913696289,30.93080711364746,30.97844886779785,16019369
2015-12-01,25.13749122619629,31.812162399291992,31.859804153442383,31.002269744873047,31.34170913696289,25819702
2015-12-02,24.60575294494629,31.139236450195312,31.871713638305664,30.942718505859375,31.573959350585938,14791346
2015-12-03,24.403417587280273,30.883167266845703,31.472721099853516,30.692604064941406,31.28215980529785,10756320
2015-12-04,25.085729598999023,31.74665641784668,31.824073791503906,30.871257781982422,30.936763763427734,17178878
2015-12-07,24.48340606689453,30.984403610229492,31.562049865722656,30.75811004638672,31.562049865722656,12751080
2015-12-08,23.95167350769043,30.311477661132812,30.91889762878418,29.906530380249023,30.484174728393555,16679643
2015-12-09,26.807987213134766,33.92622375488281,34.003639221191406,32.848350524902344,33.175880432128906,106135182
2015-12-10,25.83863067626953,32.6994743347168,33.69397735595703,32.365989685058594,33.515323638916016,44901150
2015-12-11,25.113964080810547,31.78238868713379,32.13969421386719,30.82361602783203,31.192832946777344,47818480
2015-12-14,24.13519287109375,30.543725967407227,31.472721099853516,30.156644821166992,31.22856330871582,37352667
2015-12-15,23.796384811401367,30.114959716796875,30.97249412536621,30.025632858276367,30.81766128540039,23502362
2015-12-16,23.86696434020996,30.20428466796875,30.382938385009766,29.185962677001953,30.35911750793457,34383617
2015-12-17,23.64580535888672,29.924394607543945,30.585411071777344,29.88866424560547,30.305522918701172,21600632
2015-12-18,23.35405921936035,29.555179595947266,30.10304832458496,29.4718074798584,29.924394607543945,32495153
2015-12-21,23.984609603881836,30.35316276550293,30.35316276550293,29.418212890625,29.721921920776367,32682723
2015-12-22,24.2340087890625,30.66878318786621,31.02013397216797,30.34720802307129,30.531816482543945,16345979
2015-12-23,24.71868896484375,31.28215980529785,31.353620529174805,30.76406478881836,30.984403610229492,11018448
2015-12-24,24.615171432495117,31.151147842407227,31.413171768188477,31.115415573120117,31.359575271606445,5323669
2015-12-28,24.577518463134766,31.103506088256836,31.133281707763672,30.81170654296875,31.008224487304688,11445813
2015-12-29,25.0617618560791,31.436992645263672,31.579914093017578,30.799795150756836,30.799795150756836,9695046
2015-12-30,24.525299072265625,30.76406478881836,31.300024032592773,30.567546844482422,31.23451805114746,16321798
2015-12-31,24.43984603881836,30.65687370300293,30.984403610229492,30.537771224975586,30.734289169311523,7834960
2016-01-04,23.70399284362793,29.73383140563965,30.049453735351562,29.412256240844727,29.93630599975586,20554303
2016-01-05,23.523584365844727,29.507537841796875,29.882709503173828,29.23360252380371,29.882709503173828,14703355
2016-01-06,23.006120681762695,28.85843276977539,29.17405128479004,28.673824310302734,29.1680965423584,21458905
2016-01-07,22.14208221435547,27.77460289001465,28.566631317138672,27.53044319152832,28.3403377532959,20560180
2016-01-08,21.971172332763672,27.560218811035156,28.34629249572754,27.482803344726562,28.024717330932617,16312059
2016-01-11,21.553396224975586,27.036169052124023,27.697187423706055,26.678863525390625,27.607860565185547,17093909
2016-01-12,21.263809204101562,26.672908782958984,27.36965560913086,26.54189682006836,27.36370086669922,16477967
2016-01-13,20.713098526000977,25.98211669921875,26.95279884338379,25.922565460205078,26.928977966308594,15408800
2016-01-14,21.00269889831543,26.345378875732422,26.619312286376953,25.630765914916992,25.999982833862305,23847948
2016-01-15,20.3950252532959,25.5831241607666,25.97616195678711,25.130537033081055,25.523574829101562,16723135
2016-01-19,19.972497940063477,25.05312156677246,25.946386337280273,24.80300521850586,25.892789840698242,17708172
2016-01-20,19.616443634033203,24.606487274169922,24.85660171508789,23.97524642944336,24.761320114135742,25001077
2016-01-21,19.93927001953125,25.01143455505371,25.094806671142578,24.27300262451172,24.624353408813477,15816350
2016-01-22,20.518455505371094,25.737958908081055,26.28582763671875,25.25559425354004,25.648630142211914,16577713
2016-01-25,20.02472496032715,25.118627548217773,25.7736873626709,25.065031051635742,25.51761817932129,12269812
2016-01-26,20.157644271850586,25.285369873046875,25.46402359008789,24.666038513183594,25.219863891601562,11740854
2016-01-27,19.659168243408203,24.660083770751953,25.62481117248535,24.648174285888672,25.36278533935547,13198091
2016-01-28,19.72562599182129,24.74345588684082,25.094806671142578,24.23727035522461,25.01143455505371,13184322
2016-01-29,19.93927001953125,25.01143455505371,25.01143455505371,24.23131561279297,24.910198211669922,22568709
2016-02-01,20.214616775512695,25.356830596923828,25.46997833251953,24.546937942504883,24.761320114135742,14638201
2016-02-02,21.37773895263672,26.81583023071289,26.9051570892334,25.499753952026367,26.28582763671875,27557875
2016-02-03,22.18955421447754,27.83415412902832,28.018762588500977,27.21482276916504,27.232688903808594,28127639
2016-02-04,22.498136520385742,28.221235275268555,28.370113372802734,27.82819938659668,27.947301864624023,22127743
2016-02-05,22.16581916809082,27.804378509521484,28.286741256713867,27.637636184692383,28.274831771850586,13485240
2016-02-08,21.947433471679688,27.53044319152832,27.953256607055664,26.917068481445312,27.66741180419922,22688606
2016-02-09,22.123088836669922,27.750783920288086,28.108089447021484,27.22077751159668,27.22077751159668,13771717
2016-02-10,21.914201736450195,27.488758087158203,28.102134704589844,27.38156509399414,27.8460636138916,17281983
2016-02-11,21.26854705810547,26.678863525390625,27.292240142822266,26.44066047668457,26.893247604370117,18081130
2016-02-12,21.842988967895508,27.399431228637695,27.453027725219727,26.732460021972656,26.96470832824707,12065953
2016-02-16,22.232288360595703,27.88775062561035,27.917524337768555,27.387521743774414,27.506622314453125,11026844
2016-02-17,22.782989501953125,28.578542709350586,28.65595817565918,27.959211349487305,28.048538208007812,17547134
2016-02-18,22.58359146118164,28.328428268432617,28.60236167907715,28.23314666748047,28.536855697631836,8977846
2016-02-19,22.350967407226562,28.03662872314453,28.262920379638672,27.9830322265625,28.23314666748047,8881626
2016-02-22,22.735515594482422,28.518991470336914,28.786970138549805,28.29269790649414,28.328428268432617,13031176
2016-02-23,22.303497314453125,27.977075576782227,28.34629249572754,27.756738662719727,28.34629249572754,10631721
2016-02-24,22.40319061279297,28.102134704589844,28.125953674316406,27.500667572021484,27.63167953491211,10403681
2016-02-25,22.835214614868164,28.6440486907959,28.6440486907959,27.965166091918945,28.19145965576172,9018147
2016-02-26,23.139047622680664,29.025175094604492,29.21573829650879,28.775060653686523,28.85843276977539,9481447
2016-02-29,23.077327728271484,28.947757720947266,29.620685577392578,28.888206481933594,28.95966911315918,14652138
2016-03-01,23.77045249938965,29.817203521728516,29.84102439880371,29.20978355407715,29.293153762817383,12251340
2016-03-02,23.55681800842285,29.549224853515625,29.7755184173584,29.150232315063477,29.507537841796875,11702735
2016-03-03,23.547325134277344,29.53731346130371,29.73383140563965,29.311019897460938,29.573043823242188,8023202
2016-03-04,23.874902725219727,29.94821548461914,30.132823944091797,29.27528953552246,29.53731346130371,13019253
2016-03-07,23.623281478881836,29.63259506225586,30.03754234313965,29.4718074798584,29.751697540283203,18052751
2016-03-08,23.18177604675293,29.078771591186523,29.555179595947266,28.852476119995117,29.412256240844727,16150349
2016-03-09,23.290966033935547,29.21573829650879,29.447986602783203,29.12045669555664,29.251468658447266,5876304
2016-03-10,23.324195861816406,29.257423400878906,29.674280166625977,28.9775333404541,29.38843536376953,9069028
2016-03-11,24.031564712524414,30.144733428955078,30.263835906982422,29.525402069091797,29.525402069091797,11609202
2016-03-14,23.870147705078125,29.9422607421875,30.174509048461914,29.870798110961914,29.900575637817383,7027586
2016-03-15,23.827423095703125,29.88866424560547,29.900575637817383,29.602819442749023,29.727876663208008,9499583
2016-03-16,24.050556182861328,30.168554306030273,30.269790649414062,29.656415939331055,29.823158264160156,8183569
2016-03-17,24.40186309814453,30.60923194885254,30.65687370300293,30.132823944091797,30.186420440673828,9798486
2016-03-18,24.525299072265625,30.76406478881836,31.103506088256836,30.650917053222656,30.734289169311523,17013306
2016-03-21,24.468324661254883,30.692604064941406,30.787885665893555,30.168554306030273,30.67473793029785,11957307
2016-03-22,24.330652236938477,30.51990509033203,30.692604064941406,30.329341888427734,30.436534881591797,9613771
2016-03-23,24.29741668701172,30.478219985961914,30.740245819091797,30.40080451965332,30.472265243530273,7208607
2016-03-24,24.36388397216797,30.56159019470215,30.567546844482422,30.079227447509766,30.281702041625977,8810930
2016-03-28,24.477821350097656,30.704513549804688,30.883167266845703,30.644962310791016,30.77001953125,8562572
2016-03-29,24.487409591674805,30.442489624023438,30.51395034790039,29.960126876831055,30.263835906982422,10933983
2016-03-30,24.659847259521484,30.65687370300293,30.75811004638672,30.50204086303711,30.633052825927734,8691201
2016-03-31,24.362857818603516,30.287656784057617,30.787885665893555,30.09709358215332,30.781930923461914,9415789
2016-04-01,24.496984481811523,30.45439910888672,30.555635452270508,29.79933738708496,30.007766723632812,10142897
2016-04-04,24.463449478149414,30.4127140045166,30.50799560546875,30.186420440673828,30.293611526489258,8137390
2016-04-05,24.305376052856445,30.21619415283203,30.537771224975586,30.15068817138672,30.186420440673828,7622202
2016-04-06,24.396390914916992,30.329341888427734,30.424623489379883,29.823158264160156,30.21619415283203,10666481
2016-04-07,24.161672592163086,30.03754234313965,30.15068817138672,29.83506965637207,30.055408477783203,9790594
2016-04-08,24.31974983215332,30.234060287475586,30.51990509033203,30.09709358215332,30.376983642578125,6903658
2016-04-11,24.314956665039062,30.228105545043945,30.51395034790039,30.156644821166992,30.335296630859375,5999560
2016-04-12,24.726919174194336,30.740245819091797,30.77001953125,30.263835906982422,30.323387145996094,8666012
2016-04-13,25.009532928466797,31.091596603393555,31.17496681213379,30.877212524414062,30.954627990722656,9571622
2016-04-14,25.081382751464844,31.18092155456543,31.413171768188477,31.032045364379883,31.145191192626953,8898250
2016-04-15,25.086172103881836,31.18687629699707,31.317890167236328,30.948673248291016,31.300024032592773,7439501
2016-04-18,25.1676082611084,31.288114547729492,31.294069290161133,30.829570770263672,31.18687629699707,12586683
2016-04-19,25.41190528869629,31.59182357788086,31.758567810058594,31.436992645263672,31.47867774963379,10614257
2016-04-20,24.880197525024414,30.93080711364746,31.770477294921875,30.92485237121582,31.758567810058594,14896634
2016-04-21,24.89936065673828,30.954627990722656,31.294069290161133,30.787885665893555,31.085641860961914,9903606
2016-04-22,25.201143264770508,31.32979965209961,31.454856872558594,31.121370315551758,31.18092155456543,9076416
2016-04-25,25.1676082611084,31.288114547729492,31.288114547729492,30.752155303955078,31.210697174072266,12006172
2016-04-26,25.708904266357422,31.961040496826172,32.086097717285156,31.5441837310791,31.562049865722656,13044777
2016-04-27,25.675369262695312,31.919355392456055,32.14564895629883,31.699016571044922,31.88957977294922,12006508
2016-04-28,25.589147567749023,31.812162399291992,32.080142974853516,31.22856330871582,31.5977783203125,15318289
2016-04-29,25.201143264770508,31.32979965209961,31.972951889038086,31.133281707763672,31.865758895874023,12015912
2016-05-02,25.220300674438477,31.353620529174805,31.538227081298828,31.17496681213379,31.49058723449707,18366263
2016-05-03,24.798765182495117,30.829570770263672,31.07373046875,30.65687370300293,30.92485237121582,10783692
2016-05-04,24.616735458374023,30.6032772064209,30.740245819091797,30.329341888427734,30.424623489379883,10405193
2016-05-05,24.358070373535156,30.281702041625977,30.954627990722656,30.19237518310547,30.781930923461914,8103302
2016-05-06,24.506561279296875,30.466310501098633,30.51990509033203,30.19237518310547,30.222150802612305,7151177
2016-05-09,24.3532772064209,30.275745391845703,30.460355758666992,30.186420440673828,30.40080451965332,6642202
2016-05-10,24.68859100341797,30.692604064941406,30.787885665893555,30.4127140045166,30.627098083496094,5334920
2016-05-11,24.549671173095703,30.51990509033203,30.847436904907227,30.442489624023438,30.76406478881836,6051280
2016-05-12,24.68859100341797,30.692604064941406,31.014179229736328,30.490129470825195,30.942718505859375,8138733
2016-05-13,24.214359283447266,30.10304832458496,30.734289169311523,30.001811981201172,30.644962310791016,8402709
2016-05-16,24.717329025268555,30.728334426879883,30.746200561523438,30.132823944091797,30.15068817138672,8641495
2016-05-17,24.674224853515625,30.67473793029785,31.055864334106445,30.597322463989258,30.633052825927734,9086996
2016-05-18,24.338911056518555,30.25788116455078,30.80575180053711,30.067317962646484,30.50799560546875,8787253
2016-05-19,24.31974983215332,30.234060287475586,30.24001693725586,29.78147315979004,29.983945846557617,10737513
2016-05-20,24.60236930847168,30.585411071777344,30.80575180053711,30.34125328063965,30.388893127441406,9216800
2016-05-23,25.033483505249023,31.121370315551758,31.300024032592773,30.472265243530273,30.525861740112305,13315134
2016-05-24,25.30173683166504,31.454856872558594,31.508453369140625,31.2404727935791,31.28215980529785,11516173
2016-05-25,25.320898056030273,31.47867774963379,31.865758895874023,31.460811614990234,31.508453369140625,16445726
2016-05-26,24.904150009155273,30.960582733154297,31.62755584716797,30.906986236572266,31.5977783203125,8583898
2016-05-27,24.995159149169922,31.07373046875,31.16901206970215,30.77001953125,30.80575180053711,8044025
2016-05-31,24.60236930847168,30.585411071777344,31.06777572631836,30.424623489379883,31.038000106811523,12418088
2016-06-01,24.707752227783203,30.7164249420166,30.787885665893555,30.15068817138672,30.4127140045166,8530498
2016-06-02,25.023900985717773,31.109460830688477,31.115415573120117,30.418668746948242,30.67473793029785,13362152
2016-06-03,25.464599609375,31.657329559326172,31.710926055908203,31.049909591674805,31.157102584838867,16245729
2016-06-06,25.689741134643555,31.937219619750977,32.086097717285156,31.728792190551758,31.74070167541504,15666058
2016-06-07,25.72327423095703,31.978906631469727,32.080142974853516,31.937219619750977,32.044410705566406,11305429
2016-06-08,25.713687896728516,31.966995239257812,32.05632019042969,31.80620765686035,32.00272750854492,17617998
2016-06-09,25.67057991027832,31.913400650024414,31.966995239257812,31.502498626708984,31.710926055908203,10733483
2016-06-10,25.569990158081055,31.78834342956543,31.972951889038086,31.63351058959961,31.770477294921875,12475350
2016-06-13,25.239463806152344,31.37744140625,31.758567810058594,31.32384490966797,31.573959350585938,9259621
2016-06-14,24.971208572387695,31.043954849243164,31.43103790283203,30.77001953125,31.32384490966797,12791381
2016-06-15,24.841873168945312,30.883167266845703,31.192832946777344,30.793840408325195,31.038000106811523,10779158
2016-06-16,24.999954223632812,31.07968521118164,31.121370315551758,30.549680709838867,30.75811004638672,12134802
2016-06-17,25.35442543029785,31.520362854003906,31.526317596435547,31.014179229736328,31.091596603393555,14073307
2016-06-20,25.421491622924805,31.603734970092773,32.121829986572266,31.603734970092773,31.74070167541504,16012148
2016-06-21,25.517290115356445,31.722837448120117,31.877668380737305,31.58586883544922,31.704971313476562,10716019
2016-06-22,25.493337631225586,31.69306182861328,31.913400650024414,31.65137481689453,31.78834342956543,8330334
2016-06-23,25.713687896728516,31.966995239257812,32.121829986572266,31.859804153442383,32.00868225097656,12763338
2016-06-24,24.702964782714844,30.710468292236328,31.288114547729492,30.597322463989258,30.906986236572266,25669243
2016-06-27,23.936532974243164,29.757652282714844,30.531816482543945,29.489673614501953,30.40675926208496,20553295
2016-06-28,23.448230743408203,28.882251739501953,29.823158264160156,28.435619354248047,29.769563674926758,23645097
2016-06-29,23.88335418701172,29.418212890625,29.6385498046875,29.138322830200195,29.21573829650879,17696418
2016-06-30,24.033227920532227,29.602819442749023,29.7755184173584,29.287199020385742,29.442031860351562,18784728
2016-07-01,23.951030731201172,29.501583099365234,29.870798110961914,29.447986602783203,29.578998565673828,16289557
2016-07-05,23.573936462402344,29.037084579467773,29.447986602783203,29.007308959960938,29.340795516967773,13708578
2016-07-06,23.264509201049805,28.65595817565918,28.810791015625,28.29269790649414,28.745285034179688,14851295
2016-07-07,23.303186416625977,28.70359992980957,28.95966911315918,28.465394973754883,28.685733795166016,9195306
2016-07-08,23.88335418701172,29.418212890625,29.54326820373535,28.638093948364258,29.043039321899414,15849934
2016-07-11,24.100914001464844,29.68619155883789,29.918439865112305,29.447986602783203,29.483718872070312,9519734
2016-07-12,24.63273048400879,30.34125328063965,30.585411071777344,29.906530380249023,29.924394607543945,12014401
2016-07-13,24.743927001953125,30.478219985961914,30.543725967407227,30.305522918701172,30.484174728393555,7443699
2016-07-14,25.043678283691406,30.847436904907227,31.085641860961914,30.644962310791016,30.77597427368164,8244357
2016-07-15,25.16937828063965,31.002269744873047,31.049909591674805,30.781930923461914,30.91294288635254,6032137
2016-07-18,25.43045425415039,31.32384490966797,31.407215118408203,30.841480255126953,30.996313095092773,6592832
2016-07-19,25.314414978027344,31.18092155456543,31.34170913696289,31.026090621948242,31.085641860961914,5591339
2016-07-20,25.59966278076172,31.532272338867188,31.65137481689453,31.061819076538086,31.192832946777344,8314717
2016-07-21,25.382102966308594,31.264293670654297,31.562049865722656,31.139236450195312,31.556093215942383,8065687
2016-07-22,25.68185043334961,31.63351058959961,31.716882705688477,31.22260856628418,31.347665786743164,6485530
2016-07-25,25.754371643066406,31.722837448120117,31.75261116027832,31.407215118408203,31.538227081298828,7082329
2016-07-26,25.884918212890625,31.883623123168945,32.14564895629883,31.830028533935547,31.853849411010742,11272852
2016-07-27,25.928421020507812,31.937219619750977,32.086097717285156,31.621599197387695,31.835983276367188,7618507
2016-07-28,25.94776725769043,31.961040496826172,32.22306442260742,31.78834342956543,32.09800720214844,10991748
2016-07-29,25.94776725769043,31.961040496826172,32.26475143432617,31.913400650024414,32.15160369873047,16278642
2016-08-01,25.938091278076172,31.94913101196289,32.15755844116211,31.758567810058594,32.026546478271484,16995170
2016-08-02,25.686689376831055,31.63946533203125,31.94913101196289,31.37744140625,31.94913101196289,6854625
2016-08-03,25.831729888916016,31.818117141723633,31.943174362182617,31.508453369140625,31.699016571044922,4718642
2016-08-04,25.86073875427246,31.853849411010742,31.94913101196289,31.64542007446289,31.764522552490234,4543666
2016-08-05,25.933258056640625,31.943174362182617,32.026546478271484,31.830028533935547,31.943174362182617,6550852
2016-08-08,25.913917541503906,31.919355392456055,32.074188232421875,31.830028533935547,31.835983276367188,8387260
2016-08-09,25.81239128112793,31.79429817199707,31.978906631469727,31.699016571044922,31.972951889038086,4762638
2016-08-10,25.841400146484375,31.830028533935547,31.913400650024414,31.728792190551758,31.89553451538086,5293611
2016-08-11,25.933258056640625,31.943174362182617,31.966995239257812,31.5977783203125,31.88957977294922,9907300
2016-08-12,25.29990577697754,31.163057327270508,31.907445907592773,31.055864334106445,31.853849411010742,12360490
2016-08-15,25.52231216430664,31.436992645263672,31.63351058959961,31.121370315551758,31.145191192626953,9823843
2016-08-16,25.314414978027344,31.18092155456543,31.603734970092773,31.17496681213379,31.436992645263672,6262863
2016-08-17,25.449792861938477,31.347665786743164,31.472721099853516,31.032045364379883,31.18687629699707,6459669
2016-08-18,25.735036849975586,31.699016571044922,31.699016571044922,31.258338928222656,31.258338928222656,10190419
2016-08-19,25.826900482177734,31.812162399291992,31.9014892578125,31.532272338867188,31.532272338867188,7435975
2016-08-22,25.865575790405273,31.859804153442383,31.913400650024414,31.573959350585938,31.74665641784668,5576058
2016-08-23,26.000940322875977,32.026546478271484,32.15160369873047,31.710926055908203,31.966995239257812,8316900
2016-08-24,25.918750762939453,31.925310134887695,32.044410705566406,31.84193992614746,32.00868225097656,8015982
2016-08-25,26.11697769165039,32.16946792602539,32.22901916503906,31.907445907592773,31.94913101196289,10170268
2016-08-26,25.928421020507812,31.937219619750977,32.383853912353516,31.80025291442871,32.24093246459961,8761560
2016-08-29,26.1701602935791,32.23497772216797,32.40171813964844,31.984861373901367,31.984861373901367,8538223
2016-08-30,26.102466583251953,32.15160369873047,32.45531463623047,32.10991668701172,32.19329071044922,10631889
2016-08-31,25.933258056640625,31.943174362182617,32.10396194458008,31.812162399291992,32.0146369934082,8746279
2016-09-01,26.0106143951416,32.038455963134766,32.19329071044922,31.818117141723633,32.00272750854492,6204594
2016-09-02,26.194332122802734,32.26475143432617,32.348121643066406,32.09800720214844,32.22306442260742,6473103
2016-09-06,26.058961868286133,32.09800720214844,32.371944427490234,31.990816116333008,32.27070617675781,6940266
2016-09-07,26.058961868286133,32.09800720214844,32.13373947143555,31.8478946685791,32.00868225097656,8940902
2016-09-08,26.247509002685547,32.330257415771484,32.348121643066406,31.84193992614746,32.10396194458008,16719441
2016-09-09,25.822053909301758,31.80620765686035,32.5089111328125,31.681150436401367,32.10991668701172,21124738
2016-09-12,25.580324172973633,31.508453369140625,31.62755584716797,31.103506088256836,31.562049865722656,12138160
2016-09-13,25.159711837768555,30.990358352661133,31.276203155517578,30.710468292236328,31.264293670654297,11352615
2016-09-14,25.32408905029297,31.192832946777344,31.294069290161133,30.847436904907227,31.026090621948242,10129295
2016-09-15,25.551311492919922,31.472721099853516,31.556093215942383,31.091596603393555,31.16901206970215,9166759
2016-09-16,25.488466262817383,31.395305633544922,31.472721099853516,31.163057327270508,31.347665786743164,12588026
2016-09-19,25.62867546081543,31.568004608154297,31.687105178833008,31.496543884277344,31.556093215942383,13548379
2016-09-20,25.41594886779785,31.305978775024414,31.824073791503906,31.300024032592773,31.78238868713379,8357201
2016-09-21,25.498136520385742,31.407215118408203,31.5441837310791,31.145191192626953,31.305978775024414,12022797
2016-09-22,25.411109924316406,31.300024032592773,31.687105178833008,31.294069290161133,31.58586883544922,6956554
2016-09-23,25.25640296936035,31.109460830688477,31.413171768188477,31.02013397216797,31.18092155456543,10131142
2016-09-26,25.203222274780273,31.043954849243164,31.1273250579834,30.97844886779785,31.091596603393555,8465176
2016-09-27,25.41594886779785,31.305978775024414,31.32979965209961,30.97844886779785,31.055864334106445,6720790
2016-09-28,25.523242950439453,31.163057327270508,31.252382278442383,30.76406478881836,31.21665382385254,9942564
2016-09-29,25.230606079101562,30.80575180053711,31.33575439453125,30.75811004638672,31.163057327270508,8528483
2016-09-30,25.279380798339844,30.86530113220215,31.133281707763672,30.841480255126953,30.990358352661133,11166221
2016-10-03,25.56715202331543,31.21665382385254,31.502498626708984,31.049909591674805,31.16901206970215,11782499
2016-10-04,25.294010162353516,30.883167266845703,31.413171768188477,30.81170654296875,31.246427536010742,11559833
2016-10-05,25.70370864868164,31.38339614868164,31.562049865722656,30.954627990722656,30.984403610229492,10689487
2016-10-06,26.137798309326172,31.913400650024414,31.925310134887695,31.192832946777344,31.353620529174805,13636539
2016-10-07,25.845151901245117,31.556093215942383,31.99677085876465,31.436992645263672,31.913400650024414,11435737
2016-10-10,26.11341667175293,31.883623123168945,32.09800720214844,31.78238868713379,31.877668380737305,8757866
2016-10-11,26.103656768798828,31.871713638305664,31.877668380737305,31.514408111572266,31.824073791503906,8335371
2016-10-12,25.95245933532715,31.687105178833008,31.972951889038086,31.496543884277344,31.865758895874023,5132069
2016-10-13,25.80613899230957,31.508453369140625,31.5977783203125,31.07373046875,31.32384490966797,7592647
2016-10-14,26.035377502441406,31.78834342956543,32.0146369934082,31.573959350585938,31.573959350585938,7814810
2016-10-17,25.850032806396484,31.562049865722656,32.00868225097656,31.43103790283203,31.699016571044922,8009097
2016-10-18,26.18657112121582,31.972951889038086,32.09800720214844,31.78238868713379,31.88957977294922,7156886
2016-10-19,26.30362319946289,32.11587142944336,32.25879669189453,31.919355392456055,32.086097717285156,10793263
2016-10-20,26.24997329711914,32.05036544799805,32.13969421386719,31.865758895874023,31.990816116333008,6286373
2016-10-21,26.38654327392578,32.21710968017578,32.27666091918945,31.758567810058594,31.859804153442383,11036248
2016-10-24,26.454824447631836,32.30048370361328,32.377899169921875,32.15160369873047,32.35407638549805,8965923
2016-10-25,26.391422271728516,32.22306442260742,32.336212158203125,32.00868225097656,32.3183479309082,12604483
2016-10-26,26.220712661743164,32.0146369934082,32.16351318359375,31.859804153442383,32.068233489990234,10901070
2016-10-27,26.61090850830078,32.49104690551758,32.866214752197266,32.11587142944336,32.294525146484375,18671884
2016-10-28,26.298744201660156,32.10991668701172,32.71733856201172,32.074188232421875,32.46722412109375,13663406
2016-10-31,26.245094299316406,32.044410705566406,32.24688720703125,31.919355392456055,32.24688720703125,9997475
2016-11-01,26.230466842651367,32.026546478271484,32.17542266845703,31.7347469329834,32.17542266845703,11945888
2016-11-02,26.142675399780273,31.919355392456055,32.00868225097656,31.80620765686035,31.961040496826172,10417955
2016-11-03,25.976844787597656,31.716882705688477,31.99677085876465,31.704971313476562,31.984861373901367,8144107
2016-11-04,25.91343879699707,31.63946533203125,31.78834342956543,31.526317596435547,31.704971313476562,10427694
2016-11-07,26.16705894470215,31.94913101196289,32.121829986572266,31.69306182861328,32.00272750854492,12606330
2016-11-08,26.05976104736328,31.818117141723633,31.99677085876465,31.728792190551758,31.943174362182617,13732087
2016-11-09,26.274364471435547,32.080142974853516,32.18733596801758,30.728334426879883,31.002269744873047,18761890
2016-11-10,26.41092300415039,32.24688720703125,32.35407638549805,31.919355392456055,32.044410705566406,18531332
2016-11-11,26.16705894470215,31.94913101196289,32.19924545288086,31.49058723449707,32.0920524597168,20775457
2016-11-14,26.07438850402832,31.835983276367188,32.19924545288086,31.603734970092773,32.0146369934082,13340154
2016-11-15,25.932945251464844,31.663286209106445,31.871713638305664,31.157102584838867,31.824073791503906,14214194
2016-11-16,25.93782615661621,31.669240951538086,31.984861373901367,31.573959350585938,31.657329559326172,7858805
2016-11-17,26.02561378479004,31.77643394470215,31.818117141723633,31.395305633544922,31.75261116027832,7146139
2016-11-18,25.96221160888672,31.699016571044922,31.8478946685791,31.568004608154297,31.675195693969727,10645827
2016-11-21,26.337770462036133,32.15755844116211,32.22901916503906,31.865758895874023,31.88957977294922,12517834
2016-11-22,26.49872398376465,32.35407638549805,32.49104690551758,31.94913101196289,32.10396194458008,18704964
2016-11-23,26.37190818786621,32.19924545288086,32.371944427490234,32.0920524597168,32.2052001953125,8163754
2016-11-25,26.42556381225586,32.26475143432617,32.336212158203125,32.062278747558594,32.18733596801758,4188676
2016-11-28,26.49384117126465,32.348121643066406,32.41958236694336,32.09800720214844,32.23497772216797,11197958
2016-11-29,26.3328857421875,32.15160369873047,32.330257415771484,31.972951889038086,32.18733596801758,9321584
2016-11-30,27.17667579650879,33.18183517456055,33.39622116088867,32.23497772216797,32.324302673339844,30758491
2016-12-01,27.36688804626465,33.414085388183594,33.63442611694336,33.2235221862793,33.35453414916992,18448378
2016-12-02,27.030359268188477,33.0031852722168,33.3664436340332,32.97340774536133,33.34262466430664,12803640
2016-12-05,27.34250831604004,33.38431167602539,33.66419982910156,33.18183517456055,33.193748474121094,19026369
2016-12-06,27.420536041259766,33.479591369628906,33.49150085449219,32.895992279052734,33.28307342529297,16673430
2016-12-07,27.7522029876709,33.88454055786133,33.938133239746094,33.31284713745117,33.38431167602539,13762313
2016-12-08,28.010704040527344,34.20016098022461,34.378814697265625,33.64633560180664,33.93217849731445,13594894
2016-12-09,28.14727020263672,34.36690139770508,34.390724182128906,34.021507263183594,34.22397994995117,11102410
2016-12-12,28.420406341552734,34.70038986206055,34.8790397644043,34.40858840942383,34.48600387573242,17322621
2016-12-13,28.361879348754883,34.62892532348633,34.861175537109375,34.3549919128418,34.640838623046875,12187026
2016-12-14,28.122888565063477,34.337127685546875,34.67656707763672,34.19420623779297,34.52173614501953,16453618
2016-12-15,28.459421157836914,34.74802780151367,34.82544708251953,34.19420623779297,34.19420623779297,9860786
2016-12-16,28.48868751525879,34.78376007080078,35.13511276245117,34.4979133605957,35.09938049316406,16592155
2016-12-19,28.66915512084961,35.00410079956055,35.09938049316406,34.74802780151367,35.09938049316406,9806379
2016-12-20,28.67890167236328,35.01601028442383,35.13511276245117,34.92072677612305,35.0755615234375,8354851
2016-12-21,28.815473556518555,35.1827507019043,35.33163070678711,34.92668151855469,35.09938049316406,8933850
2016-12-22,28.654523849487305,34.98623275756836,35.22443771362305,34.78376007080078,35.14702224731445,9302273
2016-12-23,28.723337173461914,34.79566955566406,34.807579040527344,34.563419342041016,34.646793365478516,5162799
2016-12-27,28.718435287475586,34.78971481323242,35.0755615234375,34.76589584350586,34.813533782958984,3537134
2016-12-28,28.462797164916992,34.48004913330078,34.97432327270508,34.4681396484375,34.890953063964844,5611993
2016-12-29,28.226839065551758,34.19420623779297,34.62297058105469,34.1644287109375,34.53960037231445,5489409
2016-12-30,28.128524780273438,34.075103759765625,34.289485931396484,33.89049530029297,34.2775764465332,8314885
2017-01-03,28.3153133392334,34.301395416259766,34.4979133605957,33.65824508666992,34.06319046020508,11896854
2017-01-04,28.54145622253418,34.57533264160156,34.70038986206055,34.36094665527344,34.4681396484375,8810426
2017-01-05,28.41364288330078,34.42049789428711,34.652748107910156,34.19420623779297,34.593196868896484,6944632
2017-01-06,28.236665725708008,34.20611572265625,34.47409439086914,34.00959777832031,34.42049789428711,8554847
2017-01-09,28.408723831176758,34.41454315185547,35.1827507019043,34.17633819580078,34.18229293823242,18640650
2017-01-10,28.349735260009766,34.343082427978516,34.43836212158203,34.039371490478516,34.36690139770508,9922749
2017-01-11,28.6397647857666,34.69443130493164,34.71825408935547,34.20016098022461,34.48004913330078,10902413
2017-01-12,28.654518127441406,34.71229934692383,34.902862548828125,34.57533264160156,34.70038986206055,10170604
2017-01-13,28.41364288330078,34.42049789428711,34.73611831665039,34.378814697265625,34.70038986206055,9688832
2017-01-17,28.182594299316406,34.14060974121094,34.25375747680664,33.92622375488281,34.25375747680664,8856941
2017-01-18,28.36939239501953,34.36690139770508,34.36690139770508,33.997684478759766,34.26566696166992,6533388
2017-01-19,28.06461524963379,33.997684478759766,34.53960037231445,33.80116653442383,34.4681396484375,6861342
2017-01-20,28.20717430114746,34.17038345336914,34.31926345825195,33.93217849731445,34.075103759765625,11859072
2017-01-23,28.089191436767578,34.027462005615234,34.343082427978516,33.85476303100586,34.17038345336914,8243853
2017-01-24,29.318157196044922,35.516239166259766,35.59365463256836,34.15251922607422,34.289485931396484,15456994
2017-01-25,29.59836196899414,35.85567855834961,35.939048767089844,35.34354019165039,35.385223388671875,14630644
2017-01-26,30.19317626953125,36.57624435424805,36.71321487426758,35.85567855834961,36.0105094909668,17517076
2017-01-27,30.13911247253418,36.510738372802734,36.7608528137207,36.45714569091797,36.570289611816406,8836286
2017-01-30,29.568870544433594,35.8199462890625,36.27849197387695,35.61747360229492,36.23085021972656,9144425
2017-01-31,29.313236236572266,35.51028060913086,35.70084762573242,35.26016616821289,35.63534164428711,9651721
2017-02-01,29.642602920532227,35.90927505493164,35.9330940246582,35.33163070678711,35.49837112426758,9408233
2017-02-02,29.426311492919922,35.64725112915039,36.08197021484375,35.57579040527344,35.89736557006836,7064865
2017-02-03,29.59836196899414,35.85567855834961,35.89736557006836,35.438819885253906,35.7127571105957,7635468
2017-02-06,29.504959106445312,35.742530822753906,35.8199462890625,35.61151885986328,35.74848556518555,6664200
2017-02-07,29.391895294189453,35.60556411743164,35.85567855834961,35.52814865112305,35.677024841308594,5270437
2017-02-08,29.362407684326172,35.5698356628418,35.730621337890625,35.432865142822266,35.64129638671875,7934707
2017-02-09,29.622947692871094,35.88545227050781,35.939048767089844,35.51028060913086,35.64725112915039,6448419
2017-02-10,30.080114364624023,36.43927764892578,36.504783630371094,35.980735778808594,36.05219650268555,8004059
2017-02-13,30.262012481689453,36.65961837768555,36.832313537597656,36.44523239135742,36.45714569091797,6739597
2017-02-14,30.340654373168945,36.75489807128906,36.766807556152344,36.10579299926758,36.35590744018555,7587777
2017-02-15,30.035869598388672,36.38568115234375,36.647708892822266,36.36186218261719,36.611976623535156,13098513
2017-02-16,30.188264846801758,36.570289611816406,36.588157653808594,36.20703125,36.21894073486328,7743106
2017-02-17,30.114532470703125,36.48096466064453,36.516693115234375,36.028377532958984,36.44523239135742,6822887
2017-02-21,30.094858169555664,36.45714569091797,36.83827209472656,36.349952697753906,36.46310043334961,8399014
2017-02-22,31.29925537109375,37.91614532470703,38.32704544067383,36.37377166748047,36.43927764892578,31541181
2017-02-23,31.151763916015625,37.737491607666016,38.041202545166016,37.53501892089844,37.8923225402832,10488986
2017-02-24,31.240245819091797,37.84468460083008,37.86850357055664,37.40996170043945,37.49333190917969,8847033
2017-02-27,30.925636291503906,37.46355438232422,37.88041305541992,37.34445571899414,37.636253356933594,12192399
2017-02-28,30.606111526489258,37.076473236083984,37.4456901550293,36.903778076171875,37.27894973754883,12255370
2017-03-01,31.19601058959961,37.79108810424805,37.898277282714844,37.35041046142578,37.439735412597656,14897642
2017-03-02,31.141939163208008,37.725582122802734,37.91614532470703,37.65412139892578,37.76726531982422,9498240
2017-03-03,31.097688674926758,37.6719856262207,37.88041305541992,37.54692840576172,37.785133361816406,5997041
2017-03-06,31.2205867767334,37.82086181640625,38.09479522705078,37.433780670166016,37.642208099365234,12256042
2017-03-07,31.04361915588379,37.60647964477539,37.81490707397461,37.58266067504883,37.70771789550781,12814555
2017-03-08,31.107534408569336,37.683895111083984,38.14243698120117,37.51715087890625,37.64816665649414,11629857
2017-03-09,31.23533821105957,37.83872985839844,37.92805480957031,37.40400314331055,37.677940368652344,10025518
2017-03-10,31.38282585144043,38.01737976074219,38.14243698120117,37.773223876953125,38.01142501831055,9234264
2017-03-13,31.515548706054688,38.17816925048828,38.255584716796875,37.9756965637207,38.041202545166016,7368470
2017-03-14,31.304155349731445,37.92210006713867,38.18412399291992,37.79108810424805,38.10670852661133,5923826
2017-03-15,31.67776870727539,38.37468719482422,38.41041946411133,37.9756965637207,38.06502151489258,7437486
2017-03-16,31.39264488220215,38.02928924560547,38.39850616455078,37.91019058227539,38.3568229675293,8066023
2017-03-17,31.476215362548828,38.13052749633789,38.338958740234375,38.005470275878906,38.201988220214844,18374324
2017-03-20,31.707265853881836,38.41041946411133,38.505699157714844,37.945919036865234,38.0828857421875,11043637
2017-03-21,31.009206771850586,37.56479263305664,38.547386169433594,37.46355438232422,38.43423843383789,16657477
2017-03-22,30.866655349731445,37.392093658447266,37.475467681884766,36.903778076171875,37.433780670166016,15558923
2017-03-23,31.37790298461914,38.01142501831055,38.07097625732422,37.219398498535156,37.30872344970703,12840919
2017-03-24,31.009206771850586,37.56479263305664,38.267494201660156,37.40400314331055,37.91614532470703,9965570
2017-03-27,31.471302032470703,38.12457275390625,38.505699157714844,37.112205505371094,37.29085922241211,13956264
2017-03-28,31.95306396484375,38.70817184448242,38.95828628540039,37.82681655883789,38.035247802734375,14265411
2017-03-29,31.893653869628906,38.36277770996094,38.523563385009766,38.14839172363281,38.2794075012207,6495773
2017-03-30,31.774826049804688,38.21985626220703,38.45210266113281,38.10670852661133,38.338958740234375,7775516
2017-03-31,31.457963943481445,37.83872985839844,38.14839172363281,37.82681655883789,38.09479522705078,11146909
2017-04-03,31.22032928466797,37.55288314819336,37.981651306152344,37.10029602050781,37.85659408569336,9407057
2017-04-04,31.289634704589844,37.636253356933594,37.66603088378906,37.26703643798828,37.55288314819336,8541581
2017-04-05,31.448062896728516,37.82681655883789,38.36873245239258,37.731536865234375,37.80299758911133,10600487
2017-04-06,31.49262237548828,37.88041305541992,38.11266326904297,37.731536865234375,37.81490707397461,6403583
2017-04-07,31.284683227539062,37.63029861450195,37.85659408569336,37.57670211791992,37.773223876953125,4539971
2017-04-10,31.324296951293945,37.677940368652344,37.779178619384766,37.53501892089844,37.61243438720703,6689220
2017-04-11,30.938135147094727,37.213443756103516,37.59457015991211,37.136024475097656,37.54692840576172,8233610
2017-04-12,30.655921936035156,36.874000549316406,37.36231994628906,36.79658508300781,37.36231994628906,8293391
2017-04-13,30.230140686035156,36.36186218261719,36.74894332885742,36.343997955322266,36.74298858642578,9365748
2017-04-17,30.561866760253906,36.7608528137207,36.77872085571289,36.248714447021484,36.41545867919922,8108843
2017-04-18,30.438087463378906,36.611976623535156,36.850181579589844,36.3975944519043,36.68343734741211,7437654
2017-04-19,30.472742080688477,36.653663635253906,36.87995529174805,36.516693115234375,36.79063034057617,7915396
2017-04-20,30.665821075439453,36.88591003417969,37.219398498535156,36.6179313659668,36.832313537597656,8543260
2017-04-21,30.774744033813477,37.01692581176758,37.112205505371094,36.74298858642578,36.862091064453125,9800333
2017-04-24,31.101511001586914,37.40996170043945,37.63029861450195,37.28490447998047,37.29681396484375,8284827
2017-04-25,32.086734771728516,38.59502410888672,38.65457534790039,37.999515533447266,38.10075378417969,12992889
2017-04-26,31.849088668823242,38.309181213378906,38.63671112060547,38.213897705078125,38.41637420654297,7891550
2017-04-27,31.284683227539062,37.63029861450195,38.23772048950195,37.52310562133789,38.13052749633789,11703575
2017-04-28,31.09160804748535,37.398048400878906,37.86850357055664,37.153892517089844,37.61838912963867,7980550
2017-05-01,30.952972412109375,37.23130798339844,37.62434387207031,37.2253532409668,37.61243438720703,7976184
2017-05-02,30.952972412109375,37.23130798339844,37.51715087890625,37.10625076293945,37.415916442871094,9682619
2017-05-03,30.551956176757812,36.74894332885742,37.18962097167969,36.45714569091797,37.0645637512207,14457683
2017-05-04,30.408374786376953,36.57624435424805,36.891868591308594,36.46310043334961,36.856136322021484,13040579
2017-05-05,31.23517417907715,37.57074737548828,37.64816665649414,36.62984085083008,36.7310791015625,17113220
2017-05-08,30.878713607788086,37.1419792175293,37.481422424316406,37.02883529663086,37.421871185302734,8355354
2017-05-09,30.611364364624023,36.820404052734375,37.3682746887207,36.766807556152344,37.130069732666016,6584604
2017-05-10,30.551956176757812,36.74894332885742,36.99310302734375,36.588157653808594,36.909732818603516,7246557
2017-05-11,30.626224517822266,36.83827209472656,36.96332931518555,36.087928771972656,36.814449310302734,11769233
2017-05-12,30.715335845947266,36.94546127319336,36.96928405761719,36.69534683227539,36.79658508300781,5133412
2017-05-15,30.893583297729492,37.159847259521484,37.49333190917969,37.0645637512207,37.124114990234375,5784786
2017-05-16,30.844058990478516,37.10029602050781,37.35636520385742,37.02288055419922,37.23726272583008,6100650
2017-05-17,29.80437469482422,35.84972381591797,37.10029602050781,35.80803680419922,37.10029602050781,12334966
2017-05-18,29.992504119873047,36.07601547241211,36.242759704589844,35.30780792236328,35.62938690185547,8549977
2017-05-19,30.344017028808594,36.49882888793945,36.87995529174805,36.08197021484375,36.10579299926758,13392546
2017-05-22,30.19053840637207,36.3142204284668,36.862091064453125,36.296356201171875,36.808494567871094,8593134
2017-05-23,30.091520309448242,36.19511795043945,36.588157653808594,36.17129898071289,36.4273681640625,8922263
2017-05-24,30.423240661621094,36.594112396240234,36.862091064453125,36.290401458740234,36.308265686035156,9192619
2017-05-25,30.027164459228516,36.11770248413086,36.850181579589844,35.96287155151367,36.75489807128906,7570145
2017-05-26,30.230140686035156,36.36186218261719,36.42141342163086,35.992645263671875,36.004554748535156,5245081
2017-05-30,30.14598846435547,36.26062774658203,36.38568115234375,36.0938835144043,36.18320846557617,6660338
2017-05-31,30.675722122192383,36.897823333740234,36.909732818603516,36.06410598754883,36.32017517089844,18483306
2017-06-01,31.07179832458496,37.374229431152344,37.433780670166016,36.850181579589844,36.897823333740234,9823339
2017-06-02,31.215375900268555,37.54692840576172,37.773223876953125,37.398048400878906,37.49928665161133,7810444
2017-06-05,31.294591903686523,37.642208099365234,37.719627380371094,37.427825927734375,37.51715087890625,9314028
2017-06-06,31.552032470703125,37.951873779296875,38.14839172363281,37.433780670166016,37.51715087890625,10530463
2017-06-07,31.675806045532227,38.10075378417969,38.17221450805664,37.66007614135742,38.07693099975586,10745741
2017-06-08,31.670856475830078,38.09479522705078,38.249629974365234,37.862548828125,38.10075378417969,9131327
2017-06-09,32.05207443237305,38.553340911865234,38.64862060546875,38.10670852661133,38.15434646606445,14040226
2017-06-12,31.690654754638672,38.11861801147461,38.553340911865234,37.951873779296875,38.553340911865234,9201351
2017-06-13,32.309513092041016,38.863006591796875,38.89278030395508,38.08884048461914,38.08884048461914,9124946
2017-06-14,31.948104858398438,38.42828369140625,38.95828628540039,38.23176574707031,38.910648345947266,8827386
2017-06-15,31.73521614074707,38.17221450805664,38.41041946411133,37.62434387207031,38.166259765625,12223801
2017-06-16,31.878795623779297,38.344913482666016,38.559295654296875,38.01737976074219,38.4997444152832,15869749
2017-06-19,32.28972244262695,38.83918380737305,38.98806381225586,38.505699157714844,38.505699157714844,7324642
2017-06-20,32.23030090332031,38.767723083496094,38.93446731567383,38.559295654296875,38.8034553527832,12337653
2017-06-21,31.527280807495117,37.92210006713867,38.821319580078125,37.83277130126953,38.767723083496094,10052722
2017-06-22,31.601539611816406,38.01142501831055,38.19007873535156,37.85659408569336,37.945919036865234,8035629
2017-06-23,31.423311233520508,37.79704284667969,38.11266326904297,37.689849853515625,38.01737976074219,12056549
2017-06-26,31.472820281982422,37.85659408569336,38.08884048461914,37.695804595947266,37.83872985839844,7705659
2017-06-27,31.23517417907715,37.57074737548828,37.957828521728516,37.51119613647461,37.91019058227539,8843339
2017-06-28,31.54439353942871,37.66603088378906,37.85063934326172,37.55288314819336,37.76726531982422,8590615
2017-06-29,31.275075912475586,37.34445571899414,38.07097625732422,37.219398498535156,37.683895111083984,7448905
2017-06-30,31.45462417602539,37.558837890625,37.779178619384766,37.27894973754883,37.4456901550293,11264456
2017-07-03,31.888517379760742,38.07693099975586,38.255584716796875,37.701759338378906,37.76726531982422,5061373
2017-07-05,31.629173278808594,37.76726531982422,38.17221450805664,37.54097366333008,38.11266326904297,6468401
2017-07-06,31.69899559020996,37.85063934326172,38.0828857421875,37.421871185302734,37.683895111083984,5656493
2017-07-07,31.86357307434082,38.047157287597656,38.10075378417969,37.6719856262207,37.88041305541992,5533909
2017-07-10,32.177772521972656,38.42232894897461,38.612892150878906,37.83872985839844,38.047157287597656,6038350
2017-07-11,32.19272994995117,38.44019317626953,38.47592544555664,38.06502151489258,38.45805740356445,5537939
2017-07-12,33.055519104003906,39.47042465209961,39.55379867553711,38.54143142700195,38.65457534790039,11477382
2017-07-13,32.72137451171875,39.071434020996094,39.58952713012695,38.97615432739258,39.46446990966797,8142092
2017-07-14,33.03558349609375,39.44660568237305,39.55379867553711,39.0237922668457,39.14884948730469,5275643
2017-07-17,32.975738525390625,39.375144958496094,39.57761764526367,39.22626876831055,39.45256042480469,4900503
2017-07-18,32.791194915771484,39.15480422973633,39.387054443359375,39.05952453613281,39.29177474975586,4090945
2017-07-19,33.299896240234375,39.76222610473633,39.77413558959961,39.21435546875,39.26199722290039,5331226
2017-07-20,33.110382080078125,39.53593063354492,39.83368682861328,39.45851516723633,39.76222610473633,7300965
2017-07-21,32.985713958740234,39.387054443359375,39.62525939941406,39.339412689208984,39.482337951660156,5155242
2017-07-24,33.025604248046875,39.434696197509766,39.67290115356445,39.22626876831055,39.351322174072266,5921476
2017-07-25,33.33980178833008,39.80986785888672,40.19694900512695,39.678855895996094,39.946834564208984,8546955
2017-07-26,33.1253547668457,39.55379867553711,39.786048889160156,39.29177474975586,39.738407135009766,8238648
2017-07-27,33.19565200805664,39.36323547363281,40.0421142578125,39.1071662902832,39.738407135009766,9769268
2017-07-28,32.98473358154297,39.113121032714844,39.83964157104492,38.83918380737305,39.684810638427734,6450434
2017-07-31,32.261558532714844,38.255584716796875,39.32154846191406,38.23772048950195,39.28581619262695,11883253
2017-08-01,32.487545013427734,38.523563385009766,38.58906936645508,38.16030502319336,38.3865966796875,8732342
2017-08-02,32.291690826416016,38.291316986083984,38.41637420654297,38.05906677246094,38.309181213378906,5814173
2017-08-03,31.85476303100586,37.773223876953125,38.42828369140625,37.66007614135742,38.297271728515625,10386217
2017-08-04,32.19628143310547,38.17816925048828,38.207942962646484,37.82681655883789,37.84468460083008,6742956
2017-08-07,32.08076858520508,38.041202545166016,38.23772048950195,37.88041305541992,38.201988220214844,6530365
2017-08-08,31.84471893310547,37.76131057739258,38.11861801147461,37.61243438720703,37.993560791015625,7051767
2017-08-09,31.889921188354492,37.81490707397461,37.91019058227539,37.60647964477539,37.677940368652344,5431308
2017-08-10,31.694072723388672,37.58266067504883,37.75535583496094,37.23130798339844,37.6719856262207,8821677
2017-08-11,31.769397735595703,37.6719856262207,37.79108810424805,37.53501892089844,37.54097366333008,8379871
2017-08-14,31.84471893310547,37.76131057739258,38.0531120300293,37.66007614135742,37.83277130126953,5321318
2017-08-15,31.975290298461914,37.91614532470703,37.951873779296875,37.636253356933594,37.88636779785156,6250773
2017-08-16,32.110904693603516,38.07693099975586,38.12457275390625,37.85659408569336,37.987606048583984,8654258
2017-08-17,31.72922134399414,37.62434387207031,38.0828857421875,37.61243438720703,37.87445831298828,10055073
2017-08-18,31.839702606201172,37.75535583496094,37.86850357055664,37.415916442871094,37.469512939453125,9121588
2017-08-21,32.07070541381836,38.02928924560547,38.10075378417969,37.61838912963867,37.81490707397461,8684652
2017-08-22,32.53274917602539,38.5771598815918,38.67839813232422,38.13052749633789,38.18412399291992,9786060
2017-08-23,32.432308197021484,38.45805740356445,38.815364837646484,38.41041946411133,38.41041946411133,8084494
2017-08-24,32.31681442260742,38.32109069824219,38.600982666015625,38.297271728515625,38.464012145996094,4958604
2017-08-25,32.4122314453125,38.43423843383789,38.553340911865234,38.27345275878906,38.464012145996094,4494464
2017-08-28,32.47751235961914,38.511653900146484,38.600982666015625,38.2794075012207,38.54143142700195,7402222
2017-08-29,32.25151443481445,38.243675231933594,38.36277770996094,38.13648223876953,38.32704544067383,5319975
2017-08-30,32.593017578125,38.64862060546875,38.69626235961914,37.963783264160156,38.02333450317383,7255961
2017-08-31,33.47187042236328,39.690765380859375,39.690765380859375,38.73199462890625,38.74390411376953,73553885
2017-09-01,33.738037109375,40.006385803222656,40.07784652709961,39.10121154785156,39.696720123291016,12327409
2017-09-05,32.6331901550293,38.69626235961914,40.000431060791016,38.69626235961914,39.911102294921875,17689029
2017-09-06,32.57795715332031,38.63075637817383,38.904693603515625,38.11861801147461,38.827274322509766,17373166
2017-09-07,32.482521057128906,38.517608642578125,38.67839813232422,38.243675231933594,38.469970703125,10717698
2017-09-08,32.56790542602539,38.61884689331055,38.827274322509766,38.49378967285156,38.64862060546875,13601779
2017-09-11,33.57231140136719,39.80986785888672,39.994476318359375,38.827274322509766,38.857051849365234,19423676
2017-09-12,34.41099166870117,40.80437088012695,41.23909378051758,40.37560272216797,40.613807678222656,24568842
2017-09-13,34.90314865112305,41.387969970703125,41.4475212097168,40.66740036010742,41.030662536621094,15488564
2017-09-14,35.164302825927734,41.697635650634766,41.8643798828125,41.22122573852539,41.4475212097168,20595444
2017-09-15,35.08393859863281,41.602352142333984,42.10258102416992,41.387969970703125,41.84055709838867,54377056
2017-09-18,35.03874588012695,41.54875564575195,41.906063079833984,41.45943069458008,41.685726165771484,12078883
2017-09-19,35.179359436035156,41.71549987792969,41.7512321472168,41.47134017944336,41.697635650634766,11273188
2017-09-20,35.36015319824219,41.92988586425781,41.98347854614258,41.48324966430664,41.85246658325195,11439600
2017-09-21,35.31494903564453,41.87628936767578,41.98347854614258,41.745277404785156,41.92988586425781,7472750
2017-09-22,35.13416290283203,41.661903381347656,41.82269287109375,41.49516296386719,41.76909637451172,6849251
2017-09-25,35.32499694824219,41.88819885253906,41.912017822265625,41.21527099609375,41.72740936279297,10779326
2017-09-26,34.827816009521484,41.298641204833984,41.9715690612793,41.2867317199707,41.84055709838867,8806396
2017-09-27,34.55160903930664,40.97111129760742,41.399879455566406,40.65549087524414,41.399879455566406,11828510
2017-09-28,34.68217468261719,41.125946044921875,41.131900787353516,40.35773849487305,40.75672912597656,13241919
2017-09-29,34.767555236816406,41.22718048095703,41.334373474121094,40.834144592285156,41.090213775634766,9649874
2017-10-02,35.36518478393555,41.93584060668945,41.93584060668945,41.179542541503906,41.32841873168945,10150285
2017-10-03,35.33504104614258,41.900108337402344,42.05493927001953,41.62617492675781,41.92988586425781,11412564
2017-10-04,35.3802375793457,41.953704833984375,42.227638244628906,41.947750091552734,42.03112030029297,10074048
2017-10-05,35.64138412475586,42.263370513916016,42.28123474121094,41.82864761352539,42.174041748046875,9204878
2017-10-06,35.76693344116211,42.41224670410156,42.4182014465332,42.05493927001953,42.162132263183594,7132202
2017-10-09,35.99795150756836,42.686180114746094,42.80528259277344,42.28123474121094,42.40033721923828,8864329
2017-10-10,35.942710876464844,42.62067413330078,42.727867126464844,42.37651824951172,42.61471939086914,8109011
2017-10-11,35.96781921386719,42.65045166015625,42.65640640258789,42.23359298706055,42.5789909362793,8549138
2017-10-12,35.85733413696289,42.519439697265625,42.65640640258789,42.40629196166992,42.5789909362793,7497267
2017-10-13,35.87239456176758,42.53730392456055,42.69809341430664,42.37056350708008,42.59685516357422,8624871
2017-10-16,35.62129592895508,42.23954772949219,42.76359939575195,42.168087005615234,42.75764465332031,7282829
2017-10-17,35.59619140625,42.209774017333984,42.245506286621094,42.001346588134766,42.162132263183594,9414950
2017-10-18,35.54597854614258,42.15022277832031,42.263370513916016,42.01921081542969,42.1978645324707,7985084
2017-10-19,35.601219177246094,42.215728759765625,42.32887649536133,41.858421325683594,42.07280731201172,10086139
2017-10-20,35.746849060058594,42.388427734375,42.513484954833984,42.28123474121094,42.40033721923828,12383160
2017-10-23,35.93266296386719,42.6087646484375,42.98393630981445,42.519439697265625,42.84696960449219,18816297
2017-10-24,36.08834457397461,42.793373107910156,42.94820785522461,42.64449691772461,42.781463623046875,17404903
2017-10-25,35.701663970947266,42.33483123779297,42.93629837036133,42.23954772949219,42.793373107910156,12823623
2017-10-26,36.68595886230469,43.50202941894531,43.97843933105469,42.89461135864258,43.073265075683594,28290020
2017-10-27,36.42985153198242,43.19832229614258,43.53180694580078,43.01371383666992,43.47225570678711,14420068
2017-10-30,35.99795150756836,42.686180114746094,43.24000549316406,42.59090042114258,43.06731033325195,9841642
2017-10-31,36.31433868408203,43.06135559082031,43.15663528442383,42.63854217529297,42.823150634765625,10088154
2017-11-01,36.82156753540039,43.662818908691406,43.81765365600586,43.06731033325195,43.53776168823242,13380960
2017-11-02,36.17875671386719,42.90056610107422,43.59135818481445,42.61471939086914,42.88865661621094,17320102
2017-11-03,35.736820220947266,42.37651824951172,43.037532806396484,42.1978645324707,42.93034362792969,14473468
2017-11-06,35.2747917175293,41.82864761352539,42.71595764160156,41.76314163208008,42.519439697265625,15568159
2017-11-07,35.72677230834961,42.36460876464844,42.37056350708008,41.87628936767578,42.215728759765625,11282759
2017-11-08,35.56103515625,42.168087005615234,42.5789909362793,42.10853576660156,42.465843200683594,10228873
2017-11-09,35.26976013183594,41.82269287109375,42.007301330566406,41.691680908203125,41.98347854614258,7631269
2017-11-10,35.13918685913086,41.6678581237793,41.97752380371094,41.53089141845703,41.82269287109375,11968054
2017-11-13,35.385276794433594,41.959659576416016,42.07280731201172,41.27482223510742,41.352237701416016,10889147
2017-11-14,34.62282943725586,40.834144592285156,41.644039154052734,40.69122314453125,41.56662368774414,13657193
2017-11-15,34.824798583984375,41.072349548339844,41.173587799072266,40.49470520019531,40.62571716308594,25022403
2017-11-16,35.68821716308594,42.09067153930664,42.14426803588867,41.131900787353516,41.30459976196289,16113574
2017-11-17,35.71852111816406,42.12640380859375,42.40629196166992,41.98347854614258,42.07280731201172,14750541
2017-11-20,35.774070739746094,42.19190979003906,42.44202423095703,42.007301330566406,42.07876205444336,9404035
2017-11-21,35.981082916259766,42.43606948852539,42.745731353759766,42.34078598022461,42.519439697265625,13588177
2017-11-22,35.647830963134766,42.04302978515625,42.507530212402344,42.04302978515625,42.489662170410156,10753801
2017-11-24,35.93058776855469,42.37651824951172,42.513484954833984,42.001346588134766,42.04302978515625,4426791
2017-11-27,35.4105110168457,41.76314163208008,42.311012268066406,41.697635650634766,42.299102783203125,11528599
2017-11-28,35.89524841308594,42.33483123779297,42.40033721923828,41.76314163208008,41.8643798828125,14334931
2017-11-29,36.2436408996582,42.745731353759766,42.835060119628906,42.203819274902344,42.38247299194336,10810391
2017-11-30,36.33452224731445,42.85292434692383,43.37101745605469,42.54325866699219,42.769554138183594,15024928
2017-12-01,35.85484313964844,42.28718948364258,43.24000549316406,42.084716796875,43.06731033325195,12821775
2017-12-04,36.42036056518555,42.95416259765625,43.46630096435547,42.5789909362793,42.71000289916992,14388835
2017-12-05,36.12245559692383,42.60280990600586,43.59135818481445,42.5789909362793,43.4365234375,14531905
2017-12-06,35.89018630981445,42.32887649536133,42.751686096191406,42.251461029052734,42.67427062988281,9603024
2017-12-07,36.03662109375,42.5015754699707,42.5789909362793,42.19190979003906,42.53730392456055,10410398
2017-12-08,35.713462829589844,42.120445251464844,42.59090042114258,41.87628936767578,42.299102783203125,14365661
2017-12-11,35.75386428833008,42.168087005615234,42.525394439697266,42.09067153930664,42.44202423095703,11145734
2017-12-12,35.74375915527344,42.15617752075195,42.37056350708008,42.084716796875,42.1144905090332,15502165
2017-12-13,35.627628326416016,42.01921081542969,42.311012268066406,41.93584060668945,42.09067153930664,16302823
2017-12-14,35.50644302368164,41.87628936767578,42.23954772949219,41.72740936279297,42.07280731201172,11826998
2017-12-15,35.34486389160156,41.685726165771484,41.947750091552734,41.602352142333984,41.72740936279297,27485164
2017-12-18,36.046722412109375,42.513484954833984,42.692138671875,41.82864761352539,41.959659576416016,11925737
2017-12-19,36.061859130859375,42.531349182128906,42.727867126464844,42.41224670410156,42.519439697265625,8676423
2017-12-20,35.98613357543945,42.44202423095703,42.9124755859375,42.424156188964844,42.66831588745117,9802852
2017-12-21,36.17293930053711,42.66236114501953,42.75764465332031,42.28718948364258,42.65640640258789,12174935
2017-12-22,36.41027069091797,42.94225311279297,43.085174560546875,42.733821868896484,42.787418365478516,7352349
2017-12-26,36.07197189331055,42.54325866699219,42.97798156738281,42.465843200683594,42.94225311279297,5425598
2017-12-27,36.07197189331055,42.54325866699219,42.727867126464844,42.45393371582031,42.66831588745117,7152856
2017-12-28,36.1072998046875,42.58494567871094,42.65640640258789,42.215728759765625,42.507530212402344,7293408
2017-12-29,35.96086502075195,42.41224670410156,42.787418365478516,42.41224670410156,42.76359939575195,7968963
2018-01-02,36.304229736328125,42.817195892333984,42.98989486694336,42.519439697265625,42.62067413330078,12477701
2018-01-03,36.88489532470703,43.50202941894531,43.555625915527344,42.692138671875,42.8827018737793,13242087
2018-01-04,37.591796875,44.33574676513672,44.508445739746094,43.555625915527344,43.57349395751953,16316425
2018-01-05,38.08156967163086,44.91339111328125,44.9848518371582,44.35956573486328,44.36552047729492,15348516
2018-01-08,37.95029067993164,44.7585563659668,44.955078125,44.34765625,44.86574935913086,9777160
2018-01-09,38.04117965698242,44.86574935913086,45.46126174926758,44.4608039855957,44.62754440307617,12717495
2018-01-10,37.46556091308594,44.186866760253906,44.88361358642578,44.008216857910156,44.66327667236328,11980648
2018-01-11,37.980594635009766,44.794288635253906,44.80024337768555,44.19282150268555,44.30596923828125,10003017
2018-01-12,38.07652282714844,44.90743637084961,45.038448333740234,44.65732192993164,45.00271987915039,8367109
2018-01-16,37.84425735473633,44.63349914550781,45.46721649169922,44.270240783691406,45.11586380004883,12153441
2018-01-17,38.25830078125,45.12181854248047,45.46721649169922,44.71687316894531,45.24092102050781,13044609
2018-01-18,38.389583587646484,45.27665328979492,45.645870208740234,44.734737396240234,45.00271987915039,17162254
2018-01-19,38.37948226928711,45.26474380493164,45.55058670043945,45.11586380004883,45.55058670043945,13734438
2018-01-22,38.46531677246094,45.3659782409668,45.3659782409668,44.835975646972656,45.133731842041016,10200494
2018-01-23,38.445125579833984,45.342159271240234,45.4791259765625,45.02653884887695,45.1754150390625,9510498
2018-01-24,38.37948226928711,45.26474380493164,45.901939392089844,45.02653884887695,45.42552947998047,15539108
2018-01-25,38.702632904052734,45.645870208740234,45.83643341064453,45.38384246826172,45.45530319213867,11183853
2018-01-26,38.88945007324219,45.866207122802734,45.866207122802734,44.81810760498047,45.598228454589844,10412917
2018-01-29,38.30879211425781,45.18136978149414,45.89002990722656,45.15755081176758,45.866207122802734,9879257
2018-01-30,37.93513870239258,44.740692138671875,45.24687576293945,44.61563491821289,44.955078125,12655699
2018-01-31,38.16236114501953,45.00867462158203,45.2885627746582,44.5382194519043,44.88957214355469,17078125
2018-02-01,37.11211395263672,43.77001190185547,45.258785247802734,43.72832489013672,44.472713470458984,22263929
2018-02-02,35.79425811767578,42.215728759765625,43.644954681396484,42.06685256958008,43.50798797607422,21485101
2018-02-05,34.254215240478516,40.39942169189453,42.7993278503418,39.91706085205078,41.79887390136719,32088107
2018-02-06,36.2991828918457,42.81123733520508,42.84696960449219,39.41682815551758,39.678855895996094,38877410
2018-02-07,35.647830963134766,42.04302978515625,42.96011734008789,41.995391845703125,42.257415771484375,18832754
2018-02-08,34.4410514831543,40.6197624206543,42.567081451416016,40.566165924072266,42.084716796875,21963178
2018-02-09,35.08230972290039,41.376060485839844,41.81673812866211,40.0421142578125,41.00684356689453,22060909
2018-02-12,36.2739372253418,42.781463623046875,42.90652084350586,41.78696060180664,41.80482864379883,17199533
2018-02-13,35.72356414794922,42.13235855102539,42.727867126464844,42.04302978515625,42.483707427978516,11115004
2018-02-14,36.01642608642578,42.477752685546875,42.5789909362793,41.62617492675781,41.679771423339844,12566364
2018-02-15,36.278987884521484,42.787418365478516,43.0256233215332,42.209774017333984,42.9124755859375,10756992
2018-02-16,36.3294792175293,42.84696960449219,43.4365234375,42.58494567871094,42.67427062988281,11652358
2018-02-20,36.16284942626953,42.65045166015625,43.079219818115234,42.477752685546875,42.63854217529297,11323061
2018-02-21,35.8296012878418,42.257415771484375,43.26382827758789,42.23359298706055,42.5789909362793,12256378
2018-02-22,36.31937789916992,42.835060119628906,43.27573776245117,42.40033721923828,42.477752685546875,10925923
2018-02-23,36.990928649902344,43.62709045410156,43.692596435546875,42.69809341430664,43.15068054199219,10111495
2018-02-26,37.394866943359375,44.10349655151367,44.13922882080078,43.50202941894531,43.72237014770508,11161855
2018-02-27,36.72492980957031,43.091129302978516,43.960575103759766,43.091129302978516,43.6330451965332,11296697
2018-02-28,35.67942810058594,41.8643798828125,43.44843673706055,41.83460235595703,43.17449951171875,13692457
2018-03-01,34.89781951904297,40.94729232788086,41.97752380371094,40.70908737182617,41.76909637451172,18409420
2018-03-02,34.73033905029297,40.75077438354492,40.97111129760742,40.286277770996094,40.65549087524414,15933392
2018-03-05,35.35459518432617,41.48324966430664,41.679771423339844,40.214813232421875,40.48279571533203,15581425
2018-03-06,35.928104400634766,42.15617752075195,42.69809341430664,41.477294921875,41.7512321472168,11213071
2018-03-07,35.61344528198242,41.78696060180664,41.98347854614258,41.340328216552734,41.48324966430664,13010857
2018-03-08,35.82152557373047,42.03112030029297,42.162132263183594,41.50707244873047,41.98347854614258,9637448
2018-03-09,36.65895462036133,43.01371383666992,43.037532806396484,42.04898452758789,42.19190979003906,8845690
2018-03-12,36.2072639465332,42.483707427978516,43.609222412109375,42.388427734375,43.01966857910156,11747235
2018-03-13,35.81645965576172,42.02516555786133,43.132816314697266,42.01325607299805,42.9124755859375,19368933
2018-03-14,35.014564514160156,41.084259033203125,42.23359298706055,41.00684356689453,42.23359298706055,14095305
2018-03-15,34.45119857788086,40.42324447631836,41.2569580078125,40.41728973388672,41.1438102722168,15167662
2018-03-16,34.49179458618164,40.470882415771484,40.89369583129883,40.12548828125,40.226722717285156,29743731
2018-03-19,33.7812614440918,39.637168884277344,40.41133117675781,39.19649124145508,40.35773849487305,21603487
2018-03-20,33.69497299194336,39.53593063354492,40.006385803222656,39.36323547363281,39.82177734375,17448731
2018-03-21,34.222816467285156,40.1552619934082,40.828189849853516,39.398963928222656,39.53593063354492,13742666
2018-03-22,33.30418014526367,39.077388763427734,40.202903747558594,39.00592803955078,39.7920036315918,14985466
2018-03-23,32.004886627197266,37.55288314819336,39.21435546875,37.49333190917969,39.10121154785156,22349905
2018-03-26,32.7255859375,38.39850616455078,38.44019317626953,37.177711486816406,37.957828521728516,17401377
2018-03-27,32.29926300048828,37.898277282714844,39.00592803955078,37.60052490234375,38.53547668457031,19240304
2018-03-28,31.675012588500977,37.165802001953125,38.3865966796875,37.118160247802734,38.047157287597656,18603875
2018-03-29,32.33478546142578,37.939964294433594,38.13052749633789,37.10625076293945,37.29085922241211,20208717
2018-04-02,31.487215042114258,36.94546127319336,38.18412399291992,36.48691940307617,37.85659408569336,19644327
2018-04-03,32.13685607910156,37.70771789550781,37.987606048583984,36.600067138671875,37.08243179321289,19811410
2018-04-04,32.32462692260742,37.92805480957031,37.981651306152344,36.516693115234375,36.92759704589844,17876935
2018-04-05,33.21281814575195,38.97019958496094,39.071434020996094,38.07693099975586,38.11861801147461,17394324
2018-04-06,32.33478546142578,37.939964294433594,38.70221710205078,37.636253356933594,38.600982666015625,19017302
2018-04-09,32.32462692260742,37.92805480957031,38.39255142211914,37.79704284667969,38.11861801147461,21225659
2018-04-10,33.44121170043945,39.23817825317383,39.58952713012695,38.61884689331055,38.61884689331055,15281178
2018-04-11,32.852481842041016,38.547386169433594,38.863006591796875,38.3865966796875,38.785587310791016,11540186
2018-04-12,33.735572814941406,39.58357238769531,39.80986785888672,38.767723083496094,38.821319580078125,13508581
2018-04-13,33.583316802978516,39.4049186706543,40.10762023925781,39.23222351074219,39.899192810058594,10215775
2018-04-16,34.009639739990234,39.905147552490234,40.05998229980469,39.351322174072266,39.71458435058594,9248370
2018-04-17,34.28371047973633,40.226722717285156,40.42324447631836,39.92301559448242,40.13144302368164,18388093
2018-04-18,34.54255294799805,40.530433654785156,40.70908737182617,40.13144302368164,40.304141998291016,11168572
2018-04-19,33.76602554321289,39.61930465698242,40.39346694946289,39.422786712646484,40.351783752441406,17034464
2018-04-20,33.517330169677734,39.3275032043457,39.87537384033203,39.071434020996094,39.637168884277344,14649283
2018-04-23,33.29402160644531,39.06547927856445,39.339412689208984,39.01188278198242,39.22626876831055,8889686
2018-04-24,32.065799713134766,37.62434387207031,39.41087341308594,37.124114990234375,39.30963897705078,20887462
2018-04-25,32.29926300048828,37.898277282714844,37.963783264160156,37.18366622924805,37.719627380371094,13443259
2018-04-26,32.50227355957031,38.13648223876953,38.4997444152832,37.862548828125,37.993560791015625,22517660
2018-04-27,32.64438247680664,38.303226470947266,38.6903076171875,37.91019058227539,38.0828857421875,11742533
2018-04-30,32.096248626708984,37.66007614135742,38.64862060546875,37.66007614135742,38.547386169433594,12375603
2018-05-01,32.004886627197266,37.55288314819336,37.737491607666016,36.903778076171875,37.642208099365234,12031865
2018-05-02,32.22313690185547,37.80895233154297,38.07097625732422,37.415916442871094,37.415916442871094,14558101
2018-05-03,32.212982177734375,37.79704284667969,38.99997329711914,36.79063034057617,37.993560791015625,25983427
2018-05-04,32.72052001953125,38.39255142211914,38.83918380737305,37.35041046142578,37.642208099365234,13301700
2018-05-07,32.948909759521484,38.6605339050293,38.94042205810547,38.344913482666016,38.41041946411133,11261265
2018-05-08,32.598716735839844,38.249629974365234,38.612892150878906,37.963783264160156,38.44614791870117,10075559
2018-05-09,33.51226806640625,39.32154846191406,39.393009185791016,38.517608642578125,38.547386169433594,17316743
2018-05-10,33.979183197021484,39.86941909790039,40.3160514831543,39.351322174072266,39.393009185791016,12595247
2018-05-11,33.96904754638672,39.85750961303711,40.262454986572266,39.726497650146484,39.964698791503906,10833061
2018-05-14,34.2735595703125,40.214813232421875,40.3458251953125,39.92301559448242,40.0123405456543,11130453
2018-05-15,34.08070373535156,39.988521575927734,40.161216735839844,39.60739517211914,39.940879821777344,10026694
2018-05-16,34.52731704711914,40.512569427490234,40.548301696777344,39.786048889160156,39.952789306640625,10165063
2018-05-17,34.59330368041992,40.58998489379883,40.88178634643555,40.32796096801758,40.38155746459961,13636203
2018-05-18,34.29386901855469,40.2386360168457,40.66740036010742,40.11953353881836,40.48279571533203,10095374
2018-05-21,34.83184814453125,40.869876861572266,40.95920181274414,40.49470520019531,40.49470520019531,13679527
2018-05-22,34.24312210083008,40.17908477783203,40.9234733581543,40.08975601196289,40.88178634643555,10291341
2018-05-23,34.02487564086914,39.92301559448242,39.982566833496094,39.398963928222656,39.82773208618164,12041604
2018-05-24,33.68989562988281,39.52997589111328,40.08380126953125,39.27390670776367,39.726497650146484,8823860
2018-05-25,33.349857330322266,39.130985260009766,39.393009185791016,38.95233154296875,39.375144958496094,11977122
2018-05-29,32.45152282714844,38.07693099975586,38.95233154296875,37.83277130126953,38.73794937133789,16615832
2018-05-30,33.079524993896484,38.58311462402344,38.76176834106445,38.11266326904297,38.11861801147461,12064610
2018-05-31,32.732330322265625,38.17816925048828,38.64862060546875,38.14243698120117,38.559295654296875,20036763
2018-06-01,33.78409957885742,39.4049186706543,39.6312141418457,38.39255142211914,38.63075637817383,14950370
2018-06-04,34.274234771728516,39.97660827636719,40.1552619934082,39.53593063354492,39.6014404296875,15681339
2018-06-05,34.66227340698242,40.42919921875,41.036617279052734,39.988521575927734,40.09571075439453,17377028
2018-06-06,35.759986877441406,41.70954513549805,41.781005859375,40.41133117675781,40.518524169921875,23373901
2018-06-07,35.44343948364258,41.340328216552734,41.923927307128906,41.05448532104492,41.649993896484375,15638351
2018-06-08,35.47916793823242,41.382015228271484,41.691680908203125,40.810325622558594,41.352237701416016,10457753
2018-06-11,35.47916793823242,41.382015228271484,41.60831069946289,41.06044006347656,41.40583419799805,11379987
2018-06-12,35.62724304199219,41.55471420288086,41.703590393066406,41.23313522338867,41.477294921875,12632862
2018-06-13,35.00945281982422,40.834144592285156,41.5904426574707,40.816280364990234,41.54875564575195,15777224
2018-06-14,34.91244888305664,40.72099685668945,41.090213775634766,40.518524169921875,41.02470779418945,12532276
2018-06-15,34.590789794921875,40.3458251953125,40.572120666503906,39.87537384033203,40.464927673339844,29050041
2018-06-18,34.61121368408203,40.36964797973633,40.470882415771484,39.88132858276367,40.000431060791016,11021975
2018-06-19,33.881107330322266,39.51806640625,39.786048889160156,38.6903076171875,39.786048889160156,18037134
2018-06-20,33.641136169433594,39.23817825317383,39.6014404296875,38.97615432739258,39.6014404296875,12076028
2018-06-21,33.3297004699707,38.874916076660156,39.14884948730469,38.7200813293457,39.14884948730469,10371776
2018-06-22,34.207862854003906,39.899192810058594,40.03615951538086,39.333457946777344,39.333457946777344,23797067
2018-06-25,33.687095642089844,39.29177474975586,39.637168884277344,38.74985885620117,39.52402114868164,14534256
2018-06-26,33.85558319091797,39.4882926940918,39.6312141418457,39.19649124145508,39.6312141418457,9733836
2018-06-27,33.4981803894043,39.071434020996094,40.19694900512695,39.06547927856445,39.62525939941406,13231676
2018-06-28,33.77389144897461,39.393009185791016,39.54188919067383,38.47592544555664,39.089298248291016,11444973
2018-06-29,33.65646743774414,39.25604248046875,40.08380126953125,39.24413299560547,39.440650939941406,11189730
2018-07-02,33.57987594604492,39.166717529296875,39.21435546875,38.565250396728516,39.0237922668457,10709973
2018-07-03,33.26332092285156,38.79750061035156,39.732452392578125,38.76176834106445,39.57166290283203,6018199
2018-07-05,33.73304748535156,39.345367431640625,39.46446990966797,38.76176834106445,39.136940002441406,9922078
2018-07-06,33.66156768798828,39.26199722290039,39.50020217895508,38.89278030395508,39.30368423461914,10311827
2018-07-09,34.080230712890625,39.75031661987305,39.77413558959961,39.35728073120117,39.46446990966797,9917712
2018-07-10,34.62143325805664,40.38155746459961,40.57807540893555,39.80986785888672,39.80986785888672,13524366
2018-07-11,33.8504753112793,39.482337951660156,39.9349250793457,39.160762786865234,39.91706085205078,11602149
2018-07-12,33.82494354248047,39.45256042480469,39.786048889160156,39.178627014160156,39.786048889160156,7978870
2018-07-13,33.881107330322266,39.51806640625,39.82773208618164,39.387054443359375,39.428741455078125,6817010
2018-07-16,33.554351806640625,39.136940002441406,39.66099166870117,38.827274322509766,39.61930465698242,9672544
2018-07-17,34.238494873046875,39.9349250793457,40.250545501708984,38.89278030395508,39.03570556640625,10361029
2018-07-18,33.99853515625,39.655033111572266,40.01829528808594,39.59548568725586,39.92301559448242,8664837
2018-07-19,33.76878356933594,39.387054443359375,39.6312141418457,39.02975082397461,39.6312141418457,11946392
2018-07-20,33.60540008544922,39.19649124145508,39.351322174072266,38.58906936645508,38.92851257324219,10428534
2018-07-23,33.54413604736328,39.125030517578125,39.32154846191406,38.99997329711914,39.23222351074219,10504603
2018-07-24,34.16703414916992,39.85155487060547,40.12548828125,39.125030517578125,39.30963897705078,11018448
2018-07-25,34.47846603393555,40.214813232421875,40.33391571044922,39.61930465698242,39.7086296081543,9358192
2018-07-26,34.8460693359375,40.64358139038086,40.822235107421875,40.11953353881836,40.42324447631836,16294595
2018-07-27,34.90733337402344,40.71504211425781,41.04257583618164,40.60784912109375,40.822235107421875,12415233
2018-07-30,34.74395751953125,40.524478912353516,41.15571975708008,40.4589729309082,40.66144561767578,11101738
2018-07-31,35.111568450927734,40.9532470703125,41.14976501464844,40.65549087524414,40.71504211425781,12489791
2018-08-01,34.69801330566406,40.470882415771484,41.0663948059082,40.32796096801758,40.780548095703125,10271358
2018-08-02,33.92195129394531,39.56570816040039,39.72053909301758,38.785587310791016,39.31559371948242,18765249
2018-08-03,34.11595916748047,39.7920036315918,40.27436447143555,39.41682815551758,39.78009033203125,12691635
2018-08-06,34.59589385986328,40.351783752441406,40.57807540893555,39.47637939453125,39.51211166381836,9596139
2018-08-07,34.789913177490234,40.57807540893555,40.88178634643555,40.40537643432617,40.45301818847656,13539143
2018-08-08,34.54484558105469,40.292232513427734,40.726951599121094,40.214813232421875,40.60784912109375,10719713
2018-08-09,35.23920440673828,41.10212326049805,41.387969970703125,40.57807540893555,40.69122314453125,13608999
2018-08-10,34.5856819152832,40.33987045288086,40.917518615722656,40.268409729003906,40.917518615722656,11870826
2018-08-13,33.99853515625,39.655033111572266,40.40537643432617,39.333457946777344,40.304141998291016,10941036
2018-08-14,34.49379348754883,40.23268127441406,40.54234313964844,39.79795837402344,39.79795837402344,11785018
2018-08-15,33.932151794433594,39.57761764526367,39.82177734375,39.125030517578125,39.786048889160156,13745185
2018-08-16,34.248714447021484,39.946834564208984,40.244590759277344,39.643123626708984,39.89323806762695,12092989
2018-08-17,34.61121368408203,40.36964797973633,40.524478912353516,39.83964157104492,39.994476318359375,10886796
2018-08-20,34.96350860595703,40.780548095703125,40.98302459716797,40.44706344604492,40.49470520019531,12250837
2018-08-21,35.1422004699707,40.98897933959961,41.352237701416016,40.69122314453125,40.780548095703125,13867937
2018-08-22,35.1064567565918,40.94729232788086,41.114036560058594,40.60189437866211,40.99493408203125,7625560
2018-08-23,34.77458953857422,40.560211181640625,40.91156005859375,40.39942169189453,40.822235107421875,9273726
2018-08-24,35.33620834350586,41.21527099609375,41.49516296386719,40.732906341552734,40.780548095703125,10424336
2018-08-27,36.15312957763672,42.168087005615234,42.44797897338867,41.41178894042969,41.48920440673828,17499612
2018-08-28,36.11738204956055,42.12640380859375,42.62663269042969,41.900108337402344,42.35865020751953,9980011
2018-08-29,36.47478103637695,42.54325866699219,42.835060119628906,41.85246658325195,42.168087005615234,14592358
2018-08-30,36.03334426879883,41.80482864379883,42.215728759765625,41.56662368774414,42.1144905090332,14495466
2018-08-31,35.997406005859375,41.76314163208008,42.001346588134766,41.58448791503906,41.644039154052734,13653499
2018-09-04,35.78697204589844,41.51898193359375,41.83460235595703,41.23313522338867,41.53684616088867,16846558
2018-09-05,35.956356048583984,41.71549987792969,42.01921081542969,41.30459976196289,41.46538543701172,12282574
2018-09-06,35.971744537353516,41.73336410522461,42.162132263183594,41.52493667602539,41.71549987792969,10155491
2018-09-07,35.93069076538086,41.685726165771484,41.76909637451172,41.10212326049805,41.41774368286133,12705405
2018-09-10,35.961490631103516,41.72145462036133,42.01921081542969,41.6678581237793,41.88224411010742,14303362
2018-09-11,35.971744537353516,41.73336410522461,42.01325607299805,41.19740676879883,41.393924713134766,12847803
2018-09-12,35.54056930541992,41.23313522338867,41.73336410522461,41.14976501464844,41.679771423339844,13176261
2018-09-13,35.37631607055664,41.04257583618164,41.83460235595703,40.98302459716797,41.48324966430664,11953109
2018-09-14,35.20180130004883,40.8400993347168,41.41774368286133,40.74481964111328,41.23909378051758,12491470
2018-09-17,35.32499313354492,40.98302459716797,41.52493667602539,40.73886489868164,40.8400993347168,11534980
2018-09-18,34.91949462890625,40.512569427490234,41.48920440673828,40.48875045776367,41.2569580078125,13998245
2018-09-19,35.27879333496094,40.92942810058594,41.20336151123047,40.2386360168457,40.518524169921875,17589115
2018-09-20,35.94607925415039,41.703590393066406,41.900108337402344,41.32246398925781,41.32246398925781,14643238
2018-09-21,35.77156066894531,41.50111770629883,42.07876205444336,41.32246398925781,41.9715690612793,22336303
2018-09-24,35.00675582885742,40.613807678222656,41.45943069458008,40.518524169921875,41.346282958984375,11292835
2018-09-25,34.8784294128418,40.464927673339844,40.90560531616211,40.42919921875,40.62571716308594,10243147
2018-09-26,34.33434295654297,39.83368682861328,40.3160514831543,39.637168884277344,40.06593704223633,21830351
2018-09-27,33.53359603881836,38.904693603515625,39.92897033691406,38.84513854980469,39.899192810058594,25655473
2018-09-28,33.01002883911133,38.297271728515625,38.767723083496094,38.17816925048828,38.73199462890625,21736986
2018-10-01,33.271820068359375,38.600982666015625,39.160762786865234,38.54143142700195,38.571205139160156,19602682
2018-10-02,33.271820068359375,38.600982666015625,38.97615432739258,38.529518127441406,38.64862060546875,11710796
2018-10-03,33.05109786987305,38.344913482666016,38.833229064941406,38.17221450805664,38.73794937133789,18764073
2018-10-04,32.856048583984375,38.11861801147461,38.297271728515625,37.701759338378906,38.27345275878906,14899825
2018-10-05,32.435142517089844,37.63029861450195,38.23772048950195,37.45164489746094,37.981651306152344,12889784
2018-10-08,32.41973876953125,37.61243438720703,37.80299758911133,37.32063293457031,37.51715087890625,16526833
2018-10-09,31.228897094726562,36.23085021972656,37.421871185302734,36.0938835144043,37.386138916015625,25350189
2018-10-10,30.448692321777344,35.3256721496582,36.201072692871094,35.14106750488281,36.046241760253906,32076352
2018-10-11,30.274171829223633,35.123199462890625,35.87354278564453,35.02196502685547,35.19466018676758,25136926
2018-10-12,30.623210906982422,35.52814865112305,36.38568115234375,35.164886474609375,35.945003509521484,18969779
2018-10-15,30.253639221191406,35.09938049316406,35.7901725769043,35.08747100830078,35.54601287841797,10672191
2018-10-16,30.931182861328125,35.88545227050781,36.08197021484375,35.09342575073242,35.2958984375,14344839
2018-10-17,30.577007293701172,35.474552154541016,35.75444030761719,35.13511276245117,35.677024841308594,13104726
2018-10-18,30.068851470947266,34.8849983215332,35.50432586669922,34.70038986206055,35.25421142578125,14798567
2018-10-19,29.50936508178711,34.23588943481445,34.93263626098633,34.05723571777344,34.11678695678711,23570371
2018-10-22,28.78047752380371,33.39026641845703,34.503868103027344,33.211612701416016,34.40858840942383,22322198
2018-10-23,28.06699562072754,32.56250762939453,32.895992279052734,31.972951889038086,32.76498031616211,30442963
2018-10-24,27.0404052734375,31.37148666381836,32.586326599121094,31.311933517456055,32.48508834838867,32724200
2018-10-25,27.163602828979492,31.514408111572266,31.937219619750977,31.276203155517578,31.79429817199707,21657558
2018-10-26,26.691362380981445,30.966537475585938,31.502498626708984,30.56159019470215,31.198787689208984,37602201
2018-10-29,26.727296829223633,31.008224487304688,31.764522552490234,30.627098083496094,31.460811614990234,22130765
2018-10-30,27.014739990234375,31.34170913696289,31.63351058959961,30.698558807373047,30.996313095092773,25767142
2018-10-31,27.676889419555664,32.10991668701172,32.51486587524414,31.669240951538086,31.8478946685791,26890213
2018-11-01,29.909730911254883,34.70038986206055,35.438819885253906,33.58082962036133,34.855220794677734,39182862
2018-11-02,29.63255500793457,34.378814697265625,35.26016616821289,33.813079833984375,34.944549560546875,25169336
2018-11-05,29.581226348876953,34.31926345825195,34.593196868896484,34.06914520263672,34.56937789916992,15095120
2018-11-06,29.781400680541992,34.551509857177734,34.8016242980957,34.17633819580078,34.247802734375,12502721
2018-11-07,30.71047592163086,35.62938690185547,35.65916061401367,34.68252182006836,35.01601028442383,20359008
2018-11-08,30.510278701782227,35.39713668823242,35.998600006103516,35.25421142578125,35.373313903808594,20658583
2018-11-09,30.12018394470215,34.944549560546875,35.49241638183594,34.39667892456055,35.49241638183594,19585218
2018-11-12,29.61714744567871,34.36094665527344,35.164886474609375,34.25971221923828,34.96836853027344,16173019
2018-11-13,29.49909210205078,34.22397994995117,35.06364822387695,34.20611572265625,34.43836212158203,15336257
2018-11-14,29.760868072509766,34.52769088745117,34.914772033691406,34.045326232910156,34.640838623046875,16547319
2018-11-15,30.14584732055664,34.97432327270508,35.31376266479492,33.991729736328125,34.21802520751953,21774432
2018-11-16,30.381967544555664,35.24825668334961,35.385223388671875,34.73611831665039,34.84331130981445,18941904
2018-11-19,29.66848373413086,34.42049789428711,35.516239166259766,34.325218200683594,35.152976989746094,14734756
2018-11-20,28.934473037719727,33.56892013549805,34.003639221191406,33.211612701416016,33.89645004272461,24295463
2018-11-21,29.24244499206543,33.92622375488281,34.40858840942383,33.59273910522461,33.735660552978516,15230801
2018-11-23,28.96526336669922,33.60464859008789,33.89049530029297,33.30093765258789,33.467681884765625,6538257
2018-11-26,29.59661293029785,34.337127685546875,34.551509857177734,33.777347564697266,33.80712127685547,16903988
2018-11-27,29.350238800048828,34.0512809753418,34.18229293823242,33.63442611694336,34.033416748046875,12141183
2018-11-28,29.370759963989258,34.075103759765625,34.48600387573242,33.4498176574707,34.06914520263672,24957920
2018-11-29,29.577465057373047,34.087013244628906,34.343082427978516,33.80116653442383,33.91431427001953,16522299
2018-11-30,29.892669677734375,34.45027542114258,34.551509857177734,33.89645004272461,33.89645004272461,22986334
2018-12-03,30.569576263427734,35.23039245605469,35.85567855834961,34.82544708251953,35.49241638183594,21863600
2018-12-04,29.189910888671875,33.640380859375,35.1053352355957,33.55105209350586,35.1053352355957,19933826
2018-12-06,28.895374298095703,33.30093765258789,33.30093765258789,32.00868225097656,32.9198112487793,24885378
2018-12-07,27.774080276489258,32.00868225097656,34.10487747192383,31.865758895874023,33.437904357910156,29381185
2018-12-10,27.799915313720703,32.038455963134766,32.19924545288086,31.097551345825195,31.824073791503906,25370676
2018-12-11,27.520889282226562,31.716882705688477,33.13419723510742,31.603734970092773,32.729248046875,20276725
2018-12-12,28.084121704101562,32.365989685058594,32.75307083129883,32.080142974853516,32.31239318847656,26307855
2018-12-13,27.789581298828125,32.026546478271484,32.66374206542969,31.824073791503906,32.47317886352539,17408765
2018-12-14,27.272859573364258,31.43103790283203,32.121829986572266,31.305978775024414,31.722837448120117,19885632
2018-12-17,26.704456329345703,30.77597427368164,31.75261116027832,30.496084213256836,31.32384490966797,25627934
2018-12-18,27.019662857055664,31.139236450195312,31.710926055908203,30.877212524414062,31.1273250579834,26825898
2018-12-19,26.952482223510742,31.061819076538086,32.342166900634766,30.871257781982422,31.23451805114746,32135797
2018-12-20,26.37375259399414,30.39484977722168,31.419126510620117,30.067317962646484,30.7164249420166,35267901
2018-12-21,26.141223907470703,30.126869201660156,31.157102584838867,30.09113883972168,30.269790649414062,40887114
2018-12-24,25.366132736206055,29.23360252380371,30.144733428955078,29.180007934570312,30.001811981201172,14029815
2018-12-26,26.98866081237793,31.103506088256836,31.103506088256836,29.114501953125,29.43012237548828,22653342
2018-12-27,27.55705451965332,31.758567810058594,31.764522552490234,30.4127140045166,30.45439910888672,20888302
2018-12-28,27.39687156677246,31.573959350585938,32.19924545288086,31.436992645263672,31.966995239257812,17881637
2018-12-31,27.63456916809082,31.8478946685791,32.15755844116211,31.407215118408203,31.609689712524414,18339228
2019-01-02,28.171958923339844,32.46722412109375,32.71138381958008,31.151147842407227,31.258338928222656,19749111
2019-01-03,27.133333206176758,31.270248413085938,32.294525146484375,31.1273250579834,32.27666091918945,20003514
2019-01-04,28.280467987060547,32.592281341552734,32.72329330444336,31.9014892578125,32.00272750854492,23291786
2019-01-07,28.295982360839844,32.610145568847656,33.05678176879883,32.23497772216797,32.633968353271484,18461308
2019-01-08,28.62151336669922,32.98531723022461,33.431949615478516,32.77093505859375,33.0031852722168,17018512
2019-01-09,28.7403621673584,33.12228775024414,33.38431167602539,32.70542907714844,33.09846496582031,12548564
2019-01-10,28.771364212036133,33.158016204833984,33.193748474121094,32.46126937866211,32.74711227416992,17314560
2019-01-11,28.56467056274414,32.9198112487793,33.18183517456055,32.58037185668945,32.895992279052734,12023972
2019-01-14,28.6163387298584,32.97936248779297,33.217567443847656,32.330257415771484,32.47317886352539,15046926
2019-01-15,28.425161361694336,32.75902557373047,33.05678176879883,32.383853912353516,32.65778732299805,10517533
2019-01-16,28.626684188842773,32.991275787353516,33.34262466430664,32.604190826416016,32.628013610839844,13144692
2019-01-17,29.474109649658203,33.96791076660156,33.997684478759766,32.949588775634766,33.00914001464844,17915054
2019-01-18,30.001178741455078,34.57533264160156,34.855220794677734,34.21207046508789,34.31926345825195,20253888
2019-01-22,29.06072425842285,33.49150085449219,34.42645263671875,33.27711868286133,34.349037170410156,19794114
2019-01-23,29.15890884399414,33.60464859008789,33.71184158325195,33.205657958984375,33.55105209350586,16203413
2019-01-24,29.107240676879883,33.54509735107422,33.78925704956055,33.30093765258789,33.40217590332031,15207292
2019-01-25,29.846160888671875,34.39667892456055,34.71825408935547,34.00959777832031,34.033416748046875,12957289
2019-01-28,30.037349700927734,34.61701583862305,34.6884765625,33.90835952758789,33.997684478759766,27930497
2019-01-29,30.238868713378906,34.849266052246094,35.05769348144531,34.53364562988281,34.53364562988281,14355082
2019-01-30,30.631582260131836,35.30185317993164,35.772308349609375,34.78971481323242,34.8790397644043,27388944
2019-01-31,27.805082321166992,32.044410705566406,33.938133239746094,31.95508575439453,32.43745040893555,58361202
2019-02-01,27.629396438598633,31.84193992614746,32.17542266845703,31.425081253051758,31.824073791503906,35320461
2019-02-04,27.453710556030273,31.63946533203125,31.657329559326172,31.270248413085938,31.657329559326172,27096926
2019-02-05,28.037609100341797,32.31239318847656,32.389808654785156,31.59182357788086,31.63351058959961,23967509
2019-02-06,27.495054244995117,31.687105178833008,32.336212158203125,31.657329559326172,32.00272750854492,19324937
2019-02-07,26.96282196044922,31.07373046875,31.538227081298828,30.66282844543457,31.436992645263672,21619607
2019-02-08,26.71995735168457,30.793840408325195,30.966537475585938,30.269790649414062,30.781930923461914,17490880
2019-02-11,26.86980628967285,30.966537475585938,31.151147842407227,30.847436904907227,31.151147842407227,19565403
2019-02-12,27.57255744934082,31.77643394470215,31.877668380737305,31.032045364379883,31.28215980529785,20054227
2019-02-13,27.458873748779297,31.64542007446289,32.068233489990234,31.621599197387695,32.044410705566406,15790322
2019-02-14,27.21084213256836,31.359575271606445,31.77643394470215,31.353620529174805,31.454856872558594,13305226
2019-02-15,28.027278900146484,32.30048370361328,32.330257415771484,31.63946533203125,31.687105178833008,22565687
2019-02-19,28.208139419555664,32.5089111328125,32.77093505859375,31.966995239257812,31.966995239257812,17038159
2019-02-20,29.06072425842285,33.49150085449219,33.735660552978516,32.43745040893555,32.5089111328125,19630221
2019-02-21,28.554340362548828,32.907901763916016,33.83689880371094,32.71733856201172,33.515323638916016,18477596
2019-02-22,28.404489517211914,32.73520278930664,33.30689239501953,32.52082061767578,33.152061462402344,15047597
2019-02-25,28.978059768676758,33.39622116088867,33.58678436279297,32.80070877075195,32.890037536621094,18519745
2019-02-26,28.87471580505371,33.27711868286133,33.509368896484375,33.10441970825195,33.31880569458008,12668126
2019-02-27,28.468896865844727,32.586326599121094,33.05082321166992,32.377899169921875,33.00914001464844,18347288
2019-02-28,27.693706512451172,31.699016571044922,32.53273010253906,31.47867774963379,32.53273010253906,22680378
2019-03-01,27.75093650817871,31.764522552490234,32.18733596801758,31.276203155517578,32.05632019042969,19102942
2019-03-04,28.224382400512695,32.30643844604492,32.44935989379883,31.603734970092773,31.94913101196289,16480318
2019-03-05,27.92782211303711,31.966995239257812,32.27070617675781,31.877668380737305,32.18138122558594,11828510
2019-03-06,28.338836669921875,32.43745040893555,32.75902557373047,32.062278747558594,32.062278747558594,15851949
2019-03-07,28.364849090576172,32.46722412109375,32.56250762939453,31.722837448120117,32.24093246459961,20571095
2019-03-08,28.448091506958008,32.56250762939453,32.586326599121094,31.835983276367188,32.26475143432617,17806743
2019-03-11,28.916332244873047,33.09846496582031,33.425994873046875,32.67565155029297,32.83048629760742,19906455
2019-03-12,28.911134719848633,33.09251022338867,33.55105209350586,33.032958984375,33.27116394042969,20545571
2019-03-13,29.08282470703125,33.28902816772461,33.5272331237793,33.05082321166992,33.33071517944336,17006085
2019-03-14,28.63018035888672,32.77093505859375,33.39622116088867,32.693519592285156,33.205657958984375,13743674
2019-03-15,28.76025390625,32.9198112487793,33.30689239501953,32.74115753173828,32.77093505859375,28820993
2019-03-18,28.723834991455078,32.87812805175781,33.12824249267578,32.550594329833984,32.931724548339844,17133203
2019-03-19,28.65619659423828,32.80070877075195,33.557010650634766,32.639923095703125,33.06273651123047,33199087
2019-03-20,28.619783401489258,32.75902557373047,32.991275787353516,32.342166900634766,32.6994743347168,22774919
2019-03-21,29.093219757080078,33.30093765258789,33.729705810546875,32.47913360595703,32.49700164794922,27713540
2019-03-22,28.052684783935547,32.10991668701172,32.991275787353516,31.925310134887695,32.931724548339844,22606828
2019-03-25,27.714519500732422,31.722837448120117,32.26475143432617,31.710926055908203,31.95508575439453,26785261
2019-03-26,27.667695999145508,31.669240951538086,32.19924545288086,31.38935089111328,32.18138122558594,23272643
2019-03-27,27.39715576171875,31.359575271606445,31.78834342956543,31.109460830688477,31.704971313476562,18494557
2019-03-28,27.428377151489258,31.395305633544922,31.472721099853516,31.002269744873047,31.264293670654297,17015993
2019-03-29,27.735332489013672,31.74665641784668,31.770477294921875,30.51990509033203,30.537771224975586,33257860
2019-04-01,28.312820434570312,32.40767288208008,32.6994743347168,31.883623123168945,32.0920524597168,53647430
2019-04-02,28.22991180419922,32.312767028808594,32.91492462158203,31.95855712890625,32.339332580566406,25482429
2019-04-03,28.895233154296875,33.074317932128906,33.50822448730469,32.34818649291992,32.56071472167969,31644092
2019-04-04,29.227893829345703,33.45509338378906,33.46394729614258,32.56071472167969,33.14516067504883,24819319
2019-04-05,29.320735931396484,33.56135559082031,33.959842681884766,33.34883117675781,33.60563278198242,19935092
2019-04-08,29.506406784057617,33.77388000488281,33.809303283691406,33.23371124267578,33.331119537353516,13386652
2019-04-09,29.56829261779785,33.844722747802734,34.004119873046875,33.33997344970703,33.60563278198242,15802171
2019-04-10,29.784910202026367,34.09267044067383,34.15465545654297,33.72960662841797,33.7650260925293,12097020
2019-04-11,30.086627960205078,34.43802261352539,34.56199645996094,33.738460540771484,33.9775505065918,13466604
2019-04-12,30.535343170166016,34.951629638671875,34.99590301513672,34.37603759765625,34.65940475463867,15016308
2019-04-15,30.094375610351562,34.44688034057617,35.0047607421875,34.33176040649414,34.951629638671875,8371203
2019-04-16,30.287784576416016,34.66826248168945,34.7125358581543,34.19007873535156,34.31405258178711,10909361
2019-04-17,30.32646369934082,34.7125358581543,35.03132629394531,34.57085418701172,34.88078689575195,9395681
2019-04-18,30.171733856201172,34.535430908203125,34.792232513427734,34.19893264770508,34.7745246887207,8096337
2019-04-22,29.645654678344727,33.93327713012695,34.28748321533203,33.86243438720703,34.234352111816406,7486642
2019-04-23,29.61471176147461,33.89785385131836,34.021827697753906,33.525936126708984,33.66761779785156,11637856
2019-04-24,29.622455596923828,33.90671157836914,34.22549819946289,33.71189498901367,34.01297378540039,8155511
2019-04-25,29.088647842407227,33.29570007324219,33.75617218017578,33.17172622680664,33.72960662841797,11315223
2019-04-26,29.39809226989746,33.649906158447266,33.71189498901367,33.14516067504883,33.20714569091797,8756963
2019-04-29,29.36715316772461,33.61448669433594,33.79159164428711,33.41081619262695,33.68532943725586,15316470
2019-04-30,29.746225357055664,34.04839324951172,34.08381652832031,33.481658935546875,33.694183349609375,16142647
2019-05-01,28.86429214477539,33.03889846801758,34.234352111816406,33.03889846801758,33.995262145996094,15557231
2019-05-02,26.922922134399414,30.701114654541016,32.67583084106445,30.09010124206543,32.67583084106445,28766135
2019-05-03,27.093761444091797,30.89592933654785,31.214717864990234,30.435455322265625,30.842796325683594,16734726
2019-05-06,26.107540130615234,29.771312713623047,30.249496459960938,29.57649803161621,30.107812881469727,22608763
2019-05-07,24.958253860473633,28.460737228393555,29.44367027282715,28.3721866607666,29.42595863342285,26995432
2019-05-08,24.601041793823242,28.053396224975586,28.62898826599121,28.035686492919922,28.513870239257812,26195566
2019-05-09,24.065221786499023,27.442386627197266,27.89400291442871,27.291847229003906,27.672622680664062,22470992
2019-05-10,24.44573402404785,27.876291275024414,28.097673416137695,26.928781509399414,27.256425857543945,20967362
2019-05-13,23.482812881469727,26.778242111206055,27.15901756286621,26.654268264770508,27.141307830810547,16535183
2019-05-14,23.886615753173828,27.23871421813965,27.522083282470703,26.840229034423828,26.91107177734375,16055919
2019-05-15,23.374094009399414,26.654268264770508,27.176727294921875,26.61884880065918,26.87565040588379,17513361
2019-05-16,23.917678833007812,27.27413558959961,27.34497833251953,26.79595375061035,26.91107177734375,19616975
2019-05-17,24.04969024658203,27.42467498779297,27.725753784179688,26.91107177734375,26.964202880859375,15827354
2019-05-20,24.09628677368164,27.477806091308594,27.761173248291016,27.105886459350586,27.12359619140625,14082737
2019-05-21,24.841766357421875,28.327909469604492,28.611276626586914,27.849727630615234,27.876291275024414,18043669
2019-05-22,24.632102966308594,28.088817596435547,28.5847110748291,28.088817596435547,28.177370071411133,15161872
2019-05-23,24.026395797729492,27.398109436035156,27.725753784179688,27.1324520111084,27.690332412719727,19899858
2019-05-24,24.135114669799805,27.522083282470703,27.78774070739746,27.176727294921875,27.770029067993164,10785818
2019-05-28,23.894378662109375,27.247570037841797,27.61063575744629,27.176727294921875,27.522083282470703,19128338
2019-05-29,24.142879486083984,27.53093719482422,27.663766860961914,26.769386291503906,26.91107177734375,16367825
2019-05-30,24.205001831054688,27.60177993774414,27.805450439453125,27.46009635925293,27.61063575744629,16572336
2019-05-31,23.700244903564453,27.02618980407715,27.16787338256836,26.707401275634766,27.141307830810547,18301482
2019-06-03,27.92252540588379,31.84100341796875,31.84100341796875,27.40585708618164,27.476987838745117,26161179
2019-06-04,27.192363739013672,31.00836753845215,32.00836944580078,30.698745727539062,31.920501708984375,30430675
2019-06-05,27.46755599975586,31.322175979614258,31.585773468017578,30.384937286376953,31.016735076904297,16012522
2019-06-06,26.66033172607422,30.401674270629883,31.29288673400879,29.85355567932129,31.29288673400879,21740157
2019-06-07,27.01990509033203,30.81171417236328,31.00418472290039,30.456066131591797,30.761505126953125,11762146
2019-06-10,27.060274124145508,30.85774040222168,31.41004180908203,30.815900802612305,31.246862411499023,11546568
2019-06-11,27.05293083190918,30.84937286376953,31.14225959777832,30.765689849853516,31.087865829467773,11633803
2019-06-12,26.95386505126953,30.73640251159668,30.903766632080078,30.334728240966797,30.757322311401367,8104729
2019-06-13,27.45654296875,31.30962371826172,31.30962371826172,30.656904220581055,30.744770050048828,8663033
2019-06-14,27.548274993896484,31.414226531982422,31.527196884155273,31.033472061157227,31.28451919555664,8156114
2019-06-17,27.427188873291016,31.276151657104492,31.58159065246582,31.075313568115234,31.17154884338379,8668530
2019-06-18,27.24373435974121,31.066946029663086,31.502092361450195,31.025104522705078,31.305438995361328,12834300
2019-06-19,26.77407455444336,30.531381607055664,31.255229949951172,30.317991256713867,31.238494873046875,11272196
2019-06-20,27.511579513549805,31.372385025024414,31.44769859313965,30.69037628173828,30.69037628173828,10924929
2019-06-21,27.386825561523438,31.230125427246094,31.84100341796875,31.209205627441406,31.464435577392578,12954278
2019-06-24,27.40883445739746,31.255229949951172,31.640167236328125,30.86610984802246,31.17154884338379,7033531
2019-06-25,27.19969940185547,31.016735076904297,31.15481185913086,30.57322120666504,31.12970733642578,6464472
2019-06-26,27.09329605102539,30.895397186279297,31.12970733642578,30.55230140686035,31.104602813720703,8416863
2019-06-27,27.089622497558594,30.891212463378906,31.12552261352539,30.81171417236328,31.00836753845215,7122439
2019-06-28,27.544601440429688,31.41004180908203,31.43514633178711,30.85774040222168,30.933053970336914,12631867
2019-07-01,27.81979751586914,31.723848342895508,32.230125427246094,31.32636070251465,31.32636070251465,9790874
2019-07-02,27.4602108001709,31.31380844116211,31.786611557006836,31.15062713623047,31.73640251159668,8389139
2019-07-03,27.218048095703125,31.037656784057617,31.29707145690918,30.481172561645508,31.29707145690918,6979039
2019-07-05,27.05660629272461,30.85355567932129,30.891212463378906,30.4393310546875,30.55648422241211,7320092
2019-07-08,26.458520889282227,30.17154884338379,30.786611557006836,29.98744773864746,30.71966552734375,8845151
2019-07-09,25.684324264526367,29.28870391845703,29.97071075439453,29.276151657104492,29.882844924926758,11849381
2019-07-10,25.5559024810791,29.14225959777832,29.68619155883789,29.108787536621094,29.527196884155273,9856599
2019-07-11,25.50086784362793,29.079498291015625,29.205020904541016,28.933053970336914,29.108787536621094,8887215
2019-07-12,26.24203872680664,29.924686431884766,30.025104522705078,29.238494873046875,29.255229949951172,11776247
2019-07-15,26.39615249633789,30.100418090820312,30.175731658935547,29.414226531982422,29.920501708984375,6206352
2019-07-16,26.535573959350586,30.259414672851562,30.84518814086914,30.041841506958008,30.12552261352539,9941205
2019-07-17,26.16131591796875,29.8326358795166,30.355649948120117,29.644350051879883,30.355649948120117,7296192
2019-07-18,26.26405906677246,29.949790954589844,30.00418472290039,29.58995819091797,29.698745727539062,5626299
2019-07-19,26.26038932800293,29.945606231689453,30.213388442993164,29.924686431884766,29.98744773864746,8071269
2019-07-22,26.40715217590332,30.11297035217285,30.200836181640625,29.71966552734375,30.02092170715332,5332329
2019-07-23,26.873140335083008,30.644350051879883,30.82845115661621,29.949790954589844,29.98744773864746,6354054
2019-07-24,27.236391067504883,31.058576583862305,31.117155075073242,30.43096160888672,30.468618392944336,6540952
2019-07-25,26.84012222290039,30.6066951751709,31.037656784057617,30.108787536621094,30.71548080444336,7105231
2019-07-26,26.862136840820312,30.631799697875977,30.740585327148438,29.945606231689453,30.543933868408203,5583757
2019-07-29,26.818111419677734,30.58159065246582,30.71548080444336,30.26359748840332,30.493724822998047,5609330
2019-07-30,27.042844772338867,30.71129608154297,30.7280330657959,29.958158493041992,30.15062713623047,5190124
2019-07-31,26.58599281311035,30.192468643188477,30.878660202026367,29.933053970336914,30.656904220581055,7993355
2019-08-01,26.412832260131836,29.99581527709961,30.778242111206055,29.71966552734375,30.627614974975586,12726750
2019-08-02,25.440174102783203,28.891212463378906,29.933053970336914,28.497907638549805,29.87447738647461,10574316
2019-08-05,24.33856964111328,27.640167236328125,28.61087989807129,27.56903839111328,28.523012161254883,11108242
2019-08-06,25.24858283996582,28.67363929748535,28.974895477294922,27.41840934753418,27.824268341064453,17200113
2019-08-07,25.705442428588867,29.192468643188477,29.259414672851562,28.033472061157227,28.092050552368164,11569273
2019-08-08,26.070192337036133,29.6066951751709,29.753137588500977,29.12970733642578,29.364017486572266,10463898
2019-08-09,25.43648910522461,28.88702964782715,29.5606689453125,28.836820602416992,29.38912010192871,6531153
2019-08-12,25.031213760375977,28.42677879333496,28.88702964782715,28.334728240966797,28.502092361450195,5999617
2019-08-13,25.23016929626465,28.652719497680664,29.485355377197266,28.179916381835938,28.656904220581055,7824382
2019-08-14,24.235401153564453,27.523012161254883,28.30962371826172,27.3933048248291,28.12552261352539,10302812
2019-08-15,24.010658264160156,27.26778221130371,27.698745727539062,26.974895477294922,27.698745727539062,7501732
2019-08-16,24.360675811767578,27.665271759033203,27.937238693237305,27.184099197387695,27.472803115844727,6836595
2019-08-19,24.843313217163086,28.213388442993164,28.343095779418945,27.958158493041992,27.958158493041992,6525417
2019-08-20,24.72173309326172,28.075313568115234,28.1673641204834,27.803346633911133,28.087865829467773,7088740
2019-08-21,24.964895248413086,28.351463317871094,28.698745727539062,28.071130752563477,28.276151657104492,6420735
2019-08-22,24.931745529174805,28.31380844116211,28.8326358795166,28.071130752563477,28.58995819091797,7392031
2019-08-23,24.31646156311035,27.615062713623047,28.343095779418945,27.44769859313965,28.00418472290039,10926841
2019-08-26,23.675392150878906,26.88702964782715,28.025104522705078,26.61087989807129,27.82845115661621,13770224
2019-08-27,23.564857482910156,26.761505126953125,27.397489547729492,26.677824020385742,27.00836753845215,10638129
2019-08-28,23.601699829101562,26.803346633911133,27.037656784057617,26.476987838745117,26.61087989807129,14573503
2019-08-29,24.231721878051758,27.518827438354492,27.656904220581055,27.179916381835938,27.179916381835938,6724026
2019-08-30,25.027528762817383,28.42259407043457,29.025104522705078,28.1673641204834,28.355649948120117,9247627
2019-09-03,24.85068130493164,28.221757888793945,28.28451919555664,27.85774040222168,28.121339797973633,5298869
2019-09-04,25.23016929626465,28.652719497680664,28.87029266357422,28.4393310546875,28.87029266357422,5261824
2019-09-05,25.399646759033203,28.84518814086914,29.330543518066406,28.82845115661621,28.97071075439453,8043784
2019-09-06,25.502803802490234,28.962343215942383,29.083681106567383,28.58159065246582,28.98744773864746,4331397
2019-09-09,25.978084564208984,29.502092361450195,29.644350051879883,28.8326358795166,29.033472061157227,6671207
2019-09-10,26.30598258972168,29.87447738647461,30.108787536621094,29.55648422241211,29.661088943481445,9667311
2019-09-11,26.36124610900879,29.937238693237305,30.071130752563477,29.54811668395996,29.803346633911133,6934107
2019-09-12,26.26546287536621,29.82845115661621,30.213388442993164,29.585773468017578,30.12552261352539,7566740
2019-09-13,27.09442710876465,30.769874572753906,30.86610984802246,29.924686431884766,29.953975677490234,9157285
2019-09-16,26.578624725341797,30.184099197387695,30.86610984802246,30.15481185913086,30.55230140686035,10136229
2019-09-17,26.250715255737305,29.81171417236328,30.364017486572266,29.694561004638672,30.117155075073242,13850050
2019-09-18,26.523359298706055,30.121339797973633,30.12970733642578,29.514644622802734,29.723848342895508,5509906
2019-09-19,26.18071746826172,29.73221778869629,30.456066131591797,29.665271759033203,30.230125427246094,5391840
2019-09-20,26.379671096801758,29.958158493041992,30.100418090820312,29.631799697875977,29.661088943481445,12733681
2019-09-23,26.129138946533203,29.67363929748535,30.016735076904297,29.497907638549805,29.510459899902344,11068807
2019-09-24,25.9080810546875,29.42259407043457,29.97907829284668,29.380752563476562,29.71129608154297,8035419
2019-09-25,26.125457763671875,29.669456481933594,29.799163818359375,29.359832763671875,29.518827438354492,7414019
2019-09-26,25.8270263671875,29.330543518066406,29.661088943481445,29.15062713623047,29.661088943481445,7231423
2019-09-27,25.88228988647461,29.3933048248291,29.7280330657959,29.15899658203125,29.276151657104492,4680815
2019-09-30,26.272830963134766,29.836820602416992,29.87029266357422,29.414226531982422,29.518827438354492,6688415
2019-10-01,25.034902572631836,28.43096160888672,30.062761306762695,28.414226531982422,30.01255226135254,8056451
2019-10-02,24.773311614990234,28.13389015197754,28.234310150146484,27.493724822998047,27.891212463378906,11362060
2019-10-03,25.097532272338867,28.502092361450195,28.518827438354492,27.740585327148438,28.196653366088867,6272316
2019-10-04,25.108583450317383,28.514644622802734,28.70292854309082,28.30962371826172,28.510459899902344,8093496
2019-10-07,24.574357986450195,27.907949447631836,28.42259407043457,27.903766632080078,28.384937286376953,11017422
2019-10-08,23.918548583984375,27.163179397583008,27.598325729370117,27.121339797973633,27.5606689453125,12443535
2019-10-09,23.87803077697754,27.117155075073242,27.55648422241211,27.016735076904297,27.497907638549805,11450251
2019-10-10,23.262744903564453,26.41840934753418,27.179916381835938,26.305438995361328,27.13807487487793,18101621
2019-10-11,24.006977081298828,27.26359748840332,27.56903839111328,26.623430252075195,26.70711326599121,11848903
2019-10-14,23.874343872070312,27.11297035217285,27.351463317871094,26.99581527709961,27.092050552368164,5371764
2019-10-15,24.15434455871582,27.43096160888672,27.740585327148438,27.0,27.12970733642578,6464233
2019-10-16,24.541200637817383,27.87029266357422,28.376569747924805,27.347280502319336,27.41840934753418,10054491
2019-10-17,24.401195526123047,27.71129608154297,28.217573165893555,27.69037628173828,27.98744773864746,5394469
2019-10-18,24.14329719543457,27.41840934753418,27.882844924926758,27.351463317871094,27.723848342895508,5214263
2019-10-21,24.294353485107422,27.58995819091797,27.8326358795166,27.456066131591797,27.619247436523438,6373652
2019-10-22,24.268558502197266,27.5606689453125,27.656904220581055,27.00836753845215,27.58995819091797,7353552
2019-10-23,24.55225372314453,27.882844924926758,27.941423416137695,27.364017486572266,27.69037628173828,8621686
2019-10-24,24.412250518798828,27.723848342895508,28.510459899902344,27.075313568115234,28.02928924560547,10620921
2019-10-25,24.629627227783203,27.97071075439453,28.317991256713867,27.506275177001953,27.74895477294922,6691283
2019-10-28,24.90225601196289,28.28033447265625,28.744770050048828,28.13807487487793,28.14225959777832,10334121
2019-10-29,24.81015396118164,28.175731658935547,28.497907638549805,27.84937286376953,28.016735076904297,8050715
2019-10-30,24.165403366088867,27.44351577758789,28.062761306762695,27.44351577758789,28.050209045410156,10844625
2019-10-31,24.28329849243164,27.57740592956543,28.43096160888672,27.347280502319336,28.17154884338379,15273295
2019-11-01,25.65754508972168,29.13807487487793,29.196653366088867,27.782426834106445,27.824268341064453,9639587
2019-11-04,26.26914405822754,29.8326358795166,29.953975677490234,29.12552261352539,29.12552261352539,11412011
2019-11-05,26.66704750061035,30.28451919555664,30.74895477294922,29.86610984802246,30.058576583862305,12671063
2019-11-06,25.91176414489746,29.42677879333496,30.368200302124023,29.372385025024414,30.037656784057617,10119977
2019-11-07,26.38335609436035,29.962343215942383,29.97907829284668,29.58995819091797,29.7280330657959,7112401
2019-11-08,26.20650863647461,29.761505126953125,29.912134170532227,29.514644622802734,29.86610984802246,5341172
2019-11-11,26.593360900878906,30.200836181640625,30.29288673400879,29.30962371826172,29.3933048248291,13988909
2019-11-12,26.74810791015625,30.376569747924805,30.73221778869629,30.12970733642578,30.221757888793945,14248463
2019-11-13,25.771759033203125,29.26778221130371,30.025104522705078,29.25104522705078,29.928869247436523,8685260
2019-11-14,25.79018211364746,29.28870391845703,29.460250854492188,29.121339797973633,29.242677688598633,6470686
2019-11-15,24.920686721801758,28.301254272460938,29.6066951751709,28.192468643188477,29.497907638549805,15938432
2019-11-18,24.629627227783203,27.97071075439453,28.343095779418945,27.895397186279297,28.200836181640625,9454840
2019-11-19,24.320138931274414,27.619247436523438,28.238494873046875,27.5606689453125,28.096233367919922,8787791
2019-11-20,23.966447830200195,27.217573165893555,27.903766632080078,27.213388442993164,27.627614974975586,9094428
2019-11-21,24.202247619628906,27.485355377197266,27.7280330657959,27.046024322509766,27.200836181640625,10547309
2019-11-22,24.253828048706055,27.543933868408203,28.016735076904297,27.43514633178711,27.543933868408203,8507444
2019-11-25,24.021713256835938,27.28033447265625,27.815900802612305,27.200836181640625,27.656904220581055,11999473
2019-11-26,23.973817825317383,27.225940704345703,27.665271759033203,27.121339797973633,27.276151657104492,13645227
2019-11-27,24.28473472595215,27.45188331604004,27.502092361450195,26.87029266357422,27.033472061157227,18967518
2019-11-29,23.988618850708008,27.117155075073242,27.376569747924805,26.958158493041992,27.28451919555664,4940847
2019-12-02,24.00712776184082,27.13807487487793,27.502092361450195,27.054393768310547,27.100418090820312,10782963
2019-12-03,23.159515380859375,26.179916381835938,26.86192512512207,26.14644432067871,26.86192512512207,12650031
2019-12-04,23.233537673950195,26.26359748840332,26.744770050048828,26.246862411499023,26.497907638549805,11322864
2019-12-05,22.94483184814453,25.937238693237305,26.58159065246582,25.786611557006836,26.527196884155273,13937285
2019-12-06,23.53705596923828,26.6066951751709,26.757322311401367,26.255229949951172,26.255229949951172,15610763
2019-12-09,23.629587173461914,26.71129608154297,27.14644432067871,26.661088943481445,26.782426834106445,11253076
2019-12-10,23.7036190032959,26.794979095458984,27.12970733642578,26.615062713623047,26.682008743286133,9727061
2019-12-11,23.810962677001953,26.916318893432617,27.066946029663086,26.661088943481445,26.820083618164062,8566477
2019-12-12,24.499412536621094,27.694561004638672,27.723848342895508,26.85355567932129,27.0,10596543
2019-12-13,23.984922409057617,27.11297035217285,27.920501708984375,27.033472061157227,27.782426834106445,12150521
2019-12-16,24.01823616027832,27.15062713623047,27.86192512512207,27.037656784057617,27.744770050048828,26738364
2019-12-17,23.770240783691406,26.87029266357422,27.384937286376953,26.476987838745117,27.100418090820312,16021843
2019-12-18,23.655500411987305,26.740585327148438,27.175731658935547,26.640167236328125,27.175731658935547,11138117
2019-12-19,23.670303344726562,26.757322311401367,26.941423416137695,26.59414291381836,26.652719497680664,12207642
2019-12-20,23.522249221801758,26.58995819091797,26.941423416137695,26.531381607055664,26.87447738647461,16801222
2019-12-23,23.659198760986328,26.744770050048828,26.824268341064453,26.397489547729492,26.615062713623047,9915871
2019-12-24,23.607379913330078,26.68619155883789,26.71966552734375,26.55648422241211,26.56485366821289,2933964
2019-12-26,23.5888729095459,26.665271759033203,26.71129608154297,26.502092361450195,26.61087989807129,4437513
2019-12-27,23.5888729095459,26.665271759033203,26.8326358795166,26.61087989807129,26.631799697875977,6773260
2019-12-30,23.055877685546875,26.062761306762695,26.85774040222168,26.046024322509766,26.652719497680664,8868812
2019-12-31,23.762836456298828,26.86192512512207,26.87447738647461,25.941423416137695,25.953975677490234,12282449
2020-01-02,23.503742218017578,26.56903839111328,27.26359748840332,26.5606689453125,27.11297035217285,14261847
2020-01-03,23.00775909423828,26.00836753845215,26.338911056518555,25.891212463378906,26.255229949951172,14352667
2020-01-06,22.844898223876953,25.824268341064453,26.13807487487793,25.815900802612305,25.891212463378906,13429410
2020-01-07,22.493268966674805,25.42677879333496,25.907949447631836,25.255229949951172,25.907949447631836,21952867
2020-01-08,22.763465881347656,25.73221778869629,25.85774040222168,25.464435577392578,25.682008743286133,15204463
2020-01-09,22.559886932373047,25.502092361450195,25.85355567932129,25.468618392944336,25.71548080444336,13317797
2020-01-10,22.100921630859375,24.983264923095703,25.623430252075195,24.916318893432617,25.56903839111328,15772327
2020-01-13,22.356313705444336,25.2719669342041,25.28033447265625,24.815900802612305,24.912134170532227,19329603
2020-01-14,22.27118492126465,25.175731658935547,25.497907638549805,24.966527938842773,25.334728240966797,16737648
2020-01-15,22.63022232055664,25.58159065246582,25.97907829284668,25.11297035217285,25.175731658935547,13738915
2020-01-16,22.837493896484375,25.815900802612305,26.15481185913086,25.57740592956543,25.694561004638672,20605863
2020-01-17,22.785675048828125,25.757322311401367,25.953975677490234,25.61087989807129,25.878660202026367,17180037
2020-01-21,22.86710548400879,25.84937286376953,25.903766632080078,25.61087989807129,25.698745727539062,16355009
2020-01-22,22.49696922302246,25.43096160888672,25.85774040222168,25.301254272460938,25.824268341064453,13019286
2020-01-23,22.408132553100586,25.330543518066406,25.489540100097656,25.108787536621094,25.42259407043457,12243731
2020-01-24,21.98247528076172,24.84937286376953,25.351463317871094,24.807531356811523,25.330543518066406,10528667
2020-01-27,21.242197036743164,24.01255226135254,24.472803115844727,24.00418472290039,24.355649948120117,16094021
2020-01-28,21.44577980041504,24.242677688598633,24.4393310546875,24.087865829467773,24.200836181640625,11757127
2020-01-29,21.353239059448242,24.13807487487793,24.640167236328125,24.087865829467773,24.334728240966797,11540593
2020-01-30,19.513660430908203,22.058576583862305,23.14225959777832,21.640167236328125,23.11297035217285,54637790
2020-01-31,18.943647384643555,21.414226531982422,21.895397186279297,21.31380844116211,21.84100341796875,27773951
2020-02-03,19.176830291748047,21.677824020385742,21.790794372558594,21.255229949951172,21.531381607055664,27021579
2020-02-04,19.506258010864258,22.050209045410156,22.200836181640625,21.698745727539062,21.937238693237305,22474365
2020-02-05,20.017044067382812,22.627614974975586,22.794979095458984,22.075313568115234,22.28870391845703,22169162
2020-02-06,19.91710662841797,22.514644622802734,22.803346633911133,22.25104522705078,22.803346633911133,18522022
2020-02-07,19.450735092163086,21.98744773864746,22.317991256713867,21.81171417236328,22.28870391845703,13087640
2020-02-10,19.165725708007812,21.665271759033203,22.050209045410156,21.543933868408203,21.88702964782715,13159340
2020-02-11,19.502553939819336,22.046024322509766,22.42677879333496,21.790794372558594,21.799163818359375,13405510
2020-02-12,19.820871353149414,22.40585708618164,22.539749145507812,22.12552261352539,22.13807487487793,9253841
2020-02-13,19.717233657836914,22.28870391845703,22.44769859313965,22.062761306762695,22.242677688598633,10137424
2020-02-14,19.65431022644043,22.217573165893555,22.44351577758789,22.02092170715332,22.322175979614258,14135416
2020-02-18,19.780160903930664,22.359832763671875,22.615062713623047,21.99581527709961,22.351463317871094,19903442
2020-02-19,19.802364349365234,22.384937286376953,22.56903839111328,22.29707145690918,22.44769859313965,15285245
2020-02-20,19.450735092163086,21.98744773864746,22.44769859313965,21.86610984802246,22.28033447265625,11882841
2020-02-21,19.40631675720215,21.937238693237305,22.016735076904297,21.765689849853516,21.84937286376953,9640065
2020-02-24,18.67344093322754,21.108787536621094,21.334728240966797,20.753137588500977,21.17154884338379,16939842
2020-02-25,17.570432662963867,19.86192512512207,21.12970733642578,19.67363929748535,21.12970733642578,25471664
2020-02-26,17.49270248413086,19.774059295654297,20.205020904541016,19.514644622802734,20.18828582763672,22839079
2020-02-27,16.788677215576172,18.85774040222168,19.73640251159668,18.84100341796875,19.17154884338379,21136204
2020-02-28,15.980342864990234,17.949790954589844,18.28451919555664,17.598325729370117,18.041841506958008,32407922
2020-03-02,16.743976593017578,18.807531356811523,18.824268341064453,17.786611557006836,18.016735076904297,23429887
2020-03-03,16.256000518798828,18.259414672851562,19.355649948120117,18.18828582763672,18.794979095458984,24404290
2020-03-04,16.449703216552734,18.476987838745117,18.661088943481445,17.769874572753906,18.661088943481445,36040722
2020-03-05,15.801542282104492,17.74895477294922,18.305438995361328,17.68619155883789,17.836820602416992,21020528
2020-03-06,15.086344718933105,16.945606231689453,17.623430252075195,16.698745727539062,17.17154884338379,34826841
2020-03-09,13.09345531463623,14.707113265991211,15.870292663574219,14.64853572845459,15.468619346618652,38884105
2020-03-10,14.199785232543945,15.949790954589844,16.0,15.050209045410156,15.485356330871582,23735807
2020-03-11,13.655932426452637,15.338912010192871,15.736401557922363,15.092049598693848,15.326359748840332,25252979
2020-03-12,12.396875381469727,13.924686431884766,14.86192512512207,13.778243064880371,14.35146427154541,29724669
2020-03-13,13.819833755493164,15.5230131149292,15.552301406860352,14.301255226135254,14.778243064880371,25184147
2020-03-16,12.758204460144043,14.330544471740723,15.050209045410156,13.234310150146484,13.765689849853516,22155539
2020-03-17,13.413804054260254,15.066946029663086,15.602510452270508,13.920501708984375,14.677824020385742,21237540
2020-03-18,11.942422866821289,13.414225578308105,14.539749145507812,12.158995628356934,13.995816230773926,21359669
2020-03-19,11.793421745300293,13.246862411499023,14.07112979888916,12.602510452270508,13.280335426330566,16314857
2020-03-20,11.722646713256836,13.167364120483398,14.221756935119629,12.669455528259277,13.610878944396973,22907672
2020-03-23,10.60141372680664,11.907950401306152,13.004183769226074,11.853555679321289,12.698744773864746,17446044
2020-03-24,12.091421127319336,13.581589698791504,13.748953819274902,12.552301406860352,12.70292854309082,24301281
2020-03-25,12.378249168395996,13.903765678405762,14.828452110290527,13.234310150146484,13.70292854309082,18678567
2020-03-26,13.39145565032959,15.041840553283691,15.117155075073242,13.602510452270508,14.029289245605469,20608253
2020-03-27,12.601752281188965,14.15481185913086,14.5606689453125,13.866108894348145,14.280335426330566,14332830
2020-03-30,12.52352523803711,14.066946029663086,14.142258644104004,13.430961608886719,13.92887020111084,15242942
2020-03-31,12.702326774597168,14.267782211303711,15.326359748840332,14.184100151062012,14.71548080444336,19776294
2020-04-01,12.113773345947266,13.606695175170898,14.025105476379395,13.49372386932373,13.552301406860352,18433114
2020-04-02,12.110047340393066,13.602510452270508,14.372385025024414,13.343095779418945,13.589958190917969,15891349
2020-04-03,11.871646881103516,13.334728240966797,14.004183769226074,13.188284873962402,13.594141960144043,12803469
2020-04-06,13.182854652404785,14.807531356811523,14.907950401306152,14.008367538452148,14.221756935119629,17464686
2020-04-07,13.879434585571289,15.589958190917969,16.213388442993164,15.548116683959961,15.711297035217285,22904326
2020-04-08,14.475439071655273,16.259414672851562,16.3933048248291,15.552301406860352,15.794979095458984,16299083
2020-04-09,15.190642356872559,17.062761306762695,17.384937286376953,16.682008743286133,16.820083618164062,22211465
2020-04-13,14.274287223815918,16.033472061157227,16.912134170532227,15.882844924926758,16.824268341064453,14159794
2020-04-14,14.315262794494629,16.079498291015625,16.753137588500977,15.962343215942383,16.510459899902344,11475346
2020-04-15,13.249903678894043,14.882844924926758,15.539749145507812,14.853555679321289,15.518828392028809,13077602
2020-04-16,13.49203109741211,15.15481185913086,15.196653366088867,14.573222160339355,14.907950401306152,12726272
2020-04-17,14.289186477661133,16.050209045410156,16.217573165893555,15.619247436523438,15.68619155883789,17042612
2020-04-20,14.795791625976562,16.619247436523438,17.00836753845215,16.050209045410156,16.26778221130371,19117132
2020-04-21,14.553662300109863,16.347280502319336,16.502092361450195,16.016735076904297,16.12552261352539,12024568
2020-04-22,14.851663589477539,16.682008743286133,16.903766632080078,16.44769859313965,16.744770050048828,8911115
2020-04-23,15.347092628479004,17.238494873046875,17.56485366821289,16.740585327148438,16.803346633911133,12149804
2020-04-24,15.607841491699219,17.531381607055664,17.67363929748535,17.163179397583008,17.44769859313965,12743958
2020-04-27,16.32305145263672,18.334728240966797,18.531381607055664,17.598325729370117,17.677824020385742,13539111
2020-04-28,17.287830352783203,19.41840934753418,19.665271759033203,18.82845115661621,18.82845115661621,22952126
2020-04-29,17.94343376159668,20.15481185913086,20.55648422241211,19.899581909179688,20.037656784057617,19832459
2020-04-30,17.51505470275879,19.67363929748535,20.12552261352539,19.472803115844727,19.70292854309082,16665709
2020-05-01,16.788677215576172,18.85774040222168,19.58995819091797,18.74895477294922,19.255229949951172,10953609
2020-05-04,16.65829849243164,18.71129608154297,18.73221778869629,18.255229949951172,18.623430252075195,13856503
2020-05-05,16.647130966186523,18.698745727539062,19.73640251159668,18.57740592956543,19.238494873046875,19098012
2020-05-06,16.40500259399414,18.42677879333496,19.071130752563477,18.347280502319336,18.744770050048828,13403837
2020-05-07,16.673198699951172,18.7280330657959,18.953975677490234,18.5606689453125,18.602510452270508,10188331
2020-05-08,17.481531143188477,19.635982513427734,19.68619155883789,18.84518814086914,18.949790954589844,11416074
2020-05-11,17.209604263305664,19.330543518066406,19.506275177001953,18.8326358795166,19.28033447265625,11129752
2020-05-12,17.015901565551758,19.11297035217285,19.899581909179688,19.100418090820312,19.44769859313965,9408713
2020-05-13,16.35284423828125,18.368200302124023,18.97071075439453,18.15062713623047,18.878660202026367,10565951
2020-05-14,16.855731964111328,18.933053970336914,18.949790954589844,17.502092361450195,17.949790954589844,18815753
2020-05-15,16.930225372314453,19.016735076904297,19.179916381835938,18.57740592956543,18.7280330657959,6994813
2020-05-18,17.917354583740234,20.12552261352539,20.32636070251465,19.698745727539062,19.7280330657959,26944382
2020-05-19,17.79815673828125,19.99163246154785,20.464435577392578,19.57322120666504,20.0,14727897
2020-05-20,18.204185485839844,20.44769859313965,20.57322120666504,20.276151657104492,20.347280502319336,12946630
2020-05-21,18.204185485839844,20.44769859313965,20.86610984802246,20.213388442993164,20.43514633178711,15277597
2020-05-22,18.137136459350586,20.372385025024414,20.43096160888672,19.958158493041992,20.28870391845703,7071293
2020-05-26,18.762939453125,21.075313568115234,21.38912010192871,21.016735076904297,21.066946029663086,14336176
2020-05-27,18.423959732055664,20.694561004638672,21.644350051879883,20.61087989807129,21.32636070251465,16069404
2020-05-28,18.926156997680664,21.12970733642578,21.376569747924805,20.184099197387695,20.820083618164062,17376495
2020-05-29,19.012353897094727,21.225940704345703,21.276151657104492,20.682008743286133,21.00836753845215,15689633
2020-06-01,19.068574905395508,21.28870391845703,21.380752563476562,20.941423416137695,21.062761306762695,13127792
2020-06-02,19.73192596435547,22.02928924560547,22.02928924560547,21.26359748840332,21.317991256713867,17963718
2020-06-03,20.45524787902832,22.836820602416992,23.041841506958008,22.28451919555664,22.32636070251465,16378909
2020-06-04,20.605152130126953,23.00418472290039,23.033472061157227,22.627614974975586,22.656904220581055,9421141
2020-06-05,21.03989601135254,23.489540100097656,24.54811668395996,23.43096160888672,23.468618392944336,26824882
2020-06-08,21.3771915435791,23.86610984802246,23.953975677490234,23.355649948120117,23.69037628173828,17481894
2020-06-09,20.96118927001953,23.401674270629883,23.878660202026367,23.13807487487793,23.40585708618164,14623215
2020-06-10,20.117944717407227,22.460250854492188,23.43514633178711,22.43514633178711,23.401674270629883,20921343
2020-06-11,18.731279373168945,20.912134170532227,21.82845115661621,20.5606689453125,21.38912010192871,19611862
2020-06-12,19.117294311523438,21.343095779418945,21.85774040222168,20.8326358795166,21.82845115661621,13644032
2020-06-15,19.484569549560547,21.753137588500977,21.916318893432617,20.506275177001953,20.669456481933594,13481990
2020-06-16,19.911815643310547,22.230125427246094,22.836820602416992,21.899581909179688,22.648536682128906,13450920
2020-06-17,19.776905059814453,22.079498291015625,22.539749145507812,22.00836753845215,22.523012161254883,6635596
2020-06-18,19.705692291259766,22.0,22.301254272460938,21.765689849853516,21.878660202026367,11460767
2020-06-19,19.713191986083984,22.00836753845215,22.941423416137695,21.891212463378906,22.669456481933594,21836952
2020-06-22,19.85560417175293,22.1673641204834,22.489540100097656,21.58159065246582,22.01255226135254,11452163
2020-06-23,19.829370498657227,22.13807487487793,22.55648422241211,21.99581527709961,22.497907638549805,13071866
2020-06-24,19.315929412841797,21.56485366821289,22.100418090820312,21.514644622802734,21.983264923095703,11789392
2020-06-25,19.896827697753906,22.213388442993164,22.2719669342041,21.259414672851562,21.652719497680664,10659400
2020-06-26,19.270954132080078,21.514644622802734,22.11297035217285,21.31380844116211,22.11297035217285,18140339
2020-06-29,19.664466857910156,21.953975677490234,22.1673641204834,21.665271759033203,21.753137588500977,8338710
2020-06-30,19.911815643310547,22.230125427246094,22.372385025024414,21.71129608154297,21.803346633911133,12418679
2020-07-01,19.608253479003906,21.891212463378906,22.523012161254883,21.786611557006836,22.225940704345703,10845820
2020-07-02,20.1329345703125,22.476987838745117,22.68619155883789,22.13807487487793,22.179916381835938,12125187
2020-07-06,20.466489791870117,22.84937286376953,22.98744773864746,22.44351577758789,22.899581909179688,9744508
2020-07-07,20.091712951660156,22.43096160888672,22.753137588500977,22.225940704345703,22.54811668395996,9383379
2020-07-08,19.58201789855957,21.86192512512207,22.497907638549805,21.6066951751709,22.3933048248291,11777442
2020-07-09,19.07981300354004,21.301254272460938,21.949790954589844,21.234310150146484,21.920501708984375,13370377
2020-07-10,19.578271865844727,21.85774040222168,21.920501708984375,21.259414672851562,21.338911056518555,9028942
2020-07-13,19.683210372924805,21.974895477294922,22.3933048248291,21.88702964782715,22.062761306762695,12038430
2020-07-14,20.106704711914062,22.44769859313965,22.514644622802734,21.74895477294922,21.928869247436523,7145383
2020-07-15,20.560184478759766,22.953975677490234,23.096233367919922,22.518827438354492,22.899581909179688,8102339
2020-07-16,20.53019905090332,22.920501708984375,23.1673641204834,22.67363929748535,22.803346633911133,5322769
2020-07-17,20.43276023864746,22.81171417236328,23.213388442993164,22.803346633911133,23.00836753845215,6355966
2020-07-20,19.919315338134766,22.238494873046875,22.765689849853516,22.225940704345703,22.623430252075195,6830859
2020-07-21,20.211641311645508,22.56485366821289,22.753137588500977,22.255229949951172,22.359832763671875,10872588
2020-07-22,20.399028778076172,22.774059295654297,22.799163818359375,22.334728240966797,22.401674270629883,4257068
2020-07-23,20.743820190429688,23.15899658203125,23.209205627441406,22.61087989807129,22.71966552734375,10227049
2020-07-24,20.444002151489258,22.824268341064453,23.184099197387695,22.665271759033203,23.075313568115234,11900766
2020-07-27,20.743820190429688,23.15899658203125,23.330543518066406,22.6066951751709,22.84937286376953,6444157
2020-07-28,20.245365142822266,22.602510452270508,23.11297035217285,22.58159065246582,22.85774040222168,9985420
2020-07-29,20.807531356811523,23.230125427246094,23.28033447265625,22.44351577758789,22.44351577758789,10113524
2020-07-30,20.257389068603516,22.493724822998047,22.774059295654297,21.824268341064453,22.40585708618164,15736955
2020-07-31,20.15188217163086,22.376569747924805,22.99581527709961,22.13807487487793,22.497907638549805,11545612
2020-08-03,19.767532348632812,21.949790954589844,22.31380844116211,21.916318893432617,22.18828582763672,11396715
2020-08-04,20.031301498413086,22.242677688598633,22.3933048248291,21.807531356811523,21.912134170532227,11215792
2020-08-05,20.622892379760742,22.899581909179688,23.1673641204834,22.497907638549805,22.518827438354492,11751869
2020-08-06,20.615360260009766,22.891212463378906,23.108787536621094,22.753137588500977,23.079498291015625,13601968
2020-08-07,21.052459716796875,23.376569747924805,23.380752563476562,22.514644622802734,22.786611557006836,7634855
2020-08-10,21.7307186126709,24.12970733642578,24.184099197387695,23.41004180908203,23.43514633178711,9848473
2020-08-11,21.5913028717041,23.974895477294922,25.033472061157227,23.924686431884766,24.677824020385742,23554645
2020-08-12,21.986955642700195,24.414226531982422,24.895397186279297,24.401674270629883,24.68619155883789,12795343
2020-08-13,21.86260986328125,24.276151657104492,24.464435577392578,24.050209045410156,24.163179397583008,9731363
2020-08-14,21.915353775024414,24.334728240966797,24.510459899902344,23.937238693237305,24.050209045410156,6367677
2020-08-17,21.651596069335938,24.041841506958008,24.460250854492188,24.025104522705078,24.31380844116211,5782605
2020-08-18,21.47825813293457,23.84937286376953,24.234310150146484,23.824268341064453,24.117155075073242,7137735
2020-08-19,21.20318603515625,23.543933868408203,23.937238693237305,23.489540100097656,23.794979095458984,9235199
2020-08-20,21.142894744873047,23.476987838745117,23.57322120666504,23.117155075073242,23.2719669342041,5696804
2020-08-21,20.777389526367188,23.071130752563477,23.510459899902344,23.025104522705078,23.43096160888672,7310532
2020-08-24,21.436811447143555,23.803346633911133,23.84518814086914,23.037656784057617,23.322175979614258,13995840
2020-08-25,21.176803588867188,23.514644622802734,24.12970733642578,23.44769859313965,23.945606231689453,7071054
2020-08-26,21.44434356689453,23.81171417236328,23.924686431884766,23.31380844116211,23.44769859313965,6036184
2020-08-27,21.319990158081055,23.67363929748535,24.046024322509766,23.489540100097656,23.824268341064453,5992208
2020-08-28,21.546083450317383,23.924686431884766,23.958158493041992,23.55648422241211,23.774059295654297,4962118
2020-08-31,21.01100730895996,23.330543518066406,23.807531356811523,23.322175979614258,23.778242111206055,7216605
2020-09-01,21.576229095458984,23.958158493041992,23.962343215942383,22.97907829284668,23.184099197387695,10812360
2020-09-02,22.668983459472656,25.17154884338379,25.25104522705078,23.966527938842773,24.02928924560547,16310077
2020-09-03,21.89652442932129,24.31380844116211,25.29707145690918,24.025104522705078,25.104602813720703,14395926
2020-09-04,22.15652084350586,24.602510452270508,24.73640251159668,24.259414672851562,24.640167236328125,11478692
2020-09-08,21.410429000854492,23.774059295654297,24.26778221130371,23.67363929748535,24.255229949951172,11967208
2020-09-09,21.82869529724121,24.238494873046875,24.464435577392578,23.98744773864746,24.075313568115234,6963743
2020-09-10,21.75333023071289,24.15481185913086,24.510459899902344,24.096233367919922,24.31380844116211,9925670
2020-09-11,22.069849014282227,24.506275177001953,24.71966552734375,24.11297035217285,24.334728240966797,7144427
2020-09-14,22.39391326904297,24.86610984802246,25.14225959777832,24.627614974975586,24.765689849853516,7164025
2020-09-15,22.43912696838379,24.916318893432617,25.087865829467773,24.778242111206055,24.86610984802246,5517076
2020-09-16,22.672744750976562,25.175731658935547,25.514644622802734,24.74895477294922,25.0,8435027
2020-09-17,22.89883804321289,25.42677879333496,25.489540100097656,24.698745727539062,24.824268341064453,10328385
2020-09-18,22.341154098510742,24.807531356811523,25.305438995361328,24.54811668395996,25.15899658203125,13393321
2020-09-21,21.16927146911621,23.506275177001953,24.13389015197754,23.380752563476562,24.0,14229821
2020-09-22,21.01100730895996,23.330543518066406,23.55230140686035,23.17154884338379,23.523012161254883,7414975
2020-09-23,20.48724365234375,22.74895477294922,23.506275177001953,22.723848342895508,23.259414672851562,12493247
2020-09-24,20.46086311340332,22.71966552734375,23.025104522705078,22.42259407043457,22.698745727539062,8910159
2020-09-25,20.739707946777344,23.02928924560547,23.12552261352539,22.380752563476562,22.514644622802734,7031858
2020-09-28,21.308691024780273,23.661088943481445,23.97071075439453,23.376569747924805,23.41840934753418,8472072
2020-09-29,20.796226501464844,23.092050552368164,23.71966552734375,23.02092170715332,23.694561004638672,9795176
2020-09-30,20.90550422668457,23.213388442993164,23.56903839111328,23.02092170715332,23.238494873046875,9867115
2020-10-01,20.547534942626953,22.815900802612305,23.5606689453125,22.774059295654297,23.414226531982422,10945005
2020-10-02,20.637969970703125,22.916318893432617,23.25104522705078,22.3933048248291,22.481172561645508,11584091
2020-10-05,21.131591796875,23.464435577392578,23.640167236328125,23.179916381835938,23.2719669342041,13038167
2020-10-06,21.15420150756836,23.489540100097656,24.096233367919922,23.44769859313965,23.71548080444336,18441001
2020-10-07,21.726951599121094,24.12552261352539,24.338911056518555,23.631799697875977,23.652719497680664,15087592
2020-10-08,22.3336238861084,24.799163818359375,24.807531356811523,24.32636070251465,24.40585708618164,11332424
2020-10-09,22.348691940307617,24.815900802612305,25.18828582763672,24.765689849853516,24.953975677490234,7389641
2020-10-12,22.0170955657959,24.44769859313965,24.916318893432617,24.3933048248291,24.86192512512207,7631270
2020-10-13,21.975648880004883,24.401674270629883,24.58159065246582,24.066946029663086,24.225940704345703,8830811
2020-10-14,22.145212173461914,24.58995819091797,24.8326358795166,24.108787536621094,24.380752563476562,8930952
2020-10-15,22.33738899230957,24.803346633911133,24.87447738647461,24.12970733642578,24.26359748840332,7056714
2020-10-16,22.295940399169922,24.757322311401367,25.079498291015625,24.656904220581055,24.87447738647461,6704667
2020-10-19,22.0208683013916,24.45188331604004,25.192468643188477,24.355649948120117,24.8326358795166,9148681
2020-10-20,22.412750244140625,24.88702964782715,25.14644432067871,24.497907638549805,24.55230140686035,8897253
2020-10-21,22.103761672973633,24.543933868408203,25.13389015197754,24.506275177001953,24.753137588500977,10042302
2020-10-22,22.412750244140625,24.88702964782715,24.945606231689453,24.372385025024414,24.648536682128906,7115269
2020-10-23,22.540868759155273,25.02928924560547,25.163179397583008,24.790794372558594,25.079498291015625,5681030
2020-10-26,22.043476104736328,24.476987838745117,24.73640251159668,24.200836181640625,24.73640251159668,8469443
2020-10-27,21.610145568847656,23.99581527709961,24.43514633178711,23.907949447631836,24.364017486572266,16109556
2020-10-28,21.067535400390625,23.3933048248291,23.794979095458984,23.276151657104492,23.43096160888672,12569727
2020-10-29,21.839990615844727,24.25104522705078,24.5606689453125,23.108787536621094,23.121339797973633,15508471
2020-10-30,21.433042526245117,23.799163818359375,24.31380844116211,23.506275177001953,24.092050552368164,12817809
2020-11-02,22.15652084350586,24.602510452270508,24.71129608154297,23.912134170532227,24.225940704345703,10819052
2020-11-03,22.461734771728516,24.941423416137695,25.1673641204834,24.70292854309082,24.933053970336914,7461580
2020-11-04,21.915353775024414,24.334728240966797,25.0,24.28870391845703,24.765689849853516,8658014
2020-11-05,22.68028450012207,25.184099197387695,25.523012161254883,24.615062713623047,24.694561004638672,11773379
2020-11-06,22.46550941467285,24.945606231689453,25.397489547729492,24.86192512512207,25.18828582763672,9123347
2020-11-09,23.234201431274414,25.799163818359375,27.050209045410156,25.73221778869629,25.966527938842773,19049017
2020-11-10,23.27188491821289,25.84100341796875,26.28870391845703,25.665271759033203,25.907949447631836,14979325
2020-11-11,22.725505828857422,25.234310150146484,25.958158493041992,25.033472061157227,25.88702964782715,9641021
2020-11-12,22.601154327392578,25.096233367919922,25.58159065246582,24.86192512512207,25.096233367919922,6884873
2020-11-13,23.222896575927734,25.786611557006836,25.899581909179688,25.26778221130371,25.26778221130371,5285724
2020-11-16,23.897388458251953,26.535564422607422,26.539749145507812,25.983264923095703,26.359832763671875,9277741
2020-11-17,23.799419403076172,26.42677879333496,26.58995819091797,25.86192512512207,26.242677688598633,7412346
2020-11-18,23.41883659362793,26.00418472290039,26.903766632080078,26.0,26.56903839111328,8610453
2020-11-19,23.381155014038086,25.962343215942383,26.14225959777832,25.627614974975586,25.899581909179688,5414784
2020-11-20,23.569561004638672,26.17154884338379,26.255229949951172,25.82845115661621,25.899581909179688,6504863
2020-11-23,23.961444854736328,26.6066951751709,26.778242111206055,26.351463317871094,26.368200302124023,9099686
2020-11-24,24.80927085876465,27.54811668395996,27.753137588500977,26.899581909179688,27.02928924560547,13751582
2020-11-25,24.451295852661133,27.15062713623047,27.414226531982422,26.928869247436523,27.414226531982422,7943404
2020-11-27,24.432374954223633,27.00418472290039,27.359832763671875,26.87029266357422,27.108787536621094,3690399
2020-11-30,24.015960693359375,26.543933868408203,26.933053970336914,26.368200302124023,26.836820602416992,12569966
2020-12-01,24.050029754638672,26.58159065246582,27.29288673400879,26.497907638549805,27.12970733642578,10767428
2020-12-02,24.212800979614258,26.761505126953125,26.899581909179688,26.464435577392578,26.5606689453125,14243205
2020-12-03,24.299875259399414,26.85774040222168,27.1673641204834,26.694561004638672,26.757322311401367,10016490
2020-12-04,24.992647171020508,27.623430252075195,27.68619155883789,27.00418472290039,27.050209045410156,16048611
2020-12-07,24.7692928314209,27.376569747924805,27.71548080444336,27.225940704345703,27.44351577758789,9648908
2020-12-08,25.291711807250977,27.953975677490234,28.104602813720703,27.28451919555664,27.330543518066406,11726296
2020-12-09,25.57941436767578,28.2719669342041,28.347280502319336,27.84937286376953,28.096233367919922,8837025
2020-12-10,25.200849533081055,27.85355567932129,28.075313568115234,27.757322311401367,28.016735076904297,7742166
2020-12-11,25.136493682861328,27.782426834106445,27.836820602416992,27.31380844116211,27.6066951751709,7585382
2020-12-14,24.894216537475586,27.514644622802734,28.12552261352539,27.510459899902344,28.104602813720703,12802035
2020-12-15,25.753555297851562,28.464435577392578,28.468618392944336,27.623430252075195,27.774059295654297,12015486
2020-12-16,25.88604736328125,28.61087989807129,28.799163818359375,28.2719669342041,28.38912010192871,10238043
2020-12-17,26.306255340576172,29.075313568115234,29.12552261352539,28.652719497680664,28.81171417236328,9940249
2020-12-18,27.0028076171875,29.84518814086914,29.907949447631836,29.255229949951172,29.815900802612305,41677059
2020-12-21,26.669673919677734,29.476987838745117,29.682008743286133,28.99581527709961,29.28451919555664,15276880
2020-12-22,26.6583194732666,29.464435577392578,29.740585327148438,29.32636070251465,29.531381607055664,14649505
2020-12-23,26.18889808654785,28.945606231689453,29.723848342895508,28.937238693237305,29.464435577392578,17212302
2020-12-24,26.328968048095703,29.100418090820312,29.13389015197754,28.820083618164062,29.037656784057617,5759183
2020-12-28,25.988262176513672,28.723848342895508,29.30962371826172,28.71966552734375,29.259414672851562,11262397
2020-12-29,26.238115310668945,29.0,29.12970733642578,28.723848342895508,28.765689849853516,12331205
2020-12-30,26.61288833618164,29.414226531982422,29.456066131591797,28.983264923095703,29.01255226135254,11192370
2020-12-31,26.919519424438477,29.753137588500977,29.937238693237305,29.28870391845703,29.42677879333496,22934679
2021-01-04,26.620460510253906,29.42259407043457,30.259414672851562,29.347280502319336,29.99163246154785,28787072
2021-01-05,27.930282592773438,30.87029266357422,31.041841506958008,29.28033447265625,29.28033447265625,31714583
2021-01-06,29.433176040649414,32.53137969970703,32.669456481933594,31.13389015197754,31.15062713623047,50223938
2021-01-07,30.618074417114258,33.84100341796875,33.86610794067383,32.62343215942383,32.62343215942383,46208021
2021-01-08,30.962554931640625,34.22175598144531,34.69456100463867,33.6652717590332,33.6652717590332,35017563
2021-01-11,31.791614532470703,35.13807678222656,35.761505126953125,33.49372482299805,33.5439338684082,36990269
2021-01-12,32.692596435546875,36.13389205932617,36.514644622802734,34.924686431884766,34.96234130859375,39204604
2021-01-13,31.606124877929688,34.93305587768555,35.794979095458984,34.209205627441406,35.38075256347656,36373888
2021-01-14,31.272993087768555,34.56485366821289,34.82426834106445,34.13389205932617,34.359832763671875,33400489
2021-01-15,31.170772552490234,34.451881408691406,34.548118591308594,33.673641204833984,34.27614974975586,31968162
2021-01-19,31.973325729370117,35.33891296386719,35.38075256347656,34.31380844116211,34.81171417236328,32571398
2021-01-20,31.908958435058594,35.26778030395508,35.769874572753906,34.85355758666992,35.527198791503906,34321356
2021-01-21,30.65592384338379,33.88284683227539,34.85774230957031,33.794979095458984,34.74477005004883,47039502
2021-01-22,30.697566986083984,33.928871154785156,34.00418472290039,33.28451919555664,33.472801208496094,40278670
2021-01-25,30.796003341674805,34.03765869140625,34.230125427246094,33.648536682128906,33.648536682128906,56418579
2021-01-26,30.220579147338867,33.40167236328125,34.397491455078125,33.28451919555664,34.167362213134766,63932500
2021-01-27,29.489957809448242,32.59414291381836,33.43096160888672,32.167362213134766,32.77824401855469,92364179
2021-01-28,30.708927154541016,33.94142150878906,34.06276321411133,32.640167236328125,32.73640060424805,92513315
2021-01-29,30.07672882080078,33.242679595947266,34.087867736816406,32.7866096496582,33.69037628173828,87509133
2021-02-01,27.687999725341797,30.602510452270508,32.41841125488281,30.075313568115234,31.058576583862305,155311043
2021-02-02,28.941043853759766,31.98744773864746,32.11715316772461,30.30962371826172,30.953975677490234,113908595
2021-02-03,28.369417190551758,31.355649948120117,31.966527938842773,31.14644432067871,31.67363929748535,84455191
2021-02-04,29.141679763793945,32.209205627441406,32.30125427246094,30.585773468017578,31.175731658935547,44744863
2021-02-05,28.71012306213379,31.73221778869629,32.271968841552734,31.615062713623047,32.196651458740234,45497474
2021-02-08,28.679834365844727,31.698745727539062,32.330543518066406,31.59414291381836,32.238494873046875,28168779
2021-02-09,27.812929153442383,30.740585327148438,31.531381607055664,30.6066951751709,31.380752563476562,23821847
2021-02-10,26.620460510253906,29.42259407043457,31.29707145690918,29.384937286376953,31.108787536621094,24401661
2021-02-11,26.86273765563965,29.69037628173828,30.17154884338379,29.67363929748535,29.99581527709961,21446426
2021-02-12,27.055803298950195,29.903766632080078,30.054393768310547,29.464435577392578,29.69037628173828,10051623
2021-02-16,26.874095916748047,29.70292854309082,30.238494873046875,29.698745727539062,30.15062713623047,15117228
2021-02-17,26.49553871154785,29.28451919555664,30.0,29.221757888793945,29.70711326599121,14495589
2021-02-18,26.0601863861084,28.803346633911133,29.28033447265625,28.502092361450195,29.13807487487793,26362417
2021-02-19,26.419822692871094,29.200836181640625,29.514644622802734,28.87029266357422,28.97907829284668,20246168
2021-02-22,26.272184371948242,29.037656784057617,29.6066951751709,28.920501708984375,29.046024322509766,13834754
2021-02-23,26.003402709960938,28.740585327148438,29.209205627441406,28.096233367919922,28.958158493041992,16125091
2021-02-24,27.13530921936035,29.99163246154785,30.071130752563477,28.807531356811523,28.84518814086914,16256302
2021-02-25,26.404680252075195,29.184099197387695,30.184099197387695,29.100418090820312,30.15062713623047,10891708
2021-02-26,26.73545265197754,29.42259407043457,29.71966552734375,28.73640251159668,29.238494873046875,16932194
2021-03-01,27.95588493347168,30.765689849853516,30.937238693237305,29.753137588500977,29.803346633911133,16417388
2021-03-02,27.746776580810547,30.535564422607422,31.15062713623047,30.514644622802734,30.891212463378906,16645155
2021-03-03,28.35508918762207,31.205020904541016,31.744770050048828,30.602510452270508,30.753137588500977,14204726
2021-03-04,27.625112533569336,30.401674270629883,31.41840934753418,29.70711326599121,31.221757888793945,10618053
2021-03-05,28.145980834960938,30.974895477294922,31.066946029663086,29.81171417236328,30.878660202026367,11330034
2021-03-08,28.59081268310547,31.464435577392578,32.00836944580078,31.096233367919922,31.184099197387695,11130469
2021-03-09,28.758102416992188,31.648536682128906,32.28451919555664,31.234310150146484,31.602510452270508,8880045
2021-03-10,29.15730094909668,32.087867736816406,32.3179931640625,31.799163818359375,31.924686431884766,8403479
2021-03-11,29.233341217041016,32.171546936035156,32.644351959228516,32.06276321411133,32.364017486572266,7854974
2021-03-12,29.29798126220703,32.242679595947266,32.53137969970703,32.050209045410156,32.12552261352539,6691522
2021-03-15,29.16490936279297,32.09623336791992,32.42677688598633,31.761505126953125,32.238494873046875,6448220
2021-03-16,29.15730094909668,32.087867736816406,32.3179931640625,31.882844924926758,32.28033447265625,10648884
2021-03-17,29.799833297729492,32.794979095458984,32.86192321777344,32.02091979980469,32.03347396850586,9352070
2021-03-18,29.796037673950195,32.790794372558594,33.3347282409668,32.74895477294922,32.761505126953125,10617097
2021-03-19,29.313188552856445,32.25941467285156,32.78242874145508,31.924686431884766,32.75313949584961,12370640
2021-03-22,29.488075256347656,32.451881408691406,32.6527214050293,31.88702964782715,32.21757125854492,7665447
2021-03-23,28.636432647705078,31.514644622802734,32.2133903503418,31.414226531982422,32.09204864501953,9114504
2021-03-24,29.15350914001465,32.083683013916016,32.489540100097656,31.88702964782715,31.88702964782715,11969598
2021-03-25,29.34360122680664,32.29288864135742,32.389122009277344,31.56903839111328,32.02091979980469,8288042
2021-03-26,29.834056854248047,32.832637786865234,32.88284683227539,32.31380844116211,32.635982513427734,6833966
2021-03-29,29.693387985229492,32.67782211303711,32.99163055419922,32.58577346801758,32.794979095458984,5398293
2021-03-30,29.777029037475586,32.769874572753906,32.9832649230957,32.59414291381836,32.673641204833984,5251069
2021-03-31,29.381622314453125,32.3347282409668,32.84100341796875,32.234310150146484,32.73640060424805,6031643
2021-04-01,29.704790115356445,32.69037628173828,32.70711135864258,32.12970733642578,32.49790954589844,5409287
2021-04-05,29.514690399169922,32.481170654296875,33.196651458740234,32.37238311767578,33.083683013916016,8523696
2021-04-06,29.29417610168457,32.238494873046875,32.790794372558594,32.05439376831055,32.481170654296875,5713056
2021-04-07,28.742891311645508,31.631799697875977,32.09623336791992,31.45188331604004,32.02928924560547,5242704
2021-04-08,28.651639938354492,31.531381607055664,31.644350051879883,31.238494873046875,31.61087989807129,5927200
2021-04-09,28.841745376586914,31.740585327148438,31.753137588500977,31.397489547729492,31.644350051879883,6958963
2021-04-12,28.97100830078125,31.882844924926758,32.06694412231445,31.619247436523438,31.953975677490234,6104538
2021-04-13,28.967208862304688,31.878660202026367,32.02091979980469,31.41004180908203,31.778242111206055,5297913
2021-04-14,29.111682891845703,32.03765869140625,32.29706954956055,31.803346633911133,31.820083618164062,4208073
2021-04-15,29.313188552856445,32.25941467285156,32.3472785949707,31.895397186279297,32.25522994995117,3986042
2021-04-16,29.28276824951172,32.2259407043457,32.803348541259766,32.09623336791992,32.56903839111328,5744604
2021-04-19,29.26375961303711,32.205020904541016,32.44770050048828,31.820083618164062,32.32217788696289,4343586
2021-04-20,28.564199447631836,31.43514633178711,32.09623336791992,31.175731658935547,32.09204864501953,4407399
2021-04-21,29.46146011352539,32.42259216308594,32.46862030029297,31.45188331604004,31.55648422241211,5101694
2021-04-22,28.723880767822266,31.61087989807129,32.58158874511719,31.598325729370117,32.485355377197266,7105948
2021-04-23,29.202932357788086,32.13807678222656,32.359832763671875,31.602510452270508,31.912134170532227,4954709
2021-04-26,29.248554229736328,32.18828582763672,32.635982513427734,32.121337890625,32.209205627441406,4471212
2021-04-27,29.305583953857422,32.25104522705078,32.29706954956055,31.84937286376953,32.012550354003906,4614851
2021-04-28,29.29417610168457,32.238494873046875,32.42677688598633,32.079498291015625,32.38493728637695,7436246
2021-04-29,29.62494659423828,32.602508544921875,32.75313949584961,32.26359939575195,32.527198791503906,6593293
2021-04-30,29.316991806030273,32.26359939575195,32.799163818359375,32.15899658203125,32.55229949951172,6384646
2021-05-03,29.761823654174805,32.75313949584961,33.071128845214844,32.527198791503906,32.59832763671875,8386749
2021-05-04,30.22565269470215,33.26359939575195,33.330543518066406,31.757322311401367,32.326358795166016,11615639
2021-05-05,30.76554298400879,33.85774230957031,34.17991638183594,33.326358795166016,33.4560661315918,9123825
2021-05-06,30.948040008544922,34.05857849121094,34.10041809082031,33.26778030395508,33.878662109375,7082526
2021-05-07,31.499319076538086,34.6652717590332,34.7740592956543,33.74477005004883,33.90795135498047,6758681
2021-05-10,31.054485321044922,34.17573165893555,35.05439376831055,34.16318130493164,34.93305587768555,10032981
2021-05-11,31.491710662841797,34.65690231323242,34.81171417236328,34.06694412231445,34.21757125854492,11428263
2021-05-12,30.533615112304688,33.602508544921875,34.635982513427734,33.57322311401367,34.548118591308594,6336846
2021-05-13,31.031675338745117,34.15062713623047,34.790794372558594,33.74477005004883,33.74477005004883,10206734
2021-05-14,31.647598266601562,34.828453063964844,35.00836944580078,34.25104522705078,34.40167236328125,7177409
2021-05-17,32.43080139160156,35.69037628173828,35.803348541259766,34.93723678588867,34.987449645996094,10974880
2021-05-18,32.35855484008789,35.610877990722656,36.079498291015625,35.57740783691406,35.85774230957031,12274084
2021-05-19,32.02778244018555,35.24686050415039,35.518829345703125,34.949790954589844,35.19247055053711,7480222
2021-05-20,31.96696662902832,35.17991638183594,35.50209045410156,34.94142150878906,35.2259407043457,8013909
2021-05-21,31.982158660888672,35.196651458740234,35.82426834106445,35.171546936035156,35.42259216308594,6061996
2021-05-24,32.41558837890625,35.673641204833984,35.82008361816406,35.18410110473633,35.368202209472656,5744604
2021-05-25,31.70842742919922,34.8953971862793,35.958160400390625,34.83681869506836,35.67782211303711,7521808
2021-05-26,31.765457153320312,34.958160400390625,35.012550354003906,34.393306732177734,34.548118591308594,7034487
2021-05-27,32.326358795166016,35.44770050048828,35.59414291381836,35.09204864501953,35.18828582763672,14950406
2021-05-28,32.27676010131836,35.393306732177734,35.606693267822266,35.167362213134766,35.4393310546875,5373915
2021-06-01,32.59727096557617,35.74477005004883,35.93305587768555,35.37656784057617,35.77824401855469,5296957
2021-06-02,32.29201889038086,35.41004180908203,35.799163818359375,35.28033447265625,35.794979095458984,4253244
2021-06-03,32.57438278198242,35.71966552734375,35.81589889526367,35.12552261352539,35.29288864135742,5935326
2021-06-04,32.650691986083984,35.803348541259766,36.10041809082031,35.46443557739258,35.8953971862793,4046509
2021-06-07,32.421749114990234,35.55229949951172,36.03765869140625,35.330543518066406,35.9832649230957,4135656
2021-06-08,32.37596130371094,35.50209045410156,35.70293045043945,34.987449645996094,35.34309768676758,5687005
2021-06-09,32.116493225097656,35.21757125854492,35.510459899902344,35.09204864501953,35.368202209472656,3568031
2021-06-10,31.597570419311523,34.648536682128906,35.58577346801758,34.635982513427734,35.518829345703125,4838794
2021-06-11,31.4907283782959,34.53137969970703,35.230125427246094,34.41422653198242,34.87447738647461,7654931
2021-06-14,31.116796493530273,34.121337890625,34.635982513427734,33.88284683227539,34.476985931396484,6453717
2021-06-15,31.120607376098633,34.12552261352539,34.41422653198242,33.96234130859375,34.26359939575195,5734327
2021-06-16,30.597858428955078,33.55229949951172,34.05439376831055,33.3179931640625,34.046024322509766,5112927
2021-06-17,29.67828941345215,32.5439338684082,33.57740783691406,32.041839599609375,33.55648422241211,11604406
2021-06-18,29.163169860839844,31.97907829284668,32.28451919555664,31.86610984802246,32.06694412231445,15082812
2021-06-21,29.502763748168945,32.351463317871094,32.69037628173828,32.1046028137207,32.15481185913086,5214024
2021-06-22,29.319612503051758,32.15062713623047,32.489540100097656,32.05439376831055,32.451881408691406,5046007
2021-06-23,29.086856842041016,31.895397186279297,32.330543518066406,31.878660202026367,32.21757125854492,5176740
2021-06-24,29.151721954345703,31.966527938842773,32.33891296386719,31.907949447631836,32.13389205932617,8483544
2021-06-25,29.20514678955078,32.02510452270508,32.69037628173828,31.937238693237305,32.15062713623047,8271073
2021-06-28,29.42645263671875,32.26778030395508,32.28870391845703,31.61087989807129,32.046024322509766,5000597
2021-06-29,29.430267333984375,32.271968841552734,32.71129608154297,32.15899658203125,32.49790954589844,5174589
2021-06-30,29.537105560302734,32.389122009277344,32.46025085449219,32.167362213134766,32.21757125854492,4446834
2021-07-01,29.991168975830078,32.887027740478516,32.96652603149414,32.472801208496094,32.648536682128906,5461628
2021-07-02,30.063669204711914,32.96652603149414,33.041839599609375,32.56903839111328,32.891212463378906,4856480
2021-07-06,29.411184310913086,32.25104522705078,32.84100341796875,31.97071075439453,32.73640060424805,7525393
2021-07-07,29.666837692260742,32.53137969970703,32.53556442260742,31.937238693237305,32.071128845214844,4504433
2021-07-08,29.235668182373047,32.05857849121094,32.38493728637695,31.7280330657959,32.012550354003906,8180731
2021-07-09,29.945383071899414,32.83681869506836,32.99163055419922,32.368202209472656,32.57740783691406,5434621
2021-07-12,30.304052352905273,33.230125427246094,33.34309768676758,32.38075256347656,32.5606689453125,6401615
2021-07-13,30.17432403564453,33.087867736816406,33.42259216308594,32.887027740478516,33.3472785949707,4399990
2021-07-14,30.33839225769043,33.26778030395508,33.6820068359375,33.05439376831055,33.29288864135742,6719007
2021-07-15,30.35365867614746,33.28451919555664,33.326358795166016,32.928871154785156,33.079498291015625,6002485
2021-07-16,29.079225540161133,31.88702964782715,33.3347282409668,31.635982513427734,33.30543899536133,8529910
2021-07-19,27.78189468383789,30.464435577392578,31.1673641204834,30.2719669342041,31.092050552368164,14413612
2021-07-20,28.12530517578125,30.84100341796875,31.11297035217285,30.359832763671875,30.44769859313965,11446188
2021-07-21,28.56792640686035,31.32636070251465,31.7280330657959,31.096233367919922,31.121339797973633,8594440
2021-07-22,28.403846740722656,31.14644432067871,31.380752563476562,30.774059295654297,31.372385025024414,3968356
2021-07-23,28.31990623474121,31.054393768310547,31.401674270629883,30.84100341796875,31.347280502319336,4412657
2021-07-26,28.483976364135742,31.234310150146484,31.317991256713867,30.958158493041992,31.108787536621094,4972395
2021-07-27,28.2359619140625,30.962343215942383,31.221757888793945,30.476987838745117,30.87029266357422,5630601
2021-07-28,28.331356048583984,31.066946029663086,31.29707145690918,30.58159065246582,30.966527938842773,8546162
2021-07-29,28.768102645874023,31.41840934753418,31.644350051879883,31.100418090820312,31.28033447265625,9695991
2021-07-30,28.75278091430664,31.401674270629883,31.627614974975586,31.092050552368164,31.209205627441406,5630840
2021-08-02,28.599533081054688,31.234310150146484,31.820083618164062,31.12970733642578,31.54811668395996,6315814
2021-08-03,28.499923706054688,31.12552261352539,31.56903839111328,30.338911056518555,31.255229949951172,9771993
2021-08-04,28.450117111206055,31.071130752563477,31.506275177001953,30.920501708984375,31.15062713623047,6333261
2021-08-05,28.430965423583984,31.050209045410156,31.774059295654297,31.00836753845215,31.3933048248291,8281828
2021-08-06,29.143556594848633,31.82845115661621,31.953975677490234,31.246862411499023,31.28033447265625,5292655
2021-08-09,28.940507888793945,31.6066951751709,32.041839599609375,31.58995819091797,31.912134170532227,5205898
2021-08-10,29.58796501159668,32.31380844116211,32.40167236328125,31.543933868408203,31.57740592956543,4930331
2021-08-11,29.99790382385254,32.761505126953125,32.799163818359375,32.121337890625,32.4393310546875,5265170
2021-08-12,29.882963180541992,32.635982513427734,32.757320404052734,32.24686050415039,32.69037628173828,3808465
2021-08-13,29.530500411987305,32.25104522705078,32.6820068359375,32.12552261352539,32.5606689453125,3920317
2021-08-16,29.392581939697266,32.10041809082031,32.14644241333008,31.631799697875977,31.97071075439453,4091202
2021-08-17,28.8447265625,31.502092361450195,31.941423416137695,31.0,31.799163818359375,4867713
2021-08-18,28.31603240966797,30.924686431884766,31.55648422241211,30.882844924926758,31.372385025024414,4842140
2021-08-19,27.93674659729004,30.510459899902344,30.85355567932129,30.359832763671875,30.54811668395996,4558925
2021-08-20,27.909929275512695,30.481172561645508,30.73640251159668,30.355649948120117,30.43514633178711,4655720
2021-08-23,28.243240356445312,30.84518814086914,31.00418472290039,30.6066951751709,30.71966552734375,3638775
2021-08-24,28.637845993041992,31.276151657104492,31.372385025024414,30.97907829284668,31.025104522705078,5033101
2021-08-25,28.745115280151367,31.3933048248291,31.5606689453125,31.179916381835938,31.276151657104492,4451136
2021-08-26,28.465438842773438,31.087865829467773,31.322175979614258,30.98744773864746,31.30962371826172,4745106
2021-08-27,28.791086196899414,31.44351577758789,31.602510452270508,31.15481185913086,31.276151657104492,4519012
2021-08-30,28.31603240966797,30.924686431884766,31.58995819091797,30.899581909179688,31.518827438354492,4275949
2021-08-31,28.358171463012695,30.97071075439453,31.041841506958008,30.67363929748535,30.895397186279297,7046437
2021-09-01,28.135961532592773,30.7280330657959,31.016735076904297,30.58995819091797,30.97071075439453,4525226
2021-09-02,28.31603240966797,30.924686431884766,31.205020904541016,30.73640251159668,30.74895477294922,3599818
2021-09-03,27.614925384521484,30.15899658203125,30.937238693237305,30.037656784057617,30.933053970336914,7603546
2021-09-07,27.362075805664062,29.882844924926758,30.062761306762695,29.71548080444336,29.949790954589844,5476446
2021-09-08,27.05558204650879,29.54811668395996,29.807531356811523,29.347280502319336,29.807531356811523,4036232
2021-09-09,26.932987213134766,29.414226531982422,29.7280330657959,29.3933048248291,29.472803115844727,4008030
2021-09-10,27.00577735900879,29.493724822998047,29.86610984802246,29.44769859313965,29.698745727539062,6354054
2021-09-13,27.074735641479492,29.56903839111328,29.86610984802246,29.29707145690918,29.86610984802246,6973542
2021-09-14,26.231882095336914,28.648536682128906,29.652719497680664,28.55230140686035,29.640167236328125,6694868
2021-09-15,26.821880340576172,29.29288673400879,29.364017486572266,28.774059295654297,28.774059295654297,5894935
2021-09-16,27.06324577331543,29.55648422241211,29.84518814086914,29.200836181640625,29.351463317871094,6138715
2021-09-17,26.400455474853516,28.8326358795166,29.790794372558594,28.631799697875977,29.539749145507812,13648095
2021-09-20,26.025001525878906,28.42259407043457,28.468618392944336,27.769874572753906,28.054393768310547,10009559
2021-09-21,25.802793502807617,28.179916381835938,28.59414291381836,28.037656784057617,28.59414291381836,6204201
2021-09-22,26.155258178710938,28.56485366821289,28.87029266357422,28.543933868408203,28.58995819091797,4738175
2021-09-23,26.396621704101562,28.82845115661621,29.200836181640625,28.786611557006836,28.786611557006836,9580793
2021-09-24,26.147598266601562,28.55648422241211,28.786611557006836,28.456066131591797,28.644350051879883,5000119
2021-09-27,26.860191345214844,29.334728240966797,29.497907638549805,28.765689849853516,28.765689849853516,5666929
2021-09-28,26.45408821105957,28.891212463378906,29.757322311401367,28.82845115661621,29.397489547729492,6497215
2021-09-29,26.49239730834961,28.933053970336914,29.17154884338379,28.782426834106445,28.912134170532227,6011328
2021-09-30,26.04798698425293,28.44769859313965,29.1673641204834,28.4393310546875,29.096233367919922,11133815
2021-10-01,26.484739303588867,28.924686431884766,29.100418090820312,28.343095779418945,28.58159065246582,4951841
2021-10-04,26.88701057434082,29.364017486572266,29.941423416137695,29.15899658203125,29.920501708984375,9420902
2021-10-05,27.189668655395508,29.694561004638672,29.882844924926758,29.25104522705078,29.414226531982422,7942448
2021-10-06,26.74142837524414,29.205020904541016,29.627614974975586,28.778242111206055,29.347280502319336,7378169
2021-10-07,27.024930953979492,29.514644622802734,29.878660202026367,29.401674270629883,29.598325729370117,6084940
2021-10-08,26.978960037231445,29.464435577392578,29.68619155883789,29.347280502319336,29.497907638549805,4608637
2021-10-11,26.726099014282227,29.18828582763672,29.928869247436523,29.163179397583008,29.615062713623047,7838244
2021-10-12,26.51921844482422,28.962343215942383,29.364017486572266,28.740585327148438,29.200836181640625,4497024
2021-10-13,26.687789916992188,29.14644432067871,29.43096160888672,28.68619155883789,29.200836181640625,4243923
2021-10-14,27.473180770874023,30.00418472290039,30.117155075073242,29.28870391845703,29.472803115844727,5624148
2021-10-15,27.611099243164062,30.15481185913086,30.497907638549805,30.11297035217285,30.2719669342041,3929877
2021-10-18,27.52680778503418,30.062761306762695,30.343095779418945,29.69037628173828,29.983264923095703,8251236
2021-10-19,27.67622947692871,30.225940704345703,30.305438995361328,29.949790954589844,30.259414672851562,4120121
2021-10-20,28.06700325012207,30.652719497680664,30.665271759033203,30.14225959777832,30.234310150146484,6067493
2021-10-21,27.67622947692871,30.225940704345703,30.669456481933594,30.0,30.669456481933594,3487488
2021-10-22,27.62642478942871,30.17154884338379,30.472803115844727,30.13389015197754,30.2719669342041,2887120
2021-10-25,27.557458877563477,30.096233367919922,30.4393310546875,29.99581527709961,30.343095779418945,4294113
2021-10-26,27.557458877563477,30.096233367919922,30.397489547729492,30.02928924560547,30.12552261352539,2514280
2021-10-27,26.49239730834961,28.933053970336914,30.075313568115234,28.920501708984375,29.958158493041992,5433187
2021-10-28,26.726099014282227,29.18828582763672,29.338911056518555,28.928869247436523,28.97907829284668,4821347
2021-10-29,26.664804458618164,29.121339797973633,29.25104522705078,28.84518814086914,29.15899658203125,8123371
2021-11-01,27.289278030395508,29.803346633911133,30.058576583862305,29.14644432067871,29.242677688598633,6764895
2021-11-02,29.687578201293945,32.42259216308594,32.71548080444336,30.2719669342041,30.359832763671875,23852678
2021-11-03,30.706663131713867,33.53556442260742,34.12970733642578,32.987449645996094,33.205020904541016,21236584
2021-11-04,30.461467742919922,33.26778030395508,33.5606689453125,32.920501708984375,33.5606689453125,9134819
2021-11-05,30.802438735961914,33.640167236328125,33.86192321777344,33.209205627441406,33.30543899536133,7480461
2021-11-08,30.465307235717773,33.271968841552734,34.09204864501953,33.075313568115234,33.94142150878906,9255514
2021-11-09,31.03997039794922,33.89958190917969,34.00418472290039,33.0167350769043,33.15481185913086,9171625
2021-11-10,30.63770866394043,33.46025085449219,34.087867736816406,33.43096160888672,33.88284683227539,5992925
2021-11-11,31.02464485168457,33.88284683227539,33.916316986083984,33.41422653198242,33.53974914550781,6475705
2021-11-12,30.925045013427734,33.7740592956543,33.99581527709961,33.606693267822266,33.891212463378906,6240768
2021-11-15,30.17797088623047,32.958160400390625,33.7866096496582,32.82426834106445,33.75313949584961,5890155
2021-11-16,29.725893020629883,32.46443557739258,33.19247055053711,32.330543518066406,32.96652603149414,13094332
2021-11-17,30.37718963623047,33.17573165893555,33.33891296386719,32.29288864135742,32.29288864135742,7591596
2021-11-18,30.465307235717773,33.271968841552734,33.472801208496094,32.949790954589844,33.30125427246094,6923591
2021-11-19,30.656862258911133,33.481170654296875,33.920501708984375,33.083683013916016,33.196651458740234,8244305
2021-11-22,30.350372314453125,33.14644241333008,33.83681869506836,33.11715316772461,33.472801208496094,4485313
2021-11-23,30.461467742919922,33.26778030395508,33.40167236328125,33.1046028137207,33.171546936035156,4025238
2021-11-24,30.151142120361328,32.928871154785156,33.234310150146484,32.920501708984375,33.083683013916016,3107000
2021-11-26,29.484525680541992,32.200836181640625,32.38075256347656,31.71129608154297,32.071128845214844,5089744
2021-11-29,29.630687713623047,32.234310150146484,32.5439338684082,31.786611557006836,32.351463317871094,6899691
2021-11-30,28.446069717407227,30.945606231689453,31.899581909179688,30.55230140686035,31.757322311401367,14830667
2021-12-01,28.380687713623047,30.87447738647461,32.24686050415039,30.87447738647461,31.41840934753418,7012977
2021-12-02,28.953763961791992,31.497907638549805,31.882844924926758,30.98744773864746,31.037656784057617,5438206
2021-12-03,29.03068733215332,31.58159065246582,32.06694412231445,31.30962371826172,31.539749145507812,9025835
2021-12-06,29.38068389892578,31.962343215942383,32.30962371826172,31.384937286376953,32.05439376831055,8419014
2021-12-07,29.822988510131836,32.44351577758789,32.72385025024414,32.050209045410156,32.21757125854492,5725245
2021-12-08,30.09991455078125,32.74477005004883,32.96234130859375,32.234310150146484,32.5606689453125,8518916
2021-12-09,30.246063232421875,32.90376663208008,33.29288864135742,32.31380844116211,32.40585708618164,11048492
2021-12-10,30.78451919555664,33.489540100097656,33.58158874511719,33.075313568115234,33.25941467285156,7000788
2021-12-13,29.85760498046875,32.481170654296875,33.42259216308594,32.476985931396484,33.33891296386719,7599483
2021-12-14,29.8614559173584,32.485355377197266,32.99163055419922,32.234310150146484,32.3179931640625,5787385
2021-12-15,30.130678176879883,32.77824401855469,32.86192321777344,32.18410110473633,32.4393310546875,4765660
2021-12-16,30.272987365722656,32.93305587768555,33.55229949951172,32.82426834106445,33.012550354003906,7206089
2021-12-17,29.426836013793945,32.012550354003906,32.82008361816406,31.933053970336914,32.82008361816406,11827393
2021-12-20,28.92683982849121,31.468618392944336,31.698745727539062,30.966527938842773,31.698745727539062,5677206
2021-12-21,29.419143676757812,32.00418472290039,32.22175598144531,31.820083618164062,31.820083618164062,4708539
2021-12-22,29.615299224853516,32.21757125854492,32.238494873046875,31.794979095458984,31.945606231689453,3452116
2021-12-23,30.207603454589844,32.86192321777344,33.05439376831055,32.21757125854492,32.41422653198242,5871035
2021-12-27,30.696062088012695,33.393306732177734,33.41422653198242,32.82008361816406,32.887027740478516,4630386
2021-12-28,30.942222595214844,33.66108703613281,33.828453063964844,33.271968841552734,33.29288864135742,5031906
2021-12-29,30.99606704711914,33.71966552734375,33.96652603149414,33.59832763671875,33.59832763671875,2691379
2021-12-30,30.81914520263672,33.527198791503906,34.05439376831055,33.49372482299805,33.84518814086914,3181807
2021-12-31,31.06914520263672,33.799163818359375,33.924686431884766,33.38493728637695,33.46025085449219,3843598
2022-01-03,31.022991180419922,33.74895477294922,34.41422653198242,33.70711135864258,33.90795135498047,5783800
2022-01-04,31.746057510375977,34.53556442260742,34.6820068359375,33.86192321777344,33.920501708984375,6459931
2022-01-05,31.457599639892578,34.22175598144531,35.02510452270508,34.196651458740234,34.55648422241211,5607657
2022-01-06,31.534528732299805,34.30543899536133,34.71548080444336,33.99163055419922,34.62761688232422,3983891
2022-01-07,31.996057510375977,34.80752944946289,34.99163055419922,34.30125427246094,34.481170654296875,7375779
2022-01-10,31.526826858520508,34.29706954956055,34.920501708984375,33.94560623168945,34.389122009277344,5423627
2022-01-11,31.934524536132812,34.74058532714844,34.765689849853516,34.10041809082031,34.3347282409668,4736263
2022-01-12,32.19990539550781,35.02928924560547,35.09204864501953,34.58995819091797,34.794979095458984,5109103
2022-01-13,32.31144714355469,35.15062713623047,35.548118591308594,35.02091979980469,35.06276321411133,4536698
2022-01-14,32.68067169189453,35.55229949951172,35.631797790527344,34.43096160888672,34.68619155883789,6080638
2022-01-18,32.21913528442383,35.050209045410156,35.33891296386719,34.832637786865234,35.33891296386719,10352046
2022-01-19,31.376832962036133,34.13389205932617,35.108787536621094,34.09204864501953,35.108787536621094,8057646
2022-01-20,30.45375633239746,33.12970733642578,34.242679595947266,33.06276321411133,34.2133903503418,8787552
2022-01-21,29.796070098876953,32.41422653198242,33.012550354003906,32.18410110473633,32.81589889526367,7333476
2022-01-24,29.672990798950195,32.28033447265625,32.41004180908203,31.041841506958008,31.81171417236328,9099447
2022-01-25,29.54991340637207,32.14644241333008,32.41841125488281,31.12970733642578,31.799163818359375,6283310
2022-01-26,29.515300750732422,32.108787536621094,32.769874572753906,31.71548080444336,32.31380844116211,5698238
2022-01-27,29.419143676757812,32.00418472290039,32.94142150878906,31.615062713623047,32.602508544921875,5630601
2022-01-28,29.25760841369629,31.82845115661621,31.87447738647461,31.041841506958008,31.84518814086914,5260629
2022-01-31,29.461454391479492,32.050209045410156,32.05857849121094,31.205020904541016,31.531381607055664,10699791
2022-02-01,29.957603454589844,32.58995819091797,32.72385025024414,31.97071075439453,32.167362213134766,7134628
2022-02-02,30.44222068786621,33.11715316772461,33.209205627441406,32.34309768676758,32.65690231323242,6291914
2022-02-03,29.892221450805664,32.518829345703125,33.087867736816406,32.49372482299805,32.83681869506836,5486962
2022-02-04,29.253761291503906,31.824268341064453,32.50209045410156,31.761505126953125,32.2133903503418,7772519
2022-02-07,28.988380432128906,31.535564422607422,32.00418472290039,31.489540100097656,31.81171417236328,8562414
2022-02-08,30.81914520263672,33.527198791503906,33.669456481933594,32.15899658203125,32.602508544921875,11719604
2022-02-09,31.342208862304688,34.09623336791992,34.3179931640625,33.673641204833984,33.761505126953125,6905188
2022-02-10,30.89606285095215,33.610877990722656,34.53137969970703,33.50209045410156,33.828453063964844,7894887
2022-02-11,30.492218017578125,33.171546936035156,34.11715316772461,33.02510452270508,33.69456100463867,9207953
2022-02-14,30.507598876953125,33.18828582763672,33.5606689453125,33.0,33.071128845214844,4702564
2022-02-15,31.41144561767578,34.171546936035156,34.19247055053711,33.368202209472656,33.40585708618164,4312038
2022-02-16,31.584518432617188,34.359832763671875,34.527198791503906,33.97489547729492,34.06276321411133,6324418
2022-02-17,30.665298461914062,33.359832763671875,34.02928924560547,33.15899658203125,33.891212463378906,4305346
2022-02-18,30.29606819152832,32.958160400390625,35.17991638183594,32.81589889526367,34.757320404052734,13118232
2022-02-22,29.98453140258789,32.61924743652344,33.00836944580078,32.200836181640625,32.74058532714844,9147247
2022-02-23,28.86530113220215,31.401674270629883,32.828453063964844,31.2719669342041,32.82426834106445,11409143
2022-02-24,29.065303802490234,31.619247436523438,31.807531356811523,30.17154884338379,30.523012161254883,12073324
2022-02-25,30.158531188964844,32.6652717590332,32.90376663208008,31.74895477294922,31.761505126953125,7493845
2022-02-28,29.888120651245117,32.37238311767578,32.71129608154297,31.966527938842773,32.112972259521484,10149374
2022-03-01,29.21209716796875,31.640167236328125,32.476985931396484,31.238494873046875,32.41841125488281,12595778
2022-03-02,29.783823013305664,32.25941467285156,32.59414291381836,31.535564422607422,31.899581909179688,8975884
2022-03-03,29.702695846557617,32.171546936035156,32.73640060424805,31.815900802612305,32.489540100097656,5096197
2022-03-04,28.736942291259766,31.12552261352539,31.6066951751709,30.895397186279297,31.602510452270508,8650366
2022-03-07,26.681821823120117,28.899581909179688,30.912134170532227,28.87447738647461,30.815900802612305,12951410
2022-03-08,26.581382751464844,28.790794372558594,29.627614974975586,28.26359748840332,29.054393768310547,9959130
2022-03-09,28.002971649169922,30.330543518066406,30.88702964782715,29.518827438354492,29.71129608154297,9358523
2022-03-10,27.844589233398438,30.15899658203125,30.384937286376953,29.694561004638672,29.765689849853516,6896584
2022-03-11,28.002971649169922,30.330543518066406,30.891212463378906,30.234310150146484,30.376569747924805,8891517
2022-03-14,27.71324348449707,30.016735076904297,30.73640251159668,29.891212463378906,30.61087989807129,7202743
2022-03-15,27.763469696044922,30.071130752563477,30.44351577758789,29.472803115844727,30.1673641204834,6136086
2022-03-16,28.678998947143555,31.062761306762695,31.539749145507812,30.44351577758789,30.464435577392578,6941994
2022-03-17,29.285491943359375,31.71966552734375,31.71966552734375,30.55230140686035,30.55230140686035,7317941
2022-03-18,29.633163452148438,32.09623336791992,32.13807678222656,31.25104522705078,31.661088943481445,12830954
2022-03-21,29.64861488342285,32.112972259521484,32.42677688598633,31.744770050048828,32.21757125854492,6113859
2022-03-22,29.75678253173828,32.230125427246094,32.57740783691406,32.03347396850586,32.40585708618164,5432709
2022-03-23,29.33570671081543,31.774059295654297,32.09623336791992,31.506275177001953,32.03765869140625,5079706
2022-03-24,29.474782943725586,31.924686431884766,31.98744773864746,31.6066951751709,31.903766632080078,4777849
2022-03-25,29.779956817626953,32.25522994995117,32.28033447265625,31.8326358795166,32.03765869140625,2986544
2022-03-28,29.490230560302734,31.941423416137695,32.050209045410156,31.481172561645508,31.99163246154785,4438708
2022-03-29,30.131484985351562,32.635982513427734,33.046024322509766,32.41422653198242,32.44351577758789,4988408
2022-03-30,29.567493438720703,32.02510452270508,32.644351959228516,31.903766632080078,32.5439338684082,4774981
2022-03-31,28.424041748046875,30.786611557006836,31.891212463378906,30.774059295654297,31.7280330657959,7150880
2022-04-01,28.876012802124023,31.276151657104492,31.355649948120117,30.518827438354492,31.01255226135254,6567720
2022-04-04,28.92622947692871,31.330543518066406,31.518827438354492,30.97071075439453,31.205020904541016,6437943
2022-04-05,28.19998550415039,30.543933868408203,31.40585708618164,30.472803115844727,31.11297035217285,5425539
2022-04-06,27.110618591308594,29.364017486572266,30.179916381835938,28.882844924926758,30.13807487487793,10738031
2022-04-07,26.929052352905273,29.1673641204834,29.359832763671875,28.238494873046875,29.29707145690918,8738796
2022-04-08,26.592971801757812,28.803346633911133,29.472803115844727,28.71966552734375,29.38912010192871,7440070
2022-04-11,26.453907012939453,28.652719497680664,29.338911056518555,28.456066131591797,28.661088943481445,5845940
2022-04-12,26.44617462158203,28.644350051879883,29.213388442993164,28.472803115844727,28.723848342895508,5319423
2022-04-13,26.643190383911133,28.85774040222168,28.891212463378906,28.535564422607422,28.631799697875977,4460457
2022-04-14,26.538896560668945,28.744770050048828,29.192468643188477,28.661088943481445,28.86192512512207,6449176
2022-04-18,26.500259399414062,28.70292854309082,28.97907829284668,28.506275177001953,28.627614974975586,4760163
2022-04-19,26.759082794189453,28.983264923095703,29.230125427246094,28.615062713623047,28.640167236328125,4204249
2022-04-20,27.257410049438477,29.523012161254883,29.899581909179688,29.196653366088867,29.217573165893555,4833536
2022-04-21,26.913606643676758,29.15062713623047,30.108787536621094,29.079498291015625,30.050209045410156,3912191
2022-04-22,25.994203567504883,28.15481185913086,28.98744773864746,28.12970733642578,28.86192512512207,5930068
2022-04-25,26.191219329833984,28.368200302124023,28.44351577758789,27.43096160888672,27.966527938842773,7458951
2022-04-26,25.561546325683594,27.68619155883789,28.543933868408203,27.677824020385742,28.230125427246094,5040271
2022-04-27,25.569272994995117,27.694561004638672,28.13807487487793,27.481172561645508,27.799163818359375,7603546
2022-04-28,26.106233596801758,28.276151657104492,28.276151657104492,27.368200302124023,27.953975677490234,6652565
2022-04-29,25.468835830688477,27.585773468017578,28.598325729370117,27.468618392944336,28.15899658203125,6225950
2022-05-02,25.457246780395508,27.57322120666504,27.70292854309082,26.924686431884766,27.481172561645508,9093472
2022-05-03,25.642675399780273,27.774059295654297,28.26359748840332,27.17154884338379,27.71966552734375,8304772
2022-05-04,26.569791793823242,28.778242111206055,28.84518814086914,27.42677879333496,28.12552261352539,6308405
2022-05-05,25.549957275390625,27.67363929748535,28.510459899902344,27.376569747924805,28.338911056518555,7822470
2022-05-06,25.271820068359375,27.372385025024414,27.807531356811523,27.11297035217285,27.598325729370117,8389617
2022-05-09,24.85075569152832,26.916318893432617,27.456066131591797,26.761505126953125,26.769874572753906,8564087
2022-05-10,24.460590362548828,26.493724822998047,27.472803115844727,26.02928924560547,27.246862411499023,8934537
2022-05-11,24.4837646484375,26.518827438354492,27.384937286376953,26.376569747924805,26.41004180908203,6457063
2022-05-12,24.433549880981445,26.464435577392578,26.790794372558594,25.983264923095703,26.456066131591797,6446786
2022-05-13,24.777359008789062,26.836820602416992,27.276151657104492,26.652719497680664,26.774059295654297,6541191
2022-05-16,24.77349090576172,26.8326358795166,27.13389015197754,26.200836181640625,26.472803115844727,5583996
2022-05-17,25.654258728027344,27.786611557006836,27.924686431884766,27.11297035217285,27.380752563476562,6598551
2022-05-18,24.831439971923828,26.895397186279297,27.644350051879883,26.807531356811523,27.44351577758789,7410195
2022-05-19,24.84688949584961,26.912134170532227,27.338911056518555,26.485355377197266,26.677824020385742,8489041
2022-05-20,24.665332794189453,26.71548080444336,27.14225959777832,25.98744773864746,27.00418472290039,9266986
2022-05-23,25.291139602661133,27.3933048248291,27.523012161254883,26.799163818359375,27.117155075073242,7009870
2022-05-24,24.97050666809082,27.046024322509766,27.30962371826172,26.602510452270508,27.29707145690918,5528309
2022-05-25,25.26795768737793,27.368200302124023,27.598325729370117,26.757322311401367,27.050209045410156,5897325
2022-05-26,26.02511215209961,28.18828582763672,28.330543518066406,27.661088943481445,27.677824020385742,6669295
2022-05-27,26.537538528442383,28.602510452270508,28.644350051879883,28.041841506958008,28.192468643188477,6771587
2022-05-31,26.339553833007812,28.38912010192871,28.836820602416992,28.016735076904297,28.305438995361328,24523312
2022-06-01,26.17262840270996,28.209205627441406,28.84100341796875,27.794979095458984,28.774059295654297,6512989
2022-06-02,26.71611213684082,28.794979095458984,28.807531356811523,28.29288673400879,28.45188331604004,5735522
2022-06-03,25.978525161743164,28.0,28.627614974975586,27.85355567932129,28.506275177001953,5930546
2022-06-06,26.269676208496094,28.31380844116211,28.677824020385742,28.058576583862305,28.238494873046875,5645419
2022-06-07,26.386140823364258,28.4393310546875,28.45188331604004,27.74895477294922,27.941423416137695,4613656
2022-06-08,26.25802993774414,28.301254272460938,28.56903839111328,28.104602813720703,28.13389015197754,5025931
2022-06-09,25.66796875,27.665271759033203,28.317991256713867,27.661088943481445,28.071130752563477,4019741
2022-06-10,24.662519454956055,26.58159065246582,27.071130752563477,26.464435577392578,27.041841506958008,6284983
2022-06-13,23.62989616394043,25.468618392944336,26.054393768310547,25.29288673400879,25.85774040222168,5851437
2022-06-14,23.435800552368164,25.259414672851562,25.54811668395996,24.983264923095703,25.45188331604004,5509189
2022-06-15,23.42803382873535,25.25104522705078,25.84937286376953,24.88702964782715,25.619247436523438,5386343
2022-06-16,22.042144775390625,23.757322311401367,24.322175979614258,23.43514633178711,24.28870391845703,10571687
2022-06-17,21.851932525634766,23.55230140686035,23.815900802612305,23.087865829467773,23.69037628173828,11182810
2022-06-21,22.073204040527344,23.790794372558594,24.062761306762695,23.535564422607422,24.041841506958008,6910207
2022-06-22,21.70441246032715,23.3933048248291,23.698745727539062,23.02928924560547,23.046024322509766,6528046
2022-06-23,21.487018585205078,23.15899658203125,23.631799697875977,22.84100341796875,23.30962371826172,6798594
2022-06-24,22.729267120361328,24.497907638549805,24.506275177001953,23.343095779418945,23.343095779418945,25923852
2022-06-27,22.348831176757812,24.087865829467773,24.497907638549805,23.966527938842773,24.460250854492188,8561458
2022-06-28,22.255659103393555,23.98744773864746,24.619247436523438,23.88702964782715,24.2719669342041,6141344
2022-06-29,21.86745834350586,23.56903839111328,23.941423416137695,23.246862411499023,23.928869247436523,5934609
2022-06-30,21.576311111450195,23.255229949951172,23.510459899902344,22.85774040222168,23.13807487487793,5893740
2022-07-01,21.25409507751465,22.907949447631836,23.225940704345703,22.330543518066406,23.079498291015625,11855595
2022-07-05,21.032821655273438,22.669456481933594,22.73640251159668,21.99581527709961,22.384937286376953,14880140
2022-07-06,21.343387603759766,23.00418472290039,23.13807487487793,22.514644622802734,22.8326358795166,7051934
2022-07-07,21.879106521606445,23.58159065246582,23.694561004638672,23.18828582763672,23.376569747924805,8013670
2022-07-08,21.521961212158203,23.196653366088867,23.598325729370117,23.01255226135254,23.527196884155273,5163117
2022-07-11,21.30844497680664,22.966527938842773,23.12552261352539,22.803346633911133,22.928869247436523,4715709
2022-07-12,21.560779571533203,23.238494873046875,23.644350051879883,22.907949447631836,22.907949447631836,5712100
2022-07-13,21.29680061340332,22.953975677490234,23.092050552368164,22.518827438354492,22.757322311401367,5062737
2022-07-14,20.764965057373047,22.380752563476562,22.627614974975586,22.096233367919922,22.56485366821289,6020649
2022-07-15,21.195871353149414,22.84518814086914,22.941423416137695,22.397489547729492,22.916318893432617,7074161
2022-07-18,21.10270118713379,22.744770050048828,23.414226531982422,22.627614974975586,23.096233367919922,5483855
2022-07-19,21.956743240356445,23.665271759033203,23.71129608154297,23.062761306762695,23.11297035217285,6586123
2022-07-20,22.17025375366211,23.895397186279297,24.02928924560547,23.460250854492188,23.56485366821289,6027102
2022-07-21,22.414825439453125,24.15899658203125,24.15899658203125,23.543933868408203,23.761505126953125,4485791
2022-07-22,22.22848892211914,23.958158493041992,24.414226531982422,23.744770050048828,24.31380844116211,3457135
2022-07-25,22.527400970458984,24.28033447265625,24.322175979614258,23.895397186279297,24.025104522705078,4209985
2022-07-26,22.391529083251953,24.13389015197754,24.372385025024414,23.958158493041992,24.15899658203125,4731244
2022-07-27,23.070886611938477,24.86610984802246,24.907949447631836,23.99581527709961,24.12552261352539,8016299
2022-07-28,23.472965240478516,25.15899658203125,25.1673641204834,24.68619155883789,24.85355567932129,4597165
2022-07-29,23.902376174926758,25.619247436523438,25.803346633911133,25.200836181640625,25.255229949951172,6094978
2022-08-01,23.500295639038086,25.18828582763672,25.351463317871094,24.88702964782715,25.29288673400879,7113596
2022-08-02,22.863985061645508,24.506275177001953,25.13807487487793,24.460250854492188,24.878660202026367,8545923
2022-08-03,22.70003318786621,24.330543518066406,24.640167236328125,23.933053970336914,24.6066951751709,11381419
2022-08-04,22.863985061645508,24.506275177001953,24.757322311401367,24.058576583862305,24.359832763671875,6796443
2022-08-05,22.985004425048828,24.635982513427734,24.84518814086914,24.200836181640625,24.26778221130371,4639946
2022-08-08,23.160673141479492,24.824268341064453,25.179916381835938,24.57740592956543,24.949790954589844,7614301
2022-08-09,22.891311645507812,24.535564422607422,24.753137588500977,24.414226531982422,24.698745727539062,7828206
2022-08-10,23.711091995239258,25.414226531982422,25.778242111206055,25.11297035217285,25.11297035217285,7423579
2022-08-11,24.27322006225586,26.016735076904297,26.489540100097656,25.71966552734375,25.757322311401367,8226858
2022-08-12,24.476221084594727,26.234310150146484,26.359832763671875,26.016735076904297,26.221757888793945,5226452
2022-08-15,24.476221084594727,26.234310150146484,26.330543518066406,25.878660202026367,25.891212463378906,3393083
2022-08-16,24.468408584594727,26.225940704345703,26.45188331604004,26.00418472290039,26.050209045410156,4397122
2022-08-17,24.183441162109375,25.920501708984375,25.97907829284668,25.619247436523438,25.84100341796875,6166200
2022-08-18,24.183441162109375,25.920501708984375,26.00836753845215,25.682008743286133,25.907949447631836,5009918
2022-08-19,23.609600067138672,25.305438995361328,25.882844924926758,25.15062713623047,25.73221778869629,4607442
2022-08-22,22.74297523498535,24.376569747924805,24.815900802612305,24.30962371826172,24.786611557006836,7057670
2022-08-23,23.176286697387695,24.84100341796875,25.054393768310547,24.42259407043457,24.42259407043457,5300781
2022-08-24,23.16457748413086,24.82845115661621,24.99581527709961,24.698745727539062,24.928869247436523,3399058
2022-08-25,23.652542114257812,25.351463317871094,25.364017486572266,24.85774040222168,25.041841506958008,4447073
2022-08-26,22.571210861206055,24.192468643188477,25.6066951751709,24.179916381835938,25.472803115844727,6065342
2022-08-29,22.61805534362793,24.242677688598633,24.338911056518555,23.807531356811523,23.962343215942383,4975263
2022-08-30,22.29014778137207,23.891212463378906,24.602510452270508,23.790794372558594,24.44769859313965,4419110
2022-08-31,21.720205307006836,23.28033447265625,23.937238693237305,23.2719669342041,23.937238693237305,9325302
2022-09-01,21.56015396118164,23.108787536621094,23.184099197387695,22.652719497680664,23.108787536621094,7537821
2022-09-02,21.376678466796875,22.912134170532227,23.59414291381836,22.757322311401367,23.59414291381836,5535479
2022-09-06,21.177593231201172,22.698745727539062,23.29707145690918,22.55230140686035,23.12552261352539,5778781
2022-09-07,21.96223258972168,23.539749145507812,23.602510452270508,22.58995819091797,22.69037628173828,7109294
2022-09-08,22.418968200683594,24.02928924560547,24.050209045410156,23.092050552368164,23.234310150146484,7435768
2022-09-09,22.793720245361328,24.43096160888672,24.602510452270508,24.234310150146484,24.347280502319336,6450371
2022-09-12,23.246551513671875,24.916318893432617,25.016735076904297,24.497907638549805,24.648536682128906,11056140
2022-09-13,22.114477157592773,23.70292854309082,24.384937286376953,23.54811668395996,24.087865829467773,6938648
2022-09-14,21.78656578063965,23.351463317871094,23.661088943481445,23.033472061157227,23.661088943481445,8653234
2022-09-15,21.521116256713867,23.066946029663086,23.669456481933594,22.97907829284668,23.364017486572266,6637269
2022-09-16,21.072189331054688,22.585773468017578,23.025104522705078,22.196653366088867,22.627614974975586,15006571
2022-09-19,21.59918975830078,23.15062713623047,23.29288673400879,22.351463317871094,22.40585708618164,9608278
2022-09-20,21.177593231201172,22.698745727539062,22.88702964782715,22.464435577392578,22.824268341064453,5506082
2022-09-21,20.748184204101562,22.238494873046875,22.99163246154785,22.221757888793945,22.949790954589844,5757271
2022-09-22,20.490535736083984,21.962343215942383,22.41004180908203,21.84518814086914,22.359832763671875,5795033
2022-09-23,19.807390213012695,21.230125427246094,21.623430252075195,20.86192512512207,21.518827438354492,8219449
2022-09-26,19.53803253173828,20.941423416137695,21.527196884155273,20.836820602416992,21.046024322509766,7260820
2022-09-27,19.553647994995117,20.958158493041992,21.29288673400879,20.71966552734375,21.15062713623047,7620037
2022-09-28,20.006479263305664,21.44351577758789,21.527196884155273,20.907949447631836,21.096233367919922,6417867
2022-09-29,19.772254943847656,21.192468643188477,21.230125427246094,20.85355567932129,21.12970733642578,8091823
2022-09-30,19.674665451049805,21.087865829467773,21.506275177001953,21.033472061157227,21.13389015197754,8535646
2022-10-03,20.467117309570312,21.937238693237305,22.26778221130371,21.380752563476562,21.543933868408203,10311416
2022-10-04,21.361064910888672,22.895397186279297,22.924686431884766,22.330543518066406,22.343095779418945,8220644
2022-10-05,21.25956916809082,22.786611557006836,22.962343215942383,22.364017486572266,22.543933868408203,5377022
2022-10-06,20.7598934173584,22.25104522705078,22.790794372558594,22.209205627441406,22.527196884155273,5560574
2022-10-07,20.439790725708008,21.907949447631836,22.2719669342041,21.74895477294922,21.958158493041992,9623574
2022-10-10,20.193857192993164,21.644350051879883,22.096233367919922,21.535564422607422,22.075313568115234,4891852
2022-10-11,20.221181869506836,21.67363929748535,22.041841506958008,21.1673641204834,21.401674270629883,6819865
2022-10-12,20.135305404663086,21.58159065246582,21.803346633911133,21.44351577758789,21.627614974975586,5513730
2022-10-13,20.81064224243164,22.305438995361328,22.531381607055664,21.00418472290039,21.205020904541016,9141511
2022-10-14,20.338294982910156,21.799163818359375,22.615062713623047,21.740585327148438,22.523012161254883,5844745
2022-10-17,20.775510787963867,22.26778221130371,22.70292854309082,22.117155075073242,22.376569747924805,6481919
2022-10-18,21.536731719970703,23.083681106567383,23.14225959777832,22.615062713623047,22.85355567932129,7802394
2022-10-19,21.119033813476562,22.635982513427734,23.13389015197754,22.539749145507812,22.920501708984375,5659281
2022-10-20,20.98630714416504,22.493724822998047,23.121339797973633,22.38912010192871,22.644350051879883,5228125
2022-10-21,21.6967830657959,23.255229949951172,23.305438995361328,22.43514633178711,22.497907638549805,6138476
2022-10-24,21.86464500427246,23.43514633178711,23.54811668395996,23.02928924560547,23.43096160888672,5012547
2022-10-25,22.235492706298828,23.8326358795166,23.84100341796875,23.31380844116211,23.31380844116211,9077937
2022-10-26,22.286243438720703,23.88702964782715,24.205020904541016,23.73221778869629,24.050209045410156,7240983
2022-10-27,22.161319732666016,23.753137588500977,24.104602813720703,23.56485366821289,23.974895477294922,5912143
2022-10-28,22.469715118408203,24.083681106567383,24.13389015197754,23.753137588500977,23.836820602416992,5295523
2022-10-31,22.32918357849121,23.933053970336914,24.15899658203125,23.778242111206055,24.0,7026122
2022-11-01,22.91473960876465,24.5606689453125,24.882844924926758,24.213388442993164,24.68619155883789,10208646
2022-11-02,23.63301658630371,25.330543518066406,26.88702964782715,25.28451919555664,26.075313568115234,21197866
2022-11-03,23.269977569580078,24.941423416137695,25.518827438354492,24.82845115661621,24.945606231689453,12255681
2022-11-04,24.17563247680664,25.912134170532227,26.225940704345703,25.301254272460938,25.70711326599121,11380941
2022-11-07,24.10146141052246,25.8326358795166,26.041841506958008,25.456066131591797,25.966527938842773,10428526
2022-11-08,25.87374496459961,27.73221778869629,28.640167236328125,27.184099197387695,27.598325729370117,18761022
2022-11-09,26.166521072387695,28.046024322509766,28.234310150146484,27.55230140686035,27.665271759033203,14210223
2022-11-10,27.189289093017578,29.14225959777832,29.799163818359375,28.70292854309082,28.820083618164062,14294351
2022-11-11,27.64212417602539,29.627614974975586,29.983264923095703,29.02092170715332,29.255229949951172,10744962
2022-11-14,27.548431396484375,29.527196884155273,30.225940704345703,29.359832763671875,29.3933048248291,7780884
2022-11-15,27.587472915649414,29.56903839111328,29.949790954589844,29.2719669342041,29.815900802612305,7617647
2022-11-16,26.986299514770508,28.924686431884766,29.698745727539062,28.903766632080078,29.54811668395996,6780908
2022-11-17,27.068275451660156,29.01255226135254,29.025104522705078,27.97071075439453,28.531381607055664,8531822
2022-11-18,27.083892822265625,29.02928924560547,29.41004180908203,28.70292854309082,29.376569747924805,6776128
2022-11-21,27.236141204833984,29.192468643188477,29.401674270629883,28.661088943481445,28.769874572753906,5259912
2022-11-22,27.77094078063965,29.765689849853516,29.782426834106445,29.330543518066406,29.330543518066406,5066800
2022-11-23,28.032493591308594,30.046024322509766,30.083681106567383,29.669456481933594,29.765689849853516,3577830
2022-11-25,27.813884735107422,29.81171417236328,30.175731658935547,29.740585327148438,29.903766632080078,2512129
2022-11-28,27.072179794311523,29.016735076904297,29.598325729370117,28.895397186279297,29.351463317871094,6471642
2022-11-29,27.244766235351562,29.062761306762695,29.32636070251465,28.88702964782715,28.962343215942383,6056260
2022-11-30,27.656612396240234,29.502092361450195,29.514644622802734,28.627614974975586,29.054393768310547,9102315
2022-12-01,27.621313095092773,29.464435577392578,29.623430252075195,29.13389015197754,29.43514633178711,11104418
2022-12-02,28.068462371826172,29.941423416137695,29.966527938842773,28.974895477294922,29.121339797973633,5978585
2022-12-05,27.621313095092773,29.464435577392578,29.799163818359375,29.41004180908203,29.56485366821289,4623694
2022-12-06,27.44480323791504,29.276151657104492,29.71548080444336,29.0,29.585773468017578,4863411
2022-12-07,27.338897705078125,29.163179397583008,29.602510452270508,29.054393768310547,29.221757888793945,5548624
2022-12-08,27.39773941040039,29.225940704345703,29.58159065246582,29.104602813720703,29.4393310546875,4598121
2022-12-09,27.02119255065918,28.824268341064453,29.32636070251465,28.794979095458984,29.15899658203125,4034559
2022-12-12,27.405588150024414,29.234310150146484,29.246862411499023,28.7280330657959,28.794979095458984,5706125
2022-12-13,27.793899536132812,29.648536682128906,30.062761306762695,29.401674270629883,30.0,5949427
2022-12-14,27.315366744995117,29.13807487487793,29.84937286376953,28.87029266357422,29.518827438354492,6460648
2022-12-15,26.597576141357422,28.372385025024414,28.774059295654297,28.259414672851562,28.73221778869629,7709662
2022-12-16,26.63680076599121,28.414226531982422,28.753137588500977,28.025104522705078,28.175731658935547,11087688
2022-12-19,26.4995174407959,28.26778221130371,28.56903839111328,28.062761306762695,28.343095779418945,10268635
2022-12-20,26.479904174804688,28.246862411499023,28.677824020385742,28.234310150146484,28.3933048248291,5104084
2022-12-21,26.7976131439209,28.585773468017578,28.73221778869629,28.506275177001953,28.543933868408203,4876317
2022-12-22,26.49559211730957,28.26359748840332,28.28033447265625,27.744770050048828,28.234310150146484,5943930
2022-12-23,26.958433151245117,28.757322311401367,28.782426834106445,28.200836181640625,28.225940704345703,3607466
2022-12-27,26.978042602539062,28.778242111206055,29.00836753845215,28.723848342895508,28.765689849853516,3513778
2022-12-28,26.593652725219727,28.368200302124023,28.974895477294922,28.343095779418945,28.86610984802246,3055376
2022-12-29,26.899599075317383,28.694561004638672,28.903766632080078,28.45188331604004,28.45188331604004,2752324
2022-12-30,26.919208526611328,28.71548080444336,28.7280330657959,28.42259407043457,28.472803115844727,3441122
2023-01-03,27.009424209594727,28.81171417236328,29.108787536621094,28.543933868408203,28.891212463378906,4245118
2023-01-04,27.664459228515625,29.510459899902344,29.698745727539062,29.050209045410156,29.15481185913086,6113859
2023-01-05,27.797819137573242,29.652719497680664,29.67363929748535,28.97071075439453,29.121339797973633,6191295
2023-01-06,28.42540168762207,30.322175979614258,30.468618392944336,29.70711326599121,30.033472061157227,8096364
2023-01-09,28.821556091308594,30.744770050048828,31.033472061157227,30.414226531982422,30.472803115844727,7823426
2023-01-10,28.994142532348633,30.928869247436523,30.974895477294922,30.476987838745117,30.69037628173828,4274276
2023-01-11,29.378536224365234,31.338911056518555,31.384937286376953,30.99163246154785,31.1673641204834,5379173
2023-01-12,29.319700241088867,31.276151657104492,31.539749145507812,30.99163246154785,31.213388442993164,6220214
2023-01-13,29.496206283569336,31.464435577392578,31.539749145507812,30.82845115661621,30.916318893432617,8207738
2023-01-17,29.154958724975586,31.100418090820312,31.255229949951172,30.945606231689453,31.096233367919922,8360220
2023-01-18,28.703886032104492,30.619247436523438,31.45188331604004,30.55648422241211,31.317991256713867,17889628
2023-01-19,28.55483627319336,30.460250854492188,30.527196884155273,30.108787536621094,30.45188331604004,8799263
2023-01-20,29.013755798339844,30.949790954589844,30.97071075439453,30.26778221130371,30.489540100097656,8843239
2023-01-23,29.53542709350586,31.506275177001953,31.523012161254883,30.7280330657959,30.891212463378906,5060586
2023-01-24,29.39422607421875,31.355649948120117,31.42677879333496,30.958158493041992,31.050209045410156,7330130
2023-01-25,28.841167449951172,30.765689849853516,31.037656784057617,30.535564422607422,30.87447738647461,7631509
2023-01-26,28.919620513916016,30.84937286376953,30.87447738647461,30.1673641204834,30.615062713623047,7491455
2023-01-27,28.849016189575195,30.774059295654297,31.041841506958008,30.56903839111328,30.56903839111328,5189407
2023-01-30,28.496004104614258,30.397489547729492,30.778242111206055,30.31380844116211,30.585773468017578,6075380
2023-01-31,29.005908966064453,30.941423416137695,30.962343215942383,30.238494873046875,30.506275177001953,6539040
2023-02-01,29.08043670654297,31.02092170715332,31.29288673400879,30.485355377197266,30.769874572753906,8589421
2023-02-02,29.237333297729492,31.18828582763672,31.259414672851562,30.640167236328125,31.050209045410156,6885351
2023-02-03,28.625438690185547,30.535564422607422,31.041841506958008,30.476987838745117,30.757322311401367,6778996
2023-02-06,28.382253646850586,30.276151657104492,30.43514633178711,30.046024322509766,30.3933048248291,7337539
2023-02-07,30.512104034423828,32.548118591308594,32.548118591308594,31.502092361450195,31.506275177001953,18879327
2023-02-08,30.163009643554688,32.17573165893555,32.46443557739258,32.112972259521484,32.30543899536133,7777538
2023-02-09,29.715856552124023,31.698745727539062,32.803348541259766,31.493724822998047,32.56903839111328,8124327
2023-02-10,29.735469818115234,31.71966552734375,31.753137588500977,31.334728240966797,31.54811668395996,4734351
2023-02-13,29.955123901367188,31.953975677490234,32.050209045410156,31.56485366821289,31.723848342895508,5828971
2023-02-14,29.990427017211914,31.99163246154785,32.21757125854492,31.652719497680664,31.8326358795166,4721923
2023-02-15,29.943357467651367,31.941423416137695,31.97071075439453,31.648536682128906,31.912134170532227,3644989
2023-02-16,29.602108001708984,31.57740592956543,32.00418472290039,31.3933048248291,31.456066131591797,4650462
2023-02-17,29.449138641357422,31.414226531982422,31.472803115844727,31.13807487487793,31.368200302124023,4905236
2023-02-21,28.617597579956055,30.527196884155273,31.301254272460938,30.42677879333496,31.096233367919922,7404220
2023-02-22,28.597980499267578,30.506275177001953,30.820083618164062,30.40585708618164,30.56903839111328,5708515
2023-02-23,28.570528030395508,30.476987838745117,30.85774040222168,30.175731658935547,30.665271759033203,4784302
2023-02-24,28.60190773010254,30.510459899902344,30.677824020385742,29.899581909179688,30.046024322509766,6965177
2023-02-27,28.78717041015625,30.55648422241211,30.820083618164062,30.527196884155273,30.677824020385742,5670753
2023-02-28,28.78717041015625,30.55648422241211,30.67363929748535,30.29288673400879,30.523012161254883,7259386
2023-03-01,29.039451599121094,30.824268341064453,31.121339797973633,30.481172561645508,30.514644622802734,6262995
2023-03-02,29.52823257446289,31.343095779418945,31.376569747924805,30.543933868408203,30.753137588500977,5521378
2023-03-03,29.425748825073242,31.234310150146484,31.539749145507812,31.14225959777832,31.539749145507812,6778996
2023-03-06,28.696510314941406,30.460250854492188,31.14225959777832,30.334728240966797,31.071130752563477,7864295
2023-03-07,28.038223266601562,29.761505126953125,30.343095779418945,29.55230140686035,30.343095779418945,8889605
2023-03-08,28.420583724975586,30.1673641204834,30.343095779418945,29.69037628173828,29.803346633911133,7046198
2023-03-09,27.916027069091797,29.631799697875977,30.414226531982422,29.527196884155273,30.343095779418945,8471594
2023-03-10,27.72681999206543,29.43096160888672,29.794979095458984,29.100418090820312,29.518827438354492,8401328
2023-03-13,27.297157287597656,28.974895477294922,29.28033447265625,28.68619155883789,29.075313568115234,7468511
2023-03-14,27.7110538482666,29.414226531982422,29.799163818359375,29.104602813720703,29.476987838745117,7108577
2023-03-15,26.74135971069336,28.384937286376953,28.769874572753906,28.054393768310547,28.69037628173828,11851771
2023-03-16,27.285335540771484,28.962343215942383,29.100418090820312,27.99163246154785,28.117155075073242,10495924
2023-03-17,26.627046585083008,28.26359748840332,28.84518814086914,28.209205627441406,28.84518814086914,34881094
2023-03-20,27.171022415161133,28.84100341796875,29.016735076904297,28.45188331604004,28.456066131591797,8325565
2023-03-21,27.46271514892578,29.15062713623047,29.489540100097656,29.01255226135254,29.368200302124023,8060275
2023-03-22,26.883268356323242,28.535564422607422,29.330543518066406,28.523012161254883,29.00836753845215,6941516
2023-03-23,26.94633674621582,28.602510452270508,28.99581527709961,28.246862411499023,28.58159065246582,5978824
2023-03-24,27.040939331054688,28.70292854309082,28.8326358795166,27.962343215942383,28.343095779418945,5218087
2023-03-27,27.17496681213379,28.84518814086914,29.071130752563477,28.794979095458984,28.933053970336914,4155015
2023-03-28,27.42723846435547,29.11297035217285,29.163179397583008,28.799163818359375,28.87029266357422,4926985
2023-03-29,27.91996955871582,29.635982513427734,29.74895477294922,29.334728240966797,29.464435577392578,5778303
2023-03-30,27.84113311767578,29.55230140686035,29.907949447631836,29.485355377197266,29.882844924926758,4899500
2023-03-31,28.29050064086914,30.02928924560547,30.062761306762695,29.56903839111328,29.58995819091797,5973327
2023-04-03,28.33780288696289,30.079498291015625,30.485355377197266,30.00836753845215,30.12970733642578,8548791
2023-04-04,27.67951774597168,29.380752563476562,29.99581527709961,29.184099197387695,29.941423416137695,7273248
2023-04-05,27.734704971313477,29.4393310546875,29.464435577392578,28.99581527709961,29.083681106567383,7956788
2023-04-06,27.450889587402344,29.13807487487793,29.38912010192871,28.933053970336914,29.28033447265625,6903276
2023-04-10,27.51790428161621,29.209205627441406,29.225940704345703,28.836820602416992,28.941423416137695,5409526
2023-04-11,27.860843658447266,29.57322120666504,29.73221778869629,29.322175979614258,29.380752563476562,4800554
2023-04-12,27.91996955871582,29.635982513427734,30.058576583862305,29.493724822998047,29.933053970336914,7345187
2023-04-13,28.093406677246094,29.820083618164062,29.891212463378906,29.43096160888672,29.598325729370117,6297172
2023-04-14,27.774120330810547,29.481172561645508,30.062761306762695,29.31380844116211,29.81171417236328,7227599
2023-04-17,28.04610824584961,29.769874572753906,29.774059295654297,29.44351577758789,29.497907638549805,6370306
2023-04-18,28.235321044921875,29.97071075439453,30.104602813720703,29.694561004638672,30.025104522705078,7421906
2023-04-19,28.069761276245117,29.794979095458984,29.882844924926758,29.661088943481445,29.84937286376953,3891876
2023-04-20,27.70711326599121,29.41004180908203,29.71966552734375,29.255229949951172,29.502092361450195,6226428
2023-04-21,27.549436569213867,29.242677688598633,29.30962371826172,29.00836753845215,29.2719669342041,8640806
2023-04-24,27.80959701538086,29.518827438354492,29.531381607055664,29.217573165893555,29.276151657104492,7054085
2023-04-25,26.80048942565918,28.44769859313965,29.175731658935547,28.40585708618164,29.100418090820312,8415668
2023-04-26,26.55609893798828,28.18828582763672,28.523012161254883,27.962343215942383,28.368200302124023,7548576
2023-04-27,27.080360412597656,28.744770050048828,28.820083618164062,28.205020904541016,28.276151657104492,6505580
2023-04-28,27.482425689697266,29.17154884338379,29.29707145690918,28.665271759033203,28.665271759033203,8141535
2023-05-01,27.348405838012695,29.02928924560547,29.485355377197266,28.941423416137695,29.205020904541016,6076575
2023-05-02,25.63370704650879,27.209205627441406,27.234310150146484,26.276151657104492,26.765689849853516,23400251
2023-05-03,25.385372161865234,26.945606231689453,27.543933868408203,26.88702964782715,27.1673641204834,11236346
2023-05-04,25.251352310180664,26.803346633911133,26.974895477294922,26.464435577392578,26.769874572753906,7350206
2023-05-05,25.82291603088379,27.41004180908203,27.481172561645508,27.066946029663086,27.13389015197754,6308644
2023-05-08,25.531219482421875,27.100418090820312,27.585773468017578,27.00836753845215,27.55230140686035,5652350
2023-05-09,25.334129333496094,26.891212463378906,26.98744773864746,26.627614974975586,26.815900802612305,4856241
2023-05-10,25.282886505126953,26.836820602416992,27.25104522705078,26.468618392944336,27.196653366088867,5632035
2023-05-11,25.172515869140625,26.71966552734375,26.723848342895508,26.518827438354492,26.61087989807129,4950407
2023-05-12,25.137041091918945,26.682008743286133,26.983264923095703,26.45188331604004,26.84518814086914,4611983
2023-05-15,25.866275787353516,27.456066131591797,27.497907638549805,26.907949447631836,27.28870391845703,8577710
2023-05-16,25.62188720703125,27.196653366088867,27.351463317871094,27.01255226135254,27.29288673400879,5143997
2023-05-17,25.858394622802734,27.44769859313965,27.598325729370117,27.12552261352539,27.317991256713867,5664778
2023-05-18,26.36688995361328,27.98744773864746,28.02928924560547,27.234310150146484,27.372385025024414,9872612
2023-05-19,26.311704635620117,27.928869247436523,28.192468643188477,27.803346633911133,28.12970733642578,7262732
2023-05-22,26.441783905029297,28.066946029663086,28.2719669342041,27.73640251159668,27.891212463378906,4400946
2023-05-23,26.56397819519043,28.196653366088867,28.468618392944336,27.974895477294922,27.983264923095703,6058172
2023-05-24,26.122495651245117,27.7280330657959,28.12552261352539,27.602510452270508,28.033472061157227,11344613
2023-05-25,26.22498321533203,27.836820602416992,27.99581527709961,27.55230140686035,27.740585327148438,6216868
2023-05-26,26.646760940551758,28.28451919555664,28.44351577758789,27.878660202026367,27.99163246154785,11569034
2023-05-30,27.233272552490234,28.753137588500977,28.84100341796875,28.17154884338379,28.305438995361328,10986830
2023-05-31,26.62694549560547,28.11297035217285,28.70711326599121,28.046024322509766,28.57740592956543,15168135
2023-06-01,26.726016998291016,28.217573165893555,28.502092361450195,28.071130752563477,28.17154884338379,10773403
2023-06-02,28.679744720458984,30.28033447265625,30.669456481933594,29.74895477294922,29.916318893432617,19739727
2023-06-05,28.36271095275879,29.945606231689453,30.355649948120117,29.928869247436523,30.276151657104492,9826963
2023-06-06,28.152671813964844,29.723848342895508,30.368200302124023,29.59414291381836,29.790794372558594,8198178
2023-06-07,28.148712158203125,29.71966552734375,30.092050552368164,29.57740592956543,29.635982513427734,8213952
2023-06-08,27.91489601135254,29.472803115844727,29.753137588500977,29.205020904541016,29.70711326599121,7341124
2023-06-09,27.60974884033203,29.15062713623047,29.456066131591797,29.096233367919922,29.401674270629883,6735020
2023-06-12,27.62957000732422,29.17154884338379,29.44769859313965,29.00836753845215,29.121339797973633,7175258
2023-06-13,28.045677185058594,29.61087989807129,29.794979095458984,29.28870391845703,29.42259407043457,7827250
2023-06-14,27.716747283935547,29.26359748840332,29.677824020385742,29.15481185913086,29.59414291381836,10429960
2023-06-15,27.6256046295166,29.1673641204834,29.29288673400879,28.70292854309082,29.108787536621094,11738485
2023-06-16,27.506717681884766,29.041841506958008,29.29288673400879,28.665271759033203,29.255229949951172,18826747
2023-06-20,27.225351333618164,28.744770050048828,28.85774040222168,28.184099197387695,28.57322120666504,12539613
2023-06-21,27.114381790161133,28.627614974975586,28.815900802612305,28.225940704345703,28.510459899902344,10284887
2023-06-22,26.884532928466797,28.384937286376953,28.523012161254883,28.163179397583008,28.45188331604004,6358834
2023-06-23,26.86075210571289,28.359832763671875,28.43096160888672,27.87447738647461,28.096233367919922,8474462
2023-06-26,26.868680953979492,28.368200302124023,28.73221778869629,28.32636070251465,28.351463317871094,6088525
2023-06-27,27.42349624633789,28.953975677490234,28.958158493041992,28.368200302124023,28.43096160888672,7463731
2023-06-28,27.60974884033203,29.15062713623047,29.25104522705078,28.61087989807129,28.87447738647461,7902535
2023-06-29,28.081340789794922,29.648536682128906,29.69037628173828,29.037656784057617,29.037656784057617,8015821
2023-06-30,28.311189651489258,29.891212463378906,30.041841506958008,29.778242111206055,29.86192512512207,6690805
2023-07-03,28.36271095275879,29.945606231689453,30.15899658203125,29.81171417236328,29.81171417236328,2956908
2023-07-05,27.657306671142578,29.200836181640625,29.635982513427734,29.184099197387695,29.615062713623047,7964675
2023-07-06,27.57012367248535,29.108787536621094,29.14225959777832,28.456066131591797,28.97071075439453,8083697
2023-07-07,27.90300750732422,29.460250854492188,29.774059295654297,29.196653366088867,29.196653366088867,7322960
2023-07-10,27.867341995239258,29.42259407043457,29.87447738647461,29.230125427246094,29.502092361450195,6829186
2023-07-11,28.271560668945312,29.84937286376953,29.891212463378906,29.301254272460938,29.61087989807129,4891852
2023-07-12,28.782777786254883,30.38912010192871,30.57322120666504,29.97071075439453,30.12552261352539,9685236
2023-07-13,29.0086669921875,30.627614974975586,30.782426834106445,30.355649948120117,30.485355377197266,7965870
2023-07-14,28.77485466003418,30.380752563476562,30.585773468017578,30.205020904541016,30.585773468017578,4786214
2023-07-17,28.76296615600586,30.368200302124023,30.4393310546875,30.209205627441406,30.209205627441406,5808417
2023-07-18,29.543664932250977,31.192468643188477,31.234310150146484,30.26359748840332,30.58159065246582,6661408
2023-07-19,29.785402297973633,31.44769859313965,31.56485366821289,31.192468643188477,31.276151657104492,8193637
2023-07-20,29.888437271118164,31.55648422241211,31.656904220581055,31.301254272460938,31.615062713623047,5764680
2023-07-21,29.773509979248047,31.43514633178711,31.656904220581055,31.26359748840332,31.55648422241211,9146769
2023-07-24,29.91617774963379,31.585773468017578,31.744770050048828,31.276151657104492,31.380752563476562,6140388
2023-07-25,30.43532371520996,32.13389205932617,32.25941467285156,31.70292854309082,31.799163818359375,6119834
2023-07-26,30.36795425415039,32.06276321411133,32.30543899536133,31.88702964782715,32.012550354003906,5347386
2023-07-27,30.83557891845703,32.55648422241211,32.94560623168945,32.06694412231445,32.21757125854492,7860949
2023-07-28,30.775861740112305,32.34309768676758,32.765689849853516,32.05857849121094,32.73221969604492,7424057
2023-07-31,30.907245635986328,32.481170654296875,32.49790954589844,32.15481185913086,32.42677688598633,5762290
2023-08-01,30.672348022460938,32.234310150146484,32.61506271362305,32.196651458740234,32.40585708618164,7759852
2023-08-02,30.409574508666992,31.958158493041992,32.523014068603516,31.661088943481445,32.21757125854492,10218923
2023-08-03,30.708181381225586,32.271968841552734,32.67782211303711,31.55230140686035,31.920501708984375,8322697
2023-08-04,30.668363571166992,32.230125427246094,32.912132263183594,32.209205627441406,32.34309768676758,6764178
2023-08-07,31.086402893066406,32.669456481933594,32.87029266357422,32.30125427246094,32.397491455078125,6636074
2023-08-08,30.891319274902344,32.46443557739258,32.81589889526367,32.17991638183594,32.34309768676758,7337539
2023-08-09,30.409574508666992,31.958158493041992,32.55229949951172,31.84518814086914,32.42677688598633,6461843
2023-08-10,30.314023971557617,31.85774040222168,32.40167236328125,31.824268341064453,32.15481185913086,4122033
2023-08-11,30.385684967041016,31.933053970336914,32.079498291015625,31.73640251159668,31.761505126953125,4415764
2023-08-14,30.53299903869629,32.087867736816406,32.15899658203125,31.68619155883789,31.799163818359375,4710451
2023-08-15,29.95968246459961,31.485355377197266,31.928869247436523,31.343095779418945,31.786611557006836,4310365
2023-08-16,29.76459312438965,31.28033447265625,31.656904220581055,31.259414672851562,31.3933048248291,3600057
2023-08-17,29.792465209960938,31.30962371826172,31.799163818359375,31.200836181640625,31.456066131591797,6927176
2023-08-18,30.019405364990234,31.54811668395996,31.70711326599121,31.046024322509766,31.096233367919922,8181209
2023-08-21,29.780521392822266,31.29707145690918,31.769874572753906,31.12552261352539,31.694561004638672,5172916
2023-08-22,29.4182186126709,30.916318893432617,31.464435577392578,30.86610984802246,31.40585708618164,5997466
2023-08-23,29.669042587280273,31.179916381835938,31.32636070251465,30.912134170532227,31.238494873046875,4468822
2023-08-24,29.561546325683594,31.066946029663086,31.497907638549805,31.062761306762695,31.108787536621094,4451136
2023-08-25,29.716819763183594,31.230125427246094,31.456066131591797,31.01255226135254,31.2719669342041,3827107
2023-08-28,30.05523681640625,31.585773468017578,31.70711326599121,31.28451919555664,31.31380844116211,3850529
2023-08-29,30.54096221923828,32.09623336791992,32.108787536621094,31.61087989807129,31.69037628173828,4028345
2023-08-30,30.652441024780273,32.2133903503418,32.368202209472656,31.98744773864746,32.00836944580078,3982935
2023-08-31,30.612625122070312,32.171546936035156,32.46443557739258,32.16318130493164,32.30125427246094,5852393
2023-09-01,31.04261016845703,32.62343215942383,32.669456481933594,32.326358795166016,32.351463317871094,4661934
2023-09-05,30.01542091369629,31.543933868408203,32.514644622802734,31.506275177001953,32.514644622802734,3954494
2023-09-06,30.242359161376953,31.782426834106445,31.87447738647461,31.40585708618164,31.42677879333496,3726727
2023-09-07,30.08310317993164,31.615062713623047,31.953975677490234,31.330543518066406,31.807531356811523,6153294
2023-09-08,30.023386001586914,31.55230140686035,31.70711326599121,31.384937286376953,31.535564422607422,3736526
2023-09-11,30.03134536743164,31.5606689453125,31.974895477294922,31.510459899902344,31.786611557006836,4492005
2023-09-12,29.935794830322266,31.460250854492188,31.790794372558594,31.347280502319336,31.384937286376953,5021151
2023-09-13,29.53367805480957,31.037656784057617,31.585773468017578,30.953975677490234,31.464435577392578,5141368
2023-09-14,29.927833557128906,31.45188331604004,31.631799697875977,31.058576583862305,31.372385025024414,3871800
2023-09-15,29.684972763061523,31.196653366088867,31.598325729370117,31.079498291015625,31.42677879333496,8719198
2023-09-18,29.772558212280273,31.28870391845703,31.631799697875977,31.025104522705078,31.192468643188477,3915298
2023-09-19,29.64913558959961,31.15899658203125,31.481172561645508,30.958158493041992,31.276151657104492,7786859
2023-09-20,29.462011337280273,30.962343215942383,31.531381607055664,30.937238693237305,31.41840934753418,3715255
2023-09-21,29.00813865661621,30.485355377197266,30.84518814086914,30.460250854492188,30.740585327148438,4873210
2023-09-22,29.00017738342285,30.476987838745117,30.744770050048828,30.43514633178711,30.6066951751709,4626084
2023-09-25,29.20720863342285,30.694561004638672,30.807531356811523,30.29288673400879,30.29288673400879,4279534
2023-09-26,28.976287841796875,30.45188331604004,30.774059295654297,30.276151657104492,30.41840934753418,6017064
2023-09-27,29.251001358032227,30.740585327148438,30.966527938842773,30.472803115844727,30.602510452270508,4824454
2023-09-28,29.67700958251953,31.18828582763672,31.322175979614258,30.73640251159668,30.73640251159668,5073731
2023-09-29,29.696910858154297,31.209205627441406,31.57322120666504,31.15899658203125,31.42677879333496,5535240
2023-10-02,29.191282272338867,30.677824020385742,31.108787536621094,30.41004180908203,30.928869247436523,6836595
2023-10-03,29.25896453857422,30.74895477294922,31.1673641204834,30.464435577392578,30.481172561645508,7349011
2023-10-04,29.334609985351562,30.82845115661621,30.941423416137695,30.489540100097656,30.941423416137695,6557204
2023-10-05,29.32266616821289,30.815900802612305,30.98744773864746,30.543933868408203,30.648536682128906,7408283
2023-10-06,29.979589462280273,31.506275177001953,31.71548080444336,30.69037628173828,30.69037628173828,6676226
2023-10-09,29.9676456451416,31.493724822998047,31.61087989807129,31.184099197387695,31.32636070251465,3853636
2023-10-10,30.349851608276367,31.895397186279297,32.167362213134766,31.55648422241211,31.56903839111328,6404961
2023-10-11,30.42550277709961,31.974895477294922,32.14225769042969,31.7280330657959,31.941423416137695,5731698
2023-10-12,30.206527709960938,31.744770050048828,32.22175598144531,31.468618392944336,32.22175598144531,4648072
2023-10-13,30.01542091369629,31.543933868408203,32.0167350769043,31.397489547729492,31.815900802612305,5841638
2023-10-16,29.97560691833496,31.502092361450195,32.0,31.481172561645508,31.84100341796875,5627494
2023-10-17,30.12689971923828,31.661088943481445,31.820083618164062,31.17154884338379,31.17154884338379,4669343
2023-10-18,29.549602508544922,31.054393768310547,31.384937286376953,31.00836753845215,31.384937286376953,4654286
2023-10-19,29.454050064086914,30.953975677490234,31.502092361450195,30.916318893432617,30.962343215942383,6939604
2023-10-20,29.067859649658203,30.54811668395996,31.041841506958008,30.518827438354492,30.97071075439453,6304581
2023-10-23,28.777217864990234,30.242677688598633,30.57740592956543,30.18828582763672,30.41004180908203,6023995
2023-10-24,28.9842529296875,30.460250854492188,30.682008743286133,30.234310150146484,30.41840934753418,3813245
2023-10-25,28.52241325378418,29.974895477294922,30.38912010192871,29.941423416137695,30.347280502319336,5405941
2023-10-26,28.75333023071289,30.217573165893555,30.535564422607422,30.15062713623047,30.163179397583008,3837862
2023-10-27,28.7254638671875,30.18828582763672,30.401674270629883,30.02092170715332,30.330543518066406,5904495
2023-10-30,29.020084381103516,30.497907638549805,30.59414291381836,30.179916381835938,30.217573165893555,5311058
2023-10-31,29.01609992980957,30.493724822998047,30.640167236328125,30.44769859313965,30.506275177001953,6934346
2023-11-01,26.643211364746094,28.0,29.953975677490234,27.84937286376953,29.238494873046875,25684374
2023-11-02,27.12495994567871,28.506275177001953,28.694561004638672,28.175731658935547,28.217573165893555,14559402
2023-11-03,27.73808479309082,29.15062713623047,29.384937286376953,28.74895477294922,28.74895477294922,7175019
2023-11-06,27.686328887939453,29.096233367919922,29.343095779418945,28.84937286376953,29.083681106567383,7762481
2023-11-07,27.244400024414062,28.631799697875977,28.928869247436523,28.44769859313965,28.912134170532227,8516765
2023-11-08,27.236434936523438,28.623430252075195,28.81171417236328,28.523012161254883,28.531381607055664,5643746
2023-11-09,27.00551986694336,28.380752563476562,28.794979095458984,28.351463317871094,28.744770050048828,4749169
2023-11-10,27.367820739746094,28.761505126953125,28.878660202026367,28.259414672851562,28.45188331604004,7729021
2023-11-13,27.284212112426758,28.67363929748535,28.820083618164062,28.41004180908203,28.774059295654297,5466169
2023-11-14,28.02076530456543,29.44769859313965,29.619247436523438,29.066946029663086,29.066946029663086,7039506
2023-11-15,28.21584701538086,29.652719497680664,30.025104522705078,29.485355377197266,29.539749145507812,6471403
2023-11-16,28.104372024536133,29.535564422607422,29.694561004638672,29.347280502319336,29.497907638549805,6282115
2023-11-17,28.35519790649414,29.799163818359375,29.803346633911133,29.54811668395996,29.71548080444336,4782629
2023-11-20,28.410938262939453,29.85774040222168,29.953975677490234,29.585773468017578,29.761505126953125,4727420
2023-11-21,28.207883834838867,29.644350051879883,29.82845115661621,29.619247436523438,29.794979095458984,5249157
2023-11-22,28.39103126525879,29.836820602416992,29.937238693237305,29.56903839111328,29.648536682128906,4219306
2023-11-24,28.47463607788086,29.924686431884766,30.016735076904297,29.71966552734375,29.774059295654297,1734901
2023-11-27,28.35519790649414,29.799163818359375,29.82845115661621,29.489540100097656,29.677824020385742,6754379
2023-11-28,28.3830623626709,29.82845115661621,30.14225959777832,29.70711326599121,29.87447738647461,5886092
2023-11-29,28.58714485168457,29.891212463378906,30.11297035217285,29.820083618164062,29.85355567932129,4745823
2023-11-30,28.62716293334961,29.933053970336914,30.066946029663086,29.799163818359375,29.953975677490234,10396978
2023-12-01,28.975299835205078,30.29707145690918,30.42677879333496,29.820083618164062,29.953975677490234,10586027
2023-12-04,28.71519660949707,30.025104522705078,30.192468643188477,29.665271759033203,30.025104522705078,10648167
2023-12-05,28.36305809020996,29.656904220581055,29.924686431884766,29.472803115844727,29.794979095458984,7486914
2023-12-06,28.26302146911621,29.55230140686035,29.962343215942383,29.502092361450195,29.786611557006836,6424081
2023-12-07,28.29903221130371,29.58995819091797,29.895397186279297,29.510459899902344,29.67363929748535,6959680
2023-12-08,28.367061614990234,29.661088943481445,29.88702964782715,29.585773468017578,29.640167236328125,5554360
2023-12-11,28.56313705444336,29.86610984802246,29.97907829284668,29.502092361450195,29.57740592956543,6796682
2023-12-12,28.375064849853516,29.669456481933594,29.84100341796875,29.57322120666504,29.84100341796875,5661432
2023-12-13,28.767215728759766,30.079498291015625,30.14644432067871,29.481172561645508,29.54811668395996,8971343
2023-12-14,29.379457473754883,30.71966552734375,30.85774040222168,30.29707145690918,30.301254272460938,11818550
2023-12-15,29.30342674255371,30.640167236328125,30.899581909179688,30.468618392944336,30.815900802612305,20508351
2023-12-18,29.447481155395508,30.790794372558594,30.916318893432617,30.55648422241211,30.81171417236328,9033005
2023-12-19,29.65956687927246,31.01255226135254,31.092050552368164,30.753137588500977,30.903766632080078,7726870
2023-12-20,29.319435119628906,30.656904220581055,31.071130752563477,30.640167236328125,30.941423416137695,8903467
2023-12-21,29.755599975585938,31.11297035217285,31.12552261352539,30.836820602416992,30.86610984802246,4839989
2023-12-22,30.223785400390625,31.602510452270508,31.878660202026367,31.234310150146484,31.26359748840332,7544991
2023-12-26,30.615936279296875,32.012550354003906,32.15899658203125,31.623430252075195,31.640167236328125,6021605
2023-12-27,30.784006118774414,32.18828582763672,32.196651458740234,31.924686431884766,31.924686431884766,4822781
2023-12-28,30.828022003173828,32.234310150146484,32.389122009277344,32.13807678222656,32.16318130493164,4441337
2023-12-29,30.784006118774414,32.18828582763672,32.26778030395508,32.02510452270508,32.15481185913086,4118209
2024-01-02,31.016090393066406,32.43096160888672,32.527198791503906,32.00418472290039,32.00418472290039,6142300
2024-01-03,30.820018768310547,32.2259407043457,32.44351577758789,31.933053970336914,32.19247055053711,6899691
2024-01-04,30.63594627380371,32.03347396850586,32.359832763671875,31.97907829284668,32.15062713623047,6553141
2024-01-05,30.687963485717773,32.087867736816406,32.28033447265625,31.933053970336914,31.937238693237305,5181042
2024-01-08,30.67995834350586,32.079498291015625,32.112972259521484,31.794979095458984,31.794979095458984,5049592
2024-01-09,30.535905838012695,31.928869247436523,32.00418472290039,31.761505126953125,31.765689849853516,5351688
2024-01-10,30.48388671875,31.87447738647461,31.97907829284668,31.698745727539062,31.757322311401367,5370330
2024-01-11,30.315820693969727,31.698745727539062,31.86610984802246,31.518827438354492,31.86610984802246,6678855
2024-01-12,30.223785400390625,31.602510452270508,31.937238693237305,31.464435577392578,31.937238693237305,4283597
2024-01-16,29.499500274658203,30.84518814086914,31.163179397583008,30.623430252075195,31.075313568115234,10440715
2024-01-17,29.243406295776367,30.57740592956543,30.744770050048828,30.42677879333496,30.476987838745117,7958700
2024-01-18,29.347444534301758,30.68619155883789,30.769874572753906,30.485355377197266,30.694561004638672,5783561
2024-01-19,29.483497619628906,30.82845115661621,30.903766632080078,30.485355377197266,30.682008743286133,8258167
2024-01-22,29.767606735229492,31.12552261352539,31.234310150146484,30.799163818359375,30.815900802612305,4855763
2024-01-23,29.887651443481445,31.25104522705078,31.29288673400879,31.0,31.242677688598633,4733873
2024-01-24,25.690017700195312,26.86192512512207,27.824268341064453,26.744770050048828,26.966527938842773,49556650
2024-01-25,25.65400505065918,26.824268341064453,27.209205627441406,26.57740592956543,27.025104522705078,16726654
2024-01-26,25.878089904785156,27.058576583862305,27.32636070251465,26.920501708984375,27.037656784057617,10983006
2024-01-29,25.413908004760742,26.57322120666504,26.903766632080078,26.485355377197266,26.895397186279297,11685905
2024-01-30,25.189821243286133,26.338911056518555,26.73221778869629,26.30962371826172,26.493724822998047,9742118
2024-01-31,24.729642868041992,25.85774040222168,26.42677879333496,25.824268341064453,26.368200302124023,10196218
2024-02-01,24.793670654296875,25.924686431884766,26.079498291015625,25.644350051879883,26.025104522705078,8708443
2024-02-02,24.953731536865234,26.092050552368164,26.18828582763672,25.58159065246582,25.652719497680664,10693338
2024-02-05,24.493553161621094,25.61087989807129,25.958158493041992,25.6066951751709,25.69037628173828,17112639
2024-02-06,26.306255340576172,27.506275177001953,27.623430252075195,26.619247436523438,26.958158493041992,19532275
2024-02-07,26.602373123168945,27.815900802612305,28.033472061157227,27.506275177001953,27.656904220581055,9758131
2024-02-08,26.850467681884766,28.075313568115234,28.096233367919922,27.585773468017578,27.824268341064453,7131521
2024-02-09,27.082557678222656,28.317991256713867,28.338911056518555,27.85355567932129,28.025104522705078,7859754
2024-02-12,27.398685455322266,28.648536682128906,28.836820602416992,28.334728240966797,28.334728240966797,7031619
2024-02-13,26.746429443359375,27.966527938842773,28.397489547729492,27.656904220581055,28.213388442993164,8470399
2024-02-14,27.070552825927734,28.305438995361328,28.334728240966797,27.86610984802246,28.213388442993164,7156855
2024-02-15,27.39068031311035,28.640167236328125,28.86610984802246,28.343095779418945,28.368200302124023,5806983
2024-02-16,27.39068031311035,28.640167236328125,28.945606231689453,28.6066951751709,28.677824020385742,6594249
2024-02-20,27.198604583740234,28.4393310546875,28.67363929748535,28.32636070251465,28.485355377197266,6635357
2024-02-21,27.634777069091797,28.895397186279297,28.953975677490234,28.355649948120117,28.472803115844727,9135297
2024-02-22,27.98291015625,29.259414672851562,29.351463317871094,28.916318893432617,28.916318893432617,5515881
2024-02-23,27.99491310119629,29.2719669342041,29.514644622802734,29.26359748840332,29.397489547729492,4694677
2024-02-26,27.97490882873535,29.25104522705078,29.44769859313965,29.104602813720703,29.15481185913086,5427690
2024-02-27,27.850860595703125,29.121339797973633,29.414226531982422,28.98744773864746,29.343095779418945,7006763
2024-02-28,28.015823364257812,29.13389015197754,29.175731658935547,28.765689849853516,28.786611557006836,5633708
2024-02-29,27.838787078857422,28.949790954589844,29.17154884338379,28.539749145507812,28.55648422241211,15717835
2024-03-01,27.987659454345703,29.104602813720703,29.28033447265625,28.81171417236328,28.84100341796875,5106474
2024-03-04,28.019845962524414,29.13807487487793,29.205020904541016,28.98744773864746,29.00836753845215,5299108
2024-03-05,27.76234245300293,28.87029266357422,29.192468643188477,28.790794372558594,28.924686431884766,5258478
2024-03-06,28.277353286743164,29.40585708618164,29.535564422607422,28.966527938842773,29.083681106567383,6185559
2024-03-07,28.643495559692383,29.786611557006836,30.02928924560547,29.631799697875977,29.652719497680664,5777108
2024-03-08,28.727989196777344,29.87447738647461,30.343095779418945,29.82845115661621,29.97071075439453,5251547
2024-03-11,29.029756546020508,30.18828582763672,30.43514633178711,29.84518814086914,29.88702964782715,5017566
2024-03-12,28.985496520996094,30.14225959777832,30.29288673400879,29.85774040222168,30.246862411499023,5385387
2024-03-13,29.685588836669922,30.87029266357422,30.949790954589844,30.28870391845703,30.28870391845703,7419994
2024-03-14,29.69765853881836,30.882844924926758,30.916318893432617,30.669456481933594,30.744770050048828,6365526
2024-03-15,29.544761657714844,30.723848342895508,31.062761306762695,30.640167236328125,30.790794372558594,12765229
2024-03-18,29.580978393554688,30.761505126953125,31.11297035217285,30.694561004638672,30.882844924926758,5996749
2024-03-19,29.661447525024414,30.84518814086914,31.033472061157227,30.694561004638672,30.71966552734375,4247030
2024-03-20,29.979305267333984,31.175731658935547,31.192468643188477,30.744770050048828,30.786611557006836,4240099
2024-03-21,30.200599670410156,31.40585708618164,31.5606689453125,31.205020904541016,31.205020904541016,4313711
2024-03-22,30.474199295043945,31.69037628173828,31.803346633911133,31.523012161254883,31.58159065246582,4876795
2024-03-25,30.554676055908203,31.774059295654297,31.891212463378906,31.61087989807129,31.615062713623047,3700437
2024-03-26,30.39373207092285,31.6066951751709,31.87447738647461,31.56485366821289,31.799163818359375,3608183
2024-03-27,30.779991149902344,32.00836944580078,32.02091979980469,31.7280330657959,31.84937286376953,3476255
2024-03-28,30.848388671875,32.079498291015625,32.238494873046875,31.97907829284668,31.97907829284668,4694438
2024-04-01,31.061635971069336,32.30125427246094,32.330543518066406,31.99581527709961,32.121337890625,3724815
2024-04-02,30.912763595581055,32.14644241333008,32.2133903503418,32.0,32.200836181640625,4093592
2024-04-03,31.029447555541992,32.26778030395508,32.41004180908203,32.112972259521484,32.21757125854492,4806529
2024-04-04,30.478219985961914,31.694561004638672,32.610877990722656,31.677824020385742,32.510459899902344,5609569
2024-04-05,30.389707565307617,31.602510452270508,31.761505126953125,31.347280502319336,31.74895477294922,5309863
2024-04-08,30.69147300720215,31.916318893432617,31.962343215942383,31.648536682128906,31.648536682128906,3981262
2024-04-09,31.093820571899414,32.3347282409668,32.37238311767578,31.790794372558594,32.00836944580078,4706627
2024-04-10,30.655258178710938,31.878660202026367,32.15899658203125,31.661088943481445,31.903766632080078,4551755
2024-04-11,30.67537498474121,31.899581909179688,32.00836944580078,31.59414291381836,32.0,5344518
2024-04-12,29.693635940551758,30.878660202026367,31.799163818359375,30.68619155883789,31.71548080444336,7631509
2024-04-15,29.548786163330078,30.7280330657959,31.43096160888672,30.539749145507812,31.213388442993164,4334504
2024-04-16,29.19874382019043,30.364017486572266,30.682008743286133,30.28451919555664,30.58159065246582,5530938
2024-04-17,29.4079647064209,30.58159065246582,30.782426834106445,30.364017486572266,30.531381607055664,5214502
2024-04-18,29.584999084472656,30.765689849853516,30.87447738647461,30.539749145507812,30.815900802612305,4517339
2024-04-19,29.729846954345703,30.916318893432617,31.13389015197754,30.769874572753906,30.815900802612305,5597141
2024-04-22,29.737895965576172,30.924686431884766,31.11297035217285,30.656904220581055,30.84937286376953,3572811
2024-04-23,29.693635940551758,30.878660202026367,30.920501708984375,30.677824020385742,30.68619155883789,3679166
2024-04-24,29.758012771606445,30.945606231689453,30.949790954589844,30.59414291381836,30.7280330657959,3737243
2024-04-25,29.57293128967285,30.753137588500977,30.895397186279297,30.460250854492188,30.774059295654297,3528118
2024-04-26,29.65742301940918,30.84100341796875,31.02092170715332,30.71129608154297,30.85355567932129,5126072
2024-04-29,29.733869552612305,30.920501708984375,31.033472061157227,30.761505126953125,31.00418472290039,5349537
2024-04-30,29.170576095581055,30.334728240966797,30.912134170532227,30.301254272460938,30.74895477294922,7957266
2024-05-01,31.50824546813965,32.765689849853516,33.13389205932617,32.087867736816406,32.18410110473633,16109317
2024-05-02,31.28293228149414,32.53137969970703,33.05439376831055,32.28451919555664,33.041839599609375,7665686
2024-05-03,31.250743865966797,32.49790954589844,32.794979095458984,32.27614974975586,32.794979095458984,5715446
2024-05-06,31.596769332885742,32.85774230957031,32.93305587768555,32.631797790527344,32.71966552734375,4853851
2024-05-07,31.902551651000977,33.17573165893555,33.3179931640625,32.958160400390625,33.00418472290039,4527377
2024-05-08,31.4639892578125,32.71966552734375,33.18828582763672,32.65690231323242,33.041839599609375,5738390
2024-05-09,31.705394744873047,32.97071075439453,33.00836944580078,32.62761688232422,32.82426834106445,6256303
2024-05-10,31.68930435180664,32.953975677490234,33.2133903503418,32.799163818359375,33.071128845214844,4537176
2024-05-13,31.733562469482422,33.0,33.13807678222656,32.912132263183594,33.046024322509766,2979613
2024-05-14,31.524343490600586,32.78242874145508,33.11715316772461,32.69037628173828,33.1046028137207,4350039
2024-05-15,31.47203254699707,32.728031158447266,33.06276321411133,32.67782211303711,33.02928924560547,2768576
2024-05-16,31.21050453186035,32.4560661315918,32.7866096496582,32.38493728637695,32.7866096496582,3910518
2024-05-17,32.15201187133789,33.43514633178711,33.4393310546875,33.041839599609375,33.27614974975586,6627231
2024-05-20,32.135921478271484,33.41841125488281,33.644351959228516,33.351463317871094,33.397491455078125,4201381
2024-05-21,31.99509620666504,33.271968841552734,33.42259216308594,33.18410110473633,33.41841125488281,3187543
2024-05-22,31.604808807373047,32.86610794067383,33.15481185913086,32.72385025024414,32.987449645996094,4713797
2024-05-23,31.757701873779297,33.02510452270508,33.6652717590332,32.3472785949707,33.472801208496094,26359549
2024-05-24,32.638858795166016,33.94142150878906,34.012550354003906,33.42677688598633,33.472801208496094,16313184
2024-05-28,33.029136657714844,34.3472785949707,34.57322311401367,33.84937286376953,34.40167236328125,12231303
2024-05-29,32.69921112060547,34.00418472290039,34.29288864135742,33.958160400390625,34.18828582763672,6962070
2024-05-30,32.92050552368164,34.234310150146484,34.29288864135742,33.82008361816406,33.949790954589844,5734566
2024-05-31,33.211551666259766,34.37656784057617,34.397491455078125,33.65690231323242,34.1046028137207,9165172
2024-06-03,32.59307861328125,33.73640060424805,34.368202209472656,33.62761688232422,34.368202209472656,9386964
2024-06-04,32.475852966308594,33.61506271362305,33.799163818359375,33.451881408691406,33.59414291381836,4502760
2024-06-05,32.58903884887695,33.73221969604492,33.74895477294922,33.3179931640625,33.56485366821289,4620348
2024-06-06,32.43946838378906,33.57740783691406,33.74477005004883,33.32217788696289,33.602508544921875,3796276
2024-06-07,32.34245681762695,33.476985931396484,33.69037628173828,33.13389205932617,33.330543518066406,7016084
2024-06-10,32.28990173339844,33.42259216308594,33.50209045410156,33.209205627441406,33.368202209472656,4018785
2024-06-11,32.20098114013672,33.330543518066406,33.518829345703125,33.19247055053711,33.44351577758789,4069214
2024-06-12,32.55265808105469,33.69456100463867,33.987449645996094,33.61506271362305,33.891212463378906,4557013
2024-06-13,32.370750427246094,33.50627517700195,33.673641204833984,33.18410110473633,33.55648422241211,3534093
2024-06-14,32.20098114013672,33.330543518066406,33.57740783691406,33.167362213134766,33.42677688598633,4795774
2024-06-17,32.50818634033203,33.648536682128906,33.669456481933594,33.2133903503418,33.26359939575195,4396644
2024-06-18,32.62946319580078,33.7740592956543,33.78242874145508,33.43096160888672,33.6820068359375,3661719
2024-06-20,32.285865783691406,33.41841125488281,33.87029266357422,33.40585708618164,33.6527214050293,4409311
2024-06-21,32.26969528198242,33.40167236328125,33.40167236328125,33.06276321411133,33.326358795166016,16469968
2024-06-24,32.77498245239258,33.924686431884766,34.43514633178711,33.472801208496094,33.518829345703125,6945579
2024-06-25,32.524356842041016,33.6652717590332,34.10041809082031,33.5606689453125,33.887027740478516,4320642
2024-06-26,32.35054016113281,33.485355377197266,33.548118591308594,33.11715316772461,33.472801208496094,4355058
2024-06-27,32.330322265625,33.46443557739258,33.640167236328125,33.30125427246094,33.640167236328125,5785473
2024-06-28,32.53647994995117,33.67782211303711,33.74058532714844,33.481170654296875,33.518829345703125,8689084
2024-07-01,32.04331970214844,33.167362213134766,33.82008361816406,33.02091979980469,33.669456481933594,3752778
2024-07-02,32.079708099365234,33.205020904541016,33.397491455078125,32.9832649230957,33.13807678222656,4207117
2024-07-03,32.010986328125,33.13389205932617,33.33891296386719,33.050209045410156,33.25522994995117,2023374
2024-07-05,31.930143356323242,33.050209045410156,33.087867736816406,32.78242874145508,33.02091979980469,3560383
2024-07-08,32.12416458129883,33.25104522705078,33.30125427246094,33.09623336791992,33.121337890625,3585717
2024-07-09,31.74419403076172,32.85774230957031,33.21757125854492,32.828453063964844,33.21757125854492,2778853
2024-07-10,32.16459274291992,33.29288864135742,33.30543899536133,32.761505126953125,33.00836944580078,5477402
2024-07-11,32.62541580200195,33.769874572753906,33.87029266357422,33.42677688598633,33.46443557739258,5437250
2024-07-12,32.69413375854492,33.84100341796875,34.108787536621094,33.644351959228516,33.87447738647461,4137568
2024-07-15,32.41925811767578,33.55648422241211,33.916316986083984,33.510459899902344,33.8953971862793,4593102
2024-07-16,33.23176574707031,34.397491455078125,34.510459899902344,33.50209045410156,33.50209045410156,4672450
2024-07-17,33.11857604980469,34.28033447265625,34.548118591308594,34.16318130493164,34.38075256347656,4942520
2024-07-18,32.479896545410156,33.61924743652344,34.472801208496094,33.50209045410156,33.97908020019531,4913601
2024-07-19,32.19289016723633,33.32217788696289,33.78242874145508,33.17991638183594,33.78242874145508,3099591
2024-07-22,32.46776580810547,33.606693267822266,33.66108703613281,33.12970733642578,33.451881408691406,2378050
2024-07-23,32.41117477416992,33.548118591308594,33.70293045043945,33.3179931640625,33.5606689453125,3090509
2024-07-24,32.17267990112305,33.30125427246094,33.7740592956543,33.242679595947266,33.472801208496094,3779068
2024-07-25,31.946308135986328,33.06694412231445,33.71129608154297,33.03347396850586,33.18410110473633,5456131
2024-07-26,32.41117477416992,33.548118591308594,33.6652717590332,33.25104522705078,33.30543899536133,7180277
2024-07-29,32.70626449584961,33.85355758666992,33.94142150878906,33.4393310546875,33.74058532714844,3731507
2024-07-30,32.504150390625,33.644351959228516,34.075313568115234,33.62343215942383,33.69456100463867,7767978
2024-07-31,33.83406448364258,35.02091979980469,35.61506271362305,34.644351959228516,35.06276321411133,13150258
2024-08-01,33.41366195678711,34.58577346801758,35.30543899536133,34.02091979980469,35.17573165893555,7052412
2024-08-02,31.982694625854492,33.1046028137207,34.12970733642578,32.81589889526367,34.079498291015625,7693888
2024-08-05,31.465274810791016,32.56903839111328,32.93723678588867,32.06694412231445,32.53556442260742,8027293
2024-08-06,31.550168991088867,32.65690231323242,33.21757125854492,32.606693267822266,32.70711135864258,5061064
2024-08-07,31.21465301513672,32.30962371826172,33.397491455078125,32.28451919555664,32.99163055419922,4263760
2024-08-08,31.740154266357422,32.85355758666992,32.912132263183594,32.41004180908203,32.5606689453125,4208790
2024-08-09,31.74419403076172,32.85774230957031,32.93723678588867,32.50627517700195,32.74058532714844,2351043
2024-08-12,31.663349151611328,32.7740592956543,32.99163055419922,32.644351959228516,32.90376663208008,2556344
2024-08-13,31.865463256835938,32.9832649230957,33.00836944580078,32.65690231323242,32.803348541259766,2716474
2024-08-14,31.833127975463867,32.949790954589844,33.11715316772461,32.77824401855469,33.041839599609375,2693052
2024-08-15,32.451602935791016,33.58995819091797,33.71966552734375,33.28451919555664,33.3347282409668,3910996
2024-08-16,32.41117477416992,33.548118591308594,33.644351959228516,33.2133903503418,33.548118591308594,3056093
2024-08-19,32.3950080871582,33.53137969970703,33.6820068359375,33.41004180908203,33.58158874511719,2763557
2024-08-20,32.03928756713867,33.16318130493164,33.58995819091797,33.13389205932617,33.42259216308594,4544824
2024-08-21,32.46372604370117,33.602508544921875,33.68619155883789,33.28451919555664,33.32217788696289,2723166
2024-08-22,32.45563888549805,33.59414291381836,33.673641204833984,33.364017486572266,33.606693267822266,3807509
2024-08-23,32.78306579589844,33.93305587768555,34.083683013916016,33.57740783691406,33.74477005004883,3166750
2024-08-26,33.0013542175293,34.15899658203125,34.351463317871094,33.953975677490234,34.12552261352539,3726727
2024-08-27,33.34494400024414,34.514644622802734,34.610877990722656,33.99163055419922,34.2259407043457,5187017
2024-08-28,33.361114501953125,34.53137969970703,34.631797790527344,34.28033447265625,34.359832763671875,5142324
2024-08-29,33.720882415771484,34.90376663208008,35.112972259521484,34.46025085449219,34.6820068359375,3971941
2024-08-30,34.21223831176758,35.25104522705078,35.364017486572266,34.86192321777344,34.90376663208008,8496211
2024-09-03,33.347293853759766,34.359832763671875,35.121337890625,34.205020904541016,34.93723678588867,6278530
2024-09-04,33.176734924316406,34.18410110473633,34.669456481933594,34.16318130493164,34.43514633178711,5058913
2024-09-05,33.04678726196289,34.050209045410156,34.28870391845703,33.878662109375,34.27614974975586,4011376
2024-09-06,32.13717269897461,33.112972259521484,34.17991638183594,32.88284683227539,33.916316986083984,7239549
2024-09-09,32.30772399902344,33.28870391845703,33.803348541259766,33.24686050415039,33.30543899536133,7169283
2024-09-10,32.28741455078125,33.26778030395508,33.4393310546875,33.02091979980469,33.22175598144531,5163117
2024-09-11,32.44985580444336,33.43514633178711,33.481170654296875,32.5606689453125,33.2259407043457,3830931
2024-09-12,32.65289306640625,33.644351959228516,33.82426834106445,33.234310150146484,33.43096160888672,3701871
2024-09-13,33.06303024291992,34.06694412231445,34.271968841552734,33.83681869506836,33.83681869506836,3692550
2024-09-16,33.29855728149414,34.30962371826172,34.55648422241211,34.05857849121094,34.242679595947266,3473626
2024-09-17,33.64778518676758,34.669456481933594,34.81589889526367,34.4393310546875,34.49372482299805,4003728
2024-09-18,33.63966369628906,34.66108703613281,35.00836944580078,34.510459899902344,34.757320404052734,4191104
2024-09-19,33.777732849121094,34.803348541259766,35.2259407043457,34.728031158447266,35.14644241333008,3579742
2024-09-20,33.842708587646484,34.87029266357422,34.99581527709961,34.205020904541016,34.55229949951172,8502903
2024-09-23,34.15538787841797,35.19247055053711,35.234310150146484,34.94560623168945,34.97908020019531,3341220
2024-09-24,35.37363052368164,36.44770050048828,36.518829345703125,35.42259216308594,35.49372482299805,7837288
2024-09-25,34.89850997924805,35.958160400390625,36.514644622802734,35.77824401855469,36.44770050048828,3338352
2024-09-26,36.2182731628418,37.3179931640625,37.41004180908203,36.37656784057617,36.44770050048828,7172390
2024-09-27,36.36040496826172,37.46443557739258,37.6820068359375,37.230125427246094,37.40585708618164,6169546
2024-09-30,36.185787200927734,37.28451919555664,37.610877990722656,36.85355758666992,37.50627517700195,5262780
2024-10-01,35.702545166015625,36.7866096496582,37.472801208496094,36.62761688232422,37.32217788696289,4980282
2024-10-02,35.75534439086914,36.84100341796875,37.079498291015625,36.514644622802734,36.71966552734375,3220764
2024-10-03,35.38581466674805,36.46025085449219,36.6527214050293,36.242679595947266,36.62761688232422,3186587
2024-10-04,35.548240661621094,36.62761688232422,36.90795135498047,36.40167236328125,36.7740592956543,2020267
2024-10-07,34.89850997924805,35.958160400390625,36.34309768676758,35.74895477294922,35.928871154785156,6490045
2024-10-08,34.30563735961914,35.3472785949707,35.84937286376953,35.25104522705078,35.84937286376953,6093544
2024-10-09,34.77669143676758,35.832637786865234,36.071128845214844,35.38493728637695,35.46025085449219,3294615
2024-10-10,35.04875946044922,36.112972259521484,36.13807678222656,35.62761688232422,35.769874572753906,2514280
2024-10-11,35.13810348510742,36.205020904541016,36.28033447265625,35.891212463378906,36.112972259521484,2365622
2024-10-14,35.26804733276367,36.33891296386719,36.359832763671875,36.012550354003906,36.012550354003906,2113716
2024-10-15,34.3990364074707,35.44351577758789,36.472801208496094,35.31380844116211,36.37238311767578,5670514
2024-10-16,34.634559631347656,35.68619155883789,35.88284683227539,35.40167236328125,35.53974914550781,2269783
2024-10-17,34.6142578125,35.6652717590332,35.949790954589844,35.527198791503906,35.949790954589844,3384001
2024-10-18,34.553340911865234,35.602508544921875,35.80752944946289,35.481170654296875,35.75313949584961,4173179
2024-10-21,34.46400833129883,35.510459899902344,35.757320404052734,35.30962371826172,35.58158874511719,2866088
2024-10-22,34.47213363647461,35.518829345703125,35.58577346801758,35.075313568115234,35.41422653198242,2939939
2024-10-23,34.26909255981445,35.30962371826172,35.610877990722656,35.046024322509766,35.3347282409668,2046318
2024-10-24,34.2041130065918,35.242679595947266,35.476985931396484,34.958160400390625,35.46443557739258,3487727
2024-10-25,33.82646560668945,34.85355758666992,35.3347282409668,34.82426834106445,35.30543899536133,3177983
2024-10-28,34.07416915893555,35.108787536621094,35.15899658203125,34.920501708984375,35.14225769042969,2980569
2024-10-29,33.8833122253418,34.912132263183594,35.075313568115234,34.75313949584961,34.82008361816406,4401663
2024-10-30,33.81428146362305,34.84100341796875,35.30125427246094,34.78242874145508,34.8953971862793,3280753
2024-10-31,33.70058059692383,34.72385025024414,35.03765869140625,34.65690231323242,34.73221969604492,4451614
2024-11-01,33.5015983581543,34.518829345703125,34.90795135498047,34.46862030029297,34.635982513427734,4040056
2024-11-04,33.23764419555664,34.24686050415039,34.832637786865234,34.03765869140625,34.59832763671875,6407351
2024-11-05,34.78887176513672,35.84518814086914,36.73640060424805,35.26778030395508,35.5439338684082,12488228
2024-11-06,34.244720458984375,35.28451919555664,36.71129608154297,35.25522994995117,36.71129608154297,8731626
2024-11-07,35.1624641418457,36.230125427246094,36.28870391845703,35.43514633178711,35.65690231323242,5424344
2024-11-08,34.17974853515625,35.21757125854492,36.06276321411133,35.075313568115234,35.83681869506836,6137281
2024-11-11,33.960472106933594,34.99163055419922,35.34309768676758,34.87029266357422,35.326358795166016,4332592
2024-11-12,33.416316986083984,34.43096160888672,35.05857849121094,34.389122009277344,34.81589889526367,4323032
2024-11-13,33.86707305908203,34.8953971862793,34.93723678588867,34.43096160888672,34.55229949951172,5412633
2024-11-14,33.737125396728516,34.761505126953125,35.108787536621094,34.648536682128906,34.924686431884766,4360316
2024-11-15,33.23764419555664,34.24686050415039,34.887027740478516,34.18828582763672,34.757320404052734,4324227
2024-11-18,33.25389099121094,34.26359939575195,34.359832763671875,34.03347396850586,34.3347282409668,3337396
2024-11-19,33.038665771484375,34.041839599609375,34.28451919555664,33.7866096496582,34.02510452270508,5065127
2024-11-20,33.23764419555664,34.24686050415039,34.29706954956055,33.96234130859375,34.108787536621094,3495853
2024-11-21,33.603118896484375,34.62343215942383,34.765689849853516,34.2133903503418,34.25522994995117,5903061
2024-11-22,33.8345832824707,34.86192321777344,34.97489547729492,34.58158874511719,34.602508544921875,4641380
2024-11-25,34.28532791137695,35.326358795166016,35.38493728637695,35.071128845214844,35.13807678222656,6778518
2024-11-26,34.04574203491211,35.079498291015625,35.30962371826172,34.90376663208008,35.18828582763672,5609808
2024-11-27,34.070106506347656,35.1046028137207,35.4560661315918,34.9832649230957,35.06276321411133,3891876
2024-11-29,34.09866714477539,34.97489547729492,35.15899658203125,34.7740592956543,34.81589889526367,2778853
2024-12-02,34.151695251464844,35.02928924560547,35.18410110473633,34.71966552734375,35.121337890625,3885184
2024-12-03,33.83351135253906,34.70293045043945,35.2259407043457,34.67782211303711,35.14644241333008,5378695
2024-12-04,33.66218185424805,34.527198791503906,34.640167236328125,34.167362213134766,34.640167236328125,4991515
2024-12-05,33.343997955322266,34.200836181640625,34.57322311401367,34.112972259521484,34.49790954589844,4160990
2024-12-06,33.78456497192383,34.6527214050293,34.68619155883789,34.15899658203125,34.26778030395508,6667144
2024-12-09,34.07826614379883,34.953975677490234,35.61506271362305,34.912132263183594,35.11715316772461,7516311
2024-12-10,33.48269271850586,34.34309768676758,34.953975677490234,34.205020904541016,34.7740592956543,4095504
2024-12-11,33.421504974365234,34.28033447265625,34.4393310546875,34.05439376831055,34.326358795166016,3916971
2024-12-12,33.270572662353516,34.12552261352539,34.40167236328125,34.02510452270508,34.28451919555664,2697593
2024-12-13,32.97686767578125,33.82426834106445,34.108787536621094,33.69037628173828,33.93305587768555,3259960
2024-12-16,32.66275405883789,33.50209045410156,33.958160400390625,33.42259216308594,33.6820068359375,5513969
2024-12-17,32.687232971191406,33.527198791503906,33.794979095458984,33.33891296386719,33.44351577758789,4081642
2024-12-18,31.66333770751953,32.476985931396484,33.728031158447266,32.43096160888672,33.602508544921875,4971678
2024-12-19,31.34923553466797,32.15481185913086,32.803348541259766,32.13807678222656,32.6820068359375,5574436
2024-12-20,31.524641036987305,32.3347282409668,32.59832763671875,31.99581527709961,31.99581527709961,11601777
2024-12-23,31.361467361450195,32.167362213134766,32.32217788696289,31.958158493041992,32.209205627441406,5038359
2024-12-24,31.512405395507812,32.32217788696289,32.40167236328125,32.03765869140625,32.14225769042969,1303745
2024-12-26,31.508325576782227,32.3179931640625,32.42677688598633,32.1046028137207,32.14225769042969,2326904
2024-12-27,31.259490966796875,32.06276321411133,32.4560661315918,31.86610984802246,32.112972259521484,3321622
2024-12-30,30.982097625732422,31.778242111206055,31.941423416137695,31.57322120666504,31.81171417236328,3536483
2024-12-31,31.104476928710938,31.903766632080078,32.06694412231445,31.71129608154297,31.878660202026367,2998733
2025-01-02,30.769975662231445,31.5606689453125,32.167362213134766,31.543933868408203,32.071128845214844,5239119
2025-01-03,30.49258804321289,31.276151657104492,31.71129608154297,31.121339797973633,31.68619155883789,6001529
2025-01-06,30.70063018798828,31.489540100097656,31.86610984802246,31.28033447265625,31.497907638549805,6712554
2025-01-07,30.627201080322266,31.414226531982422,31.895397186279297,31.213388442993164,31.58995819091797,6178628
2025-01-08,30.37020492553711,31.15062713623047,31.30962371826172,30.924686431884766,31.301254272460938,5491981
2025-01-10,29.656333923339844,30.41840934753418,30.899581909179688,30.305438995361328,30.81171417236328,6880810
2025-01-13,30.362049102783203,31.14225959777832,31.15062713623047,30.29288673400879,30.45188331604004,5502497
2025-01-14,30.708786010742188,31.497907638549805,31.69037628173828,31.066946029663086,31.29707145690918,6930522
2025-01-15,31.10039710998535,31.899581909179688,32.121337890625,31.71548080444336,31.966527938842773,4735068
2025-01-16,31.271726608276367,32.075313568115234,32.087867736816406,31.414226531982422,32.00836944580078,5551253
2025-01-17,31.602149963378906,32.41422653198242,32.7740592956543,32.25522994995117,32.326358795166016,7746946
2025-01-21,32.00599670410156,32.828453063964844,32.93723678588867,32.61506271362305,32.6527214050293,4445878
2025-01-22,31.66333770751953,32.476985931396484,32.891212463378906,32.4393310546875,32.73640060424805,3822566
2025-01-23,31.904016494750977,32.72385025024414,32.728031158447266,32.393306732177734,32.518829345703125,3726727
2025-01-24,31.55727767944336,32.368202209472656,32.84100341796875,32.28033447265625,32.81589889526367,3780741
2025-01-27,31.271726608276367,32.075313568115234,32.37656784057617,31.44351577758789,32.21757125854492,7421906
2025-01-28,31.137113571166992,31.937238693237305,32.13389205932617,31.799163818359375,32.03765869140625,3894266
2025-01-29,31.198299407958984,32.0,32.22175598144531,31.740585327148438,31.836820602416992,3944695
2025-01-30,31.271726608276367,32.075313568115234,32.15062713623047,31.782426834106445,32.02510452270508,5506321
2025-01-31,31.328838348388672,32.13389205932617,32.230125427246094,31.903766632080078,31.99581527709961,6523505
2025-02-03,31.035127639770508,31.8326358795166,31.97907829284668,31.054393768310547,31.535564422607422,5866016
2025-02-04,31.410419464111328,32.21757125854492,32.28870391845703,31.916318893432617,32.19247055053711,5120814
2025-02-05,31.45529556274414,32.26359939575195,32.44770050048828,31.941423416137695,32.17991638183594,6397552
2025-02-06,31.606225967407227,32.41841125488281,32.472801208496094,32.17991638183594,32.42677688598633,5547190
2025-02-07,30.912752151489258,31.70711326599121,32.42677688598633,31.5606689453125,32.34309768676758,4397361
2025-02-10,31.10855484008789,31.907949447631836,31.933053970336914,31.43096160888672,31.88702964782715,6765134
2025-02-11,33.23793411254883,34.09204864501953,34.73221969604492,33.22175598144531,33.37238311767578,15215457
2025-02-12,33.35215759277344,34.209205627441406,34.41841125488281,33.43514633178711,33.67782211303711,6289763
2025-02-13,34.286312103271484,35.167362213134766,35.28870391845703,34.30962371826172,34.728031158447266,8587270
2025-02-14,33.9599723815918,34.832637786865234,35.56485366821289,34.82008361816406,35.34309768676758,6969479
2025-02-18,34.396453857421875,35.28033447265625,35.489540100097656,34.912132263183594,35.00836944580078,7338734
2025-02-19,33.62139129638672,34.485355377197266,34.80752944946289,34.389122009277344,34.69874572753906,8019645
2025-02-20,33.79679489135742,34.6652717590332,34.70293045043945,34.30125427246094,34.476985931396484,3925336
2025-02-21,33.30728530883789,34.16318130493164,34.803348541259766,34.112972259521484,34.765689849853516,6603570
2025-02-24,33.37663269042969,34.234310150146484,34.476985931396484,34.0167350769043,34.28033447265625,5239836
2025-02-25,33.40111541748047,34.25941467285156,34.62343215942383,34.041839599609375,34.472801208496094,5665256
2025-02-26,33.22570037841797,34.079498291015625,34.50209045410156,34.050209045410156,34.28870391845703,3363686
2025-02-27,33.009498596191406,33.85774230957031,34.49790954589844,33.828453063964844,34.071128845214844,4398078
2025-02-28,33.356239318847656,34.2133903503418,34.234310150146484,33.69037628173828,34.075313568115234,11747806
2025-03-03,32.3189811706543,32.9832649230957,34.476985931396484,32.84518814086914,34.37238311767578,6007026
2025-03-04,31.851594924926758,32.50627517700195,33.087867736816406,32.330543518066406,32.9832649230957,6223082
2025-03-05,32.58546829223633,33.25522994995117,33.393306732177734,32.70711135864258,32.7740592956543,5171004
2025-03-06,32.290283203125,32.953975677490234,33.29288864135742,32.794979095458984,33.13389205932617,4258024
2025-03-07,32.040191650390625,32.69874572753906,33.02510452270508,32.167362213134766,32.77824401855469,5164073
2025-03-10,31.499011993408203,32.14644241333008,32.96234130859375,31.974895477294922,32.4560661315918,4915035
2025-03-11,31.289920806884766,31.933053970336914,32.29288864135742,31.7280330657959,32.230125427246094,9315264
2025-03-12,30.953733444213867,31.58995819091797,32.25522994995117,31.56903839111328,32.242679595947266,4740326
2025-03-13,30.711843490600586,31.343095779418945,31.903766632080078,30.983264923095703,31.44769859313965,6204440
2025-03-14,31.605606079101562,32.25522994995117,32.368202209472656,31.58995819091797,31.815900802612305,8638416
2025-03-17,31.85569953918457,32.510459899902344,32.67782211303711,32.234310150146484,32.25941467285156,4943237
2025-03-18,31.61790657043457,32.26778030395508,32.53556442260742,32.11715316772461,32.518829345703125,5763963
2025-03-19,31.802398681640625,32.4560661315918,32.640167236328125,32.18828582763672,32.26778030395508,4145933
2025-03-20,31.540010452270508,32.18828582763672,32.451881408691406,32.071128845214844,32.205020904541016,7084677
2025-03-21,30.81844139099121,31.45188331604004,32.00418472290039,31.238494873046875,32.00418472290039,10546114
2025-03-24,31.59740447998047,32.24686050415039,32.44351577758789,31.81171417236328,31.81171417236328,4946583
2025-03-25,31.343219757080078,31.98744773864746,32.30962371826172,31.84100341796875,32.21757125854492,4532157
2025-03-26,31.359619140625,32.00418472290039,32.41841125488281,31.924686431884766,32.05857849121094,2856528
2025-03-27,31.14232635498047,31.782426834106445,31.949790954589844,31.598325729370117,31.782426834106445,3903348
2025-03-28,30.351058959960938,30.974895477294922,31.799163818359375,30.87029266357422,31.71129608154297,8514136
2025-03-31,30.6175479888916,31.246862411499023,31.460250854492188,30.493724822998047,30.765689849853516,6990033
2025-04-01,30.69954490661621,31.330543518066406,31.602510452270508,30.86610984802246,31.200836181640625,5838531
2025-04-02,30.851238250732422,31.485355377197266,31.753137588500977,31.050209045410156,31.050209045410156,4455677
2025-04-03,27.788665771484375,28.359832763671875,30.334728240966797,28.121339797973633,30.334728240966797,11082191
2025-04-04,24.246408462524414,24.744770050048828,25.682008743286133,23.506275177001953,25.066946029663086,28242152
2025-04-07,23.68882942199707,24.175731658935547,25.25104522705078,22.7280330657959,23.778242111206055,18167824
2025-04-08,22.60237693786621,23.066946029663086,25.175731658935547,22.615062713623047,24.912134170532227,17089217
2025-04-09,25.398460388183594,25.920501708984375,26.17154884338379,22.497907638549805,22.71129608154297,15556988
2025-04-10,23.639633178710938,24.12552261352539,24.895397186279297,23.355649948120117,24.518827438354492,13320187
2025-04-11,24.14391326904297,24.640167236328125,24.7280330657959,23.489540100097656,23.949790954589844,9059773
2025-04-14,24.996679306030273,25.510459899902344,26.054393768310547,24.778242111206055,25.937238693237305,11475107
2025-04-15,24.787588119506836,25.29707145690918,25.527196884155273,25.13807487487793,25.255229949951172,6069405
2025-04-16,24.291507720947266,24.790794372558594,25.4393310546875,24.56903839111328,25.242677688598633,9726583
2025-04-17,24.656391143798828,25.163179397583008,25.585773468017578,24.974895477294922,24.974895477294922,6572739
2025-04-21,24.644092559814453,25.15062713623047,25.255229949951172,24.476987838745117,24.88702964782715,9356372
2025-04-22,25.353364944458008,25.87447738647461,26.108787536621094,25.476987838745117,25.506275177001953,8366673
2025-04-23,25.85354232788086,26.384937286376953,27.56485366821289,26.359832763671875,26.640167236328125,10729188
2025-04-24,27.079391479492188,27.635982513427734,27.81171417236328,26.57322120666504,26.635982513427734,9781075
2025-04-25,26.931798934936523,27.485355377197266,27.71966552734375,27.15899658203125,27.322175979614258,5766114
2025-04-28,26.923599243164062,27.476987838745117,27.87447738647461,27.14644432067871,27.464435577392578,6477617
2025-04-29,26.997394561767578,27.55230140686035,27.68619155883789,27.213388442993164,27.481172561645508,5236968
2025-04-30,27.05479621887207,27.61087989807129,27.694561004638672,26.757322311401367,27.1673641204834,7013455
2025-05-01,27.079391479492188,27.635982513427734,28.033472061157227,27.523012161254883,27.615062713623047,9435959
2025-05-02,27.571372985839844,28.13807487487793,28.6066951751709,27.523012161254883,27.523012161254883,10765994
2025-05-05,26.776004791259766,27.32636070251465,28.025104522705078,27.322175979614258,27.941423416137695,8034224
2025-05-06,26.66530990600586,27.213388442993164,27.4393310546875,27.033472061157227,27.050209045410156,5006094
2025-05-07,26.46851921081543,27.01255226135254,27.246862411499023,26.815900802612305,27.230125427246094,4568007
2025-05-08,27.16139030456543,27.71966552734375,28.13807487487793,27.305438995361328,27.414226531982422,6226189
2025-05-09,27.37458038330078,27.937238693237305,28.17154884338379,27.824268341064453,27.945606231689453,4171984
2025-05-12,29.219505310058594,29.820083618164062,30.380752563476562,29.506275177001953,29.6066951751709,13795319
2025-05-13,28.94891929626465,29.543933868408203,29.82845115661621,29.464435577392578,29.82845115661621,5904256
2025-05-14,27.973155975341797,28.54811668395996,29.485355377197266,28.510459899902344,29.28870391845703,10188570
2025-05-15,27.95265769958496,28.527196884155273,28.535564422607422,28.104602813720703,28.330543518066406,7138691
2025-05-16,28.4200382232666,29.00418472290039,29.016735076904297,28.31380844116211,28.481172561645508,7069142
2025-05-19,28.256046295166016,28.836820602416992,28.87029266357422,28.41840934753418,28.70711326599121,3541741
2025-05-20,28.264244079589844,28.84518814086914,28.99581527709961,28.57322120666504,28.68619155883789,8719676
2025-05-21,27.841960906982422,28.414226531982422,28.86610984802246,28.26778221130371,28.615062713623047,11192848
2025-05-22,27.882959365844727,28.456066131591797,28.58995819091797,28.15062713623047,28.26778221130371,3993212
2025-05-23,27.73536491394043,28.305438995361328,28.338911056518555,27.84937286376953,27.88702964782715,4178915
2025-05-27,28.399539947509766,28.983264923095703,28.99581527709961,28.55648422241211,28.656904220581055,4586410
2025-05-28,27.91575813293457,28.489540100097656,29.079498291015625,28.380752563476562,29.050209045410156,8268444
2025-05-29,28.280643463134766,28.86192512512207,28.912134170532227,28.44769859313965,28.70292854309082,9161109
2025-05-30,27.550634384155273,27.949790954589844,28.476987838745117,27.753137588500977,28.476987838745117,11311870
2025-06-02,27.25368309020996,27.648536682128906,27.974895477294922,27.15899658203125,27.916318893432617,8456059
2025-06-03,27.814592361450195,28.217573165893555,28.28451919555664,27.32636070251465,27.623430252075195,8062904
2025-06-04,28.024934768676758,28.43096160888672,28.502092361450195,28.25104522705078,28.2719669342041,4854568
2025-06-05,27.802221298217773,28.205020904541016,28.661088943481445,28.14644432067871,28.640167236328125,4511842
2025-06-06,28.099172592163086,28.506275177001953,28.761505126953125,28.29707145690918,28.464435577392578,6598073
2025-06-09,28.28476905822754,28.694561004638672,29.15899658203125,28.665271759033203,28.82845115661621,9268898
2025-06-10,28.93229103088379,29.351463317871094,29.41840934753418,28.769874572753906,28.815900802612305,5592600
2025-06-11,28.62296485900879,29.037656784057617,29.497907638549805,28.945606231689453,29.44769859313965,5383714
2025-06-12,28.227025985717773,28.635982513427734,28.899581909179688,28.55230140686035,28.81171417236328,3744174
2025-06-13,27.579504013061523,27.97907829284668,28.531381607055664,27.87447738647461,28.14225959777832,4276666
2025-06-16,28.037307739257812,28.44351577758789,28.57740592956543,28.213388442993164,28.334728240966797,3838340
2025-06-17,27.69086265563965,28.092050552368164,28.481172561645508,27.99163246154785,28.26359748840332,7115030
2025-06-18,27.575380325317383,27.974895477294922,28.276151657104492,27.937238693237305,28.104602813720703,4231256
2025-06-20,27.294925689697266,27.69037628173828,28.476987838745117,27.669456481933594,28.42677879333496,15079705
2025-06-23,27.63312339782715,28.033472061157227,28.054393768310547,27.44769859313965,27.635982513427734,3413398
2025-06-24,28.13216781616211,28.539749145507812,28.598325729370117,28.075313568115234,28.259414672851562,4713080
2025-06-25,28.041431427001953,28.44769859313965,28.58159065246582,28.25104522705078,28.351463317871094,3570182
2025-06-26,28.57347297668457,28.98744773864746,29.075313568115234,28.631799697875977,28.70292854309082,5273535
2025-06-27,28.408498764038086,28.820083618164062,29.209205627441406,28.59414291381836,29.0,6194880
2025-06-30,28.288894653320312,28.698745727539062,28.794979095458984,28.338911056518555,28.70711326599121,3839057
2025-07-01,29.468456268310547,29.895397186279297,30.15899658203125,28.598325729370117,28.71548080444336,7099495
2025-07-02,30.087106704711914,30.523012161254883,30.55648422241211,29.8326358795166,30.079498291015625,6436509
2025-07-03,30.404682159423828,30.84518814086914,31.117155075073242,30.615062713623047,31.0,5410721
2025-07-07,30.09947967529297,30.535564422607422,31.13807487487793,30.497907638549805,30.631799697875977,8803565
2025-07-08,30.714008331298828,31.15899658203125,31.58995819091797,30.7280330657959,30.7280330657959,8353289
2025-07-09,31.155315399169922,31.6066951751709,31.69037628173828,31.050209045410156,31.518827438354492,5995076
2025-07-10,31.398649215698242,31.85355567932129,32.12552261352539,31.384937286376953,31.61087989807129,4942042
2025-07-11,31.13469123840332,31.585773468017578,31.757322311401367,31.163179397583008,31.55230140686035,4423651
2025-07-14,30.874858856201172,31.322175979614258,31.514644622802734,30.99581527709961,31.414226531982422,7496952
2025-07-15,30.553159713745117,30.99581527709961,31.757322311401367,30.974895477294922,31.71548080444336,5018761
2025-07-16,30.499542236328125,30.941423416137695,31.12970733642578,30.40585708618164,31.12970733642578,4360794
2025-07-17,30.705759048461914,31.15062713623047,31.32636070251465,30.85355567932129,30.949790954589844,4182261
2025-07-18,31.159439086914062,31.61087989807129,31.68619155883789,31.046024322509766,31.460250854492188,8243110
2025-07-21,31.324411392211914,31.778242111206055,32.2133903503418,31.67363929748535,31.899581909179688,5564398
2025-07-22,31.98018455505371,32.44351577758789,32.49790954589844,31.67363929748535,32.075313568115234,7318897
2025-07-23,31.584245681762695,32.041839599609375,32.68619155883789,31.924686431884766,32.68619155883789,7512726
2025-07-24,30.850112915039062,31.29707145690918,31.740585327148438,31.117155075073242,31.694561004638672,7417604
2025-07-25,31.250173568725586,31.70292854309082,31.73640251159668,31.104602813720703,31.32636070251465,5337348
2025-07-28,30.957345962524414,31.40585708618164,31.723848342895508,31.25104522705078,31.723848342895508,3879209
2025-07-29,30.643896102905273,31.087865829467773,31.55230140686035,31.046024322509766,31.531381607055664,4688463
2025-07-30,29.77778434753418,30.209205627441406,31.108787536621094,29.98744773864746,30.98744773864746,8033507
2025-07-31,29.654050827026367,30.083681106567383,30.317991256713867,29.81171417236328,29.99581527709961,7903969
2025-08-01,28.845678329467773,29.26359748840332,29.602510452270508,28.86192512512207,29.493724822998047,10137902
2025-08-04,29.245742797851562,29.669456481933594,29.677824020385742,29.26359748840332,29.481172561645508,9954589
2025-08-05,29.94275665283203,30.376569747924805,31.799163818359375,29.71966552734375,31.682008743286133,22712170
2025-08-06,29.20037269592285,29.623430252075195,30.895397186279297,29.485355377197266,30.70711326599121,10534164
2025-08-07,29.233367919921875,29.656904220581055,30.25104522705078,29.322175979614258,30.096233367919922,7648239
2025-08-08,29.064271926879883,29.485355377197266,29.757322311401367,29.225940704345703,29.744770050048828,7180994
2025-08-11,28.82918357849121,29.246862411499023,29.69037628173828,29.087865829467773,29.57322120666504,8972777
2025-08-12,29.666423797607422,30.096233367919922,30.217573165893555,29.246862411499023,29.472803115844727,7472574
2025-08-13,30.51603889465332,30.958158493041992,30.99163246154785,30.15062713623047,30.338911056518555,6184364
2025-08-14,30.36343765258789,30.803346633911133,30.85774040222168,30.305438995361328,30.58995819091797,4117731
2025-08-15,30.140724182128906,30.57740592956543,31.11297035217285,30.535564422607422,30.974895477294922,5496283
2025-08-18,30.186092376708984,30.623430252075195,30.85774040222168,30.460250854492188,30.598325729370117,5024497
2025-08-19,30.42943000793457,30.87029266357422,31.096233367919922,30.661088943481445,30.761505126953125,4297698
2025-08-20,30.7181339263916,31.163179397583008,31.468618392944336,30.778242111206055,30.824268341064453,6859539
2025-08-21,30.747005462646484,31.192468643188477,31.221757888793945,30.824268341064453,30.924686431884766,5307951
2025-08-22,31.88944435119629,32.351463317871094,32.43514633178711,31.364017486572266,31.397489547729492,5230037
2025-08-25,31.7409725189209,32.200836181640625,32.42259216308594,32.10041809082031,32.21757125854492,5562486
2025-08-26,31.88119888305664,32.34309768676758,32.41004180908203,32.05439376831055,32.14644241333008,4529767
2025-08-27,32.09979248046875,32.56485366821289,32.6527214050293,32.205020904541016,32.25522994995117,3840491
2025-08-28,32.017303466796875,32.481170654296875,32.78242874145508,32.18410110473633,32.69037628173828,7353552
2025-08-29,31.892915725708008,32.18410110473633,32.644351959228516,32.17991638183594,32.368202209472656,6396357
2025-09-02,31.424388885498047,31.71129608154297,31.799163818359375,31.32636070251465,31.71966552734375,6194641
2025-09-03,31.333171844482422,31.619247436523438,31.84100341796875,31.460250854492188,31.56903839111328,4954709
2025-09-04,31.988279342651367,32.28033447265625,32.32217788696289,31.330543518066406,31.54811668395996,8075571
2025-09-05,32.266075134277344,32.5606689453125,32.85774230957031,32.19247055053711,32.32217788696289,8066011
2025-09-08,32.23291015625,32.527198791503906,32.56485366821289,31.891212463378906,32.451881408691406,6976410
2025-09-09,31.822431564331055,32.112972259521484,32.481170654296875,32.0,32.46443557739258,4595253
2025-09-10,31.55292320251465,31.84100341796875,32.27614974975586,31.74895477294922,31.962343215942383,4472885
2025-09-11,32.33656311035156,32.631797790527344,32.669456481933594,31.794979095458984,31.933053970336914,6177672
2025-09-12,32.04632568359375,32.33891296386719,32.987449645996094,32.2259407043457,32.4560661315918,4103869
2025-09-15,31.97169303894043,32.26359939575195,32.72385025024414,32.19247055053711,32.55648422241211,7489065
2025-09-16,31.996572494506836,32.28870391845703,32.50627517700195,32.09204864501953,32.3472785949707,5662866
2025-09-17,31.83486557006836,32.12552261352539,33.00418472290039,32.012550354003906,32.3472785949707,9033722
2025-09-18,32.38216781616211,32.67782211303711,32.81171417236328,31.87029266357422,32.19247055053711,8144881
2025-09-19,32.38216781616211,32.67782211303711,32.803348541259766,32.242679595947266,32.73221969604492,15877965
2025-09-22,32.448509216308594,32.74477005004883,33.230125427246094,32.3179931640625,32.602508544921875,11310436
2025-09-23,32.1209602355957,32.41422653198242,33.13807678222656,32.40167236328125,32.878662109375,11242321
2025-09-24,31.432680130004883,31.71966552734375,32.69456100463867,31.460250854492188,32.43514633178711,8254582
2025-09-25,30.910255432128906,31.192468643188477,31.753137588500977,31.071130752563477,31.652719497680664,5717119
2025-09-26,31.58609390258789,31.87447738647461,32.012550354003906,31.368200302124023,31.44769859313965,6492913
2025-09-29,31.942670822143555,32.234310150146484,32.41004180908203,31.81171417236328,32.19247055053711,7214932
2025-09-30,32.29924774169922,32.59414291381836,32.606693267822266,32.06276321411133,32.13389205932617,8555005
2025-10-01,32.43192672729492,32.728031158447266,32.94142150878906,32.41004180908203,32.41422653198242,6673358
2025-10-02,33.5804328918457,33.887027740478516,33.912132263183594,32.74058532714844,32.761505126953125,10082215
2025-10-03,33.05385971069336,33.355648040771484,34.22175598144531,33.3347282409668,33.96652603149414,9493319
2025-10-06,33.509952545166016,33.81589889526367,34.29706954956055,33.451881408691406,33.50627517700195,7604502
2025-10-07,32.70558166503906,33.00418472290039,33.99581527709961,32.84100341796875,33.87029266357422,6222365
2025-10-08,32.494117736816406,32.790794372558594,33.271968841552734,32.74477005004883,33.087867736816406,4569441
2025-10-09,32.27436828613281,32.56903839111328,33.17991638183594,32.43096160888672,32.94142150878906,5775196
2025-10-10,30.557823181152344,30.836820602416992,33.0,30.82845115661621,32.68619155883789,10264333
2025-10-13,31.4907283782959,31.778242111206055,32.167362213134766,31.2719669342041,31.2719669342041,6682201
2025-10-14,32.166568756103516,32.46025085449219,32.56903839111328,31.234310150146484,31.26778221130371,6557204
2025-10-15,32.56045913696289,32.85774230957031,33.326358795166016,32.57740783691406,32.74895477294922,7609999
2025-10-16,32.39461135864258,32.69037628173828,33.087867736816406,32.44770050048828,33.05439376831055,7839678
2025-10-17,32.99167251586914,33.29288864135742,33.523014068603516,32.75313949584961,32.803348541259766,8911593
2025-10-20,33.56385040283203,33.87029266357422,33.90795135498047,33.472801208496094,33.523014068603516,7278506
2025-10-21,33.63848114013672,33.94560623168945,34.234310150146484,33.828453063964844,33.891212463378906,5358380
2025-10-22,33.04971694946289,33.351463317871094,33.920501708984375,33.06694412231445,33.769874572753906,4766138
2025-10-23,33.7048225402832,34.012550354003906,34.196651458740234,33.5606689453125,33.66108703613281,4562510
2025-10-24,33.58872985839844,33.8953971862793,34.351463317871094,33.82008361816406,34.26778030395508,4187997
2025-10-27,33.74213790893555,34.050209045410156,34.489540100097656,33.81589889526367,33.953975677490234,7369326
2025-10-28,33.95774459838867,34.26778030395508,34.799163818359375,33.96652603149414,34.079498291015625,9036112
2025-10-29,34.06554412841797,34.37656784057617,34.8953971862793,34.112972259521484,34.112972259521484,8183838
2025-10-30,33.779457092285156,34.087867736816406,34.46443557739258,33.71129608154297,34.00418472290039,8288281
2025-10-31,33.85409164428711,34.16318130493164,34.78242874145508,33.920501708984375,34.050209045410156,9572428
2025-11-03,34.37614059448242,34.689998626708984,34.900001525878906,33.34000015258789,33.689998626708984,20503300
2025-11-04,37.418365478515625,37.7599983215332,37.959999084472656,34.08000183105469,34.2400016784668,21785500
2025-11-05,39.27145004272461,39.630001068115234,39.86000061035156,37.95000076293945,38.08000183105469,15789100
2025-11-06,38.79579162597656,39.150001525878906,40.11000061035156,38.880001068115234,39.25,11076500
2025-11-07,39.439910888671875,39.79999923706055,39.95000076293945,38.5099983215332,38.9900016784668,7328400
2025-11-10,39.87593078613281,40.2400016784668,40.400001525878906,39.380001068115234,40.0,6702600
2025-11-11,40.034481048583984,40.400001525878906,40.79999923706055,40.16999816894531,40.31999969482422,7029100
2025-11-12,40.420955657958984,40.790000915527344,41.22999954223633,40.540000915527344,40.540000915527344,5748000
2025-11-13,40.232669830322266,40.599998474121094,41.18000030517578,40.369998931884766,40.790000915527344,5385300
2025-11-14,39.3507194519043,39.709999084472656,40.529998779296875,39.630001068115234,40.02000045776367,6756000
2025-11-17,38.30031204223633,38.650001525878906,39.869998931884766,38.45000076293945,39.65999984741211,4444400
2025-11-18,38.34986114501953,38.70000076293945,39.16999816894531,38.13999938964844,38.439998626708984,5953400
2025-11-19,37.53728103637695,37.880001068115234,38.900001525878906,37.47999954223633,38.810001373291016,6045800
2025-11-20,36.78415298461914,37.119998931884766,38.459999084472656,37.04999923706055,38.40999984741211,7007000
2025-11-21,38.19131088256836,38.540000915527344,38.849998474121094,37.25,37.290000915527344,4790600
2025-11-24,38.121944427490234,38.470001220703125,38.88999938964844,38.220001220703125,38.61000061035156,7982800
2025-11-25,38.42913818359375,38.779998779296875,39.06999969482422,38.22999954223633,38.59000015258789,6434200
2025-11-26,39.08316421508789,39.439998626708984,39.560001373291016,38.779998779296875,38.81999969482422,4048500
2025-11-28,39.61104965209961,39.77000045776367,39.83000183105469,39.31999969482422,39.41999816894531,2285700
2025-12-01,39.75048828125,39.90999984741211,40.47999954223633,38.93000030517578,39.349998474121094,6015200
2025-12-02,39.3620491027832,39.52000045776367,40.279998779296875,39.31999969482422,40.06999969482422,4232400
2025-12-03,39.501487731933594,39.65999984741211,40.099998474121094,39.43000030517578,39.65999984741211,4024300
2025-12-04,39.66084671020508,39.81999969482422,40.310001373291016,39.54999923706055,39.61000061035156,4185700
2025-12-05,40.348087310791016,40.5099983215332,40.77000045776367,39.810001373291016,39.900001525878906,4490800
2025-12-08,40.41781234741211,40.58000183105469,40.88999938964844,40.34000015258789,40.540000915527344,4422200
2025-12-09,40.44769287109375,40.61000061035156,41.130001068115234,40.349998474121094,40.41999816894531,3676800
2025-12-10,40.79629135131836,40.959999084472656,41.27000045776367,40.56999969482422,40.61000061035156,4793900
2025-12-11,41.32417297363281,41.4900016784668,41.79999923706055,40.869998931884766,40.90999984741211,3185200
2025-12-12,40.76641082763672,40.93000030517578,41.83000183105469,40.810001373291016,41.599998474121094,4824200
2025-12-15,40.44769287109375,40.61000061035156,41.4900016784668,40.36000061035156,41.29999923706055,5956800
2025-12-16,40.288330078125,40.45000076293945,40.84000015258789,40.20000076293945,40.630001068115234,5403900
2025-12-17,40.43772888183594,40.599998474121094,40.97999954223633,40.22999954223633,40.439998626708984,4669400
2025-12-18,40.348087310791016,40.5099983215332,41.0,40.459999084472656,40.849998474121094,5544800
2025-12-19,41.095088958740234,41.2599983215332,41.470001220703125,40.630001068115234,40.86000061035156,14466600
2025-12-22,41.314212799072266,41.47999954223633,41.849998474121094,41.189998626708984,41.5099983215332,3866500
2025-12-23,40.875972747802734,41.040000915527344,41.470001220703125,40.9900016784668,41.38999938964844,6847600
2025-12-24,40.905853271484375,41.06999969482422,41.20000076293945,40.779998779296875,41.20000076293945,1918700
2025-12-26,41.095088958740234,41.2599983215332,41.310001373291016,40.90999984741211,41.060001373291016,2614600
2025-12-29,40.72657012939453,40.88999938964844,41.22999954223633,40.58000183105469,41.189998626708984,3668300
2025-12-30,40.51741027832031,40.68000030517578,41.0099983215332,40.529998779296875,40.91999816894531,3068600
