Price,Adj Close,Close,High,Low,Open,Volume
Ticker,ETN,ETN,ETN,ETN,ETN,ETN
Date,,,,,,
2015-01-02,52.35903549194336,67.93000030517578,68.56999969482422,66.98999786376953,68.38999938964844,1638100
2015-01-05,50.193145751953125,65.12000274658203,67.13999938964844,64.94999694824219,67.11000061035156,3206200
2015-01-06,49.63047790527344,64.38999938964844,65.25,63.56999969482422,65.08999633789062,3241700
2015-01-07,49.77692794799805,64.58000183105469,65.56999969482422,64.3499984741211,65.30999755859375,3120800
2015-01-08,51.55742645263672,66.88999938964844,66.91999816894531,65.19999694824219,65.19999694824219,3445900
2015-01-09,50.917667388916016,66.05999755859375,67.23999786376953,65.8499984741211,67.08999633789062,2810800
2015-01-12,50.470638275146484,65.4800033569336,66.19999694824219,64.94000244140625,65.94999694824219,2848300
2015-01-13,50.45520782470703,65.45999908447266,66.58999633789062,64.63999938964844,65.75,3575900
2015-01-14,49.514854431152344,64.23999786376953,64.58000183105469,63.310001373291016,64.01000213623047,2394500
2015-01-15,49.383819580078125,64.06999969482422,64.66000366210938,63.58000183105469,64.52999877929688,3635900
2015-01-16,49.78461837768555,64.58999633789062,64.63999938964844,63.619998931884766,63.650001525878906,3488800
2015-01-20,49.94648742675781,64.80000305175781,64.97000122070312,64.25,64.88999938964844,3265200
2015-01-21,50.7326774597168,65.81999969482422,65.91999816894531,64.2300033569336,64.3499984741211,3276800
2015-01-22,52.16633224487305,67.68000030517578,67.91000366210938,66.13999938964844,66.5999984741211,3463400
2015-01-23,51.6499137878418,67.01000213623047,67.7300033569336,66.72000122070312,67.7300033569336,2356100
2015-01-26,51.50346374511719,66.81999969482422,67.12000274658203,66.06999969482422,66.72000122070312,1950000
2015-01-27,50.116065979003906,65.0199966430664,65.80999755859375,64.69000244140625,65.4000015258789,3771600
2015-01-28,49.029258728027344,63.61000061035156,65.51000213623047,63.52000045776367,65.33999633789062,3197400
2015-01-29,49.47631072998047,64.19000244140625,64.3499984741211,62.79999923706055,63.439998626708984,3359600
2015-01-30,48.62846755981445,63.09000015258789,64.0999984741211,63.06999969482422,63.529998779296875,3911500
2015-02-02,49.63818359375,64.4000015258789,64.91000366210938,62.84000015258789,63.619998931884766,4116900
2015-02-03,53.79268264770508,69.79000091552734,70.33000183105469,67.41999816894531,67.88999938964844,7275200
2015-02-04,52.7829704284668,68.4800033569336,69.48999786376953,68.16999816894531,69.37999725341797,4301200
2015-02-05,53.35334396362305,69.22000122070312,69.58000183105469,68.7300033569336,68.7300033569336,2552600
2015-02-06,53.99309158325195,70.05000305175781,70.87000274658203,69.48999786376953,69.48999786376953,3272400
2015-02-09,54.062442779541016,70.13999938964844,70.72000122070312,69.54000091552734,69.55000305175781,2079700
2015-02-10,54.524925231933594,70.73999786376953,70.94000244140625,69.6500015258789,70.9000015258789,1971600
2015-02-11,54.208900451660156,70.33000183105469,70.73999786376953,69.94999694824219,70.36000061035156,2024600
2015-02-12,55.226322174072266,71.6500015258789,71.8499984741211,70.3499984741211,70.79000091552734,2697300
2015-02-13,55.9200325012207,72.55000305175781,72.70999908447266,71.44999694824219,71.62999725341797,3118800
2015-02-17,55.596290588378906,72.12999725341797,72.37000274658203,71.52999877929688,72.37000274658203,1977800
2015-02-18,55.71961975097656,72.29000091552734,72.77999877929688,71.7300033569336,72.08000183105469,1655800
2015-02-19,55.5886116027832,72.12000274658203,72.54000091552734,71.5,71.80999755859375,1381700
2015-02-20,55.88920211791992,72.51000213623047,72.58999633789062,71.30000305175781,72.12999725341797,1779900
2015-02-23,55.218624114990234,71.63999938964844,72.44999694824219,71.51000213623047,72.16999816894531,1996600
2015-02-24,55.28029251098633,71.72000122070312,72.0,71.47000122070312,71.58999633789062,2073800
2015-02-25,55.14926528930664,71.55000305175781,72.0,70.8499984741211,71.87000274658203,2585600
2015-02-26,55.33423614501953,71.79000091552734,71.97000122070312,71.30999755859375,71.52999877929688,1905000
2015-02-27,54.7330207824707,71.01000213623047,71.51000213623047,70.76000213623047,71.19000244140625,2396600
2015-03-02,54.7253303527832,71.0,71.48999786376953,70.7300033569336,71.01000213623047,2208400
2015-03-03,54.293678283691406,70.44000244140625,70.9800033569336,70.18000030517578,70.47000122070312,2239800
2015-03-04,53.68477249145508,69.6500015258789,70.33000183105469,69.1500015258789,70.2300033569336,2186400
2015-03-05,53.87900161743164,69.3499984741211,69.45999908447266,68.81999969482422,69.30000305175781,1732500
2015-03-06,52.96223449707031,68.16999816894531,69.20999908447266,67.9800033569336,68.68000030517578,1969100
2015-03-09,53.218631744384766,68.5,68.6500015258789,68.0199966430664,68.2300033569336,1633800
2015-03-10,52.177555084228516,67.16000366210938,67.83999633789062,67.16000366210938,67.7699966430664,1988400
2015-03-11,51.71918869018555,66.56999969482422,67.36000061035156,66.47000122070312,67.31999969482422,1874600
2015-03-12,52.24747848510742,67.25,67.27999877929688,66.63999938964844,66.86000061035156,2301500
2015-03-13,51.7735595703125,66.63999938964844,67.25,66.04000091552734,67.0,2503400
2015-03-16,52.66703414916992,67.79000091552734,68.2300033569336,66.88999938964844,68.12000274658203,3203000
2015-03-17,52.581546783447266,67.68000030517578,67.8499984741211,67.12999725341797,67.48999786376953,2215400
2015-03-18,53.23415756225586,68.5199966430664,68.72000122070312,66.7300033569336,67.3499984741211,3470900
2015-03-19,52.50385284423828,67.58000183105469,68.20999908447266,67.26000213623047,68.0999984741211,2032300
2015-03-20,53.203094482421875,68.4800033569336,68.6500015258789,67.91000366210938,68.02999877929688,4282400
2015-03-23,52.87678909301758,68.05999755859375,68.69999694824219,67.80999755859375,68.45999908447266,2288400
2015-03-24,52.72917175292969,67.87000274658203,68.36000061035156,67.4800033569336,68.02999877929688,2150600
2015-03-25,51.90562057495117,66.80999755859375,68.19000244140625,66.80999755859375,67.91999816894531,2193600
2015-03-26,51.796875,66.66999816894531,66.97000122070312,66.2300033569336,66.5,1981300
2015-03-27,51.820167541503906,66.69999694824219,66.94999694824219,66.31999969482422,66.94999694824219,1386600
2015-03-30,52.6903076171875,67.81999969482422,68.11000061035156,67.0,67.0,1385000
2015-03-31,52.78355407714844,67.94000244140625,68.08000183105469,67.05000305175781,67.27999877929688,3182300
2015-04-01,52.50385284423828,67.58000183105469,67.97000122070312,67.0999984741211,67.94999694824219,2935200
2015-04-02,52.581546783447266,67.68000030517578,68.30000305175781,66.9800033569336,67.37999725341797,1987600
2015-04-06,53.56047058105469,68.94000244140625,69.36000061035156,66.94999694824219,67.0199966430664,2186500
2015-04-07,53.26524353027344,68.55999755859375,69.08000183105469,68.3499984741211,68.56999969482422,1765900
2015-04-08,52.94669723510742,68.1500015258789,68.5,67.79000091552734,68.20999908447266,1967200
2015-04-09,53.25747299194336,68.55000305175781,68.70999908447266,67.6500015258789,68.12999725341797,2398800
2015-04-10,53.366241455078125,68.69000244140625,68.97000122070312,68.08999633789062,68.5199966430664,2529400
2015-04-13,53.09431076049805,68.33999633789062,68.77999877929688,68.02999877929688,68.77999877929688,1839900
2015-04-14,53.34292984008789,68.66000366210938,68.87000274658203,67.76000213623047,68.01000213623047,2583100
2015-04-15,54.182003021240234,69.73999786376953,70.0,68.5999984741211,69.0,2984400
2015-04-16,53.9411506652832,69.43000030517578,69.72000122070312,69.04000091552734,69.72000122070312,1662400
2015-04-17,53.69253921508789,69.11000061035156,69.11000061035156,68.30000305175781,68.94000244140625,2910100
2015-04-20,54.236358642578125,69.80999755859375,69.80999755859375,69.2699966430664,69.41999816894531,2749400
2015-04-21,53.87900161743164,69.3499984741211,70.25,69.04000091552734,70.0,2378400
2015-04-22,53.82463073730469,69.27999877929688,69.54000091552734,68.69000244140625,69.44000244140625,2352700
2015-04-23,53.684776306152344,69.0999984741211,69.43000030517578,68.80000305175781,69.12000274658203,2075300
2015-04-24,53.28076934814453,68.58000183105469,69.36000061035156,68.41999816894531,69.36000061035156,2130900
2015-04-27,53.902313232421875,69.37999725341797,69.62000274658203,68.68000030517578,68.68000030517578,3086600
2015-04-28,53.30408477783203,68.61000061035156,69.0,68.12999725341797,68.83000183105469,4924300
2015-04-29,54.0266227722168,69.54000091552734,70.37999725341797,68.37000274658203,69.37999725341797,4306800
2015-04-30,53.8230094909668,68.7300033569336,69.41000366210938,68.25,68.41000366210938,3521400
2015-05-01,55.224761962890625,70.5199966430664,70.56999969482422,68.94999694824219,69.2699966430664,3468200
2015-05-04,55.44403839111328,70.80000305175781,70.9800033569336,70.29000091552734,70.55000305175781,2805300
2015-05-05,55.921730041503906,71.41000366210938,72.76000213623047,70.98999786376953,71.01000213623047,4437100
2015-05-06,56.03919982910156,71.55999755859375,71.97000122070312,71.11000061035156,71.83999633789062,3020000
2015-05-07,55.79642868041992,71.25,71.58000183105469,70.83000183105469,71.58000183105469,2448300
2015-05-08,56.462074279785156,72.0999984741211,72.29000091552734,71.75,72.0,2076100
2015-05-11,56.595211029052734,72.2699966430664,72.66000366210938,71.9000015258789,71.9000015258789,1854600
2015-05-12,56.3368034362793,71.94000244140625,72.01000213623047,71.44000244140625,71.91999816894531,1693400
2015-05-13,57.018096923828125,72.80999755859375,73.26000213623047,72.01000213623047,72.0999984741211,2621000
2015-05-14,57.558441162109375,73.5,73.81999969482422,73.12000274658203,73.41000366210938,2767400
2015-05-15,57.41748809814453,73.31999969482422,73.4000015258789,72.69999694824219,73.36000061035156,2944700
2015-05-18,57.527099609375,73.45999908447266,73.62000274658203,72.66000366210938,73.05000305175781,1748900
2015-05-19,57.01026153564453,72.80000305175781,73.36000061035156,72.41000366210938,73.27999877929688,1904800
2015-05-20,56.98676300048828,72.7699966430664,73.0,72.48999786376953,72.91000366210938,6877900
2015-05-21,57.48011779785156,73.4000015258789,73.61000061035156,72.38999938964844,72.41000366210938,2564600
2015-05-22,57.23735427856445,73.08999633789062,73.51000213623047,73.08999633789062,73.37999725341797,1514300
2015-05-26,56.39158630371094,72.01000213623047,72.83999633789062,71.6500015258789,72.80000305175781,2452200
2015-05-27,57.151206970214844,72.9800033569336,73.12999725341797,71.97000122070312,72.31999969482422,1949400
2015-05-28,56.994598388671875,72.77999877929688,72.94000244140625,72.11000061035156,72.62999725341797,1715900
2015-05-29,56.062679290771484,71.58999633789062,73.0,71.37000274658203,72.80999755859375,2497300
2015-06-01,56.05485534667969,71.58000183105469,72.06999969482422,71.27999877929688,71.79000091552734,1613200
2015-06-02,56.657859802246094,72.3499984741211,72.7300033569336,71.48999786376953,71.52999877929688,1759600
2015-06-03,57.06509017944336,72.87000274658203,73.27999877929688,72.12999725341797,72.70999908447266,1776500
2015-06-04,56.415096282958984,72.04000091552734,72.48999786376953,71.66000366210938,72.44999694824219,2222700
2015-06-05,56.187992095947266,71.75,72.08999633789062,71.45999908447266,71.91999816894531,1854500
2015-06-08,56.11751174926758,71.66000366210938,72.08999633789062,71.48999786376953,71.66999816894531,1575500
2015-06-09,55.98438262939453,71.48999786376953,72.11000061035156,71.4000015258789,71.66000366210938,1292300
2015-06-10,56.80663299560547,72.54000091552734,72.68000030517578,71.94000244140625,72.02999877929688,1717800
2015-06-11,56.83013916015625,72.56999969482422,72.98999786376953,72.16999816894531,72.87999725341797,1315900
2015-06-12,56.2897834777832,71.87999725341797,72.4800033569336,71.5199966430664,72.30999755859375,1746600
2015-06-15,55.51451110839844,70.88999938964844,71.33000183105469,70.52999877929688,71.33000183105469,1781200
2015-06-16,55.16212844848633,70.44000244140625,70.81999969482422,69.95999908447266,70.62000274658203,2344700
2015-06-17,55.11513137817383,70.37999725341797,70.69000244140625,69.88999938964844,70.62999725341797,2082800
2015-06-18,55.63981628417969,71.05000305175781,71.30999755859375,70.4800033569336,70.55000305175781,1825000
2015-06-19,54.97417449951172,70.19999694824219,70.87999725341797,70.16999816894531,70.87999725341797,3127200
2015-06-22,54.97417449951172,70.19999694824219,70.76000213623047,70.06999969482422,70.61000061035156,1863300
2015-06-23,55.05248260498047,70.30000305175781,70.41999816894531,70.0,70.08000183105469,1936200
2015-06-24,54.49646759033203,69.58999633789062,70.2300033569336,69.4800033569336,70.05000305175781,2142300
2015-06-25,53.67421340942383,68.54000091552734,69.83000183105469,68.44999694824219,69.66999816894531,2238800
2015-06-26,53.47060012817383,68.27999877929688,68.80000305175781,68.0999984741211,68.73999786376953,2348700
2015-06-29,52.41341018676758,66.93000030517578,68.08999633789062,66.86000061035156,67.75,2255800
2015-06-30,52.851951599121094,67.48999786376953,68.13999938964844,67.11000061035156,67.83000183105469,3044900
2015-07-01,52.96941375732422,67.63999938964844,68.12999725341797,67.38999938964844,67.9800033569336,2151400
2015-07-02,52.789302825927734,67.41000366210938,68.2300033569336,67.3499984741211,67.76000213623047,1971100
2015-07-06,52.26460647583008,66.73999786376953,67.44999694824219,66.3499984741211,66.66000366210938,1868900
2015-07-07,52.39775085449219,66.91000366210938,66.95999908447266,65.2699966430664,66.91999816894531,3143500
2015-07-08,51.223079681396484,65.41000366210938,66.51000213623047,65.20999908447266,66.41000366210938,2037000
2015-07-09,51.20743179321289,65.38999938964844,67.72000122070312,65.38999938964844,66.22000122070312,2297200
2015-07-10,51.50499725341797,65.7699966430664,66.37999725341797,65.43000030517578,66.25,1570200
2015-07-13,52.006195068359375,66.41000366210938,66.4800033569336,65.94999694824219,66.27999877929688,1795500
2015-07-14,52.02185821533203,66.43000030517578,66.61000061035156,66.04000091552734,66.26000213623047,1712100
2015-07-15,51.481510162353516,65.73999786376953,66.36000061035156,65.41999816894531,66.30000305175781,2299900
2015-07-16,51.669464111328125,65.9800033569336,66.4000015258789,65.5999984741211,66.33000183105469,2103200
2015-07-17,50.988155364990234,65.11000061035156,65.97000122070312,64.91000366210938,65.66000366210938,2177700
2015-07-20,51.097782135009766,65.25,65.51000213623047,64.94999694824219,65.04000091552734,1659400
2015-07-21,50.12675094604492,64.01000213623047,65.13999938964844,63.90999984741211,64.9800033569336,3462000
2015-07-22,49.71168899536133,63.47999954223633,64.19999694824219,63.369998931884766,63.790000915527344,2166300
2015-07-23,49.327972412109375,62.9900016784668,63.810001373291016,62.869998931884766,63.40999984741211,3664900
2015-07-24,47.88705825805664,61.150001525878906,63.029998779296875,60.47999954223633,63.0,7003600
2015-07-27,47.43285369873047,60.56999969482422,61.22999954223633,60.34000015258789,60.849998474121094,3084900
2015-07-28,48.15331268310547,61.4900016784668,61.79999923706055,60.689998626708984,61.06999969482422,3041200
2015-07-29,48.39606857299805,61.79999923706055,62.52000045776367,59.5,60.04999923706055,7330800
2015-07-30,48.26174545288086,61.08000183105469,61.279998779296875,60.119998931884766,60.63999938964844,3394500
2015-07-31,47.86666488647461,60.58000183105469,61.310001373291016,60.5099983215332,61.310001373291016,3295200
2015-08-03,47.613826751708984,60.2599983215332,60.58000183105469,59.84000015258789,60.45000076293945,2767700
2015-08-04,47.076541900634766,59.58000183105469,60.709999084472656,59.4900016784668,60.43000030517578,3022200
2015-08-05,47.10813522338867,59.619998931884766,60.599998474121094,59.5,60.11000061035156,3420200
2015-08-06,47.39259719848633,59.97999954223633,60.41999816894531,59.5,59.880001068115234,2527800
2015-08-07,47.28988265991211,59.849998474121094,60.290000915527344,59.54999923706055,59.83000183105469,2371400
2015-08-10,48.50668716430664,61.38999938964844,61.400001525878906,60.150001525878906,60.2599983215332,2425200
2015-08-11,47.495304107666016,60.11000061035156,60.650001525878906,59.77000045776367,60.650001525878906,2668100
2015-08-12,47.64544677734375,60.29999923706055,60.40999984741211,59.43000030517578,59.779998779296875,2934100
2015-08-13,47.360984802246094,59.939998626708984,60.59000015258789,59.70000076293945,59.97999954223633,1719000
2015-08-14,47.37679672241211,59.959999084472656,60.2599983215332,59.599998474121094,59.599998474121094,2079800
2015-08-17,47.66914367675781,60.33000183105469,60.43000030517578,59.2599983215332,59.65999984741211,1375400
2015-08-18,47.266170501708984,59.81999969482422,60.22999954223633,59.7400016784668,60.06999969482422,2128100
2015-08-19,46.34170913696289,58.650001525878906,59.61000061035156,58.209999084472656,59.36000061035156,3259600
2015-08-20,45.92292785644531,58.119998931884766,58.61000061035156,58.0,58.290000915527344,3600400
2015-08-21,44.79302978515625,56.689998626708984,58.0,56.689998626708984,57.630001068115234,4869200
2015-08-24,42.92039489746094,54.31999969482422,55.630001068115234,49.209999084472656,51.77000045776367,6020200
2015-08-25,41.64826965332031,52.709999084472656,56.38999938964844,52.66999816894531,56.38999938964844,4600300
2015-08-26,43.11793518066406,54.56999969482422,54.779998779296875,53.13999938964844,54.0099983215332,4609700
2015-08-27,44.74562454223633,56.630001068115234,56.7400016784668,55.0099983215332,55.25,4180500
2015-08-28,45.077484130859375,57.04999923706055,57.45000076293945,56.16999816894531,56.349998474121094,2974500
2015-08-31,45.08538055419922,57.060001373291016,57.540000915527344,56.130001068115234,56.70000076293945,2835300
2015-09-01,43.37868881225586,54.900001525878906,56.31999969482422,54.61000061035156,55.75,3634400
2015-09-02,43.90807342529297,55.56999969482422,55.790000915527344,54.540000915527344,55.779998779296875,2915000
2015-09-03,43.68682861328125,55.290000915527344,56.02000045776367,55.040000915527344,55.33000183105469,3216700
2015-09-04,43.4972038269043,55.04999923706055,55.310001373291016,54.130001068115234,54.4900016784668,3367000
2015-09-08,44.78513717651367,56.68000030517578,56.810001373291016,55.7599983215332,55.97999954223633,2952000
2015-09-09,44.23992919921875,55.9900016784668,57.630001068115234,55.869998931884766,57.34000015258789,2676000
2015-09-10,44.137210845947266,55.86000061035156,56.52000045776367,55.459999084472656,56.130001068115234,2396000
2015-09-11,44.02659225463867,55.720001220703125,56.15999984741211,55.34000015258789,55.90999984741211,1762200
2015-09-14,43.20485305786133,54.68000030517578,55.7400016784668,54.54999923706055,55.63999938964844,4092800
2015-09-15,44.04240798950195,55.7400016784668,55.81999969482422,54.54999923706055,54.709999084472656,3461500
2015-09-16,44.67450714111328,56.540000915527344,56.650001525878906,55.529998779296875,55.790000915527344,2364100
2015-09-17,43.4972038269043,55.04999923706055,56.41999816894531,54.90999984741211,56.22999954223633,4300800
2015-09-18,41.82209777832031,52.93000030517578,54.439998626708984,52.5099983215332,54.29999923706055,6767400
2015-09-21,42.08284378051758,53.2599983215332,53.4900016784668,52.689998626708984,53.029998779296875,3546500
2015-09-22,41.87741470336914,53.0,53.0099983215332,52.150001525878906,52.45000076293945,3802500
2015-09-23,41.37172317504883,52.36000061035156,53.18000030517578,52.209999084472656,53.060001373291016,3649900
2015-09-24,41.237396240234375,52.189998626708984,52.33000183105469,50.86000061035156,51.72999954223633,6620200
2015-09-25,41.024070739746094,51.91999816894531,52.560001373291016,51.619998931884766,52.400001525878906,6819500
2015-09-28,39.54650115966797,50.04999923706055,51.68000030517578,49.93000030517578,51.47999954223633,6838000
2015-09-29,40.02848815917969,50.65999984741211,50.849998474121094,49.93000030517578,50.220001220703125,3104200
2015-09-30,40.534175872802734,51.29999923706055,51.56999969482422,50.75,51.290000915527344,3120500
2015-10-01,39.965267181396484,50.58000183105469,51.66999816894531,50.27000045776367,51.439998626708984,2934800
2015-10-02,40.61318588256836,51.400001525878906,51.40999984741211,49.459999084472656,49.779998779296875,5100800
2015-10-05,41.687782287597656,52.7599983215332,53.29999923706055,51.5,51.56999969482422,3842700
2015-10-06,41.545562744140625,52.58000183105469,53.33000183105469,52.220001220703125,52.900001525878906,5230100
2015-10-07,42.75447463989258,54.11000061035156,54.72999954223633,52.880001068115234,53.25,5431700
2015-10-08,43.694732666015625,55.29999923706055,55.47999954223633,53.900001525878906,54.0099983215332,3902400
2015-10-09,43.315467834472656,54.81999969482422,55.650001525878906,54.54999923706055,54.79999923706055,3168300
2015-10-12,42.77817153930664,54.13999938964844,55.0,53.959999084472656,54.86000061035156,2491900
2015-10-13,42.27248764038086,53.5,54.11000061035156,53.45000076293945,53.83000183105469,2498600
2015-10-14,41.67988586425781,52.75,53.5,52.58000183105469,53.400001525878906,2935700
2015-10-15,41.16628646850586,52.099998474121094,52.61000061035156,51.40999984741211,52.459999084472656,4716000
2015-10-16,40.41565704345703,51.150001525878906,52.06999969482422,50.68000030517578,52.06999969482422,6785300
2015-10-19,40.51047134399414,51.27000045776367,51.31999969482422,50.61000061035156,50.75,4398200
2015-10-20,41.37963104248047,52.369998931884766,53.08000183105469,50.880001068115234,51.040000915527344,7151800
2015-10-21,41.49814987182617,52.52000045776367,53.29999923706055,52.400001525878906,52.84000015258789,3576500
2015-10-22,42.94409942626953,54.349998474121094,54.959999084472656,52.720001220703125,52.72999954223633,4617100
2015-10-23,42.91249465942383,54.310001373291016,55.34000015258789,54.0,54.63999938964844,3169000
2015-10-26,42.49373245239258,53.779998779296875,54.68000030517578,53.689998626708984,54.4900016784668,2820300
2015-10-27,41.67988586425781,52.75,53.310001373291016,51.88999938964844,53.310001373291016,3036400
2015-10-28,42.73077392578125,54.08000183105469,54.22999954223633,52.869998931884766,52.880001068115234,3409500
2015-10-29,42.91249465942383,54.310001373291016,54.45000076293945,53.68000030517578,53.68000030517578,3574600
2015-10-30,44.17673110961914,55.90999984741211,56.4900016784668,54.0,54.310001373291016,7023400
2015-11-02,44.81673049926758,56.720001220703125,56.970001220703125,55.189998626708984,55.4900016784668,4576100
2015-11-03,44.83253860473633,56.7400016784668,57.459999084472656,56.400001525878906,56.5,4003100
2015-11-04,44.83253860473633,56.7400016784668,57.810001373291016,56.65999984741211,57.0099983215332,3962800
2015-11-05,45.56657791137695,57.11000061035156,57.40999984741211,55.959999084472656,56.130001068115234,6716200
2015-11-06,45.65434265136719,57.220001220703125,57.400001525878906,56.459999084472656,56.70000076293945,5281400
2015-11-09,44.968177795410156,56.36000061035156,57.290000915527344,56.040000915527344,57.22999954223633,3952200
2015-11-10,44.86445236206055,56.22999954223633,56.439998626708984,55.540000915527344,55.83000183105469,3707700
2015-11-11,44.2979736328125,55.52000045776367,56.099998474121094,55.400001525878906,55.79999923706055,4158300
2015-11-12,43.23679733276367,54.189998626708984,55.209999084472656,54.08000183105469,54.91999816894531,5806300
2015-11-13,43.17295455932617,54.11000061035156,54.77000045776367,53.9900016784668,54.08000183105469,3638400
2015-11-16,44.210182189941406,55.40999984741211,55.41999816894531,54.040000915527344,54.099998474121094,2748500
2015-11-17,44.234134674072266,55.439998626708984,55.880001068115234,55.029998779296875,55.599998474121094,2918700
2015-11-18,45.383060455322266,56.880001068115234,56.95000076293945,55.040000915527344,55.040000915527344,3028300
2015-11-19,45.29531478881836,56.77000045776367,56.97999954223633,56.150001525878906,56.970001220703125,4470700
2015-11-20,45.949562072753906,57.59000015258789,57.68000030517578,56.93000030517578,57.029998779296875,4810000
2015-11-23,45.65434265136719,57.220001220703125,57.779998779296875,57.189998626708984,57.45000076293945,3386100
2015-11-24,46.02935028076172,57.689998626708984,57.77000045776367,56.54999923706055,57.0,3163800
2015-11-25,46.2368049621582,57.95000076293945,58.18000030517578,57.439998626708984,57.61000061035156,3167800
2015-11-27,46.35646438598633,58.099998474121094,58.18000030517578,57.599998474121094,57.869998931884766,1049200
2015-11-30,46.40434646606445,58.15999984741211,58.59000015258789,57.97999954223633,58.20000076293945,3267100
2015-12-01,46.6357307434082,58.45000076293945,58.58000183105469,58.0099983215332,58.349998474121094,3122400
2015-12-02,45.58253860473633,57.130001068115234,58.470001220703125,56.959999084472656,58.099998474121094,3042300
2015-12-03,44.377750396728516,55.619998931884766,57.220001220703125,55.150001525878906,57.09000015258789,5184900
2015-12-04,44.72084045410156,56.04999923706055,56.2400016784668,55.52000045776367,55.7400016784668,3245100
2015-12-07,43.65167999267578,54.709999084472656,55.880001068115234,54.599998474121094,55.849998474121094,3529000
2015-12-08,42.28731918334961,53.0,54.209999084472656,52.81999969482422,54.0,5690100
2015-12-09,42.024017333984375,52.66999816894531,53.70000076293945,52.470001220703125,52.86000061035156,3593100
2015-12-10,41.60114669799805,52.13999938964844,53.04999923706055,52.02000045776367,52.63999938964844,4156400
2015-12-11,40.58784484863281,50.869998931884766,51.86000061035156,50.65999984741211,51.41999816894531,5868400
2015-12-14,40.196895599365234,50.380001068115234,51.08000183105469,49.97999954223633,50.709999084472656,4220700
2015-12-15,40.356468200683594,50.58000183105469,50.900001525878906,49.93000030517578,50.619998931884766,3653500
2015-12-16,41.48147201538086,51.9900016784668,52.189998626708984,50.970001220703125,51.29999923706055,4287000
2015-12-17,39.9974250793457,50.130001068115234,52.16999816894531,50.11000061035156,51.93000030517578,4476100
2015-12-18,39.686248779296875,49.7400016784668,50.5099983215332,49.650001525878906,50.099998474121094,8579300
2015-12-21,40.46018981933594,50.709999084472656,50.900001525878906,50.099998474121094,50.2599983215332,5618900
2015-12-22,41.33785629272461,51.810001373291016,52.34000015258789,50.869998931884766,51.0,6196200
2015-12-23,42.51072311401367,53.279998779296875,53.5,52.279998779296875,52.36000061035156,3577800
2015-12-24,42.48678970336914,53.25,53.5,53.0099983215332,53.20000076293945,985900
2015-12-28,41.960201263427734,52.59000015258789,53.209999084472656,52.25,53.099998474121094,1913400
2015-12-29,42.35114669799805,53.08000183105469,53.459999084472656,52.709999084472656,53.029998779296875,2587300
2015-12-30,41.960201263427734,52.59000015258789,53.29999923706055,52.5099983215332,52.88999938964844,1842700
2015-12-31,41.521358489990234,52.040000915527344,52.790000915527344,52.02000045776367,52.40999984741211,2164400
2016-01-04,41.664974212646484,52.220001220703125,52.2599983215332,50.779998779296875,52.040000915527344,3840100
2016-01-05,41.3697624206543,51.849998474121094,52.34000015258789,51.2599983215332,52.220001220703125,2102300
2016-01-06,40.627742767333984,50.91999816894531,51.290000915527344,50.36000061035156,50.81999969482422,2873000
2016-01-07,39.678260803222656,49.72999954223633,50.2599983215332,49.380001068115234,49.95000076293945,4586600
2016-01-08,39.23146438598633,49.16999816894531,50.40999984741211,49.060001373291016,50.04999923706055,3448200
2016-01-11,39.215511322021484,49.150001525878906,49.810001373291016,48.58000183105469,49.63999938964844,3176000
2016-01-12,39.853797912597656,49.95000076293945,50.09000015258789,48.849998474121094,49.72999954223633,3416100
2016-01-13,38.64103317260742,48.43000030517578,50.59000015258789,48.349998474121094,50.11000061035156,3562300
2016-01-14,38.55326461791992,48.31999969482422,48.709999084472656,47.150001525878906,48.709999084472656,4650700
2016-01-15,38.18626022338867,47.86000061035156,48.119998931884766,46.97999954223633,47.0099983215332,4605500
2016-01-19,38.369754791259766,48.09000015258789,48.7400016784668,47.45000076293945,48.599998474121094,3473400
2016-01-20,37.9069938659668,47.5099983215332,47.95000076293945,46.189998626708984,47.22999954223633,4127000
2016-01-21,38.1224250793457,47.779998779296875,48.689998626708984,46.779998779296875,47.56999969482422,3767200
2016-01-22,38.70486831665039,48.5099983215332,49.470001220703125,47.689998626708984,48.869998931884766,3436800
2016-01-25,37.715511322021484,47.27000045776367,48.560001373291016,47.150001525878906,48.22999954223633,2506000
2016-01-26,39.111778259277344,49.02000045776367,49.13999938964844,47.459999084472656,48.27000045776367,3406900
2016-01-27,39.44689178466797,49.439998626708984,50.709999084472656,48.31999969482422,48.9900016784668,4581500
2016-01-28,40.0452880859375,50.189998626708984,50.70000076293945,49.5,50.29999923706055,3825800
2016-01-29,40.30060577392578,50.5099983215332,50.5099983215332,47.75,48.599998474121094,8031300
2016-02-01,40.069217681884766,50.220001220703125,50.45000076293945,49.27000045776367,50.040000915527344,3902600
2016-02-02,39.0958251953125,49.0,50.08000183105469,48.61000061035156,49.61000061035156,5797600
2016-02-03,41.872432708740234,52.47999954223633,52.619998931884766,50.310001373291016,51.95000076293945,7387400
2016-02-04,43.372432708740234,54.36000061035156,55.2599983215332,52.470001220703125,52.470001220703125,6098100
2016-02-05,43.61178970336914,54.65999984741211,55.25,53.75,53.970001220703125,4270900
2016-02-08,43.970829010009766,55.11000061035156,55.29999923706055,53.13999938964844,54.0,6236700
2016-02-09,43.468177795410156,54.47999954223633,55.25,53.7599983215332,53.7599983215332,5233800
2016-02-10,42.8458366394043,53.70000076293945,54.959999084472656,53.63999938964844,54.599998474121094,3496500
2016-02-11,42.367103576660156,53.099998474121094,53.720001220703125,52.349998474121094,52.59000015258789,4928200
2016-02-12,43.2447624206543,54.20000076293945,54.5099983215332,53.04999923706055,53.90999984741211,4027000
2016-02-16,43.73945999145508,54.81999969482422,54.90999984741211,53.5099983215332,54.18000030517578,3512400
2016-02-17,44.688926696777344,56.0099983215332,56.77000045776367,55.099998474121094,55.40999984741211,3586700
2016-02-18,44.84052276611328,56.20000076293945,56.4900016784668,55.869998931884766,56.15999984741211,2727800
2016-02-19,44.688926696777344,56.0099983215332,56.150001525878906,54.91999816894531,55.86000061035156,2669700
2016-02-22,46.02136993408203,57.68000030517578,57.90999984741211,56.0099983215332,56.0099983215332,4353300
2016-02-23,45.11977005004883,56.54999923706055,57.93000030517578,56.40999984741211,57.400001525878906,2522700
2016-02-24,45.319236755371094,56.79999923706055,56.91999816894531,54.90999984741211,55.810001373291016,2784600
2016-02-25,45.70222473144531,57.279998779296875,57.34000015258789,56.09000015258789,56.75,2418100
2016-02-26,45.69423294067383,57.27000045776367,57.97999954223633,57.060001373291016,57.540000915527344,2385000
2016-02-29,45.24742889404297,56.709999084472656,57.7599983215332,56.68000030517578,57.43000030517578,4059500
2016-03-01,46.32457733154297,58.060001373291016,58.58000183105469,57.040000915527344,57.689998626708984,3732400
2016-03-02,46.2368049621582,57.95000076293945,57.970001220703125,57.13999938964844,57.90999984741211,3066400
2016-03-03,46.59941482543945,57.83000183105469,57.849998474121094,56.970001220703125,57.38999938964844,2272100
2016-03-04,46.69611358642578,57.95000076293945,58.540000915527344,57.27000045776367,57.869998931884766,2887500
2016-03-07,47.55830383300781,59.02000045776367,59.11000061035156,57.75,57.77000045776367,2580400
2016-03-08,46.63164138793945,57.869998931884766,58.540000915527344,57.709999084472656,58.540000915527344,2248900
2016-03-09,47.1876335144043,58.560001373291016,58.7400016784668,57.86000061035156,58.22999954223633,2851200
2016-03-10,47.87256622314453,59.40999984741211,59.45000076293945,58.380001068115234,58.650001525878906,4580900
2016-03-11,48.4527587890625,60.130001068115234,60.630001068115234,59.650001525878906,59.650001525878906,3767800
2016-03-14,48.75088882446289,60.5,60.65999984741211,59.5,59.689998626708984,2467000
2016-03-15,48.710594177246094,60.45000076293945,60.4900016784668,59.36000061035156,60.029998779296875,2490200
2016-03-16,48.97651672363281,60.779998779296875,61.06999969482422,59.93000030517578,60.43000030517578,2992900
2016-03-17,50.854042053222656,63.11000061035156,63.29999923706055,60.779998779296875,60.779998779296875,4276000
2016-03-18,51.14411926269531,63.470001220703125,63.9900016784668,62.529998779296875,63.310001373291016,7865100
2016-03-21,51.3133430480957,63.68000030517578,63.7599983215332,63.13999938964844,63.459999084472656,3562200
2016-03-22,51.103843688964844,63.41999816894531,63.959999084472656,62.84000015258789,63.20000076293945,3401200
2016-03-23,50.346378326416016,62.47999954223633,63.2599983215332,62.400001525878906,63.2599983215332,2905500
2016-03-24,50.25774383544922,62.369998931884766,62.400001525878906,61.310001373291016,61.93000030517578,2160200
2016-03-28,50.33832550048828,62.470001220703125,62.630001068115234,62.0099983215332,62.52000045776367,1647800
2016-03-29,50.25774383544922,62.369998931884766,62.5,61.619998931884766,62.0,2488500
2016-03-30,50.563941955566406,62.75,63.16999816894531,62.459999084472656,62.880001068115234,1758600
2016-03-31,50.41083908081055,62.560001373291016,62.970001220703125,62.2599983215332,62.75,2140700
2016-04-01,51.29722595214844,63.65999984741211,63.79999923706055,61.439998626708984,61.88999938964844,3007500
2016-04-04,50.48337173461914,62.650001525878906,63.33000183105469,62.4900016784668,62.88999938964844,2364500
2016-04-05,48.66225814819336,60.38999938964844,61.709999084472656,60.220001220703125,61.68000030517578,6084400
2016-04-06,47.98537826538086,59.54999923706055,60.41999816894531,58.130001068115234,60.27000045776367,6787900
2016-04-07,47.92897415161133,59.47999954223633,60.20000076293945,58.939998626708984,59.06999969482422,4162300
2016-04-08,48.275474548339844,59.90999984741211,60.7599983215332,59.790000915527344,60.11000061035156,2640300
2016-04-11,48.847591400146484,60.619998931884766,61.20000076293945,60.099998474121094,60.15999984741211,2430900
2016-04-12,49.58893585205078,61.540000915527344,61.790000915527344,60.7400016784668,60.779998779296875,2525400
2016-04-13,50.79762268066406,63.040000915527344,63.13999938964844,61.72999954223633,61.95000076293945,2420200
2016-04-14,50.42696762084961,62.58000183105469,63.38999938964844,62.43000030517578,63.310001373291016,2108000
2016-04-15,50.6284065246582,62.83000183105469,63.2599983215332,62.58000183105469,62.650001525878906,2308600
2016-04-18,50.507537841796875,62.68000030517578,62.900001525878906,62.20000076293945,62.59000015258789,1538900
2016-04-19,50.580055236816406,62.77000045776367,63.439998626708984,62.61000061035156,63.439998626708984,2124800
2016-04-20,50.0885124206543,62.15999984741211,62.95000076293945,62.06999969482422,62.86000061035156,2858200
2016-04-21,50.08047103881836,62.150001525878906,62.65999984741211,61.83000183105469,62.08000183105469,2383900
2016-04-22,50.75733947753906,62.9900016784668,63.060001373291016,61.900001525878906,61.900001525878906,1903500
2016-04-25,50.16909408569336,62.2599983215332,62.880001068115234,61.849998474121094,62.54999923706055,1833500
2016-04-26,50.966835021972656,63.25,63.380001068115234,62.650001525878906,62.70000076293945,2066700
2016-04-27,51.43421173095703,63.83000183105469,63.90999984741211,63.060001373291016,63.33000183105469,1830000
2016-04-28,50.918495178222656,63.189998626708984,63.97999954223633,62.900001525878906,63.5099983215332,2457800
2016-04-29,50.98295974731445,63.27000045776367,63.75,62.31999969482422,62.5,3369500
2016-05-02,51.13605880737305,63.459999084472656,63.619998931884766,62.16999816894531,63.47999954223633,2722000
2016-05-03,50.99907684326172,63.290000915527344,63.5,62.529998779296875,63.15999984741211,3956900
2016-05-04,49.57609939575195,60.970001220703125,62.59000015258789,60.45000076293945,62.400001525878906,3102500
2016-05-05,49.5842399597168,60.97999954223633,61.61000061035156,60.619998931884766,61.130001068115234,1891500
2016-05-06,49.84443283081055,61.29999923706055,61.380001068115234,60.31999969482422,60.83000183105469,1895900
2016-05-09,49.324039459228516,60.65999984741211,61.189998626708984,60.310001373291016,61.11000061035156,1764900
2016-05-10,50.494937896728516,62.099998474121094,62.130001068115234,60.59000015258789,60.779998779296875,1567100
2016-05-11,50.41362380981445,62.0,62.63999938964844,61.79999923706055,62.04999923706055,1837500
2016-05-12,50.47054672241211,62.06999969482422,62.4900016784668,61.68000030517578,62.27000045776367,1608600
2016-05-13,49.49480056762695,60.869998931884766,62.38999938964844,60.619998931884766,61.91999816894531,1693900
2016-05-16,50.37297058105469,61.95000076293945,62.119998931884766,61.02000045776367,61.060001373291016,2061800
2016-05-17,49.860694885253906,61.31999969482422,62.380001068115234,61.09000015258789,61.84000015258789,1809700
2016-05-18,48.86869812011719,60.099998474121094,61.349998474121094,59.79999923706055,61.08000183105469,2202800
2016-05-19,48.41334533691406,59.540000915527344,59.7400016784668,58.86000061035156,59.63999938964844,3452100
2016-05-20,48.6247444152832,59.79999923706055,60.540000915527344,59.5,59.9900016784668,3077700
2016-05-23,48.828025817871094,60.04999923706055,60.279998779296875,59.31999969482422,59.66999816894531,1692700
2016-05-24,49.11262893676758,60.400001525878906,60.630001068115234,60.130001068115234,60.43000030517578,1952400
2016-05-25,50.09650802612305,61.61000061035156,61.83000183105469,60.59000015258789,60.68000030517578,2221200
2016-05-26,50.0233268737793,61.52000045776367,62.290000915527344,61.380001068115234,61.540000915527344,1527500
2016-05-27,50.11277389526367,61.630001068115234,61.91999816894531,61.25,61.630001068115234,1030100
2016-05-31,50.11277389526367,61.630001068115234,62.029998779296875,61.18000030517578,61.70000076293945,1849500
2016-06-01,50.1290283203125,61.650001525878906,61.72999954223633,60.75,61.220001220703125,2083800
2016-06-02,50.21034240722656,61.75,61.790000915527344,61.119998931884766,61.529998779296875,1789300
2016-06-03,49.96642303466797,61.45000076293945,61.810001373291016,61.0099983215332,61.720001220703125,1809300
2016-06-06,50.95841979980469,62.66999816894531,62.7599983215332,61.560001373291016,61.7400016784668,1620100
2016-06-07,50.84457015991211,62.529998779296875,63.36000061035156,62.5,62.849998474121094,1820100
2016-06-08,51.3405876159668,63.13999938964844,63.56999969482422,62.90999984741211,62.959999084472656,1817200
2016-06-09,51.03972625732422,62.77000045776367,62.91999816894531,62.22999954223633,62.65999984741211,1197500
2016-06-10,50.104637145996094,61.619998931884766,62.349998474121094,61.189998626708984,62.209999084472656,1872200
2016-06-13,49.29964828491211,60.630001068115234,61.4900016784668,60.599998474121094,61.25,2656200
2016-06-14,49.14516067504883,60.439998626708984,60.880001068115234,59.939998626708984,60.459999084472656,2619800
2016-06-15,49.31591033935547,60.650001525878906,61.13999938964844,60.40999984741211,60.790000915527344,1537500
2016-06-16,49.429744720458984,60.790000915527344,60.97999954223633,59.619998931884766,60.22999954223633,1662500
2016-06-17,50.104637145996094,61.619998931884766,61.849998474121094,60.790000915527344,60.900001525878906,2472800
2016-06-20,50.64943313598633,62.290000915527344,63.25,62.25,62.540000915527344,1983500
2016-06-21,50.291664123535156,61.849998474121094,62.5,61.470001220703125,62.25,1565700
2016-06-22,50.218475341796875,61.7599983215332,62.099998474121094,61.619998931884766,61.880001068115234,1662000
2016-06-23,51.080379486083984,62.81999969482422,62.81999969482422,62.22999954223633,62.560001373291016,1189600
2016-06-24,47.185523986816406,58.029998779296875,60.72999954223633,57.91999816894531,60.04999923706055,5749400
2016-06-27,45.18524932861328,55.56999969482422,57.41999816894531,54.29999923706055,57.279998779296875,5664200
2016-06-28,46.234169006347656,56.86000061035156,57.11000061035156,55.849998474121094,56.13999938964844,4624000
2016-06-29,47.234317779541016,58.09000015258789,58.31999969482422,57.150001525878906,57.72999954223633,2720600
2016-06-30,48.567848205566406,59.72999954223633,59.72999954223633,57.959999084472656,58.34000015258789,2897600
2016-07-01,49.00691604614258,60.27000045776367,60.93000030517578,59.630001068115234,59.630001068115234,2663700
2016-07-05,47.74658966064453,58.720001220703125,60.0,58.290000915527344,59.65999984741211,2490300
2016-07-06,48.340152740478516,59.45000076293945,59.459999084472656,58.279998779296875,58.709999084472656,3073700
2016-07-07,48.876827239990234,60.11000061035156,60.4900016784668,59.47999954223633,59.52000045776367,2689800
2016-07-08,50.34856414794922,61.91999816894531,62.0,60.52000045776367,60.720001220703125,2001800
2016-07-11,50.73887252807617,62.400001525878906,62.720001220703125,62.0,62.220001220703125,2075300
2016-07-12,52.00734329223633,63.959999084472656,64.16000366210938,62.529998779296875,62.93000030517578,2501800
2016-07-13,51.93415451049805,63.869998931884766,64.1500015258789,63.31999969482422,63.97999954223633,1960600
2016-07-14,51.87724304199219,63.79999923706055,64.70999908447266,63.349998474121094,63.86000061035156,3706500
2016-07-15,51.90164566040039,63.83000183105469,64.19000244140625,63.540000915527344,63.970001220703125,2670800
2016-07-18,51.625179290771484,63.4900016784668,63.72999954223633,63.08000183105469,63.56999969482422,1872200
2016-07-19,51.267417907714844,63.04999923706055,63.52000045776367,62.779998779296875,63.04999923706055,2493100
2016-07-20,51.633304595947266,63.5,63.7400016784668,62.66999816894531,63.150001525878906,1697500
2016-07-21,51.39750289916992,63.209999084472656,63.86000061035156,62.86000061035156,63.599998474121094,1583800
2016-07-22,51.53573989868164,63.380001068115234,63.439998626708984,62.630001068115234,63.369998931884766,1377000
2016-07-25,51.60891342163086,63.470001220703125,63.470001220703125,62.93000030517578,63.38999938964844,1520500
2016-07-26,52.50334548950195,64.56999969482422,64.66000366210938,63.34000015258789,63.470001220703125,2305900
2016-07-27,52.37325668334961,64.41000366210938,64.8499984741211,64.12999725341797,64.80000305175781,2075700
2016-07-28,52.048004150390625,64.01000213623047,64.1500015258789,63.529998779296875,64.1500015258789,1404500
2016-07-29,51.56013107299805,63.40999984741211,64.0,63.060001373291016,63.90999984741211,3157900
2016-08-01,51.99108123779297,63.939998626708984,63.939998626708984,62.630001068115234,63.43000030517578,4820000
2016-08-02,52.048004150390625,64.01000213623047,65.51000213623047,63.90999984741211,65.0,5154800
2016-08-03,52.70433807373047,64.23999786376953,64.5999984741211,63.13999938964844,63.5099983215332,3161200
2016-08-04,52.91765594482422,64.5,64.91000366210938,64.12999725341797,64.36000061035156,2640400
2016-08-05,53.705265045166016,65.45999908447266,65.70999908447266,64.61000061035156,64.77999877929688,2300700
2016-08-08,54.00883102416992,65.83000183105469,66.54000091552734,65.48999786376953,65.72000122070312,2780600
2016-08-09,54.017024993896484,65.83999633789062,66.47000122070312,65.80000305175781,66.0,2461800
2016-08-10,54.73080062866211,66.70999908447266,66.73999786376953,66.05999755859375,66.33999633789062,2736800
2016-08-11,55.23947525024414,67.33000183105469,67.37000274658203,66.69999694824219,66.9000015258789,3085600
2016-08-12,55.14101028442383,67.20999908447266,67.45999908447266,66.94000244140625,67.06999969482422,2359000
2016-08-15,55.48561096191406,67.62999725341797,68.01000213623047,67.33000183105469,67.38999938964844,1948700
2016-08-16,55.19023132324219,67.2699966430664,67.55000305175781,67.19000244140625,67.54000091552734,2044600
2016-08-17,55.477394104003906,67.62000274658203,67.69999694824219,67.13999938964844,67.47000122070312,1805300
2016-08-18,55.559444427490234,67.72000122070312,67.7300033569336,67.37000274658203,67.66000366210938,1732300
2016-08-19,55.51020431518555,67.66000366210938,67.76000213623047,67.16000366210938,67.30000305175781,1898300
2016-08-22,55.54301834106445,67.69999694824219,67.87000274658203,67.16999816894531,67.58000183105469,1601100
2016-08-23,55.5266227722168,67.68000030517578,68.18000030517578,67.63999938964844,68.0,1409000
2016-08-24,55.21486282348633,67.30000305175781,67.72000122070312,67.19000244140625,67.58999633789062,1510500
2016-08-25,55.288700103759766,67.38999938964844,67.58000183105469,66.86000061035156,67.23999786376953,1485100
2016-08-26,55.231266021728516,67.31999969482422,68.19999694824219,67.05999755859375,67.66999816894531,1509500
2016-08-29,55.551231384277344,67.70999908447266,67.94000244140625,67.22000122070312,67.27999877929688,1105600
2016-08-30,55.091800689697266,67.1500015258789,67.75,67.0,67.5999984741211,2180300
2016-08-31,54.591331481933594,66.54000091552734,67.1500015258789,66.26000213623047,67.0,2390700
2016-09-01,54.903106689453125,66.91999816894531,66.94000244140625,65.91000366210938,66.66000366210938,2041200
2016-09-02,55.411766052246094,67.54000091552734,67.66000366210938,67.0999984741211,67.33000183105469,1509500
2016-09-06,54.65696716308594,66.62000274658203,67.69000244140625,66.36000061035156,67.69000244140625,1995800
2016-09-07,54.75540542602539,66.73999786376953,66.83999633789062,66.48999786376953,66.70999908447266,1470600
2016-09-08,54.21393585205078,66.08000183105469,66.66000366210938,66.05999755859375,66.5999984741211,1925700
2016-09-09,52.154659271240234,63.56999969482422,65.5,63.54999923706055,65.22000122070312,3580700
2016-09-12,53.319664001464844,64.98999786376953,65.3499984741211,62.79999923706055,63.11000061035156,2699800
2016-09-13,51.85929870605469,63.209999084472656,64.23999786376953,62.93000030517578,64.05999755859375,3266900
2016-09-14,51.67060852050781,62.97999954223633,63.599998474121094,62.720001220703125,63.119998931884766,2545200
2016-09-15,51.760860443115234,63.09000015258789,63.380001068115234,62.650001525878906,62.900001525878906,2942700
2016-09-16,51.15372848510742,62.349998474121094,62.630001068115234,61.95000076293945,62.61000061035156,4824800
2016-09-19,51.89211654663086,63.25,63.88999938964844,62.75,63.060001373291016,1966300
2016-09-20,51.47371292114258,62.7400016784668,63.880001068115234,62.72999954223633,63.79999923706055,2406600
2016-09-21,52.285926818847656,63.72999954223633,63.779998779296875,62.88999938964844,62.970001220703125,1844600
2016-09-22,52.581275939941406,64.08999633789062,64.66999816894531,63.869998931884766,64.5,2680000
2016-09-23,51.941341400146484,63.310001373291016,63.97999954223633,63.2599983215332,63.95000076293945,1444500
2016-09-26,51.604976654052734,62.900001525878906,63.439998626708984,62.779998779296875,63.099998474121094,1327300
2016-09-27,52.02339172363281,63.40999984741211,63.43000030517578,62.22999954223633,62.68000030517578,1690800
2016-09-28,52.97507858276367,64.56999969482422,64.61000061035156,63.52000045776367,63.689998626708984,1916700
2016-09-29,52.63869857788086,64.16000366210938,65.08999633789062,63.97999954223633,64.27999877929688,1885800
2016-09-30,53.91038131713867,65.70999908447266,66.20999908447266,64.43000030517578,64.44000244140625,3886900
2016-10-03,54.041656494140625,65.87000274658203,66.19000244140625,65.22000122070312,65.4800033569336,2566000
2016-10-04,52.76996994018555,64.31999969482422,66.25,64.13999938964844,66.05000305175781,2110600
2016-10-05,53.77090835571289,65.54000091552734,65.97000122070312,64.63999938964844,64.66999816894531,2260500
2016-10-06,53.73807144165039,65.5,65.61000061035156,64.83000183105469,65.5,1389900
2016-10-07,52.901241302490234,64.4800033569336,65.23999786376953,64.05000305175781,65.23999786376953,2232300
2016-10-10,52.622291564941406,64.13999938964844,65.2699966430664,64.0,65.01000213623047,2704900
2016-10-11,51.78548049926758,63.119998931884766,64.12999725341797,62.65999984741211,63.869998931884766,2934200
2016-10-12,52.720741271972656,64.26000213623047,64.44999694824219,62.849998474121094,63.119998931884766,2793700
2016-10-13,51.81007385253906,63.150001525878906,63.59000015258789,62.630001068115234,63.47999954223633,2731900
2016-10-14,51.933135986328125,63.29999923706055,63.91999816894531,63.20000076293945,63.54999923706055,2043900
2016-10-17,51.78548049926758,63.119998931884766,63.36000061035156,62.09000015258789,63.2400016784668,2672000
2016-10-18,51.8428955078125,63.189998626708984,63.91999816894531,63.15999984741211,63.86000061035156,1956000
2016-10-19,52.24490737915039,63.68000030517578,63.9900016784668,62.90999984741211,63.29999923706055,1935200
2016-10-20,52.343353271484375,63.79999923706055,64.13999938964844,63.34000015258789,63.45000076293945,2365800
2016-10-21,52.2695198059082,63.709999084472656,63.90999984741211,62.88999938964844,63.130001068115234,2117000
2016-10-24,51.99056625366211,63.369998931884766,64.33999633789062,62.90999984741211,64.16000366210938,1857700
2016-10-25,51.834693908691406,63.18000030517578,63.59000015258789,62.470001220703125,63.150001525878906,1989300
2016-10-26,52.67972183227539,64.20999908447266,64.36000061035156,62.70000076293945,62.880001068115234,1989500
2016-10-27,51.10451126098633,62.290000915527344,64.16999816894531,61.970001220703125,64.05000305175781,4973700
2016-10-28,51.17835235595703,62.380001068115234,63.290000915527344,62.20000076293945,62.369998931884766,2166500
2016-10-31,52.318748474121094,63.77000045776367,63.849998474121094,62.63999938964844,62.7599983215332,4261100
2016-11-01,49.80003356933594,60.70000076293945,62.79999923706055,60.220001220703125,62.7599983215332,8389200
2016-11-02,49.94770431518555,60.880001068115234,61.31999969482422,60.369998931884766,60.599998474121094,4162600
2016-11-03,49.45907974243164,59.720001220703125,60.31999969482422,59.06999969482422,60.060001373291016,4735100
2016-11-04,50.32038879394531,60.7599983215332,61.45000076293945,59.70000076293945,59.90999984741211,4583400
2016-11-07,51.703460693359375,62.43000030517578,62.599998474121094,61.88999938964844,62.25,2840600
2016-11-08,52.17551803588867,63.0,63.34000015258789,61.95000076293945,62.18000030517578,3382000
2016-11-09,54.92509078979492,66.31999969482422,66.9000015258789,62.59000015258789,62.59000015258789,5690100
2016-11-10,56.89615249633789,68.69999694824219,68.94999694824219,66.86000061035156,66.86000061035156,6947900
2016-11-11,55.7449836730957,67.30999755859375,68.9000015258789,66.5999984741211,68.5,5332400
2016-11-14,55.53794479370117,67.05999755859375,68.31999969482422,66.79000091552734,67.37000274658203,5788800
2016-11-15,54.535823822021484,65.8499984741211,66.93000030517578,65.29000091552734,66.87999725341797,4859300
2016-11-16,54.279109954833984,65.54000091552734,65.94000244140625,65.25,65.54000091552734,3154600
2016-11-17,53.657955169677734,64.79000091552734,66.27999877929688,64.6500015258789,66.1500015258789,3407400
2016-11-18,53.127925872802734,64.1500015258789,64.75,63.939998626708984,64.66000366210938,4728900
2016-11-21,54.279109954833984,65.54000091552734,65.77999877929688,64.62000274658203,64.66000366210938,4399500
2016-11-22,54.31222915649414,65.58000183105469,65.94999694824219,64.95999908447266,65.76000213623047,2131900
2016-11-23,55.065879821777344,66.48999786376953,66.61000061035156,65.25,65.62999725341797,2568700
2016-11-25,55.33088684082031,66.80999755859375,66.97000122070312,66.48999786376953,66.48999786376953,920600
2016-11-28,54.64351272583008,65.9800033569336,66.62000274658203,65.83000183105469,66.4000015258789,2221700
2016-11-29,54.40333557128906,65.69000244140625,66.38999938964844,65.3499984741211,65.61000061035156,2779300
2016-11-30,55.08243942260742,66.51000213623047,67.37999725341797,66.26000213623047,66.26000213623047,2426200
2016-12-01,56.026554107666016,67.6500015258789,68.19000244140625,66.7300033569336,66.86000061035156,3073700
2016-12-02,56.11766815185547,67.76000213623047,68.04000091552734,67.08999633789062,67.61000061035156,2352000
2016-12-05,56.32469940185547,68.01000213623047,68.63999938964844,67.4800033569336,68.02999877929688,2252900
2016-12-06,56.689117431640625,68.44999694824219,68.58999633789062,67.77999877929688,67.87999725341797,2763300
2016-12-07,57.061798095703125,68.9000015258789,69.16999816894531,68.2300033569336,68.37999725341797,3512100
2016-12-08,57.128055572509766,68.9800033569336,69.37999725341797,68.2699966430664,68.77999877929688,2099000
2016-12-09,57.58357238769531,69.52999877929688,69.80000305175781,68.93000030517578,69.68000030517578,1988000
2016-12-12,57.856834411621094,69.86000061035156,70.0,69.3499984741211,69.43000030517578,2233600
2016-12-13,57.02037811279297,68.8499984741211,69.93000030517578,68.36000061035156,69.72000122070312,2846700
2016-12-14,56.04314041137695,67.66999816894531,69.22000122070312,67.58000183105469,68.72000122070312,3039600
2016-12-15,56.225318908691406,67.88999938964844,67.94999694824219,67.04000091552734,67.37000274658203,2839500
2016-12-16,56.36612319946289,68.05999755859375,68.52999877929688,67.69999694824219,67.91999816894531,4108900
2016-12-19,56.16735076904297,67.81999969482422,68.47000122070312,67.33999633789062,68.0999984741211,1621800
2016-12-20,56.689117431640625,68.44999694824219,68.6500015258789,67.8499984741211,68.05999755859375,2988100
2016-12-21,56.16735076904297,67.81999969482422,68.37000274658203,67.66999816894531,68.2300033569336,1574100
2016-12-22,56.3744010925293,68.06999969482422,68.33000183105469,67.66000366210938,67.66000366210938,1560300
2016-12-23,56.531761169433594,68.26000213623047,68.27999877929688,67.75,68.0,757100
2016-12-27,56.722232818603516,68.48999786376953,68.61000061035156,68.18000030517578,68.47000122070312,618900
2016-12-28,56.067962646484375,67.69999694824219,68.58000183105469,67.66000366210938,68.52999877929688,1237500
2016-12-29,55.993446350097656,67.61000061035156,67.98999786376953,67.25,67.73999786376953,703500
2016-12-30,55.562782287597656,67.08999633789062,67.86000061035156,66.80000305175781,67.73999786376953,1261800
2017-01-03,56.75535583496094,68.52999877929688,68.58000183105469,67.22000122070312,67.58999633789062,2231600
2017-01-04,56.457218170166016,68.16999816894531,68.81999969482422,67.8499984741211,68.5999984741211,1635000
2017-01-05,55.778099060058594,67.3499984741211,68.44999694824219,66.5999984741211,68.05999755859375,2393900
2017-01-06,56.32469940185547,68.01000213623047,68.45999908447266,67.5,67.61000061035156,2590000
2017-01-09,55.38887023925781,66.87999725341797,68.51000213623047,66.86000061035156,68.4800033569336,2704400
2017-01-10,55.66215896606445,67.20999908447266,67.54000091552734,66.7699966430664,67.20999908447266,2214500
2017-01-11,56.6973876953125,68.45999908447266,68.48999786376953,66.7699966430664,66.94999694824219,2126400
2017-01-12,56.48207092285156,68.19999694824219,68.4000015258789,67.1500015258789,68.38999938964844,1357100
2017-01-13,56.863033294677734,68.66000366210938,68.94000244140625,68.3499984741211,68.36000061035156,1264700
2017-01-17,55.95203399658203,67.55999755859375,68.36000061035156,67.27999877929688,68.33999633789062,1697700
2017-01-18,56.15079879760742,67.80000305175781,68.0,67.4000015258789,67.69000244140625,1651300
2017-01-19,56.09281921386719,67.7300033569336,68.48999786376953,67.27999877929688,68.12999725341797,1431100
2017-01-20,56.258460998535156,67.93000030517578,68.5,67.56999969482422,68.0199966430664,1559900
2017-01-23,56.10110092163086,67.73999786376953,68.16000366210938,66.9800033569336,67.91999816894531,1195900
2017-01-24,57.285396575927734,69.16999816894531,69.31999969482422,67.75,68.05000305175781,2044400
2017-01-25,58.95005798339844,71.18000030517578,71.27999877929688,69.63999938964844,69.63999938964844,3278100
2017-01-26,59.05769729614258,71.30999755859375,71.68000030517578,70.33000183105469,70.81999969482422,2249900
2017-01-27,58.75957489013672,70.94999694824219,71.38999938964844,70.80999755859375,71.12999725341797,1899800
2017-01-30,58.31235122680664,70.41000366210938,71.0199966430664,69.68000030517578,71.0199966430664,2034900
2017-01-31,58.6187629699707,70.77999877929688,70.91000366210938,69.47000122070312,70.08999633789062,3016700
2017-02-01,59.05769729614258,71.30999755859375,71.70999908447266,70.27999877929688,70.97000122070312,3919500
2017-02-02,57.98934555053711,70.0199966430664,72.0,69.41000366210938,70.69000244140625,4690700
2017-02-03,58.15498352050781,70.22000122070312,70.7300033569336,69.61000061035156,70.33000183105469,2946200
2017-02-06,57.95624542236328,69.9800033569336,70.30999755859375,69.45999908447266,70.11000061035156,2548200
2017-02-07,58.171546936035156,70.23999786376953,71.0999984741211,70.12999725341797,70.33000183105469,2221400
2017-02-08,57.94795608520508,69.97000122070312,70.23999786376953,69.44999694824219,70.0199966430664,2304700
2017-02-09,58.627052307128906,70.79000091552734,71.2699966430664,69.97000122070312,69.97000122070312,2204400
2017-02-10,58.80097579956055,71.0,71.16999816894531,70.80000305175781,71.02999877929688,1946100
2017-02-13,59.794795989990234,72.19999694824219,72.26000213623047,71.30999755859375,71.30999755859375,2537100
2017-02-14,59.63743209838867,72.01000213623047,72.19000244140625,71.58000183105469,72.0,2083900
2017-02-15,59.71197509765625,72.0999984741211,72.27999877929688,71.68000030517578,72.05999755859375,1971800
2017-02-16,59.44695281982422,71.77999877929688,72.23999786376953,71.23999786376953,72.04000091552734,2081000
2017-02-17,59.32271957397461,71.62999725341797,71.62999725341797,70.88999938964844,71.54000091552734,2356700
2017-02-21,59.538055419921875,71.88999938964844,72.1500015258789,71.58000183105469,71.63999938964844,1903500
2017-02-22,60.04325485229492,72.5,72.73999786376953,71.5199966430664,71.68000030517578,2315200
2017-02-23,59.72854995727539,72.12000274658203,72.91999816894531,71.75,72.81999969482422,2237900
2017-02-24,59.952144622802734,72.38999938964844,72.38999938964844,71.12999725341797,71.54000091552734,2528800
2017-02-27,59.91901779174805,72.3499984741211,72.69999694824219,72.12000274658203,72.20999908447266,2287700
2017-02-28,59.61260986328125,71.9800033569336,72.58999633789062,71.70999908447266,72.3499984741211,2504200
2017-03-01,60.65611267089844,73.23999786376953,73.86000061035156,72.80999755859375,72.80999755859375,2653600
2017-03-02,60.213558197021484,72.11000061035156,72.73999786376953,71.77999877929688,72.66999816894531,2236600
2017-03-03,60.063236236572266,71.93000030517578,72.44000244140625,71.4000015258789,72.2300033569336,2024900
2017-03-06,59.98809051513672,71.83999633789062,72.12000274658203,71.08000183105469,71.22000122070312,2711700
2017-03-07,59.73758316040039,71.54000091552734,72.0,71.44000244140625,71.63999938964844,1391900
2017-03-08,59.9797248840332,71.83000183105469,72.33999633789062,71.5199966430664,71.5999984741211,2008700
2017-03-09,59.78767776489258,71.5999984741211,72.12000274658203,71.2300033569336,71.72000122070312,2473200
2017-03-10,60.53083801269531,72.48999786376953,72.58999633789062,72.0,72.04000091552734,2131100
2017-03-13,60.74795150756836,72.75,72.9800033569336,72.36000061035156,72.66999816894531,1832600
2017-03-14,59.971397399902344,71.81999969482422,72.33000183105469,71.4800033569336,72.19999694824219,1394800
2017-03-15,61.75835037231445,73.95999908447266,74.08000183105469,72.0199966430664,72.12000274658203,2435600
2017-03-16,61.248966217041016,73.3499984741211,74.3499984741211,73.08999633789062,73.73999786376953,2412600
2017-03-17,61.16547775268555,73.25,73.83999633789062,72.91000366210938,73.66999816894531,3245300
2017-03-20,61.265663146972656,73.37000274658203,73.76000213623047,72.87000274658203,73.2699966430664,1560500
2017-03-21,60.11333465576172,71.98999786376953,74.0199966430664,71.8499984741211,73.58000183105469,2315300
2017-03-22,60.57259750366211,72.54000091552734,72.81999969482422,71.77999877929688,71.95999908447266,1989900
2017-03-23,60.77302169799805,72.77999877929688,73.23999786376953,72.25,72.55000305175781,1653900
2017-03-24,60.82310104370117,72.83999633789062,73.41999816894531,72.55999755859375,72.80999755859375,2612400
2017-03-27,60.689517974853516,72.68000030517578,72.97000122070312,71.45999908447266,72.55000305175781,2225400
2017-03-28,61.198883056640625,73.29000091552734,73.79000091552734,72.08000183105469,72.36000061035156,1700200
2017-03-29,61.74164581298828,73.94000244140625,74.41000366210938,73.20999908447266,73.52999877929688,2492300
2017-03-30,61.95874786376953,74.19999694824219,74.52999877929688,73.54000091552734,73.77999877929688,2111100
2017-03-31,61.91701889038086,74.1500015258789,74.62999725341797,73.66999816894531,73.80000305175781,2011500
2017-04-03,61.925350189208984,74.16000366210938,74.79000091552734,73.41999816894531,74.31999969482422,2813200
2017-04-04,62.526573181152344,74.87999725341797,75.08000183105469,73.94999694824219,74.30999755859375,2783400
2017-04-05,62.33449172973633,74.6500015258789,76.36000061035156,74.33999633789062,75.2699966430664,2770700
2017-04-06,62.40131378173828,74.7300033569336,75.25,74.5,74.83999633789062,1592500
2017-04-07,62.267696380615234,74.56999969482422,74.93000030517578,74.19999694824219,74.5199966430664,1790900
2017-04-10,63.127777099609375,75.5999984741211,76.38999938964844,74.62000274658203,74.79000091552734,2959700
2017-04-11,62.952415466308594,75.38999938964844,75.41000366210938,74.58999633789062,75.30999755859375,2105200
2017-04-12,61.99212646484375,74.23999786376953,76.0,73.95999908447266,75.58000183105469,3322200
2017-04-13,61.38258361816406,73.51000213623047,74.33999633789062,73.51000213623047,74.08999633789062,1405800
2017-04-17,62.02555465698242,74.27999877929688,74.30000305175781,73.45999908447266,73.86000061035156,1372100
2017-04-18,62.184207916259766,74.47000122070312,74.66000366210938,73.81999969482422,73.81999969482422,1744000
2017-04-19,61.482791900634766,73.62999725341797,75.18000030517578,73.5199966430664,74.87999725341797,2223900
2017-04-20,61.81679153442383,74.02999877929688,74.61000061035156,73.76000213623047,74.02999877929688,3645000
2017-04-21,61.666481018066406,73.8499984741211,74.44999694824219,73.62999725341797,74.2300033569336,2637100
2017-04-24,63.027584075927734,75.4800033569336,75.63999938964844,74.68000030517578,75.02999877929688,2875200
2017-04-25,63.895999908447266,76.5199966430664,76.93000030517578,75.83999633789062,76.06999969482422,3044700
2017-04-26,64.06300354003906,76.72000122070312,77.38999938964844,76.58999633789062,76.68000030517578,2014500
2017-04-27,63.870941162109375,76.48999786376953,77.11000061035156,76.26000213623047,76.69999694824219,2073400
2017-04-28,63.161163330078125,75.63999938964844,76.61000061035156,75.47000122070312,76.45999908447266,2351100
2017-05-01,63.570316314697266,76.12999725341797,76.48999786376953,75.16000366210938,75.9000015258789,4044200
2017-05-02,64.38866424560547,77.11000061035156,79.30999755859375,76.37000274658203,77.73999786376953,4359600
2017-05-03,64.23717498779297,76.33000183105469,76.44999694824219,75.77999877929688,76.38999938964844,2748300
2017-05-04,63.82481002807617,75.83999633789062,76.5999984741211,75.62000274658203,76.54000091552734,2513900
2017-05-05,64.68321228027344,76.86000061035156,76.88999938964844,75.9000015258789,76.11000061035156,2160100
2017-05-08,64.61588287353516,76.77999877929688,77.05000305175781,76.43000030517578,76.80000305175781,1686800
2017-05-09,64.59906005859375,76.76000213623047,77.0,76.5,76.66999816894531,1386700
2017-05-10,64.87676239013672,77.08999633789062,77.25,76.56999969482422,76.7300033569336,1327300
2017-05-11,64.82630157470703,77.02999877929688,77.16999816894531,76.27999877929688,76.79000091552734,1828700
2017-05-12,64.53173065185547,76.68000030517578,77.11000061035156,76.44000244140625,76.54000091552734,1825700
2017-05-15,64.77578735351562,76.97000122070312,77.23999786376953,76.72000122070312,77.12999725341797,1840800
2017-05-16,65.00301361083984,77.23999786376953,77.37000274658203,76.51000213623047,77.37000274658203,1478100
2017-05-17,64.11094665527344,76.18000030517578,77.23999786376953,76.11000061035156,77.23999786376953,2787200
2017-05-18,64.01837158203125,76.06999969482422,76.4000015258789,75.11000061035156,76.36000061035156,2940000
2017-05-19,65.65101623535156,78.01000213623047,78.19000244140625,76.43000030517578,76.44000244140625,3142600
2017-05-22,65.3901596069336,77.69999694824219,78.44999694824219,77.44000244140625,78.11000061035156,2589300
2017-05-23,65.34805297851562,77.6500015258789,77.93000030517578,77.33000183105469,77.8499984741211,2296200
2017-05-24,65.28072357177734,77.56999969482422,78.0,77.20999908447266,77.62999725341797,1282900
2017-05-25,65.06192779541016,77.30999755859375,78.2699966430664,77.0,77.91999816894531,1753200
2017-05-26,65.27230834960938,77.55999755859375,77.72000122070312,77.0999984741211,77.27999877929688,1063000
2017-05-30,65.40697479248047,77.72000122070312,77.80999755859375,77.12000274658203,77.47000122070312,1023400
2017-05-31,65.12080383300781,77.37999725341797,78.4000015258789,76.7300033569336,77.30999755859375,1659000
2017-06-01,65.7099380493164,78.08000183105469,78.56999969482422,77.26000213623047,77.9000015258789,1800100
2017-06-02,65.54161834716797,77.87999725341797,78.61000061035156,77.69000244140625,78.19999694824219,1868900
2017-06-05,64.60746002197266,76.7699966430664,77.91999816894531,76.76000213623047,77.87000274658203,2583200
2017-06-06,64.23717498779297,76.33000183105469,76.7300033569336,76.08000183105469,76.44000244140625,1924300
2017-06-07,63.07581329345703,74.94999694824219,76.5,74.26000213623047,76.5,3520700
2017-06-08,63.51344299316406,75.47000122070312,75.61000061035156,74.5999984741211,74.94999694824219,3669900
2017-06-09,63.74065017700195,75.73999786376953,75.94999694824219,75.27999877929688,75.70999908447266,2882000
2017-06-12,63.765907287597656,75.7699966430664,76.20999908447266,75.45999908447266,75.73999786376953,1706500
2017-06-13,64.05201721191406,76.11000061035156,76.30000305175781,75.5199966430664,75.94000244140625,1397500
2017-06-14,63.404014587402344,75.33999633789062,76.31999969482422,74.83999633789062,76.27999877929688,2320000
2017-06-15,64.07727813720703,76.13999938964844,76.52999877929688,74.43000030517578,74.45999908447266,1946000
2017-06-16,64.63272094726562,76.80000305175781,77.05000305175781,76.22000122070312,76.36000061035156,2623800
2017-06-19,65.70150756835938,78.06999969482422,78.41999816894531,77.23999786376953,77.27999877929688,2505800
2017-06-20,64.85151672363281,77.05999755859375,77.8499984741211,77.0,77.66999816894531,1796700
2017-06-21,63.89213562011719,75.91999816894531,77.37999725341797,75.76000213623047,77.23999786376953,1702900
2017-06-22,63.765907287597656,75.7699966430664,76.41999816894531,75.70999908447266,75.98999786376953,1946600
2017-06-23,64.70004272460938,76.87999725341797,76.93000030517578,75.66000366210938,75.83999633789062,2995800
2017-06-26,64.60746002197266,76.7699966430664,77.61000061035156,76.30000305175781,77.13999938964844,1415600
2017-06-27,64.32135009765625,76.43000030517578,76.94000244140625,76.1500015258789,76.69000244140625,1642000
2017-06-28,65.17133331298828,77.44000244140625,77.63999938964844,76.77999877929688,77.0,1608600
2017-06-29,64.48963928222656,76.62999725341797,78.0,76.0,77.58999633789062,1751300
2017-06-30,65.49954986572266,77.83000183105469,78.31999969482422,76.86000061035156,76.9000015258789,1843600
2017-07-03,65.93714904785156,78.3499984741211,78.7699966430664,77.70999908447266,78.37000274658203,1386800
2017-07-05,66.17279052734375,78.62999725341797,78.86000061035156,78.0,78.33000183105469,1892700
2017-07-06,66.10546112060547,78.55000305175781,78.9800033569336,78.26000213623047,78.31999969482422,1923400
2017-07-07,66.78715515136719,79.36000061035156,79.9000015258789,78.3499984741211,78.55000305175781,1934300
2017-07-10,67.66239929199219,80.4000015258789,80.83000183105469,79.27999877929688,79.27999877929688,2238500
2017-07-11,67.70445251464844,80.44999694824219,80.5,79.47000122070312,80.30000305175781,2314200
2017-07-12,67.75493621826172,80.51000213623047,81.62999725341797,80.4800033569336,80.79000091552734,1843400
2017-07-13,67.59506225585938,80.31999969482422,80.69000244140625,79.94000244140625,80.41000366210938,1857200
2017-07-14,67.83909606933594,80.61000061035156,80.8499984741211,80.37999725341797,80.5199966430664,1683300
2017-07-17,67.50247192382812,80.20999908447266,80.52999877929688,80.05999755859375,80.4800033569336,1807900
2017-07-18,67.5193099975586,80.2300033569336,80.2300033569336,79.62999725341797,80.16999816894531,1583500
2017-07-19,67.64555358886719,80.37999725341797,80.5999984741211,79.77999877929688,80.44000244140625,1758300
2017-07-20,66.95545959472656,79.55999755859375,80.33999633789062,79.52999877929688,80.31999969482422,1530100
2017-07-21,66.45893096923828,78.97000122070312,79.41000366210938,78.36000061035156,79.19000244140625,2436400
2017-07-24,66.18965148925781,78.6500015258789,79.11000061035156,78.4800033569336,79.0,1786900
2017-07-25,66.76189422607422,79.33000183105469,79.58999633789062,78.73999786376953,79.5,2311800
2017-07-26,66.48418426513672,79.0,79.3499984741211,78.51000213623047,79.3499984741211,1821900
2017-07-27,66.05497741699219,78.48999786376953,79.18000030517578,77.94999694824219,79.11000061035156,2638700
2017-07-28,66.00450897216797,78.43000030517578,78.58999633789062,77.62000274658203,78.44999694824219,1734900
2017-07-31,65.85298919677734,78.25,79.08000183105469,77.8499984741211,78.43000030517578,3669200
2017-08-01,62.49513244628906,74.26000213623047,75.48999786376953,72.16000366210938,75.48999786376953,10716900
2017-08-02,62.86842727661133,74.0999984741211,74.44000244140625,73.11000061035156,73.4000015258789,5824300
2017-08-03,62.452728271484375,73.61000061035156,73.9800033569336,72.97000122070312,73.9000015258789,4533300
2017-08-04,63.23324203491211,74.52999877929688,74.56999969482422,73.61000061035156,73.68000030517578,2778300
2017-08-07,62.775115966796875,73.98999786376953,74.44000244140625,73.68000030517578,73.76000213623047,3197300
2017-08-08,61.92668914794922,72.98999786376953,74.30000305175781,72.91999816894531,73.70999908447266,4769700
2017-08-09,62.05393600463867,73.13999938964844,73.37000274658203,72.66000366210938,72.7699966430664,3167300
2017-08-10,60.78977966308594,71.6500015258789,72.97000122070312,71.61000061035156,72.88999938964844,2704400
2017-08-11,60.645565032958984,71.4800033569336,71.93000030517578,71.37999725341797,71.73999786376953,1294700
2017-08-14,61.49398422241211,72.4800033569336,72.58000183105469,71.81999969482422,72.19000244140625,2032900
2017-08-15,61.3497428894043,72.30999755859375,72.88999938964844,72.12000274658203,72.44000244140625,1973900
2017-08-16,61.65517807006836,72.66999816894531,72.94000244140625,72.44000244140625,72.52999877929688,2103300
2017-08-17,60.84918212890625,71.72000122070312,72.68000030517578,71.47000122070312,71.5199966430664,4160600
2017-08-18,60.407997131347656,71.19999694824219,71.97000122070312,71.19999694824219,71.62000274658203,2261100
2017-08-21,60.35710525512695,71.13999938964844,71.38999938964844,70.69000244140625,71.12999725341797,2134100
2017-08-22,61.00189971923828,71.9000015258789,72.11000061035156,71.19999694824219,71.30999755859375,2317400
2017-08-23,60.41646957397461,71.20999908447266,71.75,71.12000274658203,71.43000030517578,1182800
2017-08-24,59.932861328125,70.63999938964844,71.37000274658203,70.52999877929688,71.37000274658203,2530300
2017-08-25,59.98377227783203,70.69999694824219,71.16999816894531,70.58000183105469,71.04000091552734,1734700
2017-08-28,59.76320266723633,70.44000244140625,71.13999938964844,70.25,70.9800033569336,1319900
2017-08-29,59.83106994628906,70.5199966430664,70.69999694824219,69.81999969482422,70.16000366210938,2684800
2017-08-30,60.28076171875,71.05000305175781,71.16000366210938,70.48999786376953,70.5,2561600
2017-08-31,60.883121490478516,71.76000213623047,71.87999725341797,71.19000244140625,71.44999694824219,2252900
2017-09-01,60.77280044555664,71.62999725341797,72.1500015258789,71.58000183105469,72.04000091552734,1707300
2017-09-05,60.32313919067383,71.0999984741211,71.93000030517578,70.7300033569336,71.61000061035156,2033900
2017-09-06,60.518280029296875,71.33000183105469,71.62000274658203,71.12000274658203,71.56999969482422,1700400
2017-09-07,60.50981903076172,71.31999969482422,71.5199966430664,70.62999725341797,71.4800033569336,1439300
2017-09-08,61.205501556396484,72.13999938964844,72.41999816894531,71.08999633789062,71.19999694824219,1775600
2017-09-11,62.23210906982422,73.3499984741211,73.37999725341797,72.4800033569336,72.69000244140625,2186500
2017-09-12,63.292659759521484,74.5999984741211,74.6500015258789,73.45999908447266,73.5,2482900
2017-09-13,63.572635650634766,74.93000030517578,74.94999694824219,74.19999694824219,74.54000091552734,2137300
2017-09-14,64.15803527832031,75.62000274658203,75.72000122070312,74.38999938964844,74.76000213623047,2481100
2017-09-15,65.25250244140625,76.91000366210938,76.9800033569336,75.22000122070312,75.58999633789062,4901300
2017-09-18,66.09244537353516,77.9000015258789,78.04000091552734,76.52999877929688,77.0,2832500
2017-09-19,65.3543472290039,77.02999877929688,77.87000274658203,76.95999908447266,77.73999786376953,3215300
2017-09-20,65.98216247558594,77.7699966430664,78.20999908447266,77.12000274658203,77.22000122070312,2482000
2017-09-21,66.22819519042969,78.05999755859375,78.25,77.66000366210938,77.69999694824219,1784000
2017-09-22,66.26213836669922,78.0999984741211,78.51000213623047,77.69000244140625,77.98999786376953,1624900
2017-09-25,65.79551696777344,77.55000305175781,78.2300033569336,76.88999938964844,78.13999938964844,2669600
2017-09-26,65.42220306396484,77.11000061035156,77.6500015258789,77.0199966430664,77.5999984741211,1855700
2017-09-27,65.43067932128906,77.12000274658203,77.61000061035156,76.80999755859375,77.44000244140625,2015300
2017-09-28,64.5567855834961,76.08999633789062,76.97000122070312,75.43000030517578,76.83999633789062,3048100
2017-09-29,65.15071868896484,76.79000091552734,76.94000244140625,75.72000122070312,75.94999694824219,2236300
2017-10-02,65.78701782226562,77.54000091552734,77.58000183105469,76.38999938964844,76.94999694824219,1755400
2017-10-03,65.71066284179688,77.44999694824219,77.76000213623047,77.25,77.68000030517578,2017700
2017-10-04,66.22819519042969,78.05999755859375,78.19000244140625,77.01000213623047,77.3499984741211,2209400
2017-10-05,66.00761413574219,77.80000305175781,78.25,77.58999633789062,77.95999908447266,2032900
2017-10-06,65.96517944335938,77.75,78.22000122070312,77.43000030517578,77.62999725341797,2281200
2017-10-09,65.90580749511719,77.68000030517578,78.12000274658203,77.30999755859375,77.76000213623047,1368700
2017-10-10,66.16033172607422,77.9800033569336,78.12999725341797,77.4000015258789,77.95999908447266,1612800
2017-10-11,66.62696838378906,78.52999877929688,78.66999816894531,77.7300033569336,77.94999694824219,2390600
2017-10-12,66.78817749023438,78.72000122070312,79.16000366210938,78.30999755859375,78.55999755859375,2504000
2017-10-13,66.62696838378906,78.52999877929688,79.19000244140625,78.47000122070312,79.12000274658203,1942800
2017-10-16,67.22087097167969,79.2300033569336,79.30999755859375,78.5199966430664,78.81999969482422,1400500
2017-10-17,66.23670196533203,78.06999969482422,78.43000030517578,76.5999984741211,77.83000183105469,3535700
2017-10-18,66.15184783935547,77.97000122070312,78.61000061035156,77.94000244140625,78.16000366210938,2249400
2017-10-19,66.19427490234375,78.0199966430664,78.19000244140625,77.33999633789062,77.37000274658203,2168500
2017-10-20,66.96634674072266,78.93000030517578,79.04000091552734,78.19000244140625,78.47000122070312,2559800
2017-10-23,66.58454895019531,78.4800033569336,79.08999633789062,78.43000030517578,79.02999877929688,2196900
2017-10-24,67.51782989501953,79.58000183105469,80.13999938964844,78.91000366210938,78.91999816894531,3107900
2017-10-25,67.0087661743164,78.9800033569336,79.69000244140625,78.33000183105469,79.44000244140625,2311200
2017-10-26,67.44995880126953,79.5,79.94000244140625,79.19999694824219,79.5,1642700
2017-10-27,67.67902374267578,79.7699966430664,79.98999786376953,79.13999938964844,79.47000122070312,1987600
2017-10-30,67.22087097167969,79.2300033569336,80.43000030517578,79.18000030517578,79.6500015258789,3740800
2017-10-31,67.89111328125,80.0199966430664,81.5,77.62000274658203,77.94000244140625,4955400
2017-11-01,69.15528869628906,81.51000213623047,82.33999633789062,80.80000305175781,80.87999725341797,3680500
2017-11-02,67.8475570678711,79.37999725341797,81.33999633789062,79.33000183105469,81.05000305175781,3227100
2017-11-03,66.7535171508789,78.0999984741211,79.23999786376953,77.08000183105469,79.1500015258789,4477300
2017-11-06,66.9330062866211,78.30999755859375,78.63999938964844,77.63999938964844,78.0999984741211,2239800
2017-11-07,67.24070739746094,78.66999816894531,78.9800033569336,78.16000366210938,78.4000015258789,1454300
2017-11-08,67.56549835205078,79.05000305175781,79.20999908447266,77.94000244140625,78.41000366210938,2281800
2017-11-09,66.54837799072266,77.86000061035156,79.48999786376953,77.80000305175781,78.72000122070312,2957100
2017-11-10,66.59968566894531,77.91999816894531,78.08000183105469,77.4800033569336,77.9000015258789,1380400
2017-11-13,66.61676788330078,77.94000244140625,78.16000366210938,77.51000213623047,77.69999694824219,1393600
2017-11-14,65.71929168701172,76.88999938964844,77.66999816894531,76.88999938964844,77.48999786376953,1844800
2017-11-15,64.84748840332031,75.87000274658203,76.5999984741211,75.5999984741211,76.47000122070312,2029900
2017-11-16,65.33467864990234,76.44000244140625,76.80000305175781,76.13999938964844,76.13999938964844,1824800
2017-11-17,64.65089416503906,75.63999938964844,76.0,75.41999816894531,75.98999786376953,2965300
2017-11-20,64.69364166259766,75.69000244140625,75.9800033569336,75.5,75.86000061035156,2933700
2017-11-21,65.21502685546875,76.30000305175781,76.33000183105469,75.83000183105469,76.08999633789062,1801800
2017-11-22,65.14664459228516,76.22000122070312,76.66999816894531,76.18000030517578,76.33000183105469,995300
2017-11-24,64.89022827148438,75.91999816894531,76.37000274658203,75.83000183105469,76.37000274658203,698900
2017-11-27,64.55689239501953,75.52999877929688,76.05000305175781,75.52999877929688,75.94000244140625,1493900
2017-11-28,65.68511199951172,76.8499984741211,77.04000091552734,75.55999755859375,75.66999816894531,2029100
2017-11-29,65.67655181884766,76.83999633789062,77.29000091552734,76.36000061035156,77.0199966430664,1839600
2017-11-30,66.48001861572266,77.77999877929688,77.98999786376953,76.91999816894531,76.9800033569336,2725300
2017-12-01,66.41165161132812,77.69999694824219,78.41999816894531,76.4000015258789,77.98999786376953,2264000
2017-12-04,65.30905151367188,76.41000366210938,78.61000061035156,76.4000015258789,78.30999755859375,2329200
2017-12-05,64.06114959716797,74.94999694824219,76.62000274658203,74.94000244140625,76.37000274658203,3000600
2017-12-06,64.77912139892578,75.79000091552734,76.26000213623047,74.9000015258789,76.01000213623047,3000800
2017-12-07,66.03557586669922,77.26000213623047,77.47000122070312,75.62000274658203,75.6500015258789,3538500
2017-12-08,66.06119537353516,77.29000091552734,77.86000061035156,77.01000213623047,77.48999786376953,2363700
2017-12-11,66.4714584350586,77.7699966430664,78.11000061035156,77.11000061035156,77.61000061035156,3755100
2017-12-12,66.46292877197266,77.76000213623047,78.44999694824219,77.7300033569336,77.83999633789062,2189300
2017-12-13,66.3005142211914,77.56999969482422,78.48999786376953,77.54000091552734,77.95999908447266,2148100
2017-12-14,65.33467864990234,76.44000244140625,77.7699966430664,76.41000366210938,77.66999816894531,1719700
2017-12-15,66.06119537353516,77.29000091552734,77.77999877929688,76.58000183105469,76.61000061035156,3503700
2017-12-18,65.86461639404297,77.05999755859375,78.43000030517578,76.9800033569336,78.11000061035156,2747400
2017-12-19,65.69366455078125,76.86000061035156,77.31999969482422,76.73999786376953,77.2699966430664,1930800
2017-12-20,65.94154357910156,77.1500015258789,77.54000091552734,77.01000213623047,77.36000061035156,2318300
2017-12-21,66.7535171508789,78.0999984741211,78.37999725341797,77.16000366210938,77.4800033569336,2076900
2017-12-22,66.24923706054688,77.51000213623047,78.27999877929688,77.51000213623047,78.27999877929688,1362100
2017-12-26,66.08684539794922,77.31999969482422,77.70999908447266,77.20999908447266,77.5999984741211,676300
2017-12-27,66.17233276367188,77.41999816894531,77.68000030517578,77.01000213623047,77.4000015258789,1135500
2017-12-28,66.8048095703125,78.16000366210938,78.19000244140625,77.43000030517578,77.56999969482422,1083200
2017-12-29,67.53129577636719,79.01000213623047,79.6500015258789,78.55999755859375,78.91000366210938,3245900
2018-01-02,67.40311431884766,78.86000061035156,79.5199966430664,77.5199966430664,79.2300033569336,2814900
2018-01-03,69.77922058105469,81.63999938964844,81.66999816894531,78.86000061035156,79.26000213623047,4255900
2018-01-04,69.03560638427734,80.7699966430664,81.98999786376953,80.45999908447266,81.69000244140625,3936400
2018-01-05,69.56553649902344,81.38999938964844,81.41999816894531,80.25,80.87999725341797,2398900
2018-01-08,70.11256408691406,82.02999877929688,82.30000305175781,81.0,81.37000274658203,1818200
2018-01-09,70.06982421875,81.9800033569336,82.48999786376953,80.30999755859375,81.87000274658203,2216000
2018-01-10,70.4886245727539,82.47000122070312,82.68000030517578,81.31999969482422,81.66999816894531,2126800
2018-01-11,71.78781127929688,83.98999786376953,83.98999786376953,82.33000183105469,82.66000366210938,1897900
2018-01-12,72.00149536132812,84.23999786376953,84.3499984741211,83.47000122070312,84.16000366210938,2417500
2018-01-16,71.24077606201172,83.3499984741211,84.5,82.69999694824219,84.44000244140625,2198500
2018-01-17,71.45447540283203,83.5999984741211,83.98999786376953,83.27999877929688,83.48999786376953,1379400
2018-01-18,71.4202880859375,83.55999755859375,84.0,83.0199966430664,83.69000244140625,2001600
2018-01-19,71.7536392211914,83.94999694824219,84.41000366210938,83.55000305175781,83.9000015258789,3215000
2018-01-22,72.10406494140625,84.36000061035156,84.41999816894531,83.51000213623047,83.93000030517578,2413400
2018-01-23,72.7536392211914,85.12000274658203,85.31999969482422,83.83000183105469,83.95999908447266,2393700
2018-01-24,72.22371673583984,84.5,85.61000061035156,84.33999633789062,85.5999984741211,2862200
2018-01-25,72.839111328125,85.22000122070312,85.66999816894531,83.93000030517578,85.08999633789062,2592200
2018-01-26,73.92461395263672,86.48999786376953,86.51000213623047,85.04000091552734,85.5,1863300
2018-01-29,73.15535736083984,85.58999633789062,86.81999969482422,85.37000274658203,86.20999908447266,1883800
2018-01-30,72.4288558959961,84.73999786376953,85.62999725341797,84.33000183105469,84.91000366210938,2478800
2018-01-31,71.77074432373047,83.97000122070312,85.52999877929688,83.43000030517578,85.33000183105469,2901000
2018-02-01,75.09558868408203,87.86000061035156,89.8499984741211,86.6500015258789,86.93000030517578,6112700
2018-02-02,72.72797393798828,85.08999633789062,87.4000015258789,84.9000015258789,87.12000274658203,6100300
2018-02-05,69.72793579101562,81.58000183105469,85.68000030517578,81.58000183105469,85.66999816894531,5528400
2018-02-06,70.66812896728516,82.68000030517578,83.27999877929688,79.5,80.23999786376953,4994500
2018-02-07,69.76213073730469,81.62000274658203,84.37999725341797,81.58999633789062,82.31999969482422,3908800
2018-02-08,67.87320709228516,79.41000366210938,82.30999755859375,79.4000015258789,81.80999755859375,3150900
2018-02-09,69.03560638427734,80.7699966430664,81.5999984741211,78.98999786376953,80.69999694824219,4925800
2018-02-12,70.10400390625,82.0199966430664,82.56999969482422,81.23999786376953,81.44999694824219,2789800
2018-02-13,69.94161224365234,81.83000183105469,82.13999938964844,80.98999786376953,81.45999908447266,1332500
2018-02-14,70.65959167480469,82.66999816894531,82.86000061035156,81.0199966430664,81.23999786376953,2399600
2018-02-15,70.73649597167969,82.76000213623047,83.41999816894531,81.77999877929688,83.11000061035156,1516400
2018-02-16,70.76214599609375,82.79000091552734,83.91000366210938,82.19999694824219,82.66000366210938,2200200
2018-02-20,69.83905792236328,81.70999908447266,83.04000091552734,81.44999694824219,82.43000030517578,3344600
2018-02-21,69.71085357666016,81.55999755859375,82.6500015258789,81.26000213623047,81.72000122070312,2219300
2018-02-22,69.9843521118164,81.87999725341797,82.6500015258789,81.68000030517578,82.02999877929688,1778900
2018-02-23,70.27497100830078,82.22000122070312,82.66000366210938,81.56999969482422,82.5,2204900
2018-02-26,70.32624816894531,82.27999877929688,82.55000305175781,81.54000091552734,82.36000061035156,2854900
2018-02-27,70.05272674560547,81.95999908447266,83.0999984741211,81.93000030517578,82.19000244140625,2514800
2018-02-28,68.97577667236328,80.69999694824219,82.51000213623047,80.68000030517578,82.16000366210938,2323500
2018-03-01,68.02705383300781,79.58999633789062,81.70999908447266,79.20999908447266,81.0999984741211,3527400
2018-03-02,68.12104797363281,79.69999694824219,80.08999633789062,78.38999938964844,79.16000366210938,3251000
2018-03-05,68.5655288696289,80.22000122070312,80.31999969482422,78.4000015258789,79.18000030517578,2983500
2018-03-06,69.18090057373047,80.94000244140625,80.97000122070312,79.72000122070312,80.79000091552734,2658700
2018-03-07,69.25784301757812,81.02999877929688,81.19000244140625,79.7699966430664,79.98999786376953,2741700
2018-03-08,69.35183715820312,81.13999938964844,81.95999908447266,80.48999786376953,81.93000030517578,5636000
2018-03-09,71.6440658569336,83.13999938964844,83.16000366210938,80.70999908447266,81.06999969482422,3155000
2018-03-12,70.25666809082031,81.52999877929688,83.23999786376953,81.20999908447266,83.08999633789062,3666100
2018-03-13,70.04125213623047,81.27999877929688,82.66999816894531,81.13999938964844,81.70999908447266,2869600
2018-03-14,69.01579284667969,80.08999633789062,81.91999816894531,79.95999908447266,81.88999938964844,2395900
2018-03-15,69.17090606689453,80.2699966430664,80.68000030517578,79.87999725341797,80.25,2840700
2018-03-16,69.78270721435547,80.9800033569336,81.30000305175781,80.2300033569336,80.43000030517578,4651900
2018-03-19,69.33460998535156,80.45999908447266,80.98999786376953,79.81999969482422,80.75,1709100
2018-03-20,69.93785095214844,81.16000366210938,81.87000274658203,80.5,80.69999694824219,1783200
2018-03-21,70.21360778808594,81.4800033569336,82.0999984741211,80.93000030517578,81.33000183105469,1847300
2018-03-22,68.44706726074219,79.43000030517578,81.36000061035156,79.27999877929688,80.63999938964844,2650400
2018-03-23,67.36988067626953,78.18000030517578,79.68000030517578,78.08999633789062,79.68000030517578,3332200
2018-03-26,69.88612365722656,81.0999984741211,81.43000030517578,79.51000213623047,80.18000030517578,4143100
2018-03-27,68.68833923339844,79.70999908447266,81.5999984741211,79.19999694824219,81.23999786376953,3678000
2018-03-28,68.11959075927734,79.05000305175781,79.87000274658203,78.56999969482422,79.80999755859375,2858400
2018-03-29,68.86066436767578,79.91000366210938,80.6500015258789,79.25,79.61000061035156,2902700
2018-04-02,66.9476547241211,77.69000244140625,79.62999725341797,76.51000213623047,79.47000122070312,2401500
2018-04-03,67.09413146972656,77.86000061035156,78.27999877929688,76.38999938964844,78.0,4515400
2018-04-04,67.71459197998047,78.58000183105469,78.66999816894531,76.13999938964844,76.4800033569336,3064100
2018-04-05,68.29193115234375,79.25,79.5199966430664,78.62000274658203,79.31999969482422,2434600
2018-04-06,65.46546936035156,75.97000122070312,78.91999816894531,75.66000366210938,78.3499984741211,4025900
2018-04-09,65.43099212646484,75.93000030517578,77.16999816894531,75.77999877929688,76.72000122070312,2922000
2018-04-10,66.86145782470703,77.58999633789062,78.44999694824219,77.41000366210938,77.9000015258789,2786300
2018-04-11,66.49954986572266,77.16999816894531,77.51000213623047,76.62000274658203,76.9000015258789,2279900
2018-04-12,66.73221588134766,77.44000244140625,78.05999755859375,77.36000061035156,77.5,3177000
2018-04-13,66.57710266113281,77.26000213623047,78.33999633789062,76.9800033569336,78.05999755859375,3313400
2018-04-16,66.74081420898438,77.44999694824219,78.13999938964844,77.26000213623047,77.88999938964844,3675900
2018-04-17,67.17169189453125,77.94999694824219,78.72000122070312,77.83000183105469,78.2300033569336,2536300
2018-04-18,68.240234375,79.19000244140625,79.4000015258789,78.11000061035156,78.41999816894531,2337700
2018-04-19,68.20576477050781,79.1500015258789,79.66999816894531,78.55999755859375,79.1500015258789,3317100
2018-04-20,68.12820434570312,79.05999755859375,79.5999984741211,78.47000122070312,79.31999969482422,2259400
2018-04-23,67.6714859008789,78.52999877929688,79.62999725341797,78.33000183105469,79.23999786376953,2085900
2018-04-24,65.43099212646484,75.93000030517578,79.51000213623047,74.70999908447266,79.12000274658203,3013000
2018-04-25,66.12039947509766,76.7300033569336,76.93000030517578,74.80999755859375,75.73999786376953,2744200
2018-04-26,65.41376495361328,75.91000366210938,76.83999633789062,75.0,76.69000244140625,3276500
2018-04-27,65.62057495117188,76.1500015258789,76.2300033569336,75.26000213623047,75.6500015258789,3401900
2018-04-30,64.65543365478516,75.02999877929688,76.58000183105469,75.02999877929688,76.19999694824219,3824700
2018-05-01,63.64722442626953,73.86000061035156,74.68000030517578,72.3499984741211,74.37999725341797,6034200
2018-05-02,62.75101089477539,72.81999969482422,74.26000213623047,72.62999725341797,73.51000213623047,4618000
2018-05-03,63.542381286621094,73.06999969482422,73.55999755859375,71.62000274658203,71.91999816894531,4229500
2018-05-04,65.107666015625,74.87000274658203,75.30000305175781,72.30999755859375,72.55999755859375,3871800
2018-05-07,64.95982360839844,74.69999694824219,75.06999969482422,74.08000183105469,75.01000213623047,6020100
2018-05-08,65.0641860961914,74.81999969482422,74.98999786376953,74.29000091552734,74.80000305175781,3044100
2018-05-09,65.79466247558594,75.66000366210938,75.72000122070312,74.72000122070312,75.11000061035156,1596100
2018-05-10,66.48163604736328,76.44999694824219,76.58000183105469,75.44999694824219,75.81999969482422,2775100
2018-05-11,66.49903106689453,76.47000122070312,77.31999969482422,76.05999755859375,76.44999694824219,2188800
2018-05-14,66.59471130371094,76.58000183105469,76.94999694824219,76.2699966430664,76.76000213623047,2042300
2018-05-15,66.72515869140625,76.7300033569336,76.80999755859375,76.02999877929688,76.18000030517578,2588200
2018-05-16,67.24689483642578,77.33000183105469,77.88999938964844,76.61000061035156,76.70999908447266,2174800
2018-05-17,67.54256439208984,77.66999816894531,78.05000305175781,77.12000274658203,77.23999786376953,1607100
2018-05-18,68.34259796142578,78.58999633789062,79.05000305175781,78.43000030517578,78.5199966430664,2587500
2018-05-21,69.47310638427734,79.88999938964844,80.2699966430664,79.06999969482422,79.18000030517578,3375500
2018-05-22,68.83828735351562,79.16000366210938,80.5,79.11000061035156,80.0999984741211,1734100
2018-05-23,68.69915008544922,79.0,79.0999984741211,78.30000305175781,78.72000122070312,2805600
2018-05-24,68.62090301513672,78.91000366210938,79.43000030517578,78.0,78.9800033569336,3276800
2018-05-25,68.06434631347656,78.2699966430664,78.63999938964844,77.8499984741211,78.36000061035156,1688400
2018-05-29,66.90776062011719,76.94000244140625,77.61000061035156,76.23999786376953,77.4800033569336,2014600
2018-05-30,67.75128173828125,77.91000366210938,78.20999908447266,77.08000183105469,77.44000244140625,1575400
2018-05-31,66.59471130371094,76.58000183105469,78.20999908447266,76.30999755859375,78.20999908447266,2802300
2018-06-01,66.87297058105469,76.9000015258789,77.44999694824219,76.83999633789062,77.22000122070312,2043600
2018-06-04,66.93385314941406,76.97000122070312,77.68000030517578,76.77999877929688,77.25,2188800
2018-06-05,69.09048461914062,79.44999694824219,79.58000183105469,77.19000244140625,77.2699966430664,5141400
2018-06-06,69.81226348876953,80.27999877929688,80.27999877929688,79.0,79.80999755859375,3051600
2018-06-07,69.86443328857422,80.33999633789062,80.58999633789062,79.91000366210938,80.37999725341797,2362200
2018-06-08,69.87311553955078,80.3499984741211,80.4000015258789,79.73999786376953,80.08000183105469,1681500
2018-06-11,70.27314758300781,80.80999755859375,80.94000244140625,79.95999908447266,80.41999816894531,2111500
2018-06-12,69.92530059814453,80.41000366210938,81.18000030517578,80.13999938964844,80.83999633789062,2133600
2018-06-13,69.61223602294922,80.05000305175781,80.62999725341797,80.01000213623047,80.45999908447266,2598600
2018-06-14,68.9426498413086,79.27999877929688,80.54000091552734,79.08000183105469,80.20999908447266,1620700
2018-06-15,68.91656494140625,79.25,79.26000213623047,77.94000244140625,78.93000030517578,3581000
2018-06-18,68.899169921875,79.2300033569336,79.27999877929688,78.16999816894531,78.51000213623047,2707900
2018-06-19,68.01213836669922,78.20999908447266,78.33000183105469,77.52999877929688,78.33000183105469,2510900
2018-06-20,67.77737426757812,77.94000244140625,78.76000213623047,77.7300033569336,78.66999816894531,1723000
2018-06-21,66.40340423583984,76.36000061035156,77.63999938964844,76.1500015258789,77.63999938964844,4231700
2018-06-22,66.6033935546875,76.58999633789062,77.26000213623047,76.5,77.02999877929688,2342400
2018-06-25,66.03816223144531,75.94000244140625,76.69000244140625,75.43000030517578,76.33999633789062,3283900
2018-06-26,65.66419982910156,75.51000213623047,76.4000015258789,75.41000366210938,76.12999725341797,2615100
2018-06-27,65.44680786132812,75.26000213623047,76.83999633789062,75.25,75.86000061035156,3630600
2018-06-28,64.73373413085938,74.44000244140625,75.5,73.4800033569336,75.22000122070312,5594900
2018-06-29,64.99462890625,74.73999786376953,75.5999984741211,74.63999938964844,74.87000274658203,3533800
2018-07-02,65.15985107421875,74.93000030517578,75.08999633789062,74.11000061035156,74.19000244140625,2660100
2018-07-03,65.61205291748047,75.44999694824219,76.66000366210938,75.27999877929688,75.77999877929688,1378100
2018-07-05,65.95116424560547,75.83999633789062,76.0,75.1500015258789,75.83999633789062,1565200
2018-07-06,66.10772705078125,76.0199966430664,76.3499984741211,75.22000122070312,75.69000244140625,1737000
2018-07-09,67.65562438964844,77.80000305175781,77.81999969482422,76.06999969482422,76.1500015258789,1565400
2018-07-10,68.09912109375,78.30999755859375,78.66000366210938,77.87999725341797,78.56999969482422,2027400
2018-07-11,65.88162994384766,75.76000213623047,77.47000122070312,75.44000244140625,77.47000122070312,2856000
2018-07-12,66.84688568115234,76.87000274658203,77.7300033569336,76.08999633789062,77.04000091552734,1875900
2018-07-13,67.62084197998047,77.76000213623047,77.80000305175781,76.54000091552734,76.63999938964844,1431900
2018-07-16,67.2555923461914,77.33999633789062,77.95999908447266,77.13999938964844,77.94000244140625,1975700
2018-07-17,67.6729965209961,77.81999969482422,78.04000091552734,76.95999908447266,77.12000274658203,2431700
2018-07-18,68.15129852294922,78.37000274658203,78.95999908447266,77.73999786376953,77.91999816894531,1944300
2018-07-19,68.01213836669922,78.20999908447266,78.3499984741211,77.58000183105469,77.9000015258789,2152600
2018-07-20,67.5165023803711,77.63999938964844,78.01000213623047,77.43000030517578,77.80000305175781,2211800
2018-07-23,66.84688568115234,76.87000274658203,77.77999877929688,76.69999694824219,77.62000274658203,3315900
2018-07-24,67.35124969482422,77.44999694824219,78.41999816894531,77.08999633789062,77.68000030517578,3754400
2018-07-25,68.68177032470703,78.9800033569336,79.08000183105469,77.12999725341797,77.36000061035156,3136500
2018-07-26,69.53398132324219,79.95999908447266,80.30000305175781,78.94000244140625,78.94000244140625,3256400
2018-07-27,70.064453125,80.56999969482422,80.91000366210938,79.95999908447266,80.12000274658203,2096700
2018-07-30,69.447021484375,79.86000061035156,81.48999786376953,79.69000244140625,81.0,2813000
2018-07-31,72.32542419433594,83.16999816894531,83.55000305175781,80.12999725341797,80.19999694824219,4753400
2018-08-01,71.6297378540039,82.37000274658203,83.62999725341797,82.31999969482422,83.22000122070312,3613800
2018-08-02,70.58619689941406,81.16999816894531,81.69999694824219,80.77999877929688,81.2300033569336,2317100
2018-08-03,70.93405151367188,81.56999969482422,81.73999786376953,80.73999786376953,81.30999755859375,1861800
2018-08-06,70.60359954833984,81.19000244140625,81.9000015258789,81.08000183105469,81.72000122070312,1830800
2018-08-07,71.81236267089844,82.58000183105469,82.81999969482422,81.33999633789062,81.3499984741211,2823800
2018-08-08,71.22972869873047,81.91000366210938,82.62000274658203,81.69999694824219,82.5,1499900
2018-08-09,71.05580139160156,81.70999908447266,82.61000061035156,81.47000122070312,81.91000366210938,2096100
2018-08-10,70.04704284667969,80.55000305175781,81.23999786376953,80.26000213623047,81.16000366210938,2144500
2018-08-13,69.67313385009766,80.12000274658203,81.5199966430664,79.87000274658203,81.5199966430664,3273700
2018-08-14,69.69049835205078,80.13999938964844,80.6500015258789,79.83000183105469,80.2699966430664,2878800
2018-08-15,69.24700164794922,79.62999725341797,79.73999786376953,78.75,79.4000015258789,2158200
2018-08-16,70.01228332519531,80.51000213623047,80.98999786376953,80.18000030517578,80.22000122070312,2360400
2018-08-17,70.43836975097656,81.0,81.19000244140625,80.30999755859375,80.61000061035156,1664300
2018-08-20,70.74273681640625,81.3499984741211,81.8499984741211,81.1500015258789,81.2699966430664,1741700
2018-08-21,71.33406829833984,82.02999877929688,82.37000274658203,81.37999725341797,81.44000244140625,2936600
2018-08-22,70.86446380615234,81.48999786376953,81.98999786376953,81.16999816894531,81.93000030517578,2307600
2018-08-23,70.36881256103516,80.91999816894531,81.66000366210938,80.47000122070312,81.3499984741211,1846600
2018-08-24,71.02971649169922,81.68000030517578,81.70999908447266,80.95999908447266,81.3499984741211,1139000
2018-08-27,72.25584411621094,83.08999633789062,83.18000030517578,81.83999633789062,82.0,2144700
2018-08-28,72.67327117919922,83.56999969482422,83.87999725341797,83.3499984741211,83.41999816894531,2764000
2018-08-29,72.67327117919922,83.56999969482422,83.83999633789062,83.06999969482422,83.54000091552734,2092700
2018-08-30,72.02975463867188,82.83000183105469,83.4800033569336,82.70999908447266,83.27999877929688,1418500
2018-08-31,72.29935455322266,83.13999938964844,83.25,82.54000091552734,82.55000305175781,1887900
2018-09-04,71.97756958007812,82.7699966430664,83.12999725341797,81.91000366210938,83.08999633789062,2861400
2018-09-05,73.5341796875,84.55999755859375,84.66000366210938,82.41000366210938,82.62000274658203,2506600
2018-09-06,73.62982940673828,84.66999816894531,84.91999816894531,84.20999908447266,84.55000305175781,1631200
2018-09-07,72.8819580078125,83.80999755859375,84.38999938964844,83.23999786376953,84.38999938964844,3133400
2018-09-10,74.13421630859375,85.25,85.68000030517578,84.55999755859375,84.55999755859375,2214100
2018-09-11,73.96897888183594,85.05999755859375,85.48999786376953,84.3499984741211,84.86000061035156,2259900
2018-09-12,74.76032257080078,85.97000122070312,86.16999816894531,84.69000244140625,85.0999984741211,2872900
2018-09-13,75.39515686035156,86.69999694824219,87.33000183105469,86.30000305175781,86.43000030517578,2016100
2018-09-14,75.78646087646484,87.1500015258789,87.41000366210938,86.56999969482422,86.9000015258789,1544100
2018-09-17,75.76905059814453,87.12999725341797,87.63999938964844,86.8499984741211,87.16000366210938,2562800
2018-09-18,75.59515380859375,86.93000030517578,87.52999877929688,86.02999877929688,87.23999786376953,2353800
2018-09-19,76.53434753417969,88.01000213623047,88.3499984741211,86.9000015258789,87.16999816894531,1798300
2018-09-20,76.80391693115234,88.31999969482422,88.83999633789062,87.20999908447266,88.51000213623047,2787600
2018-09-21,76.96044158935547,88.5,89.45999908447266,87.30999755859375,87.70999908447266,3942700
2018-09-24,76.04736328125,87.44999694824219,88.38999938964844,87.16999816894531,88.25,2157900
2018-09-25,75.78646087646484,87.1500015258789,87.80000305175781,86.87000274658203,87.7300033569336,2542100
2018-09-26,75.5777587890625,86.91000366210938,87.76000213623047,86.79000091552734,87.33999633789062,2315900
2018-09-27,75.44734954833984,86.76000213623047,87.33000183105469,86.55000305175781,87.33000183105469,1694100
2018-09-28,75.42123413085938,86.7300033569336,87.08999633789062,86.44999694824219,86.8499984741211,2304900
2018-10-01,76.04736328125,87.44999694824219,87.70999908447266,86.79000091552734,87.47000122070312,1960100
2018-10-02,76.39520263671875,87.8499984741211,87.93000030517578,87.19000244140625,87.44999694824219,1903300
2018-10-03,76.28215789794922,87.72000122070312,89.0199966430664,87.38999938964844,88.2699966430664,2880600
2018-10-04,76.26475524902344,87.69999694824219,88.56999969482422,86.9800033569336,87.55999755859375,1936900
2018-10-05,75.36906433105469,86.66999816894531,88.20999908447266,86.30999755859375,87.80999755859375,2365600
2018-10-08,75.36906433105469,86.66999816894531,86.83999633789062,85.54000091552734,86.43000030517578,1750700
2018-10-09,73.85594177246094,84.93000030517578,86.73999786376953,84.75,86.45999908447266,3364500
2018-10-10,71.09058380126953,81.75,84.83999633789062,81.69000244140625,84.72000122070312,3974100
2018-10-11,69.1600341796875,79.52999877929688,82.08999633789062,79.26000213623047,81.69000244140625,3285400
2018-10-12,69.36876678466797,79.7699966430664,81.70999908447266,78.69000244140625,81.19999694824219,3586800
2018-10-15,68.83828735351562,79.16000366210938,80.04000091552734,79.04000091552734,79.80000305175781,2135700
2018-10-16,69.79486083984375,80.26000213623047,80.3499984741211,79.19999694824219,79.76000213623047,1911500
2018-10-17,69.40353393554688,79.80999755859375,80.73999786376953,78.88999938964844,80.7300033569336,1806000
2018-10-18,68.15998840332031,78.37999725341797,79.68000030517578,77.87999725341797,79.20999908447266,1952300
2018-10-19,67.21209716796875,77.29000091552734,78.72000122070312,77.08000183105469,78.22000122070312,2107500
2018-10-22,66.57731628417969,76.55999755859375,77.94000244140625,76.4800033569336,77.56999969482422,3526500
2018-10-23,63.92499542236328,73.51000213623047,74.7699966430664,73.23999786376953,74.56999969482422,4793000
2018-10-24,61.2118034362793,70.38999938964844,73.8499984741211,70.19999694824219,73.51000213623047,4325800
2018-10-25,62.785804748535156,72.19999694824219,72.79000091552734,70.8499984741211,71.2300033569336,4193500
2018-10-26,62.62057876586914,72.01000213623047,72.94999694824219,70.58000183105469,71.37000274658203,4471600
2018-10-29,61.76836395263672,71.02999877929688,73.68000030517578,69.97000122070312,73.44999694824219,3191500
2018-10-30,61.177024841308594,70.3499984741211,70.87999725341797,67.69999694824219,68.43000030517578,7647900
2018-10-31,62.32490539550781,71.66999816894531,73.12000274658203,71.1500015258789,71.36000061035156,5767100
2018-11-01,64.13370513916016,73.75,74.11000061035156,71.2699966430664,71.79000091552734,3604600
2018-11-02,63.69020080566406,73.23999786376953,74.58000183105469,72.88999938964844,74.41999816894531,3366600
2018-11-05,64.13370513916016,73.75,74.27999877929688,73.27999877929688,73.63999938964844,3648800
2018-11-06,65.46418762207031,75.27999877929688,75.3499984741211,73.5,73.56999969482422,2897900
2018-11-07,65.5859375,75.41999816894531,76.16000366210938,74.66999816894531,75.95999908447266,3514300
2018-11-08,64.559814453125,74.23999786376953,75.68000030517578,73.8499984741211,75.12999725341797,4239800
2018-11-09,63.85542297363281,73.43000030517578,74.05000305175781,72.75,73.66999816894531,3027400
2018-11-12,63.05539321899414,72.51000213623047,73.61000061035156,72.4000015258789,73.5,2161200
2018-11-13,62.8814582824707,72.30999755859375,73.80000305175781,72.01000213623047,72.5199966430664,2402900
2018-11-14,62.92495346069336,72.36000061035156,73.91999816894531,71.9000015258789,72.97000122070312,2843500
2018-11-15,64.33370971679688,73.9800033569336,74.33000183105469,71.63999938964844,72.0,2648700
2018-11-16,64.559814453125,74.23999786376953,74.52999877929688,73.43000030517578,73.63999938964844,2379900
2018-11-19,63.89891052246094,73.4800033569336,74.4800033569336,73.06999969482422,73.93000030517578,1911000
2018-11-20,63.43801498413086,72.94999694824219,73.31999969482422,72.33999633789062,72.66000366210938,2043300
2018-11-21,64.4206771850586,74.08000183105469,74.7699966430664,73.05000305175781,73.3499984741211,3035900
2018-11-23,64.42938995361328,74.08999633789062,74.81999969482422,73.37000274658203,73.37000274658203,1260600
2018-11-26,65.29896545410156,75.08999633789062,75.55999755859375,74.29000091552734,74.91000366210938,2784400
2018-11-27,65.52505493164062,75.3499984741211,75.41000366210938,74.26000213623047,74.58000183105469,2316100
2018-11-28,66.58601379394531,76.56999969482422,76.62999725341797,74.4000015258789,75.62999725341797,2207800
2018-11-29,66.09903717041016,76.01000213623047,76.69000244140625,75.58999633789062,76.30000305175781,1716400
2018-11-30,66.90776062011719,76.94000244140625,77.0,75.25,75.56999969482422,3137800
2018-12-03,67.83822631835938,78.01000213623047,79.16999816894531,77.31999969482422,78.76000213623047,2002200
2018-12-04,65.21202087402344,74.98999786376953,78.19999694824219,74.83999633789062,77.98999786376953,2632900
2018-12-06,63.73368453979492,73.29000091552734,73.5,71.16999816894531,73.5,3913000
2018-12-07,61.959686279296875,71.25,74.38999938964844,70.98999786376953,73.41999816894531,3322200
2018-12-10,62.02925109863281,71.33000183105469,71.66999816894531,69.44999694824219,71.19000244140625,2213600
2018-12-11,61.67271041870117,70.91999816894531,72.87000274658203,70.5,72.80000305175781,1597200
2018-12-12,61.83793258666992,71.11000061035156,72.4000015258789,71.06999969482422,72.0199966430664,2304300
2018-12-13,61.568359375,70.80000305175781,71.75,70.38999938964844,71.56999969482422,2180700
2018-12-14,61.37702941894531,70.58000183105469,71.25,69.93000030517578,70.02999877929688,2818600
2018-12-17,60.159584045410156,69.18000030517578,70.79000091552734,68.69999694824219,70.38999938964844,3079400
2018-12-18,59.89870834350586,68.87999725341797,70.13999938964844,68.30000305175781,69.87999725341797,3025700
2018-12-19,59.14215087890625,68.01000213623047,70.12000274658203,67.44999694824219,68.94000244140625,4465400
2018-12-20,58.359493255615234,67.11000061035156,68.56999969482422,66.45999908447266,67.58999633789062,3873000
2018-12-21,57.71599578857422,66.37000274658203,68.69000244140625,66.19000244140625,67.25,5798100
2018-12-24,56.40287399291992,64.86000061035156,66.2300033569336,64.56999969482422,65.94000244140625,2060700
2018-12-26,58.950836181640625,67.79000091552734,67.81999969482422,64.45999908447266,65.31999969482422,2643400
2018-12-27,59.76826858520508,68.7300033569336,68.7300033569336,66.2699966430664,66.66000366210938,3272000
2018-12-28,59.3421630859375,68.23999786376953,69.26000213623047,68.04000091552734,69.25,2190600
2018-12-31,59.7073974609375,68.66000366210938,68.83000183105469,67.9800033569336,68.5199966430664,2281300
2019-01-02,59.66389465332031,68.61000061035156,68.95999908447266,67.5999984741211,67.72000122070312,2766600
2019-01-03,57.94207763671875,66.62999725341797,68.23999786376953,66.22000122070312,68.23999786376953,2803500
2019-01-04,59.59434127807617,68.52999877929688,68.54000091552734,67.0,67.69999694824219,3801600
2019-01-07,59.76826858520508,68.7300033569336,69.62999725341797,68.16000366210938,68.75,2342300
2019-01-08,59.28997802734375,68.18000030517578,69.75,67.75,69.33000183105469,4316500
2019-01-09,60.05522537231445,69.05999755859375,69.5999984741211,68.8499984741211,68.95999908447266,3184000
2019-01-10,61.03790283203125,70.19000244140625,70.3499984741211,68.44000244140625,68.58999633789062,2261300
2019-01-11,61.0639762878418,70.22000122070312,70.37000274658203,69.62999725341797,69.62999725341797,1676700
2019-01-14,61.2031135559082,70.37999725341797,70.54000091552734,69.2699966430664,69.7300033569336,1858800
2019-01-15,60.76829528808594,69.87999725341797,70.54000091552734,69.22000122070312,70.54000091552734,1814900
2019-01-16,60.95963668823242,70.0999984741211,70.36000061035156,69.7300033569336,69.80000305175781,1791900
2019-01-17,61.7161750793457,70.97000122070312,71.30999755859375,69.58000183105469,69.58000183105469,1440300
2019-01-18,62.498836517333984,71.87000274658203,72.54000091552734,71.26000213623047,71.44000244140625,2472300
2019-01-22,61.25529861450195,70.44000244140625,71.44999694824219,69.70999908447266,71.44999694824219,4081800
2019-01-23,61.00310516357422,70.1500015258789,70.80000305175781,69.55000305175781,70.54000091552734,2593400
2019-01-24,61.011817932128906,70.16000366210938,70.62999725341797,69.86000061035156,70.12999725341797,2997500
2019-01-25,61.80315017700195,71.06999969482422,71.41999816894531,70.75,71.0,2733600
2019-01-28,60.09870529174805,69.11000061035156,69.83999633789062,67.97000122070312,69.80000305175781,4635700
2019-01-29,61.83793258666992,71.11000061035156,71.25,69.44000244140625,69.8499984741211,3605200
2019-01-30,63.37714385986328,72.87999725341797,73.04000091552734,70.94999694824219,72.0,3652000
2019-01-31,66.3077392578125,76.25,76.5199966430664,74.45999908447266,75.20999908447266,6272200
2019-02-01,66.50774383544922,76.4800033569336,76.58000183105469,75.2699966430664,76.29000091552734,4160700
2019-02-04,67.046875,77.0999984741211,77.1500015258789,76.01000213623047,76.7300033569336,2862300
2019-02-05,67.09038543701172,77.1500015258789,77.20999908447266,76.5,77.11000061035156,2497000
2019-02-06,66.90776062011719,76.94000244140625,77.45999908447266,76.44000244140625,76.44000244140625,2475000
2019-02-07,66.40340423583984,76.36000061035156,77.12999725341797,75.69999694824219,76.62999725341797,2465900
2019-02-08,65.94248962402344,75.83000183105469,76.08999633789062,75.12000274658203,75.86000061035156,1903400
2019-02-11,65.76856231689453,75.62999725341797,75.9800033569336,75.33000183105469,75.88999938964844,1785400
2019-02-12,66.6729736328125,76.66999816894531,76.8499984741211,76.05000305175781,76.1500015258789,2658200
2019-02-13,67.54256439208984,77.66999816894531,77.83000183105469,76.86000061035156,77.06999969482422,2120400
2019-02-14,67.13384246826172,77.19999694824219,77.83999633789062,76.68000030517578,77.13999938964844,1898600
2019-02-15,68.46436309814453,78.7300033569336,78.80999755859375,77.77999877929688,77.97000122070312,2233300
2019-02-19,68.52525329589844,78.80000305175781,79.0199966430664,78.05000305175781,78.30999755859375,2001100
2019-02-20,69.32527160644531,79.72000122070312,79.77999877929688,78.7699966430664,78.97000122070312,2320500
2019-02-21,69.2991714477539,79.69000244140625,79.80999755859375,79.13999938964844,79.62000274658203,1935200
2019-02-22,70.2557601928711,80.79000091552734,80.87000274658203,79.75,80.0,2584200
2019-02-25,70.36881256103516,80.91999816894531,81.51000213623047,80.70999908447266,81.51000213623047,2233700
2019-02-26,69.9948501586914,80.48999786376953,81.19999694824219,80.44999694824219,80.54000091552734,1560200
2019-02-27,70.12531280517578,80.63999938964844,80.68000030517578,79.69999694824219,80.37999725341797,2082700
2019-02-28,69.36876678466797,79.7699966430664,80.69000244140625,79.69999694824219,80.66000366210938,2560100
2019-03-01,69.76876831054688,80.2300033569336,81.36000061035156,79.04000091552734,81.25,4037800
2019-03-04,70.69924926757812,81.30000305175781,82.08000183105469,80.19999694824219,81.2699966430664,4052900
2019-03-05,70.26444244384766,80.80000305175781,81.44000244140625,80.68000030517578,81.1500015258789,3225500
2019-03-06,70.39488983154297,80.94999694824219,81.33999633789062,80.54000091552734,80.7300033569336,3900100
2019-03-07,70.12293243408203,79.93000030517578,80.12000274658203,78.73999786376953,80.12000274658203,2853500
2019-03-08,69.64037322998047,79.37999725341797,79.69999694824219,78.76000213623047,78.86000061035156,2249600
2019-03-11,70.45631408691406,80.30999755859375,80.37000274658203,79.1500015258789,79.19999694824219,2394200
2019-03-12,70.50018310546875,80.36000061035156,81.0999984741211,80.13999938964844,81.08999633789062,3430100
2019-03-13,70.70195007324219,80.58999633789062,81.19000244140625,80.27999877929688,80.70999908447266,2225100
2019-03-14,71.0528564453125,80.98999786376953,81.19999694824219,79.93000030517578,80.43000030517578,2476700
2019-03-15,70.69317626953125,80.58000183105469,81.41999816894531,80.43000030517578,80.94000244140625,4940000
2019-03-18,72.02665710449219,82.0999984741211,82.25,80.75,80.81999969482422,2971400
2019-03-19,72.13196563720703,82.22000122070312,82.83999633789062,81.83000183105469,82.58999633789062,2232100
2019-03-20,71.263427734375,81.2300033569336,82.1500015258789,80.87999725341797,82.1500015258789,3261900
2019-03-21,71.94771575927734,82.01000213623047,82.30000305175781,80.77999877929688,80.80999755859375,1891200
2019-03-22,69.3246078491211,79.0199966430664,81.70999908447266,78.86000061035156,81.51000213623047,3797700
2019-03-25,69.27194213867188,78.95999908447266,79.56999969482422,78.62000274658203,79.0,2801500
2019-03-26,69.76322174072266,79.5199966430664,79.91999816894531,79.08000183105469,79.75,2062400
2019-03-27,69.63163757324219,79.37000274658203,80.05999755859375,78.94999694824219,79.54000091552734,2136200
2019-03-28,70.06153106689453,79.86000061035156,80.3499984741211,79.23999786376953,79.8499984741211,1767000
2019-03-29,70.6756362915039,80.55999755859375,80.66999816894531,80.25,80.6500015258789,2173100
2019-04-01,72.14949798583984,82.23999786376953,82.38999938964844,81.26000213623047,81.55999755859375,2124600
2019-04-02,72.50041198730469,82.63999938964844,82.94000244140625,82.12999725341797,82.48999786376953,1699200
2019-04-03,72.70220184326172,82.87000274658203,83.66999816894531,82.47000122070312,83.1500015258789,2080300
2019-04-04,72.97416687011719,83.18000030517578,83.23999786376953,82.23999786376953,82.23999786376953,1917400
2019-04-05,73.03557586669922,83.25,83.68000030517578,83.0999984741211,83.29000091552734,1542900
2019-04-08,73.41283416748047,83.68000030517578,83.69000244140625,82.5199966430664,83.0,1417900
2019-04-09,72.24600982666016,82.3499984741211,83.2300033569336,82.2300033569336,83.2300033569336,1984000
2019-04-10,72.30740356445312,82.41999816894531,82.75,81.9800033569336,82.44000244140625,1407800
2019-04-11,72.79871368408203,82.9800033569336,83.18000030517578,82.5,82.73999786376953,1349700
2019-04-12,73.58828735351562,83.87999725341797,83.9000015258789,83.08000183105469,83.58999633789062,1510400
2019-04-15,73.35139465332031,83.61000061035156,84.0,83.2699966430664,83.87999725341797,876500
2019-04-16,73.82514953613281,84.1500015258789,84.23999786376953,83.55999755859375,84.0,1822000
2019-04-17,74.07079315185547,84.43000030517578,85.25,84.13999938964844,84.7300033569336,1685100
2019-04-18,74.75508880615234,85.20999908447266,85.48999786376953,84.75,84.93000030517578,1637700
2019-04-22,74.5182113647461,84.94000244140625,85.06999969482422,84.44999694824219,84.68000030517578,1222900
2019-04-23,75.08844757080078,85.58999633789062,86.08000183105469,84.7300033569336,84.80000305175781,2058900
2019-04-24,74.86912536621094,85.33999633789062,85.87000274658203,85.20999908447266,85.44000244140625,1569500
2019-04-25,73.51810455322266,83.80000305175781,84.7699966430664,83.63999938964844,84.4800033569336,1599000
2019-04-26,73.49176788330078,83.7699966430664,84.0199966430664,83.06999969482422,83.95999908447266,2454800
2019-04-29,73.68477630615234,83.98999786376953,84.47000122070312,83.55999755859375,84.19999694824219,2426500
2019-04-30,72.65833282470703,82.81999969482422,83.5199966430664,80.68000030517578,82.48999786376953,4759300
2019-05-01,71.8600082397461,81.91000366210938,84.19999694824219,81.83000183105469,83.2699966430664,3525600
2019-05-02,72.0546875,81.41999816894531,82.05000305175781,80.7699966430664,81.16999816894531,3072200
2019-05-03,73.27594757080078,82.80000305175781,82.81999969482422,81.79000091552734,81.81999969482422,1982200
2019-05-06,72.60337829589844,82.04000091552734,82.30000305175781,80.76000213623047,81.52999877929688,1828500
2019-05-07,71.70954132080078,81.02999877929688,81.23999786376953,80.41999816894531,80.94000244140625,2654600
2019-05-08,71.64759063720703,80.95999908447266,81.69000244140625,80.76000213623047,80.87999725341797,2822500
2019-05-09,71.64759063720703,80.95999908447266,81.08999633789062,79.83000183105469,80.16000366210938,1957800
2019-05-10,72.11662292480469,81.48999786376953,81.83000183105469,79.43000030517578,80.7699966430664,1833200
2019-05-13,69.4705581665039,78.5,79.94999694824219,78.22000122070312,79.62999725341797,2729600
2019-05-14,70.04582214355469,79.1500015258789,79.6500015258789,78.69999694824219,78.87999725341797,1853500
2019-05-15,70.39093017578125,79.54000091552734,79.86000061035156,78.41999816894531,78.66000366210938,1315300
2019-05-16,70.8068618774414,80.01000213623047,80.30999755859375,79.51000213623047,79.73999786376953,1419900
2019-05-17,69.69181060791016,78.75,79.9000015258789,78.62999725341797,79.11000061035156,1607800
2019-05-20,69.39974975585938,78.41999816894531,78.81999969482422,77.91999816894531,78.12000274658203,1332800
2019-05-21,70.72721099853516,79.91999816894531,80.1500015258789,78.91000366210938,78.97000122070312,2048100
2019-05-22,69.8510971069336,78.93000030517578,79.80999755859375,78.86000061035156,79.5199966430664,1915400
2019-05-23,68.16963958740234,77.02999877929688,78.05999755859375,76.70999908447266,78.02999877929688,2020000
2019-05-24,68.48823547363281,77.38999938964844,77.8499984741211,77.02999877929688,77.6500015258789,1661500
2019-05-28,67.42625427246094,76.19000244140625,77.55999755859375,76.12000274658203,77.36000061035156,1958100
2019-05-29,66.895263671875,75.58999633789062,76.3499984741211,75.20999908447266,75.75,2337900
2019-05-30,67.1253662109375,75.8499984741211,76.31999969482422,75.54000091552734,75.70999908447266,1265700
2019-05-31,65.92181396484375,74.48999786376953,74.87000274658203,74.29000091552734,74.87000274658203,1840100
2019-06-03,66.70942687988281,75.37999725341797,76.01000213623047,74.41999816894531,74.56999969482422,2132100
2019-06-04,68.82453155517578,77.7699966430664,78.04000091552734,76.05999755859375,76.2699966430664,2419000
2019-06-05,69.22277069091797,78.22000122070312,78.70999908447266,77.55000305175781,78.47000122070312,1747500
2019-06-06,69.29357147216797,78.30000305175781,78.77999877929688,77.58999633789062,78.63999938964844,1626300
2019-06-07,69.98384857177734,79.08000183105469,79.4000015258789,78.70999908447266,78.91000366210938,1739400
2019-06-10,70.19623565673828,79.31999969482422,80.12000274658203,79.11000061035156,79.54000091552734,1424000
2019-06-11,70.09888458251953,79.20999908447266,80.55999755859375,79.02999877929688,80.0,1724900
2019-06-12,69.62100219726562,78.66999816894531,79.26000213623047,78.33999633789062,79.11000061035156,1328200
2019-06-13,70.16967010498047,79.29000091552734,79.4000015258789,78.62999725341797,79.2699966430664,1487100
2019-06-14,69.35551452636719,78.37000274658203,79.08000183105469,77.73999786376953,78.76000213623047,1380700
2019-06-17,68.7094955444336,77.63999938964844,78.47000122070312,77.45999908447266,78.19999694824219,1315700
2019-06-18,70.32898712158203,79.47000122070312,79.76000213623047,78.08000183105469,78.12000274658203,1732100
2019-06-19,70.75377655029297,79.94999694824219,80.2300033569336,79.4000015258789,79.7699966430664,2498600
2019-06-20,73.13435363769531,82.63999938964844,82.91999816894531,81.18000030517578,81.4000015258789,4201200
2019-06-21,73.64765167236328,83.22000122070312,83.73999786376953,82.2300033569336,82.86000061035156,4828400
2019-06-24,72.80691528320312,82.2699966430664,83.30999755859375,81.8499984741211,82.91999816894531,2754800
2019-06-25,72.6387710571289,82.08000183105469,82.66999816894531,81.94000244140625,82.37000274658203,3184200
2019-06-26,73.12549591064453,82.62999725341797,82.88999938964844,82.16000366210938,82.3499984741211,1859200
2019-06-27,73.20513916015625,82.72000122070312,83.38999938964844,81.94000244140625,82.83000183105469,2214700
2019-06-28,73.70074462890625,83.27999877929688,83.4800033569336,82.72000122070312,82.87000274658203,3083500
2019-07-01,73.61225891113281,83.18000030517578,84.69999694824219,82.9000015258789,84.55000305175781,2299900
2019-07-02,72.3378677368164,81.73999786376953,82.87999725341797,80.98999786376953,82.87999725341797,2848200
2019-07-03,72.85116577148438,82.31999969482422,82.37000274658203,81.33000183105469,81.75,1082000
2019-07-05,72.39981842041016,81.80999755859375,81.83999633789062,80.4800033569336,81.66000366210938,1322700
2019-07-08,71.91307067871094,81.26000213623047,82.22000122070312,80.86000061035156,81.22000122070312,1339000
2019-07-09,71.01927185058594,80.25,80.83000183105469,79.91000366210938,80.5999984741211,3711800
2019-07-10,69.94844055175781,79.04000091552734,81.05999755859375,78.9800033569336,80.58999633789062,2177500
2019-07-11,70.04582214355469,79.1500015258789,79.33999633789062,78.23999786376953,79.29000091552734,2869200
2019-07-12,71.86885070800781,81.20999908447266,81.55000305175781,79.30000305175781,79.62000274658203,2058500
2019-07-15,71.40864562988281,80.69000244140625,81.41000366210938,80.31999969482422,81.22000122070312,1988400
2019-07-16,71.81574249267578,81.1500015258789,81.41000366210938,80.19999694824219,80.61000061035156,2163100
2019-07-17,70.22279357910156,79.3499984741211,81.13999938964844,79.31999969482422,81.05000305175781,1705900
2019-07-18,69.96614074707031,79.05999755859375,79.43000030517578,78.69999694824219,79.2699966430664,2721600
2019-07-19,70.67414093017578,79.86000061035156,80.4800033569336,79.37999725341797,79.62999725341797,2380400
2019-07-22,70.40862274169922,79.55999755859375,80.4800033569336,79.45999908447266,80.04000091552734,1699500
2019-07-23,72.39981842041016,81.80999755859375,81.87000274658203,79.6500015258789,80.12999725341797,2702600
2019-07-24,73.21400451660156,82.7300033569336,82.86000061035156,80.91000366210938,81.2300033569336,2009900
2019-07-25,72.55027770996094,81.9800033569336,82.76000213623047,81.56999969482422,82.55999755859375,2180300
2019-07-26,72.18744659423828,81.56999969482422,82.0999984741211,81.12999725341797,81.62000274658203,1783700
2019-07-29,71.74494171142578,81.06999969482422,81.6500015258789,80.66999816894531,81.44999694824219,2472500
2019-07-30,73.55915069580078,83.12000274658203,83.94000244140625,79.73999786376953,80.58999633789062,3136800
2019-07-31,72.73612213134766,82.19000244140625,83.37999725341797,81.33000183105469,83.08000183105469,4566400
2019-08-01,71.3881607055664,79.97000122070312,82.83999633789062,79.68000030517578,81.2300033569336,3125000
2019-08-02,70.79006958007812,79.30000305175781,80.02999877929688,78.9800033569336,79.56999969482422,2683500
2019-08-05,68.58512115478516,76.83000183105469,78.02999877929688,76.45999908447266,77.91000366210938,3098500
2019-08-06,70.42406463623047,78.88999938964844,79.08000183105469,77.0999984741211,78.27999877929688,2404300
2019-08-07,69.70989227294922,78.08999633789062,78.45999908447266,76.33000183105469,77.72000122070312,3220400
2019-08-08,71.20069122314453,79.76000213623047,80.0199966430664,78.70999908447266,78.70999908447266,1879000
2019-08-09,70.54903411865234,79.02999877929688,79.70999908447266,78.26000213623047,79.30000305175781,2388300
2019-08-12,69.58493041992188,77.94999694824219,78.83999633789062,77.7699966430664,78.55000305175781,2286200
2019-08-13,70.88824462890625,79.41000366210938,80.37000274658203,77.62000274658203,78.0199966430664,2343500
2019-08-14,67.12110137939453,75.19000244140625,77.94000244140625,74.94999694824219,77.5999984741211,5155700
2019-08-15,67.76385498046875,75.91000366210938,76.06999969482422,74.86000061035156,75.27999877929688,2479600
2019-08-16,69.02252960205078,77.31999969482422,77.68000030517578,76.30000305175781,76.37000274658203,1655200
2019-08-19,70.64720916748047,79.13999938964844,79.36000061035156,78.44000244140625,78.91000366210938,2158600
2019-08-20,69.77239990234375,78.16000366210938,79.0,77.9800033569336,79.0,1610000
2019-08-21,70.20983123779297,78.6500015258789,79.30000305175781,78.26000213623047,79.26000213623047,1483000
2019-08-22,69.95986938476562,78.37000274658203,79.08000183105469,77.7300033569336,78.9800033569336,1631500
2019-08-23,68.3708724975586,76.58999633789062,78.16999816894531,76.08999633789062,77.88999938964844,4322800
2019-08-26,68.58512115478516,76.83000183105469,77.4000015258789,76.05000305175781,77.16000366210938,1670000
2019-08-27,68.61190795898438,76.86000061035156,77.43000030517578,76.48999786376953,77.43000030517578,1854000
2019-08-28,69.51350402832031,77.87000274658203,77.98999786376953,76.12000274658203,76.5,1347000
2019-08-29,71.09355163574219,79.63999938964844,79.77999877929688,78.80000305175781,78.94999694824219,1646900
2019-08-30,72.05767822265625,80.72000122070312,81.29000091552734,80.29000091552734,80.44000244140625,2715700
2019-09-03,70.06698608398438,78.48999786376953,79.5999984741211,77.62000274658203,79.5199966430664,3527600
2019-09-04,70.67400360107422,79.16999816894531,79.76000213623047,78.91999816894531,79.30000305175781,1660100
2019-09-05,73.15567779541016,81.94999694824219,82.41999816894531,80.27999877929688,80.43000030517578,2243600
2019-09-06,74.31616973876953,83.25,83.48999786376953,81.70999908447266,81.9800033569336,1983900
2019-09-09,75.74445343017578,84.8499984741211,84.93000030517578,83.48999786376953,83.81999969482422,2055200
2019-09-10,77.52092742919922,86.83999633789062,86.86000061035156,85.0,85.0,3290300
2019-09-11,78.58319854736328,88.02999877929688,88.06999969482422,85.81999969482422,86.88999938964844,1999300
2019-09-12,77.93156433105469,87.30000305175781,88.0999984741211,86.69999694824219,88.01000213623047,2330300
2019-09-13,78.08332061767578,87.47000122070312,89.06999969482422,87.13999938964844,87.91000366210938,3175600
2019-09-16,77.18168640136719,86.45999908447266,86.98999786376953,85.86000061035156,86.97000122070312,1563400
2019-09-17,76.8603286743164,86.0999984741211,86.20999908447266,85.05000305175781,85.54000091552734,1500900
2019-09-18,75.86050415039062,84.9800033569336,85.86000061035156,84.05000305175781,85.43000030517578,2518800
2019-09-19,75.44096374511719,84.51000213623047,85.72000122070312,84.37999725341797,85.33999633789062,1835700
2019-09-20,74.601806640625,83.56999969482422,85.30999755859375,83.48999786376953,84.80000305175781,3040700
2019-09-23,74.90533447265625,83.91000366210938,84.43000030517578,82.70999908447266,82.97000122070312,2207600
2019-09-24,73.48596954345703,82.31999969482422,84.29000091552734,81.80000305175781,84.13999938964844,2784500
2019-09-25,73.79839324951172,82.66999816894531,83.18000030517578,81.80000305175781,82.04000091552734,2382600
2019-09-26,73.63772583007812,82.48999786376953,82.83000183105469,82.0,82.62999725341797,1900800
2019-09-27,74.1019287109375,83.01000213623047,83.29000091552734,81.77999877929688,82.88999938964844,1503800
2019-09-30,74.2269058227539,83.1500015258789,83.55999755859375,82.7699966430664,83.3499984741211,1749300
2019-10-01,72.12908935546875,80.80000305175781,84.05000305175781,80.41000366210938,83.91999816894531,1806500
2019-10-02,69.41532897949219,77.76000213623047,79.68000030517578,76.86000061035156,79.68000030517578,2757700
2019-10-03,70.04911804199219,78.47000122070312,78.6500015258789,76.43000030517578,77.56999969482422,1550000
2019-10-04,70.80792999267578,79.31999969482422,79.41999816894531,78.43000030517578,78.54000091552734,1500600
2019-10-07,69.89737701416016,78.30000305175781,79.55000305175781,78.08999633789062,79.12999725341797,1929500
2019-10-08,68.0673599243164,76.25,77.38999938964844,76.19999694824219,77.37999725341797,1756800
2019-10-09,69.08503723144531,77.38999938964844,77.66999816894531,76.11000061035156,76.69000244140625,2219000
2019-10-10,70.1651840209961,78.5999984741211,79.19999694824219,77.5,77.6500015258789,1888500
2019-10-11,72.62899780273438,81.36000061035156,82.80999755859375,80.0999984741211,80.22000122070312,2704700
2019-10-14,72.18265533447266,80.86000061035156,81.2699966430664,80.4000015258789,80.91000366210938,1591700
2019-10-15,73.30744171142578,82.12000274658203,82.48999786376953,80.0999984741211,80.87999725341797,1915700
2019-10-16,72.37010955810547,81.06999969482422,82.87000274658203,80.80999755859375,80.80999755859375,2590600
2019-10-17,72.67362213134766,81.41000366210938,82.5199966430664,81.04000091552734,81.80000305175781,4678300
2019-10-18,73.70020294189453,82.55999755859375,82.91000366210938,81.38999938964844,81.47000122070312,1981800
2019-10-21,74.53934478759766,83.5,84.04000091552734,82.97000122070312,83.0,1869500
2019-10-22,75.62842559814453,84.72000122070312,85.16000366210938,83.18000030517578,83.70999908447266,1617000
2019-10-23,75.57486724853516,84.66000366210938,84.91999816894531,84.0199966430664,84.75,1542800
2019-10-24,75.20886993408203,84.25,85.16999816894531,83.87000274658203,84.98999786376953,1546900
2019-10-25,76.43183898925781,85.62000274658203,85.91000366210938,84.2699966430664,84.8499984741211,2083400
2019-10-28,77.86012268066406,87.22000122070312,87.62999725341797,86.4800033569336,86.4800033569336,3246400
2019-10-29,79.41341400146484,88.95999908447266,89.44999694824219,85.62999725341797,86.48999786376953,3551800
2019-10-30,78.77960968017578,88.25,88.9800033569336,87.22000122070312,88.9800033569336,2327000
2019-10-31,78.39263916015625,87.11000061035156,87.54000091552734,85.93000030517578,87.41000366210938,1953400
2019-11-01,79.7425308227539,88.61000061035156,88.63999938964844,86.88999938964844,87.61000061035156,2250100
2019-11-04,82.03734588623047,91.16000366210938,91.19999694824219,89.19000244140625,89.5,2523100
2019-11-05,81.56937408447266,90.63999938964844,91.6500015258789,89.88999938964844,90.87000274658203,2242100
2019-11-06,82.07331085205078,91.19999694824219,91.22000122070312,90.01000213623047,90.75,2097400
2019-11-07,81.80335235595703,90.9000015258789,92.1500015258789,90.68000030517578,91.88999938964844,1885900
2019-11-08,82.99126434326172,92.22000122070312,92.37000274658203,90.45999908447266,90.66999816894531,1981000
2019-11-11,82.68525695800781,91.87999725341797,92.0,90.9800033569336,90.9800033569336,1110000
2019-11-12,83.10823059082031,92.3499984741211,92.95999908447266,91.54000091552734,91.5999984741211,3600200
2019-11-13,81.69537353515625,90.77999877929688,91.8499984741211,90.56999969482422,91.4800033569336,2115900
2019-11-14,81.79434967041016,90.88999938964844,91.18000030517578,90.48999786376953,90.61000061035156,1166800
2019-11-15,82.60430145263672,91.79000091552734,92.16000366210938,91.36000061035156,91.69999694824219,1914000
2019-11-18,81.65037536621094,90.7300033569336,91.66999816894531,90.19999694824219,90.91000366210938,2306800
2019-11-19,81.18240356445312,90.20999908447266,90.86000061035156,89.87000274658203,90.7300033569336,2873800
2019-11-20,80.83140563964844,89.81999969482422,90.2300033569336,89.1500015258789,89.9000015258789,1855700
2019-11-21,81.13741302490234,90.16000366210938,90.19000244140625,89.36000061035156,89.9800033569336,1609900
2019-11-22,81.65936279296875,90.73999786376953,91.06999969482422,90.25,90.68000030517578,1652300
2019-11-25,82.92828369140625,92.1500015258789,92.52999877929688,90.70999908447266,91.37000274658203,3961100
2019-11-26,83.4232177734375,92.69999694824219,92.7699966430664,91.69999694824219,91.95999908447266,2510300
2019-11-27,83.69319915771484,93.0,93.12000274658203,91.83999633789062,92.66999816894531,1477500
2019-11-29,83.24324035644531,92.5,92.97000122070312,92.29000091552734,92.97000122070312,1032400
2019-12-02,82.77527618408203,91.9800033569336,93.37999725341797,91.94000244140625,92.9800033569336,2387800
2019-12-03,82.25332641601562,91.4000015258789,91.79000091552734,90.3499984741211,90.95999908447266,2899100
2019-12-04,82.00135040283203,91.12000274658203,92.63999938964844,90.86000061035156,90.86000061035156,2832600
2019-12-05,82.66728973388672,91.86000061035156,91.9800033569336,90.93000030517578,91.91999816894531,2982800
2019-12-06,83.76520538330078,93.08000183105469,93.76000213623047,92.56999969482422,93.33999633789062,1562300
2019-12-09,83.47721862792969,92.76000213623047,93.05000305175781,92.51000213623047,92.91000366210938,3366900
2019-12-10,83.40524291992188,92.68000030517578,93.37000274658203,92.18000030517578,92.76000213623047,1574100
2019-12-11,84.04417419433594,93.38999938964844,93.5,92.16000366210938,93.08999633789062,2135000
2019-12-12,84.99810791015625,94.44999694824219,94.63999938964844,93.06999969482422,93.5,2735100
2019-12-13,84.233154296875,93.5999984741211,94.95999908447266,93.20999908447266,94.19000244140625,1844900
2019-12-16,84.66510772705078,94.08000183105469,94.83000183105469,93.9000015258789,94.05000305175781,1891500
2019-12-17,84.80010986328125,94.2300033569336,94.95999908447266,94.1500015258789,94.66999816894531,1693600
2019-12-18,84.9800796508789,94.43000030517578,94.4800033569336,93.44000244140625,94.20999908447266,2008400
2019-12-19,84.80912017822266,94.23999786376953,94.75,93.87000274658203,94.5199966430664,3015800
2019-12-20,84.9531021118164,94.4000015258789,95.45999908447266,94.08000183105469,94.98999786376953,5245700
2019-12-23,85.61005401611328,95.12999725341797,95.27999877929688,94.16000366210938,94.72000122070312,2332400
2019-12-24,85.02510833740234,94.4800033569336,95.36000061035156,94.30000305175781,95.36000061035156,664200
2019-12-26,85.529052734375,95.04000091552734,95.05000305175781,94.26000213623047,94.66000366210938,1264600
2019-12-27,85.48403930664062,94.98999786376953,95.38999938964844,94.83000183105469,95.33999633789062,1004300
2019-12-30,85.43006134033203,94.93000030517578,95.4800033569336,94.55999755859375,94.94999694824219,1451900
2019-12-31,85.24108123779297,94.72000122070312,95.29000091552734,94.41000366210938,94.77999877929688,1461800
2020-01-02,86.27599334716797,95.87000274658203,95.87999725341797,94.23999786376953,95.23999786376953,2380800
2020-01-03,85.63703918457031,95.16000366210938,95.23999786376953,93.70999908447266,94.2300033569336,1557900
2020-01-06,85.79902648925781,95.33999633789062,95.43000030517578,94.2699966430664,94.54000091552734,3665200
2020-01-07,85.34906768798828,94.83999633789062,95.0,94.01000213623047,94.16000366210938,2631000
2020-01-08,85.61005401611328,95.12999725341797,95.55999755859375,94.6500015258789,94.83999633789062,2480500
2020-01-09,85.66402435302734,95.19000244140625,95.63999938964844,94.81999969482422,95.61000061035156,2736900
2020-01-10,85.47506713867188,94.9800033569336,95.61000061035156,94.69999694824219,95.5199966430664,2213000
2020-01-13,85.36705017089844,94.86000061035156,95.02999877929688,94.25,94.62999725341797,1638300
2020-01-14,84.68313598632812,94.0999984741211,95.19000244140625,93.98999786376953,95.05000305175781,2349900
2020-01-15,84.5031509399414,93.9000015258789,94.29000091552734,93.33999633789062,93.55000305175781,2653200
2020-01-16,85.33109283447266,94.81999969482422,94.83999633789062,93.9800033569336,94.70999908447266,1677000
2020-01-17,86.10501098632812,95.68000030517578,95.94999694824219,94.62000274658203,94.79000091552734,2978600
2020-01-21,85.06109619140625,94.5199966430664,95.48999786376953,94.31999969482422,95.3499984741211,3505200
2020-01-22,87.43692016601562,97.16000366210938,99.81999969482422,96.58999633789062,98.31999969482422,5604100
2020-01-23,88.10284423828125,97.9000015258789,97.97000122070312,95.41000366210938,96.33000183105469,3081300
2020-01-24,87.14891815185547,96.83999633789062,98.30999755859375,96.43000030517578,98.26000213623047,2626000
2020-01-27,85.16907501220703,94.63999938964844,95.1500015258789,93.95999908447266,94.86000061035156,2194200
2020-01-28,86.63597106933594,96.2699966430664,97.0199966430664,94.68000030517578,94.83999633789062,3394200
2020-01-29,87.17591857910156,96.87000274658203,97.4800033569336,96.12000274658203,96.87000274658203,2108100
2020-01-30,87.4999008178711,97.2300033569336,97.41000366210938,95.48999786376953,95.62000274658203,2680500
2020-01-31,85.01607513427734,94.47000122070312,96.86000061035156,94.02999877929688,96.37999725341797,4701800
2020-02-03,85.93402862548828,95.48999786376953,96.80999755859375,94.94999694824219,95.05999755859375,2745100
2020-02-04,90.81163787841797,100.91000366210938,101.54000091552734,97.86000061035156,97.97000122070312,4735400
2020-02-05,92.09851837158203,102.33999633789062,103.20999908447266,101.68000030517578,102.31999969482422,3339400
2020-02-06,92.22450256347656,102.4800033569336,103.5,101.86000061035156,103.5,2507900
2020-02-07,91.75654602050781,101.95999908447266,102.94000244140625,101.12999725341797,101.9000015258789,3064000
2020-02-10,92.61148071289062,102.91000366210938,102.93000030517578,101.5,101.83999633789062,2039600
2020-02-11,93.16942596435547,103.52999877929688,104.38999938964844,103.01000213623047,103.41999816894531,2481300
2020-02-12,93.61936950683594,104.02999877929688,104.97000122070312,103.80000305175781,104.5,2006200
2020-02-13,92.59346771240234,102.88999938964844,103.9800033569336,102.81999969482422,103.41000366210938,2059500
2020-02-14,93.18741607666016,103.55000305175781,103.5999984741211,102.51000213623047,102.95999908447266,1991900
2020-02-18,94.01536560058594,104.47000122070312,104.63999938964844,103.5199966430664,104.02999877929688,2298400
2020-02-19,93.87136840820312,104.30999755859375,104.9800033569336,104.16000366210938,104.5,1873100
2020-02-20,94.58233642578125,105.0999984741211,105.77999877929688,104.0999984741211,104.26000213623047,1755700
2020-02-21,94.42932891845703,104.93000030517578,105.13999938964844,103.80999755859375,104.2300033569336,2465700
2020-02-24,91.47757720947266,101.6500015258789,102.6500015258789,101.12000274658203,101.66999816894531,4177700
2020-02-25,88.38182067871094,98.20999908447266,102.45999908447266,98.0999984741211,101.94999694824219,4140900
2020-02-26,86.91496276855469,96.58000183105469,99.73999786376953,96.58000183105469,98.88999938964844,4108600
2020-02-27,83.9091796875,93.23999786376953,96.62999725341797,92.62999725341797,94.33999633789062,5546400
2020-02-28,81.64137268066406,90.72000122070312,92.0999984741211,89.08000183105469,90.81999969482422,6789600
2020-03-02,86.10501098632812,95.68000030517578,95.75,91.01000213623047,91.5,5188800
2020-03-03,83.55819702148438,92.8499984741211,99.26000213623047,92.48999786376953,96.2699966430664,5114600
2020-03-04,88.30082702636719,98.12000274658203,98.19999694824219,94.43000030517578,94.70999908447266,4269000
2020-03-05,84.28716278076172,93.66000366210938,96.4000015258789,93.31999969482422,94.91999816894531,3980400
2020-03-06,83.48623657226562,92.7699966430664,93.93000030517578,90.08000183105469,90.30999755859375,4760000
2020-03-09,74.81090545654297,83.12999725341797,86.47000122070312,78.0,85.08999633789062,5205800
2020-03-10,80.1474838256836,89.05999755859375,89.5199966430664,84.62999725341797,86.2300033569336,4974000
2020-03-11,75.92684936523438,84.37000274658203,87.5,83.11000061035156,86.41000366210938,4422800
2020-03-12,68.91876983642578,75.91999816894531,80.48999786376953,75.01000213623047,78.25,5814900
2020-03-13,77.6697769165039,85.55999755859375,87.04000091552734,78.19000244140625,80.81999969482422,5711900
2020-03-16,68.37409210205078,75.31999969482422,81.27999877929688,74.87000274658203,75.80999755859375,4825300
2020-03-17,66.93978118896484,73.73999786376953,77.9800033569336,70.27999877929688,76.9000015258789,5774000
2020-03-18,62.47352600097656,68.81999969482422,69.44000244140625,58.720001220703125,68.12999725341797,5784500
2020-03-19,65.76875305175781,72.44999694824219,72.68000030517578,62.099998474121094,67.5199966430664,4599000
2020-03-20,58.942256927490234,64.93000030517578,73.86000061035156,64.47000122070312,73.86000061035156,4540900
2020-03-23,52.442535400390625,57.77000045776367,64.30999755859375,56.41999816894531,63.83000183105469,6096900
2020-03-24,64.64312744140625,71.20999908447266,72.41000366210938,61.16999816894531,61.63999938964844,5155900
2020-03-25,67.7204818725586,74.5999984741211,79.30999755859375,69.41000366210938,72.08999633789062,5259100
2020-03-26,71.03390502929688,78.25,78.95999908447266,73.81999969482422,76.29000091552734,3073400
2020-03-27,67.66604614257812,74.54000091552734,76.51000213623047,71.91999816894531,73.02999877929688,2621400
2020-03-30,71.097412109375,78.31999969482422,78.70999908447266,74.0,74.41999816894531,2873400
2020-03-31,70.5255355834961,77.69000244140625,79.04000091552734,75.87000274658203,77.66999816894531,5641200
2020-04-01,66.3951187133789,73.13999938964844,74.04000091552734,71.12999725341797,72.56999969482422,3769700
2020-04-02,66.80362701416016,73.58999633789062,75.08999633789062,71.58000183105469,72.44000244140625,3162500
2020-04-03,64.67942810058594,71.25,74.12000274658203,70.33999633789062,74.12000274658203,2606700
2020-04-06,70.26227569580078,77.4000015258789,77.88999938964844,75.12999725341797,75.20999908447266,3109300
2020-04-07,69.13663482666016,76.16000366210938,82.25,75.94000244140625,81.16999816894531,3372100
2020-04-08,72.7496109008789,80.13999938964844,80.69999694824219,76.12999725341797,77.23999786376953,3272800
2020-04-09,73.9297103881836,81.44000244140625,84.83999633789062,80.5,80.69000244140625,4472100
2020-04-13,71.16098022460938,78.38999938964844,79.93000030517578,76.73999786376953,79.4000015258789,2238200
2020-04-14,72.47725677490234,79.83999633789062,81.23999786376953,78.68000030517578,80.51000213623047,1943400
2020-04-15,68.75537109375,75.73999786376953,78.01000213623047,75.38999938964844,77.76000213623047,2040500
2020-04-16,68.82797241210938,75.81999969482422,76.23999786376953,74.3499984741211,75.5999984741211,2961000
2020-04-17,71.95075988769531,79.26000213623047,80.87999725341797,78.12000274658203,78.58000183105469,2450900
2020-04-20,70.70710754394531,77.88999938964844,79.44999694824219,76.70999908447266,77.52999877929688,2181200
2020-04-21,69.81745910644531,76.91000366210938,77.86000061035156,75.80000305175781,76.70999908447266,2400300
2020-04-22,70.48922729492188,77.6500015258789,79.68000030517578,77.5,78.91999816894531,2639300
2020-04-23,70.9431381225586,78.1500015258789,80.29000091552734,78.02999877929688,78.77999877929688,2289100
2020-04-24,71.58763885498047,78.86000061035156,79.37999725341797,77.69999694824219,78.9800033569336,2083600
2020-04-27,74.92829132080078,82.54000091552734,83.2300033569336,79.29000091552734,79.29000091552734,1992300
2020-04-28,75.4366226196289,83.0999984741211,85.44999694824219,82.62999725341797,84.52999877929688,2249200
2020-04-29,77.86949920654297,85.77999877929688,86.7699966430664,84.30000305175781,84.98999786376953,2563300
2020-04-30,75.79975128173828,83.5,85.48999786376953,82.66999816894531,85.30999755859375,3597600
2020-05-01,74.50160217285156,82.06999969482422,82.88999938964844,79.87000274658203,82.0,2505800
2020-05-04,72.00521087646484,79.31999969482422,81.13999938964844,78.0999984741211,80.47000122070312,2839900
2020-05-05,73.34874725341797,80.80000305175781,82.36000061035156,80.5,81.05000305175781,2260100
2020-05-06,72.54989624023438,79.91999816894531,81.6500015258789,79.91999816894531,80.7699966430664,1825500
2020-05-07,72.8585205078125,80.26000213623047,81.56999969482422,79.87000274658203,81.26000213623047,2219300
2020-05-08,74.66502380371094,82.25,82.4000015258789,81.08999633789062,81.5,1555100
2020-05-11,73.60291290283203,81.08000183105469,81.79000091552734,80.19000244140625,81.44000244140625,1786800
2020-05-12,70.31673431396484,77.45999908447266,82.08999633789062,77.2699966430664,81.47000122070312,1996200
2020-05-13,67.1210708618164,73.87000274658203,76.5999984741211,73.05999755859375,76.43000030517578,2336600
2020-05-14,68.06605529785156,74.91000366210938,74.98999786376953,70.54000091552734,71.91000366210938,2734000
2020-05-15,66.97566986083984,73.70999908447266,75.22000122070312,73.12000274658203,74.22000122070312,2661200
2020-05-18,71.11906433105469,78.2699966430664,79.0,76.63999938964844,77.0,1916500
2020-05-19,69.36540222167969,76.33999633789062,78.45999908447266,76.26000213623047,77.7699966430664,2356200
2020-05-20,70.81013488769531,77.93000030517578,78.62000274658203,76.55999755859375,77.68000030517578,1905100
2020-05-21,71.13725280761719,78.29000091552734,78.66999816894531,77.47000122070312,77.63999938964844,2130100
2020-05-22,71.48253631591797,78.66999816894531,78.76000213623047,77.05999755859375,78.41000366210938,1784400
2020-05-26,74.43557739257812,81.91999816894531,82.44999694824219,80.16999816894531,80.2300033569336,2683100
2020-05-27,78.39727020263672,86.27999877929688,86.47000122070312,83.91000366210938,84.27999877929688,3190800
2020-05-28,77.35231018066406,85.12999725341797,87.0999984741211,84.63999938964844,86.95999908447266,3491100
2020-05-29,77.14334869384766,84.9000015258789,85.16000366210938,83.05999755859375,84.30999755859375,3361600
2020-06-01,76.92527770996094,84.66000366210938,85.36000061035156,84.18000030517578,84.66999816894531,1584000
2020-06-02,77.79756927490234,85.62000274658203,85.62000274658203,84.23999786376953,85.13999938964844,1741300
2020-06-03,81.1686019897461,89.33000183105469,89.55000305175781,86.6500015258789,86.9000015258789,1819500
2020-06-04,83.5855941772461,91.98999786376953,92.04000091552734,87.94000244140625,88.47000122070312,3069600
2020-06-05,86.71129608154297,95.43000030517578,98.45999908447266,95.16000366210938,96.58999633789062,3398100
2020-06-08,86.92937469482422,95.66999816894531,96.30999755859375,94.66000366210938,94.76000213623047,2574200
2020-06-09,86.70220947265625,95.41999816894531,96.48999786376953,93.25,93.87000274658203,2260600
2020-06-10,83.57649993896484,91.9800033569336,95.41999816894531,91.9800033569336,95.0,2023600
2020-06-11,77.35231018066406,85.12999725341797,88.41999816894531,84.97000122070312,88.16000366210938,2069800
2020-06-12,78.15192413330078,86.01000213623047,88.66000366210938,83.94999694824219,88.44999694824219,1788100
2020-06-15,78.76982116699219,86.69000244140625,87.86000061035156,82.9800033569336,83.33000183105469,2651500
2020-06-16,80.81422424316406,88.94000244140625,90.97000122070312,87.25,90.01000213623047,2000300
2020-06-17,80.7233657836914,88.83999633789062,89.62999725341797,87.66000366210938,89.62999725341797,2027500
2020-06-18,79.53306579589844,87.52999877929688,88.83000183105469,87.16000366210938,88.0999984741211,1932000
2020-06-19,81.17769622802734,89.33999633789062,89.4800033569336,86.80000305175781,89.4800033569336,6552500
2020-06-22,79.1241455078125,87.08000183105469,88.75,86.43000030517578,88.75,2600300
2020-06-23,79.16051483154297,87.12000274658203,88.20999908447266,87.08999633789062,88.0,1841400
2020-06-24,76.33465576171875,84.01000213623047,86.44999694824219,83.87999725341797,86.30999755859375,2500900
2020-06-25,77.66126251220703,85.47000122070312,85.63999938964844,82.44000244140625,83.56999969482422,2502000
2020-06-26,77.68852233886719,85.5,85.95999908447266,84.66999816894531,85.23999786376953,3696000
2020-06-29,78.9697036743164,86.91000366210938,87.73999786376953,85.75,86.33999633789062,1690800
2020-06-30,79.48761749267578,87.4800033569336,87.93000030517578,86.12000274658203,86.47000122070312,1910100
2020-07-01,79.14234924316406,87.0999984741211,88.30000305175781,86.54000091552734,87.91000366210938,2183200
2020-07-02,80.1781997680664,88.23999786376953,89.9800033569336,88.08999633789062,88.72000122070312,1587700
2020-07-06,80.75971221923828,88.87999725341797,90.1500015258789,88.19999694824219,89.81999969482422,1516400
2020-07-07,79.41495513916016,87.4000015258789,88.58000183105469,87.12000274658203,88.37000274658203,1499500
2020-07-08,79.36039733886719,87.33999633789062,88.37999725341797,86.54000091552734,87.62000274658203,1561800
2020-07-09,77.81572723388672,85.63999938964844,87.5199966430664,85.05000305175781,87.0999984741211,2132400
2020-07-10,78.54264831542969,86.44000244140625,86.5,84.87000274658203,85.86000061035156,1380100
2020-07-13,79.44218444824219,87.43000030517578,89.16999816894531,86.62999725341797,87.01000213623047,1557000
2020-07-14,82.38618469238281,90.66999816894531,90.9800033569336,86.75,87.5199966430664,2221700
2020-07-15,84.86675262451172,93.4000015258789,93.83999633789062,91.26000213623047,92.30000305175781,2711500
2020-07-16,85.01214599609375,93.55999755859375,94.73999786376953,92.55000305175781,92.94000244140625,1397100
2020-07-17,85.92987823486328,94.56999969482422,95.25,93.62999725341797,94.13999938964844,1791700
2020-07-20,84.30341339111328,92.77999877929688,94.16000366210938,92.43000030517578,94.05000305175781,1419200
2020-07-21,85.01214599609375,93.55999755859375,94.5999984741211,93.0,93.4000015258789,1303400
2020-07-22,85.3846664428711,93.97000122070312,94.41999816894531,93.12000274658203,93.16000366210938,903700
2020-07-23,85.25747680664062,93.83000183105469,94.33999633789062,93.37999725341797,94.02999877929688,1200200
2020-07-24,85.05757141113281,93.61000061035156,94.5,93.05000305175781,93.97000122070312,1004100
2020-07-27,86.52958679199219,95.2300033569336,95.4000015258789,92.58999633789062,93.37999725341797,1265100
2020-07-28,84.81224060058594,93.33999633789062,95.18000030517578,93.30000305175781,94.76000213623047,1374000
2020-07-29,88.03790283203125,96.88999938964844,97.52999877929688,93.83999633789062,95.55000305175781,1964100
2020-07-30,85.82989501953125,94.45999908447266,95.30000305175781,93.38999938964844,95.30000305175781,1396200
2020-07-31,84.62142944335938,93.12999725341797,94.16999816894531,91.72000122070312,94.13999938964844,1664100
2020-08-03,86.20246887207031,94.87000274658203,95.48999786376953,93.26000213623047,93.81999969482422,1278500
2020-08-04,86.00254821777344,94.6500015258789,94.80000305175781,93.26000213623047,94.19000244140625,945600
2020-08-05,87.53816986083984,96.33999633789062,96.80000305175781,95.30000305175781,95.43000030517578,1355100
2020-08-06,87.692626953125,96.51000213623047,96.7699966430664,95.54000091552734,96.16999816894531,960700
2020-08-07,88.82842254638672,97.76000213623047,97.8499984741211,95.95999908447266,96.70999908447266,1139900
2020-08-10,90.64569854736328,99.76000213623047,99.95999908447266,97.58000183105469,97.91999816894531,1574300
2020-08-11,92.84461212158203,102.18000030517578,103.7300033569336,100.27999877929688,100.27999877929688,2442800
2020-08-12,93.18079376220703,102.55000305175781,103.44999694824219,102.11000061035156,103.43000030517578,2671200
2020-08-13,92.82389831542969,101.43000030517578,101.91999816894531,100.61000061035156,101.11000061035156,1803200
2020-08-14,92.32969665527344,100.88999938964844,101.83999633789062,100.3499984741211,100.4800033569336,1192200
2020-08-17,92.33885192871094,100.9000015258789,102.19999694824219,100.30999755859375,101.2699966430664,1513100
2020-08-18,92.16497802734375,100.70999908447266,101.37000274658203,100.05000305175781,100.69000244140625,1205300
2020-08-19,91.95449829101562,100.4800033569336,101.51000213623047,99.52999877929688,100.33999633789062,1365700
2020-08-20,91.03018951416016,99.47000122070312,100.19000244140625,99.05999755859375,99.33999633789062,1209700
2020-08-21,92.05514526367188,100.58999633789062,101.19000244140625,99.31999969482422,99.58000183105469,1658100
2020-08-24,94.15084838867188,102.87999725341797,102.88999938964844,100.76000213623047,101.38999938964844,1595800
2020-08-25,94.095947265625,102.81999969482422,103.81999969482422,101.81999969482422,103.5999984741211,1250100
2020-08-26,93.71157836914062,102.4000015258789,102.81999969482422,101.31999969482422,102.44000244140625,1127400
2020-08-27,93.4278793334961,102.08999633789062,103.26000213623047,101.47000122070312,102.87999725341797,948000
2020-08-28,94.7273941040039,103.51000213623047,103.56999969482422,101.51000213623047,102.48999786376953,1049600
2020-08-31,93.43702697753906,102.0999984741211,103.5,101.76000213623047,103.06999969482422,1690100
2020-09-01,94.65418243408203,103.43000030517578,103.5199966430664,101.31999969482422,101.75,1256900
2020-09-02,96.61261749267578,105.56999969482422,106.06999969482422,103.08999633789062,103.5,1393800
2020-09-03,93.48279571533203,102.1500015258789,105.83999633789062,101.5,105.5,3002800
2020-09-04,93.87632751464844,102.58000183105469,104.55000305175781,101.80999755859375,103.87000274658203,1545500
2020-09-08,91.95449829101562,100.4800033569336,102.18000030517578,99.87000274658203,101.58999633789062,1450900
2020-09-09,93.85798645019531,102.55999755859375,103.69999694824219,101.19999694824219,101.76000213623047,1346300
2020-09-10,92.43037414550781,101.0,103.9800033569336,100.63999938964844,103.0,1299300
2020-09-11,93.82140350341797,102.5199966430664,103.41000366210938,101.08000183105469,101.66000366210938,1049900
2020-09-14,94.42539978027344,103.18000030517578,103.91999816894531,102.62999725341797,103.30999755859375,1686200
2020-09-15,94.15084838867188,102.87999725341797,104.55999755859375,102.79000091552734,103.88999938964844,1490000
2020-09-16,95.5327377319336,104.38999938964844,105.38999938964844,103.0,103.68000030517578,1896900
2020-09-17,96.10013580322266,105.01000213623047,105.47000122070312,102.08999633789062,103.30999755859375,1384800
2020-09-18,94.62672424316406,103.4000015258789,105.88999938964844,103.08000183105469,104.7699966430664,2613100
2020-09-21,89.11751556396484,97.37999725341797,101.5199966430664,96.23999786376953,101.06999969482422,2353600
2020-09-22,90.88375854492188,99.30999755859375,99.55999755859375,97.0199966430664,97.56999969482422,1730400
2020-09-23,90.39874267578125,98.77999877929688,101.05000305175781,98.68000030517578,99.19000244140625,1981000
2020-09-24,91.19493103027344,99.6500015258789,100.7699966430664,98.05000305175781,98.4800033569336,1859500
2020-09-25,91.47860717773438,99.95999908447266,100.75,98.4000015258789,98.51000213623047,1605300
2020-09-28,93.65666961669922,102.33999633789062,103.5199966430664,101.19999694824219,101.52999877929688,1599700
2020-09-29,92.59508514404297,101.18000030517578,102.48999786376953,100.87000274658203,102.48999786376953,1064300
2020-09-30,93.37297821044922,102.02999877929688,103.6500015258789,100.94999694824219,101.70999908447266,1664800
2020-10-01,92.05514526367188,100.58999633789062,103.20999908447266,99.66000366210938,102.70999908447266,1355800
2020-10-02,93.94038391113281,102.6500015258789,104.20999908447266,98.98999786376953,99.12999725341797,1923900
2020-10-05,96.17333984375,105.08999633789062,105.47000122070312,103.5999984741211,103.87999725341797,1467400
2020-10-06,95.5784912109375,104.44000244140625,106.79000091552734,104.33000183105469,105.30999755859375,1330600
2020-10-07,97.87550354003906,106.94999694824219,107.12999725341797,105.45999908447266,105.79000091552734,1481600
2020-10-08,98.36056518554688,107.4800033569336,107.91999816894531,106.2300033569336,107.29000091552734,1009200
2020-10-09,98.40630340576172,107.52999877929688,109.19999694824219,107.30000305175781,108.45999908447266,1512400
2020-10-12,99.02862548828125,108.20999908447266,109.62999725341797,108.0,108.61000061035156,1196300
2020-10-13,98.47037506103516,107.5999984741211,108.52999877929688,106.87000274658203,107.69000244140625,1547900
2020-10-14,99.01029968261719,108.19000244140625,109.45999908447266,107.66000366210938,107.88999938964844,826500
2020-10-15,99.41297912597656,108.62999725341797,108.69999694824219,106.63999938964844,106.97000122070312,955600
2020-10-16,99.9895248413086,109.26000213623047,111.19000244140625,108.80999755859375,109.36000061035156,1520200
2020-10-19,98.73577117919922,107.88999938964844,109.86000061035156,107.33000183105469,109.45999908447266,1207700
2020-10-20,99.5136489868164,108.73999786376953,110.6500015258789,108.12000274658203,108.5999984741211,1069800
2020-10-21,99.09268188476562,108.27999877929688,110.05999755859375,108.23999786376953,108.30999755859375,985600
2020-10-22,100.55692291259766,109.87999725341797,110.44999694824219,108.73999786376953,108.73999786376953,1199700
2020-10-23,100.49285888671875,109.80999755859375,111.6500015258789,109.69999694824219,110.80000305175781,1088600
2020-10-26,98.30562591552734,107.41999816894531,108.70999908447266,105.7699966430664,108.25,1330100
2020-10-27,96.475341796875,105.41999816894531,107.70999908447266,105.18000030517578,107.43000030517578,943200
2020-10-28,93.62921905517578,102.30999755859375,104.91000366210938,101.83999633789062,103.13999938964844,1446600
2020-10-29,95.37715911865234,104.22000122070312,105.1500015258789,101.5199966430664,101.79000091552734,1148400
2020-10-30,94.983642578125,103.79000091552734,104.68000030517578,102.27999877929688,103.86000061035156,1494400
2020-11-02,98.23242950439453,107.33999633789062,107.70999908447266,105.25,105.76000213623047,2226900
2020-11-03,101.81067657470703,111.25,111.98999786376953,106.91999816894531,109.26000213623047,2345000
2020-11-04,96.91461944580078,105.9000015258789,110.19999694824219,104.33999633789062,110.19999694824219,2874900
2020-11-05,101.19039916992188,109.80999755859375,110.48999786376953,107.37000274658203,107.77999877929688,1975800
2020-11-06,101.32861328125,109.95999908447266,111.18000030517578,109.25,109.83999633789062,1212500
2020-11-09,104.59075164794922,113.5,119.4800033569336,113.41999816894531,116.12000274658203,2959800
2020-11-10,105.84397888183594,114.86000061035156,115.81999969482422,113.2300033569336,113.66000366210938,1992500
2020-11-11,105.11599731445312,114.06999969482422,117.0,113.19999694824219,116.98999786376953,2120700
2020-11-12,104.42486572265625,113.31999969482422,114.16000366210938,112.37000274658203,113.61000061035156,1159200
2020-11-13,105.46617126464844,114.44999694824219,115.23999786376953,113.48999786376953,114.0,1679500
2020-11-16,108.27677154541016,117.5,117.91000366210938,114.66999816894531,116.80000305175781,1913600
2020-11-17,106.9590072631836,116.06999969482422,116.91000366210938,114.44999694824219,116.19000244140625,1307500
2020-11-18,107.58562469482422,116.75,118.05000305175781,115.66000366210938,116.13999938964844,1282100
2020-11-19,108.84809112548828,118.12000274658203,118.93000030517578,114.91000366210938,117.58000183105469,2244500
2020-11-20,108.18462371826172,117.4000015258789,118.7300033569336,117.01000213623047,118.2300033569336,2182300
2020-11-23,110.82010650634766,120.26000213623047,120.33999633789062,118.05999755859375,118.30000305175781,2330100
2020-11-24,113.5754165649414,123.25,123.66999816894531,120.69000244140625,121.58000183105469,2709100
2020-11-25,112.5986328125,122.19000244140625,122.63999938964844,120.70999908447266,122.63999938964844,1774200
2020-11-27,112.33139038085938,121.9000015258789,122.8499984741211,121.26000213623047,122.69999694824219,1039900
2020-11-30,111.60337829589844,121.11000061035156,122.1500015258789,120.01000213623047,121.80000305175781,3567100
2020-12-01,111.22557067871094,120.69999694824219,123.43000030517578,120.61000061035156,122.58000183105469,2483200
2020-12-02,109.58528900146484,118.91999816894531,120.98999786376953,117.98999786376953,119.61000061035156,2101200
2020-12-03,107.56720733642578,116.7300033569336,119.44000244140625,116.4000015258789,118.79000091552734,3257200
2020-12-04,109.49313354492188,118.81999969482422,119.66000366210938,116.94000244140625,116.94000244140625,1490800
2020-12-07,108.18462371826172,117.4000015258789,118.58999633789062,116.97000122070312,118.44999694824219,1310400
2020-12-08,108.6085205078125,117.86000061035156,118.54000091552734,116.2699966430664,116.83000183105469,1618000
2020-12-09,108.63614654541016,117.88999938964844,118.98999786376953,116.80000305175781,118.41999816894531,1511200
2020-12-10,106.1112289428711,115.1500015258789,117.12999725341797,114.7699966430664,117.12999725341797,1401500
2020-12-11,106.52590942382812,115.5999984741211,115.97000122070312,114.0999984741211,114.30999755859375,1279200
2020-12-14,104.904052734375,113.83999633789062,116.47000122070312,113.83000183105469,115.97000122070312,1771700
2020-12-15,107.39210510253906,116.54000091552734,117.12999725341797,113.79000091552734,115.05999755859375,1983500
2020-12-16,106.31395721435547,115.37000274658203,116.69000244140625,115.06999969482422,116.5999984741211,1610600
2020-12-17,106.24024200439453,115.29000091552734,116.13999938964844,114.12999725341797,115.80999755859375,1794700
2020-12-18,106.96823120117188,116.08000183105469,116.4800033569336,114.30000305175781,115.02999877929688,4499000
2020-12-21,107.79756927490234,116.9800033569336,117.55000305175781,113.94999694824219,115.18000030517578,2548500
2020-12-22,107.4566421508789,116.61000061035156,117.62999725341797,115.7300033569336,117.18000030517578,1552700
2020-12-23,107.83443450927734,117.0199966430664,118.66000366210938,116.9800033569336,117.51000213623047,1109400
2020-12-24,108.80201721191406,118.06999969482422,118.08000183105469,116.01000213623047,117.19999694824219,362200
2020-12-28,108.47950744628906,117.72000122070312,119.95999908447266,117.66000366210938,119.06999969482422,1075500
2020-12-29,107.96346282958984,117.16000366210938,118.52999877929688,116.04000091552734,118.23999786376953,874300
2020-12-30,109.93547821044922,119.30000305175781,119.5999984741211,117.55000305175781,117.87000274658203,1288400
2020-12-31,110.70954132080078,120.13999938964844,120.4000015258789,118.7300033569336,119.2699966430664,1056900
2021-01-04,109.42863464355469,118.75,121.58000183105469,117.87000274658203,120.30000305175781,1947800
2021-01-05,110.58975219726562,120.01000213623047,120.54000091552734,118.18000030517578,118.31999969482422,1217200
2021-01-06,116.52421569824219,126.44999694824219,128.36000061035156,122.16000366210938,122.30999755859375,3083000
2021-01-07,118.9570083618164,129.08999633789062,130.0,126.43000030517578,127.79000091552734,2585300
2021-01-08,116.92047882080078,126.87999725341797,129.89999389648438,125.13999938964844,129.27999877929688,2695400
2021-01-11,116.99418640136719,126.95999908447266,127.7699966430664,125.12999725341797,125.19999694824219,1490100
2021-01-12,118.26588439941406,128.33999633789062,128.61000061035156,126.16000366210938,126.98999786376953,1479700
2021-01-13,115.56587219238281,125.41000366210938,128.33999633789062,125.30000305175781,127.91000366210938,2344100
2021-01-14,114.83786010742188,124.62000274658203,126.5999984741211,124.19000244140625,126.2300033569336,4047400
2021-01-15,113.50171661376953,123.16999816894531,123.4000015258789,121.0,122.87999725341797,2590400
2021-01-19,115.6488037109375,125.5,126.95999908447266,124.01000213623047,124.5,2144500
2021-01-20,116.09111022949219,125.9800033569336,126.48999786376953,124.37000274658203,125.55000305175781,1698500
2021-01-21,115.307861328125,125.12999725341797,126.87000274658203,124.9000015258789,125.93000030517578,1348400
2021-01-22,114.66279602050781,124.43000030517578,125.22000122070312,122.93000030517578,124.43000030517578,1405700
2021-01-25,112.2576675415039,121.81999969482422,124.2300033569336,121.29000091552734,123.95999908447266,1598900
2021-01-26,111.262451171875,120.73999786376953,122.61000061035156,120.5,122.52999877929688,1140700
2021-01-27,105.84397888183594,114.86000061035156,118.91000366210938,114.01000213623047,118.68000030517578,2062200
2021-01-28,109.0047607421875,118.29000091552734,119.70999908447266,115.5199966430664,115.91999816894531,1537100
2021-01-29,108.46105194091797,117.69999694824219,121.75,116.73999786376953,117.83000183105469,2444700
2021-02-01,111.99964141845703,121.54000091552734,122.16999816894531,118.33000183105469,119.0,3054600
2021-02-02,110.98596954345703,120.44000244140625,123.43000030517578,118.66000366210938,121.75,4883000
2021-02-03,110.15664672851562,119.54000091552734,121.55000305175781,119.0,120.88999938964844,2133200
2021-02-04,111.0781478881836,120.54000091552734,120.88999938964844,119.01000213623047,119.73999786376953,2184100
2021-02-05,112.36822509765625,121.94000244140625,122.69000244140625,120.05999755859375,122.04000091552734,1983000
2021-02-08,110.78324890136719,120.22000122070312,123.02999877929688,119.41999816894531,122.69999694824219,2548000
2021-02-09,110.4238510131836,119.83000183105469,120.61000061035156,118.5999984741211,120.44999694824219,1857600
2021-02-10,112.2023696899414,121.76000213623047,122.79000091552734,120.87000274658203,121.58999633789062,2988400
2021-02-11,113.83343505859375,123.52999877929688,123.9800033569336,121.45999908447266,122.33999633789062,2285800
2021-02-12,114.24811553955078,123.9800033569336,124.19999694824219,122.31999969482422,122.58999633789062,1586800
2021-02-16,115.18804931640625,125.0,126.37000274658203,124.94999694824219,126.0,2167800
2021-02-17,115.21569061279297,125.02999877929688,125.33999633789062,123.30000305175781,123.30000305175781,1302600
2021-02-18,115.3631362915039,125.19000244140625,125.7300033569336,124.11000061035156,124.23999786376953,1513400
2021-02-19,117.76826477050781,127.80000305175781,128.6699981689453,126.02999877929688,126.37000274658203,2662100
2021-02-22,120.57886505126953,130.85000610351562,131.72000122070312,126.69999694824219,127.22000122070312,2533100
2021-02-23,120.58807373046875,130.86000061035156,131.5,127.4000015258789,130.77000427246094,2963800
2021-02-24,122.26518249511719,132.67999267578125,133.9199981689453,131.02999877929688,131.30999755859375,3035200
2021-02-25,119.9429931640625,130.16000366210938,133.57000732421875,129.69000244140625,132.8000030517578,2635700
2021-02-26,119.97065734863281,130.19000244140625,132.0399932861328,128.5800018310547,130.47999572753906,2539100
2021-03-01,123.70275115966797,134.24000549316406,135.83999633789062,131.3000030517578,132.00999450683594,2858000
2021-03-02,123.45394134521484,133.97000122070312,134.9199981689453,133.33999633789062,134.25999450683594,1936500
2021-03-03,124.8914794921875,135.52999877929688,138.17999267578125,135.02000427246094,137.0399932861328,3315800
2021-03-04,123.89628601074219,134.4499969482422,136.5500030517578,131.4600067138672,134.4600067138672,2390900
2021-03-05,126.60547637939453,137.38999938964844,137.9199981689453,132.2100067138672,136.33999633789062,2382000
2021-03-08,128.49453735351562,139.44000244140625,141.0500030517578,137.60000610351562,138.69000244140625,2174500
2021-03-09,125.55499267578125,136.25,139.89999389648438,136.1999969482422,139.89999389648438,2805000
2021-03-10,128.31947326660156,139.25,140.35000610351562,136.22000122070312,136.77999877929688,2313700
2021-03-11,128.2826385498047,139.2100067138672,141.3699951171875,138.9600067138672,139.5800018310547,1844900
2021-03-12,129.72015380859375,140.77000427246094,141.0,139.4600067138672,140.32000732421875,1759500
2021-03-15,129.29396057128906,139.5500030517578,139.58999633789062,136.55999755859375,137.88999938964844,3192000
2021-03-16,126.77386474609375,136.8300018310547,139.5500030517578,135.82000732421875,139.5500030517578,2427100
2021-03-17,127.85790252685547,138.0,138.52999877929688,136.05999755859375,137.3000030517578,2593900
2021-03-18,126.89434814453125,136.9600067138672,139.75999450683594,136.67999267578125,138.1999969482422,2707400
2021-03-19,123.46621704101562,133.25999450683594,136.67999267578125,133.17999267578125,136.63999938964844,12545600
2021-03-22,124.94865417480469,134.86000061035156,135.33999633789062,132.24000549316406,133.47000122070312,2805100
2021-03-23,123.1604995727539,132.92999267578125,135.8800048828125,132.3300018310547,133.9199981689453,1851300
2021-03-24,124.56879425048828,134.4499969482422,136.19000244140625,133.85000610351562,134.00999450683594,2195600
2021-03-25,125.8381118774414,135.82000732421875,136.4600067138672,131.86000061035156,133.72999572753906,1511700
2021-03-26,128.4971923828125,138.69000244140625,138.86000061035156,136.30999755859375,136.97000122070312,1988100
2021-03-29,128.36746215820312,138.5500030517578,139.60000610351562,137.75999450683594,138.0,2399500
2021-03-30,129.39588928222656,139.66000366210938,140.17999267578125,138.4600067138672,138.5800018310547,2058500
2021-03-31,128.11729431152344,138.27999877929688,141.2899932861328,138.25,140.05999755859375,2338000
2021-04-01,129.23841857910156,139.49000549316406,139.77999877929688,137.9600067138672,139.02999877929688,2379400
2021-04-05,131.8974609375,142.36000061035156,143.24000549316406,140.42999267578125,141.38999938964844,2039000
2021-04-06,130.74859619140625,141.1199951171875,143.2899932861328,140.8699951171875,142.1699981689453,1393100
2021-04-07,130.06297302246094,140.3800048828125,141.49000549316406,139.6699981689453,140.7100067138672,1882500
2021-04-08,129.6182403564453,139.89999389648438,140.55999755859375,138.77999877929688,139.97999572753906,1743300
2021-04-09,130.12783813476562,140.4499969482422,141.0500030517578,139.0399932861328,140.6999969482422,2430800
2021-04-12,130.9060821533203,141.2899932861328,141.60000610351562,140.1999969482422,140.1999969482422,1437800
2021-04-13,129.52561950683594,139.8000030517578,140.77000427246094,138.35000610351562,140.5,1535900
2021-04-14,129.9332733154297,140.24000549316406,141.24000549316406,139.7100067138672,139.85000610351562,1552200
2021-04-15,130.4521484375,140.8000030517578,141.22000122070312,139.91000366210938,140.8699951171875,1619900
2021-04-16,130.77639770507812,141.14999389648438,143.08999633789062,140.41000366210938,142.4600067138672,1370000
2021-04-19,130.43360900878906,140.77999877929688,141.39999389648438,140.00999450683594,141.39999389648438,1259300
2021-04-20,128.28408813476562,138.4600067138672,140.27999877929688,137.55999755859375,140.02000427246094,1503700
2021-04-21,131.10992431640625,141.50999450683594,141.58999633789062,138.1999969482422,138.52999877929688,1432800
2021-04-22,131.00799560546875,141.39999389648438,142.57000732421875,140.89999389648438,142.13999938964844,2295000
2021-04-23,132.46261596679688,142.97000122070312,143.67999267578125,141.3300018310547,141.88999938964844,1652400
2021-04-26,132.83323669433594,143.3699951171875,144.5500030517578,143.07000732421875,143.3300018310547,1288400
2021-04-27,133.9635772705078,144.58999633789062,145.00999450683594,142.52000427246094,143.3699951171875,1874900
2021-04-28,133.907958984375,144.52999877929688,145.88999938964844,143.8000030517578,144.1300048828125,1570100
2021-04-29,134.36196899414062,145.02000427246094,145.9499969482422,143.60000610351562,145.91000366210938,1602700
2021-04-30,132.42555236816406,142.92999267578125,144.4199981689453,142.66000366210938,143.91000366210938,1489800
2021-05-03,133.75047302246094,144.36000061035156,145.3699951171875,143.0800018310547,144.92999267578125,1548600
2021-05-04,134.0376739501953,144.6699981689453,145.08999633789062,141.22999572753906,143.19000244140625,3727600
2021-05-05,134.7881622314453,145.47999572753906,146.5,143.22000122070312,145.30999755859375,2731300
2021-05-06,135.67759704589844,146.44000244140625,146.5,144.58999633789062,145.75,1901000
2021-05-07,136.67823791503906,147.52000427246094,148.33999633789062,144.4600067138672,145.64999389648438,1593300
2021-05-10,136.5855712890625,147.4199981689453,149.3800048828125,147.38999938964844,148.0399932861328,1452600
2021-05-11,135.04757690429688,145.75999450683594,146.9199981689453,144.3800048828125,146.52000427246094,1636300
2021-05-12,133.12973022460938,143.69000244140625,146.08999633789062,143.3000030517578,145.02000427246094,3123300
2021-05-13,135.8029327392578,145.8000030517578,146.7899932861328,142.61000061035156,142.61000061035156,2040100
2021-05-14,138.0010986328125,148.16000366210938,148.6300048828125,146.30999755859375,146.7100067138672,1512700
2021-05-17,137.32118225097656,147.42999267578125,148.64999389648438,146.8000030517578,147.6699981689453,1466800
2021-05-18,134.43370056152344,144.3300018310547,147.4199981689453,144.27000427246094,147.3000030517578,1267400
2021-05-19,132.9713592529297,142.75999450683594,143.16000366210938,140.52000427246094,142.17999267578125,1950500
2021-05-20,133.78170776367188,143.6300048828125,143.80999755859375,141.8800048828125,143.38999938964844,2279000
2021-05-21,133.5953826904297,143.42999267578125,145.55999755859375,142.77000427246094,144.6300048828125,1790900
2021-05-24,133.79104614257812,143.63999938964844,144.6199951171875,142.63999938964844,144.6199951171875,1341000
2021-05-25,133.01795959472656,142.80999755859375,144.6699981689453,142.2899932861328,143.63999938964844,1685300
2021-05-26,133.17630004882812,142.97999572753906,143.69000244140625,142.1199951171875,143.1999969482422,1170400
2021-05-27,134.67587280273438,144.58999633789062,145.41000366210938,144.07000732421875,144.44000244140625,3082300
2021-05-28,135.29063415527344,145.25,145.52999877929688,144.27999877929688,145.27000427246094,1539500
2021-06-01,136.25933837890625,146.2899932861328,147.25,145.60000610351562,146.97999572753906,1321000
2021-06-02,135.96124267578125,145.97000122070312,146.88999938964844,145.41000366210938,146.1999969482422,1545900
2021-06-03,136.3804168701172,146.4199981689453,147.05999755859375,144.55999755859375,145.74000549316406,1277300
2021-06-04,138.3271026611328,148.50999450683594,148.85000610351562,146.91000366210938,146.91000366210938,1617000
2021-06-07,136.78094482421875,146.85000610351562,149.0500030517578,145.86000061035156,148.85000610351562,1820500
2021-06-08,137.03240966796875,147.1199951171875,147.9600067138672,145.3300018310547,146.80999755859375,1327500
2021-06-09,136.37110900878906,146.41000366210938,147.30999755859375,145.8300018310547,146.8800048828125,978300
2021-06-10,136.75302124023438,146.82000732421875,147.72999572753906,145.97000122070312,147.1300048828125,1648100
2021-06-11,136.57598876953125,146.6300048828125,148.1199951171875,145.6199951171875,147.00999450683594,997900
2021-06-14,135.9892120361328,146.0,146.69000244140625,144.8800048828125,146.4499969482422,1318400
2021-06-15,137.7123565673828,147.85000610351562,147.8699951171875,145.3699951171875,146.2899932861328,1475900
2021-06-16,136.3338165283203,146.3699951171875,148.6699981689453,145.6999969482422,147.74000549316406,1590400
2021-06-17,132.84097290039062,142.6199951171875,146.4199981689453,140.91000366210938,146.22000122070312,2517800
2021-06-18,129.71133422851562,139.25999450683594,141.42999267578125,139.1199951171875,140.57000732421875,3066900
2021-06-21,133.232177734375,143.0399932861328,143.60000610351562,140.41000366210938,140.47000122070312,1488900
2021-06-22,133.0365753173828,142.8300018310547,143.9199981689453,141.77999877929688,142.94000244140625,1487800
2021-06-23,134.50828552246094,144.41000366210938,145.58999633789062,142.97000122070312,143.19000244140625,1962400
2021-06-24,135.66317749023438,145.64999389648438,146.0800018310547,144.2899932861328,145.27999877929688,1291600
2021-06-25,136.6318817138672,146.69000244140625,147.5,146.0800018310547,146.16000366210938,1469600
2021-06-28,136.45492553710938,146.5,146.9499969482422,144.77999877929688,146.9499969482422,1170600
2021-06-29,136.4456024169922,146.49000549316406,147.97999572753906,146.42999267578125,147.35000610351562,1433500
2021-06-30,138.01974487304688,148.17999267578125,148.49000549316406,145.7899932861328,146.10000610351562,1597400
2021-07-01,139.87327575683594,150.1699981689453,150.7100067138672,149.35000610351562,149.8800048828125,2246300
2021-07-02,141.01893615722656,151.39999389648438,151.4499969482422,149.38999938964844,150.00999450683594,1187300
2021-07-06,139.4355010986328,149.6999969482422,151.25,147.3699951171875,151.25,1633100
2021-07-07,141.7454376220703,152.17999267578125,152.27000427246094,149.47000122070312,149.49000549316406,1409400
2021-07-08,140.24588012695312,150.57000732421875,151.8000030517578,149.52000427246094,150.0,1856100
2021-07-09,143.0308380126953,153.55999755859375,154.3000030517578,152.24000549316406,152.3300018310547,1479500
2021-07-12,144.4373321533203,155.07000732421875,155.25,152.3300018310547,152.9600067138672,1764600
2021-07-13,143.47793579101562,154.0399932861328,155.30999755859375,153.77000427246094,154.60000610351562,1644200
2021-07-14,142.88182067871094,153.39999389648438,155.6699981689453,148.30999755859375,154.72999572753906,3902500
2021-07-15,143.31956481933594,153.8699951171875,154.5399932861328,152.17999267578125,152.22000122070312,1278200
2021-07-16,142.26707458496094,152.74000549316406,155.25,152.61000061035156,154.80999755859375,1636300
2021-07-19,138.9604949951172,149.19000244140625,150.52999877929688,146.99000549316406,150.52999877929688,1872800
2021-07-20,143.52450561523438,154.08999633789062,154.4199981689453,149.11000061035156,150.3300018310547,1744900
2021-07-21,144.95892333984375,155.6300048828125,156.63999938964844,154.75,154.9600067138672,1555600
2021-07-22,145.35012817382812,156.0500030517578,156.22999572753906,154.89999389648438,156.07000732421875,1313100
2021-07-23,145.9834442138672,156.72999572753906,157.33999633789062,155.85000610351562,156.86000061035156,1105800
2021-07-26,145.33148193359375,156.02999877929688,157.63999938964844,155.33999633789062,156.47999572753906,1708400
2021-07-27,145.4339141845703,156.13999938964844,157.22999572753906,154.3000030517578,155.1199951171875,1326600
2021-07-28,144.8005828857422,155.4600067138672,156.92999267578125,154.75999450683594,156.36000061035156,1890700
2021-07-29,146.8962860107422,157.7100067138672,158.11000061035156,155.92999267578125,156.63999938964844,1224800
2021-07-30,147.2129669189453,158.0500030517578,158.69000244140625,157.0399932861328,157.42999267578125,1502000
2021-08-02,145.7599334716797,156.49000549316406,159.9600067138672,156.49000549316406,158.58999633789062,1372200
2021-08-03,151.64657592773438,162.80999755859375,163.2899932861328,158.88999938964844,159.60000610351562,2420900
2021-08-04,150.7338104248047,161.8300018310547,164.27000427246094,161.69000244140625,163.07000732421875,1571900
2021-08-05,150.81759643554688,161.9199981689453,163.66000366210938,161.08999633789062,163.00999450683594,1280700
2021-08-06,151.7210693359375,162.88999938964844,163.72999572753906,162.0399932861328,163.0,1060000
2021-08-09,152.09368896484375,163.2899932861328,163.7899932861328,161.6300048828125,162.2100067138672,1181200
2021-08-10,155.87527465820312,167.35000610351562,167.52999877929688,163.89999389648438,164.0500030517578,2058300
2021-08-11,155.4654998779297,166.91000366210938,168.8800048828125,166.38999938964844,168.0399932861328,1476100
2021-08-12,156.4198455810547,167.1699981689453,167.35000610351562,165.0399932861328,165.83999633789062,1711900
2021-08-13,156.84095764160156,167.6199951171875,167.92999267578125,166.22999572753906,166.85000610351562,1717300
2021-08-16,157.6737060546875,168.50999450683594,168.89999389648438,166.33999633789062,167.30999755859375,1181700
2021-08-17,156.167236328125,166.89999389648438,167.89999389648438,164.9600067138672,167.6199951171875,1181200
2021-08-18,155.73683166503906,166.44000244140625,168.3000030517578,166.3300018310547,166.49000549316406,1323200
2021-08-19,156.2046661376953,166.94000244140625,168.17999267578125,163.5800018310547,165.0399932861328,1384500
2021-08-20,156.69125366210938,167.4600067138672,167.9199981689453,166.22999572753906,167.9199981689453,1025200
2021-08-23,157.98248291015625,168.83999633789062,169.63999938964844,167.72999572753906,168.2899932861328,1398300
2021-08-24,158.4971466064453,169.38999938964844,170.25999450683594,167.6699981689453,168.39999389648438,1524400
2021-08-25,159.264404296875,170.2100067138672,171.32000732421875,169.4199981689453,169.77000427246094,994700
2021-08-26,158.4690399169922,169.36000061035156,170.57000732421875,169.19000244140625,170.27000427246094,1201000
2021-08-27,159.09596252441406,170.02999877929688,170.6699981689453,168.63999938964844,170.1300048828125,1138000
2021-08-30,159.264404296875,170.2100067138672,171.22999572753906,169.7100067138672,170.67999267578125,969400
2021-08-31,157.5333251953125,168.36000061035156,170.1999969482422,168.02000427246094,169.92999267578125,1863700
2021-09-01,156.02691650390625,166.75,168.41000366210938,165.75999450683594,168.22000122070312,1548800
2021-09-02,157.31814575195312,168.1300048828125,168.1699981689453,166.67999267578125,167.33999633789062,1529500
2021-09-03,155.6806640625,166.3800048828125,168.19000244140625,166.3300018310547,168.19000244140625,1255400
2021-09-07,153.1730194091797,163.6999969482422,165.8000030517578,163.55999755859375,165.75,1748800
2021-09-08,152.85488891601562,163.36000061035156,164.3000030517578,161.39999389648438,162.6199951171875,1601900
2021-09-09,151.14256286621094,161.52999877929688,164.3300018310547,161.2100067138672,163.33999633789062,1215800
2021-09-10,150.0758819580078,160.38999938964844,163.27999877929688,160.30999755859375,163.13999938964844,1654900
2021-09-13,148.09222412109375,158.27000427246094,162.0,156.19000244140625,161.0800018310547,2685200
2021-09-14,146.24888610839844,156.3000030517578,158.47000122070312,155.52000427246094,155.52000427246094,2784900
2021-09-15,150.22560119628906,160.5500030517578,161.13999938964844,155.75999450683594,156.00999450683594,2964900
2021-09-16,149.04661560058594,159.2899932861328,160.7100067138672,158.22999572753906,160.7100067138672,1479100
2021-09-17,147.39984130859375,157.52999877929688,158.16000366210938,156.1699981689453,157.97999572753906,3115100
2021-09-20,146.43605041503906,156.5,156.64999389648438,153.88999938964844,154.4499969482422,1700800
2021-09-21,144.6488494873047,154.58999633789062,157.52000427246094,153.88999938964844,157.08999633789062,1231900
2021-09-22,146.37049865722656,156.42999267578125,157.58999633789062,155.6300048828125,155.6300048828125,1343900
2021-09-23,147.83958435058594,158.0,158.4600067138672,157.36000061035156,157.5800018310547,2237600
2021-09-24,145.97752380371094,156.00999450683594,158.1999969482422,155.8800048828125,157.50999450683594,1045800
2021-09-27,145.1728057861328,155.14999389648438,157.30999755859375,155.0800018310547,155.97000122070312,1642500
2021-09-28,144.08743286132812,153.99000549316406,155.38999938964844,152.52000427246094,155.0,1806500
2021-09-29,143.6009063720703,153.47000122070312,154.63999938964844,153.1699981689453,154.3300018310547,1590300
2021-09-30,139.70840454101562,149.30999755859375,154.19000244140625,149.25,153.83999633789062,2122000
2021-10-01,140.96221923828125,150.64999389648438,151.6300048828125,148.19000244140625,149.72000122070312,1605900
2021-10-04,138.81948852539062,148.36000061035156,151.38999938964844,147.35000610351562,149.9499969482422,1748600
2021-10-05,141.53298950195312,151.25999450683594,152.1199951171875,148.1999969482422,149.02000427246094,1762300
2021-10-06,141.9447021484375,151.6999969482422,151.82000732421875,148.11000061035156,149.74000549316406,1067700
2021-10-07,144.02194213867188,153.9199981689453,154.64999389648438,153.2100067138672,153.38999938964844,1783400
2021-10-08,143.68508911132812,153.55999755859375,154.22000122070312,152.77000427246094,153.33999633789062,1154300
2021-10-11,142.7493896484375,152.55999755859375,154.75999450683594,152.42999267578125,153.42999267578125,1179900
2021-10-12,141.8698272705078,151.6199951171875,154.27999877929688,151.35000610351562,153.30999755859375,1270800
2021-10-13,143.52603149414062,153.38999938964844,154.4499969482422,151.5399932861328,152.36000061035156,1404200
2021-10-14,149.30862426757812,159.57000732421875,159.9499969482422,153.75,154.63999938964844,2075400
2021-10-15,151.06773376464844,161.4499969482422,162.4499969482422,159.52999877929688,160.86000061035156,1678800
2021-10-18,150.8992919921875,161.27000427246094,161.8800048828125,159.80999755859375,160.3699951171875,884200
2021-10-19,151.09576416015625,161.47999572753906,162.57000732421875,160.88999938964844,162.0800018310547,883300
2021-10-20,152.70513916015625,163.1999969482422,163.3300018310547,160.72999572753906,161.74000549316406,1146000
2021-10-21,151.69461059570312,162.1199951171875,162.57000732421875,160.6699981689453,162.05999755859375,1368100
2021-10-22,151.9379119873047,162.3800048828125,164.0399932861328,162.27999877929688,162.74000549316406,771800
2021-10-25,152.05953979492188,162.50999450683594,163.94000244140625,161.3300018310547,162.1999969482422,1022900
2021-10-26,150.9647979736328,161.33999633789062,163.17999267578125,161.27000427246094,163.17999267578125,983600
2021-10-27,149.82325744628906,160.1199951171875,163.4499969482422,160.05999755859375,161.72999572753906,1029700
2021-10-28,154.35198974609375,164.9600067138672,165.07000732421875,160.1199951171875,160.1199951171875,1632900
2021-10-29,154.1648712158203,164.75999450683594,165.9600067138672,163.82000732421875,164.33999633789062,1678100
2021-11-01,153.77188110351562,164.33999633789062,165.94000244140625,163.25999450683594,165.1999969482422,1637300
2021-11-02,160.59307861328125,171.6300048828125,172.24000549316406,165.0,166.13999938964844,2398100
2021-11-03,158.59068298339844,169.49000549316406,172.00999450683594,167.3300018310547,169.63999938964844,1953900
2021-11-04,160.9205780029297,171.97999572753906,173.05999755859375,170.58999633789062,170.9199981689453,1147600
2021-11-05,160.28428649902344,171.3000030517578,173.4499969482422,170.27999877929688,172.92999267578125,1217600
2021-11-08,162.54869079589844,173.72000122070312,174.80999755859375,172.3000030517578,174.3300018310547,1695300
2021-11-09,163.42819213867188,174.66000366210938,175.24000549316406,173.42999267578125,173.88999938964844,1036900
2021-11-10,161.52044677734375,171.8699951171875,173.9499969482422,171.32000732421875,173.9499969482422,1314400
2021-11-11,159.6879119873047,169.9199981689453,172.1300048828125,169.50999450683594,172.02999877929688,1156000
2021-11-12,161.45468139648438,171.8000030517578,172.32000732421875,168.82000732421875,170.4600067138672,1188400
2021-11-15,162.3380584716797,172.74000549316406,173.2100067138672,171.55999755859375,171.99000549316406,1019600
2021-11-16,163.3342742919922,173.8000030517578,175.72000122070312,172.4199981689453,172.74000549316406,1434800
2021-11-17,162.67642211914062,173.10000610351562,174.3000030517578,171.50999450683594,173.8000030517578,1433300
2021-11-18,162.88316345214844,173.32000732421875,173.5800018310547,171.66000366210938,173.16000366210938,900800
2021-11-19,161.92459106445312,172.3000030517578,173.80999755859375,171.9199981689453,173.3800048828125,1334200
2021-11-22,161.94338989257812,172.32000732421875,174.91000366210938,172.19000244140625,173.3800048828125,1254800
2021-11-23,162.17832946777344,172.57000732421875,172.94000244140625,171.27999877929688,172.02000427246094,1054300
2021-11-24,160.65585327148438,170.9499969482422,172.22999572753906,170.1699981689453,171.4600067138672,1235900
2021-11-26,157.42298889160156,167.50999450683594,168.17999267578125,164.41000366210938,166.63999938964844,1121000
2021-11-29,157.30084228515625,167.3800048828125,169.64999389648438,165.4499969482422,169.3800048828125,2068700
2021-11-30,152.3011932373047,162.05999755859375,166.91000366210938,161.3800048828125,166.07000732421875,4247200
2021-12-01,151.7467041015625,161.47000122070312,167.25999450683594,161.3699951171875,165.47999572753906,1947100
2021-12-02,156.59600830078125,166.6300048828125,167.52999877929688,162.10000610351562,162.10000610351562,1413200
2021-12-03,156.41744995117188,166.44000244140625,168.10000610351562,164.47999572753906,167.3300018310547,1360800
2021-12-06,159.60328674316406,169.8300018310547,170.66000366210938,166.52999877929688,167.7899932861328,1733500
2021-12-07,160.3175506591797,170.58999633789062,174.47000122070312,170.25,172.1699981689453,1884600
2021-12-08,159.6879119873047,169.9199981689453,171.4499969482422,168.02999877929688,170.88999938964844,1986900
2021-12-09,158.43797302246094,168.58999633789062,170.0,167.4600067138672,169.77999877929688,1844800
2021-12-10,160.1953887939453,170.4600067138672,170.88999938964844,169.13999938964844,169.57000732421875,1432800
2021-12-13,159.48114013671875,169.6999969482422,171.35000610351562,168.8000030517578,170.63999938964844,1598800
2021-12-14,154.91378784179688,164.83999633789062,169.35000610351562,162.5500030517578,168.41000366210938,2838000
2021-12-15,159.06761169433594,169.25999450683594,169.5,165.39999389648438,166.14999389648438,2263800
2021-12-16,158.63536071777344,168.8000030517578,171.25,167.94000244140625,170.6699981689453,1403500
2021-12-17,155.12994384765625,165.07000732421875,169.49000549316406,164.72000122070312,168.52999877929688,2666700
2021-12-20,154.18077087402344,164.05999755859375,164.5500030517578,161.16000366210938,163.32000732421875,2146700
2021-12-21,157.1692657470703,167.24000549316406,167.3699951171875,164.39999389648438,165.4199981689453,2014100
2021-12-22,156.69937133789062,166.74000549316406,167.67999267578125,166.32000732421875,166.75,1259800
2021-12-23,157.9210968017578,168.0399932861328,169.17999267578125,167.14999389648438,167.27000427246094,861800
2021-12-27,160.39273071289062,170.6699981689453,170.74000549316406,167.72999572753906,168.94000244140625,730700
2021-12-28,160.89080810546875,171.1999969482422,171.75999450683594,170.30999755859375,170.6199951171875,672300
2021-12-29,161.37014770507812,171.7100067138672,172.1199951171875,170.47999572753906,171.64999389648438,1467500
2021-12-30,161.09756469726562,171.4199981689453,172.52000427246094,171.22000122070312,172.0800018310547,884400
2021-12-31,162.41323852539062,172.82000732421875,173.67999267578125,170.97000122070312,170.97000122070312,838600
2022-01-03,158.50376892089844,168.66000366210938,173.38999938964844,167.9199981689453,173.38999938964844,1307200
2022-01-04,161.13519287109375,171.4600067138672,172.27999877929688,168.83999633789062,169.6300048828125,2065400
2022-01-05,158.8326873779297,169.00999450683594,172.91000366210938,168.8300018310547,171.88999938964844,1718600
2022-01-06,159.2086181640625,169.41000366210938,170.74000549316406,168.39999389648438,168.89999389648438,1433800
2022-01-07,157.7425537109375,167.85000610351562,170.8800048828125,167.80999755859375,169.5,2079800
2022-01-10,156.3986358642578,166.4199981689453,166.89999389648438,162.8000030517578,166.50999450683594,1896400
2022-01-11,157.657958984375,167.75999450683594,168.02999877929688,164.64999389648438,167.0,1075600
2022-01-12,161.13519287109375,171.4600067138672,172.0,168.6999969482422,169.1699981689453,1983400
2022-01-13,160.8720245361328,171.17999267578125,172.2899932861328,170.3699951171875,171.5399932861328,1336100
2022-01-14,160.627685546875,170.9199981689453,171.7100067138672,167.60000610351562,168.94000244140625,2824600
2022-01-18,156.59600830078125,166.6300048828125,169.1699981689453,164.69000244140625,168.50999450683594,2106900
2022-01-19,153.55111694335938,163.38999938964844,167.1300048828125,163.19000244140625,166.7899932861328,2368300
2022-01-20,151.3614044189453,161.05999755859375,165.32000732421875,160.77000427246094,163.99000549316406,2067500
2022-01-21,150.8727264404297,160.5399932861328,163.74000549316406,159.6199951171875,161.35000610351562,2242000
2022-01-24,151.0418701171875,160.72000122070312,161.27000427246094,153.89999389648438,157.5399932861328,2614400
2022-01-25,147.95941162109375,157.44000244140625,159.38999938964844,153.3300018310547,158.07000732421875,2487000
2022-01-26,148.7112274169922,158.24000549316406,161.25999450683594,156.25999450683594,159.1300048828125,2024100
2022-01-27,146.06101989746094,155.4199981689453,161.0,154.25999450683594,160.41000366210938,1679300
2022-01-28,147.2545623779297,156.69000244140625,156.80999755859375,151.6300048828125,154.5500030517578,2339400
2022-01-31,148.88980102539062,158.42999267578125,158.5399932861328,154.5,155.6300048828125,2192600
2022-02-01,149.79197692871094,159.38999938964844,159.91000366210938,156.52000427246094,158.9499969482422,1571400
2022-02-02,151.69033813476562,161.41000366210938,161.85000610351562,158.9499969482422,159.77999877929688,1565600
2022-02-03,147.38613891601562,156.8300018310547,161.75,156.4499969482422,159.42999267578125,2492400
2022-02-04,141.90721130371094,151.0,155.9499969482422,150.24000549316406,154.57000732421875,4095500
2022-02-07,141.089599609375,150.1300048828125,153.0399932861328,149.6699981689453,152.77000427246094,3515900
2022-02-08,142.37709045410156,151.5,152.0,148.6199951171875,150.19000244140625,2586400
2022-02-09,147.4049530029297,156.85000610351562,157.0500030517578,153.2100067138672,153.67999267578125,2809600
2022-02-10,145.46897888183594,154.7899932861328,158.25999450683594,153.85000610351562,154.02000427246094,2450800
2022-02-11,141.5876922607422,150.66000366210938,154.89999389648438,149.39999389648438,154.89999389648438,2104900
2022-02-14,143.00674438476562,152.1699981689453,153.0,149.2899932861328,150.97999572753906,2206400
2022-02-15,146.16439819335938,155.52999877929688,156.1300048828125,153.85000610351562,154.3699951171875,2061600
2022-02-16,147.57411193847656,157.02999877929688,157.49000549316406,154.77999877929688,154.86000061035156,2194000
2022-02-17,143.22288513183594,152.39999389648438,156.11000061035156,152.0399932861328,155.77999877929688,1324800
2022-02-18,144.12509155273438,153.36000061035156,154.19000244140625,151.6999969482422,152.33999633789062,3466600
2022-02-22,142.6214141845703,151.75999450683594,154.36000061035156,150.7100067138672,153.2899932861328,1684000
2022-02-23,140.3189697265625,149.30999755859375,152.88999938964844,148.9199981689453,152.42999267578125,1506000
2022-02-24,141.2587127685547,150.30999755859375,150.7899932861328,144.25999450683594,145.86000061035156,2168800
2022-02-25,144.8393096923828,154.1199951171875,154.24000549316406,150.10000610351562,150.3000030517578,2427400
2022-02-28,144.99905395507812,154.2899932861328,155.0500030517578,151.25,151.80999755859375,2454800
2022-03-01,137.6311798095703,146.4499969482422,154.67999267578125,144.3699951171875,154.0,4790400
2022-03-02,143.00674438476562,152.1699981689453,152.8800048828125,147.36000061035156,147.7100067138672,1880700
2022-03-03,145.63815307617188,154.97000122070312,156.1999969482422,153.0800018310547,153.0800018310547,2861400
2022-03-04,140.7606658935547,149.77999877929688,153.4499969482422,147.80999755859375,151.99000549316406,2678900
2022-03-07,137.0109100341797,145.7899932861328,149.7899932861328,145.00999450683594,149.7899932861328,2411600
2022-03-08,137.396240234375,146.1999969482422,151.57000732421875,145.57000732421875,146.92999267578125,2235300
2022-03-09,140.14041137695312,149.1199951171875,151.5,148.97999572753906,150.25,1794200
2022-03-10,140.0364990234375,148.1999969482422,149.05999755859375,145.08999633789062,145.08999633789062,1782300
2022-03-11,138.82696533203125,146.9199981689453,150.3300018310547,146.74000549316406,149.36000061035156,1350000
2022-03-14,140.2821502685547,148.4600067138672,150.82000732421875,147.16000366210938,147.89999389648438,1581600
2022-03-15,141.99246215820312,150.27000427246094,150.74000549316406,148.07000732421875,150.17999267578125,1541700
2022-03-16,144.89332580566406,153.33999633789062,154.4499969482422,150.0399932861328,151.97999572753906,1892400
2022-03-17,146.16897583007812,154.69000244140625,154.7100067138672,151.00999450683594,151.92999267578125,1389900
2022-03-18,147.0099334716797,155.5800018310547,155.97000122070312,151.50999450683594,155.25999450683594,2792200
2022-03-21,146.08392333984375,154.60000610351562,156.35000610351562,153.30999755859375,156.0800018310547,1934300
2022-03-22,146.6981201171875,155.25,156.00999450683594,154.1999969482422,155.77000427246094,1226800
2022-03-23,144.03346252441406,152.42999267578125,154.94000244140625,152.33999633789062,154.0500030517578,1331900
2022-03-24,144.76104736328125,153.1999969482422,153.64999389648438,152.36000061035156,153.39999389648438,1078300
2022-03-25,145.6870574951172,154.17999267578125,154.7899932861328,152.83999633789062,153.77000427246094,1196500
2022-03-28,145.71542358398438,154.2100067138672,154.2100067138672,152.13999938964844,153.25999450683594,1239800
2022-03-29,148.8525390625,157.52999877929688,158.00999450683594,155.27000427246094,156.4600067138672,1530800
2022-03-30,146.89659118652344,155.4600067138672,157.32000732421875,154.77000427246094,156.3300018310547,1294100
2022-03-31,143.40037536621094,151.75999450683594,156.36000061035156,151.58999633789062,155.05999755859375,2286200
2022-04-01,143.44761657714844,151.80999755859375,153.4499969482422,150.39999389648438,153.4499969482422,2098900
2022-04-04,142.60665893554688,150.9199981689453,151.0399932861328,148.32000732421875,150.9199981689453,1435100
2022-04-05,138.5340576171875,146.61000061035156,151.27999877929688,145.91000366210938,150.72999572753906,2046700
2022-04-06,136.88046264648438,144.86000061035156,145.27999877929688,142.83999633789062,144.36000061035156,2701400
2022-04-07,137.8348388671875,145.8699951171875,146.63999938964844,142.88999938964844,143.66000366210938,1788100
2022-04-08,137.18283081054688,145.17999267578125,147.30999755859375,144.4600067138672,145.6199951171875,1644400
2022-04-11,134.43312072753906,142.27000427246094,146.27999877929688,142.02999877929688,144.66000366210938,1800200
2022-04-12,133.06298828125,140.82000732421875,144.97000122070312,140.02000427246094,142.88999938964844,1766200
2022-04-13,133.96067810058594,141.77000427246094,142.7100067138672,140.5800018310547,140.5800018310547,1530600
2022-04-14,132.203125,139.91000366210938,142.7100067138672,139.41000366210938,141.00999450683594,1833000
2022-04-18,132.91180419921875,140.66000366210938,142.11000061035156,139.60000610351562,139.67999267578125,1561100
2022-04-19,137.7403106689453,145.77000427246094,146.07000732421875,140.8000030517578,141.72000122070312,1826700
2022-04-20,141.15145874023438,149.3800048828125,150.55999755859375,147.3699951171875,147.3699951171875,1834600
2022-04-21,141.69004821777344,149.9499969482422,153.27000427246094,149.1999969482422,151.69000244140625,2293900
2022-04-22,137.9954376220703,146.0399932861328,148.9600067138672,145.88999938964844,148.5,1655100
2022-04-25,138.96873474121094,147.07000732421875,147.08999633789062,142.72000122070312,145.89999389648438,1905500
2022-04-26,135.8599395751953,143.77999877929688,146.9499969482422,143.5,145.17999267578125,2313700
2022-04-27,137.68360900878906,145.7100067138672,146.88999938964844,143.47000122070312,143.75,1930300
2022-04-28,139.73410034179688,147.8800048828125,148.0800018310547,144.27999877929688,146.10000610351562,2473700
2022-04-29,137.0316162109375,145.02000427246094,149.8300018310547,144.77000427246094,147.75,2467500
2022-05-02,138.4301300048828,146.5,147.02000427246094,143.4199981689453,144.99000549316406,2732700
2022-05-03,138.50572204589844,146.5800018310547,150.9600067138672,144.50999450683594,144.50999450683594,3004900
2022-05-04,141.67120361328125,149.92999267578125,150.7100067138672,143.97999572753906,146.8000030517578,2558100
2022-05-05,140.20655822753906,148.3800048828125,150.8800048828125,147.10000610351562,148.72000122070312,3871000
2022-05-06,139.1765899658203,147.2899932861328,148.4600067138672,144.4499969482422,147.7899932861328,2101800
2022-05-09,139.80972290039062,147.9600067138672,149.30999755859375,145.0500030517578,145.33999633789062,3028900
2022-05-10,133.2141571044922,140.97999572753906,149.91000366210938,140.52999877929688,149.00999450683594,3543000
2022-05-11,133.05352783203125,140.80999755859375,144.3000030517578,140.22000122070312,141.1300048828125,1852300
2022-05-12,134.71670532226562,141.75,142.52999877929688,138.69000244140625,139.47000122070312,2251900
2022-05-13,134.31756591796875,141.3300018310547,143.44000244140625,139.64999389648438,142.85000610351562,2813100
2022-05-16,132.08416748046875,138.97999572753906,140.74000549316406,137.5500030517578,140.55999755859375,2551900
2022-05-17,136.26583862304688,143.3800048828125,143.83999633789062,140.7899932861328,141.41000366210938,1988500
2022-05-18,129.7462158203125,136.52000427246094,141.7899932861328,135.9600067138672,141.08999633789062,1946500
2022-05-19,129.3280487060547,136.0800018310547,138.00999450683594,132.3800048828125,135.0,2992300
2022-05-20,127.48429870605469,134.13999938964844,137.42999267578125,132.16000366210938,136.8699951171875,4686600
2022-05-23,129.97430419921875,136.75999450683594,136.8699951171875,133.16000366210938,135.6199951171875,2169600
2022-05-24,127.189697265625,133.8300018310547,134.6199951171875,130.44000244140625,132.97999572753906,2709700
2022-05-25,127.4272689819336,134.0800018310547,135.27999877929688,131.5,133.50999450683594,1877500
2022-05-26,129.5181427001953,136.27999877929688,137.22000122070312,133.67999267578125,135.74000549316406,1366400
2022-05-27,132.8824920654297,139.82000732421875,139.8800048828125,137.08999633789062,137.60000610351562,1459000
2022-05-31,131.72303771972656,138.60000610351562,140.02999877929688,136.80999755859375,138.35000610351562,2900500
2022-06-01,130.88665771484375,137.72000122070312,140.25,136.4499969482422,139.94000244140625,1750800
2022-06-02,133.83287048339844,140.82000732421875,140.9199981689453,137.4499969482422,139.50999450683594,1289900
2022-06-03,133.38619995117188,140.35000610351562,140.9600067138672,139.35000610351562,139.63999938964844,1421300
2022-06-06,134.34608459472656,141.36000061035156,142.6999969482422,141.1300048828125,142.2899932861328,1659400
2022-06-07,138.1951141357422,145.41000366210938,145.49000549316406,139.6699981689453,140.60000610351562,2237400
2022-06-08,137.31126403808594,144.47999572753906,146.2899932861328,143.41000366210938,144.39999389648438,2274000
2022-06-09,135.4295196533203,142.5,145.2100067138672,142.42999267578125,143.3699951171875,1594800
2022-06-10,130.2309112548828,137.02999877929688,140.63999938964844,136.8300018310547,139.7899932861328,1543800
2022-06-13,126.25830841064453,132.85000610351562,134.77000427246094,132.0,134.77000427246094,1596700
2022-06-14,124.0439224243164,130.52000427246094,134.47000122070312,129.1999969482422,132.85000610351562,1927300
2022-06-15,124.50959014892578,131.00999450683594,132.75,128.8699951171875,131.5500030517578,1658600
2022-06-16,119.85273742675781,126.11000061035156,128.4600067138672,125.13999938964844,127.91000366210938,2006500
2022-06-17,119.29199981689453,125.5199966430664,127.3499984741211,124.56999969482422,125.12000274658203,3126500
2022-06-21,119.88125610351562,126.13999938964844,127.5199966430664,125.11000061035156,126.70999908447266,1584400
2022-06-22,119.957275390625,126.22000122070312,126.94999694824219,123.69000244140625,123.69000244140625,1921700
2022-06-23,120.59403228759766,126.88999938964844,127.26000213623047,124.12000274658203,125.2699966430664,2022800
2022-06-24,125.2889175415039,131.8300018310547,131.91000366210938,127.58000183105469,128.47000122070312,1974200
2022-06-27,125.68806457519531,132.25,133.5,131.14999389648438,132.77000427246094,1597000
2022-06-28,122.9034652709961,129.32000732421875,133.92999267578125,129.25,132.83999633789062,1914900
2022-06-29,120.95518493652344,127.2699966430664,130.08999633789062,126.04000091552734,129.69000244140625,1740100
2022-06-30,119.73870849609375,125.98999786376953,127.06999969482422,124.66000366210938,125.11000061035156,2370100
2022-07-01,121.05020904541016,127.37000274658203,128.33999633789062,125.11000061035156,126.4000015258789,1749700
2022-07-05,120.39446258544922,126.68000030517578,126.80999755859375,123.18000030517578,125.56999969482422,1934200
2022-07-06,121.64895629882812,128.0,128.7899932861328,125.93000030517578,127.19999694824219,1734500
2022-07-07,123.1600570678711,129.58999633789062,129.9199981689453,127.37000274658203,129.38999938964844,1662700
2022-07-08,121.47789001464844,127.81999969482422,129.08999633789062,126.70999908447266,129.0500030517578,1213600
2022-07-11,121.50640106201172,127.8499984741211,128.74000549316406,126.79000091552734,126.80000305175781,831200
2022-07-12,120.58453369140625,126.87999725341797,129.13999938964844,126.47000122070312,127.29000091552734,1051600
2022-07-13,119.4820785522461,125.72000122070312,126.6500015258789,123.5199966430664,124.62000274658203,1605000
2022-07-14,118.83582305908203,125.04000091552734,125.29000091552734,122.5,123.56999969482422,1274000
2022-07-15,122.58982849121094,128.99000549316406,129.47999572753906,125.51000213623047,127.18000030517578,1956400
2022-07-18,120.58453369140625,126.87999725341797,130.38999938964844,126.3499984741211,130.0,1441600
2022-07-19,125.73561096191406,132.3000030517578,132.75,128.3699951171875,128.64999389648438,1454500
2022-07-20,127.20870971679688,133.85000610351562,134.14999389648438,132.0,132.7899932861328,1282000
2022-07-21,130.52552795410156,137.33999633789062,137.47000122070312,133.50999450683594,134.14999389648438,2001200
2022-07-22,129.86976623535156,136.64999389648438,138.8800048828125,135.74000549316406,137.57000732421875,1763500
2022-07-25,130.29747009277344,137.10000610351562,137.16000366210938,135.32000732421875,136.6999969482422,955900
2022-07-26,132.2362060546875,139.13999938964844,139.6300048828125,136.30999755859375,137.14999389648438,2103100
2022-07-27,134.6406707763672,141.6699981689453,142.5800018310547,138.85000610351562,139.6699981689453,1490400
2022-07-28,139.0029296875,146.25999450683594,146.9600067138672,143.39999389648438,143.77000427246094,2759900
2022-07-29,141.02725219726562,148.38999938964844,149.1300048828125,145.9499969482422,146.25,1609300
2022-08-01,140.18142700195312,147.5,148.25999450683594,146.4199981689453,146.80999755859375,1886200
2022-08-02,139.1265106201172,146.38999938964844,151.47999572753906,146.25,148.5,2292500
2022-08-03,141.3218536376953,148.6999969482422,149.42999267578125,146.3000030517578,147.72999572753906,1377900
2022-08-04,141.3313751220703,148.7100067138672,149.9499969482422,148.3000030517578,149.22000122070312,1128900
2022-08-05,141.27435302734375,148.64999389648438,148.85000610351562,147.19000244140625,147.72999572753906,1243400
2022-08-08,140.59007263183594,147.92999267578125,150.6300048828125,147.5399932861328,150.1699981689453,1340600
2022-08-09,139.1455078125,146.41000366210938,147.55999755859375,146.1999969482422,147.07000732421875,1170300
2022-08-10,141.93008422851562,149.33999633789062,149.99000549316406,148.25999450683594,149.60000610351562,1595300
2022-08-11,142.80921936035156,149.4499969482422,150.99000549316406,149.16000366210938,150.02999877929688,1434900
2022-08-12,145.66636657714844,152.44000244140625,152.50999450683594,149.89999389648438,150.16000366210938,1318600
2022-08-15,145.6472625732422,152.4199981689453,152.8699951171875,151.32000732421875,152.25999450683594,1123000
2022-08-16,146.29702758789062,153.10000610351562,153.57000732421875,150.25999450683594,150.7899932861328,1293600
2022-08-17,145.2363739013672,151.99000549316406,152.58999633789062,150.6199951171875,151.19000244140625,1036700
2022-08-18,146.53591918945312,153.35000610351562,153.82000732421875,151.5800018310547,152.27000427246094,1104800
2022-08-19,144.13748168945312,150.83999633789062,152.6999969482422,150.32000732421875,152.36000061035156,1308500
2022-08-22,140.22921752929688,146.75,148.8000030517578,146.2100067138672,148.3699951171875,1737000
2022-08-23,139.8087615966797,146.30999755859375,147.85000610351562,146.0399932861328,146.80999755859375,824500
2022-08-24,139.05386352539062,145.52000427246094,146.75,144.88999938964844,146.49000549316406,1030400
2022-08-25,141.47142028808594,148.0500030517578,148.0800018310547,146.17999267578125,146.6699981689453,1090700
2022-08-26,134.81117248535156,141.0800018310547,148.3699951171875,140.77000427246094,148.3699951171875,1743400
2022-08-29,134.45762634277344,140.7100067138672,142.00999450683594,139.22999572753906,139.94000244140625,1223900
2022-08-30,133.0529327392578,139.24000549316406,142.58999633789062,138.13999938964844,142.3800048828125,1153700
2022-08-31,130.5684356689453,136.63999938964844,139.94000244140625,136.10000610351562,139.94000244140625,2249900
2022-09-01,132.6038055419922,138.77000427246094,138.83999633789062,135.1699981689453,135.77999877929688,1538900
2022-09-02,131.19911193847656,137.3000030517578,140.69000244140625,136.8699951171875,140.47999572753906,1080200
2022-09-06,132.30758666992188,138.4600067138672,138.63999938964844,136.02000427246094,137.6999969482422,1388300
2022-09-07,134.9927215576172,141.27000427246094,142.1300048828125,138.10000610351562,138.4199981689453,2112600
2022-09-08,136.8751983642578,143.24000549316406,143.3699951171875,139.63999938964844,140.41000366210938,1716400
2022-09-09,139.23541259765625,145.7100067138672,146.25999450683594,143.58999633789062,143.80999755859375,1636900
2022-09-12,141.05099487304688,147.61000061035156,148.6199951171875,146.27999877929688,146.75,1570700
2022-09-13,136.17762756347656,142.50999450683594,145.47999572753906,141.82000732421875,144.13999938964844,1297800
2022-09-14,136.7414093017578,143.10000610351562,143.67999267578125,141.42999267578125,143.3699951171875,1461800
2022-09-15,134.8397979736328,141.11000061035156,145.00999450683594,140.9600067138672,142.75,1759700
2022-09-16,132.1260223388672,138.27000427246094,139.85000610351562,136.58999633789062,139.72000122070312,3415700
2022-09-19,133.98936462402344,140.22000122070312,140.47999572753906,137.1199951171875,137.1199951171875,1372700
2022-09-20,132.99554443359375,139.17999267578125,139.97000122070312,137.6199951171875,138.8699951171875,1621600
2022-09-21,131.70555114746094,137.8300018310547,142.00999450683594,137.7899932861328,140.61000061035156,1112700
2022-09-22,129.12554931640625,135.1300048828125,137.75999450683594,134.52999877929688,136.92999267578125,1871600
2022-09-23,128.17953491210938,134.13999938964844,134.60000610351562,132.25999450683594,133.85000610351562,1726400
2022-09-26,127.59663391113281,133.52999877929688,135.4600067138672,132.38999938964844,133.88999938964844,1674200
2022-09-27,125.4657211303711,131.3000030517578,135.41000366210938,129.85000610351562,135.00999450683594,2236800
2022-09-28,127.95976257324219,133.91000366210938,134.58999633789062,131.33999633789062,132.38999938964844,2346100
2022-09-29,128.1890869140625,134.14999389648438,134.30999755859375,131.2100067138672,132.2899932861328,2711000
2022-09-30,127.43419647216797,133.36000061035156,136.27000427246094,132.52999877929688,134.1699981689453,2739800
2022-10-03,131.66734313964844,137.7899932861328,139.4199981689453,133.8800048828125,134.47999572753906,1903900
2022-10-04,137.1044921875,143.47999572753906,143.61000061035156,140.64999389648438,140.7899932861328,1996300
2022-10-05,138.0791778564453,144.5,145.75999450683594,141.8800048828125,142.1199951171875,2255400
2022-10-06,136.12026977539062,142.4499969482422,144.44000244140625,141.52999877929688,143.99000549316406,2381100
2022-10-07,130.74998474121094,136.8300018310547,140.63999938964844,135.82000732421875,140.42999267578125,1884600
2022-10-10,130.3200225830078,136.3800048828125,137.77999877929688,134.82000732421875,137.77999877929688,1860700
2022-10-11,130.35821533203125,136.4199981689453,138.16000366210938,134.27000427246094,135.05999755859375,1566200
2022-10-12,129.4313201904297,135.4499969482422,136.9600067138672,135.27999877929688,136.5399932861328,2073400
2022-10-13,131.9635772705078,138.10000610351562,139.5800018310547,132.00999450683594,132.75,2423400
2022-10-14,128.3419647216797,134.30999755859375,140.22999572753906,133.88999938964844,139.10000610351562,1863500
2022-10-17,132.07826232910156,138.22000122070312,139.0800018310547,136.33999633789062,136.33999633789062,1510100
2022-10-18,134.39076232910156,140.63999938964844,142.57000732421875,138.69000244140625,141.92999267578125,2003500
2022-10-19,132.8235626220703,139.0,140.97999572753906,138.25,139.8300018310547,1845100
2022-10-20,129.249755859375,135.25999450683594,139.8000030517578,134.83999633789062,139.0399932861328,2079300
2022-10-21,133.1388702392578,139.3300018310547,139.55999755859375,134.80999755859375,135.69000244140625,2346200
2022-10-24,135.2793731689453,141.57000732421875,142.5399932861328,139.64999389648438,141.0,1358500
2022-10-25,139.56031799316406,146.0500030517578,146.13999938964844,140.82000732421875,140.82000732421875,2782400
2022-10-26,139.05386352539062,145.52000427246094,147.86000061035156,144.61000061035156,147.10000610351562,2057500
2022-10-27,140.17189025878906,146.69000244140625,147.88999938964844,146.22999572753906,146.74000549316406,2015100
2022-10-28,143.6023406982422,150.27999877929688,151.02999877929688,146.67999267578125,147.07000732421875,2885100
2022-10-31,143.40170288085938,150.07000732421875,151.6300048828125,148.7899932861328,149.0,2773200
2022-11-01,144.90194702148438,151.63999938964844,152.9199981689453,146.75999450683594,151.9600067138672,3128500
2022-11-02,143.9176788330078,150.61000061035156,156.72999572753906,150.47000122070312,152.0,2908100
2022-11-03,147.72080993652344,154.58999633789062,157.1199951171875,148.97000122070312,149.0399932861328,3720700
2022-11-04,151.6386260986328,158.69000244140625,159.9600067138672,155.3800048828125,159.1300048828125,2915600
2022-11-07,151.36155700683594,158.39999389648438,159.8699951171875,157.10000610351562,158.58999633789062,2339700
2022-11-08,151.16087341308594,158.19000244140625,159.97999572753906,157.0800018310547,159.0,1604100
2022-11-09,150.12353515625,156.3000030517578,158.6300048828125,155.8800048828125,156.32000732421875,1485500
2022-11-10,155.72317504882812,162.1300048828125,162.5500030517578,159.5,160.5800018310547,2386300
2022-11-11,155.21412658691406,161.60000610351562,163.52000427246094,160.85000610351562,162.69000244140625,2361300
2022-11-14,155.26211547851562,161.64999389648438,164.22999572753906,160.50999450683594,161.0,1938400
2022-11-15,155.972900390625,162.38999938964844,163.64999389648438,160.9600067138672,163.57000732421875,1485400
2022-11-16,155.34857177734375,161.74000549316406,162.77999877929688,160.2899932861328,161.86000061035156,1498500
2022-11-17,156.20343017578125,162.6300048828125,162.88999938964844,159.08999633789062,160.1300048828125,1523300
2022-11-18,158.48936462402344,165.00999450683594,165.1199951171875,162.47999572753906,164.27000427246094,1870100
2022-11-21,158.04754638671875,164.5500030517578,165.94000244140625,164.0500030517578,164.83999633789062,1227100
2022-11-22,159.9012908935547,166.47999572753906,166.8300018310547,164.72000122070312,165.25,1568900
2022-11-23,158.82554626464844,165.36000061035156,167.50999450683594,164.99000549316406,167.0,1401600
2022-11-25,159.5458984375,166.11000061035156,167.22000122070312,165.77999877929688,166.41000366210938,628900
2022-11-28,156.1265869140625,162.5500030517578,165.75,161.8800048828125,164.69000244140625,1723100
2022-11-29,155.7423858642578,162.14999389648438,162.97999572753906,161.1199951171875,162.07000732421875,1073400
2022-11-30,156.990966796875,163.4499969482422,163.7100067138672,159.05999755859375,161.7100067138672,2788400
2022-12-01,156.904541015625,163.36000061035156,164.9199981689453,161.11000061035156,163.89999389648438,1486900
2022-12-02,156.8565216064453,163.30999755859375,163.57000732421875,159.07000732421875,161.05999755859375,1861700
2022-12-05,154.02310180664062,160.36000061035156,161.77999877929688,159.72999572753906,161.1999969482422,1313000
2022-12-06,151.57388305664062,157.80999755859375,160.14999389648438,156.3300018310547,159.60000610351562,1567700
2022-12-07,151.05523681640625,157.27000427246094,158.4199981689453,156.58999633789062,157.08999633789062,1798000
2022-12-08,152.4767608642578,158.75,158.86000061035156,157.27999877929688,157.88999938964844,1323200
2022-12-09,152.0253143310547,158.27999877929688,159.42999267578125,157.41000366210938,159.02999877929688,1069000
2022-12-12,154.47454833984375,160.8300018310547,161.0,157.8699951171875,158.39999389648438,1518000
2022-12-13,157.1735076904297,163.63999938964844,165.3300018310547,161.74000549316406,165.0,2038900
2022-12-14,154.9835662841797,161.36000061035156,164.5500030517578,160.72999572753906,163.6300048828125,1616100
2022-12-15,149.2399139404297,155.3800048828125,159.4199981689453,154.83999633789062,158.92999267578125,1892400
2022-12-16,148.39468383789062,154.5,155.0800018310547,151.58999633789062,153.47999572753906,3378400
2022-12-19,148.39468383789062,154.5,156.66000366210938,154.0500030517578,154.64999389648438,1466000
2022-12-20,149.74896240234375,155.91000366210938,156.3300018310547,153.77999877929688,154.55999755859375,1441200
2022-12-21,151.8716278076172,158.1199951171875,158.44000244140625,156.6999969482422,157.27000427246094,1331100
2022-12-22,149.9410400390625,156.11000061035156,157.2100067138672,153.6300048828125,156.9600067138672,1124900
2022-12-23,150.60377502441406,156.8000030517578,157.00999450683594,155.22000122070312,155.66000366210938,908000
2022-12-27,151.12245178222656,157.33999633789062,158.27999877929688,156.42999267578125,157.39999389648438,1337600
2022-12-28,149.59527587890625,155.75,158.16000366210938,155.50999450683594,157.60000610351562,724700
2022-12-29,151.13206481933594,157.35000610351562,158.1699981689453,156.61000061035156,157.05999755859375,874800
2022-12-30,150.7478485107422,156.9499969482422,157.4499969482422,155.6199951171875,156.94000244140625,826800
2023-01-03,151.51625061035156,157.75,158.94000244140625,155.94000244140625,158.0800018310547,1185400
2023-01-04,152.54397583007812,158.82000732421875,159.5500030517578,156.75,159.3699951171875,1396400
2023-01-05,150.98797607421875,157.1999969482422,158.8000030517578,156.24000549316406,157.89999389648438,1494700
2023-01-06,154.73390197753906,161.10000610351562,162.22999572753906,157.75999450683594,159.0399932861328,1732500
2023-01-09,154.52255249023438,160.8800048828125,164.27000427246094,160.60000610351562,161.5,1235900
2023-01-10,154.07113647460938,160.41000366210938,162.07000732421875,160.02999877929688,160.97999572753906,1709300
2023-01-11,157.605712890625,164.08999633789062,164.17999267578125,160.4600067138672,160.88999938964844,1557400
2023-01-12,158.2012176513672,164.7100067138672,166.5,164.3000030517578,165.63999938964844,1656100
2023-01-13,157.95152282714844,164.4499969482422,165.11000061035156,163.17999267578125,163.9499969482422,1589900
2023-01-17,155.99209594726562,162.41000366210938,164.82000732421875,162.07000732421875,164.3699951171875,1823300
2023-01-18,151.30496215820312,157.52999877929688,163.22000122070312,157.30999755859375,162.8800048828125,1737000
2023-01-19,145.8590087890625,151.86000061035156,156.9199981689453,151.5800018310547,156.3699951171875,3001900
2023-01-20,149.36477661132812,155.50999450683594,155.60000610351562,150.86000061035156,152.52999877929688,1947800
2023-01-23,152.6400146484375,158.9199981689453,159.32000732421875,154.9499969482422,155.82000732421875,1513800
2023-01-24,155.300537109375,161.69000244140625,162.52000427246094,156.60000610351562,159.25999450683594,1589800
2023-01-25,152.85133361816406,159.13999938964844,160.1300048828125,156.0800018310547,160.1300048828125,1341100
2023-01-26,154.54176330566406,160.89999389648438,161.55999755859375,158.4499969482422,160.49000549316406,1363100
2023-01-27,155.8288116455078,162.24000549316406,163.36000061035156,160.1199951171875,160.5,1283700
2023-01-30,154.51296997070312,160.8699951171875,162.60000610351562,160.6300048828125,161.00999450683594,1157700
2023-01-31,155.80003356933594,162.2100067138672,162.47999572753906,159.0800018310547,161.80999755859375,2146900
2023-02-01,156.88536071777344,163.33999633789062,164.72999572753906,160.88999938964844,161.6999969482422,1757800
2023-02-02,155.55990600585938,161.9600067138672,164.75999450683594,161.05999755859375,164.32000732421875,2637900
2023-02-03,156.78932189941406,163.24000549316406,163.75999450683594,160.72000122070312,161.1999969482422,1753200
2023-02-06,155.93447875976562,162.35000610351562,163.00999450683594,161.10000610351562,161.41000366210938,1681800
2023-02-07,157.98989868164062,164.49000549316406,164.7899932861328,161.27999877929688,161.27999877929688,2222400
2023-02-08,162.20645141601562,168.8800048828125,170.3699951171875,162.08999633789062,162.6300048828125,3937600
2023-02-09,160.66006469726562,167.27000427246094,170.8000030517578,166.97999572753906,169.38999938964844,3273600
2023-02-10,164.1562042236328,170.91000366210938,171.1699981689453,166.91000366210938,167.80999755859375,2256100
2023-02-13,167.43145751953125,174.32000732421875,175.61000061035156,171.4199981689453,171.5399932861328,2501600
2023-02-14,166.13479614257812,172.97000122070312,175.0399932861328,171.25999450683594,173.33999633789062,1244800
2023-02-15,166.88400268554688,173.75,173.83999633789062,171.66000366210938,172.44000244140625,1037600
2023-02-16,167.229736328125,174.11000061035156,174.8000030517578,171.22999572753906,172.24000549316406,1497500
2023-02-17,168.31509399414062,175.24000549316406,176.19000244140625,172.92999267578125,174.0,1682700
2023-02-21,164.01211547851562,170.75999450683594,174.6199951171875,169.9499969482422,173.72000122070312,1484000
2023-02-22,164.5404052734375,171.30999755859375,173.14999389648438,170.4199981689453,171.22999572753906,1555400
2023-02-23,165.95233154296875,172.77999877929688,173.1699981689453,170.0,172.58999633789062,1286500
2023-02-24,166.40374755859375,173.25,173.2899932861328,170.0,170.41000366210938,1708100
2023-02-27,167.4890899658203,174.3800048828125,175.25,173.4199981689453,174.5500030517578,1927900
2023-02-28,168.01731872558594,174.92999267578125,175.41000366210938,173.47999572753906,173.99000549316406,2288500
2023-03-01,166.96083068847656,173.8300018310547,175.85000610351562,173.41000366210938,174.50999450683594,1676600
2023-03-02,168.22865295410156,175.14999389648438,175.4499969482422,171.9199981689453,172.82000732421875,1442200
2023-03-03,171.37527465820312,177.5500030517578,177.66000366210938,173.94000244140625,175.49000549316406,1546500
2023-03-06,170.9891815185547,177.14999389648438,178.75,176.83999633789062,177.72000122070312,1386100
2023-03-07,169.3965606689453,175.5,177.14999389648438,174.86000061035156,177.07000732421875,1605700
2023-03-08,171.047119140625,177.2100067138672,177.4499969482422,175.1199951171875,175.74000549316406,1975500
2023-03-09,168.3058624267578,174.3699951171875,178.25999450683594,173.85000610351562,178.25999450683594,2014000
2023-03-10,164.37741088867188,170.3000030517578,174.67999267578125,169.8699951171875,174.64999389648438,2754200
2023-03-13,163.28672790527344,169.1699981689453,171.52999877929688,166.63999938964844,167.88999938964844,2337900
2023-03-14,165.85421752929688,171.8300018310547,173.38999938964844,169.3300018310547,172.1999969482422,2462300
2023-03-15,153.7310028076172,159.27000427246094,168.25,157.89999389648438,168.14999389648438,4526100
2023-03-16,158.66329956054688,164.3800048828125,165.07000732421875,157.91000366210938,159.47000122070312,3451800
2023-03-17,154.58042907714844,160.14999389648438,163.92999267578125,158.9600067138672,163.55999755859375,6000400
2023-03-20,157.87184143066406,163.55999755859375,164.6699981689453,161.6199951171875,162.7899932861328,2009000
2023-03-21,161.13424682617188,166.94000244140625,167.44000244140625,165.58999633789062,166.08999633789062,1517500
2023-03-22,160.38140869140625,166.16000366210938,170.5500030517578,166.1300048828125,167.0,2213200
2023-03-23,158.81771850585938,164.5399932861328,168.33999633789062,163.13999938964844,166.1199951171875,2143400
2023-03-24,157.94903564453125,163.63999938964844,164.0399932861328,160.22999572753906,163.4499969482422,2194900
2023-03-27,158.18069458007812,163.8800048828125,165.16000366210938,163.1300048828125,165.0800018310547,1890900
2023-03-28,159.8312225341797,165.58999633789062,165.66000366210938,163.88999938964844,163.9600067138672,1637400
2023-03-29,161.80027770996094,167.6300048828125,167.82000732421875,165.74000549316406,167.13999938964844,1789600
2023-03-30,163.2095184326172,169.08999633789062,170.7899932861328,168.32000732421875,169.2100067138672,1699800
2023-03-31,165.38124084472656,171.33999633789062,171.75999450683594,169.27000427246094,170.24000549316406,2931500
2023-04-03,164.60906982421875,170.5399932861328,172.19000244140625,169.7899932861328,170.52000427246094,1352800
2023-04-04,156.60736083984375,162.25,170.63999938964844,161.5500030517578,170.63999938964844,3301300
2023-04-05,152.95883178710938,158.47000122070312,161.33999633789062,156.83999633789062,160.52999877929688,3049100
2023-04-06,150.8160400390625,156.25,158.89999389648438,155.7100067138672,157.8000030517578,2653200
2023-04-10,151.96466064453125,157.44000244140625,157.8699951171875,155.3800048828125,155.60000610351562,2701400
2023-04-11,153.27737426757812,158.8000030517578,159.30999755859375,157.3000030517578,157.97999572753906,2167300
2023-04-12,156.57843017578125,162.22000122070312,163.67999267578125,160.49000549316406,160.97000122070312,2271400
2023-04-13,155.10162353515625,160.69000244140625,161.52999877929688,156.8000030517578,161.25,2676400
2023-04-14,156.1923370361328,161.82000732421875,163.83999633789062,160.5800018310547,161.58999633789062,1178400
2023-04-17,157.3892059326172,163.05999755859375,163.89999389648438,162.05999755859375,162.61000061035156,1439200
2023-04-18,157.99729919433594,163.69000244140625,165.6300048828125,163.39999389648438,163.9499969482422,1620100
2023-04-19,157.71737670898438,163.39999389648438,164.77999877929688,161.27000427246094,163.82000732421875,1525600
2023-04-20,157.29269409179688,162.9600067138672,163.88999938964844,161.9600067138672,162.14999389648438,1119500
2023-04-21,157.2154998779297,162.8800048828125,163.7899932861328,161.17999267578125,163.41000366210938,1046300
2023-04-24,158.0938262939453,163.7899932861328,163.94000244140625,162.75999450683594,162.75999450683594,1047500
2023-04-25,158.08416748046875,163.77999877929688,168.1699981689453,163.6300048828125,164.83999633789062,2216000
2023-04-26,156.2888641357422,161.9199981689453,163.72000122070312,161.1199951171875,162.14999389648438,1504900
2023-04-27,162.1284637451172,167.97000122070312,168.02999877929688,162.0399932861328,163.10000610351562,2086600
2023-04-28,161.30796813964844,167.1199951171875,168.4199981689453,166.27000427246094,167.3300018310547,2140200
2023-05-01,162.9102783203125,168.77999877929688,170.4199981689453,166.52999877929688,167.2100067138672,1794100
2023-05-02,167.22482299804688,173.25,174.02999877929688,166.39999389648438,168.88999938964844,3755400
2023-05-03,166.3850860595703,172.3800048828125,176.89999389648438,172.00999450683594,174.9499969482422,2200800
2023-05-04,162.5821075439453,168.44000244140625,171.38999938964844,167.35000610351562,171.36000061035156,2115300
2023-05-05,165.94863891601562,171.0500030517578,171.66000366210938,169.1999969482422,169.5500030517578,1914900
2023-05-08,164.8135223388672,169.8800048828125,171.9499969482422,168.55999755859375,171.67999267578125,1657400
2023-05-09,165.46353149414062,170.5500030517578,171.0,168.27999877929688,169.30999755859375,1100200
2023-05-10,164.0664825439453,169.11000061035156,172.2100067138672,167.25,171.61000061035156,1435400
2023-05-11,163.49407958984375,168.52000427246094,168.69000244140625,166.9499969482422,167.9600067138672,1145900
2023-05-12,163.55227661132812,168.5800018310547,170.2899932861328,166.7100067138672,169.77999877929688,892100
2023-05-15,164.85232543945312,169.9199981689453,171.00999450683594,168.42999267578125,169.0399932861328,1317000
2023-05-16,161.447021484375,166.41000366210938,168.69000244140625,165.24000549316406,168.6699981689453,2031300
2023-05-17,165.9001007080078,171.0,171.4600067138672,167.19000244140625,167.2899932861328,2022500
2023-05-18,169.40243530273438,174.61000061035156,174.9499969482422,170.39999389648438,170.6199951171875,2729900
2023-05-19,168.95616149902344,174.14999389648438,177.49000549316406,172.0800018310547,175.57000732421875,1762100
2023-05-22,168.98526000976562,174.17999267578125,176.1300048828125,172.13999938964844,174.2100067138672,1459200
2023-05-23,166.24935913085938,171.36000061035156,174.27999877929688,170.97999572753906,172.7899932861328,1949000
2023-05-24,163.15451049804688,168.1699981689453,170.3000030517578,167.3300018310547,170.27999877929688,1952700
2023-05-25,171.67266845703125,176.9499969482422,177.3000030517578,172.6699981689453,174.50999450683594,3880800
2023-05-26,177.01834106445312,182.4600067138672,183.75,177.5800018310547,177.97999572753906,4137100
2023-05-30,176.38771057128906,181.80999755859375,184.97000122070312,180.41000366210938,183.50999450683594,2266900
2023-05-31,170.6539764404297,175.89999389648438,181.69000244140625,175.50999450683594,181.08999633789062,3138800
2023-06-01,173.70030212402344,179.0399932861328,180.02000427246094,175.2899932861328,176.50999450683594,2083700
2023-06-02,180.91842651367188,186.47999572753906,187.3800048828125,181.3000030517578,181.41000366210938,2763100
2023-06-05,178.1146240234375,183.58999633789062,186.3800048828125,183.1999969482422,186.3800048828125,1769400
2023-06-06,177.94970703125,183.4199981689453,185.27000427246094,182.36000061035156,182.82000732421875,1176800
2023-06-07,182.97520446777344,188.60000610351562,188.72000122070312,182.1999969482422,183.47999572753906,2623000
2023-06-08,182.2184600830078,187.82000732421875,188.77999877929688,184.6999969482422,187.44000244140625,3045900
2023-06-09,181.7139892578125,187.3000030517578,188.22999572753906,185.0,187.89999389648438,1559300
2023-06-12,183.89688110351562,189.5500030517578,190.10000610351562,185.5500030517578,187.30999755859375,1434900
2023-06-13,188.07835388183594,193.86000061035156,193.89999389648438,188.35000610351562,189.2899932861328,1938500
2023-06-14,187.31187438964844,193.07000732421875,194.8800048828125,191.92999267578125,193.55999755859375,1836700
2023-06-15,191.01795959472656,196.88999938964844,197.49000549316406,192.1300048828125,192.69000244140625,2287400
2023-06-16,185.55584716796875,191.25999450683594,196.8800048828125,190.27999877929688,192.7899932861328,6249200
2023-06-20,188.43728637695312,194.22999572753906,194.57000732421875,189.25999450683594,189.58999633789062,2234900
2023-06-21,189.0291290283203,194.83999633789062,195.72000122070312,192.85000610351562,193.4499969482422,2497300
2023-06-22,189.7664337158203,195.60000610351562,196.47000122070312,193.14999389648438,194.9199981689453,2189800
2023-06-23,188.6604461669922,194.4600067138672,195.47999572753906,192.97000122070312,193.77999877929688,2299400
2023-06-26,190.2321014404297,196.0800018310547,197.92999267578125,194.25999450683594,194.47000122070312,1205900
2023-06-27,191.7552947998047,197.64999389648438,198.38999938964844,195.7100067138672,196.10000610351562,1560700
2023-06-28,188.9418182373047,194.75,197.9600067138672,194.14999389648438,197.9600067138672,2791100
2023-06-29,192.9195098876953,198.85000610351562,199.72000122070312,194.86000061035156,196.05999755859375,2471900
2023-06-30,195.1024169921875,201.10000610351562,202.36000061035156,199.17999267578125,199.80999755859375,1745600
2023-07-03,194.64645385742188,200.6300048828125,201.2100067138672,198.5,199.75,740900
2023-07-05,192.968017578125,198.89999389648438,200.47999572753906,198.25999450683594,199.08999633789062,1585900
2023-07-06,191.85231018066406,197.75,198.75,196.35000610351562,197.5500030517578,1862900
2023-07-07,192.54115295410156,198.4600067138672,200.86000061035156,196.75999450683594,197.25,1586700
2023-07-10,197.0039520263672,203.05999755859375,203.14999389648438,198.94000244140625,199.19000244140625,1629100
2023-07-11,196.91664123535156,202.97000122070312,203.64999389648438,201.27000427246094,201.6699981689453,1769100
2023-07-12,195.89796447753906,201.9199981689453,205.02000427246094,201.66000366210938,205.0,1636500
2023-07-13,198.26516723632812,204.36000061035156,205.14999389648438,201.17999267578125,202.50999450683594,1498400
2023-07-14,197.3920135498047,203.4600067138672,204.33999633789062,202.10000610351562,203.9600067138672,1087000
2023-07-17,199.81747436523438,205.9600067138672,206.58999633789062,202.22000122070312,203.35000610351562,1385500
2023-07-18,204.0668182373047,210.33999633789062,210.72999572753906,205.97000122070312,206.2100067138672,2500100
2023-07-19,203.5526580810547,209.80999755859375,211.1999969482422,208.27999877929688,208.4199981689453,2516200
2023-07-20,204.61984252929688,210.91000366210938,211.8300018310547,209.86000061035156,210.8699951171875,1974400
2023-07-21,201.49586486816406,207.69000244140625,211.52000427246094,206.75999450683594,210.83999633789062,2583200
2023-07-24,201.17568969726562,207.36000061035156,209.67999267578125,207.0,208.3300018310547,1651300
2023-07-25,200.13758850097656,206.2899932861328,207.42999267578125,205.0800018310547,205.5800018310547,2275600
2023-07-26,196.9845428466797,203.0399932861328,205.97999572753906,200.86000061035156,204.83999633789062,2676100
2023-07-27,196.0725860595703,202.10000610351562,204.60000610351562,201.47999572753906,204.60000610351562,3367200
2023-07-28,197.23681640625,203.3000030517578,204.57000732421875,202.25,203.91000366210938,2031400
2023-07-31,199.19654846191406,205.32000732421875,205.52999877929688,203.25,204.69000244140625,2346400
2023-08-01,212.46856689453125,219.0,219.89999389648438,211.0,211.38999938964844,5024400
2023-08-02,212.34243774414062,218.8699951171875,225.75999450683594,216.38999938964844,218.0800018310547,3603800
2023-08-03,210.62522888183594,217.10000610351562,219.44000244140625,215.63999938964844,217.74000549316406,2133200
2023-08-04,210.29405212402344,215.89999389648438,219.27999877929688,215.6999969482422,217.92999267578125,2043800
2023-08-07,215.34927368164062,221.08999633789062,221.72999572753906,217.0,217.32000732421875,1478500
2023-08-08,214.48239135742188,220.1999969482422,220.55999755859375,217.94000244140625,219.99000549316406,1593000
2023-08-09,212.17393493652344,217.8300018310547,220.55999755859375,216.9199981689453,219.91000366210938,1709300
2023-08-10,211.29730224609375,216.92999267578125,220.0399932861328,215.89999389648438,217.6199951171875,1314000
2023-08-11,212.69017028808594,218.36000061035156,219.72000122070312,217.0500030517578,217.69000244140625,1034200
2023-08-14,213.3525390625,219.0399932861328,220.13999938964844,217.27000427246094,217.27999877929688,1274300
2023-08-15,212.28111267089844,217.94000244140625,218.63999938964844,216.7899932861328,217.8000030517578,965600
2023-08-16,210.47909545898438,216.08999633789062,219.89999389648438,216.0,218.0,1245500
2023-08-17,208.8135223388672,214.3800048828125,218.47000122070312,213.86000061035156,216.86000061035156,1092100
2023-08-18,209.0765380859375,214.64999389648438,216.27000427246094,212.10000610351562,212.74000549316406,1728600
2023-08-21,210.13821411132812,215.74000549316406,216.22999572753906,213.05999755859375,215.47999572753906,1342900
2023-08-22,211.64796447753906,217.2899932861328,217.83999633789062,215.33999633789062,217.11000061035156,1492900
2023-08-23,215.55384826660156,221.3000030517578,222.7899932861328,217.77000427246094,217.77000427246094,1757700
2023-08-24,215.17396545410156,220.91000366210938,224.17999267578125,220.7100067138672,221.8000030517578,2822600
2023-08-25,218.42724609375,224.25,225.5,219.63999938964844,222.0,2433500
2023-08-28,220.36557006835938,226.24000549316406,227.6999969482422,224.16000366210938,224.22000122070312,1611300
2023-08-29,222.15780639648438,228.0800018310547,228.83999633789062,225.08999633789062,225.08999633789062,1392100
2023-08-30,224.10586547851562,230.0800018310547,230.22999572753906,227.9600067138672,229.0399932861328,1235500
2023-08-31,224.3883514404297,230.3699951171875,232.24000549316406,229.38999938964844,230.0,2040900
2023-09-01,227.6026611328125,233.6699981689453,233.97999572753906,231.17999267578125,231.44000244140625,1423100
2023-09-05,223.60910034179688,229.57000732421875,233.57000732421875,228.52999877929688,233.0,1614500
2023-09-06,225.59613037109375,231.61000061035156,232.5399932861328,229.13999938964844,229.57000732421875,1699300
2023-09-07,228.71302795410156,234.80999755859375,235.1999969482422,230.1199951171875,230.8000030517578,1751100
2023-09-08,229.99879455566406,236.1300048828125,236.19000244140625,233.8699951171875,234.44000244140625,1414700
2023-09-11,231.8591766357422,238.0399932861328,238.13999938964844,235.0,236.41000366210938,1539500
2023-09-12,221.9824676513672,227.89999389648438,240.44000244140625,225.63999938964844,236.9199981689453,5506800
2023-09-13,215.66098022460938,221.41000366210938,226.39999389648438,219.8699951171875,224.8000030517578,5816500
2023-09-14,216.38177490234375,222.14999389648438,224.44000244140625,221.1199951171875,223.39999389648438,2267700
2023-09-15,211.98887634277344,217.63999938964844,219.69000244140625,214.80999755859375,219.69000244140625,5063500
2023-09-18,213.4596710205078,219.14999389648438,221.6300048828125,216.41000366210938,217.27000427246094,2258400
2023-09-19,210.5472869873047,216.16000366210938,218.97000122070312,212.30999755859375,218.25,2551300
2023-09-20,209.0765380859375,214.64999389648438,220.22000122070312,214.33999633789062,217.44000244140625,1229400
2023-09-21,205.1803436279297,210.64999389648438,214.0,210.1300048828125,214.0,1937100
2023-09-22,207.13816833496094,212.66000366210938,214.17999267578125,209.02000427246094,209.77000427246094,2068300
2023-09-25,210.29405212402344,215.89999389648438,216.92999267578125,211.72999572753906,212.6699981689453,2133200
2023-09-26,205.58949279785156,211.07000732421875,215.4600067138672,210.61000061035156,214.47999572753906,1708300
2023-09-27,208.7940216064453,214.36000061035156,215.27000427246094,212.14999389648438,212.89999389648438,2033300
2023-09-28,209.9336700439453,215.52999877929688,217.33999633789062,213.07000732421875,213.6300048828125,1515700
2023-09-29,207.74209594726562,213.27999877929688,217.0,212.72999572753906,216.88999938964844,1317400
2023-10-02,204.78102111816406,210.24000549316406,214.61000061035156,207.94000244140625,213.44000244140625,1989400
2023-10-03,203.62191772460938,209.0500030517578,213.49000549316406,207.22999572753906,210.6999969482422,1676900
2023-10-04,203.90438842773438,209.33999633789062,210.35000610351562,206.5500030517578,208.85000610351562,1649700
2023-10-05,197.90432739257812,203.17999267578125,209.1300048828125,202.91000366210938,208.72000122070312,2983300
2023-10-06,204.73233032226562,210.19000244140625,211.6300048828125,202.83999633789062,204.0,2546800
2023-10-09,207.74209594726562,213.27999877929688,213.47000122070312,208.32000732421875,210.27999877929688,1721300
2023-10-10,207.703125,213.24000549316406,216.22000122070312,212.3300018310547,213.41000366210938,1743600
2023-10-11,210.26483154296875,215.8699951171875,215.99000549316406,213.3699951171875,214.25,1132000
2023-10-12,211.8037872314453,217.4499969482422,220.4600067138672,215.35000610351562,216.4499969482422,2489500
2023-10-13,203.18360900878906,208.60000610351562,217.44000244140625,207.14999389648438,215.42999267578125,2656100
2023-10-16,206.1349334716797,211.6300048828125,214.60000610351562,208.91000366210938,211.0800018310547,1486700
2023-10-17,206.27127075195312,211.77000427246094,213.44000244140625,208.80999755859375,210.63999938964844,1149500
2023-10-18,197.15435791015625,202.41000366210938,206.91000366210938,201.1199951171875,206.91000366210938,2520000
2023-10-19,194.71926879882812,199.91000366210938,204.74000549316406,199.00999450683594,202.10000610351562,2001300
2023-10-20,188.95294189453125,193.99000549316406,199.99000549316406,191.82000732421875,199.3699951171875,4930400
2023-10-23,190.39453125,195.47000122070312,197.8000030517578,193.25999450683594,194.27000427246094,2759400
2023-10-24,194.4562530517578,199.63999938964844,199.85000610351562,195.6699981689453,197.47999572753906,2360100
2023-10-25,190.1607666015625,195.22999572753906,203.08999633789062,195.07000732421875,201.89999389648438,1810900
2023-10-26,191.44650268554688,196.5500030517578,200.14999389648438,195.3000030517578,196.14999389648438,1699900
2023-10-27,190.23867797851562,195.30999755859375,198.42999267578125,193.77000427246094,196.44000244140625,1780900
2023-10-30,192.64456176757812,197.77999877929688,199.10000610351562,196.1199951171875,197.64999389648438,2518800
2023-10-31,202.51150512695312,207.91000366210938,208.8800048828125,198.67999267578125,199.60000610351562,4811000
2023-11-01,209.25184631347656,214.8300018310547,215.72000122070312,208.85000610351562,209.3300018310547,3716200
2023-11-02,210.5472869873047,216.16000366210938,219.64999389648438,214.13999938964844,216.60000610351562,2628600
2023-11-03,210.04855346679688,214.7899932861328,219.5399932861328,214.72000122070312,218.7100067138672,1852900
2023-11-06,211.65237426757812,216.42999267578125,216.60000610351562,211.99000549316406,214.52000427246094,1584200
2023-11-07,211.0753936767578,215.83999633789062,218.22000122070312,214.02999877929688,214.80999755859375,1503600
2023-11-08,212.79653930664062,217.60000610351562,218.49000549316406,215.63999938964844,216.85000610351562,1508800
2023-11-09,213.559326171875,218.3800048828125,223.27000427246094,217.61000061035156,219.5,2428900
2023-11-10,216.92340087890625,221.82000732421875,222.25999450683594,217.91000366210938,220.08999633789062,1632300
2023-11-13,217.65684509277344,222.57000732421875,223.02999877929688,220.24000549316406,221.57000732421875,1421800
2023-11-14,223.06475830078125,228.10000610351562,229.00999450683594,223.8699951171875,225.11000061035156,1801200
2023-11-15,220.6688232421875,225.64999389648438,228.97999572753906,225.22999572753906,228.0,2678000
2023-11-16,221.79345703125,226.8000030517578,228.25999450683594,225.88999938964844,226.5,1633000
2023-11-17,222.77139282226562,227.8000030517578,228.44000244140625,226.3800048828125,226.72000122070312,2036200
2023-11-20,221.91079711914062,226.9199981689453,227.55999755859375,225.25999450683594,226.92999267578125,2142300
2023-11-21,221.99880981445312,227.00999450683594,227.7100067138672,225.5800018310547,226.6300048828125,1568500
2023-11-22,223.8568878173828,228.91000366210938,231.42999267578125,227.6300048828125,227.8800048828125,1470600
2023-11-24,223.6710662841797,228.72000122070312,230.35000610351562,228.13999938964844,229.74000549316406,526200
2023-11-27,223.72975158691406,228.77999877929688,229.88999938964844,227.6999969482422,228.27999877929688,975200
2023-11-28,219.63223266601562,224.58999633789062,229.3300018310547,224.52000427246094,228.55999755859375,1886200
2023-11-29,220.81552124023438,225.8000030517578,228.5800018310547,225.3300018310547,227.4600067138672,1432200
2023-11-30,222.663818359375,227.69000244140625,228.47000122070312,225.9199981689453,226.94000244140625,2210100
2023-12-01,225.3726806640625,230.4600067138672,232.00999450683594,227.60000610351562,227.8300018310547,1605600
2023-12-04,223.1625518798828,228.1999969482422,229.32000732421875,226.19000244140625,228.6199951171875,1592400
2023-12-05,220.6199493408203,225.60000610351562,227.8800048828125,224.61000061035156,227.4199981689453,1392600
2023-12-06,221.91079711914062,226.9199981689453,232.58999633789062,226.6300048828125,228.0399932861328,1305400
2023-12-07,222.8984832763672,227.92999267578125,229.33999633789062,226.8000030517578,227.74000549316406,1397900
2023-12-08,227.18182373046875,232.30999755859375,233.4499969482422,227.92999267578125,228.17999267578125,1909600
2023-12-11,229.49948120117188,234.67999267578125,236.67999267578125,232.6999969482422,233.72999572753906,1575200
2023-12-12,231.8171844482422,237.0500030517578,237.6199951171875,234.80999755859375,235.02999877929688,1258900
2023-12-13,231.5629119873047,236.7899932861328,238.0800018310547,234.36000061035156,237.4600067138672,1210300
2023-12-14,232.45281982421875,237.6999969482422,239.88999938964844,235.8699951171875,238.83999633789062,2209000
2023-12-15,232.1692352294922,237.41000366210938,238.47999572753906,233.91000366210938,234.25,4369800
2023-12-18,231.89541625976562,237.1300048828125,238.6999969482422,236.3699951171875,237.7100067138672,1523900
2023-12-19,232.89288330078125,238.14999389648438,239.05999755859375,236.64999389648438,237.69000244140625,1012900
2023-12-20,228.78561401367188,233.9499969482422,238.58999633789062,233.74000549316406,237.97999572753906,1435100
2023-12-21,232.0518798828125,237.2899932861328,237.4499969482422,234.17999267578125,235.72000122070312,1054500
2023-12-22,233.3720703125,238.63999938964844,239.25999450683594,237.3000030517578,237.89999389648438,743100
2023-12-26,234.90744018554688,240.2100067138672,240.72000122070312,238.72999572753906,238.72999572753906,683900
2023-12-27,235.5039520263672,240.82000732421875,241.36000061035156,239.82000732421875,240.02999877929688,938400
2023-12-28,235.4355010986328,240.75,241.83999633789062,238.38999938964844,239.5,773300
2023-12-29,235.5039520263672,240.82000732421875,241.97000122070312,239.91000366210938,241.2899932861328,949000
2024-01-02,233.6263427734375,238.89999389648438,240.27000427246094,236.85000610351562,238.88999938964844,1309000
2024-01-03,227.9543914794922,233.10000610351562,237.44000244140625,231.83999633789062,237.39999389648438,1843200
2024-01-04,229.30389404296875,234.47999572753906,236.9499969482422,233.75999450683594,233.75999450683594,1303600
2024-01-05,229.675537109375,234.86000061035156,235.55999755859375,233.72999572753906,234.5800018310547,985800
2024-01-08,233.70458984375,238.97999572753906,239.1699981689453,234.1999969482422,236.1300048828125,1278600
2024-01-09,234.19354248046875,239.47999572753906,239.75999450683594,235.6699981689453,237.4499969482422,974300
2024-01-10,235.5724334716797,240.88999938964844,242.41000366210938,239.80999755859375,241.0,1233000
2024-01-11,238.0465545654297,243.4199981689453,243.64999389648438,239.22000122070312,241.39999389648438,1366600
2024-01-12,236.76548767089844,242.11000061035156,244.27000427246094,240.77000427246094,244.27000427246094,1011700
2024-01-16,236.40367126464844,241.74000549316406,243.25,239.1999969482422,241.17999267578125,1538300
2024-01-17,232.02255249023438,237.25999450683594,238.97999572753906,236.0399932861328,236.89999389648438,2041800
2024-01-18,234.81939697265625,240.1199951171875,240.67999267578125,236.1999969482422,237.3000030517578,1295300
2024-01-19,239.2005157470703,244.60000610351562,244.6199951171875,240.0500030517578,241.77000427246094,1500400
2024-01-22,238.51597595214844,243.89999389648438,246.9499969482422,243.66000366210938,245.75999450683594,1727400
2024-01-23,237.88035583496094,243.25,244.0,239.1699981689453,244.0,1959300
2024-01-24,236.23741149902344,241.57000732421875,244.99000549316406,241.4499969482422,244.92999267578125,1541900
2024-01-25,240.3936004638672,245.82000732421875,246.2899932861328,241.8699951171875,243.72999572753906,1678400
2024-01-26,240.46206665039062,245.88999938964844,247.5500030517578,245.00999450683594,246.0,1138600
2024-01-29,243.2295684814453,248.72000122070312,248.80999755859375,244.35000610351562,244.41000366210938,1464800
2024-01-30,244.74534606933594,250.27000427246094,251.13999938964844,248.05999755859375,248.80999755859375,1828000
2024-01-31,240.64785766601562,246.0800018310547,250.63999938964844,245.66000366210938,248.75999450683594,2300900
2024-02-01,258.72967529296875,264.57000732421875,264.75,255.4600067138672,255.6300048828125,3663800
2024-02-02,264.1376647949219,270.1000061035156,271.7799987792969,265.260009765625,266.1300048828125,3172800
2024-02-05,263.47265625,269.4200134277344,270.70001220703125,266.55999755859375,269.3599853515625,1990000
2024-02-06,265.1351013183594,271.1199951171875,272.32000732421875,267.9599914550781,270.29998779296875,1919200
2024-02-07,266.8269348144531,272.8500061035156,274.010009765625,271.1499938964844,272.8800048828125,1377600
2024-02-08,267.17901611328125,273.2099914550781,274.70001220703125,272.3900146484375,273.0,1581000
2024-02-09,271.8240966796875,277.9599914550781,278.5799865722656,273.0,273.5400085449219,1557600
2024-02-12,268.0003967285156,274.04998779296875,277.510009765625,272.510009765625,276.92999267578125,1331700
2024-02-13,266.3673095703125,272.3800048828125,273.05999755859375,266.0,268.4100036621094,2512400
2024-02-14,269.5357666015625,275.6199951171875,277.1499938964844,272.6099853515625,274.2699890136719,1430900
2024-02-15,269.7020263671875,275.7900085449219,277.0400085449219,272.7799987792969,275.6199951171875,1398000
2024-02-16,271.3938293457031,277.5199890136719,278.94000244140625,273.79998779296875,276.07000732421875,1650900
2024-02-20,269.995361328125,276.0899963378906,277.8599853515625,274.2099914550781,276.2300109863281,1263600
2024-02-21,271.0417785644531,277.1600036621094,278.0400085449219,274.1499938964844,275.29998779296875,1314700
2024-02-22,278.2979736328125,284.5799865722656,286.3699951171875,282.1600036621094,282.79998779296875,2496300
2024-02-23,278.6402282714844,284.92999267578125,288.4599914550781,283.0,285.45001220703125,1230700
2024-02-26,278.02410888671875,284.29998779296875,287.54998779296875,284.17999267578125,286.0,1960300
2024-02-27,277.31024169921875,283.57000732421875,285.3999938964844,282.239990234375,284.5199890136719,1678200
2024-02-28,280.6254577636719,286.9599914550781,287.6400146484375,282.6700134277344,283.57000732421875,1278900
2024-02-29,282.62042236328125,289.0,289.8599853515625,285.92999267578125,287.0,2534300
2024-03-01,287.2166748046875,293.70001220703125,294.44000244140625,288.80999755859375,289.3599853515625,2314600
2024-03-04,290.0330505371094,296.5799865722656,298.1300048828125,294.5299987792969,295.8900146484375,1943500
2024-03-05,285.4856872558594,291.92999267578125,295.07000732421875,289.3699951171875,294.3500061035156,2263300
2024-03-06,290.1895446777344,296.739990234375,298.3900146484375,294.8800048828125,295.32000732421875,1723900
2024-03-07,294.4826354980469,301.1300048828125,301.5299987792969,296.8999938964844,298.7300109863281,1869100
2024-03-08,291.83392333984375,297.489990234375,303.3999938964844,295.55999755859375,299.760009765625,1894400
2024-03-11,287.13507080078125,292.70001220703125,295.7900085449219,289.6000061035156,295.5,1656600
2024-03-12,292.0792236328125,297.739990234375,298.30999755859375,291.94000244140625,293.4200134277344,2063200
2024-03-13,294.5316467285156,300.239990234375,300.69000244140625,295.67999267578125,296.4599914550781,1891100
2024-03-14,294.5807189941406,300.2900085449219,302.9800109863281,297.4599914550781,302.6700134277344,2236400
2024-03-15,292.2361145019531,297.8999938964844,302.67999267578125,297.760009765625,298.0299987792969,3024600
2024-03-18,293.07000732421875,298.75,303.25,298.5799865722656,300.80999755859375,1557200
2024-03-19,297.199951171875,302.9599914550781,303.1700134277344,297.2699890136719,298.239990234375,1462100
2024-03-20,303.919677734375,309.80999755859375,310.42999267578125,303.3599853515625,304.55999755859375,1946500
2024-03-21,309.52117919921875,315.5199890136719,315.7900085449219,310.20001220703125,311.7099914550781,2167400
2024-03-22,310.5610046386719,316.5799865722656,317.0199890136719,314.3599853515625,314.92999267578125,2046300
2024-03-25,305.95037841796875,311.8800048828125,315.7799987792969,311.5,315.0,1703600
2024-03-26,306.1465759277344,312.0799865722656,316.29998779296875,311.4599914550781,311.6600036621094,2247200
2024-03-27,308.4224548339844,314.3999938964844,314.6400146484375,308.2200012207031,314.0,1874300
2024-03-28,306.73516845703125,312.67999267578125,314.75,312.0,314.69000244140625,1983400
2024-04-01,306.0975341796875,312.0299987792969,314.1300048828125,311.07000732421875,313.0,1213200
2024-04-02,308.7657775878906,314.75,316.42999267578125,312.5799865722656,313.0400085449219,2773100
2024-04-03,314.838134765625,320.94000244140625,322.3599853515625,315.5,315.5,2984500
2024-04-04,314.0729675292969,320.1600036621094,326.2099914550781,318.1700134277344,323.9100036621094,3039900
2024-04-05,324.2261962890625,330.510009765625,331.4700012207031,322.7900085449219,323.92999267578125,2644200
2024-04-08,319.62530517578125,325.82000732421875,329.3699951171875,323.6300048828125,326.29998779296875,2423700
2024-04-09,307.90252685546875,313.8699951171875,325.510009765625,313.0,324.94000244140625,4069100
2024-04-10,308.39300537109375,314.3699951171875,317.3699951171875,306.2099914550781,309.0,2425900
2024-04-11,311.22808837890625,317.260009765625,319.3599853515625,312.95001220703125,314.4100036621094,1547300
2024-04-12,312.4444885253906,318.5,318.6700134277344,314.2699890136719,314.2699890136719,2248300
2024-04-15,309.2857360839844,315.2799987792969,324.82000732421875,313.8900146484375,324.0,2447600
2024-04-16,309.35443115234375,315.3500061035156,317.5400085449219,311.32000732421875,312.8900146484375,1547300
2024-04-17,304.28265380859375,310.17999267578125,316.67999267578125,305.8500061035156,316.67999267578125,2204600
2024-04-18,303.0662841796875,308.94000244140625,315.7099914550781,308.4599914550781,313.75,1860300
2024-04-19,297.2588195800781,303.0199890136719,311.6600036621094,302.260009765625,309.0400085449219,3084700
2024-04-22,302.232421875,308.0899963378906,310.3399963378906,304.1700134277344,305.3500061035156,2379200
2024-04-23,306.8921203613281,312.8399963378906,315.2799987792969,310.3999938964844,311.94000244140625,2781400
2024-04-24,312.72900390625,318.7900085449219,325.4100036621094,313.95001220703125,324.0,3550500
2024-04-25,311.0711364746094,317.1000061035156,318.8800048828125,312.1499938964844,314.04998779296875,2453100
2024-04-26,318.13421630859375,324.29998779296875,325.32000732421875,318.2099914550781,318.2099914550781,2305700
2024-04-29,320.30224609375,326.510009765625,327.19000244140625,321.4200134277344,324.9200134277344,3127300
2024-04-30,312.2090759277344,318.260009765625,333.05999755859375,312.5199890136719,330.0,5279700
2024-05-01,306.0975341796875,312.0299987792969,319.4800109863281,311.739990234375,318.8299865722656,3416700
2024-05-02,309.2759094238281,315.2699890136719,316.0899963378906,305.260009765625,313.2900085449219,3009900
2024-05-03,315.3467102050781,320.5,322.5899963378906,316.5899963378906,318.510009765625,1769800
2024-05-06,321.97833251953125,327.239990234375,327.42999267578125,322.3299865722656,322.3299865722656,1297000
2024-05-07,322.1652526855469,327.42999267578125,329.0,325.6199951171875,328.1099853515625,1792900
2024-05-08,325.0874938964844,330.3999938964844,333.1300048828125,326.82000732421875,327.3999938964844,1454300
2024-05-09,327.90155029296875,333.260009765625,333.45001220703125,329.9800109863281,330.0,1487100
2024-05-10,325.25482177734375,330.57000732421875,337.70001220703125,330.1099853515625,335.0,1955000
2024-05-13,323.2279052734375,328.510009765625,331.8800048828125,325.8599853515625,331.010009765625,1903200
2024-05-14,325.1367492675781,330.45001220703125,331.3699951171875,321.9700012207031,326.1600036621094,1588200
2024-05-15,332.52593994140625,337.9599914550781,338.1499938964844,332.0,332.0,1720100
2024-05-16,324.87103271484375,330.17999267578125,338.8800048828125,330.1300048828125,337.8999938964844,2203100
2024-05-17,324.9300842285156,330.239990234375,333.6099853515625,326.7099914550781,332.0,1881400
2024-05-20,327.89166259765625,333.25,335.7099914550781,329.0,330.0,1021000
2024-05-21,331.31573486328125,336.7300109863281,337.260009765625,332.4599914550781,332.6400146484375,1389200
2024-05-22,330.77459716796875,336.17999267578125,338.4100036621094,333.17999267578125,336.739990234375,1566500
2024-05-23,332.9786071777344,338.4200134277344,344.0,336.5799865722656,342.19000244140625,1772500
2024-05-24,335.40887451171875,340.8900146484375,345.19000244140625,338.92999267578125,339.0799865722656,1495600
2024-05-28,331.9355773925781,337.3599853515625,343.0,335.29998779296875,342.2900085449219,1772300
2024-05-29,327.5375061035156,332.8900146484375,336.42999267578125,332.69000244140625,335.29998779296875,1131300
2024-05-30,328.8264465332031,334.20001220703125,335.17999267578125,331.4100036621094,332.2900085449219,1240900
2024-05-31,327.49810791015625,332.8500061035156,335.0,322.2200012207031,333.45001220703125,3837900
2024-06-03,319.24298095703125,324.4599914550781,335.0,318.6700134277344,334.0,2494500
2024-06-04,311.0863342285156,316.1700134277344,325.5,310.1499938964844,324.5199890136719,4143000
2024-06-05,321.33880615234375,326.5899963378906,327.5799865722656,319.3999938964844,319.7699890136719,2487300
2024-06-06,308.4198913574219,313.4599914550781,326.989990234375,311.3699951171875,325.0,3069100
2024-06-07,309.76788330078125,314.8299865722656,317.8299865722656,310.7799987792969,313.4800109863281,2389500
2024-06-10,317.7868347167969,322.9800109863281,323.3900146484375,313.25,313.4599914550781,2050000
2024-06-11,314.0381164550781,319.1700134277344,322.0,317.44000244140625,320.69000244140625,1826200
2024-06-12,321.9094543457031,327.1700134277344,328.9100036621094,319.5,321.54998779296875,1682600
2024-06-13,323.07049560546875,328.3500061035156,329.1199951171875,321.8299865722656,326.42999267578125,2194700
2024-06-14,313.8905029296875,319.0199890136719,325.6400146484375,316.92999267578125,324.3699951171875,2055900
2024-06-17,320.0989990234375,325.3299865722656,326.6099853515625,317.010009765625,318.7799987792969,2552500
2024-06-18,322.3227233886719,327.5899963378906,330.17999267578125,321.20001220703125,324.0,1903900
2024-06-20,318.04266357421875,323.239990234375,329.8699951171875,320.0199890136719,328.1700134277344,1847700
2024-06-21,314.91375732421875,320.05999755859375,322.94000244140625,316.510009765625,322.94000244140625,3067700
2024-06-24,316.9012756347656,322.0799865722656,324.3900146484375,319.19000244140625,322.1000061035156,1581000
2024-06-25,317.57037353515625,322.760009765625,324.0799865722656,318.3299865722656,322.3599853515625,1576500
2024-06-26,310.2007751464844,315.2699890136719,321.05999755859375,313.510009765625,320.760009765625,1849800
2024-06-27,308.8921813964844,313.94000244140625,314.7900085449219,311.25,314.1600036621094,2549900
2024-06-28,308.5084228515625,313.54998779296875,319.6400146484375,310.3299865722656,312.8900146484375,2557600
2024-07-01,307.347412109375,312.3699951171875,316.4800109863281,307.760009765625,316.45001220703125,1925900
2024-07-02,308.2427673339844,313.2799987792969,313.75,309.45001220703125,309.45001220703125,2047700
2024-07-03,313.3001708984375,318.4200134277344,319.25,312.95001220703125,313.82000732421875,1123000
2024-07-05,312.26702880859375,317.3699951171875,320.3299865722656,314.489990234375,319.67999267578125,1557700
2024-07-08,313.8314514160156,318.9599914550781,322.8800048828125,318.2200012207031,320.1700134277344,1139800
2024-07-09,313.5854797363281,318.7099914550781,321.1400146484375,318.1199951171875,320.19000244140625,980900
2024-07-10,321.8110656738281,327.07000732421875,327.2200012207031,318.6099853515625,318.75,2083100
2024-07-11,323.5329284667969,328.82000732421875,331.1300048828125,325.70001220703125,329.17999267578125,2061000
2024-07-12,325.1662292480469,330.4800109863281,333.7099914550781,326.2099914550781,330.75,1644800
2024-07-15,321.771728515625,327.0299987792969,330.9599914550781,325.8399963378906,329.3399963378906,1416000
2024-07-16,327.1143798828125,332.4599914550781,335.1199951171875,328.760009765625,330.54998779296875,1671200
2024-07-17,306.4914245605469,311.5,327.6199951171875,311.1099853515625,326.9700012207031,3312800
2024-07-18,304.1004638671875,309.07000732421875,319.2300109863281,305.6600036621094,313.3900146484375,4377000
2024-07-19,306.8751525878906,311.8900146484375,316.30999755859375,310.70001220703125,312.2300109863281,2287600
2024-07-22,315.16961669921875,320.32000732421875,321.5,315.45001220703125,316.5,2252500
2024-07-23,316.7635498046875,321.94000244140625,325.3299865722656,319.6700134277344,320.0,1518500
2024-07-24,294.78277587890625,299.6000061035156,318.0799865722656,299.32000732421875,316.8399963378906,3876300
2024-07-25,288.1708068847656,292.8800048828125,300.2799987792969,286.8699951171875,298.7300109863281,5569700
2024-07-26,293.00189208984375,297.7900085449219,301.92999267578125,296.4200134277344,300.8800048828125,3090000
2024-07-29,291.8408203125,296.6099853515625,300.3900146484375,294.55999755859375,298.6000061035156,2522600
2024-07-30,282.6214904785156,287.239990234375,302.5199890136719,285.4800109863281,297.55999755859375,4777200
2024-07-31,299.8893127441406,304.7900085449219,310.8699951171875,301.3699951171875,306.19000244140625,5108300
2024-08-01,293.0904235839844,297.8800048828125,304.2900085449219,288.0,290.0400085449219,5433400
2024-08-02,275.7536926269531,280.260009765625,290.6400146484375,276.010009765625,290.0,4528000
2024-08-05,269.04052734375,272.5199890136719,277.0199890136719,255.64999389648438,255.64999389648438,4621200
2024-08-06,274.1050109863281,277.6499938964844,282.0299987792969,274.6499938964844,274.6499938964844,3305000
2024-08-07,274.1346740722656,277.67999267578125,288.1000061035156,276.79998779296875,285.0,2857000
2024-08-08,283.8095397949219,287.4800109863281,288.05999755859375,278.1099853515625,282.04998779296875,3888100
2024-08-09,287.9164123535156,291.6400146484375,292.1700134277344,285.70001220703125,286.8599853515625,2190400
2024-08-12,284.7474060058594,288.42999267578125,293.45001220703125,285.5299987792969,291.1199951171875,1840400
2024-08-13,291.6185607910156,295.3900146484375,295.82000732421875,288.2699890136719,292.20001220703125,2256900
2024-08-14,294.49139404296875,298.29998779296875,300.04998779296875,294.42999267578125,296.010009765625,1974900
2024-08-15,298.5982666015625,302.4599914550781,304.7699890136719,298.0400085449219,302.1199951171875,2316600
2024-08-16,292.89208984375,296.67999267578125,302.5299987792969,293.3800048828125,302.07000732421875,2768100
2024-08-19,293.2573547363281,297.04998779296875,298.42999267578125,293.19000244140625,297.19000244140625,1572500
2024-08-20,292.4576416015625,296.239990234375,299.6400146484375,294.5799865722656,297.9200134277344,1432400
2024-08-21,295.8636474609375,299.69000244140625,301.6499938964844,296.1700134277344,296.45001220703125,1400600
2024-08-22,293.8891906738281,297.69000244140625,303.3999938964844,296.70001220703125,300.4599914550781,2035700
2024-08-23,296.169677734375,300.0,302.0,297.7799987792969,300.0,1950700
2024-08-26,293.1191711425781,296.9100036621094,301.75,296.0,300.2799987792969,1579600
2024-08-27,292.2503356933594,296.0299987792969,299.8599853515625,292.3999938964844,295.0,1711700
2024-08-28,289.8514099121094,293.6000061035156,297.489990234375,292.2300109863281,296.82000732421875,2109300
2024-08-29,297.2457580566406,301.0899963378906,307.45001220703125,295.1400146484375,296.2300109863281,2426500
2024-08-30,303.0111999511719,306.92999267578125,307.6499938964844,300.1300048828125,301.489990234375,2320000
2024-09-03,286.0308532714844,289.7300109863281,304.80999755859375,289.4700012207031,304.1700134277344,3058900
2024-09-04,285.08306884765625,288.7699890136719,292.7900085449219,286.6199951171875,288.20001220703125,2098500
2024-09-05,282.0719909667969,285.7200012207031,289.2300109863281,282.55999755859375,287.45001220703125,1930600
2024-09-06,281.3315734863281,284.9700012207031,292.20001220703125,281.3399963378906,288.6199951171875,2163800
2024-09-09,285.6852722167969,289.3800048828125,292.1000061035156,287.6199951171875,289.2099914550781,1756000
2024-09-10,284.6190490722656,288.29998779296875,291.8999938964844,284.4599914550781,291.2300109863281,1531200
2024-09-11,293.34619140625,297.1400146484375,297.67999267578125,284.54998779296875,289.5,2389500
2024-09-12,299.50653076171875,303.3800048828125,304.4599914550781,294.8399963378906,296.8500061035156,2795400
2024-09-13,301.8955993652344,305.79998779296875,310.4599914550781,303.6700134277344,305.82000732421875,2022800
2024-09-16,302.63604736328125,306.54998779296875,306.9800109863281,301.4800109863281,306.0,1536300
2024-09-17,307.7499084472656,311.7300109863281,312.4200134277344,304.6499938964844,308.4800109863281,2117000
2024-09-18,310.63262939453125,314.6499938964844,321.1499938964844,313.54998779296875,313.55999755859375,2931000
2024-09-19,324.7204284667969,328.9200134277344,329.7799987792969,319.8999938964844,323.75,3155700
2024-09-20,326.3789978027344,330.6000061035156,331.4200134277344,326.0,326.67999267578125,3632000
2024-09-23,325.579345703125,329.7900085449219,333.2900085449219,329.4100036621094,331.8900146484375,1789100
2024-09-24,323.2099609375,327.3900146484375,330.2300109863281,326.29998779296875,329.7099914550781,1964200
2024-09-25,324.35516357421875,328.54998779296875,330.8599853515625,327.3900146484375,328.30999755859375,1599100
2024-09-26,328.76806640625,333.0199890136719,336.29998779296875,329.3399963378906,333.1700134277344,2614200
2024-09-27,324.2564392089844,328.45001220703125,333.9100036621094,326.6499938964844,333.1099853515625,2061200
2024-09-30,327.2082824707031,331.44000244140625,331.70001220703125,324.69000244140625,326.69000244140625,2789400
2024-10-01,323.3975524902344,327.5799865722656,331.42999267578125,325.05999755859375,331.0299987792969,1000700
2024-10-02,323.80230712890625,327.989990234375,329.8699951171875,325.7099914550781,326.0,1150600
2024-10-03,322.78546142578125,326.9599914550781,328.45001220703125,324.4200134277344,327.3399963378906,960600
2024-10-04,328.7976989746094,333.04998779296875,333.30999755859375,328.25,331.8999938964844,1129400
2024-10-07,330.3575439453125,334.6300048828125,335.32000732421875,330.19000244140625,330.8299865722656,1465900
2024-10-08,331.2953796386719,335.5799865722656,337.75,333.0299987792969,336.5,1136500
2024-10-09,333.9313049316406,338.25,338.8599853515625,334.7200012207031,335.4800109863281,1103600
2024-10-10,332.6380615234375,336.94000244140625,337.8299865722656,332.69000244140625,335.3999938964844,1281000
2024-10-11,337.0312194824219,341.3900146484375,341.9800109863281,335.8999938964844,337.0,1162000
2024-10-14,341.19732666015625,345.6099853515625,345.94000244140625,341.57000732421875,343.0,883800
2024-10-15,333.7240295410156,338.0400085449219,347.3500061035156,337.4700012207031,346.4599914550781,1861800
2024-10-16,336.7449035644531,341.1000061035156,341.3800048828125,337.80999755859375,338.95001220703125,839900
2024-10-17,344.04058837890625,348.489990234375,349.739990234375,340.8900146484375,345.0,1715300
2024-10-18,343.7345275878906,348.17999267578125,349.70001220703125,345.2699890136719,349.55999755859375,1173400
2024-10-21,342.63873291015625,347.07000732421875,348.7300109863281,345.25,348.0,1068600
2024-10-22,339.16363525390625,343.54998779296875,345.260009765625,340.82000732421875,343.8900146484375,1321800
2024-10-23,340.5556335449219,344.9599914550781,345.7200012207031,340.30999755859375,341.0,1975200
2024-10-24,340.88140869140625,345.2900085449219,346.67999267578125,340.510009765625,345.0,1407000
2024-10-25,340.0916442871094,344.489990234375,348.55999755859375,342.8999938964844,347.07000732421875,1176400
2024-10-28,341.0986022949219,345.510009765625,348.6199951171875,345.1099853515625,347.95001220703125,2177700
2024-10-29,341.1380920410156,345.54998779296875,347.4200134277344,337.8599853515625,342.7900085449219,1843200
2024-10-30,338.4330749511719,342.80999755859375,346.69000244140625,340.8599853515625,344.6499938964844,2258200
2024-10-31,327.346435546875,331.5799865722656,333.94000244140625,321.3900146484375,325.0,3870600
2024-11-01,330.7227783203125,335.0,337.0199890136719,329.6499938964844,335.95001220703125,2369100
2024-11-04,327.82208251953125,331.1300048828125,335.510009765625,330.80999755859375,332.5,1943300
2024-11-05,334.108642578125,337.4800109863281,338.2200012207031,331.82000732421875,331.8699951171875,1777300
2024-11-06,355.5918884277344,359.17999267578125,366.0799865722656,352.05999755859375,355.0,4019600
2024-11-07,356.9580993652344,360.55999755859375,363.1400146484375,357.92999267578125,360.0,2739600
2024-11-08,363.007080078125,366.6700134277344,369.2900085449219,361.29998779296875,362.0299987792969,2390500
2024-11-11,368.2342834472656,371.95001220703125,373.3900146484375,368.6499938964844,371.7799987792969,1736300
2024-11-12,365.3038330078125,368.989990234375,373.489990234375,365.6700134277344,371.6099853515625,2265400
2024-11-13,365.9671630859375,369.6600036621094,372.67999267578125,369.010009765625,369.739990234375,1437500
2024-11-14,358.2450866699219,361.8599853515625,371.1199951171875,361.010009765625,369.5,1816800
2024-11-15,355.40374755859375,358.989990234375,361.2200012207031,355.3800048828125,358.1199951171875,2231900
2024-11-18,354.2553405761719,357.8299865722656,361.2300109863281,356.5400085449219,359.5899963378906,1611900
2024-11-19,360.0567932128906,363.69000244140625,365.0299987792969,353.4200134277344,355.0,1868100
2024-11-20,356.8590393066406,360.4599914550781,367.5,358.54998779296875,365.19000244140625,1464000
2024-11-21,367.2442932128906,370.95001220703125,373.3900146484375,362.45001220703125,364.489990234375,1632100
2024-11-22,373.6397399902344,377.4100036621094,378.0,371.6099853515625,372.5,2407000
2024-11-25,372.91705322265625,376.67999267578125,379.1199951171875,372.1400146484375,378.0,3559500
2024-11-26,373.5209655761719,377.2900085449219,379.989990234375,375.1700134277344,378.5,2096100
2024-11-27,368.2640075683594,371.9800109863281,377.55999755859375,371.010009765625,375.5,1117300
2024-11-29,371.6696472167969,375.4200134277344,378.45001220703125,373.5199890136719,374.9700012207031,991700
2024-12-02,368.5015869140625,372.2200012207031,378.7900085449219,371.9200134277344,377.8599853515625,1131000
2024-12-03,370.01629638671875,373.75,375.44000244140625,368.6199951171875,372.2900085449219,1303400
2024-12-04,373.7486267089844,377.5199890136719,378.4700012207031,375.0199890136719,375.2699890136719,1479600
2024-12-05,367.34326171875,371.04998779296875,377.82000732421875,370.0,377.5199890136719,1625000
2024-12-06,367.5115966796875,371.2200012207031,373.2799987792969,369.25,371.739990234375,1479100
2024-12-09,360.423095703125,364.05999755859375,373.0,358.3299865722656,371.44000244140625,2338200
2024-12-10,354.90875244140625,358.489990234375,364.0199890136719,357.95001220703125,363.5400085449219,1891000
2024-12-11,358.2945861816406,361.9100036621094,365.0,353.3299865722656,364.4100036621094,2440700
2024-12-12,355.0572814941406,358.6400146484375,363.05999755859375,358.0799865722656,361.92999267578125,1223500
2024-12-13,352.45355224609375,356.010009765625,360.82000732421875,355.8900146484375,359.760009765625,1165000
2024-12-16,351.60211181640625,355.1499938964844,357.5,353.5400085449219,355.75,1506200
2024-12-17,343.6127014160156,347.0799865722656,351.54998779296875,344.6700134277344,351.3800048828125,2562500
2024-12-18,331.772216796875,335.1199951171875,349.5899963378906,334.7200012207031,349.0,2491600
2024-12-19,332.2870178222656,335.6400146484375,340.1000061035156,334.3299865722656,339.8999938964844,2667800
2024-12-20,334.74224853515625,338.1199951171875,342.010009765625,332.1199951171875,333.2799987792969,4862500
2024-12-23,334.3363342285156,337.7099914550781,338.5199890136719,334.20001220703125,337.1300048828125,1704600
2024-12-24,338.1280822753906,341.5400085449219,341.69000244140625,337.20001220703125,338.67999267578125,507500
2024-12-26,336.7618713378906,340.1600036621094,341.8299865722656,338.75,340.8500061035156,1196500
2024-12-27,331.287109375,334.6300048828125,338.8500061035156,331.2799987792969,336.82000732421875,1601700
2024-12-30,329.0595703125,332.3800048828125,334.07000732421875,327.5400085449219,329.1400146484375,1400300
2024-12-31,328.5546875,331.8699951171875,333.9800109863281,331.260009765625,332.25,1134600
2025-01-02,328.6437683105469,331.9599914550781,337.9100036621094,330.239990234375,334.67999267578125,1598400
2025-01-03,339.1576843261719,342.5799865722656,343.45001220703125,333.6499938964844,333.95001220703125,2570600
2025-01-06,345.0779113769531,348.55999755859375,353.3999938964844,346.67999267578125,348.0,3157200
2025-01-07,340.47442626953125,343.9100036621094,349.4800109863281,341.1400146484375,348.3500061035156,2350200
2025-01-08,341.6623840332031,345.1099853515625,345.67999267578125,338.0,341.6700134277344,2020400
2025-01-10,338.0389709472656,341.45001220703125,343.9599914550781,337.9700012207031,342.8900146484375,1828000
2025-01-13,337.4747009277344,340.8800048828125,343.0400085449219,333.8800048828125,333.8800048828125,2523400
2025-01-14,336.7420654296875,340.1400146484375,347.239990234375,339.0,344.739990234375,3019000
2025-01-15,339.1576843261719,342.5799865722656,349.69000244140625,340.7099914550781,346.9100036621094,3434200
2025-01-16,341.7416076660156,345.19000244140625,347.7799987792969,342.70001220703125,346.760009765625,2424600
2025-01-17,342.82073974609375,346.2799987792969,349.4700012207031,345.75,348.2900085449219,2454300
2025-01-21,354.057373046875,357.6300048828125,357.6700134277344,350.4800109863281,351.3999938964844,3575000
2025-01-22,367.521484375,371.2300109863281,377.92999267578125,365.0,372.2699890136719,3521500
2025-01-23,365.9968566894531,369.69000244140625,372.29998779296875,363.2200012207031,367.1400146484375,1961900
2025-01-24,365.29400634765625,368.9800109863281,378.0,367.1600036621094,377.1199951171875,1970800
2025-01-27,308.4376525878906,311.54998779296875,329.760009765625,306.1499938964844,329.489990234375,10210600
2025-01-28,309.5464782714844,312.6700134277344,313.6600036621094,298.2900085449219,311.760009765625,8863800
2025-01-29,314.4272766113281,317.6000061035156,319.54998779296875,310.1199951171875,313.5,4291600
2025-01-30,323.83233642578125,327.1000061035156,329.5899963378906,321.1099853515625,324.8299865722656,4758500
2025-01-31,323.1789245605469,326.44000244140625,330.54998779296875,314.3999938964844,322.0199890136719,6485100
2025-02-03,312.2591247558594,315.4100036621094,322.1000061035156,311.1199951171875,317.3399963378906,3304100
2025-02-04,311.55621337890625,314.70001220703125,319.6000061035156,313.010009765625,319.010009765625,2346700
2025-02-05,312.1007080078125,315.25,316.760009765625,311.29998779296875,315.54998779296875,3084600
2025-02-06,312.6947021484375,315.8500061035156,323.67999267578125,312.7699890136719,316.0899963378906,3334200
2025-02-07,309.9226989746094,313.04998779296875,322.6400146484375,311.9700012207031,318.1000061035156,2634000
2025-02-10,316.6844482421875,319.8800048828125,320.1499938964844,312.45001220703125,314.69000244140625,2748600
2025-02-11,313.34814453125,316.510009765625,318.25,311.1000061035156,317.3599853515625,3216000
2025-02-12,306.78436279296875,309.8800048828125,311.9599914550781,305.69000244140625,308.20001220703125,2649300
2025-02-13,304.7350158691406,307.80999755859375,312.760009765625,304.07000732421875,312.760009765625,3015500
2025-02-14,306.08148193359375,309.1700134277344,311.3800048828125,307.5,309.5199890136719,3175100
2025-02-18,309.9919738769531,313.1199951171875,316.5799865722656,310.3900146484375,313.1700134277344,2682300
2025-02-19,306.3388366699219,309.42999267578125,311.739990234375,307.29998779296875,310.5799865722656,2712500
2025-02-20,305.7349548339844,308.82000732421875,310.0,305.8399963378906,309.20001220703125,1982900
2025-02-21,294.3993225097656,297.3699951171875,309.3999938964844,295.0199890136719,308.739990234375,4401500
2025-02-24,286.9544372558594,289.8500061035156,298.7900085449219,285.510009765625,297.5400085449219,5861500
2025-02-25,284.6773986816406,287.54998779296875,292.6499938964844,282.42999267578125,287.20001220703125,6042100
2025-02-26,294.3795166015625,297.3500061035156,299.6000061035156,290.57000732421875,292.0899963378906,4302800
2025-02-27,287.4791564941406,290.3800048828125,301.9599914550781,288.9100036621094,300.45001220703125,4525900
2025-02-28,290.3897705078125,293.32000732421875,293.3800048828125,284.7900085449219,289.45001220703125,4806000
2025-03-03,275.67822265625,278.4599914550781,296.7200012207031,276.20001220703125,294.9800109863281,4890700
2025-03-04,276.4306335449219,279.2200012207031,285.55999755859375,267.6300048828125,273.1199951171875,6809700
2025-03-05,284.85565185546875,287.7300109863281,288.760009765625,278.4599914550781,283.45001220703125,3752900
2025-03-06,274.7773132324219,277.54998779296875,280.6700134277344,272.2799987792969,277.2200012207031,3286400
2025-03-07,282.13311767578125,284.9800109863281,286.1499938964844,273.7099914550781,275.54998779296875,4533900
2025-03-10,275.8433532714844,277.6099853515625,282.6700134277344,272.6700134277344,275.8800048828125,4149400
2025-03-11,280.5134582519531,282.30999755859375,287.3900146484375,274.6000061035156,276.5299987792969,4482200
2025-03-12,290.1815490722656,292.0400085449219,300.0400085449219,285.5400085449219,297.4599914550781,5691800
2025-03-13,281.8946533203125,283.70001220703125,291.0199890136719,280.4599914550781,290.0,5611100
2025-03-14,291.7415466308594,293.6099853515625,294.6099853515625,286.6000061035156,290.45001220703125,3316900
2025-03-17,295.3385314941406,297.2300109863281,300.760009765625,293.6199951171875,295.20001220703125,2949400
2025-03-18,288.79046630859375,290.6400146484375,295.5799865722656,288.3699951171875,293.82000732421875,2736800
2025-03-19,292.6855163574219,294.55999755859375,299.05999755859375,290.1700134277344,290.75,3216500
2025-03-20,293.6493225097656,295.5299987792969,300.239990234375,290.1199951171875,291.1000061035156,3421800
2025-03-21,293.5599365234375,295.44000244140625,296.25,289.489990234375,291.739990234375,3188200
2025-03-24,300.912841796875,302.8399963378906,304.5400085449219,298.55999755859375,300.489990234375,2897000
2025-03-25,298.0909118652344,300.0,304.94000244140625,295.9800109863281,303.29998779296875,3394000
2025-03-26,283.7030334472656,285.5199890136719,297.9700012207031,283.67999267578125,297.9700012207031,4708600
2025-03-27,279.12237548828125,280.9100036621094,285.5400085449219,278.1600036621094,283.80999755859375,3454800
2025-03-28,272.42529296875,274.1700134277344,279.7300109863281,271.6499938964844,278.260009765625,3254300
2025-03-31,270.1001281738281,271.8299865722656,273.45001220703125,262.67999267578125,268.0,4882900
2025-04-01,274.9391784667969,276.70001220703125,278.04998779296875,269.8500061035156,271.80999755859375,2468600
2025-04-02,282.03375244140625,283.8399963378906,285.6700134277344,270.0,270.69000244140625,2681500
2025-04-03,259.1900329589844,260.8500061035156,271.5,258.6000061035156,260.0299987792969,5553700
2025-04-04,244.95123291015625,246.52000427246094,252.0,236.5800018310547,249.4600067138672,5291000
2025-04-07,250.84349060058594,252.4499969482422,262.9200134277344,231.85000610351562,237.85000610351562,5543500
2025-04-08,249.89952087402344,251.5,267.9200134277344,245.3000030517578,264.6499938964844,5127300
2025-04-09,281.7853088378906,283.5899963378906,286.6099853515625,248.17999267578125,249.4600067138672,6041200
2025-04-10,268.9972229003906,270.7200012207031,275.8999938964844,261.57000732421875,273.989990234375,4995900
2025-04-11,275.7638854980469,277.5299987792969,278.6499938964844,265.0899963378906,268.4700012207031,3833100
2025-04-14,276.06195068359375,277.8299865722656,283.0,274.0799865722656,282.82000732421875,2631800
2025-04-15,275.35650634765625,277.1199951171875,280.04998779296875,275.45001220703125,278.5,2217500
2025-04-16,267.4471435546875,269.1600036621094,276.20001220703125,264.82000732421875,272.44000244140625,3411300
2025-04-17,266.61248779296875,268.32000732421875,272.0,265.9700012207031,272.0,2539600
2025-04-21,257.8188171386719,259.4700012207031,264.4599914550781,255.10000610351562,264.1199951171875,2863500
2025-04-22,265.2114562988281,266.9100036621094,268.7900085449219,262.4100036621094,263.1499938964844,2270500
2025-04-23,273.9057922363281,275.6600036621094,288.95001220703125,274.94000244140625,288.95001220703125,3148900
2025-04-24,285.1934814453125,287.0199890136719,288.260009765625,275.9800109863281,277.6000061035156,2751600
2025-04-25,286.9820556640625,288.82000732421875,290.8800048828125,285.7699890136719,285.7699890136719,2177400
2025-04-28,285.9089050292969,287.739990234375,293.5400085449219,283.1099853515625,288.05999755859375,2969500
2025-04-29,288.84014892578125,290.69000244140625,291.69000244140625,284.82000732421875,287.9700012207031,1965300
2025-04-30,292.4967346191406,294.3699951171875,295.1000061035156,283.0,284.4200134277344,2541700
2025-05-01,299.7403259277344,301.6600036621094,306.1000061035156,300.25,302.0,4722700
2025-05-02,297.8027038574219,299.7099914550781,303.9700012207031,286.6000061035156,293.7200012207031,5932000
2025-05-05,297.7129821777344,298.5799865722656,301.510009765625,293.07000732421875,296.1700134277344,2455000
2025-05-06,297.2443542480469,298.1099853515625,301.25,296.0899963378906,296.2799987792969,2460500
2025-05-07,301.322509765625,302.20001220703125,303.29998779296875,296.92999267578125,299.510009765625,1888800
2025-05-08,306.1484375,307.0400085449219,310.0,304.2200012207031,304.5400085449219,2076700
2025-05-09,308.97021484375,309.8699951171875,311.70001220703125,306.7699890136719,309.67999267578125,2038700
2025-05-12,321.15472412109375,322.0899963378906,324.95001220703125,319.1499938964844,324.95001220703125,3542400
2025-05-13,329.7895812988281,330.75,333.9599914550781,322.2900085449219,323.69000244140625,3438900
2025-05-14,328.1343994140625,329.0899963378906,333.9800109863281,328.2699890136719,330.6300048828125,1886600
2025-05-15,325.8710021972656,326.82000732421875,330.82000732421875,326.2099914550781,326.75,2300500
2025-05-16,328.1144714355469,329.07000732421875,329.5,325.1199951171875,328.4200134277344,1997400
2025-05-19,328.3338317871094,329.2900085449219,329.8699951171875,322.20001220703125,323.2200012207031,1482200
2025-05-20,327.2968444824219,328.25,330.05999755859375,325.5,326.5299987792969,1654500
2025-05-21,321.3940124511719,322.3299865722656,329.8999938964844,322.010009765625,324.6000061035156,1725500
2025-05-22,320.1376953125,321.07000732421875,323.75,315.7099914550781,319.9599914550781,1677800
2025-05-23,320.1277160644531,321.05999755859375,322.8900146484375,312.9100036621094,315.19000244140625,1432300
2025-05-27,327.20709228515625,328.1600036621094,328.92999267578125,323.3699951171875,324.7200012207031,1568800
2025-05-28,324.7243347167969,325.6700134277344,330.0,324.9100036621094,329.1199951171875,1982700
2025-05-29,323.8668212890625,324.80999755859375,330.7900085449219,323.3399963378906,329.8999938964844,1617500
2025-05-30,319.2702331542969,320.20001220703125,323.5,316.80999755859375,322.04998779296875,3788000
2025-06-02,317.93408203125,318.8599853515625,319.9200134277344,311.8999938964844,319.4800109863281,1929100
2025-06-03,324.8938293457031,325.8399963378906,327.6600036621094,321.0899963378906,322.9599914550781,1978900
2025-06-04,326.1302185058594,327.0799865722656,329.67999267578125,325.5299987792969,327.0,1669500
2025-06-05,325.531982421875,326.4800109863281,328.92999267578125,324.44000244140625,328.8699951171875,1600800
2025-06-06,330.487548828125,331.45001220703125,333.5,329.7799987792969,331.20001220703125,2206400
2025-06-09,324.8639221191406,325.80999755859375,333.3599853515625,325.4599914550781,332.010009765625,1621700
2025-06-10,323.2984619140625,324.239990234375,327.5,318.760009765625,327.5,1882100
2025-06-11,324.76422119140625,325.7099914550781,327.8699951171875,320.30999755859375,323.8599853515625,1424000
2025-06-12,329.3807678222656,330.3399963378906,331.4599914550781,322.45001220703125,322.9800109863281,1777300
2025-06-13,322.7201843261719,323.6600036621094,328.4200134277344,322.30999755859375,324.489990234375,1565300
2025-06-16,337.02850341796875,338.010009765625,339.7099914550781,328.29998779296875,330.0899963378906,3393400
2025-06-17,329.55029296875,330.510009765625,338.3500061035156,329.82000732421875,336.6300048828125,1870000
2025-06-18,333.88763427734375,334.8599853515625,338.1600036621094,329.79998779296875,329.8500061035156,2969000
2025-06-20,330.2681884765625,331.2300109863281,338.0,330.7900085449219,335.6600036621094,4407100
2025-06-23,331.98321533203125,332.95001220703125,333.45001220703125,324.3800048828125,331.32000732421875,1397800
2025-06-24,342.2632751464844,343.260009765625,345.1499938964844,335.29998779296875,335.29998779296875,2977800
2025-06-25,341.35589599609375,342.3500061035156,347.42999267578125,341.7900085449219,346.3500061035156,1930200
2025-06-26,347.12908935546875,348.1400146484375,349.2300109863281,342.2099914550781,343.6700134277344,2284500
2025-06-27,352.2043151855469,353.2300109863281,357.6000061035156,351.6400146484375,353.3699951171875,3704400
2025-06-30,355.953369140625,356.989990234375,358.2900085449219,352.1600036621094,353.8399963378906,2212400
2025-07-01,354.0090637207031,355.0400085449219,357.3800048828125,350.05999755859375,355.7799987792969,2407800
2025-07-02,357.14990234375,358.19000244140625,358.6099853515625,353.45001220703125,355.2099914550781,1787500
2025-07-03,361.168212890625,362.2200012207031,363.4200134277344,358.3500061035156,359.1099853515625,1088100
2025-07-07,357.44903564453125,358.489990234375,363.17999267578125,354.92999267578125,362.2200012207031,1800500
2025-07-08,355.94342041015625,356.9800109863281,360.79998779296875,353.9800109863281,359.9800109863281,1739300
2025-07-09,358.73529052734375,359.7799987792969,360.3800048828125,356.07000732421875,360.2699890136719,1196600
2025-07-10,356.60150146484375,357.6400146484375,361.7200012207031,345.739990234375,360.2099914550781,2809500
2025-07-11,359.5728454589844,360.6199951171875,361.6499938964844,353.79998779296875,356.94000244140625,1698100
2025-07-14,359.2438049316406,360.2900085449219,361.1600036621094,357.1000061035156,358.7900085449219,1179600
2025-07-15,361.0585021972656,362.1099853515625,371.1400146484375,361.510009765625,369.75,2062100
2025-07-16,361.8362731933594,362.8900146484375,364.30999755859375,356.7200012207031,362.1199951171875,1756200
2025-07-17,379.6144714355469,380.7200012207031,380.80999755859375,374.9599914550781,375.8699951171875,3687400
2025-07-18,377.52056884765625,378.6199951171875,384.510009765625,378.0,382.7300109863281,2941000
2025-07-21,372.5749816894531,373.6600036621094,379.8999938964844,373.57000732421875,379.70001220703125,2445000
2025-07-22,371.5679016113281,372.6499938964844,373.8599853515625,365.0,372.1000061035156,1805100
2025-07-23,379.1358642578125,380.239990234375,382.20001220703125,375.8500061035156,376.5,2355000
2025-07-24,383.7823486328125,384.8999938964844,386.1700134277344,380.239990234375,382.0,1658900
2025-07-25,391.03125,392.1700134277344,393.07000732421875,387.79998779296875,388.0,2107400
2025-07-28,391.6195373535156,392.760009765625,399.55999755859375,391.5199890136719,399.55999755859375,2334500
2025-07-29,388.87750244140625,390.010009765625,395.6199951171875,387.05999755859375,394.260009765625,1777100
2025-07-30,388.957275390625,390.0899963378906,393.8500061035156,387.260009765625,392.0899963378906,2727000
2025-07-31,383.6028747558594,384.7200012207031,396.2799987792969,384.1199951171875,390.1300048828125,2900000
2025-08-01,380.1828308105469,381.2900085449219,383.0,373.04998779296875,374.510009765625,2416800
2025-08-04,383.64276123046875,384.760009765625,386.5299987792969,382.6099853515625,383.7099914550781,2741900
2025-08-05,355.41497802734375,356.45001220703125,363.7900085449219,353.70001220703125,360.94000244140625,7068200
2025-08-06,357.1199951171875,358.1600036621094,362.6700134277344,354.3299865722656,358.6000061035156,4507500
2025-08-07,360.1600036621094,360.1600036621094,361.2900085449219,354.0,360.0,3057700
2025-08-08,362.8399963378906,362.8399963378906,364.1199951171875,359.3999938964844,362.0,2139200
2025-08-11,360.1099853515625,360.1099853515625,363.25,358.010009765625,362.3999938964844,2850000
2025-08-12,363.29998779296875,363.29998779296875,363.6099853515625,358.8399963378906,361.69000244140625,2488900
2025-08-13,357.489990234375,357.489990234375,365.20001220703125,351.7799987792969,364.20001220703125,2751600
2025-08-14,355.1000061035156,355.1000061035156,358.69000244140625,352.0299987792969,353.6300048828125,1895500
2025-08-15,351.0299987792969,351.0299987792969,355.0,350.2699890136719,355.0,1899700
2025-08-18,353.5,353.5,354.04998779296875,348.7099914550781,349.8699951171875,1158500
2025-08-19,349.0,349.0,353.5,347.239990234375,352.7200012207031,1870500
2025-08-20,346.2200012207031,346.2200012207031,347.55999755859375,339.260009765625,344.0400085449219,2454300
2025-08-21,345.3800048828125,345.3800048828125,348.6099853515625,344.2900085449219,345.19000244140625,1455400
2025-08-22,347.6099853515625,347.6099853515625,353.0799865722656,345.1000061035156,346.70001220703125,1964900
2025-08-25,345.760009765625,345.760009765625,350.1300048828125,345.7200012207031,349.30999755859375,1251400
2025-08-26,352.0199890136719,352.0199890136719,353.1300048828125,345.7099914550781,346.29998779296875,1994900
2025-08-27,351.3999938964844,351.3999938964844,353.67999267578125,350.0,350.9599914550781,1434500
2025-08-28,355.3399963378906,355.3399963378906,357.1600036621094,352.6700134277344,353.6600036621094,1773100
2025-08-29,349.1400146484375,349.1400146484375,356.5199890136719,345.2699890136719,354.95001220703125,2386100
2025-09-02,343.75,343.75,344.6000061035156,339.8900146484375,343.1300048828125,2464100
2025-09-03,342.989990234375,342.989990234375,346.07000732421875,339.6600036621094,345.7799987792969,1521200
2025-09-04,348.2200012207031,348.2200012207031,348.2699890136719,341.6099853515625,344.2200012207031,1859300
2025-09-05,349.0299987792969,349.0299987792969,351.2799987792969,342.2699890136719,350.4700012207031,2120700
2025-09-08,349.489990234375,349.489990234375,352.5799865722656,347.7699890136719,350.0,1632000
2025-09-09,348.2300109863281,348.2300109863281,350.2699890136719,343.6400146484375,349.94000244140625,1763300
2025-09-10,362.25,362.25,365.42999267578125,357.0,359.5899963378906,3484000
2025-09-11,360.0799865722656,360.0799865722656,365.30999755859375,359.3800048828125,363.67999267578125,2253200
2025-09-12,365.8999938964844,365.8999938964844,367.67999267578125,358.7799987792969,359.92999267578125,3108400
2025-09-15,375.5400085449219,375.5400085449219,378.1600036621094,369.19000244140625,370.0199890136719,3031500
2025-09-16,371.19000244140625,371.19000244140625,378.9800109863281,369.6499938964844,378.0,2251100
2025-09-17,363.3500061035156,363.3500061035156,371.4599914550781,359.2799987792969,370.5899963378906,3481400
2025-09-18,371.2699890136719,371.2699890136719,374.05999755859375,364.45001220703125,366.9800109863281,1857900
2025-09-19,374.5,374.5,375.3599853515625,369.9800109863281,373.6000061035156,3483100
2025-09-22,378.30999755859375,378.30999755859375,382.9200134277344,371.9200134277344,374.0799865722656,2399300
2025-09-23,368.5199890136719,368.5199890136719,382.0,366.05999755859375,381.760009765625,2776200
2025-09-24,372.2099914550781,372.2099914550781,373.6199951171875,368.2200012207031,369.82000732421875,2290800
2025-09-25,364.739990234375,364.739990234375,368.1600036621094,360.3399963378906,366.8599853515625,2029100
2025-09-26,365.5799865722656,365.5799865722656,366.510009765625,360.2699890136719,365.010009765625,1625400
2025-09-29,367.1499938964844,367.1499938964844,370.9800109863281,367.0199890136719,370.010009765625,1466300
2025-09-30,374.25,374.25,374.989990234375,366.45001220703125,366.45001220703125,1805800
2025-10-01,373.8399963378906,373.8399963378906,378.0299987792969,369.0899963378906,369.6600036621094,1590400
2025-10-02,376.760009765625,376.760009765625,381.5799865722656,370.79998779296875,376.07000732421875,1777800
2025-10-03,373.4599914550781,373.4599914550781,378.0400085449219,371.6099853515625,377.79998779296875,1372100
2025-10-06,380.0199890136719,380.0199890136719,385.6700134277344,377.55999755859375,380.0,1852100
2025-10-07,370.94000244140625,370.94000244140625,384.8599853515625,367.489990234375,382.0,2321600
2025-10-08,376.70001220703125,376.70001220703125,378.94000244140625,370.2200012207031,372.6300048828125,2168600
2025-10-09,377.19000244140625,377.19000244140625,381.8699951171875,373.2900085449219,381.5799865722656,1723200
2025-10-10,369.0799865722656,369.0799865722656,387.6199951171875,369.0799865722656,379.3599853515625,2164700
2025-10-13,375.3699951171875,375.3699951171875,379.19000244140625,372.8299865722656,374.7300109863281,2089900
2025-10-14,374.3500061035156,374.3500061035156,379.1499938964844,364.3599853515625,368.7300109863281,1669400
2025-10-15,381.7200012207031,381.7200012207031,385.9599914550781,375.3999938964844,379.739990234375,1589200
2025-10-16,375.5899963378906,375.5899963378906,386.6700134277344,372.1499938964844,385.8900146484375,1597300
2025-10-17,373.29998779296875,373.29998779296875,379.010009765625,370.260009765625,373.3999938964844,1732900
2025-10-20,377.69000244140625,377.69000244140625,379.0199890136719,374.6000061035156,375.6199951171875,1331400
2025-10-21,373.4599914550781,373.4599914550781,378.4599914550781,371.44000244140625,377.6400146484375,2334700
2025-10-22,360.6000061035156,360.6000061035156,379.5799865722656,353.55999755859375,378.0899963378906,4029400
2025-10-23,372.3999938964844,372.3999938964844,373.82000732421875,361.3599853515625,361.3599853515625,1601600
2025-10-24,376.2900085449219,376.2900085449219,381.30999755859375,376.1199951171875,379.1400146484375,1650200
2025-10-27,379.739990234375,379.739990234375,381.0,376.5299987792969,381.0,1772200
2025-10-28,376.010009765625,376.010009765625,381.05999755859375,373.42999267578125,379.8599853515625,1551400
2025-10-29,387.75,387.75,390.0,376.2799987792969,376.8800048828125,2245000
2025-10-30,383.0899963378906,383.0899963378906,390.1099853515625,379.260009765625,384.489990234375,3112800
2025-10-31,381.55999755859375,381.55999755859375,393.5899963378906,379.2200012207031,386.0199890136719,2407300
2025-11-03,386.57000732421875,386.57000732421875,387.3900146484375,378.25,385.1099853515625,3254500
2025-11-04,377.7200012207031,377.7200012207031,382.6300048828125,352.1000061035156,360.6300048828125,7551400
2025-11-05,385.44000244140625,385.44000244140625,394.1400146484375,376.6600036621094,377.6099853515625,3075600
2025-11-06,377.3999938964844,377.3999938964844,386.6099853515625,373.8500061035156,384.07000732421875,2235800
2025-11-07,373.7699890136719,373.7699890136719,376.07000732421875,364.20001220703125,371.04998779296875,2604600
2025-11-10,379.57000732421875,379.57000732421875,382.55999755859375,372.3999938964844,380.9200134277344,1801700
2025-11-11,367.9100036621094,367.9100036621094,380.0,366.75,377.2300109863281,3103300
2025-11-12,369.3999938964844,369.3999938964844,372.0,366.3699951171875,368.010009765625,1962100
2025-11-13,354.07000732421875,354.07000732421875,368.4800109863281,352.3699951171875,367.0899963378906,2762400
2025-11-14,352.3900146484375,352.3900146484375,361.0,347.0,350.0,3385200
2025-11-17,342.75,342.75,353.489990234375,339.8399963378906,351.9599914550781,3019500
2025-11-18,338.2900085449219,338.2900085449219,343.0,335.1000061035156,340.3299865722656,3158100
2025-11-19,345.6499938964844,345.6499938964844,346.2200012207031,338.67999267578125,339.9700012207031,2650800
2025-11-20,328.19000244140625,328.19000244140625,357.7799987792969,326.95001220703125,356.3800048828125,4550600
2025-11-21,331.7099914550781,331.7099914550781,332.2200012207031,320.20001220703125,329.0400085449219,4397400
2025-11-24,330.42999267578125,330.42999267578125,335.6400146484375,329.2699890136719,334.7300109863281,3672800
2025-11-25,336.6499938964844,336.6499938964844,339.07000732421875,324.7099914550781,329.989990234375,3968800
2025-11-26,341.69000244140625,341.69000244140625,344.6000061035156,337.17999267578125,338.54998779296875,2474500
2025-11-28,345.8900146484375,345.8900146484375,347.8900146484375,341.6400146484375,344.3999938964844,935100
2025-12-01,339.7099914550781,339.7099914550781,343.8900146484375,338.3999938964844,342.6499938964844,2248800
2025-12-02,333.1099853515625,333.1099853515625,343.7799987792969,332.8800048828125,343.5,3850000
2025-12-03,335.57000732421875,335.57000732421875,336.20001220703125,323.57000732421875,330.5,3079400
2025-12-04,338.92999267578125,338.92999267578125,340.8999938964844,332.5,335.4800109863281,2351500
2025-12-05,337.6600036621094,337.6600036621094,341.4200134277344,336.0,338.8900146484375,1845400
2025-12-08,343.3900146484375,343.3900146484375,345.69000244140625,336.1300048828125,337.45001220703125,3734100
2025-12-09,341.760009765625,341.760009765625,348.6400146484375,341.54998779296875,344.0899963378906,2149700
2025-12-10,353.45001220703125,353.45001220703125,354.3699951171875,342.2099914550781,343.8699951171875,2554100
2025-12-11,350.3599853515625,350.3599853515625,351.1400146484375,341.55999755859375,350.510009765625,2405600
2025-12-12,331.9800109863281,331.9800109863281,349.9800109863281,329.3999938964844,349.1700134277344,3921900
2025-12-15,333.2099914550781,333.2099914550781,336.0400085449219,331.7200012207031,334.5,2569000
2025-12-16,329.92999267578125,329.92999267578125,334.30999755859375,326.7099914550781,333.2200012207031,2527100
2025-12-17,315.82000732421875,315.82000732421875,331.1199951171875,311.9200134277344,329.25,7694400
2025-12-18,315.95001220703125,315.95001220703125,323.0799865722656,314.0,322.0400085449219,3826600
2025-12-19,317.79998779296875,317.79998779296875,320.7099914550781,315.45001220703125,315.67999267578125,7357000
2025-12-22,320.3900146484375,320.3900146484375,322.7699890136719,318.2699890136719,322.6099853515625,2080400
2025-12-23,322.80999755859375,322.80999755859375,324.2099914550781,319.20001220703125,319.6600036621094,2196900
2025-12-24,323.6700134277344,323.6700134277344,324.07000732421875,321.1499938964844,323.4200134277344,766500
2025-12-26,322.1700134277344,322.1700134277344,323.5299987792969,321.32000732421875,323.2799987792969,1100800
2025-12-29,321.45001220703125,321.45001220703125,325.42999267578125,320.6700134277344,322.3399963378906,1948700
2025-12-30,320.8599853515625,320.8599853515625,322.2799987792969,320.04998779296875,321.4800109863281,1727000
