Price,Adj Close,Close,High,Low,Open,Volume
Ticker,HD,HD,HD,HD,HD,HD
Date,,,,,,
2015-01-02,79.90191650390625,103.43000030517578,105.66000366210938,102.66999816894531,105.16000366210938,4323700
2015-01-05,78.22554016113281,101.26000213623047,102.77999877929688,100.79000091552734,102.77999877929688,5878100
2015-01-06,77.9860610961914,100.94999694824219,102.06999969482422,100.33999633789062,102.06999969482422,4910100
2015-01-07,80.65899658203125,104.41000366210938,104.47000122070312,102.0,102.29000091552734,5091000
2015-01-08,82.44349670410156,106.72000122070312,106.98999786376953,105.0199966430664,105.37000274658203,6464600
2015-01-09,81.02979278564453,104.88999938964844,106.87999725341797,104.81999969482422,106.87999725341797,5717600
2015-01-12,80.66670989990234,104.41999816894531,105.29000091552734,104.05999755859375,105.16999816894531,4992900
2015-01-13,80.13367462158203,103.7300033569336,106.04000091552734,103.1500015258789,105.41000366210938,5395200
2015-01-14,79.29163360595703,102.63999938964844,103.41000366210938,101.87999725341797,102.41999816894531,5384400
2015-01-15,78.03238677978516,101.01000213623047,103.6500015258789,100.81999969482422,103.31999969482422,6895000
2015-01-16,80.43496704101562,104.12000274658203,104.30999755859375,100.23999786376953,100.86000061035156,6403800
2015-01-20,79.76284790039062,103.25,104.94999694824219,102.3499984741211,104.83999633789062,5331300
2015-01-21,79.97914123535156,103.52999877929688,104.05999755859375,102.5,103.05000305175781,5899200
2015-01-22,81.94134521484375,106.06999969482422,106.30999755859375,103.54000091552734,104.37999725341797,5804100
2015-01-23,81.4006118774414,105.37000274658203,106.4800033569336,105.30999755859375,106.20999908447266,4072300
2015-01-26,82.16541290283203,106.36000061035156,106.5,105.05999755859375,105.36000061035156,4192300
2015-01-27,81.23835754394531,105.16000366210938,105.80999755859375,104.4000015258789,104.77999877929688,4606500
2015-01-28,80.91388702392578,104.73999786376953,107.43000030517578,104.5999984741211,105.30999755859375,4917300
2015-01-29,83.13877868652344,107.62000274658203,107.73999786376953,104.51000213623047,105.13999938964844,6529300
2015-01-30,80.66670989990234,104.41999816894531,106.86000061035156,104.37999725341797,106.36000061035156,7000000
2015-02-02,80.67443084716797,104.43000030517578,105.0,101.56999969482422,104.77999877929688,5012800
2015-02-03,82.84524536132812,107.23999786376953,107.31999969482422,104.80999755859375,104.88999938964844,5969200
2015-02-04,83.74907684326172,108.41000366210938,109.0,106.75,107.08999633789062,6765200
2015-02-05,84.19710540771484,108.98999786376953,109.33999633789062,108.1500015258789,108.9800033569336,4471800
2015-02-06,84.23575592041016,109.04000091552734,109.73999786376953,108.45999908447266,109.27999877929688,4223700
2015-02-09,83.6949691772461,108.33999633789062,109.45999908447266,108.04000091552734,108.87999725341797,4243800
2015-02-10,85.49493408203125,110.66999816894531,110.8499984741211,108.66000366210938,108.79000091552734,5414400
2015-02-11,85.21684265136719,110.30999755859375,110.80000305175781,109.80999755859375,110.5999984741211,4552900
2015-02-12,86.6460189819336,112.16000366210938,112.19999694824219,110.20999908447266,110.80999755859375,4592200
2015-02-13,86.43743133544922,111.88999938964844,112.38999938964844,111.30000305175781,112.01000213623047,5098600
2015-02-17,86.52237701416016,112.0,112.2300033569336,110.62000274658203,111.69000244140625,6028600
2015-02-18,86.51468658447266,111.98999786376953,112.16999816894531,111.0,111.5999984741211,3731600
2015-02-19,85.70352172851562,110.94000244140625,112.44999694824219,110.63999938964844,112.01000213623047,5910600
2015-02-20,86.70780944824219,112.23999786376953,112.25,110.05000305175781,110.80999755859375,7276100
2015-02-23,86.73871612548828,112.27999877929688,113.16000366210938,111.80000305175781,112.98999786376953,5638000
2015-02-24,90.19186401367188,116.75,117.91999816894531,115.12999725341797,117.5,12775500
2015-02-25,89.85196685791016,116.30999755859375,117.3499984741211,115.8499984741211,117.3499984741211,7328200
2015-02-26,89.13353729248047,115.37999725341797,116.41999816894531,115.19999694824219,116.0,5649900
2015-02-27,88.64683532714844,114.75,115.66999816894531,114.55999755859375,115.19000244140625,5732600
2015-03-02,89.7052001953125,116.12000274658203,117.05999755859375,114.86000061035156,114.86000061035156,5971900
2015-03-03,89.66654968261719,116.06999969482422,116.12000274658203,114.80000305175781,116.11000061035156,3784800
2015-03-04,88.65455627441406,114.76000213623047,115.47000122070312,114.25,115.38999938964844,3799000
2015-03-05,89.54298400878906,115.91000366210938,116.0999984741211,115.05999755859375,115.2300033569336,4088700
2015-03-06,88.41508483886719,114.44999694824219,115.95999908447266,114.0,115.95999908447266,5169200
2015-03-09,89.0331039428711,115.25,115.4800033569336,114.37000274658203,114.37999725341797,5351200
2015-03-10,87.40247344970703,112.55999755859375,114.33999633789062,112.55999755859375,113.8499984741211,5685000
2015-03-11,87.79845428466797,113.06999969482422,113.80000305175781,112.41000366210938,112.68000030517578,4356500
2015-03-12,90.15127563476562,116.0999984741211,116.45999908447266,113.7699966430664,113.8499984741211,5742000
2015-03-13,89.15733337402344,114.81999969482422,116.30999755859375,114.0,115.98999786376953,4626900
2015-03-16,90.46186065673828,116.5,116.61000061035156,115.31999969482422,115.33000183105469,4820300
2015-03-17,89.74747467041016,115.58000183105469,116.08000183105469,115.13999938964844,115.44999694824219,3715900
2015-03-18,90.1357421875,116.08000183105469,116.41999816894531,113.30999755859375,115.41000366210938,4773600
2015-03-19,89.4213638305664,115.16000366210938,116.43000030517578,115.06999969482422,116.20999908447266,3545600
2015-03-20,91.23057556152344,117.48999786376953,117.98999786376953,115.33000183105469,115.55000305175781,8446000
2015-03-23,90.12799072265625,116.06999969482422,117.75,116.06999969482422,117.04000091552734,4095200
2015-03-24,90.19007110595703,116.1500015258789,117.83000183105469,116.04000091552734,116.19999694824219,4026900
2015-03-25,88.27214813232422,113.68000030517578,116.61000061035156,113.63999938964844,115.95999908447266,4725800
2015-03-26,87.25494384765625,112.37000274658203,113.43000030517578,111.58000183105469,113.36000061035156,5409600
2015-03-27,88.41191864013672,113.86000061035156,114.2300033569336,112.0,112.08000183105469,3879300
2015-03-30,89.00981903076172,114.62999725341797,116.05000305175781,114.52999877929688,114.95999908447266,3968400
2015-03-31,88.2177734375,113.61000061035156,115.37000274658203,113.55000305175781,113.69999694824219,4128800
2015-04-01,87.84510040283203,113.12999725341797,114.0,112.43000030517578,113.87999725341797,4737700
2015-04-02,88.93990325927734,114.54000091552734,114.91999816894531,112.5199966430664,112.61000061035156,4064800
2015-04-06,89.25831604003906,114.94999694824219,115.55000305175781,113.41000366210938,113.44999694824219,3248900
2015-04-07,88.75355529785156,114.30000305175781,115.79000091552734,114.2300033569336,114.83000183105469,3188300
2015-04-08,89.7552719116211,115.58999633789062,115.80999755859375,113.83000183105469,113.97000122070312,3753500
2015-04-09,88.96321868896484,114.56999969482422,116.25,114.13999938964844,115.45999908447266,4674000
2015-04-10,89.48347473144531,115.23999786376953,115.6500015258789,114.41999816894531,114.47000122070312,3658100
2015-04-13,88.8622817993164,114.44000244140625,115.43000030517578,114.3499984741211,114.95999908447266,2982000
2015-04-14,88.55946350097656,114.05000305175781,114.9800033569336,113.11000061035156,114.19999694824219,4072500
2015-04-15,88.09355163574219,113.44999694824219,115.20999908447266,113.37999725341797,114.58000183105469,4210800
2015-04-16,88.03143310546875,113.37000274658203,113.98999786376953,113.0199966430664,113.33999633789062,4013000
2015-04-17,87.04527282714844,112.0999984741211,113.11000061035156,111.7699966430664,112.91000366210938,6245200
2015-04-20,87.63542175292969,112.86000061035156,113.69000244140625,112.68000030517578,113.0,4396300
2015-04-21,87.87615203857422,113.16999816894531,113.9800033569336,112.5,113.5,3899500
2015-04-22,87.73636627197266,112.98999786376953,113.30999755859375,112.19000244140625,113.19999694824219,4065500
2015-04-23,88.48957061767578,113.95999908447266,114.51000213623047,112.55999755859375,112.73999786376953,3945300
2015-04-24,88.28766632080078,113.69999694824219,114.04000091552734,112.9000015258789,113.87999725341797,2878300
2015-04-27,86.49395751953125,111.38999938964844,114.11000061035156,111.27999877929688,114.05000305175781,5618000
2015-04-28,85.86502075195312,110.58000183105469,111.7699966430664,110.05000305175781,110.9000015258789,5743300
2015-04-29,84.4129409790039,108.70999908447266,110.30999755859375,108.06999969482422,110.16999816894531,7238900
2015-04-30,83.06961822509766,106.9800033569336,109.20999908447266,106.62000274658203,108.55999755859375,9041600
2015-05-01,85.06520080566406,109.55000305175781,109.79000091552734,106.8499984741211,106.9800033569336,6696900
2015-05-04,85.4612045288086,110.05999755859375,110.44999694824219,109.31999969482422,109.94000244140625,3366800
2015-05-05,83.90823364257812,108.05999755859375,109.87999725341797,107.9800033569336,109.19999694824219,4164800
2015-05-06,84.10234832763672,108.30999755859375,108.91000366210938,107.23999786376953,108.19999694824219,3996600
2015-05-07,85.44567108154297,110.04000091552734,110.72000122070312,108.25,108.4000015258789,5400200
2015-05-08,87.33258056640625,112.47000122070312,113.4800033569336,112.11000061035156,112.4000015258789,6435300
2015-05-11,86.88996887207031,111.9000015258789,112.91000366210938,111.80999755859375,112.23999786376953,3725200
2015-05-12,87.37142181396484,112.5199966430664,112.81999969482422,110.83000183105469,111.12000274658203,4053800
2015-05-13,86.33866882324219,111.19000244140625,112.94999694824219,111.0999984741211,112.91999816894531,4340700
2015-05-14,86.92105865478516,111.94000244140625,112.22000122070312,110.83000183105469,112.05000305175781,3815700
2015-05-15,88.0158920288086,113.3499984741211,113.4000015258789,111.81999969482422,111.91999816894531,4575800
2015-05-18,88.77686309814453,114.33000183105469,114.5999984741211,113.16000366210938,113.87000274658203,6878200
2015-05-19,87.23164367675781,112.33999633789062,116.4800033569336,112.33999633789062,116.12000274658203,11133200
2015-05-20,87.04527282714844,112.0999984741211,112.88999938964844,111.22000122070312,112.19000244140625,7004500
2015-05-21,86.97537994384766,112.01000213623047,112.33000183105469,111.62000274658203,111.9800033569336,4238600
2015-05-22,87.09186553955078,112.16000366210938,112.52999877929688,111.45999908447266,111.87000274658203,3694000
2015-05-26,86.13677215576172,110.93000030517578,112.18000030517578,110.69000244140625,112.0,4612600
2015-05-27,87.09186553955078,112.16000366210938,112.52999877929688,110.80999755859375,111.04000091552734,4147800
2015-05-28,87.11516571044922,112.19000244140625,112.69999694824219,111.86000061035156,111.91000366210938,2806100
2015-05-29,86.51726531982422,111.41999816894531,112.58999633789062,111.37000274658203,111.83999633789062,5310600
2015-06-01,86.71138000488281,111.66999816894531,112.33999633789062,111.25,111.97000122070312,5114500
2015-06-02,87.1094970703125,111.58999633789062,112.18000030517578,110.63999938964844,110.75,6088200
2015-06-03,88.3351058959961,113.16000366210938,113.4800033569336,111.44999694824219,111.72000122070312,6337500
2015-06-04,87.00799560546875,111.45999908447266,113.16000366210938,111.16999816894531,112.5199966430664,4328600
2015-06-05,86.15713500976562,110.37000274658203,111.36000061035156,110.2699966430664,111.33999633789062,4505400
2015-06-08,85.81366729736328,109.93000030517578,110.80999755859375,109.83000183105469,110.13999938964844,3449000
2015-06-09,85.50140380859375,109.52999877929688,110.25,109.02999877929688,109.79000091552734,3659000
2015-06-10,86.63333129882812,110.9800033569336,111.19000244140625,109.38999938964844,109.9000015258789,3967900
2015-06-11,86.87532043457031,111.29000091552734,112.33000183105469,111.0,111.0,3642800
2015-06-12,86.33667755126953,110.5999984741211,111.58999633789062,110.41999816894531,110.88999938964844,4301900
2015-06-15,85.87610626220703,110.01000213623047,110.45999908447266,109.55000305175781,110.2300033569336,3965200
2015-06-16,86.04785919189453,110.2300033569336,110.44999694824219,109.75,109.9000015258789,3466600
2015-06-17,86.23522186279297,110.47000122070312,111.29000091552734,109.95999908447266,110.7300033569336,5722200
2015-06-18,87.3124771118164,111.8499984741211,112.30000305175781,110.76000213623047,111.05999755859375,7222600
2015-06-19,87.76521301269531,112.43000030517578,113.30000305175781,111.44000244140625,111.63999938964844,9255100
2015-06-22,88.26480865478516,113.06999969482422,113.62000274658203,112.77999877929688,112.93000030517578,3190200
2015-06-23,88.35067749023438,113.18000030517578,113.58999633789062,112.93000030517578,113.23999786376953,3075900
2015-06-24,87.70278930664062,112.3499984741211,113.68000030517578,112.3499984741211,112.94000244140625,3716100
2015-06-25,87.61689758300781,112.23999786376953,113.70999908447266,112.23999786376953,113.23999786376953,4466300
2015-06-26,87.89794921875,112.5999984741211,113.33999633789062,112.2300033569336,112.7699966430664,4208500
2015-06-29,86.28985595703125,110.54000091552734,112.31999969482422,110.45999908447266,111.55999755859375,5187400
2015-06-30,86.75042724609375,111.12999725341797,111.76000213623047,110.58999633789062,111.1500015258789,5938800
2015-07-01,87.48419189453125,112.06999969482422,112.80999755859375,111.47000122070312,112.44999694824219,4216200
2015-07-02,87.03143310546875,111.48999786376953,112.75,111.0999984741211,112.58000183105469,3845000
2015-07-06,86.89872741699219,111.31999969482422,111.93000030517578,110.16999816894531,110.2699966430664,3864700
2015-07-07,87.74180603027344,112.4000015258789,112.63999938964844,110.69999694824219,111.72000122070312,5515900
2015-07-08,86.64893341064453,111.0,112.45999908447266,110.80000305175781,111.72000122070312,3794100
2015-07-09,86.945556640625,111.37999725341797,112.58999633789062,111.19999694824219,112.31999969482422,3643700
2015-07-10,88.28821563720703,113.0999984741211,113.4800033569336,112.08999633789062,112.66999816894531,4631400
2015-07-13,89.6933822631836,114.9000015258789,115.0199966430664,114.06999969482422,114.20999908447266,4171900
2015-07-14,90.05244445800781,115.36000061035156,115.52999877929688,114.38999938964844,114.5,3688900
2015-07-15,90.22418212890625,115.58000183105469,116.1500015258789,115.06999969482422,115.41999816894531,3364600
2015-07-16,89.5606460571289,114.7300033569336,115.91000366210938,113.83000183105469,115.87000274658203,5234800
2015-07-17,89.35768127441406,114.47000122070312,115.0,114.0,114.48999786376953,5497600
2015-07-20,88.53020477294922,113.41000366210938,114.11000061035156,112.16999816894531,112.25,6107500
2015-07-21,88.88151550292969,113.86000061035156,113.97000122070312,112.68000030517578,113.41000366210938,4660600
2015-07-22,89.6933822631836,114.9000015258789,115.08000183105469,113.80000305175781,113.95999908447266,5485200
2015-07-23,89.45137786865234,114.58999633789062,116.11000061035156,114.43000030517578,115.20999908447266,4308900
2015-07-24,88.67071533203125,113.58999633789062,115.2300033569336,113.43000030517578,114.73999786376953,4427800
2015-07-27,88.26480865478516,113.06999969482422,113.88999938964844,112.70999908447266,113.37000274658203,4468200
2015-07-28,89.6465072631836,114.83999633789062,115.02999877929688,113.18000030517578,113.76000213623047,4176800
2015-07-29,90.84090423583984,116.37000274658203,116.76000213623047,115.11000061035156,115.16000366210938,5104000
2015-07-30,90.91112518310547,116.45999908447266,116.73999786376953,115.3499984741211,115.94000244140625,3291100
2015-07-31,91.35608673095703,117.02999877929688,118.12999725341797,116.37000274658203,116.9800033569336,4301200
2015-08-03,91.24678802490234,116.88999938964844,117.69999694824219,116.16000366210938,117.62000274658203,3645000
2015-08-04,91.74637603759766,117.52999877929688,117.81999969482422,116.25,116.62999725341797,3008200
2015-08-05,92.1132583618164,118.0,118.52999877929688,117.0999984741211,118.37999725341797,4299100
2015-08-06,90.98919677734375,116.55999755859375,118.5,116.06999969482422,118.38999938964844,4768900
2015-08-07,91.27799987792969,116.93000030517578,117.16000366210938,115.77999877929688,116.69999694824219,3986100
2015-08-10,91.80104064941406,117.5999984741211,118.33999633789062,117.36000061035156,117.52999877929688,3408900
2015-08-11,91.87130737304688,117.69000244140625,118.13999938964844,116.76000213623047,117.0199966430664,4080000
2015-08-12,91.87130737304688,117.69000244140625,117.87999725341797,115.69999694824219,117.12999725341797,4575800
2015-08-13,92.90953063964844,119.0199966430664,120.13999938964844,117.79000091552734,118.0,6255500
2015-08-14,93.4793472290039,119.75,119.88999938964844,118.45999908447266,119.30000305175781,5135500
2015-08-17,93.4403305053711,119.69999694824219,120.75,118.7300033569336,119.0999984741211,7255600
2015-08-18,95.86024475097656,122.80000305175781,123.80000305175781,121.1500015258789,121.83000183105469,11021900
2015-08-19,95.82903289794922,122.76000213623047,123.79000091552734,122.12999725341797,122.66999816894531,6490300
2015-08-20,94.09607696533203,120.54000091552734,122.52999877929688,120.54000091552734,121.9800033569336,5555500
2015-08-21,90.67691802978516,116.16000366210938,120.36000061035156,116.1500015258789,119.54000091552734,10190700
2015-08-24,87.8510971069336,112.54000091552734,115.87999725341797,92.16999816894531,110.05000305175781,13983100
2015-08-25,86.62553405761719,110.97000122070312,117.0,110.88999938964844,117.0,10221100
2015-08-26,90.49738311767578,115.93000030517578,116.02999877929688,112.08000183105469,114.05999755859375,9313200
2015-08-27,91.8478775024414,117.66000366210938,118.08999633789062,115.33000183105469,117.5,7579100
2015-08-28,91.73857879638672,117.5199966430664,118.45999908447266,116.91999816894531,117.43000030517578,5016000
2015-08-31,90.91112518310547,116.45999908447266,117.48999786376953,115.93000030517578,117.01000213623047,5444500
2015-09-01,88.71424102783203,113.06999969482422,114.75,112.55999755859375,113.98999786376953,7392900
2015-09-02,91.38971710205078,116.4800033569336,116.4800033569336,114.31999969482422,114.83000183105469,6487400
2015-09-03,91.48389434814453,116.5999984741211,118.08000183105469,116.18000030517578,117.02999877929688,5302900
2015-09-04,89.77344512939453,114.41999816894531,115.69000244140625,113.48999786376953,114.68000030517578,5752000
2015-09-08,91.35051727294922,116.43000030517578,116.63999938964844,114.7300033569336,115.69000244140625,5775800
2015-09-09,89.42041015625,113.97000122070312,117.47000122070312,113.69999694824219,117.11000061035156,5316400
2015-09-10,89.828369140625,114.48999786376953,115.41000366210938,113.69000244140625,114.0,5259100
2015-09-11,90.57374572753906,115.44000244140625,115.45999908447266,113.69999694824219,113.97000122070312,4472800
2015-09-14,90.01667785644531,114.7300033569336,115.68000030517578,114.41999816894531,115.5,4248700
2015-09-15,91.15436553955078,116.18000030517578,116.62999725341797,113.9000015258789,114.77999877929688,4994000
2015-09-16,92.44107818603516,117.81999969482422,118.02999877929688,115.97000122070312,116.08000183105469,5285100
2015-09-17,92.51168823242188,117.91000366210938,119.81999969482422,117.2699966430664,118.33000183105469,6607100
2015-09-18,90.32266235351562,115.12000274658203,117.19999694824219,114.9800033569336,116.51000213623047,11366700
2015-09-21,91.46819305419922,116.58000183105469,117.11000061035156,115.2699966430664,115.95999908447266,5201100
2015-09-22,90.856201171875,115.80000305175781,116.38999938964844,114.88999938964844,115.4000015258789,4631600
2015-09-23,91.1465072631836,116.16999816894531,116.55000305175781,115.66000366210938,115.8499984741211,4084900
2015-09-24,91.27989196777344,116.33999633789062,116.6500015258789,114.83999633789062,115.33999633789062,5172300
2015-09-25,91.59373474121094,116.73999786376953,118.16999816894531,116.04000091552734,117.2300033569336,5478900
2015-09-28,89.52236938476562,114.0999984741211,117.37999725341797,113.8499984741211,116.52999877929688,5994600
2015-09-29,88.58870697021484,112.91000366210938,114.93000030517578,111.80000305175781,114.20999908447266,7908800
2015-09-30,90.61297607421875,115.48999786376953,115.62999725341797,114.0,114.37000274658203,5395600
2015-10-01,91.82125854492188,117.02999877929688,117.12999725341797,114.73999786376953,116.2300033569336,5215200
2015-10-02,92.43326568603516,117.80999755859375,117.9000015258789,114.70999908447266,115.55999755859375,4359800
2015-10-05,93.52381896972656,119.19999694824219,119.29000091552734,117.91000366210938,118.75,4528700
2015-10-06,93.1158447265625,118.68000030517578,119.19999694824219,117.97000122070312,119.0999984741211,5275400
2015-10-07,93.87688446044922,119.6500015258789,119.83999633789062,118.48999786376953,119.19999694824219,4680100
2015-10-08,94.98316955566406,121.05999755859375,121.2300033569336,119.1500015258789,119.30999755859375,4958200
2015-10-09,95.19498443603516,121.33000183105469,121.5,120.47000122070312,121.2699966430664,3893500
2015-10-12,95.64225769042969,121.9000015258789,122.44999694824219,121.0,121.48999786376953,2861900
2015-10-13,95.41473388671875,121.61000061035156,122.29000091552734,121.13999938964844,121.7699966430664,2971400
2015-10-14,94.36336517333984,120.2699966430664,121.87999725341797,119.55999755859375,121.33000183105469,5200400
2015-10-15,95.57164764404297,121.80999755859375,122.02999877929688,120.4000015258789,120.62000274658203,3448900
2015-10-16,96.30130004882812,122.73999786376953,122.81999969482422,121.62999725341797,121.62999725341797,4068800
2015-10-19,96.58374786376953,123.0999984741211,123.19999694824219,122.19999694824219,122.61000061035156,3097700
2015-10-20,96.3875961303711,122.8499984741211,123.16999816894531,122.3499984741211,122.88999938964844,3318400
2015-10-21,96.74068450927734,123.30000305175781,124.0199966430664,122.75,123.29000091552734,3491800
2015-10-22,97.57235717773438,124.36000061035156,124.4800033569336,122.87999725341797,123.9000015258789,5855300
2015-10-23,97.76850128173828,124.61000061035156,125.75,122.97000122070312,125.01000213623047,5281600
2015-10-26,98.08234405517578,125.01000213623047,125.66000366210938,124.0199966430664,124.55000305175781,4550200
2015-10-27,97.65863037109375,124.47000122070312,125.08999633789062,123.81999969482422,124.51000213623047,3674800
2015-10-28,97.148681640625,123.81999969482422,124.58999633789062,122.22000122070312,124.37999725341797,6821500
2015-10-29,96.99958038330078,123.62999725341797,124.06999969482422,122.75,123.41999816894531,4635300
2015-10-30,97.0074691772461,123.63999938964844,124.75,123.2699966430664,123.2699966430664,4991500
2015-11-02,97.61158752441406,124.41000366210938,124.63999938964844,123.37999725341797,124.23999786376953,3715600
2015-11-03,98.59231567382812,125.66000366210938,126.04000091552734,123.80999755859375,124.2300033569336,4313700
2015-11-04,98.37262725830078,125.37999725341797,125.87000274658203,124.62000274658203,125.4800033569336,4101200
2015-11-05,98.63941192626953,125.72000122070312,126.01000213623047,124.94999694824219,125.45999908447266,3059400
2015-11-06,98.84339904785156,125.9800033569336,126.11000061035156,124.81999969482422,125.2699966430664,3752000
2015-11-09,97.68216705322266,124.5,126.12000274658203,123.70999908447266,125.80000305175781,4988800
2015-11-10,98.2784652709961,125.26000213623047,125.41000366210938,124.04000091552734,124.48999786376953,3872900
2015-11-11,97.84695434570312,124.70999908447266,125.43000030517578,124.5199966430664,125.43000030517578,3240200
2015-11-12,97.14079284667969,123.80999755859375,124.97000122070312,123.05999755859375,124.18000030517578,4285700
2015-11-13,94.15150451660156,120.0,123.25,119.9000015258789,123.0999984741211,8728800
2015-11-16,94.81055450439453,120.83999633789062,121.02999877929688,118.61000061035156,120.05000305175781,7785700
2015-11-17,99.00030517578125,126.18000030517578,126.33999633789062,123.0999984741211,124.86000061035156,10517100
2015-11-18,99.28274536132812,126.54000091552734,126.7300033569336,124.66000366210938,126.44000244140625,6502000
2015-11-19,99.53382873535156,126.86000061035156,127.62000274658203,125.94999694824219,126.52999877929688,4662200
2015-11-20,102.16224670410156,130.2100067138672,130.2100067138672,127.08999633789062,127.36000061035156,8191900
2015-11-23,103.95895385742188,132.5,132.63999938964844,130.2100067138672,130.2100067138672,6329700
2015-11-24,104.82199096679688,133.60000610351562,133.92999267578125,131.74000549316406,131.92999267578125,6672700
2015-11-25,105.64582824707031,134.64999389648438,135.24000549316406,133.5500030517578,133.69000244140625,5300900
2015-11-27,105.71647644042969,134.74000549316406,135.47000122070312,134.52999877929688,134.80999755859375,3337700
2015-11-30,105.04170989990234,133.8800048828125,135.32000732421875,133.00999450683594,135.1999969482422,8057900
2015-12-01,105.94009399414062,134.42999267578125,134.6300048828125,133.25999450683594,133.52000427246094,5267600
2015-12-02,105.45146942138672,133.80999755859375,134.64999389648438,133.57000732421875,134.55999755859375,5022700
2015-12-03,103.18183135986328,130.92999267578125,134.1199951171875,130.8000030517578,133.52000427246094,6688000
2015-12-04,106.0188980102539,134.52999877929688,134.8300018310547,131.35000610351562,131.5500030517578,5387100
2015-12-07,105.5460433959961,133.92999267578125,134.7899932861328,133.19000244140625,134.0,5444300
2015-12-08,105.47514343261719,133.83999633789062,134.55999755859375,132.41000366210938,132.7100067138672,4731400
2015-12-09,103.9462661743164,131.89999389648438,134.77999877929688,131.50999450683594,133.2100067138672,5055600
2015-12-10,104.4506607055664,132.5399932861328,133.58999633789062,131.8000030517578,131.9600067138672,4185600
2015-12-11,102.79570007324219,130.44000244140625,132.5399932861328,130.30999755859375,132.5399932861328,5300800
2015-12-14,104.03296661376953,132.00999450683594,132.1300048828125,130.7100067138672,131.08999633789062,5960100
2015-12-15,103.46556091308594,131.2899932861328,133.49000549316406,131.19000244140625,132.6199951171875,4921800
2015-12-16,104.7343521118164,132.89999389648438,133.27999877929688,130.36000061035156,132.1699981689453,4711700
2015-12-17,103.51282501220703,131.35000610351562,133.5399932861328,131.0,133.05999755859375,4345800
2015-12-18,102.67747497558594,130.2899932861328,131.30999755859375,130.00999450683594,130.72999572753906,9840600
2015-12-21,103.48130798339844,131.30999755859375,131.61000061035156,130.17999267578125,131.0,3414800
2015-12-22,103.93052673339844,131.8800048828125,132.27999877929688,130.4600067138672,131.3699951171875,3401900
2015-12-23,104.89983367919922,133.11000061035156,133.33999633789062,131.8800048828125,132.49000549316406,3244800
2015-12-24,104.7343521118164,132.89999389648438,133.47999572753906,132.66000366210938,132.8000030517578,1517100
2015-12-28,104.56098175048828,132.67999267578125,132.89999389648438,131.88999938964844,132.25,2607200
2015-12-29,105.36479187011719,133.6999969482422,134.3300018310547,133.27999877929688,133.3699951171875,3037400
2015-12-30,105.0889663696289,133.35000610351562,134.05999755859375,133.27999877929688,133.5800018310547,2484700
2015-12-31,104.22209930419922,132.25,133.57000732421875,132.24000549316406,133.0800018310547,3178700
2016-01-04,103.29219818115234,131.07000732421875,131.07000732421875,129.4499969482422,130.11000061035156,8050900
2016-01-05,102.78783416748047,130.42999267578125,131.94000244140625,130.0500030517578,131.14999389648438,5320900
2016-01-06,101.72392272949219,129.0800018310547,129.89999389648438,128.55999755859375,129.0,8199600
2016-01-07,98.8238525390625,125.4000015258789,127.87999725341797,124.69999694824219,126.93000030517578,12551000
2016-01-08,97.6417236328125,123.9000015258789,126.52999877929688,123.5,126.44000244140625,7104500
2016-01-11,99.12329864501953,125.77999877929688,126.08000183105469,124.08999633789062,124.87000274658203,6811600
2016-01-12,100.47088623046875,127.48999786376953,128.8000030517578,125.83000183105469,126.77999877929688,5695700
2016-01-13,95.67154693603516,121.4000015258789,127.47000122070312,120.97000122070312,127.47000122070312,8932200
2016-01-14,94.26880645751953,119.62000274658203,121.5199966430664,118.19999694824219,121.29000091552734,13389100
2016-01-15,93.9614486694336,119.2300033569336,121.1500015258789,116.0999984741211,117.12000274658203,10515000
2016-01-19,94.37911987304688,119.76000213623047,121.88999938964844,118.80000305175781,120.54000091552734,6350700
2016-01-20,91.77848052978516,116.45999908447266,118.66000366210938,113.58999633789062,117.88999938964844,11331400
2016-01-21,94.74165344238281,120.22000122070312,121.94000244140625,117.13999938964844,117.37999725341797,8993900
2016-01-22,96.74331665039062,122.76000213623047,124.66999816894531,121.58000183105469,121.63999938964844,6554500
2016-01-25,95.91586303710938,121.70999908447266,123.8499984741211,121.55999755859375,123.37999725341797,4854700
2016-01-26,96.30198669433594,122.19999694824219,122.44999694824219,120.63999938964844,121.7300033569336,4475600
2016-01-27,95.8055191040039,121.56999969482422,124.31999969482422,120.86000061035156,122.45999908447266,5431000
2016-01-28,96.36505889892578,122.27999877929688,122.69000244140625,120.30999755859375,121.97000122070312,4871600
2016-01-29,99.10752868652344,125.76000213623047,125.76000213623047,122.75,123.16999816894531,7616200
2016-02-01,99.6985855102539,126.51000213623047,127.08999633789062,123.98999786376953,124.91999816894531,4674100
2016-02-02,98.72137451171875,125.2699966430664,126.43000030517578,124.70999908447266,125.41000366210938,5832200
2016-02-03,97.55503845214844,123.79000091552734,126.16000366210938,121.54000091552734,126.0199966430664,7485700
2016-02-04,95.44302368164062,121.11000061035156,123.9000015258789,119.44999694824219,123.6500015258789,9171800
2016-02-05,91.7548599243164,116.43000030517578,121.0,115.69000244140625,120.88999938964844,8117700
2016-02-08,88.14550018310547,111.8499984741211,115.97000122070312,109.62000274658203,114.93000030517578,11286600
2016-02-09,89.72952270507812,113.86000061035156,115.29000091552734,110.68000030517578,110.94000244140625,7572900
2016-02-10,90.09990692138672,114.33000183105469,116.16000366210938,114.05000305175781,114.5,5307600
2016-02-11,89.26454162597656,113.2699966430664,114.19000244140625,112.22000122070312,113.08000183105469,6447100
2016-02-12,91.66817474365234,116.31999969482422,116.43000030517578,113.5199966430664,114.87999725341797,5361600
2016-02-16,94.11904907226562,119.43000030517578,120.0,117.69999694824219,118.12000274658203,6966400
2016-02-17,95.52184295654297,121.20999908447266,121.68000030517578,119.87000274658203,120.44999694824219,5970700
2016-02-18,94.54460906982422,119.97000122070312,121.11000061035156,119.55999755859375,120.93000030517578,4460700
2016-02-19,95.90009307861328,121.69000244140625,121.69999694824219,118.75,119.81999969482422,5435500
2016-02-22,96.81423950195312,122.8499984741211,124.47000122070312,122.12999725341797,123.0,7796900
2016-02-23,98.13821411132812,124.52999877929688,127.19000244140625,123.3499984741211,127.0,11168700
2016-02-24,98.98931884765625,125.61000061035156,125.77999877929688,122.91999816894531,124.05000305175781,7935500
2016-02-25,99.9743881225586,126.86000061035156,126.86000061035156,124.88999938964844,125.76000213623047,4738800
2016-02-26,99.5015869140625,126.26000213623047,127.75,125.93000030517578,127.58999633789062,4608200
2016-02-29,97.81510925292969,124.12000274658203,126.98999786376953,124.05000305175781,126.26000213623047,5575300
2016-03-01,99.06023406982422,125.69999694824219,125.97000122070312,123.9800033569336,124.77999877929688,4916900
2016-03-02,98.97358703613281,125.58999633789062,125.87000274658203,124.45999908447266,125.4800033569336,3967500
2016-03-03,99.92713165283203,126.80000305175781,127.26000213623047,124.77999877929688,125.19999694824219,5009700
2016-03-04,98.9499282836914,125.55999755859375,127.5,125.16000366210938,127.37000274658203,6448200
2016-03-07,99.4306411743164,126.16999816894531,126.54000091552734,125.01000213623047,125.01000213623047,4161200
2016-03-08,100.4132308959961,126.72000122070312,128.1999969482422,125.0,125.22000122070312,5280900
2016-03-09,99.86643981933594,126.02999877929688,127.5199966430664,125.33000183105469,127.02999877929688,4047000
2016-03-10,99.7555160522461,125.88999938964844,127.0,124.30999755859375,126.19999694824219,4503700
2016-03-11,101.79198455810547,128.4600067138672,128.75999450683594,126.7300033569336,126.97000122070312,4626600
2016-03-14,102.0931167602539,128.83999633789062,129.66000366210938,128.10000610351562,128.42999267578125,3653200
2016-03-15,102.78250885009766,129.7100067138672,130.47999572753906,128.6199951171875,128.77999877929688,4033900
2016-03-16,103.36888122558594,130.4499969482422,131.11000061035156,128.80999755859375,129.6300048828125,3609600
2016-03-17,103.70960998535156,130.8800048828125,131.19000244140625,129.32000732421875,130.10000610351562,4130900
2016-03-18,104.08204650878906,131.35000610351562,132.08999633789062,130.8300018310547,131.13999938964844,8069200
2016-03-21,103.81259155273438,131.00999450683594,132.1300048828125,130.27000427246094,131.52999877929688,3817000
2016-03-22,103.47982025146484,130.58999633789062,131.22000122070312,129.9199981689453,130.61000061035156,3946500
2016-03-23,103.18663787841797,130.22000122070312,131.17999267578125,129.9499969482422,130.58999633789062,3625300
2016-03-24,103.37682342529297,130.4600067138672,130.75999450683594,129.4600067138672,129.5399932861328,3448700
2016-03-28,103.86810302734375,131.0800018310547,131.80999755859375,130.49000549316406,130.60000610351562,2621100
2016-03-29,104.96952819824219,132.47000122070312,132.89999389648438,130.7100067138672,131.0,3405400
2016-03-30,105.7222900390625,133.4199981689453,133.92999267578125,132.83999633789062,133.11000061035156,3138300
2016-03-31,105.73021697998047,133.42999267578125,134.2899932861328,133.0,133.55999755859375,3685900
2016-04-01,106.85545349121094,134.85000610351562,135.1999969482422,133.10000610351562,133.10000610351562,4259400
2016-04-04,106.85545349121094,134.85000610351562,136.22999572753906,134.35000610351562,136.07000732421875,3547600
2016-04-05,106.64151000976562,134.5800018310547,135.6999969482422,133.89999389648438,134.1999969482422,4068600
2016-04-06,107.3229751586914,135.44000244140625,135.74000549316406,133.82000732421875,134.25,3364800
2016-04-07,106.07888793945312,133.8699951171875,135.24000549316406,133.1199951171875,134.72999572753906,3953700
2016-04-08,105.88079833984375,133.6199951171875,134.6199951171875,133.05999755859375,134.6199951171875,2924400
2016-04-11,105.39742279052734,133.00999450683594,135.0800018310547,132.9600067138672,133.5800018310547,3472700
2016-04-12,106.48302459716797,134.3800048828125,134.72000122070312,133.11000061035156,133.3000030517578,4251400
2016-04-13,106.05513000488281,133.83999633789062,134.86000061035156,133.22000122070312,134.86000061035156,4324800
2016-04-14,106.47510528564453,134.3699951171875,134.7100067138672,132.8800048828125,133.5,4183300
2016-04-15,106.98225402832031,135.00999450683594,135.27999877929688,133.97000122070312,134.41000366210938,3508900
2016-04-18,108.40060424804688,136.8000030517578,136.8000030517578,134.74000549316406,134.80999755859375,3964300
2016-04-19,107.3229751586914,135.44000244140625,137.0,134.85000610351562,136.8000030517578,4649500
2016-04-20,107.1248550415039,135.19000244140625,136.0800018310547,134.47999572753906,135.75,4760200
2016-04-21,106.65736389160156,134.60000610351562,135.49000549316406,134.38999938964844,135.22999572753906,3542200
2016-04-22,107.49728393554688,135.66000366210938,135.67999267578125,133.41000366210938,134.85000610351562,4180900
2016-04-25,107.48938751220703,135.64999389648438,135.72999572753906,134.27999877929688,135.17999267578125,2835400
2016-04-26,107.24372863769531,135.33999633789062,136.24000549316406,134.8800048828125,135.08999633789062,3507200
2016-04-27,107.5685806274414,135.75,136.27999877929688,134.75999450683594,135.3699951171875,3488100
2016-04-28,105.17554473876953,132.72999572753906,135.44000244140625,132.49000549316406,134.80999755859375,5553600
2016-04-29,106.09474182128906,133.88999938964844,134.3000030517578,131.75,132.7100067138672,4610100
2016-05-02,107.80633544921875,136.0500030517578,136.25,134.30999755859375,134.3699951171875,4284400
2016-05-03,106.60980987548828,134.5399932861328,135.83999633789062,134.0399932861328,135.4499969482422,3408700
2016-05-04,107.1010971069336,135.16000366210938,135.39999389648438,133.1300048828125,133.58999633789062,3192100
2016-05-05,106.71282958984375,134.6699981689453,135.3699951171875,133.75,134.8699951171875,3474900
2016-05-06,107.52896118164062,135.6999969482422,135.80999755859375,134.30999755859375,134.47999572753906,3356800
2016-05-09,107.9568862915039,136.24000549316406,136.47000122070312,135.24000549316406,135.58999633789062,3552300
2016-05-10,108.96324157714844,137.50999450683594,137.82000732421875,136.3000030517578,136.32000732421875,3662800
2016-05-11,106.4196548461914,134.3000030517578,137.0500030517578,134.0399932861328,136.8000030517578,6058400
2016-05-12,106.33245086669922,134.19000244140625,135.0,133.10000610351562,135.0,5355600
2016-05-13,105.49249267578125,133.1300048828125,135.3300018310547,133.02999877929688,133.80999755859375,5295800
2016-05-16,107.24372863769531,135.33999633789062,136.5500030517578,133.0800018310547,133.83999633789062,8394800
2016-05-17,104.59709930419922,132.0,134.49000549316406,131.10000610351562,133.14999389648438,15989600
2016-05-18,104.41485595703125,131.77000427246094,132.77000427246094,130.02000427246094,131.02999877929688,8258900
2016-05-19,104.38314819335938,131.72999572753906,132.1300048828125,130.77999877929688,131.4499969482422,4577200
2016-05-20,104.47824096679688,131.85000610351562,133.05999755859375,131.75,131.88999938964844,5089800
2016-05-23,104.13751220703125,131.4199981689453,132.47999572753906,131.3000030517578,131.83999633789062,3854500
2016-05-24,105.6747817993164,133.36000061035156,133.8699951171875,132.0500030517578,132.17999267578125,5181500
2016-05-25,105.5479965209961,133.1999969482422,134.52000427246094,133.0500030517578,133.4600067138672,5017500
2016-05-26,106.2215347290039,134.0500030517578,134.36000061035156,132.86000061035156,133.1300048828125,3996800
2016-05-27,106.13436889648438,133.94000244140625,134.89999389648438,133.3800048828125,134.07000732421875,4025300
2016-05-31,105.23430633544922,132.1199951171875,133.8000030517578,131.72000122070312,133.57000732421875,6366900
2016-06-01,105.00334930419922,131.8300018310547,132.1199951171875,131.14999389648438,132.1199951171875,4744300
2016-06-02,105.46531677246094,132.41000366210938,132.6999969482422,131.3300018310547,131.85000610351562,3858500
2016-06-03,104.93162536621094,131.74000549316406,132.72999572753906,130.9199981689453,132.52999877929688,4155900
2016-06-06,102.90054321289062,129.19000244140625,130.8699951171875,128.47000122070312,130.82000732421875,8051700
2016-06-07,103.48200225830078,129.9199981689453,130.8000030517578,129.32000732421875,129.3800048828125,4434000
2016-06-08,103.21915435791016,129.58999633789062,130.2899932861328,129.25,130.00999450683594,3742400
2016-06-09,102.98814392089844,129.3000030517578,129.83999633789062,129.0399932861328,129.27000427246094,3450500
2016-06-10,102.61381530761719,128.8300018310547,129.22999572753906,128.2100067138672,128.4499969482422,3926000
2016-06-13,101.81730651855469,127.83000183105469,129.4499969482422,127.79000091552734,128.94000244140625,4830900
2016-06-14,99.75434112548828,125.23999786376953,127.44000244140625,124.70999908447266,127.30999755859375,7303500
2016-06-15,100.7818603515625,126.52999877929688,127.75,125.48999786376953,125.73999786376953,5140000
2016-06-16,101.44294738769531,127.36000061035156,127.54000091552734,125.66000366210938,126.05000305175781,4431800
2016-06-17,101.2677001953125,127.13999938964844,127.77999877929688,126.7300033569336,127.5199966430664,7541900
2016-06-20,101.6500473022461,127.62000274658203,128.85000610351562,127.41999816894531,128.1300048828125,3880300
2016-06-21,101.74562072753906,127.73999786376953,128.30999755859375,127.29000091552734,127.95999908447266,3600900
2016-06-22,101.63410186767578,127.5999984741211,128.97000122070312,127.4000015258789,127.69000244140625,3723700
2016-06-23,102.18368530273438,128.2899932861328,129.10000610351562,127.44999694824219,128.97999572753906,4784500
2016-06-24,100.67830657958984,126.4000015258789,127.80000305175781,125.5,126.0999984741211,8979800
2016-06-27,99.30036163330078,124.66999816894531,125.75,123.62000274658203,125.33999633789062,5656900
2016-06-28,101.57831573486328,127.52999877929688,127.52999877929688,125.5999984741211,125.88999938964844,5385000
2016-06-29,101.450927734375,127.37000274658203,128.47000122070312,126.9000015258789,127.9000015258789,5782100
2016-06-30,101.7057876586914,127.69000244140625,127.86000061035156,126.0999984741211,127.2699966430664,6642000
2016-07-01,103.2430191040039,129.6199951171875,130.22999572753906,128.1199951171875,128.2899932861328,5645200
2016-07-05,103.02798461914062,129.35000610351562,130.47999572753906,128.5,129.60000610351562,4096600
2016-07-06,104.7962417602539,131.57000732421875,131.61000061035156,129.02999877929688,129.1999969482422,4933200
2016-07-07,104.46966552734375,131.16000366210938,132.17999267578125,130.55999755859375,131.25,3973600
2016-07-08,107.0025634765625,134.33999633789062,134.36000061035156,132.25,132.3300018310547,4806200
2016-07-11,107.6477279663086,135.14999389648438,135.8800048828125,134.4499969482422,134.8300018310547,4577000
2016-07-12,107.40081787109375,134.83999633789062,135.99000549316406,134.3000030517578,135.24000549316406,3615800
2016-07-13,106.38125610351562,133.55999755859375,135.1999969482422,133.10000610351562,134.83999633789062,4235500
2016-07-14,107.16188049316406,134.5399932861328,134.7899932861328,133.8300018310547,134.39999389648438,3122300
2016-07-15,107.35302734375,134.77999877929688,135.58999633789062,134.64999389648438,135.1199951171875,5323000
2016-07-18,108.59558868408203,136.33999633789062,136.47999572753906,134.80999755859375,135.4600067138672,3730900
2016-07-19,109.10533142089844,136.97999572753906,137.0500030517578,135.55999755859375,136.07000732421875,3831500
2016-07-20,109.44781494140625,137.41000366210938,137.4499969482422,136.77000427246094,137.39999389648438,3092000
2016-07-21,108.38053894042969,136.07000732421875,137.13999938964844,135.47000122070312,136.75999450683594,4938100
2016-07-22,108.7389907836914,136.52000427246094,136.63999938964844,135.9600067138672,136.41000366210938,2627200
2016-07-25,108.72301483154297,136.5,136.85000610351562,136.14999389648438,136.5500030517578,3352600
2016-07-26,108.92211151123047,136.75,137.50999450683594,136.05999755859375,136.5,2575600
2016-07-27,108.57169342041016,136.30999755859375,137.69000244140625,135.9600067138672,137.00999450683594,3030800
2016-07-28,109.88591003417969,137.9600067138672,138.1199951171875,136.10000610351562,136.19000244140625,3230000
2016-07-29,110.10894012451172,138.24000549316406,138.72000122070312,137.44000244140625,137.4600067138672,3662600
2016-08-01,110.53106689453125,138.77000427246094,138.94000244140625,137.85000610351562,138.05999755859375,3157800
2016-08-02,109.2964859008789,137.22000122070312,139.0,136.82000732421875,138.91000366210938,3898100
2016-08-03,109.1690444946289,137.05999755859375,137.22000122070312,135.6999969482422,137.1300048828125,3642600
2016-08-04,108.36458587646484,136.0500030517578,137.1999969482422,135.4600067138672,135.7899932861328,3802900
2016-08-05,109.049560546875,136.91000366210938,137.74000549316406,136.60000610351562,137.0,3022100
2016-08-08,108.49203491210938,136.2100067138672,137.39999389648438,136.16000366210938,136.91000366210938,3182800
2016-08-09,108.41236877441406,136.11000061035156,137.08999633789062,135.33999633789062,136.27000427246094,3180400
2016-08-10,108.00616455078125,135.60000610351562,136.88999938964844,135.05999755859375,136.3000030517578,3438000
2016-08-11,109.15308380126953,137.0399932861328,137.5,135.1699981689453,136.30999755859375,4183300
2016-08-12,108.7787857055664,136.57000732421875,137.38999938964844,135.6300048828125,136.0,4090000
2016-08-15,109.1690444946289,137.05999755859375,137.97000122070312,136.92999267578125,137.11000061035156,6327400
2016-08-16,108.50794219970703,136.22999572753906,138.64999389648438,135.66000366210938,137.64999389648438,7286100
2016-08-17,108.44422912597656,136.14999389648438,136.47000122070312,134.75,135.5,5222200
2016-08-18,107.36897277832031,134.8000030517578,136.14999389648438,134.44000244140625,136.02999877929688,4430800
2016-08-19,107.8946762084961,135.4600067138672,135.75999450683594,134.32000732421875,134.4199981689453,3959000
2016-08-22,107.7990493774414,135.33999633789062,135.85000610351562,135.02000427246094,135.60000610351562,2752500
2016-08-23,108.50000762939453,136.22000122070312,136.5500030517578,135.92999267578125,135.92999267578125,2961100
2016-08-24,107.57605743408203,135.05999755859375,136.25,134.80999755859375,135.77000427246094,4113000
2016-08-25,107.87073516845703,135.42999267578125,136.16000366210938,134.3699951171875,134.72999572753906,3168900
2016-08-26,107.01850128173828,134.36000061035156,136.17999267578125,133.9199981689453,135.42999267578125,4193400
2016-08-29,107.71941375732422,135.24000549316406,135.3000030517578,134.5800018310547,134.86000061035156,3227700
2016-08-30,107.35914611816406,134.10000610351562,135.0500030517578,133.6300048828125,134.8000030517578,3440600
2016-08-31,107.37515258789062,134.1199951171875,134.67999267578125,133.60000610351562,133.88999938964844,4650600
2016-09-01,107.46324157714844,134.22999572753906,135.05999755859375,133.66000366210938,134.47999572753906,3851800
2016-09-02,108.19976806640625,135.14999389648438,135.8800048828125,134.5500030517578,134.77000427246094,3402600
2016-09-06,107.35914611816406,134.10000610351562,135.72000122070312,133.8800048828125,134.9600067138672,4220400
2016-09-07,106.31037139892578,132.7899932861328,133.8699951171875,132.16000366210938,133.3000030517578,4676000
2016-09-08,105.08544921875,131.25999450683594,132.94000244140625,131.1199951171875,131.5500030517578,5019600
2016-09-09,102.26739501953125,127.73999786376953,130.88999938964844,127.7300033569336,130.63999938964844,6315000
2016-09-12,102.94786834716797,128.58999633789062,128.85000610351562,126.0,126.5,7882600
2016-09-13,100.65018463134766,125.72000122070312,128.0,125.43000030517578,127.73999786376953,6376300
2016-09-14,101.08251953125,126.26000213623047,126.94999694824219,125.56999969482422,125.61000061035156,4313900
2016-09-15,101.64292907714844,126.95999908447266,127.63999938964844,125.70999908447266,125.97000122070312,5100700
2016-09-16,100.96243286132812,126.11000061035156,127.0199966430664,125.69999694824219,127.0199966430664,6941200
2016-09-19,101.10652160644531,126.29000091552734,127.37000274658203,126.16999816894531,126.68000030517578,4525400
2016-09-20,101.53883361816406,126.83000183105469,127.33000183105469,126.33000183105469,126.86000061035156,3627100
2016-09-21,102.56359100341797,128.11000061035156,128.58999633789062,126.55000305175781,127.5199966430664,5367400
2016-09-22,103.07599639892578,128.75,129.64999389648438,128.72000122070312,128.82000732421875,4099700
2016-09-23,102.30742645263672,127.79000091552734,129.1999969482422,127.79000091552734,128.6300048828125,4464700
2016-09-26,100.43404388427734,125.44999694824219,127.2300033569336,125.3499984741211,127.0999984741211,5338500
2016-09-27,101.53085327148438,126.81999969482422,126.98999786376953,125.36000061035156,125.80000305175781,4433600
2016-09-28,102.69171905517578,128.27000427246094,128.52999877929688,127.05999755859375,127.20999908447266,5751100
2016-09-29,102.41950988769531,127.93000030517578,130.74000549316406,127.91000366210938,128.5,5987500
2016-09-30,103.01995849609375,128.67999267578125,129.24000549316406,127.62999725341797,127.87000274658203,6044600
2016-10-03,102.87586212158203,128.5,128.82000732421875,127.97000122070312,128.1999969482422,3652700
2016-10-04,102.63565826416016,128.1999969482422,129.9199981689453,127.94999694824219,128.52999877929688,4848600
2016-10-05,102.1393051147461,127.58000183105469,129.02999877929688,127.5199966430664,128.32000732421875,4115400
2016-10-06,104.22883605957031,130.19000244140625,130.4499969482422,126.43000030517578,126.87000274658203,7472400
2016-10-07,102.7237319946289,128.30999755859375,130.41000366210938,127.87999725341797,129.8300018310547,5511900
2016-10-10,101.87508392333984,127.25,128.94000244140625,127.25,128.4499969482422,4349700
2016-10-11,100.75428009033203,125.8499984741211,127.08000183105469,125.45999908447266,126.8499984741211,5113900
2016-10-12,101.42677307128906,126.69000244140625,127.16000366210938,125.70999908447266,125.8499984741211,3545900
2016-10-13,101.10652160644531,126.29000091552734,126.66000366210938,125.16999816894531,126.25,3655700
2016-10-14,101.21063232421875,126.41999816894531,127.55999755859375,126.41999816894531,126.9000015258789,4462100
2016-10-17,100.18585205078125,125.13999938964844,126.80000305175781,124.87999725341797,126.18000030517578,3753000
2016-10-18,100.66620635986328,125.73999786376953,126.25,125.1500015258789,126.1500015258789,3563300
2016-10-19,100.78629302978516,125.88999938964844,126.08999633789062,124.51000213623047,125.76000213623047,4094800
2016-10-20,101.07449340820312,126.25,127.08000183105469,125.56999969482422,125.94999694824219,3543200
2016-10-21,101.3547134399414,126.5999984741211,126.80000305175781,125.25,125.30999755859375,3234100
2016-10-24,102.29940032958984,127.77999877929688,128.13999938964844,127.2300033569336,127.2300033569336,3824800
2016-10-25,98.74480438232422,123.33999633789062,126.2699966430664,123.29000091552734,126.2699966430664,8731900
2016-10-26,98.24042510986328,122.70999908447266,123.75,122.4000015258789,122.83000183105469,5456100
2016-10-27,97.88013458251953,122.26000213623047,123.45999908447266,121.8499984741211,122.70999908447266,4261600
2016-10-28,98.93694305419922,123.58000183105469,124.08999633789062,122.20999908447266,122.69999694824219,4497700
2016-10-31,97.68000030517578,122.01000213623047,123.5,121.62000274658203,123.3499984741211,5671500
2016-11-01,95.98275756835938,119.88999938964844,122.25,119.19999694824219,121.69000244140625,7492600
2016-11-02,96.3030014038086,120.29000091552734,121.29000091552734,119.81999969482422,119.93000030517578,4846000
2016-11-03,96.2149429321289,120.18000030517578,120.93000030517578,120.08000183105469,120.33999633789062,5113500
2016-11-04,96.79936981201172,120.91000366210938,121.9000015258789,120.05999755859375,120.54000091552734,4607600
2016-11-07,99.07303619384766,123.75,123.9800033569336,122.30999755859375,122.5,5510400
2016-11-08,99.47333526611328,124.25,125.41999816894531,123.5999984741211,123.94999694824219,6105900
2016-11-09,100.89038848876953,126.0199966430664,126.26000213623047,120.31999969482422,120.94999694824219,8052500
2016-11-10,103.30014038085938,129.02999877929688,130.10000610351562,126.51000213623047,126.72000122070312,8737000
2016-11-11,103.95665740966797,129.85000610351562,130.1300048828125,128.72000122070312,129.05999755859375,5496100
2016-11-14,102.21134185791016,127.66999816894531,130.63999938964844,126.94000244140625,130.5,11438500
2016-11-15,99.59341430664062,124.4000015258789,127.66999816894531,122.91999816894531,127.06999969482422,13445400
2016-11-16,100.33797454833984,125.33000183105469,125.69999694824219,123.27999877929688,123.5999984741211,9793400
2016-11-17,103.22006225585938,128.92999267578125,129.13999938964844,125.69999694824219,125.87000274658203,6801200
2016-11-18,102.73974609375,128.3300018310547,129.36000061035156,127.72000122070312,128.92999267578125,4428900
2016-11-21,102.65167236328125,128.22000122070312,128.89999389648438,127.41000366210938,128.27999877929688,4072100
2016-11-22,104.86132049560547,130.97999572753906,131.3000030517578,128.3800048828125,128.3800048828125,5535800
2016-11-23,105.04545593261719,131.2100067138672,131.99000549316406,130.86000061035156,131.36000061035156,3582700
2016-11-25,105.33365631103516,131.57000732421875,132.13999938964844,131.07000732421875,131.86000061035156,2545800
2016-11-28,104.58911895751953,130.63999938964844,131.64999389648438,130.1699981689453,131.25,4859000
2016-11-29,104.3234634399414,129.6199951171875,130.77999877929688,129.25,130.35000610351562,4127100
2016-11-30,104.14643859863281,129.39999389648438,130.32000732421875,128.80999755859375,129.33999633789062,6973800
2016-12-01,104.20277404785156,129.47000122070312,130.35000610351562,129.0,129.33999633789062,5398700
2016-12-02,104.52471923828125,129.8699951171875,130.6199951171875,128.91000366210938,129.0399932861328,3738300
2016-12-05,104.37179565429688,129.67999267578125,130.4600067138672,129.55999755859375,130.32000732421875,4065400
2016-12-06,103.6152572631836,128.74000549316406,130.13999938964844,128.67999267578125,130.1300048828125,4292600
2016-12-07,106.60926055908203,132.4600067138672,133.05999755859375,128.75,128.75,6987300
2016-12-08,106.66559600830078,132.52999877929688,133.1300048828125,131.5800018310547,132.2100067138672,4975400
2016-12-09,107.35774230957031,133.38999938964844,133.39999389648438,131.10000610351562,132.50999450683594,5174600
2016-12-12,108.3155288696289,134.5800018310547,134.66000366210938,133.1300048828125,133.1300048828125,6276500
2016-12-13,109.89298248291016,136.5399932861328,136.88999938964844,134.5500030517578,134.5500030517578,6886300
2016-12-14,109.44229125976562,135.97999572753906,136.8800048828125,135.75,136.0500030517578,7036300
2016-12-15,109.32962799072266,135.83999633789062,137.32000732421875,135.77000427246094,136.50999450683594,5839800
2016-12-16,108.74211120605469,135.11000061035156,136.61000061035156,135.0500030517578,136.11000061035156,9429300
2016-12-19,109.00768280029297,135.44000244140625,136.5,134.7899932861328,135.05999755859375,3463600
2016-12-20,110.35177612304688,137.11000061035156,137.24000549316406,135.42999267578125,135.64999389648438,4301500
2016-12-21,110.12642669677734,136.8300018310547,137.24000549316406,136.55999755859375,136.92999267578125,2704700
2016-12-22,108.9996109008789,135.42999267578125,137.0,135.17999267578125,136.25,4094800
2016-12-23,108.69380187988281,135.0500030517578,135.99000549316406,134.7899932861328,135.64999389648438,2337300
2016-12-27,108.86280059814453,135.25999450683594,135.72000122070312,134.7100067138672,134.75999450683594,2254900
2016-12-28,108.70989990234375,135.07000732421875,135.86000061035156,134.66000366210938,135.57000732421875,3369400
2016-12-29,108.73401641845703,135.10000610351562,135.85000610351562,134.6300048828125,135.02000427246094,2777900
2016-12-30,107.91312408447266,134.0800018310547,135.82000732421875,133.8300018310547,135.63999938964844,4149100
2017-01-03,108.09822082519531,134.30999755859375,135.50999450683594,133.58999633789062,135.10000610351562,5299700
2017-01-04,109.05597686767578,135.5,135.94000244140625,134.2100067138672,134.33999633789062,4055300
2017-01-05,107.76821899414062,133.89999389648438,135.4600067138672,133.77999877929688,134.97999572753906,3821100
2017-01-06,107.4704360961914,133.52999877929688,134.3300018310547,133.0500030517578,133.97000122070312,3827500
2017-01-09,108.09822082519531,134.30999755859375,134.75999450683594,133.13999938964844,133.22000122070312,4310200
2017-01-10,109.53886413574219,136.10000610351562,136.3800048828125,133.77000427246094,134.0,5928300
2017-01-11,109.21692657470703,135.6999969482422,136.38999938964844,134.74000549316406,136.10000610351562,4643700
2017-01-12,108.70989990234375,135.07000732421875,135.52999877929688,133.94000244140625,135.50999450683594,3600000
2017-01-13,108.68572235107422,135.0399932861328,135.75,134.75999450683594,134.9199981689453,3117600
2017-01-17,109.40204620361328,135.92999267578125,136.47999572753906,134.75999450683594,135.08999633789062,3976900
2017-01-18,109.5871810913086,136.16000366210938,136.2899932861328,134.9199981689453,135.89999389648438,3869700
2017-01-19,108.96743774414062,135.38999938964844,136.77999877929688,134.92999267578125,136.0,5078700
2017-01-20,109.1364517211914,135.60000610351562,136.0,134.60000610351562,135.25999450683594,4853900
2017-01-23,111.1244125366211,138.07000732421875,138.27000427246094,135.0,135.30999755859375,7056200
2017-01-24,111.11636352539062,138.05999755859375,138.3800048828125,137.3000030517578,137.8800048828125,4055100
2017-01-25,110.64956665039062,137.47999572753906,139.3699951171875,137.42999267578125,138.4499969482422,3631700
2017-01-26,111.43830871582031,138.4600067138672,139.17999267578125,137.7100067138672,138.00999450683594,2931200
2017-01-27,111.33363342285156,138.3300018310547,138.8300018310547,137.6999969482422,138.8000030517578,3149500
2017-01-30,111.44636535644531,138.47000122070312,138.49000549316406,136.86000061035156,137.99000549316406,2705000
2017-01-31,110.73004150390625,137.5800018310547,138.6199951171875,136.85000610351562,137.6300048828125,3227000
2017-02-01,110.61736297607422,137.44000244140625,137.9600067138672,136.52999877929688,137.66000366210938,2968800
2017-02-02,110.22297668457031,136.9499969482422,137.5500030517578,136.55999755859375,137.47000122070312,2197600
2017-02-03,111.05197143554688,137.97999572753906,138.47000122070312,136.97000122070312,137.25999450683594,2654700
2017-02-06,109.85276794433594,136.49000549316406,137.89999389648438,136.4499969482422,137.42999267578125,3864100
2017-02-07,109.98152923583984,136.64999389648438,137.6999969482422,136.3300018310547,137.16000366210938,3242000
2017-02-08,110.97148895263672,137.8800048828125,137.91000366210938,136.82000732421875,136.88999938964844,2882700
2017-02-09,111.6395034790039,138.7100067138672,139.14999389648438,137.41000366210938,137.8800048828125,2931900
2017-02-10,112.55705261230469,139.85000610351562,140.57000732421875,138.25,138.60000610351562,3297000
2017-02-13,112.57310485839844,139.8699951171875,140.64999389648438,139.0500030517578,140.47999572753906,2753000
2017-02-14,113.77233123779297,141.36000061035156,141.3699951171875,139.33999633789062,139.9499969482422,4775800
2017-02-15,114.44035339355469,142.19000244140625,142.66000366210938,140.9499969482422,141.27000427246094,4343500
2017-02-16,113.91722869873047,141.5399932861328,142.99000549316406,140.89999389648438,142.38999938964844,4295800
2017-02-17,115.09226989746094,143.0,143.1199951171875,141.0,141.36000061035156,5108400
2017-02-21,116.71807098388672,145.02000427246094,145.64999389648438,143.25,145.60000610351562,9275900
2017-02-22,116.90315246582031,145.25,145.47000122070312,143.97000122070312,145.0500030517578,5037800
2017-02-23,116.46854400634766,144.7100067138672,146.3300018310547,144.50999450683594,146.11000061035156,4184000
2017-02-24,117.46656799316406,145.9499969482422,146.0800018310547,144.64999389648438,144.64999389648438,3516900
2017-02-27,116.94342803955078,145.3000030517578,146.00999450683594,144.8000030517578,145.8699951171875,4388400
2017-02-28,116.6295394897461,144.91000366210938,145.6300048828125,144.47000122070312,144.97999572753906,4211900
2017-03-01,118.05406951904297,146.67999267578125,147.6999969482422,145.88999938964844,146.72000122070312,6213500
2017-03-02,119.07624816894531,147.9499969482422,148.22999572753906,146.38999938964844,147.0800018310547,4053400
2017-03-03,118.96358489990234,147.80999755859375,148.25999450683594,146.82000732421875,147.9499969482422,3412300
2017-03-06,118.41626739501953,147.1300048828125,147.50999450683594,146.5800018310547,147.1300048828125,3998000
2017-03-07,118.2381362915039,146.02000427246094,146.9499969482422,145.8300018310547,146.3300018310547,3996300
2017-03-08,118.96688079833984,146.9199981689453,147.1199951171875,145.9199981689453,146.22000122070312,3614500
2017-03-09,118.72400665283203,146.6199951171875,147.16000366210938,146.52999877929688,147.0800018310547,3594000
2017-03-10,118.91023254394531,146.85000610351562,147.4600067138672,146.4499969482422,147.24000549316406,3123200
2017-03-13,119.3798599243164,147.42999267578125,147.6699981689453,146.5,147.3300018310547,2933300
2017-03-14,119.1612319946289,147.16000366210938,147.58999633789062,146.4600067138672,147.27000427246094,3272500
2017-03-15,119.80091857910156,147.9499969482422,148.3800048828125,146.75999450683594,147.35000610351562,3670500
2017-03-16,120.43253326416016,148.72999572753906,149.19000244140625,148.00999450683594,148.39999389648438,3544500
2017-03-17,121.13699340820312,149.60000610351562,149.99000549316406,148.1300048828125,149.39999389648438,9002000
2017-03-20,119.67951965332031,147.8000030517578,149.58999633789062,147.6999969482422,149.3800048828125,5906100
2017-03-21,118.71588134765625,146.61000061035156,148.6999969482422,146.25999450683594,148.3300018310547,4530000
2017-03-22,119.32319641113281,147.36000061035156,147.92999267578125,146.05999755859375,146.72999572753906,3169000
2017-03-23,119.8332748413086,147.99000549316406,148.41000366210938,147.02999877929688,147.27999877929688,3219400
2017-03-24,119.60662841796875,147.7100067138672,150.14999389648438,147.00999450683594,147.85000610351562,4735400
2017-03-27,118.92643737792969,146.8699951171875,147.67999267578125,146.25999450683594,147.07000732421875,2943000
2017-03-28,119.19364166259766,147.1999969482422,147.35000610351562,145.94000244140625,147.2899932861328,4635600
2017-03-29,119.0640869140625,147.0399932861328,147.4199981689453,145.9600067138672,146.3699951171875,3730000
2017-03-30,118.99122619628906,146.9499969482422,147.3800048828125,146.42999267578125,146.72000122070312,2450800
2017-03-31,118.89399719238281,146.8300018310547,147.17999267578125,146.64999389648438,146.8699951171875,3248700
2017-04-03,118.72400665283203,146.6199951171875,147.1999969482422,146.08999633789062,146.94000244140625,3775300
2017-04-04,118.49724578857422,146.33999633789062,146.89999389648438,146.0500030517578,146.5,3124200
2017-04-05,118.74018096923828,146.63999938964844,148.44000244140625,146.5800018310547,146.6300048828125,3390400
2017-04-06,119.22602844238281,147.24000549316406,147.9600067138672,147.0,147.0399932861328,2699100
2017-04-07,119.13693237304688,147.1300048828125,147.8000030517578,146.89999389648438,147.10000610351562,2869100
2017-04-10,120.01148223876953,148.2100067138672,149.0,146.75,146.9600067138672,5044500
2017-04-11,120.00337982177734,148.1999969482422,148.64999389648438,147.10000610351562,147.91000366210938,2844800
2017-04-12,118.65919494628906,146.5399932861328,147.57000732421875,146.3699951171875,147.4199981689453,4445600
2017-04-13,118.14905548095703,145.91000366210938,147.00999450683594,145.8699951171875,146.4199981689453,2346900
2017-04-17,119.28270721435547,147.30999755859375,147.30999755859375,145.75999450683594,145.89999389648438,3467700
2017-04-18,119.6470947265625,147.75999450683594,148.17999267578125,146.77000427246094,147.05999755859375,2969400
2017-04-19,119.2098159790039,147.22000122070312,148.39999389648438,147.02000427246094,147.92999267578125,3461000
2017-04-20,120.42445373535156,148.72000122070312,149.0500030517578,147.44000244140625,147.66000366210938,3700500
2017-04-21,121.46090698242188,150.0,150.14999389648438,148.39999389648438,148.49000549316406,5019900
2017-04-24,122.99129486083984,151.88999938964844,152.05999755859375,150.85000610351562,151.0800018310547,5077200
2017-04-25,123.9144287109375,153.02999877929688,154.64999389648438,152.7899932861328,152.7899932861328,5496500
2017-04-26,124.87798309326172,154.22000122070312,154.80999755859375,152.39999389648438,153.11000061035156,5120200
2017-04-27,126.41650390625,156.1199951171875,156.27000427246094,153.88999938964844,154.69000244140625,5881400
2017-04-28,126.40031433105469,156.10000610351562,156.25,154.10000610351562,156.00999450683594,4983000
2017-05-01,124.86990356445312,154.2100067138672,156.27000427246094,154.2100067138672,156.22000122070312,3152900
2017-05-02,125.46912384033203,154.9499969482422,155.16000366210938,153.75999450683594,154.49000549316406,3295100
2017-05-03,125.50959777832031,155.0,155.38999938964844,154.58999633789062,155.16000366210938,2445500
2017-05-04,125.39625549316406,154.86000061035156,155.63999938964844,154.25999450683594,155.4600067138672,3793100
2017-05-05,126.10071563720703,155.72999572753906,155.75,154.08999633789062,155.33999633789062,2500600
2017-05-08,127.04004669189453,156.88999938964844,157.16000366210938,155.49000549316406,155.85000610351562,3184600
2017-05-09,127.67965698242188,157.67999267578125,157.74000549316406,156.2899932861328,157.0399932861328,3004400
2017-05-10,128.0441131591797,158.1300048828125,158.14999389648438,157.3000030517578,157.52000427246094,2617600
2017-05-11,126.48123168945312,156.1999969482422,157.6999969482422,155.3300018310547,157.35000610351562,3929100
2017-05-12,127.0643081665039,156.9199981689453,157.1999969482422,155.75,156.38999938964844,2926400
2017-05-15,127.39627075195312,157.3300018310547,157.83999633789062,156.66000366210938,157.27999877929688,6068900
2017-05-16,128.14935302734375,158.25999450683594,160.86000061035156,158.0500030517578,160.11000061035156,10120900
2017-05-17,126.39225006103516,156.08999633789062,158.25999450683594,155.88999938964844,158.25999450683594,5937000
2017-05-18,126.07638549804688,155.6999969482422,156.6699981689453,155.24000549316406,155.47999572753906,4858600
2017-05-19,126.56224822998047,156.3000030517578,156.74000549316406,155.32000732421875,156.0399932861328,4781800
2017-05-22,126.28694152832031,155.9600067138672,157.0,155.8000030517578,156.49000549316406,3802100
2017-05-23,125.3719253540039,154.8300018310547,156.42999267578125,154.67999267578125,155.91000366210938,4640900
2017-05-24,125.50959777832031,155.0,155.42999267578125,153.2899932861328,154.6999969482422,4558700
2017-05-25,126.69181823730469,156.4600067138672,156.69000244140625,155.35000610351562,156.1999969482422,3110800
2017-05-26,125.4286117553711,154.89999389648438,156.4199981689453,154.63999938964844,156.10000610351562,4284700
2017-05-30,125.32272338867188,153.8800048828125,154.55999755859375,153.52000427246094,154.0,3504300
2017-05-31,125.02143096923828,153.50999450683594,154.3800048828125,153.27999877929688,154.36000061035156,7158400
2017-06-01,126.35704040527344,155.14999389648438,155.16000366210938,152.74000549316406,153.52000427246094,3385100
2017-06-02,126.51995086669922,155.35000610351562,155.86000061035156,154.4199981689453,154.7899932861328,3485600
2017-06-05,126.06388092041016,154.7899932861328,155.6199951171875,154.22999572753906,155.52999877929688,2651800
2017-06-06,125.58335876464844,154.1999969482422,154.66000366210938,153.64999389648438,154.44000244140625,3260300
2017-06-07,126.2022933959961,154.9600067138672,155.3000030517578,154.35000610351562,154.69000244140625,3159000
2017-06-08,125.0132827758789,153.5,155.22999572753906,153.3800048828125,154.9600067138672,4041600
2017-06-09,124.5735092163086,152.9600067138672,154.0,152.77999877929688,154.0,4705300
2017-06-12,123.938232421875,152.17999267578125,153.3000030517578,151.72999572753906,152.8000030517578,4473900
2017-06-13,125.41232299804688,153.99000549316406,154.0399932861328,152.05999755859375,152.30999755859375,3753800
2017-06-14,127.66825866699219,156.75999450683594,157.27999877929688,153.9600067138672,154.5,5999400
2017-06-15,127.67645263671875,156.77000427246094,157.27000427246094,154.9199981689453,156.1300048828125,3972300
2017-06-16,127.57052612304688,156.63999938964844,156.69000244140625,155.41000366210938,156.25,9105400
2017-06-19,129.33786010742188,158.80999755859375,159.02999877929688,156.38999938964844,156.91000366210938,5196100
2017-06-20,128.4093780517578,157.6699981689453,159.22000122070312,157.60000610351562,158.72999572753906,4201200
2017-06-21,127.52985382080078,156.58999633789062,158.52999877929688,156.42999267578125,157.91000366210938,4071300
2017-06-22,126.62583923339844,155.47999572753906,157.07000732421875,155.47000122070312,156.44000244140625,3347400
2017-06-23,123.22967529296875,151.30999755859375,155.22999572753906,150.91000366210938,155.16000366210938,11422200
2017-06-26,123.31929779052734,151.4199981689453,151.97000122070312,151.1300048828125,151.6699981689453,4128500
2017-06-27,123.98709106445312,152.24000549316406,153.25,150.75,151.05999755859375,4567100
2017-06-28,124.79336547851562,153.22999572753906,153.4499969482422,152.36000061035156,152.75,5087000
2017-06-29,123.92193603515625,152.16000366210938,153.0,151.52000427246094,152.77000427246094,2855400
2017-06-30,124.93182373046875,153.39999389648438,154.0,152.27000427246094,152.50999450683594,3640900
2017-07-03,125.4286117553711,154.00999450683594,154.7899932861328,153.7100067138672,154.38999938964844,1658500
2017-07-05,124.35359191894531,152.69000244140625,154.2899932861328,151.4600067138672,154.00999450683594,4432500
2017-07-06,123.83235931396484,152.0500030517578,152.47999572753906,151.22000122070312,151.77000427246094,3408500
2017-07-07,123.97895050048828,152.22999572753906,152.8699951171875,151.89999389648438,152.0399932861328,3775400
2017-07-10,123.12379455566406,151.17999267578125,152.25999450683594,151.0,152.22000122070312,5081100
2017-07-11,122.6514663696289,150.60000610351562,151.80999755859375,150.5,151.4499969482422,5642000
2017-07-12,124.27213287353516,152.58999633789062,153.13999938964844,151.08999633789062,151.4600067138672,4275900
2017-07-13,124.84224700927734,153.2899932861328,154.1300048828125,152.60000610351562,152.82000732421875,3288000
2017-07-14,124.50830841064453,152.8800048828125,153.6699981689453,151.82000732421875,153.22000122070312,3588400
2017-07-17,125.33088684082031,153.88999938964844,154.5,152.72000122070312,152.89999389648438,4166600
2017-07-18,123.93009185791016,152.1699981689453,153.86000061035156,151.97999572753906,153.75,3783600
2017-07-19,124.85032653808594,153.3000030517578,154.0,152.5500030517578,152.5500030517578,2808400
2017-07-20,119.74397277832031,147.02999877929688,152.57000732421875,145.61000061035156,152.55999755859375,18264100
2017-07-21,119.43450927734375,146.64999389648438,147.4600067138672,146.1300048828125,147.02999877929688,9120200
2017-07-24,117.7486572265625,144.5800018310547,146.69000244140625,144.25,146.61000061035156,7295900
2017-07-25,119.6950912475586,146.97000122070312,147.39999389648438,145.27999877929688,145.74000549316406,5002400
2017-07-26,119.46707916259766,146.69000244140625,147.25,145.9600067138672,146.86000061035156,2836000
2017-07-27,120.31402587890625,147.72999572753906,147.86000061035156,145.88999938964844,146.17999267578125,5399000
2017-07-28,120.59912109375,148.0800018310547,148.27000427246094,147.32000732421875,147.89999389648438,3421100
2017-07-31,121.83702850341797,149.60000610351562,149.97999572753906,147.5399932861328,148.0,5253300
2017-08-01,122.04064178466797,149.85000610351562,150.38999938964844,148.9499969482422,150.24000549316406,4110600
2017-08-02,122.57002258300781,150.5,150.86000061035156,149.9199981689453,149.94000244140625,3754200
2017-08-03,122.80615997314453,150.7899932861328,152.02999877929688,150.5,150.6999969482422,5146600
2017-08-04,124.40245819091797,152.75,152.75,150.8000030517578,151.00999450683594,3258600
2017-08-07,124.89112854003906,153.35000610351562,154.47000122070312,152.47000122070312,152.8300018310547,3833600
2017-08-08,124.89112854003906,153.35000610351562,154.1999969482422,153.0800018310547,153.32000732421875,3218900
2017-08-09,126.44666290283203,155.25999450683594,155.57000732421875,153.32000732421875,153.35000610351562,3844900
2017-08-10,125.32272338867188,153.8800048828125,155.97999572753906,153.8800048828125,155.19000244140625,4433700
2017-08-11,126.13716125488281,154.8800048828125,155.72000122070312,153.97999572753906,154.11000061035156,3650500
2017-08-14,125.63224792480469,154.25999450683594,156.0500030517578,153.55999755859375,156.0399932861328,6662500
2017-08-15,122.30128479003906,150.1699981689453,154.8000030517578,148.25999450683594,154.27999877929688,13528700
2017-08-16,123.99520874023438,152.25,152.9499969482422,151.16000366210938,151.4499969482422,6043900
2017-08-17,121.8940200805664,149.6699981689453,152.14999389648438,149.61000061035156,151.80999755859375,4460900
2017-08-18,120.11861419677734,147.49000549316406,149.61000061035156,146.9600067138672,149.61000061035156,6989100
2017-08-21,121.51126861572266,149.1999969482422,149.8800048828125,146.88999938964844,147.10000610351562,4222500
2017-08-22,122.08949279785156,149.91000366210938,150.5800018310547,149.2899932861328,149.2899932861328,3268100
2017-08-23,121.42980194091797,149.10000610351562,149.47999572753906,147.42999267578125,148.5800018310547,5235400
2017-08-24,120.73759460449219,148.25,150.60000610351562,147.97999572753906,149.72999572753906,3736000
2017-08-25,121.87777709960938,149.64999389648438,150.52999877929688,148.39999389648438,148.50999450683594,3048000
2017-08-28,123.29485321044922,151.38999938964844,152.38999938964844,150.42999267578125,151.94000244140625,6845400
2017-08-29,122.75414276123047,149.83999633789062,150.89999389648438,149.02999877929688,150.07000732421875,5368700
2017-08-30,122.88522338867188,150.0,150.25,149.27999877929688,150.0,3641000
2017-08-31,122.77873992919922,149.8699951171875,150.92999267578125,149.85000610351562,150.61000061035156,6083300
2017-09-01,123.52423095703125,150.77999877929688,150.94000244140625,149.75999450683594,150.25999450683594,3383000
2017-09-05,125.28558349609375,152.92999267578125,153.9199981689453,151.6999969482422,151.7100067138672,7488800
2017-09-06,128.2593994140625,156.55999755859375,157.02999877929688,154.14999389648438,154.86000061035156,8126000
2017-09-07,129.38174438476562,157.92999267578125,159.27999877929688,156.7899932861328,158.1699981689453,8273100
2017-09-08,130.79901123046875,159.66000366210938,160.69000244140625,157.52000427246094,159.08999633789062,10088600
2017-09-11,129.74221801757812,158.3699951171875,158.74000549316406,156.22000122070312,158.4199981689453,8847900
2017-09-12,131.00384521484375,159.91000366210938,160.92999267578125,158.7100067138672,159.05999755859375,5794600
2017-09-13,131.09396362304688,160.02000427246094,161.3800048828125,159.5500030517578,160.38999938964844,4713700
2017-09-14,130.56964111328125,159.3800048828125,160.85000610351562,159.3300018310547,160.35000610351562,5290800
2017-09-15,129.7667999267578,158.39999389648438,159.99000549316406,158.2899932861328,159.97999572753906,9124200
2017-09-18,129.28347778320312,157.80999755859375,159.0,157.69000244140625,159.0,4010600
2017-09-19,129.1605987548828,157.66000366210938,158.32000732421875,157.16000366210938,157.8000030517578,3713400
2017-09-20,129.99615478515625,158.67999267578125,159.38999938964844,157.36000061035156,157.57000732421875,4599200
2017-09-21,130.41397094726562,159.19000244140625,159.55999755859375,158.72000122070312,158.8699951171875,3082100
2017-09-22,131.05299377441406,159.97000122070312,160.08999633789062,159.00999450683594,159.13999938964844,3576500
2017-09-25,131.97872924804688,161.10000610351562,161.42999267578125,159.75,160.0500030517578,4897700
2017-09-26,132.1097869873047,161.25999450683594,162.0,160.7899932861328,161.5500030517578,3222600
2017-09-27,131.83128356933594,160.9199981689453,161.69000244140625,160.13999938964844,161.3800048828125,3966200
2017-09-28,133.01101684570312,162.36000061035156,162.4499969482422,160.66000366210938,160.72000122070312,4614100
2017-09-29,133.99403381347656,163.55999755859375,163.61000061035156,162.14999389648438,162.5,3467400
2017-10-02,134.37091064453125,164.02000427246094,164.25,163.22000122070312,164.1999969482422,2721400
2017-10-03,135.31301879882812,165.1699981689453,165.27999877929688,164.0,164.05999755859375,3046400
2017-10-04,135.41134643554688,165.2899932861328,166.0800018310547,164.91000366210938,165.49000549316406,2746500
2017-10-05,136.09129333496094,166.1199951171875,166.25,164.25999450683594,165.07000732421875,3504900
2017-10-06,135.87008666992188,165.85000610351562,166.6300048828125,165.74000549316406,166.17999267578125,2916300
2017-10-09,135.75537109375,165.7100067138672,166.6300048828125,165.4199981689453,166.13999938964844,2131800
2017-10-10,135.30479431152344,165.16000366210938,165.8000030517578,164.63999938964844,165.6999969482422,2755400
2017-10-11,135.37855529785156,165.25,165.8699951171875,164.4499969482422,165.19000244140625,2319300
2017-10-12,134.83792114257812,164.58999633789062,165.41000366210938,164.47000122070312,165.41000366210938,3397800
2017-10-13,134.73953247070312,164.47000122070312,166.07000732421875,164.35000610351562,164.9199981689453,3259000
2017-10-16,134.5347137451172,164.22000122070312,164.6699981689453,163.25999450683594,164.47000122070312,2586700
2017-10-17,133.82205200195312,163.35000610351562,164.9199981689453,161.50999450683594,164.22000122070312,4189200
2017-10-18,133.90399169921875,163.4499969482422,164.24000549316406,163.35000610351562,163.4199981689453,2757900
2017-10-19,133.73191833496094,163.24000549316406,164.11000061035156,162.77000427246094,163.5,2676100
2017-10-20,133.8875732421875,163.42999267578125,164.14999389648438,162.74000549316406,163.97000122070312,4166500
2017-10-23,134.96075439453125,164.74000549316406,166.27000427246094,163.75,164.0399932861328,3995100
2017-10-24,136.01751708984375,166.02999877929688,166.4600067138672,164.64999389648438,164.6699981689453,3686700
2017-10-25,136.05038452148438,166.07000732421875,166.9499969482422,165.3800048828125,166.11000061035156,4189400
2017-10-26,137.34469604492188,167.64999389648438,167.94000244140625,166.11000061035156,166.38999938964844,3750500
2017-10-27,137.09071350097656,167.33999633789062,167.75,166.4600067138672,166.8000030517578,3720400
2017-10-30,135.4276580810547,165.30999755859375,166.99000549316406,164.8800048828125,166.99000549316406,3906300
2017-10-31,135.81277465820312,165.77999877929688,166.33999633789062,165.10000610351562,165.39999389648438,2922400
2017-11-01,135.485107421875,165.3800048828125,166.74000549316406,165.1199951171875,166.4199981689453,3568300
2017-11-02,133.29771423339844,162.7100067138672,165.00999450683594,160.52999877929688,165.00999450683594,6518900
2017-11-03,134.67404174804688,164.38999938964844,164.99000549316406,162.67999267578125,163.00999450683594,3080900
2017-11-06,134.5347137451172,164.22000122070312,164.8800048828125,163.00999450683594,164.8000030517578,3275500
2017-11-07,134.07598876953125,163.66000366210938,164.39999389648438,162.8300018310547,164.08999633789062,3198100
2017-11-08,134.39547729492188,164.0500030517578,164.67999267578125,163.27000427246094,163.33999633789062,2912900
2017-11-09,133.75650024414062,163.27000427246094,164.13999938964844,162.27999877929688,164.10000610351562,3405200
2017-11-10,134.44464111328125,164.11000061035156,164.5800018310547,162.92999267578125,163.33999633789062,3554900
2017-11-13,135.4604949951172,165.35000610351562,166.63999938964844,164.25,164.63999938964844,7189300
2017-11-14,137.6805877685547,168.05999755859375,168.13999938964844,163.14999389648438,163.6199951171875,10284000
2017-11-15,135.55877685546875,165.47000122070312,167.44000244140625,165.35000610351562,167.44000244140625,5534500
2017-11-16,137.2218475341797,167.5,167.75999450683594,166.05999755859375,166.67999267578125,4587900
2017-11-17,137.41848754882812,167.74000549316406,168.42999267578125,166.05999755859375,167.0,4530100
2017-11-20,139.6385955810547,170.4499969482422,170.69000244140625,167.8000030517578,168.13999938964844,4699900
2017-11-21,141.6129608154297,172.86000061035156,172.86000061035156,170.14999389648438,170.52999877929688,6229000
2017-11-22,140.95755004882812,172.05999755859375,172.94000244140625,172.0399932861328,172.88999938964844,4133500
2017-11-24,141.17874145507812,172.3300018310547,173.10000610351562,171.74000549316406,172.11000061035156,1853600
2017-11-27,142.67794799804688,174.16000366210938,174.91000366210938,172.3800048828125,172.8699951171875,4539100
2017-11-28,144.65232849121094,176.57000732421875,176.77000427246094,172.99000549316406,174.88999938964844,6049000
2017-11-29,145.94496154785156,177.25,178.42999267578125,175.67999267578125,176.57000732421875,4902200
2017-11-30,148.0611114501953,179.82000732421875,180.6699981689453,177.41000366210938,178.07000732421875,9180700
2017-12-01,148.5550994873047,180.4199981689453,180.60000610351562,176.6999969482422,180.32000732421875,4683400
2017-12-04,152.24386596679688,184.89999389648438,186.30999755859375,183.19000244140625,183.19000244140625,6193800
2017-12-05,150.55596923828125,182.85000610351562,184.91000366210938,182.25999450683594,182.72000122070312,6347600
2017-12-06,148.86801147460938,180.8000030517578,182.14999389648438,178.67999267578125,180.25,6892500
2017-12-07,149.8560791015625,182.0,182.5800018310547,179.77000427246094,180.0500030517578,5484300
2017-12-08,151.01712036132812,183.41000366210938,183.89999389648438,182.16000366210938,182.5,5092100
2017-12-11,150.0619354248047,182.25,182.9600067138672,181.1199951171875,181.86000061035156,6038900
2017-12-12,149.69142150878906,181.8000030517578,183.2100067138672,181.66000366210938,182.75,5275500
2017-12-13,150.70416259765625,183.02999877929688,183.6699981689453,182.0,182.00999450683594,5177400
2017-12-14,149.96311950683594,182.1300048828125,184.0,182.05999755859375,183.58999633789062,3542500
2017-12-15,150.3336181640625,182.5800018310547,183.2100067138672,182.1300048828125,182.99000549316406,8202200
2017-12-18,152.10391235351562,184.72999572753906,185.47000122070312,183.5,183.5,5011900
2017-12-19,153.13316345214844,185.97999572753906,186.72000122070312,184.60000610351562,185.24000549316406,4576300
2017-12-20,154.22825622558594,187.30999755859375,187.89999389648438,186.0399932861328,187.0,5383700
2017-12-21,154.8622283935547,188.0800018310547,188.83999633789062,187.44000244140625,187.88999938964844,5859100
2017-12-22,154.90341186523438,188.1300048828125,188.4600067138672,187.27000427246094,188.4600067138672,3256600
2017-12-26,156.73959350585938,190.36000061035156,190.4199981689453,188.33999633789062,188.52999877929688,2969200
2017-12-27,156.599609375,190.19000244140625,191.49000549316406,190.00999450683594,190.60000610351562,5912600
2017-12-28,156.2620086669922,189.77999877929688,190.97999572753906,189.63999938964844,190.91000366210938,3175700
2017-12-29,156.05613708496094,189.52999877929688,190.74000549316406,189.52999877929688,190.74000549316406,4637800
2018-01-02,154.82110595703125,188.02999877929688,190.72000122070312,188.00999450683594,190.2100067138672,4684700
2018-01-03,155.62796020507812,189.00999450683594,189.36000061035156,187.82000732421875,188.0,4530500
2018-01-04,156.8631134033203,190.50999450683594,190.8699951171875,188.47000122070312,189.8699951171875,4047400
2018-01-05,158.50160217285156,192.5,192.5399932861328,190.50999450683594,190.92999267578125,4224800
2018-01-08,158.1228485107422,192.0399932861328,193.72000122070312,191.60000610351562,191.72000122070312,3508500
2018-01-09,158.99563598632812,193.10000610351562,193.47000122070312,191.63999938964844,192.6999969482422,3012300
2018-01-10,157.92523193359375,191.8000030517578,193.22000122070312,191.64999389648438,192.75999450683594,3119500
2018-01-11,160.29664611816406,194.67999267578125,194.72999572753906,191.39999389648438,191.67999267578125,3899200
2018-01-12,161.72930908203125,196.4199981689453,199.4199981689453,194.82000732421875,195.5,6748400
2018-01-16,161.6387176513672,196.30999755859375,198.9499969482422,195.6999969482422,197.86000061035156,5692700
2018-01-17,164.52879333496094,199.82000732421875,199.82000732421875,196.83999633789062,197.5,3996100
2018-01-18,163.30197143554688,198.3300018310547,200.24000549316406,197.66000366210938,199.77999877929688,4474600
2018-01-19,165.77210998535156,201.3300018310547,201.3300018310547,199.1300048828125,199.80999755859375,5809600
2018-01-22,168.3492889404297,204.4600067138672,204.47000122070312,201.50999450683594,201.60000610351562,4857700
2018-01-23,168.71165466308594,204.89999389648438,206.35000610351562,204.14999389648438,204.88999938964844,3621700
2018-01-24,169.79849243164062,206.22000122070312,207.10000610351562,204.5500030517578,205.1999969482422,4370700
2018-01-25,169.09861755371094,205.3699951171875,206.8300018310547,203.83999633789062,206.8000030517578,3537700
2018-01-26,170.63006591796875,207.22999572753906,207.30999755859375,204.44000244140625,205.60000610351562,3778100
2018-01-29,168.72808837890625,204.9199981689453,207.61000061035156,204.7100067138672,207.22999572753906,3632900
2018-01-30,166.1673583984375,201.80999755859375,203.14999389648438,191.57000732421875,201.47000122070312,5979600
2018-01-31,165.4180908203125,200.89999389648438,205.0800018310547,200.22999572753906,203.22000122070312,4547300
2018-02-01,164.59471130371094,199.89999389648438,202.25,198.27999877929688,199.33999633789062,3553800
2018-02-02,159.7120361328125,193.97000122070312,199.3000030517578,193.44000244140625,199.25,6179000
2018-02-05,150.77005004882812,183.11000061035156,194.3000030517578,180.3800048828125,190.07000732421875,10618500
2018-02-06,157.29949951171875,191.0399932861328,191.9600067138672,175.4199981689453,178.6199951171875,11682700
2018-02-07,157.50531005859375,191.2899932861328,194.52000427246094,189.72000122070312,190.72999572753906,6016800
2018-02-08,149.2138671875,181.22000122070312,191.13999938964844,180.92999267578125,191.13999938964844,7241800
2018-02-09,151.60165405273438,184.1199951171875,186.0,175.7899932861328,183.25,9059200
2018-02-12,151.55221557617188,184.05999755859375,187.00999450683594,183.41000366210938,186.5500030517578,6783700
2018-02-13,151.27227783203125,183.72000122070312,183.99000549316406,180.88999938964844,183.22999572753906,4273800
2018-02-14,152.07095336914062,184.69000244140625,185.05999755859375,181.0500030517578,181.8800048828125,6767000
2018-02-15,152.548583984375,185.27000427246094,187.19000244140625,183.25999450683594,186.74000549316406,5113300
2018-02-16,153.94825744628906,186.97000122070312,187.99000549316406,184.86000061035156,185.05999755859375,7619200
2018-02-20,153.73423767089844,186.7100067138672,191.44000244140625,186.30999755859375,189.89999389648438,8922100
2018-02-21,150.72889709472656,183.05999755859375,187.97999572753906,182.86000061035156,187.2100067138672,7527200
2018-02-22,152.71322631835938,185.47000122070312,186.22000122070312,182.91000366210938,183.72000122070312,5653900
2018-02-23,155.08460998535156,188.35000610351562,188.41000366210938,185.6199951171875,186.1999969482422,4315400
2018-02-26,155.17514038085938,188.4600067138672,189.7899932861328,187.86000061035156,189.1699981689453,4648000
2018-02-27,152.3097686767578,184.97999572753906,189.25,184.9600067138672,188.8699951171875,4618800
2018-02-28,150.07843017578125,182.27000427246094,186.64999389648438,182.27000427246094,184.41000366210938,6419900
2018-03-01,147.9128875732422,179.63999938964844,184.39999389648438,178.25,182.75,6123900
2018-03-02,146.94131469726562,178.4600067138672,179.19000244140625,176.33999633789062,177.72000122070312,5671000
2018-03-05,149.6420440673828,181.74000549316406,182.25999450683594,177.6999969482422,177.86000061035156,5748600
2018-03-06,149.55967712402344,181.63999938964844,183.0,179.50999450683594,182.75,5306800
2018-03-07,147.87864685058594,178.5800018310547,180.0,176.82000732421875,178.82000732421875,4799200
2018-03-08,147.3487091064453,177.94000244140625,179.97999572753906,176.72999572753906,179.44000244140625,4750700
2018-03-09,150.84320068359375,182.16000366210938,182.24000549316406,177.9199981689453,179.0,4477200
2018-03-12,148.8143768310547,179.7100067138672,183.05999755859375,179.5500030517578,182.42999267578125,4993300
2018-03-13,147.68821716308594,178.35000610351562,180.9499969482422,177.86000061035156,179.58999633789062,6128100
2018-03-14,146.9097900390625,177.41000366210938,179.66000366210938,175.88999938964844,179.10000610351562,4531500
2018-03-15,147.4563446044922,178.07000732421875,179.86000061035156,176.72000122070312,177.69000244140625,3936700
2018-03-16,148.19334411621094,178.9600067138672,180.39999389648438,177.97000122070312,178.42999267578125,8410900
2018-03-19,146.6531219482422,177.10000610351562,179.32000732421875,176.0,178.64999389648438,4744500
2018-03-20,147.5308837890625,178.16000366210938,178.88999938964844,177.16000366210938,177.63999938964844,4148300
2018-03-21,147.41497802734375,178.02000427246094,180.13999938964844,177.67999267578125,178.35000610351562,3494400
2018-03-22,145.154296875,175.2899932861328,178.55999755859375,175.0800018310547,177.4199981689453,5255100
2018-03-23,142.26425170898438,171.8000030517578,177.05999755859375,171.55999755859375,176.24000549316406,6021300
2018-03-26,146.05690002441406,176.3800048828125,176.8000030517578,173.52000427246094,174.11000061035156,7323600
2018-03-27,144.64910888671875,174.67999267578125,178.72999572753906,173.60000610351562,177.3800048828125,4713900
2018-03-28,144.71542358398438,174.75999450683594,177.52999877929688,173.9199981689453,175.24000549316406,4318600
2018-03-29,147.5970916748047,178.24000549316406,178.63999938964844,175.5,175.6999969482422,4423500
2018-04-02,143.17514038085938,172.89999389648438,177.69000244140625,170.4199981689453,177.14999389648438,7229300
2018-04-03,143.88731384277344,173.75999450683594,174.94000244140625,172.42999267578125,172.77999877929688,5283300
2018-04-04,146.9346923828125,177.44000244140625,177.83999633789062,170.4199981689453,170.8000030517578,4757300
2018-04-05,148.33412170410156,179.1300048828125,180.0399932861328,177.30999755859375,178.0,3799900
2018-04-06,144.4586639404297,174.4499969482422,178.52000427246094,173.35000610351562,177.97999572753906,5236900
2018-04-09,142.85220336914062,172.50999450683594,175.35000610351562,172.3699951171875,175.05999755859375,5079800
2018-04-10,143.66372680664062,173.49000549316406,174.19000244140625,172.24000549316406,174.02999877929688,4783000
2018-04-11,143.14207458496094,172.86000061035156,175.05999755859375,171.8000030517578,172.0,4228400
2018-04-12,143.5560760498047,173.36000061035156,174.24000549316406,172.89999389648438,173.30999755859375,3396700
2018-04-13,143.09237670898438,172.8000030517578,175.50999450683594,172.22999572753906,174.49000549316406,4311200
2018-04-16,144.44212341308594,174.42999267578125,175.60000610351562,173.32000732421875,174.22999572753906,3534200
2018-04-17,144.83966064453125,174.91000366210938,176.24000549316406,174.10000610351562,175.75999450683594,3106500
2018-04-18,148.93032836914062,179.85000610351562,180.25,174.99000549316406,175.0,5858900
2018-04-19,146.63658142089844,177.0800018310547,179.6999969482422,175.77000427246094,179.5,5407300
2018-04-20,146.57859802246094,177.00999450683594,178.88999938964844,176.32000732421875,177.85000610351562,5008600
2018-04-23,147.11685180664062,177.66000366210938,178.3800048828125,176.1300048828125,177.6199951171875,2987700
2018-04-24,145.95751953125,176.25999450683594,180.0,175.0500030517578,179.3000030517578,4435400
2018-04-25,146.89324951171875,177.38999938964844,178.07000732421875,174.5500030517578,176.0800018310547,5587300
2018-04-26,153.79116821289062,185.72000122070312,185.92999267578125,178.0800018310547,178.4600067138672,8782500
2018-04-27,154.4039764404297,186.4600067138672,187.0399932861328,183.8699951171875,185.49000549316406,4382400
2018-04-30,153.02935791015625,184.8000030517578,187.8000030517578,184.8000030517578,186.99000549316406,4173200
2018-05-01,152.8885498046875,184.6300048828125,184.72999572753906,181.39999389648438,184.72999572753906,3423900
2018-05-02,153.9485321044922,185.91000366210938,187.1199951171875,183.75,184.49000549316406,3866500
2018-05-03,151.6961669921875,183.19000244140625,184.89999389648438,181.1999969482422,184.8699951171875,4123900
2018-05-04,153.21974182128906,185.02999877929688,186.35000610351562,181.83999633789062,182.75,3896200
2018-05-07,152.0025177001953,183.55999755859375,185.5,182.6699981689453,185.39999389648438,3582300
2018-05-08,153.22805786132812,185.0399932861328,185.3000030517578,182.5,183.4499969482422,4168200
2018-05-09,154.32110595703125,186.36000061035156,186.5,183.57000732421875,185.02999877929688,3392300
2018-05-10,154.98362731933594,187.16000366210938,187.97000122070312,185.8800048828125,185.97000122070312,3850100
2018-05-11,157.59202575683594,190.30999755859375,190.8000030517578,187.35000610351562,187.6300048828125,5355100
2018-05-14,158.22967529296875,191.0800018310547,191.64999389648438,189.86000061035156,191.5,7035900
2018-05-15,155.66265869140625,187.97999572753906,189.69000244140625,186.10000610351562,189.5,10147000
2018-05-16,154.3376922607422,186.3800048828125,189.27999877929688,185.89999389648438,189.27999877929688,5044800
2018-05-17,153.46824645996094,185.3300018310547,187.17999267578125,184.8699951171875,186.25,4227700
2018-05-18,155.1988983154297,187.4199981689453,188.2100067138672,185.5500030517578,185.75,4697900
2018-05-21,157.16143798828125,189.7899932861328,190.6699981689453,188.0,188.1999969482422,4147800
2018-05-22,154.7434539794922,186.8699951171875,190.77999877929688,186.52000427246094,190.05999755859375,4585600
2018-05-23,154.57781982421875,186.6699981689453,187.32000732421875,184.97999572753906,187.10000610351562,7387400
2018-05-24,154.9752655029297,187.14999389648438,187.41000366210938,184.6699981689453,186.7899932861328,3941300
2018-05-25,154.72694396972656,186.85000610351562,187.8300018310547,186.0500030517578,186.7100067138672,2730400
2018-05-29,153.19493103027344,185.0,186.8300018310547,184.25,185.5500030517578,4725500
2018-05-30,155.79299926757812,187.08999633789062,187.8000030517578,184.00999450683594,184.8300018310547,3976000
2018-05-31,155.34336853027344,186.5500030517578,187.36000061035156,185.25,187.16000366210938,4839900
2018-06-01,156.009521484375,187.35000610351562,188.8300018310547,186.52000427246094,187.2100067138672,3706200
2018-06-04,159.34873962402344,191.36000061035156,191.5399932861328,187.97000122070312,188.22000122070312,4103300
2018-06-05,159.83172607421875,191.94000244140625,192.3800048828125,189.6999969482422,190.44000244140625,4231300
2018-06-06,161.20565795898438,193.58999633789062,193.58999633789062,191.2100067138672,193.07000732421875,4134700
2018-06-07,163.35406494140625,196.1699981689453,197.1999969482422,193.8300018310547,193.8300018310547,4378700
2018-06-08,165.15277099609375,198.3300018310547,198.5,195.00999450683594,195.8699951171875,4006200
2018-06-11,166.2435760498047,199.63999938964844,200.52000427246094,198.33999633789062,198.91000366210938,4243000
2018-06-12,167.63424682617188,201.30999755859375,201.33999633789062,199.50999450683594,199.83999633789062,4616700
2018-06-13,166.801513671875,200.30999755859375,201.5800018310547,199.66000366210938,201.3000030517578,5128100
2018-06-14,166.26856994628906,199.6699981689453,201.0,198.16000366210938,200.25999450683594,4305900
2018-06-15,166.9930877685547,200.5399932861328,201.60000610351562,198.5,198.9499969482422,7820900
2018-06-18,167.11798095703125,200.69000244140625,200.91000366210938,198.11000061035156,198.94000244140625,3396300
2018-06-19,165.88552856445312,199.2100067138672,199.89999389648438,198.10000610351562,198.2100067138672,5501100
2018-06-20,165.77728271484375,199.0800018310547,200.1300048828125,198.1199951171875,200.0,3389600
2018-06-21,166.801513671875,200.30999755859375,200.94000244140625,198.61000061035156,199.2100067138672,4695100
2018-06-22,164.3866729736328,197.41000366210938,201.1999969482422,197.1699981689453,200.7899932861328,6785800
2018-06-25,163.5289764404297,196.3800048828125,197.83999633789062,195.05999755859375,197.41000366210938,5127200
2018-06-26,163.5122833251953,196.36000061035156,197.3300018310547,195.60000610351562,196.5800018310547,3270600
2018-06-27,162.39645385742188,195.02000427246094,197.99000549316406,195.00999450683594,196.66000366210938,3771700
2018-06-28,162.55470275878906,195.2100067138672,196.00999450683594,193.50999450683594,195.0,2994000
2018-06-29,162.46307373046875,195.10000610351562,198.8300018310547,194.99000549316406,195.86000061035156,4106600
2018-07-02,161.5637664794922,194.02000427246094,194.17999267578125,192.1199951171875,193.82000732421875,3822800
2018-07-03,161.2306671142578,193.6199951171875,195.7100067138672,193.41000366210938,194.44000244140625,1608400
2018-07-05,161.8885040283203,194.41000366210938,194.74000549316406,193.1300048828125,194.49000549316406,3040600
2018-07-06,161.94680786132812,194.47999572753906,195.35000610351562,192.9499969482422,194.5800018310547,2552400
2018-07-09,163.27911376953125,196.0800018310547,196.7100067138672,195.02999877929688,195.6999969482422,2575100
2018-07-10,164.55322265625,197.61000061035156,197.75999450683594,196.3800048828125,196.55999755859375,2842400
2018-07-11,164.00360107421875,196.9499969482422,197.75999450683594,195.9499969482422,197.22000122070312,3309300
2018-07-12,164.83627319335938,197.9499969482422,198.47999572753906,197.0,198.1999969482422,2709200
2018-07-13,165.45252990722656,198.69000244140625,199.92999267578125,198.4600067138672,198.4600067138672,2308100
2018-07-16,165.6107635498047,198.8800048828125,199.22000122070312,197.88999938964844,199.13999938964844,2530500
2018-07-17,167.45938110351562,201.10000610351562,201.42999267578125,198.6300048828125,198.6300048828125,4662800
2018-07-18,167.35113525390625,200.97000122070312,201.9199981689453,200.19000244140625,201.02000427246094,3787800
2018-07-19,168.73342895507812,202.6300048828125,203.22999572753906,200.5500030517578,200.88999938964844,3691100
2018-07-20,168.58355712890625,202.4499969482422,203.75999450683594,201.82000732421875,202.0800018310547,3564100
2018-07-23,168.40032958984375,202.22999572753906,203.38999938964844,201.89999389648438,202.4600067138672,2264300
2018-07-24,168.20050048828125,201.99000549316406,204.25,201.35000610351562,203.52999877929688,5058100
2018-07-25,167.37612915039062,201.0,202.2899932861328,199.07000732421875,201.39999389648438,4382700
2018-07-26,166.0437469482422,199.39999389648438,202.1199951171875,198.91000366210938,201.52999877929688,4280000
2018-07-27,164.1618194580078,197.13999938964844,200.49000549316406,196.67999267578125,200.2100067138672,3871200
2018-07-30,164.27842712402344,197.27999877929688,197.57000732421875,196.39999389648438,196.52999877929688,2331100
2018-07-31,164.478271484375,197.52000427246094,198.02999877929688,196.8699951171875,197.69000244140625,2795900
2018-08-01,163.4623565673828,196.3000030517578,197.74000549316406,195.60000610351562,196.86000061035156,3086800
2018-08-02,162.92941284179688,195.66000366210938,195.83999633789062,193.5500030517578,195.10000610351562,3543500
2018-08-03,162.91281127929688,195.63999938964844,196.39999389648438,195.25,196.02999877929688,2309000
2018-08-06,162.95440673828125,195.69000244140625,196.05999755859375,195.11000061035156,195.6199951171875,2515700
2018-08-07,164.08688354492188,197.0500030517578,197.1999969482422,195.63999938964844,196.35000610351562,3052500
2018-08-08,164.89462280273438,198.02000427246094,198.91000366210938,197.3000030517578,197.44000244140625,2176700
2018-08-09,164.9446258544922,198.0800018310547,199.74000549316406,198.0399932861328,199.0,2466000
2018-08-10,163.4623565673828,196.3000030517578,197.92999267578125,195.63999938964844,197.33999633789062,2873000
2018-08-13,161.6636505126953,194.13999938964844,197.58999633789062,194.0,196.3000030517578,5294400
2018-08-14,160.79766845703125,193.10000610351562,195.97999572753906,191.27000427246094,195.1699981689453,11488000
2018-08-15,161.5387420654297,193.99000549316406,194.17999267578125,191.08999633789062,191.75,6049300
2018-08-16,162.7045440673828,195.38999938964844,196.08999633789062,193.72000122070312,194.02000427246094,5690100
2018-08-17,162.84617614746094,195.55999755859375,195.97999572753906,194.82000732421875,195.60000610351562,3885800
2018-08-20,164.8196258544922,197.92999267578125,198.44000244140625,195.39999389648438,195.83999633789062,2956700
2018-08-21,166.73492431640625,200.22999572753906,200.74000549316406,198.41000366210938,198.8300018310547,4124600
2018-08-22,165.68569946289062,198.97000122070312,203.5500030517578,198.64999389648438,200.8000030517578,5007000
2018-08-23,166.67662048339844,200.16000366210938,201.41000366210938,199.13999938964844,199.38999938964844,3595000
2018-08-24,167.62596130371094,201.3000030517578,202.5,200.0,200.35000610351562,3054300
2018-08-27,168.19216918945312,201.97999572753906,202.9499969482422,201.19000244140625,202.8300018310547,2521300
2018-08-28,168.18386840820312,201.97000122070312,202.4199981689453,200.6300048828125,202.3000030517578,3516300
2018-08-29,168.80320739746094,201.67999267578125,201.99000549316406,200.7100067138672,201.11000061035156,2488000
2018-08-30,166.77769470214844,199.25999450683594,201.44000244140625,199.10000610351562,201.0,2825400
2018-08-31,168.04159545898438,200.77000427246094,200.91000366210938,199.2899932861328,199.3800048828125,4023300
2018-09-04,171.64894104003906,205.0800018310547,205.9199981689453,200.5,200.69000244140625,4612800
2018-09-05,170.87057495117188,204.14999389648438,206.6699981689453,203.14999389648438,204.8300018310547,3667100
2018-09-06,172.326904296875,205.88999938964844,207.08999633789062,203.8000030517578,204.58999633789062,3490400
2018-09-07,172.6114959716797,206.22999572753906,207.22999572753906,205.42999267578125,205.4499969482422,3672700
2018-09-10,176.34449768066406,210.69000244140625,211.6199951171875,208.1300048828125,208.1300048828125,5586600
2018-09-11,178.98931884765625,213.85000610351562,214.66000366210938,211.5,213.0,5969500
2018-09-12,177.4241943359375,211.97999572753906,215.42999267578125,210.91000366210938,214.02999877929688,5660100
2018-09-13,175.3065948486328,209.4499969482422,211.44000244140625,208.6999969482422,211.44000244140625,4701100
2018-09-14,174.9885711669922,209.07000732421875,210.52999877929688,207.5500030517578,210.19000244140625,3622400
2018-09-17,174.4277801513672,208.39999389648438,210.0399932861328,208.25999450683594,209.0800018310547,3074700
2018-09-18,176.6206512451172,211.02000427246094,211.72999572753906,208.16000366210938,208.6300048828125,4338500
2018-09-19,177.17306518554688,211.67999267578125,212.6699981689453,210.66000366210938,212.0,2579100
2018-09-20,176.65411376953125,211.05999755859375,212.61000061035156,211.00999450683594,211.66000366210938,4020800
2018-09-21,177.76734924316406,212.38999938964844,212.66000366210938,210.50999450683594,211.3000030517578,9749200
2018-09-24,174.0845947265625,207.99000549316406,211.83999633789062,207.9600067138672,211.52000427246094,4623700
2018-09-25,173.6410369873047,207.4600067138672,209.3000030517578,206.8000030517578,208.83999633789062,4443300
2018-09-26,173.6912078857422,207.52000427246094,209.13999938964844,207.22999572753906,208.5800018310547,2965800
2018-09-27,173.1220703125,206.83999633789062,207.8300018310547,205.6699981689453,207.5,3218800
2018-09-28,173.3815460205078,207.14999389648438,208.85000610351562,206.35000610351562,206.44000244140625,3966100
2018-10-01,173.75814819335938,207.60000610351562,209.7899932861328,207.3699951171875,208.52000427246094,3670500
2018-10-02,171.37278747558594,204.75,208.0399932861328,204.6699981689453,207.49000549316406,4428000
2018-10-03,170.5274200439453,203.74000549316406,206.4600067138672,203.64999389648438,206.16000366210938,4162500
2018-10-04,166.4345703125,198.85000610351562,203.75999450683594,198.27000427246094,203.64999389648438,5996200
2018-10-05,164.36720275878906,196.3800048828125,199.6999969482422,194.57000732421875,199.07000732421875,5016600
2018-10-08,166.06625366210938,198.41000366210938,198.66000366210938,195.05999755859375,196.24000549316406,3731800
2018-10-09,163.83990478515625,195.75,199.17999267578125,195.5800018310547,197.9499969482422,4466800
2018-10-10,162.1240997314453,193.6999969482422,199.24000549316406,193.35000610351562,199.11000061035156,6157900
2018-10-11,158.80958557128906,189.74000549316406,196.6699981689453,188.47000122070312,193.7100067138672,5831400
2018-10-12,161.09457397460938,192.47000122070312,193.58999633789062,190.16000366210938,192.75,5450200
2018-10-15,160.0065155029297,191.1699981689453,193.2899932861328,190.6999969482422,192.36000061035156,3642800
2018-10-16,162.0236358642578,193.5800018310547,194.0800018310547,190.61000061035156,191.8300018310547,4057400
2018-10-17,154.98460388183594,185.1699981689453,190.6699981689453,183.97999572753906,189.63999938964844,8985700
2018-10-18,151.02560424804688,180.44000244140625,185.39999389648438,179.52999877929688,184.25999450683594,9262000
2018-10-19,150.53184509277344,179.85000610351562,180.99000549316406,178.57000732421875,180.33999633789062,7004300
2018-10-22,149.6111297607422,178.75,181.39999389648438,177.55999755859375,180.82000732421875,4866700
2018-10-23,149.42698669433594,178.52999877929688,179.49000549316406,175.44000244140625,175.77000427246094,7004900
2018-10-24,148.12130737304688,176.97000122070312,182.3699951171875,176.30999755859375,178.5800018310547,6791700
2018-10-25,149.8789825439453,179.07000732421875,180.5,176.8300018310547,177.52000427246094,5228000
2018-10-26,144.15399169921875,172.22999572753906,177.33999633789062,170.91000366210938,176.8800048828125,9472200
2018-10-29,144.9658660888672,173.1999969482422,175.99000549316406,170.9499969482422,173.74000549316406,5918400
2018-10-30,147.5102996826172,176.24000549316406,176.42999267578125,172.63999938964844,173.16000366210938,5657100
2018-10-31,147.20896911621094,175.8800048828125,178.85000610351562,175.58999633789062,177.97999572753906,6339500
2018-11-01,151.04237365722656,180.4600067138672,180.86000061035156,175.89999389648438,176.83999633789062,5225300
2018-11-02,150.5988006591797,179.92999267578125,183.00999450683594,177.38999938964844,182.47000122070312,4730600
2018-11-05,152.4903564453125,182.19000244140625,182.41000366210938,179.3000030517578,181.02000427246094,3885300
2018-11-06,152.33969116210938,182.00999450683594,182.64999389648438,180.0500030517578,181.92999267578125,3338800
2018-11-07,156.70880126953125,187.22999572753906,187.67999267578125,182.05999755859375,183.7899932861328,4673400
2018-11-08,157.3532257080078,188.0,188.69000244140625,185.72000122070312,187.1300048828125,4054000
2018-11-09,155.67092895507812,185.99000549316406,188.47999572753906,184.9600067138672,188.32000732421875,4761100
2018-11-12,150.18028259277344,179.42999267578125,186.9499969482422,179.02000427246094,185.22999572753906,7590400
2018-11-13,149.82037353515625,179.0,181.6199951171875,172.85000610351562,177.3000030517578,14274000
2018-11-14,150.57363891601562,179.89999389648438,182.89999389648438,179.14999389648438,182.61000061035156,7561100
2018-11-15,148.4477081298828,177.36000061035156,179.6699981689453,173.61000061035156,179.00999450683594,8663100
2018-11-16,148.1631622314453,177.02000427246094,177.61000061035156,173.50999450683594,173.99000549316406,6834900
2018-11-19,145.2922821044922,173.58999633789062,178.8800048828125,172.3000030517578,176.7100067138672,6203400
2018-11-20,141.4923858642578,169.0500030517578,172.0,167.0,169.25,8661000
2018-11-21,141.70164489746094,169.3000030517578,170.92999267578125,169.14999389648438,170.0,5752100
2018-11-23,141.324951171875,168.85000610351562,170.3300018310547,168.47000122070312,169.38999938964844,2711000
2018-11-26,142.1368408203125,169.82000732421875,172.38999938964844,168.8699951171875,170.1999969482422,6140500
2018-11-27,144.98260498046875,173.22000122070312,173.3800048828125,168.82000732421875,169.11000061035156,7084200
2018-11-28,149.39463806152344,177.42999267578125,177.64999389648438,170.6199951171875,172.91000366210938,7133600
2018-11-29,147.9043426513672,175.66000366210938,177.27000427246094,174.9199981689453,176.8000030517578,4329300
2018-11-30,151.82803344726562,180.32000732421875,180.3699951171875,175.11000061035156,175.75,8942400
2018-12-03,153.02366638183594,181.74000549316406,183.5,179.35000610351562,183.2899932861328,7610600
2018-12-04,147.60118103027344,175.3000030517578,182.22999572753906,174.5500030517578,181.05999755859375,7059600
2018-12-06,148.1569366455078,175.9600067138672,176.0399932861328,170.4600067138672,173.5,7571200
2018-12-07,145.48777770996094,172.7899932861328,178.36000061035156,172.24000549316406,175.35000610351562,6226100
2018-12-10,144.5616455078125,171.69000244140625,173.99000549316406,167.72999572753906,173.38999938964844,5373800
2018-12-11,144.99945068359375,172.2100067138672,175.60000610351562,171.24000549316406,174.3000030517578,5229400
2018-12-12,146.68344116210938,174.2100067138672,176.8699951171875,172.80999755859375,173.75,5912500
2018-12-13,146.3971405029297,173.8699951171875,174.91000366210938,172.07000732421875,174.30999755859375,6102200
2018-12-14,145.0668182373047,172.2899932861328,175.13999938964844,171.9499969482422,172.97999572753906,4265200
2018-12-17,141.42941284179688,167.97000122070312,171.99000549316406,166.92999267578125,171.50999450683594,5631700
2018-12-18,143.17233276367188,170.0399932861328,171.9499969482422,168.5,168.89999389648438,4462200
2018-12-19,141.0841827392578,167.55999755859375,174.9499969482422,166.77000427246094,170.9199981689453,6996900
2018-12-20,138.22140502929688,164.16000366210938,167.30999755859375,162.22999572753906,166.27999877929688,7675600
2018-12-21,135.12289428710938,160.47999572753906,167.9600067138672,160.1699981689453,162.80999755859375,13034100
2018-12-24,133.1526336669922,158.13999938964844,161.39999389648438,158.08999633789062,160.16000366210938,4547400
2018-12-26,141.69044494628906,168.27999877929688,168.27999877929688,159.44000244140625,159.4600067138672,6141500
2018-12-27,143.4081268310547,170.32000732421875,170.4600067138672,163.36000061035156,166.44000244140625,5069300
2018-12-28,143.3238983154297,170.22000122070312,173.1199951171875,168.60000610351562,171.22000122070312,4552000
2018-12-31,144.6710662841797,171.82000732421875,173.24000549316406,170.64999389648438,171.47000122070312,4206000
2019-01-02,145.1678466796875,172.41000366210938,173.17999267578125,169.0500030517578,169.7100067138672,4242900
2019-01-03,141.96832275390625,168.61000061035156,171.83999633789062,168.2100067138672,171.83999633789062,4810500
2019-01-04,146.1866455078125,173.6199951171875,174.74000549316406,169.52000427246094,170.17999267578125,4762600
2019-01-07,149.06626892089844,177.0399932861328,178.17999267578125,173.8300018310547,173.8300018310547,4928800
2019-01-08,149.78199768066406,177.88999938964844,179.58999633789062,175.61000061035156,178.57000732421875,4722400
2019-01-09,151.3312530517578,179.72999572753906,181.27000427246094,177.10000610351562,177.8699951171875,4922000
2019-01-10,150.76707458496094,179.05999755859375,179.24000549316406,176.33999633789062,178.02999877929688,3605300
2019-01-11,151.06182861328125,179.41000366210938,180.25999450683594,177.1199951171875,177.92999267578125,3285100
2019-01-14,150.5565948486328,178.80999755859375,179.22999572753906,176.89999389648438,177.58999633789062,3871400
2019-01-15,148.5863494873047,176.47000122070312,177.82000732421875,175.1999969482422,176.0800018310547,5016100
2019-01-16,149.06626892089844,177.0399932861328,177.92999267578125,175.86000061035156,177.08999633789062,4075400
2019-01-17,147.23916625976562,174.8699951171875,175.4600067138672,172.0,174.00999450683594,6499200
2019-01-18,151.20489501953125,179.5800018310547,180.0399932861328,176.17999267578125,176.97999572753906,6371100
2019-01-22,149.1251983642578,177.11000061035156,178.60000610351562,175.36000061035156,177.49000549316406,6272700
2019-01-23,148.93995666503906,176.88999938964844,178.05999755859375,174.52999877929688,176.58999633789062,4910400
2019-01-24,149.27676391601562,177.2899932861328,177.52999877929688,175.3000030517578,177.0,3860100
2019-01-25,151.8953857421875,180.39999389648438,180.8699951171875,178.61000061035156,179.77999877929688,4501800
2019-01-28,151.41542053222656,179.8300018310547,179.99000549316406,177.41000366210938,178.97000122070312,4091400
2019-01-29,151.29757690429688,179.69000244140625,180.14999389648438,178.08999633789062,178.9600067138672,3686900
2019-01-30,153.39413452148438,182.17999267578125,184.1999969482422,179.77999877929688,180.47000122070312,5197700
2019-01-31,154.5308074951172,183.52999877929688,184.6699981689453,181.05999755859375,181.5,5138000
2019-02-01,155.23805236816406,184.3699951171875,185.14999389648438,182.8300018310547,184.02999877929688,4513100
2019-02-04,156.9725341796875,186.42999267578125,186.42999267578125,183.83999633789062,184.3000030517578,3050200
2019-02-05,156.93890380859375,186.38999938964844,186.99000549316406,184.69000244140625,186.88999938964844,4135200
2019-02-06,155.5327606201172,184.72000122070312,186.69000244140625,184.05999755859375,186.69000244140625,3072500
2019-02-07,154.9854736328125,184.07000732421875,184.9199981689453,182.4499969482422,183.74000549316406,2793400
2019-02-08,155.3812255859375,184.5399932861328,184.5800018310547,182.72000122070312,183.0500030517578,2792300
2019-02-11,154.0171661376953,182.9199981689453,185.4199981689453,182.75,185.0,3729200
2019-02-12,156.2063446044922,185.52000427246094,186.39999389648438,183.52000427246094,183.83999633789062,3773200
2019-02-13,158.6397247314453,188.41000366210938,188.67999267578125,185.9199981689453,186.3000030517578,4146900
2019-02-14,158.05030822753906,187.7100067138672,188.92999267578125,186.0,187.5,2600600
2019-02-15,161.9908447265625,192.38999938964844,192.6199951171875,189.0500030517578,189.8699951171875,4997900
2019-02-19,161.94029235839844,192.3300018310547,193.19000244140625,191.27999877929688,191.7100067138672,3828400
2019-02-20,161.53614807128906,191.85000610351562,192.39999389648438,191.11000061035156,192.38999938964844,3970100
2019-02-21,161.51095581054688,191.82000732421875,192.3699951171875,190.61000061035156,191.85000610351562,3094200
2019-02-22,161.9908447265625,192.38999938964844,192.5399932861328,191.6199951171875,191.69000244140625,3321600
2019-02-25,159.9616241455078,189.97999572753906,193.4199981689453,189.9600067138672,192.75,6190700
2019-02-26,158.54710388183594,188.3000030517578,188.47000122070312,182.8000030517578,185.58999633789062,13635100
2019-02-27,154.6486358642578,183.6699981689453,188.5,183.2100067138672,187.89999389648438,8766200
2019-02-28,155.8863983154297,185.13999938964844,185.19000244140625,183.11000061035156,183.60000610351562,8060600
2019-03-01,155.91168212890625,185.1699981689453,186.55999755859375,182.86000061035156,185.82000732421875,5481300
2019-03-04,154.76658630371094,183.80999755859375,186.24000549316406,182.10000610351562,186.1999969482422,5046800
2019-03-05,154.9265594482422,184.0,185.1199951171875,183.25,184.24000549316406,3691000
2019-03-06,155.3053741455078,184.4499969482422,184.97000122070312,183.83999633789062,184.52999877929688,4460900
2019-03-07,153.67198181152344,182.50999450683594,184.6199951171875,181.5800018310547,184.38999938964844,4122200
2019-03-08,152.59420776367188,181.22999572753906,181.91000366210938,179.52000427246094,181.49000549316406,3867100
2019-03-11,153.61300659179688,182.44000244140625,183.1999969482422,181.1999969482422,182.0,3866200
2019-03-12,154.9265594482422,184.0,184.27000427246094,182.3300018310547,183.42999267578125,3777000
2019-03-13,153.65415954589844,181.13999938964844,183.77999877929688,181.0800018310547,183.24000549316406,4528300
2019-03-14,154.05282592773438,181.61000061035156,181.74000549316406,180.5,181.27999877929688,4393000
2019-03-15,154.57875061035156,182.22999572753906,182.49000549316406,179.57000732421875,182.3000030517578,8059100
2019-03-18,155.5881805419922,183.4199981689453,183.47999572753906,182.3300018310547,182.52999877929688,4395800
2019-03-19,156.19046020507812,184.1300048828125,185.82000732421875,183.47999572753906,184.19000244140625,4437100
2019-03-20,157.86154174804688,186.10000610351562,187.1199951171875,183.42999267578125,184.3000030517578,4772600
2019-03-21,161.14434814453125,189.97000122070312,190.0,185.5,185.5,4755700
2019-03-22,160.1094207763672,188.75,192.0500030517578,188.6699981689453,189.30999755859375,5173600
2019-03-25,160.8983154296875,189.67999267578125,191.7100067138672,188.50999450683594,188.75,3845900
2019-03-26,160.60989379882812,189.33999633789062,192.19000244140625,188.74000549316406,190.69000244140625,4143300
2019-03-27,160.53358459472656,189.25,191.61000061035156,188.38999938964844,189.64999389648438,4298400
2019-03-28,161.22064208984375,190.05999755859375,191.39999389648438,189.16000366210938,189.91000366210938,3326100
2019-03-29,162.77296447753906,191.88999938964844,192.0399932861328,190.13999938964844,190.85000610351562,4674100
2019-04-01,165.95394897460938,195.63999938964844,195.89999389648438,192.85000610351562,192.99000549316406,5381400
2019-04-02,164.8257293701172,194.30999755859375,195.5,194.02000427246094,195.5,2717800
2019-04-03,168.4732666015625,198.61000061035156,198.7899932861328,194.11000061035156,194.97999572753906,4581500
2019-04-04,170.03411865234375,200.4499969482422,200.49000549316406,198.02000427246094,199.0,3138400
2019-04-05,171.39974975585938,202.05999755859375,203.1300048828125,200.61000061035156,200.86000061035156,3615300
2019-04-08,172.66368103027344,203.5500030517578,203.7899932861328,201.24000549316406,201.3699951171875,3040900
2019-04-09,170.4158172607422,200.89999389648438,202.7100067138672,200.4600067138672,202.25999450683594,3721700
2019-04-10,169.1688232421875,199.42999267578125,201.60000610351562,198.02000427246094,201.25999450683594,3587500
2019-04-11,170.9077606201172,201.47999572753906,201.5,199.02999877929688,199.89999389648438,2465100
2019-04-12,172.91822814941406,203.85000610351562,204.25999450683594,202.1300048828125,202.1300048828125,3097900
2019-04-15,173.7749481201172,204.86000061035156,205.13999938964844,203.39999389648438,204.16000366210938,3049900
2019-04-16,173.444091796875,204.47000122070312,205.99000549316406,204.2899932861328,205.25,3271400
2019-04-17,175.20846557617188,206.5500030517578,206.83999633789062,205.32000732421875,205.33999633789062,3271900
2019-04-18,174.45352172851562,205.66000366210938,207.77999877929688,205.10000610351562,206.02000427246094,3162500
2019-04-22,173.70701599121094,204.77999877929688,206.25,204.0,204.11000061035156,2593900
2019-04-23,174.7843475341797,206.0500030517578,207.3300018310547,203.42999267578125,205.13999938964844,3702600
2019-04-24,175.35267639160156,206.72000122070312,208.3000030517578,205.5399932861328,206.16000366210938,2750900
2019-04-25,175.16607666015625,206.5,207.72000122070312,205.05999755859375,206.00999450683594,3292100
2019-04-26,172.71463012695312,203.61000061035156,206.13999938964844,203.33999633789062,205.8800048828125,3560300
2019-04-29,171.484619140625,202.16000366210938,203.8000030517578,200.33999633789062,203.30999755859375,3785200
2019-04-30,172.7909393310547,203.6999969482422,203.75,200.7899932861328,201.5500030517578,3415600
2019-05-01,168.6344757080078,198.8000030517578,203.52000427246094,198.66000366210938,203.1999969482422,4644700
2019-05-02,170.5091094970703,201.00999450683594,201.05999755859375,198.8000030517578,199.3000030517578,2810000
2019-05-03,170.1273956298828,200.55999755859375,202.30999755859375,200.32000732421875,202.0,3583400
2019-05-06,169.3385009765625,199.6300048828125,199.92999267578125,198.30999755859375,198.74000549316406,2619400
2019-05-07,165.21597290039062,194.77000427246094,197.64999389648438,192.9600067138672,196.75,4622100
2019-05-08,165.55526733398438,195.1699981689453,196.61000061035156,193.67999267578125,194.49000549316406,3122600
2019-05-09,165.0547637939453,194.5800018310547,195.0800018310547,191.58999633789062,193.30999755859375,2917700
2019-05-10,165.0547637939453,194.5800018310547,195.49000549316406,190.00999450683594,193.2100067138672,3863600
2019-05-13,161.45816040039062,190.33999633789062,191.66000366210938,189.13999938964844,191.0,3325900
2019-05-14,162.54393005371094,191.6199951171875,192.75999450683594,190.00999450683594,190.5,3663600
2019-05-15,162.6627197265625,191.75999450683594,192.80999755859375,190.27000427246094,190.80999755859375,3355800
2019-05-16,163.1886444091797,192.3800048828125,194.9600067138672,192.1999969482422,192.47000122070312,3854000
2019-05-17,163.3582763671875,192.5800018310547,194.5,190.75,190.86000061035156,5223800
2019-05-20,161.9756317138672,190.9499969482422,192.86000061035156,190.61000061035156,191.1300048828125,4782800
2019-05-21,162.39971923828125,191.4499969482422,192.52000427246094,186.33999633789062,187.1300048828125,8555600
2019-05-22,160.24517822265625,188.91000366210938,192.22000122070312,188.0500030517578,190.49000549316406,5706000
2019-05-23,162.86627197265625,192.0,192.5399932861328,186.27000427246094,188.4499969482422,7754000
2019-05-24,164.21499633789062,193.58999633789062,193.86000061035156,190.41000366210938,192.5399932861328,3799500
2019-05-28,162.4845733642578,191.5500030517578,196.47000122070312,191.35000610351562,194.3800048828125,5165800
2019-05-29,161.16127014160156,189.99000549316406,191.8800048828125,188.02999877929688,190.27999877929688,4569900
2019-05-30,162.0858612060547,191.0800018310547,192.5,190.08999633789062,190.1300048828125,3029800
2019-05-31,161.04254150390625,189.85000610351562,190.2899932861328,188.66000366210938,189.63999938964844,3681500
2019-06-03,160.80499267578125,189.57000732421875,191.8699951171875,188.75,189.52000427246094,4620200
2019-06-04,165.62310791015625,195.25,195.5,191.4199981689453,191.5800018310547,5118100
2019-06-05,168.01495361328125,196.69000244140625,196.72000122070312,193.0800018310547,194.00999450683594,3704600
2019-06-06,168.42494201660156,197.1699981689453,197.64999389648438,194.9600067138672,196.64999389648438,3732900
2019-06-07,168.53599548339844,197.3000030517578,199.02000427246094,196.2100067138672,197.1999969482422,3522300
2019-06-10,169.17665100097656,198.0500030517578,199.85000610351562,197.32000732421875,198.55999755859375,3154500
2019-06-11,169.14247131347656,198.00999450683594,200.83999633789062,195.83999633789062,199.02000427246094,3708500
2019-06-12,169.93690490722656,198.94000244140625,200.19000244140625,197.97999572753906,198.80999755859375,2551500
2019-06-13,172.8497772216797,202.35000610351562,202.67999267578125,199.4499969482422,199.9499969482422,3630900
2019-06-14,175.7711639404297,205.77000427246094,206.5,201.30999755859375,201.30999755859375,4898000
2019-06-17,176.80477905273438,206.97999572753906,208.7899932861328,206.0,207.0,4620500
2019-06-18,177.23187255859375,207.47999572753906,210.1699981689453,207.11000061035156,208.10000610351562,3891300
2019-06-19,177.62481689453125,207.94000244140625,208.47999572753906,205.89999389648438,207.89999389648438,3648200
2019-06-20,180.45223999023438,211.25,211.66000366210938,209.30999755859375,209.57000732421875,5171500
2019-06-21,178.86341857910156,209.38999938964844,211.99000549316406,209.0800018310547,211.25999450683594,9855000
2019-06-24,175.5405731201172,205.5,209.25999450683594,205.1199951171875,208.14999389648438,4943500
2019-06-25,174.8913116455078,204.74000549316406,207.10000610351562,204.1999969482422,206.3000030517578,3587900
2019-06-26,176.326416015625,206.4199981689453,207.32000732421875,204.64999389648438,205.33999633789062,3071200
2019-06-27,176.83892822265625,207.02000427246094,208.0,206.00999450683594,207.61000061035156,2286800
2019-06-28,177.65040588378906,207.97000122070312,209.0,207.38999938964844,207.77000427246094,11069000
2019-07-01,179.62362670898438,210.27999877929688,212.30999755859375,208.1699981689453,209.6999969482422,4097700
2019-07-02,179.50405883789062,210.13999938964844,210.25999450683594,208.4600067138672,210.24000549316406,3160500
2019-07-03,181.17832946777344,212.10000610351562,212.75,209.6999969482422,209.82000732421875,2183700
2019-07-05,180.631591796875,211.4600067138672,212.1699981689453,209.72999572753906,209.97000122070312,2547800
2019-07-08,181.87020874023438,212.91000366210938,213.44000244140625,210.58999633789062,210.97999572753906,2705300
2019-07-09,181.0928955078125,212.0,213.3300018310547,211.1999969482422,211.92999267578125,2397400
2019-07-10,180.025146484375,210.75,211.32000732421875,208.8300018310547,210.72000122070312,3457400
2019-07-11,182.83547973632812,214.0399932861328,214.0800018310547,211.02000427246094,212.25,3450100
2019-07-12,186.41465759277344,218.22999572753906,218.25,214.61000061035156,215.0,4429800
2019-07-15,186.8161163330078,218.6999969482422,219.3000030517578,216.80999755859375,218.9499969482422,3141300
2019-07-16,185.5860595703125,217.25999450683594,218.35000610351562,216.72999572753906,217.3000030517578,2657400
2019-07-17,184.17660522460938,215.61000061035156,217.5800018310547,215.61000061035156,216.72999572753906,3037300
2019-07-18,183.17723083496094,214.44000244140625,216.22999572753906,213.00999450683594,215.5,3068000
2019-07-19,181.9812774658203,213.0399932861328,215.22999572753906,212.92999267578125,214.6699981689453,3254800
2019-07-22,180.4693145751953,211.27000427246094,213.25999450683594,210.3800048828125,213.0,2764900
2019-07-23,182.0154571533203,213.0800018310547,214.1300048828125,211.72999572753906,212.57000732421875,2589900
2019-07-24,183.4078369140625,214.7100067138672,214.7899932861328,213.07000732421875,213.19000244140625,2207100
2019-07-25,184.1253662109375,215.5500030517578,215.9199981689453,213.6300048828125,214.27999877929688,2335300
2019-07-26,185.28707885742188,216.91000366210938,217.2100067138672,214.10000610351562,215.52999877929688,2675500
2019-07-29,186.25233459472656,218.0399932861328,218.27000427246094,216.35000610351562,216.7899932861328,2407200
2019-07-30,185.6714630126953,217.36000061035156,218.58999633789062,216.86000061035156,217.52000427246094,2172600
2019-07-31,182.53656005859375,213.69000244140625,217.8000030517578,212.1699981689453,216.35000610351562,3426400
2019-08-01,181.80191040039062,212.8300018310547,217.61000061035156,212.02000427246094,214.13999938964844,3431500
2019-08-02,181.22103881835938,212.14999389648438,213.13999938964844,211.0800018310547,211.86000061035156,2884900
2019-08-05,175.06216430664062,204.94000244140625,209.9600067138672,204.0800018310547,209.52999877929688,4553200
2019-08-06,178.3594207763672,208.8000030517578,209.08999633789062,204.5,205.00999450683594,3646800
2019-08-07,177.59921264648438,207.91000366210938,208.5,203.1300048828125,206.0399932861328,3901100
2019-08-08,180.72560119628906,211.57000732421875,211.69000244140625,208.72000122070312,209.6999969482422,2968000
2019-08-09,179.4015655517578,210.02000427246094,212.41000366210938,207.9499969482422,211.4499969482422,2912100
2019-08-12,176.83035278320312,207.00999450683594,209.63999938964844,206.14999389648438,208.10000610351562,2005000
2019-08-13,177.95791625976562,208.3300018310547,211.6199951171875,204.77999877929688,206.30999755859375,3876700
2019-08-14,172.20059204101562,201.58999633789062,205.36000061035156,201.50999450683594,204.4600067138672,4582100
2019-08-15,172.37139892578125,201.7899932861328,203.75999450683594,199.0500030517578,203.0,4199700
2019-08-16,173.9602508544922,203.64999389648438,204.42999267578125,201.6699981689453,203.75,4093600
2019-08-19,177.63333129882812,207.9499969482422,208.82000732421875,205.3000030517578,206.97999572753906,6413600
2019-08-20,185.4408416748047,217.08999633789062,217.85000610351562,212.1699981689453,213.5,12452600
2019-08-21,188.26828002929688,220.39999389648438,220.8800048828125,216.75999450683594,218.72999572753906,7938600
2019-08-22,188.79791259765625,221.02000427246094,222.66000366210938,219.8800048828125,220.0500030517578,4544600
2019-08-23,185.7654571533203,217.47000122070312,220.8699951171875,216.00999450683594,219.89999389648438,5769300
2019-08-26,186.77342224121094,218.64999389648438,219.5,216.17999267578125,218.4600067138672,3680200
2019-08-27,186.39756774902344,218.2100067138672,220.41000366210938,217.91000366210938,219.5500030517578,4311700
2019-08-28,189.59231567382812,221.9499969482422,222.08999633789062,217.11000061035156,217.8800048828125,3066700
2019-08-29,194.179443359375,227.32000732421875,227.6999969482422,223.75999450683594,223.89999389648438,4184200
2019-08-30,194.6833953857422,227.91000366210938,229.27000427246094,226.69000244140625,228.42999267578125,3768300
2019-09-03,191.4032440185547,224.07000732421875,227.6300048828125,223.3800048828125,226.4499969482422,4139400
2019-09-04,192.6407928466797,224.14999389648438,224.14999389648438,220.6699981689453,223.9499969482422,3132900
2019-09-05,196.07852172851562,228.14999389648438,228.77999877929688,226.25,226.3000030517578,3373100
2019-09-06,198.63963317871094,231.1300048828125,231.3699951171875,227.8800048828125,228.6999969482422,3237900
2019-09-09,200.135009765625,232.8699951171875,233.8699951171875,230.0800018310547,231.5,4449100
2019-09-10,200.2467803955078,233.0,233.02000427246094,229.7100067138672,232.25,4210600
2019-09-11,199.95457458496094,232.66000366210938,233.67999267578125,231.02000427246094,232.92999267578125,2978300
2019-09-12,200.93429565429688,233.8000030517578,235.49000549316406,233.11000061035156,233.4199981689453,3366100
2019-09-13,201.0889892578125,233.97999572753906,234.97000122070312,232.3300018310547,234.3300018310547,3805500
2019-09-16,198.519287109375,230.99000549316406,233.61000061035156,230.61000061035156,232.72999572753906,3120200
2019-09-17,197.8489532470703,230.2100067138672,230.3300018310547,226.47000122070312,226.7899932861328,3732500
2019-09-18,198.38177490234375,230.8300018310547,231.52999877929688,229.00999450683594,230.3699951171875,3341800
2019-09-19,196.05276489257812,228.1199951171875,231.39999389648438,227.9499969482422,231.14999389648438,3134000
2019-09-20,193.08770751953125,224.6699981689453,230.0500030517578,224.22999572753906,227.99000549316406,7687700
2019-09-23,194.44561767578125,226.25,227.13999938964844,223.9499969482422,224.16000366210938,2754000
2019-09-24,193.7237091064453,225.41000366210938,230.24000549316406,224.77999877929688,228.13999938964844,4511300
2019-09-25,196.03558349609375,228.10000610351562,228.4499969482422,224.5,226.58999633789062,3716700
2019-09-26,197.48797607421875,229.7899932861328,231.1199951171875,229.0,229.67999267578125,4200600
2019-09-27,197.54811096191406,229.86000061035156,231.75,229.1300048828125,231.61000061035156,3152000
2019-09-30,199.404541015625,232.02000427246094,232.58999633789062,230.1199951171875,230.19000244140625,3249200
2019-10-01,198.5966796875,231.0800018310547,234.50999450683594,230.72000122070312,233.00999450683594,3335400
2019-10-02,193.8440399169922,225.5500030517578,230.60000610351562,224.33999633789062,230.60000610351562,4336100
2019-10-03,194.92691040039062,226.80999755859375,226.80999755859375,222.1199951171875,225.0,2777700
2019-10-04,195.8894500732422,227.92999267578125,229.2100067138672,227.02000427246094,227.1699981689453,3163100
2019-10-07,194.8667755126953,226.74000549316406,228.1300048828125,226.0500030517578,227.50999450683594,2917600
2019-10-08,194.8065948486328,226.6699981689453,228.77999877929688,225.10000610351562,225.36000061035156,3438500
2019-10-09,196.75746154785156,228.94000244140625,229.55999755859375,226.61000061035156,228.5,2657600
2019-10-10,199.05218505859375,231.61000061035156,232.24000549316406,229.0800018310547,229.33999633789062,2781500
2019-10-11,201.67343139648438,234.66000366210938,236.6999969482422,233.75999450683594,234.32000732421875,3459200
2019-10-14,201.26083374023438,234.17999267578125,235.49000549316406,234.05999755859375,234.22000122070312,2183900
2019-10-15,202.49842834472656,235.6199951171875,236.86000061035156,234.60000610351562,234.69000244140625,2663300
2019-10-16,202.7390899658203,235.89999389648438,236.1699981689453,233.83999633789062,235.4199981689453,2388100
2019-10-17,203.48680114746094,236.77000427246094,238.1699981689453,235.50999450683594,236.36000061035156,2250500
2019-10-18,204.4837188720703,237.92999267578125,238.72999572753906,235.63999938964844,236.99000549316406,3662500
2019-10-21,203.42660522460938,236.6999969482422,238.99000549316406,235.61000061035156,238.25999450683594,2041700
2019-10-22,203.8563690185547,237.1999969482422,238.3000030517578,236.52000427246094,237.3000030517578,2003200
2019-10-23,201.6820526123047,234.6699981689453,237.41000366210938,234.36000061035156,236.66000366210938,2110500
2019-10-24,201.0116424560547,233.88999938964844,236.3699951171875,233.07000732421875,234.80999755859375,2173900
2019-10-25,201.4327392578125,234.3800048828125,235.4199981689453,232.5500030517578,233.49000549316406,2210900
2019-10-28,203.51258850097656,236.8000030517578,236.9600067138672,234.55999755859375,234.9499969482422,2705000
2019-10-29,201.22654724121094,234.13999938964844,237.5,233.9199981689453,236.83999633789062,2558000
2019-10-30,203.0312957763672,236.24000549316406,236.60000610351562,232.8800048828125,233.50999450683594,1956700
2019-10-31,201.6046600341797,234.5800018310547,237.38999938964844,233.22000122070312,236.86000061035156,2824100
2019-11-01,203.9766845703125,237.33999633789062,237.4499969482422,235.05999755859375,236.07000732421875,2197400
2019-11-04,201.8968505859375,234.9199981689453,238.38999938964844,233.8800048828125,238.27000427246094,2542400
2019-11-05,199.5592041015625,232.1999969482422,234.9199981689453,230.27000427246094,234.74000549316406,3624600
2019-11-06,201.1147918701172,234.00999450683594,234.0399932861328,231.88999938964844,232.8300018310547,2631900
2019-11-07,200.1951904296875,232.94000244140625,235.7899932861328,231.75999450683594,234.0,2832500
2019-11-08,200.10926818847656,232.83999633789062,233.25999450683594,231.6300048828125,232.8000030517578,2088400
2019-11-11,199.21546936035156,231.8000030517578,232.27999877929688,230.17999267578125,230.5,2309600
2019-11-12,200.3498992919922,233.1199951171875,234.6300048828125,232.0,232.14999389648438,2991100
2019-11-13,201.79371643066406,234.8000030517578,234.89999389648438,230.85000610351562,232.08999633789062,2399600
2019-11-14,203.29776000976562,236.5500030517578,236.94000244140625,234.0399932861328,235.0,2282200
2019-11-15,203.93370056152344,237.2899932861328,238.0500030517578,236.36000061035156,237.69000244140625,3524700
2019-11-18,205.2744140625,238.85000610351562,239.30999755859375,236.75999450683594,238.44000244140625,5747400
2019-11-19,194.11044311523438,225.86000061035156,233.1199951171875,225.39999389648438,230.60000610351562,14972200
2019-11-20,189.8477020263672,220.89999389648438,225.0,220.57000732421875,224.5500030517578,10225400
2019-11-21,187.81939697265625,218.5399932861328,222.30999755859375,218.5,221.94000244140625,7823700
2019-11-22,187.38111877441406,218.02999877929688,219.1300048828125,217.80999755859375,218.5,5786500
2019-11-25,187.69912719726562,218.39999389648438,218.52999877929688,216.8800048828125,218.0,8865400
2019-11-26,189.7273712158203,220.75999450683594,220.9600067138672,218.38999938964844,218.75999450683594,9981400
2019-11-27,191.65248107910156,223.0,223.4499969482422,220.66000366210938,221.67999267578125,6687500
2019-11-29,189.51251220703125,220.50999450683594,223.3300018310547,220.2899932861328,223.3000030517578,2952900
2019-12-02,187.0287628173828,217.6199951171875,221.19000244140625,217.4600067138672,220.89999389648438,4416300
2019-12-03,183.91761779785156,214.0,216.4499969482422,212.92999267578125,216.4499969482422,6505400
2019-12-04,185.18045043945312,214.10000610351562,214.9600067138672,213.19000244140625,213.5,4256200
2019-12-05,184.22900390625,213.0,214.5,211.77000427246094,214.36000061035156,4580500
2019-12-06,185.33612060546875,214.27999877929688,215.36000061035156,213.89999389648438,214.2100067138672,4193700
2019-12-09,187.28219604492188,216.52999877929688,217.8800048828125,214.17999267578125,214.2899932861328,5111100
2019-12-10,186.73728942871094,215.89999389648438,216.69000244140625,215.10000610351562,216.52000427246094,4663000
2019-12-11,183.3640594482422,212.0,213.64999389648438,210.61000061035156,211.02999877929688,8284800
2019-12-12,183.39866638183594,212.0399932861328,214.1300048828125,210.72999572753906,212.5,9915100
2019-12-13,185.1631317138672,214.0800018310547,214.22999572753906,210.6699981689453,212.1199951171875,6869200
2019-12-16,186.4172821044922,215.52999877929688,216.72000122070312,214.3000030517578,214.42999267578125,5850300
2019-12-17,188.3114776611328,217.72000122070312,219.4499969482422,215.8699951171875,216.02000427246094,7574400
2019-12-18,188.55360412597656,218.0,219.58999633789062,217.63999938964844,218.2100067138672,6677400
2019-12-19,190.47378540039062,220.22000122070312,220.77000427246094,218.27999877929688,218.47999572753906,5405000
2019-12-20,191.31275939941406,221.19000244140625,221.57000732421875,219.8000030517578,220.58999633789062,7778200
2019-12-23,189.6001739501953,219.2100067138672,222.0,219.13999938964844,222.0,3943700
2019-12-24,190.8629608154297,220.6699981689453,221.0399932861328,219.22000122070312,219.5,2260700
2019-12-26,190.99273681640625,220.82000732421875,221.14999389648438,219.58999633789062,220.74000549316406,2649200
2019-12-27,190.25753784179688,219.97000122070312,221.7899932861328,219.77999877929688,221.1999969482422,3082800
2019-12-30,187.9568328857422,217.30999755859375,220.49000549316406,216.5500030517578,220.3699951171875,3952400
2019-12-31,188.88230895996094,218.3800048828125,218.50999450683594,216.44000244140625,217.10000610351562,3789900
2020-01-02,189.98939514160156,219.66000366210938,219.75999450683594,217.83999633789062,219.0800018310547,3935700
2020-01-03,189.35800170898438,218.92999267578125,219.67999267578125,216.75,217.13999938964844,3423200
2020-01-06,190.24888610839844,219.9600067138672,220.0,216.39999389648438,216.49000549316406,5682800
2020-01-07,189.00341796875,218.52000427246094,220.55999755859375,216.89999389648438,219.5,5685400
2020-01-08,191.8316650390625,221.7899932861328,222.97000122070312,218.6699981689453,218.8000030517578,4916200
2020-01-09,194.77244567871094,225.19000244140625,225.5500030517578,221.85000610351562,222.63999938964844,4843600
2020-01-10,193.93345642089844,224.22000122070312,225.49000549316406,223.02999877929688,224.75,4226600
2020-01-13,193.17236328125,223.33999633789062,224.50999450683594,222.67999267578125,224.5,6060900
2020-01-14,192.7139434814453,222.80999755859375,224.9499969482422,222.30999755859375,222.47999572753906,3915100
2020-01-15,194.2534637451172,224.58999633789062,224.97999572753906,222.1300048828125,222.27999877929688,3444300
2020-01-16,197.91212463378906,228.82000732421875,228.86000061035156,225.39999389648438,225.92999267578125,5390800
2020-01-17,200.584716796875,231.91000366210938,232.60000610351562,228.91000366210938,229.61000061035156,7979200
2020-01-21,201.48423767089844,232.9499969482422,233.66000366210938,231.05999755859375,231.52999877929688,4873500
2020-01-22,201.44097900390625,232.89999389648438,236.52999877929688,232.8800048828125,233.7899932861328,4030800
2020-01-23,202.0896759033203,233.64999389648438,234.82000732421875,230.63999938964844,232.1300048828125,4617900
2020-01-24,200.66258239746094,232.0,235.42999267578125,230.55999755859375,234.4600067138672,4467500
2020-01-27,199.96200561523438,231.19000244140625,232.47000122070312,228.1999969482422,228.1999969482422,3595600
2020-01-28,202.2713165283203,233.86000061035156,235.25,231.35000610351562,231.82000732421875,3621900
2020-01-29,202.4097137451172,234.02000427246094,235.8800048828125,233.39999389648438,234.89999389648438,2564000
2020-01-30,201.34585571289062,232.7899932861328,233.3000030517578,231.57000732421875,232.0,4685700
2020-01-31,197.28939819335938,228.10000610351562,233.22999572753906,227.88999938964844,232.9600067138672,5304700
2020-02-03,200.26470947265625,231.5399932861328,233.52999877929688,229.35000610351562,230.3000030517578,5100900
2020-02-04,203.25735473632812,235.0,236.36000061035156,234.02999877929688,234.02999877929688,3505100
2020-02-05,205.94728088378906,238.11000061035156,238.32000732421875,235.86000061035156,237.10000610351562,3868600
2020-02-06,206.57864379882812,238.83999633789062,239.41000366210938,237.47999572753906,238.0,3930300
2020-02-07,205.24667358398438,237.3000030517578,239.52999877929688,236.52000427246094,238.83999633789062,2456100
2020-02-10,208.10958862304688,240.61000061035156,240.61000061035156,236.17999267578125,236.60000610351562,2568000
2020-02-11,209.00042724609375,241.63999938964844,242.4499969482422,240.1999969482422,240.61000061035156,2692400
2020-02-12,208.95721435546875,241.58999633789062,242.3000030517578,238.83999633789062,242.1300048828125,3592100
2020-02-13,209.62319946289062,242.36000061035156,243.60000610351562,240.39999389648438,240.97000122070312,2468100
2020-02-14,211.93252563476562,245.02999877929688,245.1999969482422,242.6300048828125,243.44000244140625,2841600
2020-02-18,210.9897918701172,243.94000244140625,246.11000061035156,243.16000366210938,244.83999633789062,2892600
2020-02-19,210.73033142089844,243.63999938964844,245.5,243.00999450683594,244.91000366210938,2713300
2020-02-20,213.65377807617188,247.02000427246094,247.1199951171875,242.14999389648438,243.69000244140625,3701800
2020-02-21,212.20071411132812,245.33999633789062,247.36000061035156,244.0,246.5,3881100
2020-02-24,207.322509765625,239.6999969482422,243.11000061035156,237.6999969482422,238.47999572753906,5350100
2020-02-25,205.31581115722656,237.3800048828125,246.97000122070312,236.47999572753906,246.10000610351562,8061500
2020-02-26,203.49951171875,235.27999877929688,241.0399932861328,234.32000732421875,239.10000610351562,6963000
2020-02-27,194.3745574951172,224.72999572753906,234.82000732421875,224.57000732421875,231.07000732421875,7612800
2020-02-28,188.41525268554688,217.83999633789062,221.05999755859375,212.3300018310547,218.6300048828125,11809600
2020-03-02,198.88082885742188,229.94000244140625,230.0,218.49000549316406,219.97999572753906,7150800
2020-03-03,197.15097045898438,227.94000244140625,235.82000732421875,225.57000732421875,230.02999877929688,8432500
2020-03-04,208.51608276367188,241.0800018310547,241.32000732421875,231.8000030517578,233.00999450683594,6770000
2020-03-05,203.09298706054688,234.80999755859375,239.61000061035156,233.14999389648438,236.60000610351562,6473900
2020-03-06,197.64401245117188,228.50999450683594,230.2899932861328,222.25,227.57000732421875,7399900
2020-03-09,182.03208923339844,210.4600067138672,216.17999267578125,207.25,213.8699951171875,10120500
2020-03-10,195.21351623535156,225.6999969482422,225.8300018310547,211.0,217.2100067138672,7206600
2020-03-11,185.3657989501953,212.88999938964844,219.14999389648438,210.5,217.3000030517578,7253900
2020-03-12,165.94891357421875,190.58999633789062,206.5800018310547,184.83999633789062,195.41000366210938,10928700
2020-03-13,179.07931518554688,205.6699981689453,205.82000732421875,190.0,200.4499969482422,10292300
2020-03-16,143.6326141357422,164.9600067138672,186.10000610351562,163.11000061035156,181.97000122070312,12536600
2020-03-17,151.19033813476562,173.63999938964844,174.77999877929688,155.3000030517578,168.2100067138672,16234400
2020-03-18,135.5088653564453,155.6300048828125,162.3300018310547,140.6300048828125,159.8000030517578,14681900
2020-03-19,140.29776000976562,161.1300048828125,162.91000366210938,142.0,153.16000366210938,13499100
2020-03-20,132.478759765625,152.14999389648438,170.22000122070312,151.80999755859375,162.77999877929688,12602400
2020-03-23,141.3948516845703,162.38999938964844,164.92999267578125,146.33999633789062,150.05999755859375,12241600
2020-03-24,160.8378448486328,184.72000122070312,185.6699981689453,172.00999450683594,173.38999938964844,14676600
2020-03-25,158.2605438232422,181.75999450683594,191.5500030517578,180.0,184.4199981689453,11497400
2020-03-26,169.97164916992188,195.2100067138672,198.1999969482422,182.5,183.49000549316406,10170300
2020-03-27,165.91412353515625,190.5500030517578,196.3800048828125,186.5,188.49000549316406,7121700
2020-03-30,170.74652099609375,196.10000610351562,198.1999969482422,187.61000061035156,190.57000732421875,6936700
2020-03-31,162.57057189941406,186.7100067138672,195.49000549316406,185.4499969482422,194.8000030517578,7335400
2020-04-01,155.5352325439453,178.6300048828125,182.75999450683594,175.0,175.91000366210938,7858200
2020-04-02,157.8687286376953,181.30999755859375,182.72000122070312,174.0,174.9499969482422,6353900
2020-04-03,155.59616088867188,178.6999969482422,181.35000610351562,174.94000244140625,179.55999755859375,7299800
2020-04-06,166.59329223632812,191.3300018310547,192.41000366210938,185.1300048828125,188.0,7454000
2020-04-07,167.42913818359375,192.2899932861328,204.11000061035156,191.85000610351562,202.9199981689453,6438800
2020-04-08,169.6320343017578,194.82000732421875,196.77000427246094,191.5399932861328,194.2100067138672,6094700
2020-04-09,175.47450256347656,201.52999877929688,205.99000549316406,196.5,199.8000030517578,7125100
2020-04-13,173.0887451171875,198.7899932861328,200.4499969482422,195.3699951171875,200.4499969482422,4415600
2020-04-14,180.3853302001953,207.1699981689453,209.72999572753906,200.1300048828125,201.8800048828125,5655400
2020-04-15,172.81886291503906,198.47999572753906,202.24000549316406,196.61000061035156,198.6699981689453,5693900
2020-04-16,174.01173400878906,199.85000610351562,202.2100067138672,196.82000732421875,199.1199951171875,7262800
2020-04-17,182.34446716308594,209.4199981689453,210.25,206.16000366210938,207.1699981689453,6717600
2020-04-20,179.41012573242188,206.0500030517578,211.02999877929688,205.36000061035156,206.1300048828125,4753100
2020-04-21,174.6734619140625,200.61000061035156,204.33999633789062,199.50999450683594,200.75,4845000
2020-04-22,177.77317810058594,204.1699981689453,205.7100067138672,201.13999938964844,201.88999938964844,4067700
2020-04-23,176.1623992919922,202.32000732421875,206.97000122070312,202.19000244140625,203.32000732421875,3565500
2020-04-24,184.74755859375,212.17999267578125,212.92999267578125,203.85000610351562,204.72999572753906,5025200
2020-04-27,189.6061553955078,217.75999450683594,220.94000244140625,214.00999450683594,215.0399932861328,5472800
2020-04-28,189.49298095703125,217.6300048828125,224.22000122070312,216.91000366210938,223.99000549316406,5080700
2020-04-29,193.1324920654297,221.80999755859375,224.1699981689453,219.82000732421875,221.33999633789062,4381100
2020-04-30,191.40858459472656,219.8300018310547,222.11000061035156,216.52000427246094,216.7899932861328,5152700
2020-05-01,190.31143188476562,218.57000732421875,219.6999969482422,215.77000427246094,216.77000427246094,3819300
2020-05-04,193.15869140625,221.83999633789062,222.66000366210938,215.2100067138672,216.67999267578125,4090900
2020-05-05,196.44126892089844,225.61000061035156,228.85000610351562,223.61000061035156,224.94000244140625,4655200
2020-05-06,194.96971130371094,223.9199981689453,228.44000244140625,223.8000030517578,227.3699951171875,3321100
2020-05-07,199.7847900390625,229.4499969482422,231.6300048828125,226.4199981689453,226.50999450683594,4501300
2020-05-08,204.12094116210938,234.42999267578125,235.5500030517578,231.14999389648438,232.6999969482422,4365200
2020-05-11,205.97555541992188,236.55999755859375,238.77000427246094,231.25,231.77000427246094,4378300
2020-05-12,202.78871154785156,232.89999389648438,239.25,232.89999389648438,238.57000732421875,4399600
2020-05-13,200.35076904296875,230.10000610351562,236.3000030517578,228.5399932861328,233.0399932861328,6237200
2020-05-14,204.16445922851562,234.47999572753906,234.66000366210938,226.1999969482422,226.3699951171875,6434500
2020-05-15,208.3874053955078,239.3300018310547,243.22999572753906,232.6999969482422,232.7899932861328,16176300
2020-05-18,213.62911987304688,245.35000610351562,248.32000732421875,244.0399932861328,245.83999633789062,8314800
2020-05-19,207.31643676757812,238.10000610351562,242.4600067138672,237.8000030517578,240.4499969482422,9387000
2020-05-20,207.39480590820312,238.19000244140625,242.27000427246094,234.9499969482422,242.0,7534200
2020-05-21,209.73703002929688,240.8800048828125,241.17999267578125,235.7899932861328,237.6199951171875,4772700
2020-05-22,210.60775756835938,241.8800048828125,242.33999633789062,238.66000366210938,240.6999969482422,3041800
2020-05-26,211.13015747070312,242.47999572753906,248.22000122070312,242.07000732421875,248.14999389648438,4535200
2020-05-27,215.37921142578125,247.36000061035156,247.38999938964844,240.77999877929688,242.69000244140625,4664800
2020-05-28,213.44625854492188,245.13999938964844,252.22999572753906,244.42999267578125,249.52000427246094,5259300
2020-05-29,216.3544158935547,248.47999572753906,249.7100067138672,244.72999572753906,245.05999755859375,5341600
2020-06-01,215.31826782226562,247.2899932861328,249.77999877929688,245.8699951171875,249.41000366210938,3407800
2020-06-02,220.03756713867188,252.7100067138672,252.72000122070312,247.0,248.6300048828125,5301000
2020-06-03,219.8535919189453,251.0,252.8300018310547,250.38999938964844,251.8000030517578,4638100
2020-06-04,218.05795288085938,248.9499969482422,252.1699981689453,247.47000122070312,249.77000427246094,4759400
2020-06-05,223.26963806152344,254.89999389648438,255.85000610351562,250.3800048828125,252.33999633789062,5054300
2020-06-08,224.90760803222656,256.7699890136719,256.80999755859375,252.25999450683594,252.49000549316406,3811900
2020-06-09,224.89883422851562,256.760009765625,258.2900085449219,253.86000061035156,255.3300018310547,3716100
2020-06-10,222.87548828125,254.4499969482422,259.2900085449219,254.22000122070312,257.45001220703125,3589800
2020-06-11,209.75436401367188,239.47000122070312,250.6199951171875,238.74000549316406,248.86000061035156,6563700
2020-06-12,212.36459350585938,242.4499969482422,246.38999938964844,237.0500030517578,243.07000732421875,5238500
2020-06-15,211.40982055664062,241.36000061035156,242.22000122070312,234.30999755859375,237.6199951171875,6250900
2020-06-16,218.93389892578125,249.9499969482422,251.64999389648438,242.8699951171875,249.39999389648438,5291600
2020-06-17,219.72219848632812,250.85000610351562,254.6199951171875,250.0800018310547,252.77000427246094,4234000
2020-06-18,218.2857208251953,249.2100067138672,251.75,247.1300048828125,249.36000061035156,3347800
2020-06-19,216.0433807373047,246.64999389648438,254.3000030517578,246.3800048828125,253.10000610351562,11114600
2020-06-22,218.241943359375,249.16000366210938,250.05999755859375,245.50999450683594,245.6999969482422,3815200
2020-06-23,219.24920654296875,250.30999755859375,253.44000244140625,250.1300048828125,253.0,3105300
2020-06-24,215.58792114257812,246.1300048828125,250.2899932861328,242.72999572753906,247.80999755859375,3873000
2020-06-25,214.93101501464844,245.3800048828125,246.35000610351562,242.1999969482422,244.8000030517578,2938400
2020-06-26,211.10324096679688,241.00999450683594,246.10000610351562,240.25,245.35000610351562,5002700
2020-06-29,215.5791473388672,246.1199951171875,246.5,240.33999633789062,242.66000366210938,3468300
2020-06-30,219.42440795898438,250.50999450683594,251.64999389648438,246.08999633789062,247.0,4524600
2020-07-01,217.35726928710938,248.14999389648438,250.3300018310547,246.92999267578125,249.64999389648438,3677300
2020-07-02,217.66378784179688,248.5,252.3000030517578,247.9199981689453,251.94000244140625,3369800
2020-07-06,218.58352661132812,249.5500030517578,251.5,247.0399932861328,250.27000427246094,3133800
2020-07-07,216.6565399169922,247.35000610351562,250.77999877929688,247.07000732421875,247.3699951171875,2927800
2020-07-08,218.25067138671875,249.1699981689453,249.7899932861328,246.22000122070312,247.8699951171875,2294000
2020-07-09,217.19081115722656,247.9600067138672,250.50999450683594,246.35000610351562,249.66000366210938,2994700
2020-07-10,219.07400512695312,250.11000061035156,250.3300018310547,246.63999938964844,248.2899932861328,2745300
2020-07-13,218.64483642578125,249.6199951171875,257.8599853515625,249.08999633789062,251.9199981689453,4437500
2020-07-14,225.80105590820312,257.7900085449219,258.17999267578125,248.4600067138672,249.0,4614200
2020-07-15,225.80975341796875,257.79998779296875,261.2900085449219,255.14999389648438,260.1400146484375,4343700
2020-07-16,226.05502319335938,258.0799865722656,260.5,256.0,256.760009765625,2511200
2020-07-17,228.06964111328125,260.3800048828125,260.6499938964844,257.7200012207031,260.0299987792969,3091300
2020-07-20,227.88568115234375,260.1700134277344,261.20001220703125,258.0199890136719,259.0400085449219,2451100
2020-07-21,229.85650634765625,262.4200134277344,263.8699951171875,260.7200012207031,261.6199951171875,2439900
2020-07-22,232.2653045654297,265.1700134277344,265.5899963378906,262.0,262.5899963378906,2750000
2020-07-23,231.0740203857422,263.80999755859375,267.79998779296875,261.79998779296875,267.79998779296875,2680100
2020-07-24,232.38784790039062,265.30999755859375,266.8900146484375,262.989990234375,265.0400085449219,2984500
2020-07-27,234.236083984375,267.4200134277344,268.67999267578125,265.0899963378906,265.0899963378906,2412500
2020-07-28,232.36163330078125,265.2799987792969,269.07000732421875,264.6700134277344,268.55999755859375,2227000
2020-07-29,231.8185272216797,264.6600036621094,267.1099853515625,264.1700134277344,264.79998779296875,2874100
2020-07-30,233.26377868652344,266.30999755859375,267.3500061035156,261.54998779296875,263.3399963378906,2347800
2020-07-31,232.54551696777344,265.489990234375,267.1700134277344,260.6099853515625,265.0,3640600
2020-08-03,233.14988708496094,266.17999267578125,268.5799865722656,265.6700134277344,266.7300109863281,2363500
2020-08-04,234.63021850585938,267.8699951171875,267.8900146484375,263.8399963378906,266.6300048828125,2224000
2020-08-05,234.2886199951172,267.4800109863281,268.3900146484375,265.8900146484375,268.3900146484375,1959900
2020-08-06,235.94407653808594,269.3699951171875,270.44000244140625,266.5299987792969,266.6000061035156,2203400
2020-08-07,237.93240356445312,271.6400146484375,274.9200134277344,269.80999755859375,270.6099853515625,2846300
2020-08-10,240.63897705078125,274.7300109863281,275.0,271.79998779296875,272.4200134277344,2393100
2020-08-11,240.80540466308594,274.9200134277344,279.3699951171875,274.4100036621094,277.69000244140625,3321300
2020-08-12,246.63894653320312,281.5799865722656,282.9700012207031,276.9599914550781,279.75,3867900
2020-08-13,246.70904541015625,281.6600036621094,282.6499938964844,279.739990234375,281.1600036621094,2202400
2020-08-14,245.73670959472656,280.54998779296875,282.0,279.19000244140625,281.1400146484375,2490400
2020-08-17,252.4724884033203,288.239990234375,289.2200012207031,283.57000732421875,284.3999938964844,5584400
2020-08-18,249.63462829589844,285.0,290.5799865722656,283.0400085449219,288.8999938964844,6934300
2020-08-19,247.7601318359375,282.8599853515625,287.9700012207031,281.92999267578125,287.4599914550781,4986800
2020-08-20,245.85067749023438,280.67999267578125,281.9100036621094,279.44000244140625,280.5400085449219,3530000
2020-08-21,248.08421325683594,283.2300109863281,283.54998779296875,278.4200134277344,279.9700012207031,5519100
2020-08-24,251.16741943359375,286.75,286.8500061035156,281.9200134277344,284.989990234375,4430900
2020-08-25,250.62435913085938,286.1300048828125,287.4800109863281,283.8900146484375,287.2699890136719,2854500
2020-08-26,255.70462036132812,291.92999267578125,292.1199951171875,286.2699890136719,287.7300109863281,4001900
2020-08-27,252.8140869140625,288.6300048828125,292.95001220703125,286.55999755859375,292.2200012207031,3430900
2020-08-28,250.7645263671875,286.2900085449219,288.8299865722656,284.7699890136719,288.30999755859375,3100100
2020-08-31,249.66949462890625,285.0400085449219,286.69000244140625,282.8699951171875,285.0,4105400
2020-09-01,250.4578857421875,285.94000244140625,286.67999267578125,283.5,284.0299987792969,3235100
2020-09-02,252.88821411132812,287.20001220703125,288.0400085449219,283.6000061035156,284.8500061035156,3464600
2020-09-03,241.81993103027344,274.6300048828125,287.70001220703125,272.1700134277344,287.29998779296875,5380100
2020-09-04,237.4437255859375,269.6600036621094,276.7699890136719,264.6700134277344,275.54998779296875,5253500
2020-09-08,237.09149169921875,269.260009765625,271.0400085449219,262.80999755859375,267.1099853515625,5241200
2020-09-09,243.94200134277344,277.0400085449219,279.739990234375,271.75,272.4599914550781,4754700
2020-09-10,240.12051391601562,272.70001220703125,280.9800109863281,271.1700134277344,278.010009765625,3156300
2020-09-11,243.31678771972656,276.3299865722656,277.9800109863281,273.4599914550781,273.9800109863281,3729200
2020-09-14,247.12071228027344,280.6499938964844,282.4599914550781,278.0199890136719,278.54998779296875,3055800
2020-09-15,251.4617462158203,285.5799865722656,286.70001220703125,282.3800048828125,283.0400085449219,4174900
2020-09-16,247.98361206054688,281.6300048828125,286.5799865722656,280.67999267578125,285.6099853515625,3379100
2020-09-17,246.51309204101562,279.9599914550781,282.7200012207031,276.9599914550781,277.9100036621094,3166600
2020-09-18,242.31298828125,275.19000244140625,279.8299865722656,270.80999755859375,278.4100036621094,6072900
2020-09-21,239.8123321533203,272.3500061035156,272.8999938964844,266.5299987792969,271.8699951171875,3548000
2020-09-22,240.65762329101562,273.30999755859375,273.5199890136719,270.6300048828125,271.67999267578125,2972000
2020-09-23,234.70523071289062,266.54998779296875,276.6199951171875,264.69000244140625,275.4200134277344,4467600
2020-09-24,233.95684814453125,265.70001220703125,269.70001220703125,263.8800048828125,265.7099914550781,3095600
2020-09-25,236.46630859375,268.54998779296875,270.1499938964844,263.9200134277344,264.19000244140625,2457700
2020-09-28,239.79470825195312,272.3299865722656,274.2200012207031,270.29998779296875,271.92999267578125,3061100
2020-09-29,239.60098266601562,272.1099853515625,273.8399963378906,271.1099853515625,273.3999938964844,2048900
2020-09-30,244.5319366455078,277.7099914550781,279.9200134277344,272.5199890136719,273.4800109863281,4778800
2020-10-01,244.45269775390625,277.6199951171875,280.0,275.8500061035156,279.44000244140625,2696900
2020-10-02,245.94078063964844,279.30999755859375,281.0799865722656,274.1000061035156,274.94000244140625,2943600
2020-10-05,248.39755249023438,282.1000061035156,282.4200134277344,279.70001220703125,280.9200134277344,2330700
2020-10-06,243.44009399414062,276.4700012207031,283.0,275.7699890136719,282.5,2992500
2020-10-07,249.00502014160156,282.7900085449219,284.0,280.0,280.8500061035156,3423700
2020-10-08,250.52835083007812,284.5199890136719,284.95001220703125,281.1700134277344,283.8399963378906,2256200
2020-10-09,251.76109313964844,285.9200134277344,287.2799987792969,284.0899963378906,285.4700012207031,2240100
2020-10-12,252.6328582763672,286.9100036621094,288.3299865722656,286.05999755859375,287.3900146484375,2411900
2020-10-13,255.6707000732422,290.3599853515625,290.7699890136719,285.70001220703125,285.70001220703125,2699900
2020-10-14,252.79132080078125,287.0899963378906,290.29998779296875,285.1499938964844,289.510009765625,2221000
2020-10-15,253.1875762939453,287.5400085449219,290.25,283.1199951171875,284.1199951171875,2699400
2020-10-16,253.29324340820312,287.6600036621094,292.6499938964844,287.25,288.25,3108600
2020-10-19,249.83273315429688,283.7300109863281,290.1099853515625,283.3800048828125,289.760009765625,2428100
2020-10-20,251.86676025390625,286.0400085449219,289.7900085449219,284.1300048828125,285.1400146484375,2281500
2020-10-21,250.5196075439453,284.510009765625,288.0199890136719,283.2799987792969,285.3900146484375,2304500
2020-10-22,247.56976318359375,281.1600036621094,285.67999267578125,280.6499938964844,283.92999267578125,2787000
2020-10-23,249.18988037109375,283.0,283.19000244140625,279.54998779296875,282.3800048828125,1750600
2020-10-26,243.0614013671875,276.0400085449219,281.5299987792969,272.0,279.6400146484375,2911900
2020-10-27,243.7659149169922,276.8399963378906,279.7300109863281,276.1199951171875,276.989990234375,3014100
2020-10-28,237.49649047851562,269.7200012207031,273.6700134277344,268.69000244140625,270.25,3255900
2020-10-29,237.41725158691406,269.6300048828125,273.70001220703125,267.30999755859375,269.69000244140625,2872500
2020-10-30,234.8461456298828,266.7099914550781,269.6199951171875,262.0299987792969,268.82000732421875,3872800
2020-11-02,238.39466857910156,270.739990234375,274.7799987792969,268.5199890136719,270.1499938964844,2956400
2020-11-03,244.2325897216797,277.3699951171875,279.5299987792969,273.7200012207031,274.8500061035156,3037500
2020-11-04,248.94338989257812,282.7200012207031,287.0400085449219,276.010009765625,276.760009765625,3525300
2020-11-05,251.6995086669922,285.8500061035156,289.0,284.0799865722656,288.3500061035156,2516600
2020-11-06,250.28179931640625,284.239990234375,286.7799987792969,282.8500061035156,286.7300109863281,2839100
2020-11-09,237.7166748046875,269.9700012207031,288.4200134277344,269.4700012207031,287.9800109863281,7856400
2020-11-10,242.6476287841797,275.57000732421875,275.7900085449219,269.25,272.7900085449219,4828500
2020-11-11,244.56715393066406,277.75,281.69000244140625,276.1700134277344,277.32000732421875,2987900
2020-11-12,243.237548828125,276.239990234375,283.69000244140625,273.8399963378906,283.0,3818600
2020-11-13,244.0564727783203,277.1700134277344,279.7300109863281,275.260009765625,276.4200134277344,3939200
2020-11-16,246.16976928710938,279.57000732421875,281.2900085449219,276.3999938964844,279.17999267578125,5360200
2020-11-17,239.91798400878906,272.4700012207031,273.5299987792969,269.3999938964844,272.1000061035156,8532200
2020-11-18,237.59335327148438,269.8299865722656,275.3800048828125,269.0,270.5,5122200
2020-11-19,238.5619354248047,270.92999267578125,272.3800048828125,268.70001220703125,270.4200134277344,3929400
2020-11-20,237.57579040527344,269.80999755859375,272.3699951171875,268.8699951171875,271.45001220703125,4111000
2020-11-23,238.97581481933594,271.3999938964844,273.69000244140625,269.54998779296875,270.010009765625,3294200
2020-11-24,240.65762329101562,273.30999755859375,275.54998779296875,272.57000732421875,274.0,4773400
2020-11-25,241.22994995117188,273.9599914550781,274.739990234375,271.2099914550781,273.4800109863281,3001700
2020-11-27,243.01739501953125,275.989990234375,276.5799865722656,274.3599853515625,275.239990234375,1625300
2020-11-30,244.26783752441406,277.4100036621094,277.760009765625,271.9200134277344,275.2200012207031,4624100
2020-12-01,243.55455017089844,276.6000061035156,278.95001220703125,275.54998779296875,278.7300109863281,3942400
2020-12-02,240.01329040527344,271.1000061035156,274.1099853515625,269.57000732421875,273.9700012207031,4168600
2020-12-03,237.39266967773438,268.1400146484375,271.92999267578125,267.1400146484375,270.6300048828125,4168900
2020-12-04,233.7185516357422,263.989990234375,268.7300109863281,262.82000732421875,267.4700012207031,7732800
2020-12-07,232.5233612060547,262.6400146484375,264.5,261.0,263.5,6379000
2020-12-08,231.70884704589844,261.7200012207031,262.5,258.7300109863281,261.7200012207031,5338100
2020-12-09,235.12615966796875,265.5799865722656,265.7699890136719,262.25,264.6099853515625,4550100
2020-12-10,234.44448852539062,264.80999755859375,266.07000732421875,262.1099853515625,264.0799865722656,4234300
2020-12-11,234.21434020996094,264.54998779296875,265.3599853515625,262.6499938964844,263.3599853515625,3454500
2020-12-14,235.12615966796875,265.5799865722656,268.6000061035156,265.2699890136719,266.1400146484375,4576800
2020-12-15,237.2510223388672,267.9800109863281,268.760009765625,266.20001220703125,267.510009765625,3754100
2020-12-16,238.67642211914062,269.5899963378906,270.75,267.510009765625,268.5299987792969,4669600
2020-12-17,242.55416870117188,273.9700012207031,274.3299865722656,271.29998779296875,272.1600036621094,4247000
2020-12-18,239.4377899169922,270.45001220703125,275.739990234375,270.29998779296875,274.5899963378906,9817000
2020-12-21,239.91586303710938,270.989990234375,271.95001220703125,265.8800048828125,268.55999755859375,4339000
2020-12-22,239.07481384277344,270.0400085449219,271.3599853515625,268.510009765625,270.05999755859375,3140100
2020-12-23,238.87118530273438,269.80999755859375,271.0,268.20001220703125,270.05999755859375,2337100
2020-12-24,239.8539276123047,270.9200134277344,271.3599853515625,269.3999938964844,269.44000244140625,1093900
2020-12-28,238.3754119873047,269.25,272.25,269.239990234375,272.1700134277344,2633800
2020-12-29,235.666259765625,266.19000244140625,270.4599914550781,265.07000732421875,269.9800109863281,2572100
2020-12-30,234.84292602539062,265.260009765625,267.29998779296875,264.9200134277344,266.1099853515625,2511400
2020-12-31,235.16162109375,265.6199951171875,265.95001220703125,263.5799865722656,265.57000732421875,2607900
2021-01-04,233.6565704345703,263.9200134277344,266.44000244140625,261.05999755859375,266.010009765625,5002000
2021-01-05,235.54226684570312,266.04998779296875,266.5299987792969,262.260009765625,262.6600036621094,3822600
2021-01-06,236.88803100585938,267.57000732421875,269.7699890136719,261.8699951171875,264.05999755859375,3949200
2021-01-07,235.7282257080078,266.260009765625,268.7799987792969,266.1700134277344,266.95001220703125,3833200
2021-01-08,238.23374938964844,269.0899963378906,270.7300109863281,267.0,267.3500061035156,3757700
2021-01-11,240.1283416748047,271.2300109863281,273.3699951171875,267.260009765625,267.4700012207031,3764400
2021-01-12,244.64349365234375,276.3299865722656,277.94000244140625,270.6499938964844,271.1099853515625,4030900
2021-01-13,242.6249237060547,274.04998779296875,280.4800109863281,273.94000244140625,278.30999755859375,3921400
2021-01-14,237.5697021484375,268.3399963378906,274.8999938964844,267.6700134277344,274.5,4641400
2021-01-15,243.98829650878906,275.5899963378906,276.3900146484375,268.0,268.6300048828125,5131700
2021-01-19,241.86358642578125,273.19000244140625,278.0,273.0199890136719,278.0,3615800
2021-01-20,242.84629821777344,274.29998779296875,277.2099914550781,271.5,273.25,3498400
2021-01-21,247.05160522460938,279.04998779296875,280.70001220703125,275.6700134277344,276.2200012207031,4397900
2021-01-22,251.43399047851562,284.0,285.0799865722656,277.8699951171875,279.260009765625,4501900
2021-01-25,252.39013671875,285.0799865722656,285.7699890136719,281.4200134277344,283.8500061035156,4025900
2021-01-26,250.19454956054688,282.6000061035156,285.6499938964844,281.70001220703125,285.4200134277344,2472200
2021-01-27,242.6249237060547,274.04998779296875,280.80999755859375,273.0799865722656,279.989990234375,4337000
2021-01-28,246.16624450683594,278.04998779296875,282.9599914550781,274.92999267578125,276.1700134277344,3463000
2021-01-29,239.7653350830078,270.82000732421875,277.05999755859375,270.0299987792969,275.80999755859375,4079500
2021-02-01,239.10133361816406,270.07000732421875,272.6499938964844,267.25,271.2300109863281,3707800
2021-02-02,240.9517364501953,272.1600036621094,275.69000244140625,269.989990234375,270.0,4111800
2021-02-03,242.73123168945312,274.1700134277344,275.7200012207031,270.7099914550781,271.8900146484375,2802700
2021-02-04,246.8479766845703,278.82000732421875,279.44000244140625,274.25,274.25,2976000
2021-02-05,246.88345336914062,278.8599853515625,281.760009765625,277.80999755859375,280.2900085449219,2389900
2021-02-08,247.9192657470703,280.0299987792969,280.4200134277344,276.8900146484375,279.69000244140625,3475600
2021-02-09,245.0330352783203,276.7699890136719,280.20001220703125,276.6199951171875,279.6600036621094,2507800
2021-02-10,246.73294067382812,278.69000244140625,278.92999267578125,276.25,278.0299987792969,2410600
2021-02-11,245.28981018066406,277.05999755859375,280.25,276.010009765625,277.92999267578125,2595300
2021-02-12,245.68824768066406,277.510009765625,278.7099914550781,276.5799865722656,277.1199951171875,2392200
2021-02-16,243.81137084960938,275.3900146484375,278.6300048828125,274.8800048828125,277.010009765625,2873500
2021-02-17,248.70724487304688,280.9200134277344,281.7900085449219,275.3999938964844,275.5400085449219,3536400
2021-02-18,250.5929412841797,283.04998779296875,284.67999267578125,279.8299865722656,280.79998779296875,3532000
2021-02-19,247.573974609375,279.6400146484375,283.9100036621094,279.44000244140625,282.8699951171875,4079900
2021-02-22,244.21859741210938,275.8500061035156,278.489990234375,273.6300048828125,278.2099914550781,3995500
2021-02-23,236.59585571289062,267.239990234375,269.6700134277344,257.5799865722656,269.3800048828125,12111000
2021-02-24,230.15953063964844,259.9700012207031,266.989990234375,254.02999877929688,263.2300109863281,14512700
2021-02-25,225.98074340820312,255.25,260.8999938964844,254.7100067138672,259.75,6545400
2021-02-26,228.7164306640625,258.3399963378906,260.239990234375,256.1099853515625,257.7699890136719,7871200
2021-03-01,231.62030029296875,261.6199951171875,262.4800109863281,258.4700012207031,258.80999755859375,4528900
2021-03-02,230.44287109375,260.2900085449219,263.1099853515625,259.7699890136719,261.67999267578125,3740300
2021-03-03,227.84878540039062,257.3599853515625,260.5,256.010009765625,259.2799987792969,4257500
2021-03-04,222.1561279296875,250.92999267578125,256.8599853515625,247.10000610351562,256.0,7154900
2021-03-05,224.4491424560547,253.52000427246094,254.1999969482422,246.58999633789062,252.25999450683594,6351800
2021-03-08,229.32728576660156,259.0299987792969,263.2300109863281,252.52000427246094,254.22999572753906,5037400
2021-03-09,234.57728576660156,264.9599914550781,267.57000732421875,261.7900085449219,262.7300109863281,6625300
2021-03-10,237.1875762939453,266.239990234375,268.75,264.0799865722656,265.9200134277344,3798400
2021-03-11,239.51278686523438,268.8500061035156,270.7799987792969,267.20001220703125,268.6000061035156,4371300
2021-03-12,243.29905700683594,273.1000061035156,273.80999755859375,266.760009765625,267.45001220703125,4190500
2021-03-15,248.14540100097656,278.5400085449219,279.6499938964844,274.3399963378906,274.5,4355200
2021-03-16,251.2991180419922,282.0799865722656,282.5199890136719,277.6499938964844,278.5400085449219,4458900
2021-03-17,249.47283935546875,280.0299987792969,283.8800048828125,279.25,281.1400146484375,5908400
2021-03-18,252.26119995117188,283.1600036621094,285.4700012207031,277.760009765625,279.0299987792969,4808100
2021-03-19,257.5530700683594,289.1000061035156,289.1000061035156,282.42999267578125,283.6400146484375,13729200
2021-03-22,257.4105529785156,288.94000244140625,290.3299865722656,284.20001220703125,286.5,5564700
2021-03-23,258.3370666503906,289.9800109863281,293.42999267578125,288.94000244140625,289.6099853515625,4801200
2021-03-24,260.8047790527344,292.75,296.7799987792969,288.989990234375,289.260009765625,4842000
2021-03-25,264.7513732910156,297.17999267578125,297.8800048828125,292.4599914550781,293.0299987792969,5373500
2021-03-26,270.65789794921875,303.80999755859375,304.0,296.0299987792969,297.3399963378906,5865900
2021-03-29,269.22357177734375,302.20001220703125,305.54998779296875,299.92999267578125,303.29998779296875,4642900
2021-03-30,271.5577087402344,304.82000732421875,305.67999267578125,300.0400085449219,301.6499938964844,5045400
2021-03-31,271.9408264160156,305.25,308.0199890136719,304.1400146484375,305.5,4744100
2021-04-01,274.1679992675781,307.75,308.54998779296875,303.8900146484375,306.8800048828125,3923900
2021-04-05,280.98321533203125,315.3999938964844,315.8500061035156,309.739990234375,309.8399963378906,4697200
2021-04-06,279.5399475097656,313.7799987792969,315.94000244140625,313.1300048828125,313.6099853515625,3988600
2021-04-07,278.3729248046875,312.4700012207031,315.1400146484375,310.92999267578125,312.8399963378906,3799300
2021-04-08,280.1190490722656,314.42999267578125,315.25,310.5899963378906,312.70001220703125,4035600
2021-04-09,284.395263671875,319.2300109863281,319.32000732421875,314.75,315.3699951171875,4607800
2021-04-12,285.7850036621094,320.7900085449219,321.30999755859375,317.30999755859375,317.7200012207031,3556800
2021-04-13,285.43756103515625,320.3999938964844,320.8999938964844,317.0,320.5299987792969,3635100
2021-04-14,285.0990295410156,320.0199890136719,322.70001220703125,319.2900085449219,319.7099914550781,3440600
2021-04-15,287.5223083496094,322.739990234375,323.3999938964844,320.04998779296875,320.2099914550781,3508200
2021-04-16,292.279541015625,328.0799865722656,328.6700134277344,323.94000244140625,324.8399963378906,6213100
2021-04-19,291.1838073730469,326.8500061035156,328.8299865722656,325.44000244140625,326.489990234375,4494300
2021-04-20,288.609130859375,323.9599914550781,327.69000244140625,322.1600036621094,326.0,4462900
2021-04-21,290.38201904296875,325.95001220703125,327.9100036621094,323.8900146484375,324.9599914550781,3740100
2021-04-22,286.3819274902344,321.4599914550781,326.42999267578125,318.8399963378906,326.20001220703125,4875000
2021-04-23,288.54681396484375,323.8900146484375,325.5299987792969,319.5799865722656,322.19000244140625,3405700
2021-04-26,285.07232666015625,319.989990234375,324.0,319.32000732421875,323.67999267578125,2848500
2021-04-27,285.6069030761719,320.5899963378906,322.4700012207031,320.3800048828125,320.5,3335800
2021-04-28,284.8228759765625,319.7099914550781,322.9599914550781,319.29998779296875,321.95001220703125,2713400
2021-04-29,289.8385314941406,325.3399963378906,325.7900085449219,321.0799865722656,321.7099914550781,3261900
2021-04-30,288.350830078125,323.6700134277344,325.8299865722656,321.6099853515625,325.04998779296875,3118700
2021-05-03,294.2304992675781,330.2699890136719,331.6199951171875,325.67999267578125,326.2799987792969,3683700
2021-05-04,296.457763671875,332.7699890136719,333.2300109863281,328.8800048828125,329.1199951171875,3954400
2021-05-05,295.81634521484375,332.04998779296875,334.25,331.1600036621094,334.25,3227200
2021-05-06,300.7428894042969,337.5799865722656,337.80999755859375,333.2300109863281,333.6700134277344,3539600
2021-05-07,302.23065185546875,339.25,339.80999755859375,335.5299987792969,336.67999267578125,2998100
2021-05-10,303.8966064453125,341.1199951171875,345.69000244140625,339.5400085449219,340.45001220703125,4840600
2021-05-11,294.5780029296875,330.6600036621094,338.0,328.2099914550781,337.54998779296875,5500900
2021-05-12,282.40850830078125,317.0,328.79998779296875,316.2699890136719,326.5199890136719,5822000
2021-05-13,289.9098205566406,325.4200134277344,327.4200134277344,318.69000244140625,319.0,5159800
2021-05-14,288.3151550292969,323.6300048828125,327.32000732421875,321.8599853515625,326.2900085449219,3998000
2021-05-17,285.0901794433594,320.010009765625,322.8299865722656,315.30999755859375,321.0,4388000
2021-05-18,282.1859130859375,316.75,324.55999755859375,314.7799987792969,320.0,7010300
2021-05-19,280.1368408203125,314.45001220703125,314.75,309.07000732421875,312.0,5242100
2021-05-20,281.4286193847656,315.8999938964844,319.7099914550781,314.8900146484375,314.8900146484375,3854700
2021-05-21,281.3128356933594,315.7699890136719,319.2799987792969,314.45001220703125,317.0,3920600
2021-05-24,280.48431396484375,314.8399963378906,318.739990234375,314.5899963378906,316.8399963378906,2930600
2021-05-25,282.1859130859375,316.75,317.1000061035156,314.25,315.5299987792969,3523300
2021-05-26,282.70269775390625,317.3299865722656,321.3800048828125,316.67999267578125,317.80999755859375,2881600
2021-05-27,283.9854736328125,318.7699890136719,320.4100036621094,317.29998779296875,317.29998779296875,3734800
2021-05-28,284.1101989746094,318.9100036621094,321.510009765625,318.8500061035156,320.3699951171875,3194000
2021-06-01,281.79388427734375,316.30999755859375,321.260009765625,315.1700134277344,320.6600036621094,3549800
2021-06-02,280.51324462890625,313.2300109863281,316.9800109863281,312.4100036621094,315.4800109863281,3380100
2021-06-03,278.9012756347656,311.42999267578125,312.92999267578125,309.69000244140625,311.0,2652500
2021-06-04,278.5251159667969,311.010009765625,313.45001220703125,309.3500061035156,312.1099853515625,2638700
2021-06-07,277.58477783203125,309.9599914550781,312.3299865722656,307.8800048828125,311.1199951171875,3974800
2021-06-08,278.4266052246094,310.8999938964844,312.2900085449219,308.9800109863281,311.2699890136719,2913500
2021-06-09,275.2384948730469,307.3399963378906,312.9800109863281,306.8999938964844,311.45001220703125,3603700
2021-06-10,276.1071472167969,308.30999755859375,309.6499938964844,306.1400146484375,307.6499938964844,3286300
2021-06-11,278.31024169921875,310.7699890136719,311.239990234375,308.3500061035156,309.2699890136719,2785100
2021-06-14,277.01171875,309.32000732421875,310.05999755859375,306.2200012207031,308.92999267578125,3393500
2021-06-15,274.44146728515625,306.45001220703125,308.95001220703125,303.489990234375,308.75,5270600
2021-06-16,271.1546936035156,302.7799987792969,307.3500061035156,301.1700134277344,306.69000244140625,4492500
2021-06-17,271.459228515625,303.1199951171875,305.2099914550781,300.0299987792969,303.04998779296875,4481100
2021-06-18,271.0025329589844,302.6099853515625,303.8299865722656,298.3999938964844,299.25,8792700
2021-06-21,275.4713439941406,307.6000061035156,308.7200012207031,304.8699951171875,305.25,3774200
2021-06-22,280.0476379394531,312.7099914550781,314.9100036621094,308.29998779296875,309.1300048828125,4418400
2021-06-23,279.1161804199219,311.6700134277344,313.6600036621094,310.6300048828125,312.0199890136719,2564500
2021-06-24,279.2684326171875,311.8399963378906,314.8399963378906,311.6700134277344,313.1199951171875,2649200
2021-06-25,280.8714904785156,313.6300048828125,315.4599914550781,311.54998779296875,312.239990234375,11733500
2021-06-28,281.45355224609375,314.2799987792969,315.2699890136719,311.3699951171875,313.6600036621094,2635400
2021-06-29,285.0,318.239990234375,320.29998779296875,315.55999755859375,315.7900085449219,3150100
2021-06-30,285.5821228027344,318.8900146484375,320.2900085449219,317.69000244140625,317.94000244140625,3061500
2021-07-01,287.9552917480469,321.5400085449219,321.69000244140625,318.5,319.9100036621094,2578000
2021-07-02,288.9941101074219,322.70001220703125,323.1199951171875,321.3500061035156,322.5299987792969,2201600
2021-07-06,285.9134521484375,319.260009765625,323.8299865722656,316.79998779296875,322.8299865722656,3109500
2021-07-07,289.69268798828125,323.4800109863281,324.4200134277344,318.25,318.489990234375,2939900
2021-07-08,285.26861572265625,318.5400085449219,320.3299865722656,314.79998779296875,319.07000732421875,3663000
2021-07-09,288.4478454589844,322.0899963378906,323.30999755859375,320.17999267578125,320.5400085449219,2587400
2021-07-12,288.1343994140625,321.739990234375,324.0,320.5299987792969,321.07000732421875,2521800
2021-07-13,283.9342041015625,317.04998779296875,323.2900085449219,316.8299865722656,322.44000244140625,3213800
2021-07-14,285.8775939941406,319.2200012207031,320.05999755859375,318.010009765625,318.75,3381600
2021-07-15,289.0030212402344,322.7099914550781,322.9599914550781,317.3599853515625,317.3800048828125,2603900
2021-07-16,287.9552917480469,321.5400085449219,326.2799987792969,321.3999938964844,324.0,3623700
2021-07-19,285.564208984375,318.8699951171875,319.0,314.9100036621094,317.989990234375,3752600
2021-07-20,291.3673095703125,325.3500061035156,326.1300048828125,318.2699890136719,318.5,4251700
2021-07-21,292.27191162109375,326.3599853515625,328.4700012207031,324.9700012207031,327.6000061035156,2832600
2021-07-22,292.54046630859375,326.6600036621094,327.9700012207031,325.3299865722656,327.94000244140625,2208100
2021-07-23,298.07501220703125,332.8399963378906,333.45001220703125,327.94000244140625,329.4700012207031,2786400
2021-07-26,296.58843994140625,331.17999267578125,331.55999755859375,326.8800048828125,330.07000732421875,2752000
2021-07-27,293.07781982421875,327.260009765625,331.8800048828125,326.05999755859375,331.7900085449219,2910300
2021-07-28,291.5195617675781,325.5199890136719,329.3299865722656,324.7099914550781,326.4200134277344,2376200
2021-07-29,293.2300720214844,327.42999267578125,328.55999755859375,325.44000244140625,326.489990234375,2172400
2021-07-30,293.91070556640625,328.19000244140625,330.1099853515625,326.3399963378906,326.8500061035156,2381200
2021-08-02,293.0419921875,327.2200012207031,330.0,326.4200134277344,330.0,2016400
2021-08-03,297.2690124511719,331.94000244140625,333.010009765625,328.0299987792969,328.3500061035156,2405900
2021-08-04,295.8092346191406,330.30999755859375,331.9200134277344,329.3900146484375,330.69000244140625,1783700
2021-08-05,298.3167419433594,333.1099853515625,336.0,331.0899963378906,331.9599914550781,2284000
2021-08-06,295.3883972167969,329.8399963378906,335.7099914550781,329.1199951171875,334.69000244140625,2656600
2021-08-09,294.4211730957031,328.760009765625,331.07000732421875,327.32000732421875,329.2300109863281,1995300
2021-08-10,296.85711669921875,331.4800109863281,333.239990234375,327.1499938964844,328.6700134277344,1868100
2021-08-11,301.80047607421875,337.0,338.54998779296875,333.3999938964844,333.79998779296875,3258600
2021-08-12,299.13177490234375,334.0199890136719,338.1700134277344,332.2799987792969,337.3500061035156,2554200
2021-08-13,296.7137145996094,331.32000732421875,335.79998779296875,330.9800109863281,333.8599853515625,2217000
2021-08-16,300.05413818359375,335.04998779296875,335.6300048828125,327.9700012207031,330.7099914550781,3496300
2021-08-17,287.2477722167969,320.75,323.5899963378906,316.6099853515625,321.0,9322800
2021-08-18,287.9642028808594,321.54998779296875,327.8599853515625,319.0,319.3399963378906,4880600
2021-08-19,289.1732177734375,322.8999938964844,325.19000244140625,317.79998779296875,318.7900085449219,2974700
2021-08-20,294.85101318359375,329.239990234375,329.67999267578125,322.4700012207031,322.6400146484375,2929900
2021-08-23,293.5076904296875,327.739990234375,330.5299987792969,327.3800048828125,330.0,2792700
2021-08-24,290.9643859863281,324.8999938964844,328.8399963378906,324.510009765625,328.760009765625,2359500
2021-08-25,290.0508728027344,323.8800048828125,326.55999755859375,323.1099853515625,324.1499938964844,2586900
2021-08-26,287.9015808105469,321.4800109863281,324.989990234375,321.0,323.2099914550781,2952300
2021-08-27,289.6030578613281,323.3800048828125,324.04998779296875,319.6499938964844,320.8800048828125,2985400
2021-08-30,292.9346008300781,327.1000061035156,329.5,325.2099914550781,325.9100036621094,2926900
2021-08-31,292.110595703125,326.17999267578125,328.2699890136719,323.6199951171875,327.0,4183100
2021-09-01,291.3095397949219,323.6400146484375,325.7799987792969,320.2799987792969,325.55999755859375,3339100
2021-09-02,294.99993896484375,327.739990234375,328.17999267578125,323.70001220703125,325.0299987792969,3109000
2021-09-03,297.3402404785156,330.3399963378906,330.8999938964844,325.1600036621094,325.3299865722656,2774800
2021-09-07,296.0890808105469,328.95001220703125,332.55999755859375,326.8999938964844,331.0299987792969,2555200
2021-09-08,298.45635986328125,331.5799865722656,331.92999267578125,327.6300048828125,328.95001220703125,2219500
2021-09-09,298.6274108886719,331.7699890136719,333.7300109863281,330.8699951171875,332.45001220703125,3011900
2021-09-10,298.7894287109375,331.95001220703125,335.2300109863281,331.45001220703125,334.0,3178600
2021-09-13,301.9397888183594,335.45001220703125,337.1499938964844,332.75,334.95001220703125,3908700
2021-09-14,299.842529296875,333.1199951171875,337.489990234375,332.4200134277344,336.0299987792969,2857200
2021-09-15,300.06756591796875,333.3699951171875,334.6700134277344,330.1000061035156,333.3599853515625,2875500
2021-09-16,302.785888671875,336.3900146484375,337.8399963378906,334.1700134277344,334.7200012207031,3043800
2021-09-17,302.1378173828125,335.6700134277344,339.6499938964844,334.95001220703125,334.95001220703125,7098400
2021-09-20,298.123291015625,331.2099914550781,335.3900146484375,328.42999267578125,331.8299865722656,4036600
2021-09-21,300.8326416015625,334.2200012207031,336.9700012207031,332.0,333.0299987792969,3171100
2021-09-22,302.3718566894531,335.92999267578125,339.0,333.4599914550781,335.8500061035156,2872800
2021-09-23,302.3538818359375,335.9100036621094,339.5199890136719,335.6000061035156,337.8399963378906,2426600
2021-09-24,303.7759094238281,337.489990234375,337.8399963378906,335.54998779296875,336.7799987792969,2004900
2021-09-27,307.3043212890625,341.4100036621094,343.739990234375,336.8699951171875,336.8699951171875,2966100
2021-09-28,300.45458984375,333.79998779296875,341.3699951171875,332.4599914550781,341.3699951171875,3304100
2021-09-29,303.27191162109375,336.92999267578125,338.8800048828125,333.3599853515625,333.3599853515625,2424000
2021-09-30,295.46807861328125,328.260009765625,338.7099914550781,327.6300048828125,338.239990234375,4255000
2021-10-01,296.90814208984375,329.8599853515625,332.7300109863281,324.5799865722656,328.1499938964844,2814200
2021-10-04,293.8568115234375,326.4700012207031,330.6099853515625,324.1600036621094,328.5,2919900
2021-10-05,296.5661315917969,329.4800109863281,332.19000244140625,326.3299865722656,326.8999938964844,2514300
2021-10-06,297.3582763671875,330.3599853515625,330.6499938964844,325.3999938964844,328.1600036621094,2226800
2021-10-07,303.7669372558594,337.4800109863281,339.2200012207031,332.8599853515625,333.5,2789500
2021-10-08,300.94061279296875,334.3399963378906,335.4100036621094,330.8800048828125,333.0,2912200
2021-10-11,303.3078918457031,336.9700012207031,340.8599853515625,334.6000061035156,335.6000061035156,2589100
2021-10-12,304.0550231933594,337.79998779296875,341.04998779296875,337.3999938964844,339.1400146484375,2960300
2021-10-13,304.48712158203125,338.2799987792969,340.239990234375,336.54998779296875,337.32000732421875,2477400
2021-10-14,309.6806640625,344.04998779296875,344.3699951171875,340.1000061035156,340.5299987792969,2824300
2021-10-15,315.4052734375,350.4100036621094,350.95001220703125,345.75,346.5400085449219,3473500
2021-10-18,319.5457458496094,355.010009765625,355.95001220703125,349.0,349.0,3487500
2021-10-19,322.2281494140625,357.989990234375,358.0899963378906,354.4200134277344,356.94000244140625,2375600
2021-10-20,322.4441223144531,358.2300109863281,359.57000732421875,356.2099914550781,357.739990234375,2574800
2021-10-21,328.19586181640625,364.6199951171875,364.8500061035156,358.1199951171875,358.20001220703125,2885400
2021-10-22,329.4288635253906,365.989990234375,367.0299987792969,362.1499938964844,365.0,2734700
2021-10-25,334.17254638671875,371.260009765625,371.6600036621094,365.989990234375,367.20001220703125,2923400
2021-10-26,332.3182373046875,369.20001220703125,374.04998779296875,369.0799865722656,373.3900146484375,2989500
2021-10-27,335.1266174316406,372.32000732421875,375.1499938964844,369.30999755859375,369.8699951171875,2840300
2021-10-28,334.4515075683594,371.57000732421875,373.94000244140625,370.8900146484375,373.0,2553500
2021-10-29,334.6045227050781,371.739990234375,375.1499938964844,370.0299987792969,370.3299865722656,3820200
2021-11-01,329.8700256347656,366.4800109863281,373.57000732421875,364.70001220703125,373.0,3380500
2021-11-02,330.59906005859375,367.2900085449219,368.8900146484375,364.94000244140625,366.20001220703125,2367100
2021-11-03,332.1112060546875,368.9700012207031,369.3599853515625,365.25,366.6300048828125,2378800
2021-11-04,335.00054931640625,372.17999267578125,373.2300109863281,369.4100036621094,370.7799987792969,3210000
2021-11-05,331.59814453125,368.3999938964844,374.4100036621094,367.57000732421875,373.80999755859375,3090200
2021-11-08,331.7691955566406,368.5899963378906,372.9100036621094,367.8500061035156,370.2200012207031,2357200
2021-11-09,333.6234436035156,370.6499938964844,373.8800048828125,368.7099914550781,369.6700134277344,2183300
2021-11-10,331.7601623535156,368.5799865722656,371.2099914550781,367.7200012207031,368.25,2161400
2021-11-11,330.9051208496094,367.6300048828125,372.0,365.8299865722656,371.0,2387300
2021-11-12,335.4056701660156,372.6300048828125,373.5,366.70001220703125,369.1199951171875,2793300
2021-11-15,334.0104064941406,371.0799865722656,374.8699951171875,369.2900085449219,374.3900146484375,3650600
2021-11-16,353.13763427734375,392.3299865722656,394.3800048828125,379.0,382.0,8648200
2021-11-17,355.4058837890625,394.8500061035156,399.42999267578125,390.80999755859375,392.8299865722656,4647000
2021-11-18,365.3070983886719,405.8500061035156,406.5400085449219,396.0899963378906,398.0,4503700
2021-11-19,367.86334228515625,408.69000244140625,410.1000061035156,404.1099853515625,407.6300048828125,3542000
2021-11-22,367.9533996582031,408.7900085449219,416.55999755859375,408.70001220703125,409.79998779296875,4006400
2021-11-23,367.5752868652344,408.3699951171875,409.67999267578125,403.010009765625,405.6700134277344,3557000
2021-11-24,370.941650390625,412.1099853515625,412.75,402.8800048828125,403.6600036621094,2676300
2021-11-26,362.4717712402344,402.70001220703125,414.1400146484375,402.25,407.260009765625,3007800
2021-11-29,366.1801452636719,406.82000732421875,410.80999755859375,406.0400085449219,406.8999938964844,3725500
2021-11-30,360.5904846191406,400.6099853515625,408.42999267578125,400.25,403.5899963378906,7773500
2021-12-01,361.91021728515625,400.4200134277344,410.25,400.2200012207031,402.0799865722656,3516200
2021-12-02,368.5532531738281,407.7699890136719,410.70001220703125,401.0,401.80999755859375,3705000
2021-12-03,368.5893859863281,407.80999755859375,415.92999267578125,404.45001220703125,409.8500061035156,5237500
2021-12-06,375.7206115722656,415.70001220703125,420.6099853515625,411.2200012207031,413.5199890136719,4624500
2021-12-07,376.1543884277344,416.17999267578125,418.55999755859375,413.0199890136719,417.0,4204500
2021-12-08,371.6985778808594,411.25,419.8500061035156,408.2799987792969,416.17999267578125,4079400
2021-12-09,371.7799377441406,411.3399963378906,415.25,408.2900085449219,410.79998779296875,3822900
2021-12-10,375.44952392578125,415.3999938964844,415.6099853515625,410.260009765625,412.19000244140625,2625200
2021-12-13,366.2665710449219,405.239990234375,416.5,404.510009765625,415.3999938964844,3766400
2021-12-14,363.5189208984375,402.20001220703125,405.67999267578125,398.0799865722656,403.45001220703125,4662800
2021-12-15,368.5893859863281,407.80999755859375,407.92999267578125,399.3900146484375,400.6199951171875,4421400
2021-12-16,361.105712890625,399.5299987792969,408.8699951171875,398.1199951171875,408.3999938964844,4632800
2021-12-17,350.66650390625,387.9800109863281,397.9800109863281,387.4200134277344,396.9700012207031,11097500
2021-12-20,351.9499206542969,389.3999938964844,390.1700134277344,380.8999938964844,384.2900085449219,4294800
2021-12-21,352.9169921875,390.4700012207031,393.760009765625,383.239990234375,391.6300048828125,3038200
2021-12-22,357.58984375,395.6400146484375,395.7699890136719,388.8599853515625,391.0,3267800
2021-12-23,358.88232421875,397.07000732421875,399.8399963378906,394.6199951171875,398.2900085449219,2743900
2021-12-27,365.2271728515625,404.0899963378906,404.45001220703125,398.2099914550781,399.0400085449219,2228300
2021-12-28,367.15234375,406.2200012207031,407.0199890136719,403.0,404.989990234375,2521400
2021-12-29,371.32794189453125,410.8399963378906,412.3699951171875,406.30999755859375,406.3800048828125,2209300
2021-12-30,370.5145263671875,409.94000244140625,413.44000244140625,408.3999938964844,411.8500061035156,1804400
2021-12-31,375.0969543457031,415.010009765625,416.5299987792969,409.8900146484375,409.989990234375,2386100
2022-01-03,369.3395690917969,408.6400146484375,417.8399963378906,403.260009765625,416.57000732421875,3715700
2022-01-04,373.1356201171875,412.8399963378906,413.6099853515625,408.19000244140625,408.6400146484375,3266500
2022-01-05,368.0741882324219,407.239990234375,414.2200012207031,406.80999755859375,414.0,4443200
2022-01-06,366.736572265625,405.760009765625,409.07000732421875,403.0199890136719,408.55999755859375,3315100
2022-01-07,355.75506591796875,393.6099853515625,404.0899963378906,392.8800048828125,403.3599853515625,4520700
2022-01-10,350.1965026855469,387.4599914550781,387.5899963378906,380.9100036621094,387.3999938964844,6440000
2022-01-11,349.4825744628906,386.6700134277344,391.8399963378906,384.32000732421875,388.07000732421875,4385400
2022-01-12,351.9499206542969,389.3999938964844,393.45001220703125,386.3800048828125,388.2900085449219,3623300
2022-01-13,349.7626953125,386.9800109863281,394.30999755859375,385.8599853515625,392.510009765625,3466300
2022-01-14,336.2233581542969,372.0,382.010009765625,371.5,381.3299865722656,6336200
2022-01-18,331.4511413574219,366.7200012207031,368.0899963378906,360.0299987792969,366.1000061035156,6435200
2022-01-19,325.0972900390625,359.69000244140625,368.70001220703125,359.4100036621094,367.17999267578125,5175100
2022-01-20,315.9595642089844,349.5799865722656,361.8500061035156,349.0199890136719,361.3299865722656,5440600
2022-01-21,315.5257568359375,349.1000061035156,360.0899963378906,347.17999267578125,351.7200012207031,7718400
2022-01-24,328.8210754394531,363.80999755859375,364.3800048828125,343.6099853515625,343.7799987792969,8584300
2022-01-25,324.45556640625,358.9800109863281,361.5199890136719,352.19000244140625,358.1400146484375,5536700
2022-01-26,322.91900634765625,357.2799987792969,365.8999938964844,354.45001220703125,360.0,6103300
2022-01-27,322.1507568359375,356.42999267578125,364.1199951171875,353.9100036621094,360.42999267578125,3941000
2022-01-28,331.2884826660156,366.5400085449219,366.7200012207031,352.8399963378906,360.1700134277344,4551300
2022-01-31,331.68621826171875,366.9800109863281,367.4100036621094,362.2099914550781,364.80999755859375,4084600
2022-02-01,333.24078369140625,368.70001220703125,370.69000244140625,362.3699951171875,369.4700012207031,3406800
2022-02-02,337.7870178222656,373.7300109863281,374.6700134277344,367.760009765625,368.3800048828125,3839300
2022-02-03,329.7248840332031,364.80999755859375,372.1199951171875,363.20001220703125,370.19000244140625,4009700
2022-02-04,325.0791931152344,359.6700134277344,364.6700134277344,354.25,363.5,3728100
2022-02-07,322.9823913574219,357.3500061035156,361.79998779296875,355.44000244140625,360.260009765625,2809300
2022-02-08,326.67901611328125,361.44000244140625,362.9800109863281,354.79998779296875,357.3500061035156,3225100
2022-02-09,329.3271789550781,364.3699951171875,367.4599914550781,363.0,365.30999755859375,2777500
2022-02-10,320.9396667480469,355.0899963378906,363.0,352.8699951171875,358.8399963378906,4291800
2022-02-11,316.6012878417969,350.2900085449219,357.3399963378906,348.55999755859375,354.69000244140625,3308700
2022-02-14,317.7491760253906,351.55999755859375,352.9100036621094,346.8299865722656,348.0,3654300
2022-02-15,319.28570556640625,353.260009765625,357.4200134277344,351.3800048828125,355.55999755859375,3552500
2022-02-16,316.4205017089844,350.0899963378906,352.8599853515625,345.7200012207031,351.5,3594900
2022-02-17,314.477294921875,347.94000244140625,352.30999755859375,347.3900146484375,348.989990234375,3927000
2022-02-18,313.5102233886719,346.8699951171875,350.6000061035156,344.1000061035156,348.3900146484375,5526100
2022-02-22,285.7627868652344,316.1700134277344,336.69000244140625,312.3500061035156,335.0899963378906,19752800
2022-02-23,278.78521728515625,308.45001220703125,320.3999938964844,307.1000061035156,319.32000732421875,11026000
2022-02-24,283.1145324707031,313.239990234375,313.44000244140625,299.2900085449219,300.0,8416700
2022-02-25,286.1966247558594,316.6499938964844,317.44000244140625,307.57000732421875,313.17999267578125,6510600
2022-02-28,285.4554138183594,315.8299865722656,316.0799865722656,310.4800109863281,312.9700012207031,5735100
2022-03-01,289.4503479003906,320.25,322.42999267578125,313.760009765625,314.5899963378906,5640900
2022-03-02,295.8856201171875,327.3699951171875,331.19000244140625,319.67999267578125,321.05999755859375,5645600
2022-03-03,293.16510009765625,324.3599853515625,330.67999267578125,322.8299865722656,329.19000244140625,3858400
2022-03-04,293.07476806640625,324.260009765625,326.6600036621094,319.510009765625,322.2099914550781,3630900
2022-03-07,291.7279968261719,322.7699890136719,329.6000061035156,320.1099853515625,324.260009765625,4670000
2022-03-08,286.27789306640625,316.739990234375,328.489990234375,315.95001220703125,319.75,5092500
2022-03-09,288.423828125,317.20001220703125,322.4599914550781,316.9200134277344,320.0,4443600
2022-03-10,289.09674072265625,317.94000244140625,318.260009765625,308.75,314.3599853515625,3895200
2022-03-11,288.0510559082031,316.7900085449219,321.7900085449219,316.2300109863281,319.2799987792969,2973300
2022-03-14,289.4785461425781,318.3599853515625,324.0,316.2099914550781,322.9100036621094,3604200
2022-03-15,298.73504638671875,328.5400085449219,330.17999267578125,320.3299865722656,320.3500061035156,3775300
2022-03-16,300.8901062011719,330.9100036621094,333.95001220703125,324.2300109863281,331.5799865722656,3942400
2022-03-17,305.8456726074219,336.3599853515625,336.3599853515625,327.8399963378906,329.1400146484375,3123200
2022-03-18,309.8282470703125,340.739990234375,340.739990234375,332.30999755859375,333.6300048828125,9409600
2022-03-21,299.48980712890625,329.3699951171875,340.69000244140625,327.0799865722656,338.0400085449219,4521200
2022-03-22,299.817138671875,329.7300109863281,331.29998779296875,324.010009765625,329.32000732421875,4852800
2022-03-23,288.2874755859375,317.04998779296875,328.19000244140625,315.8500061035156,326.8999938964844,5207700
2022-03-24,287.1327209472656,315.7799987792969,319.3999938964844,314.29998779296875,317.1499938964844,4599900
2022-03-25,282.4953308105469,310.67999267578125,318.79998779296875,308.29998779296875,318.4800109863281,5176500
2022-03-28,285.76873779296875,314.2799987792969,314.3500061035156,309.2300109863281,311.0,3936600
2022-03-29,288.88751220703125,317.7099914550781,321.0,312.9200134277344,316.9100036621094,5306100
2022-03-30,280.4767150878906,308.4599914550781,315.239990234375,306.1000061035156,313.1099853515625,7223800
2022-03-31,272.1749572753906,299.3299865722656,307.9599914550781,298.8900146484375,306.2099914550781,11044600
2022-04-01,274.5028381347656,301.8900146484375,303.3699951171875,298.8999938964844,300.5,5554600
2022-04-04,277.8579406738281,305.5799865722656,306.4800109863281,299.57000732421875,301.489990234375,4659500
2022-04-05,277.2032775878906,304.8599853515625,309.1000061035156,302.2099914550781,306.260009765625,4376100
2022-04-06,271.4566650390625,298.5400085449219,300.6600036621094,294.989990234375,298.0899963378906,6499900
2022-04-07,275.2846984863281,302.75,304.5899963378906,293.5899963378906,296.7900085449219,5241000
2022-04-08,282.8863220214844,311.1099853515625,312.2900085449219,301.2799987792969,301.4599914550781,5741900
2022-04-11,278.89453125,306.7200012207031,314.1700134277344,305.92999267578125,307.80999755859375,4100600
2022-04-12,278.5035705566406,306.2900085449219,313.2900085449219,305.1000061035156,309.44000244140625,4122600
2022-04-13,282.2589111328125,310.4200134277344,311.70001220703125,305.7200012207031,306.1099853515625,3185300
2022-04-14,276.8941650390625,304.5199890136719,312.25,304.3299865722656,310.8299865722656,4569200
2022-04-18,272.9751892089844,300.2099914550781,306.2900085449219,298.7200012207031,303.0,3192400
2022-04-19,279.8765563964844,307.79998779296875,308.1300048828125,299.80999755859375,300.6099853515625,3389700
2022-04-20,286.5507507324219,315.1400146484375,316.1000061035156,309.75,311.0,4720800
2022-04-21,282.204345703125,310.3599853515625,318.3999938964844,309.739990234375,317.0,3014200
2022-04-22,272.8841552734375,300.1099853515625,309.82000732421875,299.7799987792969,309.82000732421875,4043200
2022-04-25,277.276123046875,304.94000244140625,305.1600036621094,296.2699890136719,300.0,4396900
2022-04-26,272.7478332519531,299.9599914550781,307.55999755859375,299.7200012207031,302.25,3415200
2022-04-27,274.2391052246094,301.6000061035156,306.4200134277344,299.1199951171875,301.29998779296875,3446200
2022-04-28,283.4773864746094,311.760009765625,314.5400085449219,303.010009765625,304.75,4149500
2022-04-29,273.1479187011719,300.3999938964844,311.7200012207031,299.7099914550781,308.1499938964844,4878200
2022-05-02,279.12188720703125,306.9700012207031,308.7900085449219,299.9100036621094,301.989990234375,4233900
2022-05-03,277.294189453125,304.9599914550781,309.0,303.0199890136719,305.69000244140625,3336600
2022-05-04,286.7053527832031,315.30999755859375,315.75,302.92999267578125,304.0799865722656,4021300
2022-05-05,271.9749755859375,299.1099853515625,311.3599853515625,293.7099914550781,311.0,4959600
2022-05-06,267.61041259765625,294.30999755859375,296.75,289.4100036621094,296.29998779296875,4325300
2022-05-09,270.0836486816406,297.0299987792969,300.739990234375,288.5,290.2799987792969,5243600
2022-05-10,264.7461853027344,291.1600036621094,301.07000732421875,287.6600036621094,298.4599914550781,4392900
2022-05-11,257.2900695800781,282.9599914550781,293.3299865722656,282.57000732421875,291.45001220703125,3880500
2022-05-12,263.4095458984375,289.69000244140625,293.17999267578125,280.6300048828125,281.57000732421875,4447700
2022-05-13,269.17431640625,296.0299987792969,299.4200134277344,288.45001220703125,289.95001220703125,3949100
2022-05-16,269.13800048828125,295.989990234375,299.57000732421875,289.7900085449219,294.0799865722656,4267900
2022-05-17,273.6481018066406,300.95001220703125,310.94000244140625,290.8999938964844,306.5,12425900
2022-05-18,259.30865478515625,285.17999267578125,295.44000244140625,281.17999267578125,293.0,7799500
2022-05-19,261.65460205078125,287.760009765625,292.5,284.9599914550781,285.5,5211500
2022-05-20,261.13629150390625,287.19000244140625,290.5,279.5899963378906,289.82000732421875,5621800
2022-05-23,260.08160400390625,286.0299987792969,290.3399963378906,280.32000732421875,289.0899963378906,4305600
2022-05-24,261.8001403808594,287.9200134277344,289.32000732421875,280.6499938964844,284.0,4241900
2022-05-25,266.93756103515625,293.57000732421875,295.489990234375,285.6600036621094,285.80999755859375,4612900
2022-05-26,275.33935546875,302.80999755859375,305.6300048828125,297.0,297.32000732421875,4170800
2022-05-27,280.4767150878906,308.4599914550781,308.5,301.6000061035156,303.5400085449219,3899300
2022-05-31,275.2846984863281,302.75,307.8699951171875,300.8299865722656,306.6000061035156,5966600
2022-06-01,271.93572998046875,297.19000244140625,302.9800109863281,297.0299987792969,301.739990234375,3080800
2022-06-02,279.878173828125,305.8699951171875,306.0299987792969,295.8900146484375,298.80999755859375,4086400
2022-06-03,279.1552734375,305.0799865722656,308.4599914550781,301.8999938964844,303.3299865722656,2956600
2022-06-06,278.0664367675781,303.8900146484375,307.6099853515625,303.25,305.55999755859375,2562000
2022-06-07,276.1265869140625,301.7699890136719,302.3800048828125,292.6000061035156,295.05999755859375,3547800
2022-06-08,272.2469177246094,297.5299987792969,300.5799865722656,295.67999267578125,299.7799987792969,3003100
2022-06-09,274.3788146972656,299.8599853515625,306.8800048828125,297.3500061035156,297.760009765625,4168400
2022-06-10,264.6612854003906,289.239990234375,296.5,288.6400146484375,291.5,4623900
2022-06-13,259.09796142578125,283.1600036621094,286.82000732421875,281.2799987792969,284.3599853515625,4704600
2022-06-14,254.98956298828125,278.6700134277344,286.3800048828125,276.5899963378906,283.2099914550781,3987000
2022-06-15,255.95948791503906,279.7300109863281,283.5899963378906,275.4700012207031,281.0,4050400
2022-06-16,250.2222442626953,273.4599914550781,276.1099853515625,269.7300109863281,274.9200134277344,6181000
2022-06-17,247.7242889404297,270.7300109863281,276.6199951171875,270.3900146484375,271.0,10775600
2022-06-21,246.3243408203125,269.20001220703125,273.9200134277344,267.4200134277344,273.69000244140625,5498400
2022-06-22,246.1229705810547,268.9800109863281,271.7699890136719,264.510009765625,266.3900146484375,4678400
2022-06-23,252.0157470703125,275.4200134277344,275.5899963378906,269.8900146484375,270.0,3747500
2022-06-24,258.9515380859375,283.0,283.4599914550781,273.9200134277344,277.4700012207031,10310700
2022-06-27,258.6679382324219,282.69000244140625,285.0,281.489990234375,284.4599914550781,2538600
2022-06-28,247.19354248046875,270.1499938964844,285.6000061035156,269.82000732421875,283.7799987792969,4052100
2022-06-29,250.597412109375,273.8699951171875,276.1600036621094,268.80999755859375,271.5799865722656,2460500
2022-06-30,250.9634246826172,274.2699890136719,277.0400085449219,268.0400085449219,270.7300109863281,4058000
2022-07-01,255.3647003173828,279.0799865722656,280.75,274.54998779296875,275.7300109863281,2818300
2022-07-05,259.6195373535156,283.7300109863281,283.7300109863281,275.0299987792969,275.5,3241300
2022-07-06,259.4822998046875,283.5799865722656,285.9200134277344,280.5199890136719,284.989990234375,2206100
2022-07-07,262.3280334472656,286.69000244140625,286.9700012207031,281.45001220703125,282.8399963378906,3133900
2022-07-08,262.1267395019531,286.4700012207031,287.989990234375,283.9100036621094,285.989990234375,1891000
2022-07-11,262.053466796875,286.3900146484375,289.5899963378906,285.1400146484375,285.17999267578125,2453200
2022-07-12,260.89141845703125,285.1199951171875,293.6400146484375,283.4100036621094,288.9700012207031,2696100
2022-07-13,262.7763366699219,287.17999267578125,289.7900085449219,279.760009765625,281.6300048828125,2941600
2022-07-14,264.8808898925781,289.4800109863281,290.2900085449219,281.6499938964844,281.8500061035156,2822200
2022-07-15,267.56195068359375,292.4100036621094,295.45001220703125,290.95001220703125,294.80999755859375,2647200
2022-07-18,268.14752197265625,293.04998779296875,298.489990234375,292.0,297.25,2664000
2022-07-19,274.3514404296875,299.8299865722656,300.010009765625,293.30999755859375,295.44000244140625,2614900
2022-07-20,276.61151123046875,302.29998779296875,303.69000244140625,298.2799987792969,300.92999267578125,2533400
2022-07-21,279.08209228515625,305.0,305.25,298.8699951171875,302.8500061035156,1965000
2022-07-22,280.5369567871094,306.5899963378906,310.6700134277344,304.3599853515625,307.6600036621094,2391500
2022-07-25,280.1343688964844,306.1499938964844,307.42999267578125,303.8299865722656,306.79998779296875,1910500
2022-07-26,272.8416748046875,298.17999267578125,300.6400146484375,295.9100036621094,297.0,2690200
2022-07-27,273.50958251953125,298.9100036621094,300.30999755859375,291.7900085449219,298.2099914550781,3233700
2022-07-28,274.1683654785156,299.6300048828125,301.239990234375,293.1700134277344,295.0,3992100
2022-07-29,275.36712646484375,300.94000244140625,301.44000244140625,297.42999267578125,300.0,3236000
2022-08-01,279.8324279785156,305.82000732421875,308.45001220703125,300.010009765625,300.6400146484375,3303900
2022-08-02,275.1566467285156,300.7099914550781,305.6099853515625,300.010009765625,305.3999938964844,3091000
2022-08-03,280.335693359375,306.3699951171875,308.07000732421875,300.3399963378906,303.3500061035156,3329400
2022-08-04,281.0677185058594,307.1700134277344,309.9700012207031,304.44000244140625,304.5400085449219,2718400
2022-08-05,283.37353515625,309.69000244140625,309.7799987792969,304.5,305.3800048828125,2029100
2022-08-08,285.4598083496094,311.9700012207031,315.79998779296875,310.44000244140625,311.8599853515625,2505100
2022-08-09,279.27423095703125,305.2099914550781,309.9599914550781,303.30999755859375,308.8900146484375,2607000
2022-08-10,285.10296630859375,311.5799865722656,312.9800109863281,309.04998779296875,309.5,3863400
2022-08-11,284.2885437011719,310.69000244140625,314.6199951171875,309.5799865722656,313.8399963378906,2444100
2022-08-12,288.13165283203125,314.8900146484375,314.92999267578125,310.17999267578125,312.6099853515625,2273800
2022-08-15,287.8753967285156,314.6099853515625,315.760009765625,310.1499938964844,312.0400085449219,3917300
2022-08-16,299.56024169921875,327.3800048828125,332.9800109863281,312.8800048828125,312.9800109863281,10089800
2022-08-17,298.0779724121094,325.760009765625,329.5,324.07000732421875,328.0899963378906,3162600
2022-08-18,297.57476806640625,325.2099914550781,327.94000244140625,322.2200012207031,324.9599914550781,2899600
2022-08-19,294.0152893066406,321.32000732421875,326.32000732421875,319.7699890136719,324.9700012207031,3489100
2022-08-22,285.67938232421875,312.2099914550781,319.739990234375,311.7099914550781,318.0899963378906,3144200
2022-08-23,280.8205261230469,306.8999938964844,311.5199890136719,305.6400146484375,311.2099914550781,3317500
2022-08-24,281.9278259277344,308.1099853515625,309.9800109863281,303.54998779296875,305.04998779296875,2495600
2022-08-25,283.4559326171875,309.7799987792969,309.9599914550781,305.8299865722656,308.6400146484375,2529700
2022-08-26,272.76837158203125,298.1000061035156,311.510009765625,298.0199890136719,310.29998779296875,3315500
2022-08-29,271.1396789550781,296.32000732421875,299.7099914550781,294.2900085449219,296.57000732421875,2711800
2022-08-30,268.1933288574219,293.1000061035156,299.8999938964844,291.6700134277344,298.55999755859375,2892400
2022-08-31,265.63299560546875,288.4200134277344,292.4700012207031,288.2799987792969,292.010009765625,4376200
2022-09-01,270.19183349609375,293.3699951171875,293.5799865722656,286.7200012207031,288.3999938964844,3742500
2022-09-02,268.83807373046875,291.8999938964844,296.79998779296875,290.1199951171875,296.1099853515625,2753600
2022-09-06,266.6644592285156,289.5400085449219,294.5,287.260009765625,293.2200012207031,4110000
2022-09-07,273.9679260253906,297.4700012207031,297.70001220703125,290.29998779296875,290.44000244140625,3016000
2022-09-08,276.2059631347656,299.8999938964844,300.19000244140625,294.5400085449219,296.0,2703200
2022-09-09,276.086181640625,299.7699890136719,302.489990234375,298.3299865722656,299.4800109863281,2769200
2022-09-12,274.03240966796875,297.5400085449219,302.8299865722656,296.3500061035156,300.79998779296875,3632900
2022-09-13,255.97171020507812,277.92999267578125,294.0799865722656,277.32000732421875,292.010009765625,4797200
2022-09-14,254.50735473632812,276.3399963378906,279.5400085449219,273.1700134277344,279.3999938964844,4194400
2022-09-15,250.08657836914062,271.5400085449219,278.010009765625,270.5400085449219,277.8900146484375,3896100
2022-09-16,254.16656494140625,275.9700012207031,276.55999755859375,268.8999938964844,269.04998779296875,9535100
2022-09-19,258.2650146484375,280.4200134277344,281.2300109863281,273.510009765625,273.5799865722656,3047200
2022-09-20,252.5088348388672,274.1700134277344,278.7799987792969,271.3699951171875,276.8800048828125,2940700
2022-09-21,250.1142120361328,271.57000732421875,280.1300048828125,271.510009765625,276.0,3173500
2022-09-22,247.87619018554688,269.1400146484375,271.2200012207031,267.8500061035156,271.2200012207031,3515800
2022-09-23,249.53396606445312,270.94000244140625,271.29998779296875,266.32000732421875,267.8900146484375,3527900
2022-09-26,245.5184783935547,266.5799865722656,273.55999755859375,265.6099853515625,271.42999267578125,4181800
2022-09-27,247.4617156982422,268.69000244140625,273.69000244140625,266.9800109863281,269.3599853515625,3701000
2022-09-28,259.8951721191406,282.19000244140625,283.5,272.7099914550781,275.2200012207031,5816600
2022-09-29,256.3400573730469,278.3299865722656,278.760009765625,274.7300109863281,278.510009765625,4518600
2022-09-30,254.13893127441406,275.94000244140625,281.7900085449219,274.760009765625,277.82000732421875,4789100
2022-10-03,261.2859191894531,283.70001220703125,286.05999755859375,279.54998779296875,281.0,3580000
2022-10-04,266.6829528808594,289.55999755859375,291.30999755859375,286.55999755859375,287.5,3641300
2022-10-05,266.9499816894531,289.8500061035156,292.1099853515625,285.3699951171875,286.25,2728000
2022-10-06,267.44732666015625,290.3900146484375,292.9700012207031,287.7699890136719,289.55999755859375,2641500
2022-10-07,261.85687255859375,284.32000732421875,288.6300048828125,282.4200134277344,287.5299987792969,2406000
2022-10-10,260.1437683105469,282.4599914550781,284.8599853515625,280.2200012207031,283.55999755859375,2115400
2022-10-11,260.5398254394531,282.8900146484375,286.20001220703125,280.8999938964844,281.1000061035156,2771900
2022-10-12,258.3570861816406,280.5199890136719,284.6400146484375,280.489990234375,284.4200134277344,2258200
2022-10-13,260.4845275878906,282.8299865722656,284.8299865722656,268.7300109863281,274.6600036621094,3881600
2022-10-14,254.5902099609375,276.42999267578125,286.6400146484375,275.95001220703125,286.6400146484375,2783100
2022-10-17,259.0386657714844,281.260009765625,283.8699951171875,279.3399963378906,279.6000061035156,3426700
2022-10-18,262.53839111328125,285.05999755859375,289.8599853515625,283.2300109863281,287.95001220703125,3166500
2022-10-19,253.72445678710938,275.489990234375,282.7699890136719,273.0199890136719,282.4700012207031,4323000
2022-10-20,248.17091369628906,269.4599914550781,278.0,267.8699951171875,274.94000244140625,3959500
2022-10-21,253.76132202148438,275.5299987792969,275.7099914550781,268.0,268.3399963378906,3429100
2022-10-24,260.880615234375,283.260009765625,284.4700012207031,276.9700012207031,276.9700012207031,2937100
2022-10-25,267.3276062011719,290.260009765625,292.1300048828125,285.510009765625,285.510009765625,2791600
2022-10-26,267.22625732421875,290.1499938964844,291.8699951171875,286.1700134277344,290.6000061035156,2615000
2022-10-27,268.0643615722656,291.05999755859375,294.2699890136719,289.45001220703125,291.8500061035156,3041500
2022-10-28,275.0547180175781,298.6499938964844,299.1600036621094,290.0,290.0,3243100
2022-10-31,272.7337951660156,296.1300048828125,299.2799987792969,292.54998779296875,294.4100036621094,4210900
2022-11-01,272.6693115234375,296.05999755859375,302.2099914550781,293.3500061035156,300.3699951171875,3309100
2022-11-02,265.9184265136719,288.7300109863281,300.1700134277344,288.5199890136719,295.20001220703125,4426400
2022-11-03,259.2596435546875,281.5,285.95001220703125,280.510009765625,283.57000732421875,4823900
2022-11-04,261.58978271484375,284.0299987792969,288.8399963378906,277.5,285.8900146484375,4401600
2022-11-07,267.3367004394531,290.2699890136719,291.70001220703125,282.8399963378906,286.5,3260200
2022-11-08,268.1380615234375,291.1400146484375,293.3399963378906,287.6300048828125,292.42999267578125,3371800
2022-11-09,264.0948791503906,286.75,292.5,286.260009765625,289.0,3071400
2022-11-10,287.07366943359375,311.70001220703125,314.739990234375,297.0799865722656,297.739990234375,7794000
2022-11-11,290.05767822265625,314.94000244140625,317.67999267578125,310.239990234375,312.0,4945400
2022-11-14,282.67132568359375,306.9200134277344,315.9800109863281,306.3399963378906,314.3599853515625,6394800
2022-11-15,287.2854919433594,311.92999267578125,316.6300048828125,303.25,304.05999755859375,9290400
2022-11-16,290.0299987792969,314.9100036621094,316.4100036621094,304.510009765625,305.8599853515625,5249500
2022-11-17,286.83416748046875,311.44000244140625,313.67999267578125,306.1499938964844,312.0,3642100
2022-11-18,288.436767578125,313.17999267578125,316.0,310.260009765625,314.1400146484375,3559300
2022-11-21,291.7523193359375,316.7799987792969,318.8399963378906,314.20001220703125,316.9599914550781,4069000
2022-11-22,299.2123718261719,324.8800048828125,326.82000732421875,319.3800048828125,320.0,6054700
2022-11-23,296.108642578125,321.510009765625,327.82000732421875,320.44000244140625,326.760009765625,4243400
2022-11-25,300.5938720703125,326.3800048828125,329.0799865722656,321.8999938964844,322.8900146484375,3393500
2022-11-28,293.7231750488281,318.9200134277344,328.79998779296875,317.8500061035156,325.05999755859375,4733700
2022-11-29,290.9971008300781,315.9599914550781,320.0,315.6199951171875,316.0,3505600
2022-11-30,300.1978454589844,323.989990234375,324.19000244140625,311.5,312.92999267578125,15106500
2022-12-01,303.05169677734375,327.07000732421875,329.6700134277344,324.44000244140625,326.30999755859375,3830100
2022-12-02,303.9041748046875,327.989990234375,328.4800109863281,320.3299865722656,321.0799865722656,3644100
2022-12-05,296.57501220703125,320.0799865722656,325.5199890136719,319.5400085449219,325.1499938964844,5057300
2022-12-06,294.1381530761719,317.45001220703125,321.6499938964844,314.5400085449219,319.6400146484375,3341500
2022-12-07,296.639892578125,320.1499938964844,322.8800048828125,314.44000244140625,315.9599914550781,4038200
2022-12-08,300.2905578613281,324.0899963378906,324.5199890136719,318.54998779296875,318.54998779296875,3483600
2022-12-09,296.9456481933594,320.4800109863281,324.44000244140625,319.92999267578125,321.4800109863281,3738800
2022-12-12,303.8948669433594,327.9800109863281,328.3399963378906,321.2900085449219,323.0,4900200
2022-12-13,308.4443359375,332.8900146484375,347.25,329.9599914550781,344.3500061035156,5787700
2022-12-14,308.94464111328125,333.42999267578125,339.05999755859375,329.010009765625,330.5299987792969,4546000
2022-12-15,303.542724609375,327.6000061035156,330.0199890136719,323.3699951171875,329.44000244140625,5056900
2022-12-16,299.59564208984375,323.3399963378906,327.94000244140625,319.239990234375,323.42999267578125,9615000
2022-12-19,294.0270080566406,317.3299865722656,321.9100036621094,316.0199890136719,319.5,3000600
2022-12-20,291.7198181152344,314.8399963378906,316.8900146484375,310.8299865722656,313.32000732421875,2632200
2022-12-21,295.9078674316406,319.3599853515625,319.5899963378906,314.739990234375,318.04998779296875,2610400
2022-12-22,292.9057922363281,316.1199951171875,316.3999938964844,310.7300109863281,316.3999938964844,3064400
2022-12-23,295.32415771484375,318.7300109863281,319.1000061035156,313.05999755859375,314.1499938964844,2064900
2022-12-27,296.0839538574219,319.54998779296875,321.54998779296875,317.510009765625,318.4100036621094,1610200
2022-12-28,292.5444641113281,315.7300109863281,321.42999267578125,315.5,320.54998779296875,1568200
2022-12-29,296.880859375,320.4100036621094,321.8299865722656,317.5899963378906,318.6499938964844,1559100
2022-12-30,292.6648254394531,315.8599853515625,318.1700134277344,313.0199890136719,317.489990234375,2581600
2023-01-03,292.71124267578125,315.9100036621094,319.2200012207031,311.7799987792969,317.4200134277344,2822400
2023-01-04,296.250732421875,319.7300109863281,322.510009765625,316.3800048828125,321.07000732421875,3560900
2023-01-05,292.3035888671875,315.4700012207031,318.0799865722656,313.2300109863281,317.8299865722656,2935100
2023-01-06,294.2122802734375,317.5299987792969,318.8500061035156,309.0,316.2900085449219,4022500
2023-01-09,294.47174072265625,317.80999755859375,322.54998779296875,317.05999755859375,320.0,3466300
2023-01-10,297.0846252441406,320.6300048828125,320.7300109863281,313.9599914550781,316.29998779296875,2111300
2023-01-11,304.8399963378906,329.0,329.0400085449219,322.1199951171875,322.54998779296875,2864800
2023-01-12,305.64605712890625,329.8699951171875,332.2099914550781,326.7099914550781,332.2099914550781,2481800
2023-01-13,306.8877258300781,331.2099914550781,332.3900146484375,326.0,326.489990234375,2798600
2023-01-17,303.4779052734375,327.5299987792969,335.1600036621094,327.1000061035156,330.3299865722656,3988900
2023-01-18,299.91986083984375,323.69000244140625,334.5199890136719,322.92999267578125,330.0,2952200
2023-01-19,288.0506286621094,310.8800048828125,321.3399963378906,310.6300048828125,320.3399963378906,5359300
2023-01-20,291.8680419921875,315.0,315.239990234375,307.3900146484375,310.010009765625,3725100
2023-01-23,292.3128356933594,315.4800109863281,317.5299987792969,311.0899963378906,313.5400085449219,3237900
2023-01-24,294.3605041503906,317.69000244140625,318.1000061035156,312.6300048828125,315.1199951171875,2127900
2023-01-25,293.962158203125,317.260009765625,318.1199951171875,311.54998779296875,315.3299865722656,2060400
2023-01-26,290.7654113769531,313.80999755859375,319.260009765625,312.5299987792969,314.1499938964844,3555300
2023-01-27,293.4339294433594,316.69000244140625,318.239990234375,311.3299865722656,312.0199890136719,2761200
2023-01-30,291.16387939453125,314.239990234375,318.1400146484375,313.69000244140625,315.8299865722656,2643100
2023-01-31,300.3646545410156,324.1700134277344,324.3500061035156,315.1000061035156,315.989990234375,3526800
2023-02-01,303.9967956542969,328.0899963378906,330.54998779296875,317.6400146484375,322.3900146484375,3076500
2023-02-02,314.8376159667969,339.7900085449219,341.4700012207031,332.69000244140625,333.45001220703125,4776600
2023-02-03,307.15643310546875,331.5,334.7099914550781,330.3299865722656,332.5299987792969,3389700
2023-02-06,305.0901184082031,329.2699890136719,331.010009765625,327.4599914550781,328.989990234375,2229700
2023-02-07,301.31903076171875,325.20001220703125,327.0,320.7200012207031,324.0,3865500
2023-02-08,297.2328796386719,320.7900085449219,323.989990234375,319.57000732421875,322.94000244140625,2777200
2023-02-09,292.3777160644531,315.54998779296875,323.8900146484375,314.8299865722656,323.1000061035156,3063300
2023-02-10,293.29498291015625,316.5400085449219,317.20001220703125,312.75,313.8500061035156,2768800
2023-02-13,299.7716369628906,323.5299987792969,323.69000244140625,315.6099853515625,317.3399963378906,2432500
2023-02-14,295.0461730957031,318.42999267578125,322.9599914550781,315.6700134277344,320.6099853515625,3380800
2023-02-15,297.1402587890625,320.69000244140625,321.5299987792969,315.7900085449219,315.8800048828125,2585500
2023-02-16,297.64984130859375,321.239990234375,323.739990234375,314.92999267578125,315.0,3169200
2023-02-17,294.6014709472656,317.95001220703125,320.6000061035156,312.95001220703125,318.67999267578125,4985500
2023-02-21,273.8000183105469,295.5,308.010009765625,295.0299987792969,305.54998779296875,10891800
2023-02-22,274.5412902832031,296.29998779296875,300.3999938964844,295.0899963378906,297.54998779296875,5922100
2023-02-23,277.33026123046875,299.30999755859375,299.8800048828125,294.6199951171875,296.7900085449219,4354500
2023-02-24,274.8749084472656,296.6600036621094,298.3299865722656,292.0,292.3999938964844,3713300
2023-02-27,274.2726135253906,296.010009765625,300.489990234375,295.0400085449219,299.3599853515625,3238300
2023-02-28,274.7637023925781,296.5400085449219,298.70001220703125,294.30999755859375,295.0,3949500
2023-03-01,269.43597412109375,290.7900085449219,293.7200012207031,288.6600036621094,291.9200134277344,5905100
2023-03-02,271.5021667480469,293.0199890136719,294.1099853515625,287.2699890136719,288.4599914550781,4103700
2023-03-03,276.5334167480469,298.45001220703125,298.6099853515625,293.760009765625,294.6400146484375,4036700
2023-03-06,276.3110656738281,298.2099914550781,300.1099853515625,296.9800109863281,298.0,3763200
2023-03-07,269.3525390625,290.70001220703125,299.05999755859375,290.4200134277344,299.05999755859375,4512400
2023-03-08,272.04034423828125,291.489990234375,292.4599914550781,288.2699890136719,289.44000244140625,4680300
2023-03-09,268.78326416015625,288.0,294.3699951171875,287.75,293.04998779296875,3248000
2023-03-10,267.20599365234375,286.30999755859375,293.1600036621094,284.1000061035156,288.55999755859375,4730900
2023-03-13,267.4020080566406,286.5199890136719,292.3399963378906,282.6000061035156,283.989990234375,3892100
2023-03-14,266.5153503417969,285.57000732421875,289.79998779296875,281.3900146484375,289.29998779296875,5116000
2023-03-15,268.7552490234375,287.9700012207031,289.1600036621094,282.6700134277344,283.95001220703125,4835500
2023-03-16,267.59796142578125,286.7300109863281,288.0299987792969,285.0,287.0,4400200
2023-03-17,269.1472473144531,288.3900146484375,291.95001220703125,286.260009765625,287.82000732421875,8342000
2023-03-20,269.95916748046875,289.260009765625,289.8299865722656,286.6099853515625,287.42999267578125,3677800
2023-03-21,270.1177978515625,289.42999267578125,292.8900146484375,287.6000061035156,291.42999267578125,4788200
2023-03-22,263.7528991699219,282.6099853515625,291.2099914550781,282.45001220703125,290.0899963378906,3723400
2023-03-23,264.96612548828125,283.9100036621094,286.1099853515625,280.2200012207031,285.260009765625,6005800
2023-03-24,264.135498046875,283.0199890136719,284.92999267578125,280.8299865722656,282.55999755859375,3851000
2023-03-27,262.5023193359375,281.2699890136719,284.94000244140625,280.9100036621094,283.75,4269700
2023-03-28,262.082275390625,280.82000732421875,283.2900085449219,279.92999267578125,280.79998779296875,3633300
2023-03-29,264.452880859375,283.3599853515625,283.989990234375,281.25,281.25,3607500
2023-03-30,266.3193664550781,285.3599853515625,286.1000061035156,283.8500061035156,285.3599853515625,3432800
2023-03-31,275.4280700683594,295.1199951171875,295.54998779296875,286.760009765625,286.989990234375,5800600
2023-04-03,277.8639831542969,297.7300109863281,297.9700012207031,294.739990234375,294.8699951171875,4007600
2023-04-04,275.2788391113281,294.9599914550781,299.79998779296875,294.3999938964844,297.5,2965700
2023-04-05,269.4084777832031,288.6700134277344,295.7099914550781,288.4800109863281,295.0,4002400
2023-04-06,269.3525085449219,288.6099853515625,289.7900085449219,284.239990234375,287.25,3193400
2023-04-10,271.7416687011719,291.1700134277344,292.6400146484375,285.6600036621094,286.1300048828125,2799900
2023-04-11,274.168212890625,293.7699890136719,295.1000061035156,291.760009765625,292.69000244140625,2497000
2023-04-12,271.0604248046875,290.44000244140625,298.44000244140625,289.5799865722656,296.20001220703125,3341400
2023-04-13,272.65631103515625,292.1499938964844,292.4700012207031,286.3699951171875,290.8900146484375,3505800
2023-04-14,272.69366455078125,292.19000244140625,296.20001220703125,291.3800048828125,292.1499938964844,2653200
2023-04-17,275.689453125,295.3999938964844,295.5,291.54998779296875,291.70001220703125,2621900
2023-04-18,279.0025939941406,298.95001220703125,299.239990234375,295.9200134277344,296.32000732421875,2847800
2023-04-19,277.0986633300781,296.9100036621094,298.2900085449219,295.04998779296875,296.45001220703125,2889300
2023-04-20,278.6479797363281,298.57000732421875,301.30999755859375,295.5,295.9700012207031,3371800
2023-04-21,280.0198669433594,300.0400085449219,303.20001220703125,299.3500061035156,301.6199951171875,3506700
2023-04-24,281.5130615234375,301.6400146484375,301.8999938964844,299.2200012207031,300.0,2515400
2023-04-25,276.5574035644531,296.3299865722656,302.69000244140625,296.1300048828125,301.5,4529500
2023-04-26,268.8485412597656,288.07000732421875,295.9700012207031,287.0799865722656,295.42999267578125,4037400
2023-04-27,274.3175048828125,293.92999267578125,294.7099914550781,287.79998779296875,288.0,3133600
2023-04-28,280.48651123046875,300.5400085449219,300.82000732421875,293.3800048828125,293.7699890136719,4063400
2023-05-01,277.8360290527344,297.70001220703125,299.55999755859375,297.3699951171875,298.9800109863281,2970000
2023-05-02,274.6441955566406,294.2799987792969,298.6700134277344,291.04998779296875,298.44000244140625,3413200
2023-05-03,273.5242614746094,293.0799865722656,298.760009765625,292.5,294.55999755859375,2743400
2023-05-04,266.6833801269531,285.75,294.5899963378906,285.3299865722656,292.7200012207031,4422500
2023-05-05,270.2950744628906,289.6199951171875,290.8699951171875,286.1000061035156,287.1700134277344,3806600
2023-05-08,268.7178955078125,287.92999267578125,289.8399963378906,284.44000244140625,289.0,3736500
2023-05-09,271.1910705566406,290.5799865722656,291.05999755859375,285.760009765625,286.1700134277344,2570000
2023-05-10,269.7445068359375,289.0299987792969,293.57000732421875,285.9200134277344,291.7099914550781,3571000
2023-05-11,268.4939270019531,287.69000244140625,289.45001220703125,285.0199890136719,288.739990234375,3859700
2023-05-12,271.08843994140625,290.4700012207031,290.9700012207031,287.45001220703125,288.0,3438300
2023-05-15,269.2872009277344,288.5400085449219,290.9200134277344,286.94000244140625,289.9200134277344,5353600
2023-05-16,263.4915466308594,282.3299865722656,286.0899963378906,277.0899963378906,281.75,12362100
2023-05-17,272.8802490234375,292.3900146484375,294.04998779296875,281.2099914550781,282.1499938964844,7956900
2023-05-18,275.4654235839844,295.1600036621094,295.92999267578125,291.6000061035156,292.6499938964844,4547000
2023-05-19,271.4710693359375,290.8800048828125,295.760009765625,289.95001220703125,295.760009765625,4470600
2023-05-22,271.2657470703125,290.6600036621094,292.989990234375,288.0799865722656,290.7300109863281,3736200
2023-05-23,275.2601318359375,294.94000244140625,297.7699890136719,289.2799987792969,289.2799987792969,5352200
2023-05-24,271.6763916015625,291.1000061035156,297.5199890136719,290.17999267578125,297.3699951171875,4978200
2023-05-25,267.61663818359375,286.75,291.7900085449219,286.05999755859375,291.7900085449219,5355900
2023-05-26,273.2909240722656,292.8299865722656,293.29998779296875,285.69000244140625,287.0,4626100
2023-05-30,272.88958740234375,292.3999938964844,294.45001220703125,288.95001220703125,293.2799987792969,5193300
2023-05-31,266.4412536621094,283.45001220703125,290.0,281.9599914550781,289.5899963378906,18288800
2023-06-01,271.08489990234375,288.3900146484375,289.2200012207031,279.9800109863281,284.04998779296875,4305100
2023-06-02,278.1817932128906,295.94000244140625,296.2099914550781,289.7200012207031,290.6499938964844,4515600
2023-06-05,275.5122375488281,293.1000061035156,295.7200012207031,291.3699951171875,295.6199951171875,3028800
2023-06-06,278.23822021484375,296.0,296.9200134277344,291.6499938964844,291.82000732421875,2855400
2023-06-07,283.5961608886719,301.70001220703125,302.20001220703125,297.1099853515625,297.30999755859375,4842700
2023-06-08,283.02276611328125,301.0899963378906,305.45001220703125,300.7900085449219,302.1600036621094,3757300
2023-06-09,279.5072021484375,297.3500061035156,301.42999267578125,296.1000061035156,300.9800109863281,3485800
2023-06-12,282.8065185546875,300.8599853515625,302.6099853515625,297.6499938964844,298.3999938964844,4456600
2023-06-13,282.0733947753906,300.0799865722656,304.1199951171875,298.6700134277344,302.3999938964844,4043400
2023-06-14,281.7255554199219,299.7099914550781,302.54998779296875,295.6300048828125,300.989990234375,4176000
2023-06-15,283.89697265625,302.0199890136719,303.42999267578125,299.5799865722656,300.8399963378906,4109700
2023-06-16,282.3553771972656,300.3800048828125,305.9800109863281,300.1400146484375,304.3399963378906,10809300
2023-06-20,283.3235778808594,301.4100036621094,302.75,298.2300109863281,299.7699890136719,3371100
2023-06-21,282.65625,300.70001220703125,303.57000732421875,300.17999267578125,302.8699951171875,2713300
2023-06-22,283.1072998046875,301.17999267578125,302.8299865722656,299.6000061035156,301.5,3052000
2023-06-23,282.75958251953125,300.80999755859375,302.32000732421875,299.1000061035156,300.32000732421875,8525900
2023-06-26,289.41473388671875,307.8900146484375,309.2099914550781,301.9800109863281,302.6700134277344,4440100
2023-06-27,294.9136962890625,313.739990234375,315.4599914550781,307.8900146484375,308.1499938964844,5342500
2023-06-28,288.1175231933594,306.510009765625,312.94000244140625,306.05999755859375,312.0,4025600
2023-06-29,289.34893798828125,307.82000732421875,308.1300048828125,304.0299987792969,306.7799987792969,3279700
2023-06-30,291.9997253417969,310.6400146484375,311.42999267578125,308.29998779296875,309.5799865722656,3230700
2023-07-03,291.4168701171875,310.0199890136719,311.3999938964844,308.8999938964844,309.7799987792969,1483300
2023-07-05,292.15008544921875,310.79998779296875,312.29998779296875,309.989990234375,310.5,2496000
2023-07-06,283.89697265625,302.0199890136719,307.9800109863281,301.5400085449219,306.8399963378906,4828300
2023-07-07,284.63958740234375,302.80999755859375,305.6300048828125,300.8900146484375,301.989990234375,2951900
2023-07-10,291.66131591796875,310.2799987792969,310.5299987792969,303.20001220703125,303.20001220703125,3246700
2023-07-11,294.8384704589844,313.6600036621094,314.57000732421875,310.739990234375,312.9100036621094,2913800
2023-07-12,298.466796875,317.5199890136719,321.260009765625,316.010009765625,316.30999755859375,5300500
2023-07-13,295.7220458984375,314.6000061035156,318.4200134277344,313.4700012207031,318.1000061035156,3235600
2023-07-14,297.5080871582031,316.5,316.8999938964844,314.2200012207031,314.8399963378906,2942100
2023-07-17,297.0850830078125,316.04998779296875,317.82000732421875,314.1499938964844,315.7200012207031,2002500
2023-07-18,297.75250244140625,316.760009765625,318.32000732421875,312.1300048828125,314.5299987792969,2315600
2023-07-19,300.3092346191406,319.4800109863281,319.94000244140625,316.69000244140625,317.0,2361400
2023-07-20,299.9426574707031,319.0899963378906,321.45001220703125,317.8800048828125,320.3399963378906,2101900
2023-07-21,301.2398681640625,320.4700012207031,321.8900146484375,319.489990234375,321.07000732421875,3673400
2023-07-24,305.6014099121094,325.1099853515625,325.6600036621094,320.95001220703125,320.9700012207031,2621900
2023-07-25,305.6202087402344,325.1300048828125,326.8999938964844,323.8299865722656,325.07000732421875,2890800
2023-07-26,309.8125915527344,329.5899963378906,330.9599914550781,324.239990234375,324.69000244140625,3448100
2023-07-27,309.9253845214844,329.7099914550781,333.44000244140625,328.92999267578125,331.7099914550781,2608600
2023-07-28,311.4858093261719,331.3699951171875,333.0,329.5,332.0,2268200
2023-07-31,313.80755615234375,333.8399963378906,334.07000732421875,331.4800109863281,331.6499938964844,2690000
2023-08-01,312.1437072753906,332.07000732421875,334.9700012207031,330.8800048828125,331.760009765625,2547200
2023-08-02,308.78802490234375,328.5,332.5299987792969,327.9200134277344,330.0299987792969,2752600
2023-08-03,310.0569763183594,329.8500061035156,332.1000061035156,327.6400146484375,327.67999267578125,2451300
2023-08-04,306.8421936035156,326.42999267578125,329.5199890136719,325.3299865722656,328.1600036621094,3591600
2023-08-07,309.41778564453125,329.1700134277344,329.4100036621094,326.5899963378906,327.2099914550781,2111000
2023-08-08,308.139404296875,327.80999755859375,328.5299987792969,323.3900146484375,326.5799865722656,3272600
2023-08-09,308.515380859375,328.2099914550781,330.9200134277344,326.760009765625,327.3500061035156,2698900
2023-08-10,309.63397216796875,329.3999938964844,332.8999938964844,328.94000244140625,330.6600036621094,3075100
2023-08-11,311.2413635253906,331.1099853515625,331.5899963378906,328.3500061035156,328.5199890136719,3108400
2023-08-14,310.1510314941406,329.95001220703125,333.7900085449219,328.42999267578125,331.4599914550781,3974800
2023-08-15,312.2095947265625,332.1400146484375,338.1700134277344,328.5199890136719,331.760009765625,5860900
2023-08-16,313.04620361328125,333.0299987792969,337.80999755859375,331.67999267578125,332.6199951171875,3753900
2023-08-17,307.6412353515625,327.2799987792969,335.6499938964844,327.05999755859375,333.7699890136719,3885100
2023-08-18,307.7257995605469,327.3699951171875,328.8900146484375,324.42999267578125,325.05999755859375,3472000
2023-08-21,304.6144104003906,324.05999755859375,327.8699951171875,323.5,326.6099853515625,3109700
2023-08-22,305.0091857910156,324.4800109863281,326.30999755859375,322.0299987792969,325.2699890136719,2582200
2023-08-23,306.5226135253906,326.0899963378906,326.92999267578125,324.0799865722656,324.5199890136719,2728000
2023-08-24,303.2326354980469,322.5899963378906,329.0,322.30999755859375,325.1199951171875,2490000
2023-08-25,303.4864196777344,322.8599853515625,326.3399963378906,321.20001220703125,323.42999267578125,2418100
2023-08-28,306.3534240722656,325.9100036621094,327.44000244140625,322.8699951171875,323.20001220703125,2099900
2023-08-29,309.6152038574219,329.3800048828125,329.8399963378906,326.7699890136719,326.7900085449219,2628200
2023-08-30,312.7748718261719,330.6300048828125,331.6199951171875,327.8699951171875,328.0,2256200
2023-08-31,312.4626159667969,330.29998779296875,332.6000061035156,329.67999267578125,331.20001220703125,2914700
2023-09-01,315.092529296875,333.0799865722656,333.45001220703125,331.1400146484375,332.0,2317400
2023-09-05,310.0787658691406,327.7799987792969,332.29998779296875,327.3699951171875,331.8399963378906,3141400
2023-09-06,308.39483642578125,326.0,328.6099853515625,325.55999755859375,327.5299987792969,3199700
2023-09-07,310.6842346191406,328.4200134277344,329.9200134277344,324.29998779296875,325.0299987792969,2454000
2023-09-08,310.95849609375,328.7099914550781,329.489990234375,326.67999267578125,327.5,2210300
2023-09-11,310.6368713378906,328.3699951171875,329.8800048828125,327.57000732421875,329.2900085449219,2087800
2023-09-12,308.6597595214844,326.2799987792969,328.7699890136719,325.8900146484375,326.8299865722656,2190500
2023-09-13,308.2813415527344,325.8800048828125,327.9599914550781,325.0,326.0400085449219,2564300
2023-09-14,311.82879638671875,329.6300048828125,330.29998779296875,325.2699890136719,327.3900146484375,2707600
2023-09-15,304.04327392578125,321.3999938964844,329.1700134277344,320.3299865722656,327.32000732421875,7117800
2023-09-18,300.1268615722656,317.260009765625,321.6499938964844,316.9100036621094,320.1600036621094,2740400
2023-09-19,297.6199645996094,314.6099853515625,316.92999267578125,312.3399963378906,315.95001220703125,2776500
2023-09-20,294.0724792480469,310.8599853515625,316.3500061035156,310.79998779296875,315.0,2320000
2023-09-21,290.19390869140625,306.760009765625,310.2300109863281,306.3599853515625,309.3999938964844,2766500
2023-09-22,289.2195129394531,305.7300109863281,307.6499938964844,305.4599914550781,306.1600036621094,2289200
2023-09-25,289.9384765625,306.489990234375,307.2900085449219,304.510009765625,304.510009765625,1882300
2023-09-26,286.2017822265625,302.5400085449219,305.80999755859375,301.6300048828125,304.5199890136719,2655500
2023-09-27,285.5206604003906,301.82000732421875,304.2200012207031,299.8999938964844,303.0,2513900
2023-09-28,287.1004943847656,303.489990234375,304.8699951171875,300.75,301.6700134277344,2369600
2023-09-29,285.8423156738281,302.1600036621094,305.6700134277344,299.82000732421875,304.95001220703125,3502600
2023-10-02,283.6381530761719,299.8299865722656,303.45001220703125,298.4599914550781,300.5199890136719,2806800
2023-10-03,276.17425537109375,291.94000244140625,298.29998779296875,290.07000732421875,297.9100036621094,3609200
2023-10-04,276.5999755859375,292.3900146484375,294.2099914550781,290.3599853515625,293.3599853515625,2956300
2023-10-05,275.94720458984375,291.70001220703125,292.6700134277344,290.239990234375,292.0,2469300
2023-10-06,277.0067138671875,292.82000732421875,294.5400085449219,287.3900146484375,290.760009765625,2922500
2023-10-09,279.4095458984375,295.3599853515625,295.5299987792969,289.67999267578125,290.29998779296875,1929900
2023-10-10,283.06109619140625,299.2200012207031,300.6700134277344,295.1700134277344,296.69000244140625,3116300
2023-10-11,281.9541931152344,298.04998779296875,300.8500061035156,295.8999938964844,299.739990234375,2292800
2023-10-12,277.1958923339844,293.0199890136719,297.70001220703125,290.7699890136719,297.70001220703125,2546400
2023-10-13,276.15533447265625,291.9200134277344,294.7300109863281,290.8900146484375,292.94000244140625,2092700
2023-10-16,281.2731628417969,297.3299865722656,298.3699951171875,293.5799865722656,294.42999267578125,2567000
2023-10-17,279.9581604003906,295.94000244140625,298.3599853515625,294.5,296.69000244140625,2139700
2023-10-18,274.5660400390625,290.239990234375,293.3299865722656,289.5799865722656,293.0,2720100
2023-10-19,271.2834167480469,286.7699890136719,291.3399963378906,286.4200134277344,291.0,3028600
2023-10-20,270.9429016113281,286.4100036621094,287.17999267578125,283.6099853515625,285.8599853515625,2885300
2023-10-23,269.6752624511719,285.07000732421875,288.25,284.3299865722656,285.82000732421875,2590900
2023-10-24,268.0102844238281,283.30999755859375,287.9100036621094,282.0299987792969,286.739990234375,2705200
2023-10-25,265.7588195800781,280.92999267578125,283.2300109863281,279.20001220703125,281.75,2962800
2023-10-26,262.9870300292969,278.0,283.239990234375,277.75,280.5299987792969,3108200
2023-10-27,261.5301513671875,276.4599914550781,279.6700134277344,274.260009765625,278.9800109863281,2907300
2023-10-30,266.27911376953125,281.4800109863281,282.32000732421875,276.9599914550781,277.4700012207031,3074400
2023-10-31,269.31573486328125,284.69000244140625,285.3999938964844,281.6199951171875,282.5899963378906,3036000
2023-11-01,271.1509704589844,286.6300048828125,286.8299865722656,282.0199890136719,285.5899963378906,2747300
2023-11-02,278.6243896484375,294.5299987792969,294.6600036621094,290.0,290.25,3628000
2023-11-03,279.64605712890625,295.6099853515625,297.80999755859375,294.1700134277344,294.17999267578125,3071900
2023-11-06,278.6622314453125,294.57000732421875,296.44000244140625,293.2200012207031,294.75,2890300
2023-11-07,278.8513488769531,294.7699890136719,296.0,293.55999755859375,294.6099853515625,2629000
2023-11-08,279.9392395019531,295.9200134277344,298.010009765625,294.1099853515625,295.0299987792969,2454900
2023-11-09,272.3240661621094,287.8699951171875,292.739990234375,287.67999267578125,291.95001220703125,4059100
2023-11-10,275.8431701660156,291.5899963378906,291.5899963378906,286.7900085449219,289.2300109863281,3653500
2023-11-13,272.5132141113281,288.07000732421875,289.92999267578125,287.239990234375,287.7900085449219,4586700
2023-11-14,287.2329406738281,303.6300048828125,308.239990234375,300.1400146484375,300.8900146484375,7952800
2023-11-15,291.546630859375,308.19000244140625,308.92999267578125,304.010009765625,304.1000061035156,3985900
2023-11-16,289.89117431640625,306.44000244140625,307.95001220703125,304.3299865722656,305.8800048828125,3114000
2023-11-17,290.6763610839844,307.2699890136719,308.7099914550781,305.45001220703125,308.5,2770300
2023-11-20,291.546630859375,308.19000244140625,309.6700134277344,305.739990234375,307.19000244140625,3459000
2023-11-21,288.8505554199219,305.3399963378906,306.07000732421875,302.3399963378906,305.57000732421875,2977200
2023-11-22,292.50213623046875,309.20001220703125,309.8599853515625,306.4800109863281,307.3900146484375,2873500
2023-11-24,293.9211730957031,310.70001220703125,311.3800048828125,308.30999755859375,309.17999267578125,1259900
2023-11-27,294.1292724609375,310.9200134277344,312.8900146484375,309.75,310.69000244140625,2992600
2023-11-28,296.41851806640625,313.3399963378906,314.5799865722656,309.3900146484375,310.7099914550781,3116900
2023-11-29,296.19952392578125,311.0199890136719,314.05999755859375,310.9100036621094,314.05999755859375,3083800
2023-11-30,298.5517578125,313.489990234375,313.760009765625,308.5899963378906,312.5400085449219,4493700
2023-12-01,304.38970947265625,319.6199951171875,320.1000061035156,313.0,313.8299865722656,3613600
2023-12-04,308.5800476074219,324.0199890136719,325.0799865722656,318.9599914550781,319.6199951171875,3827900
2023-12-05,308.0848693847656,323.5,323.9200134277344,320.010009765625,322.0,3269800
2023-12-06,310.5704650878906,326.1099853515625,328.30999755859375,324.2099914550781,325.0,3030800
2023-12-07,310.62762451171875,326.1700134277344,327.4100036621094,324.67999267578125,326.1099853515625,2742300
2023-12-08,310.9132995605469,326.4700012207031,327.2799987792969,325.05999755859375,326.0,2889300
2023-12-11,315.5417175292969,331.3299865722656,332.0899963378906,328.80999755859375,329.80999755859375,3520700
2023-12-12,317.3226013183594,333.20001220703125,334.5199890136719,330.32000732421875,330.44000244140625,2893400
2023-12-13,327.03656005859375,343.3999938964844,343.8399963378906,331.9100036621094,334.8999938964844,5822700
2023-12-14,335.0458068847656,351.80999755859375,353.07000732421875,348.0,349.739990234375,7594800
2023-12-15,337.1314697265625,354.0,354.3800048828125,346.75,348.2200012207031,11212800
2023-12-18,334.0934753417969,350.80999755859375,354.9200134277344,350.32000732421875,353.7099914550781,4420500
2023-12-19,335.29345703125,352.07000732421875,352.9599914550781,350.3999938964844,351.4599914550781,4654700
2023-12-20,332.0458984375,348.6600036621094,354.7699890136719,348.30999755859375,351.0,3259500
2023-12-21,332.34112548828125,348.9700012207031,352.25,347.0,351.8699951171875,2794200
2023-12-22,331.979248046875,348.5899963378906,351.3399963378906,346.69000244140625,349.0400085449219,2029900
2023-12-26,332.6649475097656,349.30999755859375,350.0899963378906,348.1600036621094,348.42999267578125,1585500
2023-12-27,331.92218017578125,348.5299987792969,350.0,347.17999267578125,349.9100036621094,2764300
2023-12-28,330.80780029296875,347.3599853515625,349.0400085449219,345.79998779296875,348.5,2859400
2023-12-29,330.0364685058594,346.54998779296875,347.54998779296875,343.0199890136719,345.8299865722656,10325700
2024-01-02,328.636474609375,345.0799865722656,347.29998779296875,343.2200012207031,344.2099914550781,2833600
2024-01-03,322.1415100097656,338.260009765625,342.70001220703125,336.5899963378906,342.4800109863281,3309600
2024-01-04,322.4557800292969,338.5899963378906,342.9200134277344,338.5400085449219,339.92999267578125,3652400
2024-01-05,326.5984802246094,342.94000244140625,343.8299865722656,337.82000732421875,337.8699951171875,2664300
2024-01-08,331.3506774902344,347.92999267578125,348.4599914550781,343.25,343.42999267578125,2736200
2024-01-09,329.693603515625,346.19000244140625,349.1099853515625,345.25,345.80999755859375,2338100
2024-01-10,339.79803466796875,356.79998779296875,356.8599853515625,350.30999755859375,350.6199951171875,4109300
2024-01-11,339.5408935546875,356.5299987792969,361.0,353.260009765625,357.0899963378906,3530400
2024-01-12,338.7599792480469,355.7099914550781,358.5299987792969,353.42999267578125,358.5299987792969,1956100
2024-01-16,341.350341796875,358.42999267578125,359.6499938964844,356.2099914550781,358.05999755859375,3669400
2024-01-17,338.7505187988281,355.70001220703125,359.760009765625,354.04998779296875,356.6300048828125,2646100
2024-01-18,340.8456115722656,357.8999938964844,358.7099914550781,354.0299987792969,356.1199951171875,2510700
2024-01-19,345.14068603515625,362.4100036621094,362.9599914550781,356.2799987792969,358.80999755859375,3234600
2024-01-22,339.69329833984375,356.69000244140625,361.4599914550781,355.69000244140625,359.3599853515625,4003700
2024-01-23,334.0649108886719,350.7799987792969,355.8800048828125,349.05999755859375,355.8500061035156,3878400
2024-01-24,330.7221374511719,347.2699890136719,352.8699951171875,347.07000732421875,351.94000244140625,3474400
2024-01-25,334.2458190917969,350.9700012207031,352.8800048828125,348.260009765625,352.5899963378906,3064200
2024-01-26,338.3694763183594,355.29998779296875,357.04998779296875,351.0199890136719,351.4700012207031,3177700
2024-01-29,338.7505187988281,355.70001220703125,356.3699951171875,353.010009765625,355.1499938964844,2732000
2024-01-30,340.0837707519531,357.1000061035156,358.92999267578125,354.0400085449219,354.5,2336500
2024-01-31,336.1410217285156,352.9599914550781,358.9800109863281,352.3500061035156,357.9200134277344,3377900
2024-02-01,342.9122009277344,360.07000732421875,360.1400146484375,352.32000732421875,353.3999938964844,2439100
2024-02-02,340.2075500488281,357.2300109863281,359.54998779296875,350.0199890136719,354.17999267578125,3697600
2024-02-05,338.2171630859375,355.1400146484375,356.07000732421875,350.760009765625,353.6600036621094,2653800
2024-02-06,339.2742614746094,356.25,358.0,354.29998779296875,354.8500061035156,2045300
2024-02-07,345.4073791503906,362.69000244140625,363.7300109863281,357.7200012207031,358.4800109863281,3272200
2024-02-08,346.3882751464844,363.7200012207031,365.6499938964844,361.6499938964844,362.8599853515625,2521900
2024-02-09,345.845458984375,363.1499938964844,364.42999267578125,360.79998779296875,364.1300048828125,2389900
2024-02-12,348.035888671875,365.45001220703125,368.7200012207031,364.04998779296875,364.2200012207031,3119700
2024-02-13,340.5504150390625,357.5899963378906,359.42999267578125,353.8800048828125,358.4700012207031,3106500
2024-02-14,341.159912109375,358.2300109863281,358.9800109863281,353.9800109863281,357.1700134277344,2998900
2024-02-15,343.87408447265625,361.0799865722656,361.6400146484375,356.8500061035156,358.8999938964844,2662800
2024-02-16,345.08355712890625,362.3500061035156,363.989990234375,359.1499938964844,360.67999267578125,3899600
2024-02-20,345.2930603027344,362.57000732421875,365.25,354.55999755859375,355.30999755859375,4830000
2024-02-21,346.77874755859375,364.1300048828125,365.1099853515625,358.95001220703125,360.5899963378906,3277800
2024-02-22,353.6451721191406,371.3399963378906,372.9599914550781,367.1499938964844,367.44000244140625,3387500
2024-02-23,354.23565673828125,371.9599914550781,374.25,370.25,372.0799865722656,3398200
2024-02-26,353.892822265625,371.6000061035156,374.8800048828125,370.7200012207031,373.510009765625,2461000
2024-02-27,357.6641540527344,375.55999755859375,375.79998779296875,370.6099853515625,372.6600036621094,2802900
2024-02-28,359.6163635253906,377.6099853515625,379.8399963378906,375.05999755859375,375.55999755859375,2282500
2024-02-29,362.4734191894531,380.6099853515625,381.7799987792969,378.1499938964844,378.7900085449219,4382800
2024-03-01,366.1305236816406,384.45001220703125,385.1000061035156,379.8299865722656,380.3599853515625,2750900
2024-03-04,362.2449035644531,380.3699951171875,384.5299987792969,380.1099853515625,382.8999938964844,2619000
2024-03-05,360.4163818359375,378.45001220703125,380.9800109863281,377.0199890136719,380.1000061035156,3011600
2024-03-06,361.6044006347656,377.44000244140625,379.82000732421875,375.8900146484375,378.5299987792969,2496300
2024-03-07,360.751708984375,376.54998779296875,380.29998779296875,375.5799865722656,377.8699951171875,2368500
2024-03-08,357.68597412109375,373.3500061035156,376.6199951171875,372.1000061035156,375.0,2162900
2024-03-11,355.9327392578125,371.5199890136719,372.9800109863281,368.8699951171875,371.55999755859375,2833700
2024-03-12,358.8260498046875,374.5400085449219,375.8999938964844,372.4100036621094,372.510009765625,2843800
2024-03-13,363.08929443359375,378.989990234375,382.7099914550781,375.7799987792969,376.0299987792969,3761200
2024-03-14,359.525390625,375.2699890136719,380.20001220703125,372.1700134277344,378.0,3877500
2024-03-15,357.5710144042969,373.2300109863281,378.4200134277344,372.5400085449219,374.1199951171875,9234900
2024-03-18,356.30645751953125,371.9100036621094,377.6000061035156,371.1400146484375,376.489990234375,3455600
2024-03-19,363.4917297363281,379.4100036621094,379.4599914550781,373.1300048828125,374.8900146484375,3493800
2024-03-20,368.281982421875,384.4100036621094,384.8800048828125,376.2300109863281,379.4200134277344,2750400
2024-03-21,378.6192626953125,395.20001220703125,396.8699951171875,388.2900085449219,388.4100036621094,4212200
2024-03-22,373.9056396484375,390.2799987792969,396.4200134277344,390.0899963378906,394.69000244140625,2910900
2024-03-25,367.419677734375,383.510009765625,389.8599853515625,382.8900146484375,389.1000061035156,2683900
2024-03-26,363.9898376464844,379.92999267578125,384.260009765625,379.3999938964844,382.4100036621094,2720200
2024-03-27,369.6998596191406,385.8900146484375,386.32000732421875,380.739990234375,380.8500061035156,2536500
2024-03-28,367.50592041015625,383.6000061035156,387.6099853515625,379.7200012207031,387.1300048828125,4108200
2024-04-01,352.58917236328125,368.0299987792969,383.1400146484375,367.8399963378906,381.4700012207031,4333200
2024-04-02,347.7701721191406,363.0,366.8599853515625,362.9599914550781,364.5,4650500
2024-04-03,344.8002624511719,359.8999938964844,362.3999938964844,359.0,362.0,4723000
2024-04-04,342.6733703613281,357.67999267578125,365.0,356.9100036621094,362.6099853515625,4381600
2024-04-05,342.85546875,357.8699951171875,359.3299865722656,356.0199890136719,357.67999267578125,3243400
2024-04-08,346.8600769042969,362.04998779296875,362.57000732421875,357.260009765625,358.07000732421875,4339600
2024-04-09,346.2565002441406,361.4200134277344,364.45001220703125,358.7300109863281,363.6300048828125,3022600
2024-04-10,335.85211181640625,350.55999755859375,353.989990234375,348.75,351.8699951171875,4805200
2024-04-11,332.79595947265625,347.3699951171875,351.9100036621094,345.7900085449219,351.0400085449219,4104700
2024-04-12,328.4847412109375,342.8699951171875,346.1199951171875,341.510009765625,346.1199951171875,3550300
2024-04-15,323.75201416015625,337.92999267578125,346.0799865722656,337.19000244140625,345.9200134277344,4209200
2024-04-16,320.7820739746094,334.8299865722656,338.1099853515625,332.9599914550781,336.82000732421875,4525500
2024-04-17,318.8659973144531,332.8299865722656,337.25,331.94000244140625,336.7799987792969,4273800
2024-04-18,318.92352294921875,332.8900146484375,336.95001220703125,331.3299865722656,335.6499938964844,3717300
2024-04-19,321.28985595703125,335.3599853515625,335.8699951171875,332.5799865722656,334.7099914550781,3076600
2024-04-22,322.00836181640625,336.1099853515625,339.45001220703125,333.7099914550781,338.2200012207031,3112800
2024-04-23,324.7771301269531,339.0,340.19000244140625,336.2900085449219,338.0,3697400
2024-04-24,319.0384521484375,333.010009765625,337.54998779296875,331.82000732421875,337.07000732421875,4029200
2024-04-25,318.0516662597656,331.9800109863281,332.9100036621094,326.8999938964844,329.7200012207031,3787800
2024-04-26,321.0311584472656,335.0899963378906,335.8299865722656,330.989990234375,331.0,2465300
2024-04-29,322.66943359375,336.79998779296875,337.3399963378906,334.1499938964844,335.0,2427400
2024-04-30,320.19769287109375,334.2200012207031,337.44000244140625,332.8599853515625,335.7200012207031,3089900
2024-05-01,318.04205322265625,331.9700012207031,335.3900146484375,329.42999267578125,333.010009765625,3267500
2024-05-02,321.45269775390625,335.5299987792969,336.0,330.9800109863281,335.5,3213600
2024-05-03,328.46563720703125,342.8500061035156,346.8800048828125,340.3699951171875,341.2799987792969,4165100
2024-05-06,327.9290771484375,342.2900085449219,346.3800048828125,340.44000244140625,346.0,3366100
2024-05-07,326.3962097167969,340.69000244140625,345.5400085449219,340.3800048828125,343.6000061035156,2930700
2024-05-08,324.6142578125,338.8299865722656,340.44000244140625,337.6300048828125,338.7799987792969,3123200
2024-05-09,332.8630065917969,347.44000244140625,348.010009765625,338.8800048828125,339.25,3801400
2024-05-10,331.8953857421875,346.42999267578125,349.80999755859375,344.70001220703125,347.4599914550781,3413700
2024-05-13,326.6548767089844,340.9599914550781,348.7900085449219,340.3999938964844,348.05999755859375,4055600
2024-05-14,326.2142028808594,340.5,344.25,333.0,335.04998779296875,5854300
2024-05-15,334.04144287109375,348.6700134277344,350.44000244140625,344.69000244140625,345.17999267578125,4151100
2024-05-16,328.3506774902344,342.7300109863281,348.25,342.6700134277344,348.0,3101600
2024-05-17,329.7685546875,344.2099914550781,344.92999267578125,340.5899963378906,344.760009765625,2739000
2024-05-20,323.6466369628906,337.82000732421875,342.54998779296875,337.5400085449219,341.1300048828125,3237400
2024-05-21,322.0466613769531,336.1499938964844,339.0,332.3299865722656,339.0,4275100
2024-05-22,316.719970703125,330.5899963378906,335.25,328.92999267578125,334.6600036621094,4024400
2024-05-23,313.1752014160156,326.8900146484375,331.0,326.0,330.9800109863281,4021100
2024-05-24,311.4603271484375,325.1000061035156,327.5400085449219,324.4200134277344,326.3900146484375,2736900
2024-05-28,314.9093017578125,328.70001220703125,330.989990234375,324.4800109863281,325.3900146484375,3807500
2024-05-29,312.236328125,325.9100036621094,326.7900085449219,323.7699890136719,326.5299987792969,3506200
2024-05-30,317.5614929199219,329.17999267578125,330.2200012207031,325.7099914550781,326.260009765625,2921800
2024-05-31,323.0506896972656,334.8699951171875,335.1700134277344,328.010009765625,330.04998779296875,5557800
2024-06-03,316.43280029296875,328.010009765625,333.6499938964844,326.8399963378906,333.6499938964844,3712800
2024-06-04,316.6739501953125,328.260009765625,329.7900085449219,325.1000061035156,326.8699951171875,4296800
2024-06-05,318.6033630371094,330.260009765625,330.4599914550781,325.9200134277344,328.5,2422400
2024-06-06,319.41375732421875,331.1000061035156,331.8399963378906,328.05999755859375,329.79998779296875,2979400
2024-06-07,315.4873962402344,327.0299987792969,328.82000732421875,323.92999267578125,325.7300109863281,2583800
2024-06-10,320.8221740722656,332.55999755859375,332.79998779296875,326.5,327.0,2691000
2024-06-11,323.87066650390625,335.7200012207031,336.30999755859375,330.32000732421875,333.0,3250900
2024-06-12,331.9935302734375,344.1400146484375,350.489990234375,343.05999755859375,347.0299987792969,4793000
2024-06-13,335.6014709472656,347.8800048828125,348.69000244140625,343.07000732421875,345.8999938964844,3380800
2024-06-14,334.59820556640625,346.8399963378906,347.5,341.69000244140625,344.80999755859375,2589000
2024-06-17,337.1643371582031,349.5,350.69000244140625,344.3999938964844,344.8900146484375,2680200
2024-06-18,341.3800354003906,353.8699951171875,356.4100036621094,352.1099853515625,352.95001220703125,3655000
2024-06-20,340.9652099609375,353.44000244140625,354.9200134277344,349.5899963378906,352.0,3661200
2024-06-21,343.241943359375,355.79998779296875,356.25,352.04998779296875,354.8399963378906,6596400
2024-06-24,338.49560546875,350.8800048828125,357.69000244140625,350.7200012207031,356.8999938964844,4278900
2024-06-25,326.37890625,338.32000732421875,346.989990234375,334.5299987792969,346.30999755859375,4879600
2024-06-26,329.7554016113281,341.82000732421875,342.5899963378906,337.5299987792969,339.4599914550781,3365300
2024-06-27,329.4369812011719,341.489990234375,344.760009765625,338.45001220703125,342.8299865722656,2912600
2024-06-28,332.0899353027344,344.239990234375,345.2799987792969,340.7099914550781,341.3500061035156,6344000
2024-07-01,324.3240661621094,336.19000244140625,344.6499938964844,335.3900146484375,343.9200134277344,2643600
2024-07-02,323.14715576171875,334.9700012207031,336.8299865722656,332.5299987792969,335.0,2995900
2024-07-03,321.86407470703125,333.6400146484375,339.6400146484375,333.5400085449219,337.0,1733000
2024-07-05,322.7709045410156,334.5799865722656,335.9200134277344,331.6400146484375,332.7099914550781,3437500
2024-07-08,327.6137390136719,339.6000061035156,340.760009765625,335.0,335.8800048828125,3534500
2024-07-09,325.1923522949219,337.0899963378906,339.260009765625,335.57000732421875,338.95001220703125,2254300
2024-07-10,332.03204345703125,344.17999267578125,344.2900085449219,337.6199951171875,338.6400146484375,3263100
2024-07-11,341.30291748046875,353.7900085449219,354.1300048828125,345.0,350.7799987792969,4146900
2024-07-12,347.0718078613281,359.7699890136719,363.95001220703125,354.0899963378906,355.0,4019900
2024-07-15,345.80804443359375,358.4599914550781,361.17999267578125,355.0299987792969,359.1400146484375,2884000
2024-07-16,356.0917663574219,369.1199951171875,369.4200134277344,359.5,360.05999755859375,3210400
2024-07-17,358.7640380859375,371.8900146484375,375.19000244140625,365.4200134277344,366.6400146484375,3991100
2024-07-18,353.1590881347656,366.0799865722656,375.739990234375,365.7799987792969,369.8999938964844,2395000
2024-07-19,350.5350646972656,363.3599853515625,367.6000061035156,361.95001220703125,366.42999267578125,2474500
2024-07-22,350.4289855957031,363.25,367.2799987792969,361.0799865722656,364.5,4049300
2024-07-23,346.9271240234375,359.6199951171875,365.42999267578125,359.3800048828125,365.42999267578125,2535700
2024-07-24,337.9457092285156,350.30999755859375,361.45001220703125,350.0,358.92999267578125,3508100
2024-07-25,340.8205261230469,353.2900085449219,358.8299865722656,349.3299865722656,350.20001220703125,3297600
2024-07-26,346.8210144042969,359.510009765625,361.6700134277344,355.010009765625,355.010009765625,2439000
2024-07-29,348.9047546386719,361.6700134277344,362.8900146484375,358.95001220703125,359.2099914550781,2142100
2024-07-30,350.85345458984375,363.69000244140625,364.69000244140625,359.260009765625,362.82000732421875,2788800
2024-07-31,355.1656799316406,368.1600036621094,372.489990234375,363.0400085449219,365.0,3526100
2024-08-01,345.9237976074219,358.5799865722656,371.4800109863281,353.75,369.989990234375,3759000
2024-08-02,342.8849792480469,355.42999267578125,355.57000732421875,346.739990234375,354.92999267578125,3764600
2024-08-05,337.6562805175781,350.010009765625,353.94000244140625,345.239990234375,350.8800048828125,3827900
2024-08-06,341.4186096191406,353.9100036621094,358.6600036621094,347.2799987792969,348.75,2831100
2024-08-07,330.3148498535156,342.3999938964844,356.2699890136719,342.2799987792969,355.17999267578125,3429100
2024-08-08,336.0452575683594,348.3399963378906,348.739990234375,341.3399963378906,342.239990234375,3591100
2024-08-09,336.334716796875,348.6400146484375,351.5299987792969,345.3999938964844,347.8900146484375,2314800
2024-08-12,333.60455322265625,345.80999755859375,351.5,342.1300048828125,350.7699890136719,3830200
2024-08-13,337.7142028808594,350.07000732421875,353.3900146484375,339.3699951171875,341.8699951171875,6388600
2024-08-14,343.10687255859375,355.6600036621094,359.69000244140625,349.3999938964844,349.54998779296875,4814800
2024-08-15,347.36126708984375,360.07000732421875,365.4100036621094,358.1400146484375,362.4599914550781,3575800
2024-08-16,349.281005859375,362.05999755859375,363.70001220703125,359.9700012207031,359.9700012207031,3308300
2024-08-19,350.25531005859375,363.07000732421875,364.69000244140625,362.1000061035156,362.5,3634900
2024-08-20,354.3070983886719,367.2699890136719,367.6400146484375,360.5,360.6499938964844,3459400
2024-08-21,357.3844909667969,370.4599914550781,372.8699951171875,368.5199890136719,369.45001220703125,4587600
2024-08-22,352.4645080566406,365.3599853515625,372.4599914550781,364.6099853515625,371.5,4097300
2024-08-23,362.33343505859375,375.5899963378906,376.32000732421875,365.19000244140625,366.6600036621094,3426200
2024-08-26,360.9056701660156,374.1099853515625,378.5799865722656,373.3699951171875,377.0799865722656,2452100
2024-08-27,360.0085144042969,373.17999267578125,374.2799987792969,371.0,373.489990234375,1780300
2024-08-28,359.5357971191406,372.69000244140625,375.4100036621094,370.20001220703125,373.0,2218300
2024-08-29,356.25531005859375,367.05999755859375,373.32000732421875,366.92999267578125,372.6099853515625,2698400
2024-08-30,357.6528625488281,368.5,370.4100036621094,364.8800048828125,369.239990234375,3216700
2024-09-03,354.00360107421875,364.739990234375,369.3800048828125,362.8999938964844,367.8999938964844,3598100
2024-09-04,353.9356384277344,364.6700134277344,365.92999267578125,360.010009765625,364.1700134277344,3221300
2024-09-05,351.19866943359375,361.8500061035156,365.1499938964844,357.5799865722656,364.8999938964844,2789200
2024-09-06,349.4516296386719,360.04998779296875,365.44000244140625,359.4200134277344,362.9200134277344,2228800
2024-09-09,354.7605895996094,365.5199890136719,366.1600036621094,360.0299987792969,362.760009765625,2747600
2024-09-10,359.9530944824219,370.8699951171875,371.55999755859375,362.4800109863281,365.70001220703125,2787400
2024-09-11,359.5843505859375,370.489990234375,371.2099914550781,362.1400146484375,369.54998779296875,2937700
2024-09-12,363.4083557128906,374.42999267578125,374.989990234375,370.55999755859375,371.94000244140625,2367700
2024-09-13,368.8046875,379.989990234375,382.0,375.510009765625,375.55999755859375,2514700
2024-09-16,370.7652282714844,382.010009765625,384.0,379.5299987792969,382.0,2877800
2024-09-17,371.9590148925781,383.239990234375,387.94000244140625,381.67999267578125,383.42999267578125,2947600
2024-09-18,372.7063293457031,384.010009765625,392.6700134277344,381.07000732421875,384.0899963378906,3549400
2024-09-19,378.8500061035156,390.3399963378906,391.8699951171875,387.010009765625,390.8399963378906,3753500
2024-09-20,378.3841552734375,389.8599853515625,391.8299865722656,387.0,388.3299865722656,6584200
2024-09-23,380.4223327636719,391.9599914550781,392.6499938964844,387.260009765625,390.8299865722656,2502300
2024-09-24,388.86627197265625,400.6600036621094,401.1099853515625,393.6300048828125,394.70001220703125,4057700
2024-09-25,385.24603271484375,396.92999267578125,400.6600036621094,395.6199951171875,400.6600036621094,2787300
2024-09-26,385.0228271484375,396.70001220703125,400.0,395.489990234375,399.5,2849500
2024-09-27,387.76953125,399.5299987792969,403.5400085449219,398.30999755859375,399.6499938964844,2452300
2024-09-30,393.2726135253906,405.20001220703125,405.30999755859375,399.0199890136719,400.20001220703125,3442000
2024-10-01,397.00927734375,409.04998779296875,410.55999755859375,401.4100036621094,404.0199890136719,3476200
2024-10-02,399.15423583984375,411.260009765625,411.4599914550781,404.9599914550781,407.70001220703125,3431300
2024-10-03,399.4648132324219,411.5799865722656,412.9700012207031,406.79998779296875,409.0,3320700
2024-10-04,396.3395690917969,408.3599853515625,411.82000732421875,399.45001220703125,410.07000732421875,3989000
2024-10-07,396.0484313964844,408.05999755859375,409.80999755859375,401.239990234375,404.8900146484375,3267800
2024-10-08,401.98828125,414.17999267578125,415.2900085449219,408.44000244140625,409.79998779296875,3693900
2024-10-09,403.8226318359375,416.07000732421875,420.0299987792969,410.75,420.0,3627800
2024-10-10,397.8924865722656,409.9599914550781,414.4800109863281,407.6300048828125,409.7200012207031,3040800
2024-10-11,399.775390625,411.8999938964844,413.1400146484375,408.8399963378906,410.55999755859375,2717400
2024-10-14,403.1917724609375,415.4200134277344,416.4200134277344,411.29998779296875,411.4800109863281,2088700
2024-10-15,403.3470458984375,415.5799865722656,421.55999755859375,415.0199890136719,417.95001220703125,3693000
2024-10-16,406.287841796875,418.6099853515625,418.739990234375,413.8699951171875,413.8699951171875,2429000
2024-10-17,403.3664855957031,415.6000061035156,419.0,414.55999755859375,418.6099853515625,2013800
2024-10-18,402.7841491699219,415.0,416.6600036621094,413.239990234375,416.6499938964844,2436600
2024-10-21,394.437255859375,406.3999938964844,416.55999755859375,404.3699951171875,416.07000732421875,3699500
2024-10-22,390.0212097167969,401.8500061035156,402.95001220703125,396.2099914550781,398.5,4486700
2024-10-23,387.87628173828125,399.6400146484375,404.2799987792969,396.69000244140625,400.55999755859375,3159000
2024-10-24,390.8267822265625,402.67999267578125,404.20001220703125,398.0899963378906,402.2900085449219,2550300
2024-10-25,387.1677551269531,398.9100036621094,403.5199890136719,397.8299865722656,403.5199890136719,1941400
2024-10-28,391.0306091308594,402.8900146484375,405.8399963378906,401.95001220703125,403.45001220703125,2586500
2024-10-29,383.4407958984375,395.07000732421875,399.1099853515625,389.04998779296875,393.94000244140625,3822700
2024-10-30,380.96588134765625,392.5199890136719,397.69000244140625,391.94000244140625,395.0,2795600
2024-10-31,382.15966796875,393.75,395.6700134277344,390.5,390.5,2518600
2024-11-01,381.0337829589844,392.5899963378906,398.7099914550781,392.010009765625,394.79998779296875,3277800
2024-11-04,383.92608642578125,395.57000732421875,400.4800109863281,391.07000732421875,391.95001220703125,2690500
2024-11-05,388.3130187988281,400.0899963378906,400.2300109863281,393.8599853515625,394.9700012207031,2496500
2024-11-06,376.9380187988281,388.3699951171875,394.0400085449219,381.7200012207031,394.0400085449219,7133400
2024-11-07,387.6821594238281,399.44000244140625,399.760009765625,390.79998779296875,391.0,4323100
2024-11-08,393.9519958496094,405.8999938964844,406.3999938964844,402.29998779296875,404.0,3448700
2024-11-11,396.27166748046875,408.2900085449219,411.6000061035156,405.8299865722656,407.7699890136719,4071500
2024-11-12,391.2149963378906,403.0799865722656,416.0199890136719,402.19000244140625,414.25,5647100
2024-11-13,398.1157531738281,410.19000244140625,412.739990234375,406.7200012207031,409.1300048828125,3083100
2024-11-14,393.77728271484375,405.7200012207031,411.5,404.3900146484375,408.0,3348100
2024-11-15,396.16485595703125,408.17999267578125,408.9100036621094,402.8999938964844,402.8999938964844,3239500
2024-11-18,398.35833740234375,410.44000244140625,412.5400085449219,403.95001220703125,405.5,3394300
2024-11-19,394.8255310058594,406.79998779296875,409.1600036621094,399.3599853515625,408.3800048828125,3239400
2024-11-20,388.2256774902344,400.0,406.70001220703125,399.9200134277344,406.0,4732200
2024-11-21,398.3680419921875,410.45001220703125,411.3900146484375,400.3800048828125,401.3299865722656,3722200
2024-11-22,407.636962890625,420.0,420.1400146484375,410.95001220703125,412.0899963378906,4932500
2024-11-25,416.0517883300781,428.6700134277344,430.25,424.4599914550781,425.0,4544200
2024-11-26,416.87677001953125,429.5199890136719,439.3699951171875,424.70001220703125,428.6000061035156,2758600
2024-11-27,416.7986755371094,427.19000244140625,430.1000061035156,425.9599914550781,428.6000061035156,2293500
2024-11-29,418.6914978027344,429.1300048828125,431.0,427.5400085449219,428.55999755859375,2028700
2024-12-02,416.57427978515625,426.9599914550781,430.3999938964844,423.1600036621094,429.0,2617100
2024-12-03,418.9061584472656,429.3500061035156,430.67999267578125,423.32000732421875,429.7300109863281,2714000
2024-12-04,417.51092529296875,427.9200134277344,428.8299865722656,425.5,426.4100036621094,1968800
2024-12-05,416.1645202636719,426.5400085449219,429.760009765625,425.8800048828125,426.6000061035156,2523500
2024-12-06,420.8769836425781,431.3699951171875,435.75,427.010009765625,428.70001220703125,3161400
2024-12-09,418.74029541015625,429.17999267578125,436.3599853515625,428.0299987792969,432.3500061035156,3426000
2024-12-10,412.310546875,422.5899963378906,427.30999755859375,421.4100036621094,426.8999938964844,3354900
2024-12-11,411.1300048828125,421.3800048828125,428.0,421.260009765625,425.2300109863281,4211200
2024-12-12,404.3393249511719,414.4200134277344,422.75,413.17999267578125,421.42999267578125,3673600
2024-12-13,406.8370666503906,416.9800109863281,418.1400146484375,414.17999267578125,415.7699890136719,2649500
2024-12-16,400.71954345703125,410.7099914550781,418.4800109863281,410.69000244140625,417.8500061035156,2879600
2024-12-17,398.5340576171875,408.4700012207031,410.3999938964844,406.2300109863281,410.0,3726500
2024-12-18,384.24041748046875,393.82000732421875,410.7099914550781,393.3800048828125,407.0,4225500
2024-12-19,375.6544494628906,385.0199890136719,395.1400146484375,384.8900146484375,394.739990234375,4576100
2024-12-20,383.0500793457031,392.6000061035156,393.2900085449219,383.04998779296875,383.3699951171875,8046400
2024-12-23,382.90374755859375,392.45001220703125,393.239990234375,387.0299987792969,391.1000061035156,2433800
2024-12-24,386.50396728515625,396.1400146484375,396.1400146484375,390.5,392.1300048828125,1392600
2024-12-26,385.5283203125,395.1400146484375,395.7799987792969,391.6199951171875,392.5199890136719,1319500
2024-12-27,383.3037109375,392.8599853515625,395.4700012207031,391.3699951171875,392.1400146484375,1942700
2024-12-30,379.9571533203125,389.42999267578125,391.2099914550781,385.67999267578125,390.5299987792969,2444700
2024-12-31,379.5278625488281,388.989990234375,391.4599914550781,387.29998779296875,390.010009765625,2179700
2025-01-02,379.01080322265625,388.4599914550781,392.6700134277344,386.3800048828125,392.1300048828125,2415700
2025-01-03,379.7132873535156,389.17999267578125,391.010009765625,385.80999755859375,389.82000732421875,2231600
2025-01-06,379.898681640625,389.3699951171875,393.989990234375,388.0299987792969,390.5,3274500
2025-01-07,374.8836975097656,384.2300109863281,391.8999938964844,383.1000061035156,390.8999938964844,2274300
2025-01-08,377.78143310546875,387.20001220703125,387.69000244140625,380.1000061035156,383.0,2848500
2025-01-10,380.406005859375,389.8900146484375,392.9100036621094,384.6199951171875,388.9100036621094,5323400
2025-01-13,379.7132873535156,389.17999267578125,395.8599853515625,387.70001220703125,389.989990234375,3512900
2025-01-14,383.2257080078125,392.7799987792969,394.20001220703125,389.6300048828125,390.5899963378906,3405200
2025-01-15,396.2119445800781,406.0899963378906,408.0,401.760009765625,406.6499938964844,4584800
2025-01-16,399.37310791015625,409.3299865722656,410.1099853515625,403.9200134277344,406.2699890136719,2305900
2025-01-17,399.42193603515625,409.3800048828125,414.45001220703125,408.5299987792969,413.489990234375,3229000
2025-01-21,408.25177001953125,418.42999267578125,420.2200012207031,413.0,413.0,3568100
2025-01-22,400.1244201660156,410.1000061035156,417.54998779296875,409.3299865722656,417.54998779296875,3581400
2025-01-23,404.31005859375,414.3900146484375,414.69000244140625,408.75,411.57000732421875,3840300
2025-01-24,404.4173278808594,414.5,415.010009765625,410.760009765625,414.0899963378906,2369800
2025-01-27,414.5351257324219,424.8699951171875,426.19000244140625,414.0,414.8999938964844,3699200
2025-01-28,408.64202880859375,418.8299865722656,423.239990234375,416.70001220703125,423.239990234375,2818300
2025-01-29,403.3636779785156,413.4200134277344,421.3699951171875,411.7900085449219,420.2200012207031,2384900
2025-01-30,404.4173278808594,414.5,417.32000732421875,411.5199890136719,416.4100036621094,3081300
2025-01-31,401.9586486816406,411.9800109863281,416.3800048828125,410.32000732421875,413.1700134277344,2761000
2025-02-03,398.81695556640625,408.760009765625,411.8999938964844,401.010009765625,406.1199951171875,2896200
2025-02-04,401.4805908203125,411.489990234375,412.5799865722656,406.0899963378906,409.510009765625,2150800
2025-02-05,403.75390625,413.82000732421875,415.1499938964844,408.1400146484375,415.1499938964844,2212100
2025-02-06,404.0856628417969,414.1600036621094,417.7900085449219,413.0,414.9100036621094,2023700
2025-02-07,397.4607849121094,407.3699951171875,414.2900085449219,406.5,413.20001220703125,2530200
2025-02-10,403.91973876953125,413.989990234375,414.95001220703125,408.7900085449219,410.6400146484375,2617600
2025-02-11,406.2320861816406,416.3599853515625,416.57000732421875,412.739990234375,414.0,1441800
2025-02-12,397.23638916015625,407.1400146484375,409.6499938964844,402.1199951171875,408.5799865722656,3387000
2025-02-13,402.397705078125,412.42999267578125,412.9800109863281,407.489990234375,408.7099914550781,3067900
2025-02-14,399.5389709472656,409.5,418.0,408.55999755859375,415.0,3004400
2025-02-18,393.4995422363281,403.30999755859375,408.8699951171875,400.2200012207031,408.30999755859375,3994000
2025-02-19,385.81121826171875,395.42999267578125,398.6400146484375,392.94000244140625,397.2200012207031,3780000
2025-02-20,385.04046630859375,394.6400146484375,394.760009765625,391.1000061035156,393.0,2703500
2025-02-21,375.9276428222656,385.29998779296875,397.82000732421875,383.8999938964844,396.3999938964844,5287000
2025-02-24,373.1177062988281,382.4200134277344,386.54998779296875,378.20001220703125,386.0899963378906,5722000
2025-02-25,383.7232971191406,393.2900085449219,401.010009765625,384.19000244140625,385.0,6823900
2025-02-26,380.98162841796875,390.4800109863281,398.8699951171875,388.55999755859375,395.239990234375,3871500
2025-02-27,380.7767333984375,390.2699890136719,395.4700012207031,388.3299865722656,389.9100036621094,2825100
2025-02-28,386.9527893066406,396.6000061035156,396.8699951171875,390.2799987792969,394.4200134277344,4263500
2025-03-03,380.21087646484375,389.69000244140625,397.07000732421875,386.4700012207031,396.95001220703125,3397600
2025-03-04,372.39569091796875,381.67999267578125,387.9599914550781,378.8999938964844,386.1499938964844,4384800
2025-03-05,376.9521179199219,386.3500061035156,387.1199951171875,378.010009765625,379.0,2780300
2025-03-06,372.44451904296875,381.7300109863281,387.760009765625,380.7300109863281,383.5,4222000
2025-03-07,367.6343994140625,376.79998779296875,380.6499938964844,368.8999938964844,379.5,4573900
2025-03-10,365.5367431640625,374.6499938964844,383.1199951171875,372.6099853515625,377.44000244140625,3710500
2025-03-11,359.20458984375,368.1600036621094,374.92999267578125,365.7300109863281,374.2200012207031,4013300
2025-03-12,355.8580017089844,364.7300109863281,372.0,361.75,371.9700012207031,3368000
2025-03-13,340.95330810546875,347.25,362.0,345.260009765625,361.9100036621094,7062400
2025-03-14,344.9396667480469,351.30999755859375,351.3900146484375,345.4200134277344,350.6499938964844,5510700
2025-03-17,347.7085266113281,354.1300048828125,355.54998779296875,350.9599914550781,351.760009765625,3681300
2025-03-18,343.2312316894531,349.57000732421875,353.8900146484375,347.5899963378906,353.5299987792969,3008200
2025-03-19,347.01141357421875,353.4200134277344,354.42999267578125,348.989990234375,352.0,2990200
2025-03-20,349.07330322265625,355.5199890136719,361.7699890136719,352.20001220703125,354.69000244140625,3391200
2025-03-21,344.7825622558594,351.1499938964844,353.3900146484375,346.2799987792969,352.0899963378906,8205400
2025-03-24,357.1737060546875,363.7699890136719,364.42999267578125,354.2799987792969,354.6199951171875,4023200
2025-03-25,354.4441223144531,360.989990234375,363.6499938964844,358.5400085449219,361.5299987792969,2799500
2025-03-26,355.5634460449219,362.1300048828125,364.7300109863281,360.1199951171875,360.3900146484375,3140900
2025-03-27,356.152587890625,362.7300109863281,365.2099914550781,361.1499938964844,361.8999938964844,3036600
2025-03-28,351.6556091308594,358.1499938964844,363.20001220703125,356.1700134277344,363.1600036621094,2980200
2025-03-31,359.8443908691406,366.489990234375,368.739990234375,352.6499938964844,353.5,4498800
2025-04-01,358.8919677734375,365.5199890136719,367.2900085449219,361.9200134277344,364.1400146484375,2801600
2025-04-02,364.16461181640625,370.8900146484375,372.30999755859375,362.260009765625,362.55999755859375,3189500
2025-04-03,349.4562683105469,355.9100036621094,360.0400085449219,351.7099914550781,355.7799987792969,5407100
2025-04-04,347.482666015625,353.8999938964844,365.44000244140625,349.0400085449219,350.7099914550781,7531100
2025-04-07,335.3173828125,341.510009765625,354.2200012207031,333.5,344.29998779296875,6950500
2025-04-08,329.16107177734375,335.239990234375,354.0,329.739990234375,350.3800048828125,4868000
2025-04-09,348.9457092285156,355.3900146484375,356.0400085449219,326.30999755859375,328.6000061035156,6793000
2025-04-10,347.207763671875,353.6199951171875,355.2900085449219,339.6600036621094,352.8500061035156,5574800
2025-04-11,347.44342041015625,353.8599853515625,354.4700012207031,344.20001220703125,350.30999755859375,3576400
2025-04-14,350.72283935546875,357.20001220703125,359.0199890136719,353.6000061035156,357.79998779296875,2841800
2025-04-15,347.6888732910156,354.1099853515625,361.44000244140625,353.32000732421875,356.55999755859375,2883100
2025-04-16,339.71612548828125,345.989990234375,353.79998779296875,344.32000732421875,351.8399963378906,2637200
2025-04-17,348.62164306640625,355.05999755859375,357.5,348.3699951171875,348.54998779296875,3232400
2025-04-21,340.609619140625,346.8999938964844,354.3599853515625,341.79998779296875,354.2900085449219,4015200
2025-04-22,348.0030822753906,354.42999267578125,356.2200012207031,350.4200134277344,351.1600036621094,2802400
2025-04-23,349.9570007324219,356.4200134277344,364.8399963378906,354.8500061035156,361.9200134277344,3283300
2025-04-24,353.11859130859375,359.6400146484375,360.3999938964844,354.6099853515625,356.5,2749500
2025-04-25,351.095947265625,357.5799865722656,359.0,354.739990234375,357.70001220703125,2811300
2025-04-28,350.44793701171875,356.9200134277344,360.1000061035156,354.510009765625,357.989990234375,2413000
2025-04-29,352.490234375,359.0,360.5799865722656,354.7300109863281,355.8900146484375,2836900
2025-04-30,353.95318603515625,360.489990234375,361.2699890136719,352.3800048828125,356.5,3741500
2025-05-01,351.8028869628906,358.29998779296875,362.8800048828125,357.7200012207031,360.30999755859375,3210100
2025-05-02,357.91009521484375,364.5199890136719,366.2300109863281,361.1600036621094,362.0799865722656,2283300
2025-05-05,355.17071533203125,361.7300109863281,364.260009765625,359.7300109863281,362.1300048828125,2563500
2025-05-06,352.8633117675781,359.3800048828125,362.2699890136719,357.1300048828125,358.67999267578125,2299700
2025-05-07,356.17218017578125,362.75,363.7799987792969,359.760009765625,360.4800109863281,2657200
2025-05-08,358.2439270019531,364.8599853515625,369.30999755859375,362.260009765625,364.010009765625,3035800
2025-05-09,356.1329650878906,362.7099914550781,365.57000732421875,361.5,362.1300048828125,1970700
2025-05-12,369.76123046875,376.5899963378906,378.7200012207031,373.4800109863281,375.0,3831400
2025-05-13,366.8254699707031,373.6000061035156,381.0,372.95001220703125,381.0,2726800
2025-05-14,366.0498046875,372.80999755859375,375.7900085449219,370.8299865722656,371.8999938964844,2587400
2025-05-15,371.7642822265625,378.6300048828125,379.3299865722656,371.5199890136719,372.1000061035156,2830500
2025-05-16,373.875244140625,380.7799987792969,381.1700134277344,378.1499938964844,380.2300109863281,3129100
2025-05-19,372.50067138671875,379.3800048828125,381.1600036621094,374.1600036621094,374.19000244140625,4428200
2025-05-20,370.212890625,377.04998779296875,389.75,374.04998779296875,386.3699951171875,6287400
2025-05-21,364.1155090332031,370.8399963378906,378.3299865722656,368.6000061035156,377.9800109863281,3966000
2025-05-22,359.4909362792969,366.1300048828125,369.2300109863281,364.57000732421875,368.0,2957300
2025-05-23,356.1329650878906,362.7099914550781,364.7200012207031,361.1499938964844,362.3800048828125,3115000
2025-05-27,363.6834716796875,370.3999938964844,370.54998779296875,365.1600036621094,365.8900146484375,3998500
2025-05-28,361.38592529296875,368.05999755859375,371.1499938964844,367.42999267578125,368.82000732421875,2986100
2025-05-29,361.61175537109375,368.2900085449219,370.3500061035156,364.05999755859375,370.0,3034800
2025-05-30,361.61175537109375,368.2900085449219,369.6400146484375,365.1199951171875,367.04998779296875,4110400
2025-06-02,361.2877197265625,367.9599914550781,368.0400085449219,361.8399963378906,365.1499938964844,2506900
2025-06-03,366.3149108886719,373.0799865722656,373.5400085449219,367.0,367.9599914550781,3359500
2025-06-04,365.6472473144531,372.3999938964844,375.3699951171875,371.6600036621094,373.0799865722656,2428800
2025-06-05,364.83709716796875,369.2799987792969,371.55999755859375,367.510009765625,370.989990234375,2324100
2025-06-06,362.9105529785156,367.3299865722656,372.6499938964844,365.9700012207031,371.510009765625,2349700
2025-06-09,360.8061828613281,365.20001220703125,367.3500061035156,364.3599853515625,367.32000732421875,2619700
2025-06-10,363.4836120605469,367.9100036621094,368.54998779296875,362.54998779296875,365.94000244140625,3014900
2025-06-11,356.12322998046875,360.4599914550781,369.1400146484375,359.30999755859375,369.1400146484375,3793500
2025-06-12,358.7907409667969,363.1600036621094,365.07000732421875,358.510009765625,360.80999755859375,2921900
2025-06-13,350.39300537109375,354.6600036621094,362.7900085449219,352.79998779296875,360.0,3364400
2025-06-16,349.30621337890625,353.55999755859375,357.1099853515625,351.8999938964844,355.8800048828125,3688600
2025-06-17,344.583740234375,348.7799987792969,354.2900085449219,347.4100036621094,351.94000244140625,4230100
2025-06-18,342.85479736328125,347.0299987792969,350.8999938964844,345.79998779296875,350.0799865722656,4453900
2025-06-20,345.41363525390625,349.6199951171875,351.2099914550781,346.82000732421875,347.489990234375,8056500
2025-06-23,352.6653137207031,356.9599914550781,357.07000732421875,348.5199890136719,349.9700012207031,3862400
2025-06-24,356.0837097167969,360.4200134277344,361.7099914550781,355.7799987792969,356.6700134277344,4089600
2025-06-25,357.50634765625,361.8599853515625,363.6000061035156,358.3399963378906,359.1199951171875,4159600
2025-06-26,359.12664794921875,363.5,365.2300109863281,360.6000061035156,363.2200012207031,3187900
2025-06-27,364.3035888671875,368.739990234375,370.1499938964844,363.0,363.6099853515625,5503700
2025-06-30,362.2288818359375,366.6400146484375,370.95001220703125,364.7200012207031,369.2799987792969,4600700
2025-07-01,368.67041015625,373.1600036621094,379.69000244140625,362.95001220703125,364.3399963378906,5152600
2025-07-02,367.3761901855469,371.8500061035156,373.9700012207031,369.3699951171875,373.6499938964844,3011400
2025-07-03,367.2082214355469,371.67999267578125,373.17999267578125,368.3299865722656,371.80999755859375,2573600
2025-07-07,363.2168273925781,367.6400146484375,372.7900085449219,364.7300109863281,371.0,3433100
2025-07-08,363.0785217285156,367.5,370.3999938964844,365.1099853515625,366.0199890136719,2531700
2025-07-09,366.575927734375,371.0400085449219,371.07000732421875,364.7900085449219,367.510009765625,3384200
2025-07-10,368.8087158203125,373.29998779296875,377.94000244140625,368.510009765625,369.0,3701700
2025-07-11,365.6175842285156,370.07000732421875,371.79998779296875,367.1099853515625,370.3599853515625,3068900
2025-07-14,365.6571044921875,370.1099853515625,371.2900085449219,366.45001220703125,370.4800109863281,2481100
2025-07-15,354.32513427734375,358.6400146484375,370.75,358.5199890136719,369.9800109863281,3868700
2025-07-16,353.1000061035156,357.3999938964844,360.95001220703125,352.4599914550781,359.8599853515625,4259800
2025-07-17,354.7203063964844,359.0400085449219,360.32000732421875,354.6600036621094,356.5400085449219,3128900
2025-07-18,355.07598876953125,359.3999938964844,360.6000061035156,356.9700012207031,359.9800109863281,3361600
2025-07-21,359.66015625,364.0400085449219,365.7799987792969,359.8399963378906,360.7200012207031,3503900
2025-07-22,366.5462951660156,371.010009765625,372.20001220703125,363.7200012207031,364.4800109863281,3095400
2025-07-23,371.822021484375,376.3500061035156,377.8800048828125,371.54998779296875,371.70001220703125,3238000
2025-07-24,368.60125732421875,373.0899963378906,377.8800048828125,372.260009765625,375.4800109863281,3088000
2025-07-25,370.8241882324219,375.3399963378906,375.989990234375,373.04998779296875,374.6600036621094,2221000
2025-07-28,372.69146728515625,377.2300109863281,381.0799865722656,372.9800109863281,373.739990234375,4062800
2025-07-29,372.80010986328125,377.3399963378906,379.7300109863281,374.7699890136719,377.0,2931600
2025-07-30,367.6034240722656,372.0799865722656,378.5299987792969,369.6300048828125,377.67999267578125,3110700
2025-07-31,363.08837890625,367.510009765625,372.80999755859375,366.8399963378906,369.1700134277344,3091600
2025-08-01,369.1644287109375,373.6600036621094,374.79998779296875,365.75,367.82000732421875,3008200
2025-08-04,376.23828125,380.82000732421875,381.8999938964844,373.69000244140625,374.8399963378906,2844300
2025-08-05,380.7730407714844,385.4100036621094,386.94000244140625,380.9599914550781,381.8599853515625,2931400
2025-08-06,382.14630126953125,386.79998779296875,388.92999267578125,384.5199890136719,386.0799865722656,2812800
2025-08-07,381.5238952636719,386.1700134277344,391.45001220703125,383.3599853515625,388.6199951171875,2433000
2025-08-08,383.1837158203125,387.8500061035156,389.2900085449219,386.20001220703125,387.0799865722656,2326700
2025-08-11,382.8675537109375,387.5299987792969,391.5199890136719,383.29998779296875,389.9800109863281,2605800
2025-08-12,391.2356262207031,396.0,396.3800048828125,389.0,391.4200134277344,2911300
2025-08-13,402.2810974121094,407.17999267578125,407.82000732421875,398.75,399.489990234375,5187500
2025-08-14,395.5036315917969,400.32000732421875,403.6099853515625,399.3599853515625,401.20001220703125,3600200
2025-08-15,394.574951171875,399.3800048828125,402.7900085449219,395.42999267578125,402.2099914550781,3841400
2025-08-18,389.9512634277344,394.70001220703125,398.1400146484375,392.510009765625,396.57000732421875,4407100
2025-08-19,402.3009033203125,407.20001220703125,414.3599853515625,401.0199890136719,401.0199890136719,7629300
2025-08-20,396.90655517578125,401.739990234375,411.1700134277344,401.6700134277344,409.67999267578125,4195300
2025-08-21,392.9151916503906,397.70001220703125,404.42999267578125,396.1700134277344,399.9100036621094,2942600
2025-08-22,407.8236083984375,412.7900085449219,414.5,398.30999755859375,400.8699951171875,5284700
2025-08-25,403.98040771484375,408.8999938964844,411.07000732421875,407.54998779296875,410.3599853515625,3579500
2025-08-26,402.6368103027344,407.5400085449219,409.0400085449219,404.7099914550781,408.0,3180900
2025-08-27,403.3283386230469,408.239990234375,411.69000244140625,407.20001220703125,408.7900085449219,2487800
2025-08-28,402.5478820800781,407.45001220703125,408.95001220703125,404.80999755859375,407.0,4051600
2025-08-29,401.87603759765625,406.7699890136719,408.8999938964844,405.3999938964844,407.7300109863281,2210300
2025-09-02,401.42156982421875,406.30999755859375,408.5899963378906,402.75,403.67999267578125,3328600
2025-09-03,402.8047180175781,407.7099914550781,409.0199890136719,403.57000732421875,404.94000244140625,3025100
2025-09-04,409.0444030761719,411.69000244140625,413.2200012207031,407.20001220703125,408.510009765625,3873100
2025-09-05,416.25775146484375,418.95001220703125,420.3999938964844,414.0199890136719,416.5899963378906,5855600
2025-09-08,417.2413635253906,419.94000244140625,420.5799865722656,415.75,418.5,3742600
2025-09-09,412.6709289550781,415.3399963378906,418.7200012207031,412.75,418.1199951171875,3516000
2025-09-10,410.5744934082031,413.2300109863281,417.42999267578125,411.739990234375,415.5199890136719,2897800
2025-09-11,420.69903564453125,423.4200134277344,425.2200012207031,414.25,415.70001220703125,5316400
2025-09-12,419.97369384765625,422.69000244140625,423.510009765625,418.8800048828125,420.2699890136719,5004200
2025-09-15,419.9935607910156,422.7099914550781,423.29998779296875,417.75,422.4700012207031,4884700
2025-09-16,418.7416687011719,421.45001220703125,424.5299987792969,420.0899963378906,423.75,3726700
2025-09-17,414.3202819824219,417.0,426.75,415.80999755859375,424.44000244140625,4771700
2025-09-18,414.79718017578125,417.4800109863281,421.3900146484375,415.8599853515625,417.54998779296875,3677200
2025-09-19,413.0186767578125,415.69000244140625,418.5799865722656,415.1000061035156,417.3699951171875,6718400
2025-09-22,409.3523864746094,412.0,414.8800048828125,411.1300048828125,414.1099853515625,2656300
2025-09-23,408.2694091796875,410.9100036621094,413.7300109863281,407.4599914550781,412.0,2597000
2025-09-24,407.13671875,409.7699890136719,410.6499938964844,405.010009765625,406.7900085449219,3220700
2025-09-25,404.8316650390625,407.45001220703125,410.8599853515625,405.6099853515625,406.6499938964844,2554300
2025-09-26,407.4546813964844,410.0899963378906,411.4100036621094,405.8399963378906,408.1600036621094,2316600
2025-09-29,404.185791015625,406.79998779296875,410.95001220703125,403.8500061035156,410.04998779296875,3008400
2025-09-30,402.5861511230469,405.19000244140625,407.0,403.4800109863281,406.6300048828125,3211600
2025-10-01,394.4686584472656,397.0199890136719,405.1300048828125,395.30999755859375,404.3900146484375,3787800
2025-10-02,392.4715881347656,395.010009765625,397.3800048828125,393.7900085449219,395.5,2964700
2025-10-03,392.5212707519531,395.05999755859375,397.32000732421875,392.6300048828125,394.1300048828125,2951300
2025-10-06,386.82806396484375,389.3299865722656,394.5,385.7200012207031,394.5,3653700
2025-10-07,384.32427978515625,386.80999755859375,389.75,385.510009765625,389.45001220703125,2505700
2025-10-08,381.3236999511719,383.7900085449219,386.4599914550781,382.9800109863281,386.4599914550781,2517600
2025-10-09,375.26287841796875,377.69000244140625,384.3599853515625,377.4599914550781,382.8999938964844,3321400
2025-10-10,373.3353576660156,375.75,380.260009765625,374.7799987792969,380.260009765625,2992400
2025-10-13,376.93206787109375,379.3699951171875,382.30999755859375,377.19000244140625,379.07000732421875,2925900
2025-10-14,385.2284240722656,387.7200012207031,388.8900146484375,378.010009765625,378.8699951171875,4399900
2025-10-15,385.8046875,388.29998779296875,394.3699951171875,386.7300109863281,389.2300109863281,3690100
2025-10-16,384.90057373046875,387.3900146484375,390.0,383.9700012207031,389.6600036621094,2783700
2025-10-17,389.3815612792969,391.8999938964844,393.1099853515625,387.20001220703125,388.5,2657700
2025-10-20,386.39093017578125,388.8900146484375,393.17999267578125,388.0899963378906,391.4100036621094,2761100
2025-10-21,388.38800048828125,390.8999938964844,393.6300048828125,385.8599853515625,387.55999755859375,2306900
2025-10-22,386.47039794921875,388.9700012207031,393.04998779296875,388.1700134277344,391.25,2857000
2025-10-23,382.55572509765625,385.0299987792969,388.7200012207031,381.29998779296875,387.1300048828125,2767300
2025-10-24,384.1950988769531,386.67999267578125,389.70001220703125,385.6700134277344,389.70001220703125,2426800
2025-10-27,382.7941589355469,385.2699890136719,389.2900085449219,382.8999938964844,387.70001220703125,3065800
2025-10-28,383.2710876464844,385.75,390.010009765625,382.8299865722656,384.4200134277344,2372800
2025-10-29,375.61065673828125,378.0400085449219,385.0,375.20001220703125,383.0,3852300
2025-10-30,377.1109313964844,379.54998779296875,384.70001220703125,376.1099853515625,377.7099914550781,2384300
2025-10-31,377.1506652832031,379.5899963378906,380.94000244140625,375.010009765625,376.9599914550781,2643500
2025-11-03,375.91864013671875,378.3500061035156,378.4800109863281,373.67999267578125,377.010009765625,2897600
2025-11-04,380.61822509765625,383.0799865722656,383.67999267578125,376.75,377.3500061035156,2590000
2025-11-05,371.4376220703125,373.8399963378906,383.4200134277344,370.5299987792969,382.7900085449219,4763000
2025-11-06,366.6982727050781,369.07000732421875,372.6600036621094,367.54998779296875,371.82000732421875,3622100
2025-11-07,368.72515869140625,371.1099853515625,373.6499938964844,367.57000732421875,368.989990234375,2766400
2025-11-10,368.0495300292969,370.42999267578125,370.6600036621094,363.45001220703125,369.7900085449219,3257900
2025-11-11,371.8350524902344,374.239990234375,376.0,370.9100036621094,371.989990234375,2407300
2025-11-12,368.74505615234375,371.1300048828125,373.55999755859375,369.010009765625,372.05999755859375,3375800
2025-11-13,365.7047119140625,368.07000732421875,373.5199890136719,366.6199951171875,371.6600036621094,3034800
2025-11-14,360.0313720703125,362.3599853515625,367.3299865722656,359.79998779296875,365.9100036621094,3413300
2025-11-17,355.7292175292969,358.0299987792969,363.7799987792969,356.1000061035156,361.1300048828125,5127200
2025-11-18,334.3177185058594,336.4800109863281,348.79998779296875,336.010009765625,339.9800109863281,10168500
2025-11-19,332.3504333496094,334.5,341.75,331.3699951171875,340.9700012207031,7595000
2025-11-20,330.2440490722656,332.3800048828125,338.8999938964844,332.1300048828125,336.3599853515625,4025300
2025-11-21,341.11376953125,343.32000732421875,346.9200134277344,333.0,334.57000732421875,7441300
2025-11-24,334.41705322265625,336.5799865722656,343.7099914550781,336.54998779296875,342.20001220703125,6132900
2025-11-25,348.81396484375,351.07000732421875,353.0,338.8500061035156,339.0,6316600
2025-11-26,353.1856689453125,355.4700012207031,357.3299865722656,349.0,350.260009765625,4517300
2025-11-28,354.6263732910156,356.9200134277344,357.8299865722656,353.5,354.92999267578125,2119600
2025-12-01,355.0337219238281,357.3299865722656,362.2900085449219,352.8800048828125,354.04998779296875,5107100
2025-12-02,351.7549133300781,354.0299987792969,357.5,351.29998779296875,356.8299865722656,3965300
2025-12-03,355.6099853515625,357.9100036621094,360.4700012207031,353.75,354.5,4166700
2025-12-04,351.1700134277344,351.1700134277344,357.510009765625,350.0,356.2900085449219,4022800
2025-12-05,354.6099853515625,354.6099853515625,355.6199951171875,349.5299987792969,350.6499938964844,5959200
2025-12-08,349.9100036621094,349.9100036621094,352.0899963378906,345.70001220703125,351.95001220703125,7273000
2025-12-09,345.2699890136719,345.2699890136719,356.6700134277344,344.9599914550781,347.760009765625,5063100
2025-12-10,351.1300048828125,351.1300048828125,352.0199890136719,344.0,344.1000061035156,6316100
2025-12-11,357.4599914550781,357.4599914550781,362.7200012207031,353.94000244140625,356.0,6609800
2025-12-12,359.6499938964844,359.6499938964844,360.760009765625,356.04998779296875,359.260009765625,3861200
2025-12-15,356.989990234375,356.989990234375,362.6700134277344,355.6199951171875,359.3900146484375,4387400
2025-12-16,352.67999267578125,352.67999267578125,358.739990234375,351.80999755859375,356.8999938964844,3497200
2025-12-17,356.75,356.75,357.5,350.9800109863281,351.9700012207031,3875200
2025-12-18,354.989990234375,354.989990234375,366.29998779296875,354.55999755859375,363.5400085449219,4805200
2025-12-19,345.0,345.0,354.1099853515625,344.9200134277344,354.1099853515625,12825600
2025-12-22,346.3900146484375,346.3900146484375,347.8999938964844,343.70001220703125,345.30999755859375,3523700
2025-12-23,344.9700012207031,344.9700012207031,347.5,341.94000244140625,344.0,3873400
2025-12-24,347.3399963378906,347.3399963378906,348.260009765625,343.8999938964844,344.3399963378906,1368600
2025-12-26,349.7799987792969,349.7799987792969,350.04998779296875,346.57000732421875,346.989990234375,1786900
2025-12-29,347.45001220703125,347.45001220703125,350.32000732421875,344.75,350.0,3790000
2025-12-30,346.3500061035156,346.3500061035156,346.9800109863281,343.7200012207031,346.0299987792969,2392600
