Price,Adj Close,Close,High,Low,Open,Volume
Ticker,JNK,JNK,JNK,JNK,JNK,JNK
Date,,,,,,
2015-01-02,60.492733001708984,116.04000091552734,116.25,115.73999786376953,116.16000366210938,1245867
2015-01-05,60.070430755615234,115.2300033569336,115.58999633789062,115.05000305175781,115.47000122070312,4987433
2015-01-06,59.7889404296875,114.69000244140625,115.26000213623047,114.5999984741211,114.9000015258789,3541367
2015-01-07,60.11735916137695,115.31999969482422,115.62000274658203,115.11000061035156,115.41000366210938,2964233
2015-01-08,60.52400588989258,116.0999984741211,116.30999755859375,115.31999969482422,115.94999694824219,2579100
2015-01-09,60.85240936279297,116.7300033569336,116.87999725341797,115.91999816894531,116.37000274658203,3645567
2015-01-12,60.78984069824219,116.61000061035156,116.79000091552734,116.22000122070312,116.79000091552734,2963433
2015-01-13,60.727272033691406,116.48999786376953,116.97000122070312,116.01000213623047,116.48999786376953,2600400
2015-01-14,60.586585998535156,116.22000122070312,116.27999877929688,115.68000030517578,115.83000183105469,2299067
2015-01-15,60.24251174926758,115.55999755859375,116.4000015258789,115.52999877929688,116.27999877929688,2711900
2015-01-16,60.41454315185547,115.88999938964844,116.0999984741211,115.55999755859375,115.58999633789062,2944567
2015-01-20,60.41454315185547,115.88999938964844,116.16000366210938,115.62000274658203,115.94999694824219,2261133
2015-01-21,60.64910888671875,116.33999633789062,116.37000274658203,115.6500015258789,115.94999694824219,1862033
2015-01-22,60.727272033691406,116.48999786376953,116.58000183105469,116.19000244140625,116.55000305175781,2225267
2015-01-23,60.74290466308594,116.5199966430664,116.76000213623047,116.33999633789062,116.58000183105469,2380200
2015-01-26,61.10262680053711,117.20999908447266,117.20999908447266,116.45999908447266,116.69999694824219,3590467
2015-01-27,61.02445983886719,117.05999755859375,117.1500015258789,116.48999786376953,116.58000183105469,3243767
2015-01-28,60.78984069824219,116.61000061035156,117.1500015258789,116.45999908447266,117.12000274658203,2593067
2015-01-29,61.02445983886719,117.05999755859375,117.20999908447266,116.61000061035156,116.63999938964844,2079333
2015-01-30,60.89934539794922,116.81999969482422,117.0,116.69999694824219,116.91000366210938,1772567
2015-02-02,61.029781341552734,116.5199966430664,116.69999694824219,116.16000366210938,116.37000274658203,1136767
2015-02-03,61.32828140258789,117.08999633789062,117.2699966430664,116.55000305175781,116.58000183105469,2602100
2015-02-04,61.15548324584961,116.76000213623047,117.08999633789062,116.7300033569336,117.02999877929688,1709433
2015-02-05,61.516868591308594,117.44999694824219,117.51000213623047,116.87999725341797,116.87999725341797,3549267
2015-02-06,61.64256286621094,117.69000244140625,117.75,117.51000213623047,117.62999725341797,2809067
2015-02-09,61.5797233581543,117.56999969482422,117.87000274658203,117.54000091552734,117.72000122070312,1462300
2015-02-10,61.75253677368164,117.9000015258789,117.95999908447266,117.66000366210938,117.77999877929688,2438467
2015-02-11,61.76824951171875,117.93000030517578,117.95999908447266,117.66000366210938,117.83999633789062,1324933
2015-02-12,61.799678802490234,117.98999786376953,117.98999786376953,117.80999755859375,117.95999908447266,1865867
2015-02-13,61.956844329833984,118.29000091552734,118.29000091552734,117.9000015258789,118.08000183105469,1647433
2015-02-17,61.92542266845703,118.2300033569336,118.44000244140625,118.16999816894531,118.3499984741211,3767967
2015-02-18,62.082523345947266,118.52999877929688,118.58999633789062,118.13999938964844,118.19999694824219,2074867
2015-02-19,62.01970672607422,118.41000366210938,118.52999877929688,118.29000091552734,118.44000244140625,943400
2015-02-20,62.145381927490234,118.6500015258789,118.6500015258789,118.2300033569336,118.47000122070312,1333500
2015-02-23,62.20825958251953,118.7699966430664,118.80000305175781,118.44000244140625,118.52999877929688,552033
2015-02-24,62.318172454833984,118.9800033569336,119.04000091552734,118.70999908447266,118.73999786376953,1110500
2015-02-25,62.3496208190918,119.04000091552734,119.12999725341797,118.88999938964844,118.88999938964844,5203800
2015-02-26,62.4282341003418,119.19000244140625,119.37000274658203,119.0999984741211,119.12999725341797,1616433
2015-02-27,62.506778717041016,119.33999633789062,119.37000274658203,119.16000366210938,119.19000244140625,1285900
2015-03-02,62.48939895629883,118.73999786376953,118.94999694824219,118.62000274658203,118.94999694824219,1434667
2015-03-03,62.29996871948242,118.37999725341797,118.80000305175781,118.37999725341797,118.70999908447266,3886067
2015-03-04,62.20523452758789,118.19999694824219,118.3499984741211,118.13999938964844,118.3499984741211,2118167
2015-03-05,62.26836395263672,118.31999969482422,118.41000366210938,118.16999816894531,118.41000366210938,2190300
2015-03-06,61.92104721069336,117.66000366210938,118.16999816894531,117.62999725341797,118.13999938964844,4270333
2015-03-09,61.8736686706543,117.56999969482422,117.9000015258789,117.56999969482422,117.80999755859375,3159167
2015-03-10,61.73158264160156,117.30000305175781,117.51000213623047,117.0,117.30000305175781,4468767
2015-03-11,61.82632827758789,117.4800033569336,117.69000244140625,117.23999786376953,117.51000213623047,2736133
2015-03-12,61.96840286254883,117.75,117.77999877929688,117.56999969482422,117.66000366210938,1626200
2015-03-13,61.6842155456543,117.20999908447266,117.56999969482422,117.02999877929688,117.4800033569336,2049067
2015-03-16,61.573707580566406,117.0,117.30000305175781,116.97000122070312,117.23999786376953,2201700
2015-03-17,61.273738861083984,116.43000030517578,116.87999725341797,116.30999755859375,116.87999725341797,3798967
2015-03-18,61.810543060302734,117.44999694824219,117.44999694824219,116.19000244140625,116.4000015258789,3825733
2015-03-19,61.336891174316406,116.55000305175781,117.51000213623047,116.48999786376953,117.33000183105469,3255067
2015-03-20,61.778968811035156,117.38999938964844,117.41999816894531,116.8499984741211,116.94000244140625,2485167
2015-03-23,61.8736686706543,117.56999969482422,117.5999984741211,117.36000061035156,117.41999816894531,2099233
2015-03-24,61.92104721069336,117.66000366210938,117.77999877929688,117.51000213623047,117.66000366210938,2256733
2015-03-25,61.794742584228516,117.41999816894531,117.77999877929688,117.36000061035156,117.66000366210938,2357700
2015-03-26,61.810543060302734,117.44999694824219,117.5999984741211,117.20999908447266,117.38999938964844,2772467
2015-03-27,61.794742584228516,117.41999816894531,117.62999725341797,117.36000061035156,117.54000091552734,1107133
2015-03-30,61.93681716918945,117.69000244140625,117.87000274658203,117.51000213623047,117.51000213623047,1708100
2015-03-31,61.92104721069336,117.66000366210938,117.83999633789062,117.51000213623047,117.62999725341797,1915300
2015-04-01,62.07810592651367,117.38999938964844,117.41999816894531,117.0,117.2699966430664,2742667
2015-04-02,62.109840393066406,117.44999694824219,117.44999694824219,117.2699966430664,117.30000305175781,2247667
2015-04-06,62.25263214111328,117.72000122070312,117.83999633789062,117.30000305175781,117.51000213623047,2185867
2015-04-07,62.44297790527344,118.08000183105469,118.19999694824219,117.72000122070312,117.83999633789062,1639400
2015-04-08,62.47472381591797,118.13999938964844,118.2300033569336,117.9000015258789,118.19999694824219,1392533
2015-04-09,62.44297790527344,118.08000183105469,118.3499984741211,117.95999908447266,118.29000091552734,1919133
2015-04-10,62.50645065307617,118.19999694824219,118.26000213623047,118.05000305175781,118.16999816894531,924933
2015-04-13,62.53817367553711,118.26000213623047,118.41000366210938,118.13999938964844,118.19999694824219,1716167
2015-04-14,62.617488861083984,118.41000366210938,118.44000244140625,118.05000305175781,118.2300033569336,1663967
2015-04-15,62.776123046875,118.70999908447266,118.83000183105469,118.5,118.62000274658203,1968700
2015-04-16,62.712677001953125,118.58999633789062,118.6500015258789,118.44000244140625,118.52999877929688,1381000
2015-04-17,62.52232360839844,118.2300033569336,118.44000244140625,118.2300033569336,118.41000366210938,1988967
2015-04-20,62.712677001953125,118.58999633789062,118.70999908447266,118.47000122070312,118.5,1237200
2015-04-21,62.74443054199219,118.6500015258789,118.86000061035156,118.6500015258789,118.86000061035156,1782300
2015-04-22,62.728553771972656,118.62000274658203,118.80000305175781,118.62000274658203,118.7699966430664,1052500
2015-04-23,62.712677001953125,118.58999633789062,118.7699966430664,118.5,118.58999633789062,1181033
2015-04-24,62.79201889038086,118.73999786376953,118.7699966430664,118.62000274658203,118.6500015258789,1860967
2015-04-27,62.83958053588867,118.83000183105469,118.94999694824219,118.68000030517578,118.80000305175781,2102333
2015-04-28,62.79201889038086,118.73999786376953,118.7699966430664,118.58999633789062,118.7699966430664,2284500
2015-04-29,62.64925765991211,118.47000122070312,118.58999633789062,118.29000091552734,118.37999725341797,2766167
2015-04-30,62.56988525390625,118.31999969482422,118.47000122070312,118.13999938964844,118.47000122070312,3639400
2015-05-01,62.7101936340332,118.0199966430664,118.08000183105469,117.83999633789062,117.93000030517578,1204867
2015-05-04,62.7580451965332,118.11000061035156,118.19999694824219,117.98999786376953,118.16999816894531,1728167
2015-05-05,62.7101936340332,118.0199966430664,118.13999938964844,117.75,118.11000061035156,4983267
2015-05-06,62.51888656616211,117.66000366210938,118.05000305175781,117.56999969482422,117.98999786376953,2890000
2015-05-07,62.47108840942383,117.56999969482422,117.83999633789062,117.51000213623047,117.54000091552734,2300267
2015-05-08,62.869571685791016,118.31999969482422,118.44000244140625,117.98999786376953,118.11000061035156,4619867
2015-05-11,62.59858322143555,117.80999755859375,118.3499984741211,117.75,118.3499984741211,3241533
2015-05-12,62.582672119140625,117.77999877929688,117.93000030517578,117.44999694824219,117.54000091552734,3864533
2015-05-13,62.48702621459961,117.5999984741211,118.0199966430664,117.51000213623047,117.83999633789062,4238367
2015-05-14,62.82176208496094,118.2300033569336,118.29000091552734,117.9000015258789,118.0199966430664,3417933
2015-05-15,62.88556671142578,118.3499984741211,118.37999725341797,118.0199966430664,118.31999969482422,2536067
2015-05-18,62.7580451965332,118.11000061035156,118.2300033569336,118.0199966430664,118.13999938964844,1249733
2015-05-19,62.63051986694336,117.87000274658203,118.08000183105469,117.83999633789062,117.95999908447266,2112533
2015-05-20,62.63051986694336,117.87000274658203,117.98999786376953,117.75,117.93000030517578,1855667
2015-05-21,62.69425964355469,117.98999786376953,118.08000183105469,117.77999877929688,117.93000030517578,2363600
2015-05-22,62.773963928222656,118.13999938964844,118.19999694824219,117.9000015258789,117.9000015258789,1528267
2015-05-26,62.678306579589844,117.95999908447266,118.08000183105469,117.93000030517578,118.08000183105469,2064167
2015-05-27,62.837730407714844,118.26000213623047,118.26000213623047,118.05000305175781,118.08000183105469,2190367
2015-05-28,62.773963928222656,118.13999938964844,118.16999816894531,117.98999786376953,118.11000061035156,2073667
2015-05-29,62.837730407714844,118.26000213623047,118.26000213623047,118.05000305175781,118.13999938964844,2049600
2015-06-01,62.813682556152344,117.66000366210938,117.77999877929688,117.56999969482422,117.56999969482422,2924700
2015-06-02,62.74961853027344,117.54000091552734,117.69000244140625,117.36000061035156,117.66000366210938,1793733
2015-06-03,62.4293327331543,116.94000244140625,117.54000091552734,116.79000091552734,117.44999694824219,4150867
2015-06-04,62.285194396972656,116.66999816894531,116.97000122070312,116.63999938964844,116.8499984741211,3599833
2015-06-05,62.14100646972656,116.4000015258789,116.5199966430664,116.19000244140625,116.25,2852533
2015-06-08,62.0769157409668,116.27999877929688,116.58000183105469,116.22000122070312,116.48999786376953,3785067
2015-06-09,61.98085403442383,116.0999984741211,116.37000274658203,115.91999816894531,116.37000274658203,4303167
2015-06-10,61.98085403442383,116.0999984741211,116.27999877929688,116.01000213623047,116.06999969482422,3162600
2015-06-11,62.125003814697266,116.37000274658203,116.45999908447266,116.22000122070312,116.30999755859375,2480733
2015-06-12,61.96488571166992,116.06999969482422,116.30999755859375,116.06999969482422,116.22000122070312,3750933
2015-06-15,61.64455032348633,115.47000122070312,115.91999816894531,115.44000244140625,115.7699966430664,5915467
2015-06-16,61.900787353515625,115.94999694824219,115.9800033569336,115.52999877929688,115.68000030517578,2174500
2015-06-17,61.86874008178711,115.88999938964844,116.06999969482422,115.5,115.94999694824219,2506500
2015-06-18,62.02888107299805,116.19000244140625,116.33999633789062,115.9800033569336,115.9800033569336,2862033
2015-06-19,61.98085403442383,116.0999984741211,116.4000015258789,116.0999984741211,116.19000244140625,2521800
2015-06-22,62.22110366821289,116.55000305175781,116.76000213623047,116.45999908447266,116.58000183105469,1968200
2015-06-23,62.205108642578125,116.5199966430664,116.61000061035156,116.4000015258789,116.45999908447266,926967
2015-06-24,62.09296798706055,116.30999755859375,116.5199966430664,116.25,116.45999908447266,2205100
2015-06-25,61.996864318847656,116.12999725341797,116.4000015258789,116.06999969482422,116.4000015258789,3035833
2015-06-26,61.7886848449707,115.73999786376953,116.06999969482422,115.68000030517578,116.01000213623047,2981933
2015-06-29,61.340240478515625,114.9000015258789,115.41000366210938,114.9000015258789,115.31999969482422,4443333
2015-06-30,61.54845428466797,115.29000091552734,115.5,115.13999938964844,115.3499984741211,2476967
2015-07-01,61.64339065551758,114.9000015258789,115.29000091552734,114.87000274658203,115.0199966430664,3354467
2015-07-02,61.756065368652344,115.11000061035156,115.26000213623047,115.05000305175781,115.13999938964844,2200367
2015-07-06,61.59511184692383,114.80999755859375,115.11000061035156,114.69000244140625,114.93000030517578,2434100
2015-07-07,61.53071975708008,114.69000244140625,114.80999755859375,114.33000183105469,114.54000091552734,3476200
2015-07-08,61.144447326660156,113.97000122070312,114.44999694824219,113.97000122070312,114.38999938964844,2108967
2015-07-09,61.30540466308594,114.2699966430664,114.4800033569336,114.2699966430664,114.33000183105469,1919533
2015-07-10,61.57903289794922,114.77999877929688,114.87000274658203,114.2699966430664,114.80999755859375,4550767
2015-07-13,61.64339065551758,114.9000015258789,115.0199966430664,114.62999725341797,115.0199966430664,3181833
2015-07-14,61.6273193359375,114.87000274658203,114.93000030517578,114.72000122070312,114.80999755859375,1615200
2015-07-15,61.64339065551758,114.9000015258789,115.0199966430664,114.77999877929688,114.87000274658203,1827233
2015-07-16,61.707767486572266,115.0199966430664,115.13999938964844,114.95999908447266,115.0199966430664,1652533
2015-07-17,61.48246383666992,114.5999984741211,115.0199966430664,114.56999969482422,115.0199966430664,2377367
2015-07-20,61.35369873046875,114.36000061035156,114.66000366210938,114.30000305175781,114.5999984741211,3754533
2015-07-21,61.16056823730469,114.0,114.30000305175781,114.0,114.2699966430664,1878467
2015-07-22,60.83864212036133,113.4000015258789,113.79000091552734,113.37000274658203,113.66999816894531,4627167
2015-07-23,60.87081527709961,113.45999908447266,113.48999786376953,113.33999633789062,113.37000274658203,2185133
2015-07-24,60.645503997802734,113.04000091552734,113.45999908447266,113.01000213623047,113.43000030517578,2023933
2015-07-27,60.388004302978516,112.55999755859375,112.94999694824219,112.5,112.7699966430664,4574000
2015-07-28,60.59727478027344,112.94999694824219,113.01000213623047,112.55999755859375,112.68000030517578,6004200
2015-07-29,60.967411041259766,113.63999938964844,113.66999816894531,113.12999725341797,113.19000244140625,2275733
2015-07-30,61.144447326660156,113.97000122070312,114.0,113.58000183105469,113.66999816894531,3031167
2015-07-31,61.11227798461914,113.91000366210938,114.12000274658203,113.76000213623047,114.05999755859375,2475733
2015-08-03,60.92305374145508,113.01000213623047,113.4000015258789,113.01000213623047,113.4000015258789,2111733
2015-08-04,60.939208984375,113.04000091552734,113.22000122070312,113.01000213623047,113.12999725341797,2934367
2015-08-05,60.906864166259766,112.9800033569336,113.25,112.91999816894531,113.25,2714833
2015-08-06,60.66427993774414,112.52999877929688,112.91999816894531,112.52999877929688,112.88999938964844,3100100
2015-08-07,60.421695709228516,112.08000183105469,112.41000366210938,112.05000305175781,112.26000213623047,3169800
2015-08-10,60.518733978271484,112.26000213623047,112.29000091552734,112.05000305175781,112.19999694824219,1370167
2015-08-11,60.25996017456055,111.77999877929688,112.05000305175781,111.62999725341797,111.98999786376953,1917267
2015-08-12,60.130558013916016,111.54000091552734,111.56999969482422,111.05999755859375,111.36000061035156,3369300
2015-08-13,60.082069396972656,111.44999694824219,111.51000213623047,111.33000183105469,111.44999694824219,2585733
2015-08-14,60.130558013916016,111.54000091552734,111.54000091552734,111.36000061035156,111.4800033569336,1470567
2015-08-17,60.04974365234375,111.38999938964844,111.51000213623047,111.23999786376953,111.36000061035156,1969767
2015-08-18,60.03355026245117,111.36000061035156,111.38999938964844,111.18000030517578,111.38999938964844,2498600
2015-08-19,59.88800811767578,111.08999633789062,111.30000305175781,110.94000244140625,111.12000274658203,3914567
2015-08-20,59.564537048339844,110.48999786376953,110.8499984741211,110.43000030517578,110.7300033569336,2834500
2015-08-21,59.38664245605469,110.16000366210938,110.48999786376953,110.0999984741211,110.33999633789062,4916800
2015-08-24,58.70738220214844,108.9000015258789,109.7699966430664,107.48999786376953,108.05999755859375,5857000
2015-08-25,58.86909103393555,109.19999694824219,110.27999877929688,109.19999694824219,110.19000244140625,4309233
2015-08-26,59.4513053894043,110.27999877929688,110.37000274658203,109.58999633789062,109.70999908447266,3260533
2015-08-27,59.79096603393555,110.91000366210938,110.94000244140625,110.45999908447266,110.63999938964844,4719167
2015-08-28,59.823307037353516,110.97000122070312,111.0,110.61000061035156,110.76000213623047,2918733
2015-08-31,59.855648040771484,111.02999877929688,111.05999755859375,110.4000015258789,110.7300033569336,2373467
2015-09-01,59.58906555175781,109.9800033569336,110.33999633789062,109.80000305175781,109.80000305175781,1976533
2015-09-02,59.9141845703125,110.58000183105469,110.58000183105469,110.16000366210938,110.45999908447266,2455567
2015-09-03,59.89790725708008,110.55000305175781,110.76000213623047,110.43000030517578,110.61000061035156,2447033
2015-09-04,59.8328857421875,110.43000030517578,110.61000061035156,110.4000015258789,110.4000015258789,1480900
2015-09-08,60.222991943359375,111.1500015258789,111.1500015258789,110.79000091552734,110.8499984741211,1855000
2015-09-09,60.15797805786133,111.02999877929688,111.33000183105469,111.0,111.33000183105469,3836233
2015-09-10,60.27174758911133,111.23999786376953,111.2699966430664,110.97000122070312,111.02999877929688,3179367
2015-09-11,60.20670700073242,111.12000274658203,111.2699966430664,110.87999725341797,110.91000366210938,2188667
2015-09-14,60.20670700073242,111.12000274658203,111.18000030517578,110.97000122070312,111.02999877929688,2035900
2015-09-15,60.15797805786133,111.02999877929688,111.08999633789062,110.91000366210938,111.0,1584267
2015-09-16,59.96292495727539,110.66999816894531,110.8499984741211,110.55000305175781,110.7300033569336,2325633
2015-09-17,60.027950286865234,110.79000091552734,111.02999877929688,110.43000030517578,110.55000305175781,6548967
2015-09-18,59.735355377197266,110.25,110.63999938964844,110.22000122070312,110.5199966430664,5308400
2015-09-21,59.7515983581543,110.27999877929688,110.5199966430664,110.25,110.4000015258789,2705733
2015-09-22,59.36148452758789,109.55999755859375,110.27999877929688,109.52999877929688,109.62000274658203,2510267
2015-09-23,59.24774169921875,109.3499984741211,109.68000030517578,109.31999969482422,109.62000274658203,2048233
2015-09-24,58.90639114379883,108.72000122070312,109.08000183105469,108.66000366210938,108.95999908447266,3791867
2015-09-25,58.695064544677734,108.33000183105469,108.87000274658203,108.2699966430664,108.80999755859375,3981900
2015-09-28,57.849830627441406,106.7699966430664,107.91000366210938,106.7699966430664,107.91000366210938,4801200
2015-09-29,57.80107116699219,106.68000030517578,106.9800033569336,106.5,106.58999633789062,3918200
2015-09-30,57.963619232177734,106.9800033569336,107.19000244140625,106.70999908447266,107.06999969482422,3644633
2015-10-01,57.79530715942383,106.11000061035156,106.52999877929688,106.05000305175781,106.52999877929688,3252067
2015-10-02,57.72993469238281,105.98999786376953,106.08000183105469,105.30000305175781,105.54000091552734,4774067
2015-10-05,58.36720657348633,107.16000366210938,107.19000244140625,106.3499984741211,106.3499984741211,8933200
2015-10-06,58.546939849853516,107.48999786376953,107.61000061035156,107.04000091552734,107.16000366210938,6220433
2015-10-07,59.10254669189453,108.51000213623047,108.56999969482422,107.97000122070312,108.18000030517578,6439533
2015-10-08,59.31497573852539,108.9000015258789,108.9000015258789,108.18000030517578,108.38999938964844,4191033
2015-10-09,59.33130645751953,108.93000030517578,109.47000122070312,108.83999633789062,109.19999694824219,3560133
2015-10-12,59.26594161987305,108.80999755859375,109.3499984741211,108.69000244140625,109.26000213623047,1866300
2015-10-13,59.15156173706055,108.5999984741211,108.80999755859375,108.51000213623047,108.5999984741211,4237900
2015-10-14,59.15156173706055,108.5999984741211,108.72000122070312,108.54000091552734,108.69000244140625,2811200
2015-10-15,59.18424987792969,108.66000366210938,108.83999633789062,108.51000213623047,108.75,6573333
2015-10-16,59.44565200805664,109.13999938964844,109.13999938964844,108.77999877929688,108.77999877929688,2214033
2015-10-19,59.6580924987793,109.52999877929688,109.55999755859375,108.93000030517578,109.0199966430664,3011767
2015-10-20,59.6580924987793,109.52999877929688,109.58999633789062,109.19999694824219,109.19999694824219,3981300
2015-10-21,59.5764274597168,109.37999725341797,109.73999786376953,109.29000091552734,109.62000274658203,6385033
2015-10-22,59.5600700378418,109.3499984741211,109.73999786376953,109.26000213623047,109.73999786376953,4084367
2015-10-23,59.80513000488281,109.80000305175781,109.94999694824219,109.55999755859375,109.83000183105469,5004667
2015-10-26,59.73978805541992,109.68000030517578,109.91999816894531,109.58999633789062,109.91999816894531,4509667
2015-10-27,59.5764274597168,109.37999725341797,109.52999877929688,109.29000091552734,109.47000122070312,3401500
2015-10-28,59.70709991455078,109.62000274658203,109.62000274658203,109.08000183105469,109.3499984741211,4467833
2015-10-29,59.5764274597168,109.37999725341797,109.55999755859375,109.3499984741211,109.3499984741211,2270133
2015-10-30,59.59269714355469,109.41000366210938,109.55999755859375,109.2300033569336,109.41000366210938,5566367
2015-11-02,59.768402099609375,109.19999694824219,109.19999694824219,108.80999755859375,108.98999786376953,2710600
2015-11-03,59.80126953125,109.26000213623047,109.3499984741211,109.08000183105469,109.2300033569336,2723800
2015-11-04,59.71918869018555,109.11000061035156,109.37999725341797,109.08000183105469,109.3499984741211,3174667
2015-11-05,59.571388244628906,108.83999633789062,109.19999694824219,108.83999633789062,109.08000183105469,2493700
2015-11-06,59.30867385864258,108.36000061035156,108.56999969482422,108.20999908447266,108.4800033569336,3356800
2015-11-09,59.045982360839844,107.87999725341797,108.18000030517578,107.8499984741211,108.1500015258789,5765633
2015-11-10,58.86532974243164,107.55000305175781,107.87999725341797,107.43000030517578,107.69999694824219,5801667
2015-11-11,58.73399353027344,107.30999755859375,107.69999694824219,107.27999877929688,107.61000061035156,1073467
2015-11-12,58.2906608581543,106.5,107.0999984741211,106.5,106.88999938964844,8271167
2015-11-13,58.15925979614258,106.26000213623047,106.58999633789062,106.19999694824219,106.3499984741211,4973067
2015-11-16,58.37272644042969,106.6500015258789,106.6500015258789,106.0199966430664,106.13999938964844,3809000
2015-11-17,58.2906608581543,106.5,106.94999694824219,106.5,106.7699966430664,4258833
2015-11-18,58.40560531616211,106.70999908447266,106.86000061035156,106.58999633789062,106.6500015258789,3235067
2015-11-19,58.06074905395508,106.08000183105469,106.70999908447266,106.05000305175781,106.70999908447266,5068467
2015-11-20,57.912967681884766,105.80999755859375,106.2300033569336,105.77999877929688,105.95999908447266,3759333
2015-11-23,57.86372375488281,105.72000122070312,105.93000030517578,105.56999969482422,105.9000015258789,2102933
2015-11-24,57.89653778076172,105.77999877929688,105.83999633789062,105.33000183105469,105.41999816894531,2839267
2015-11-25,57.89653778076172,105.77999877929688,105.9000015258789,105.72000122070312,105.83999633789062,2590700
2015-11-27,58.077178955078125,106.11000061035156,106.11000061035156,105.83999633789062,105.87000274658203,981600
2015-11-30,58.06074905395508,106.08000183105469,106.16999816894531,105.9000015258789,106.16999816894531,2439400
2015-12-01,58.328224182128906,105.98999786376953,106.05000305175781,105.5999984741211,105.62999725341797,4756567
2015-12-02,58.1466064453125,105.66000366210938,106.11000061035156,105.66000366210938,106.0199966430664,4311800
2015-12-03,58.03105926513672,105.44999694824219,105.75,105.30000305175781,105.66000366210938,3822300
2015-12-04,57.91545486450195,105.23999786376953,105.41999816894531,105.02999877929688,105.30000305175781,3682700
2015-12-07,57.51925277709961,104.5199966430664,105.0,104.48999786376953,105.0,4148500
2015-12-08,56.85887908935547,103.31999969482422,103.94999694824219,103.16999816894531,103.83000183105469,11601300
2015-12-09,56.990928649902344,103.55999755859375,103.83000183105469,103.2300033569336,103.2300033569336,6235967
2015-12-10,56.75982666015625,103.13999938964844,103.62000274658203,103.08000183105469,103.3499984741211,3705000
2015-12-11,55.62063217163086,101.06999969482422,102.38999938964844,100.08000183105469,102.33000183105469,11666433
2015-12-14,55.174903869628906,100.26000213623047,101.01000213623047,99.66000366210938,100.80000305175781,9248433
2015-12-15,55.8187370300293,101.43000030517578,102.02999877929688,101.19000244140625,101.33999633789062,7474233
2015-12-16,56.297508239746094,102.30000305175781,102.38999938964844,101.45999908447266,101.81999969482422,7894400
2015-12-17,55.67020034790039,101.16000366210938,102.44999694824219,101.06999969482422,102.44999694824219,6972600
2015-12-18,55.45552062988281,100.7699966430664,101.16000366210938,100.62000274658203,101.04000091552734,4682567
2015-12-21,55.406005859375,100.68000030517578,101.16000366210938,100.41000366210938,101.04000091552734,4289900
2015-12-22,55.88478088378906,101.55000305175781,101.58000183105469,100.62000274658203,100.86000061035156,4508167
2015-12-23,56.16546630859375,102.05999755859375,102.23999786376953,101.76000213623047,101.76000213623047,4925367
2015-12-24,56.23149490356445,102.18000030517578,102.51000213623047,102.02999877929688,102.1500015258789,2109833
2015-12-28,55.90131378173828,101.58000183105469,101.97000122070312,101.5199966430664,101.79000091552734,2415267
2015-12-29,56.28147506713867,101.69999694824219,101.81999969482422,101.25,101.43000030517578,3630900
2015-12-30,56.298072814941406,101.7300033569336,101.81999969482422,101.33999633789062,101.45999908447266,2666333
2015-12-31,56.298072814941406,101.7300033569336,102.08999633789062,101.55000305175781,101.69999694824219,1560367
2016-01-04,56.01588821411133,101.22000122070312,101.25,100.7699966430664,101.0999984741211,4693933
2016-01-05,56.13205337524414,101.43000030517578,101.76000213623047,101.12999725341797,101.27999877929688,2972267
2016-01-06,56.0822639465332,101.33999633789062,101.45999908447266,100.94999694824219,101.0999984741211,3976133
2016-01-07,55.78343963623047,100.80000305175781,100.9800033569336,100.55999755859375,100.70999908447266,3911100
2016-01-08,55.584190368652344,100.44000244140625,101.27999877929688,100.44000244140625,101.16000366210938,6831233
2016-01-11,55.50119400024414,100.29000091552734,100.94999694824219,100.2300033569336,100.73999786376953,5172967
2016-01-12,55.63399887084961,100.52999877929688,100.83000183105469,100.16999816894531,100.58999633789062,3705200
2016-01-13,54.88693618774414,99.18000030517578,100.58999633789062,99.05999755859375,100.44000244140625,6201700
2016-01-14,55.01973342895508,99.41999816894531,99.56999969482422,98.69999694824219,99.12000274658203,5919233
2016-01-15,54.33906555175781,98.19000244140625,98.25,97.55999755859375,97.70999908447266,5987500
2016-01-19,54.073421478271484,97.70999908447266,98.16000366210938,97.5,98.06999969482422,5995133
2016-01-20,53.608524322509766,96.87000274658203,97.3499984741211,95.63999938964844,96.83999633789062,8860200
2016-01-21,53.85755157470703,97.31999969482422,97.58999633789062,96.44999694824219,96.93000030517578,7467200
2016-01-22,54.72087478637695,98.87999725341797,98.97000122070312,98.06999969482422,98.06999969482422,4869467
2016-01-25,54.25603485107422,98.04000091552734,98.91000366210938,97.9800033569336,98.48999786376953,5192633
2016-01-26,54.72087478637695,98.87999725341797,98.91000366210938,98.12999725341797,98.16000366210938,5090233
2016-01-27,54.588050842285156,98.63999938964844,99.1500015258789,98.33999633789062,98.79000091552734,5879767
2016-01-28,54.83708190917969,99.08999633789062,99.38999938964844,98.79000091552734,99.20999908447266,3953667
2016-01-29,55.13592529296875,99.62999725341797,99.72000122070312,99.20999908447266,99.33000183105469,5222267
2016-02-01,54.77705764770508,98.45999908447266,98.91000366210938,98.22000122070312,98.91000366210938,4482733
2016-02-02,54.32646179199219,97.6500015258789,98.01000213623047,97.5,97.9800033569336,2883400
2016-02-03,54.5267448425293,98.01000213623047,98.30999755859375,97.13999938964844,97.83000183105469,5410733
2016-02-04,54.39324188232422,97.7699966430664,98.22000122070312,97.6500015258789,97.94999694824219,3763467
2016-02-05,53.909217834472656,96.9000015258789,97.73999786376953,96.77999877929688,97.73999786376953,4148500
2016-02-08,53.25831985473633,95.7300033569336,96.23999786376953,95.27999877929688,96.20999908447266,4885033
2016-02-09,53.007930755615234,95.27999877929688,95.76000213623047,94.83000183105469,95.33999633789062,3725600
2016-02-10,52.924503326416016,95.12999725341797,96.05999755859375,95.01000213623047,95.79000091552734,3746133
2016-02-11,52.55730438232422,94.47000122070312,94.80000305175781,93.80999755859375,94.31999969482422,4799567
2016-02-12,53.40850830078125,96.0,96.08999633789062,94.70999908447266,94.83000183105469,7081500
2016-02-16,53.491981506347656,96.1500015258789,96.51000213623047,96.05999755859375,96.30000305175781,3123967
2016-02-17,53.892513275146484,96.87000274658203,97.13999938964844,96.56999969482422,96.5999984741211,5269000
2016-02-18,53.94258499145508,96.95999908447266,97.41000366210938,96.83999633789062,96.98999786376953,2957633
2016-02-19,54.0427360534668,97.13999938964844,97.13999938964844,96.36000061035156,96.51000213623047,1638333
2016-02-22,54.57685852050781,98.0999984741211,98.0999984741211,97.52999877929688,97.55999755859375,3662667
2016-02-23,54.510101318359375,97.9800033569336,98.12999725341797,97.3499984741211,97.86000061035156,6390133
2016-02-24,54.5935173034668,98.12999725341797,98.16000366210938,97.08000183105469,97.19999694824219,3031267
2016-02-25,54.82718276977539,98.55000305175781,98.58000183105469,97.70999908447266,98.01000213623047,3949300
2016-02-26,55.194366455078125,99.20999908447266,99.2699966430664,98.81999969482422,98.94000244140625,5098600
2016-02-29,55.79520034790039,100.29000091552734,100.44000244140625,99.18000030517578,99.18000030517578,9575300
2016-03-01,56.817413330078125,101.55000305175781,101.61000061035156,99.69000244140625,99.95999908447266,11803967
2016-03-02,56.41457748413086,100.83000183105469,100.9800033569336,100.55999755859375,100.88999938964844,5471900
2016-03-03,56.56562423706055,101.0999984741211,101.37000274658203,100.3499984741211,100.7699966430664,3517200
2016-03-04,56.750308990478516,101.43000030517578,101.81999969482422,100.91999816894531,101.30999755859375,3813400
2016-03-07,56.80058288574219,101.5199966430664,101.63999938964844,101.22000122070312,101.4000015258789,3742733
2016-03-08,56.41457748413086,100.83000183105469,101.5199966430664,100.83000183105469,101.27999877929688,7055900
2016-03-09,56.548831939697266,101.06999969482422,101.19000244140625,100.7699966430664,101.19000244140625,2307967
2016-03-10,56.951683044433594,101.79000091552734,101.91000366210938,101.12999725341797,101.61000061035156,4325200
2016-03-11,57.62310791015625,102.98999786376953,103.19999694824219,102.62999725341797,102.62999725341797,4775633
2016-03-14,57.488807678222656,102.75,102.95999908447266,102.33000183105469,102.9000015258789,3269300
2016-03-15,57.11955642700195,102.08999633789062,102.33000183105469,101.8499984741211,102.18000030517578,3878033
2016-03-16,57.522422790527344,102.80999755859375,103.13999938964844,101.66999816894531,101.7300033569336,4483000
2016-03-17,57.908447265625,103.5,103.7699966430664,102.75,102.80999755859375,6525833
2016-03-18,57.97557830810547,103.62000274658203,104.12999725341797,103.55999755859375,103.70999908447266,4526633
2016-03-21,57.95880126953125,103.58999633789062,103.80000305175781,103.31999969482422,103.73999786376953,3210167
2016-03-22,57.87488555908203,103.44000244140625,103.58999633789062,103.19999694824219,103.41000366210938,4107233
2016-03-23,57.5727424621582,102.9000015258789,103.3499984741211,102.87000274658203,103.31999969482422,4161533
2016-03-24,57.32095718383789,102.44999694824219,102.54000091552734,102.05999755859375,102.1500015258789,3012600
2016-03-28,57.0356330871582,101.94000244140625,102.66000366210938,101.87999725341797,102.5999984741211,3119667
2016-03-29,57.20344543457031,102.23999786376953,102.33000183105469,101.45999908447266,101.76000213623047,4212800
2016-03-30,57.40488815307617,102.5999984741211,102.77999877929688,102.33000183105469,102.33000183105469,3811833
2016-03-31,57.488807678222656,102.75,102.95999908447266,102.4800033569336,102.54000091552734,4860300
2016-04-01,57.61369705200195,102.41999816894531,102.54000091552734,101.55000305175781,101.91000366210938,6019433
2016-04-04,57.394309997558594,102.02999877929688,102.51000213623047,101.91000366210938,102.2699966430664,4251533
2016-04-05,57.15805435180664,101.61000061035156,101.91000366210938,101.43000030517578,101.48999786376953,3964700
2016-04-06,57.57997131347656,102.36000061035156,102.44999694824219,101.7300033569336,101.8499984741211,6397600
2016-04-07,57.24240493774414,101.76000213623047,102.30000305175781,101.69999694824219,102.05999755859375,4184433
2016-04-08,57.61369705200195,102.41999816894531,102.51000213623047,102.23999786376953,102.41999816894531,3272233
2016-04-11,57.714962005615234,102.5999984741211,102.83999633789062,102.54000091552734,102.54000091552734,1763033
2016-04-12,58.08625411987305,103.26000213623047,103.3499984741211,102.72000122070312,102.80999755859375,3370800
2016-04-13,58.49123764038086,103.9800033569336,104.22000122070312,103.58999633789062,103.70999908447266,3164133
2016-04-14,58.440589904785156,103.88999938964844,104.01000213623047,103.80000305175781,103.94999694824219,2925933
2016-04-15,58.3224983215332,103.68000030517578,103.83000183105469,103.55999755859375,103.73999786376953,2906767
2016-04-18,58.72748565673828,104.4000015258789,104.43000030517578,103.31999969482422,103.37999725341797,2845633
2016-04-19,59.04814910888672,104.97000122070312,105.0,104.5199966430664,104.63999938964844,2440633
2016-04-20,59.166259765625,105.18000030517578,105.44999694824219,104.79000091552734,105.08999633789062,3607667
2016-04-21,58.96373748779297,104.81999969482422,105.41999816894531,104.76000213623047,105.33000183105469,3966333
2016-04-22,59.13251876831055,105.12000274658203,105.18000030517578,104.81999969482422,104.91000366210938,3379300
2016-04-25,58.93000411987305,104.76000213623047,105.12000274658203,104.69999694824219,104.97000122070312,2403667
2016-04-26,59.166259765625,105.18000030517578,105.18000030517578,104.8499984741211,105.08999633789062,2928533
2016-04-27,59.48691940307617,105.75,105.87000274658203,105.23999786376953,105.2699966430664,3179100
2016-04-28,59.46998596191406,105.72000122070312,106.16999816894531,105.66000366210938,105.69000244140625,3150100
2016-04-29,59.571292877197266,105.9000015258789,106.0199966430664,105.33000183105469,105.69000244140625,4680767
2016-05-02,59.62385559082031,105.44999694824219,105.44999694824219,105.12000274658203,105.12000274658203,1925100
2016-05-03,59.472110748291016,104.63999938964844,105.23999786376953,104.5199966430664,105.23999786376953,3397200
2016-05-04,59.16520690917969,104.0999984741211,104.5199966430664,104.01000213623047,104.4000015258789,5377633
2016-05-05,59.18227767944336,104.12999725341797,104.48999786376953,104.04000091552734,104.48999786376953,4380867
2016-05-06,59.16520690917969,104.0999984741211,104.43000030517578,103.68000030517578,103.73999786376953,3938733
2016-05-09,59.131103515625,104.04000091552734,104.25,103.91999816894531,104.0999984741211,2799833
2016-05-10,59.591468811035156,104.8499984741211,104.94000244140625,104.12999725341797,104.12999725341797,3611367
2016-05-11,59.57444381713867,104.81999969482422,105.2699966430664,104.69999694824219,104.94000244140625,3854800
2016-05-12,59.57444381713867,104.81999969482422,105.1500015258789,104.69999694824219,105.1500015258789,2467200
2016-05-13,59.33571243286133,104.4000015258789,104.97000122070312,104.27999877929688,104.8499984741211,3472833
2016-05-16,59.69378662109375,105.02999877929688,105.05999755859375,104.48999786376953,104.66999816894531,2746000
2016-05-17,59.64264678955078,104.94000244140625,105.18000030517578,104.79000091552734,105.18000030517578,3279533
2016-05-18,59.591468811035156,104.8499984741211,105.2699966430664,104.61000061035156,104.91000366210938,3982367
2016-05-19,59.45504379272461,104.61000061035156,104.69999694824219,104.22000122070312,104.48999786376953,3945100
2016-05-20,59.659637451171875,104.97000122070312,105.05999755859375,104.61000061035156,104.61000061035156,3978367
2016-05-23,59.69378662109375,105.02999877929688,105.1500015258789,104.81999969482422,104.94000244140625,2057933
2016-05-24,60.051822662353516,105.66000366210938,105.80999755859375,105.23999786376953,105.36000061035156,3550333
2016-05-25,60.188236236572266,105.9000015258789,106.05000305175781,105.80999755859375,105.93000030517578,2650500
2016-05-26,60.06888961791992,105.69000244140625,106.16999816894531,105.62999725341797,106.16999816894531,1930600
2016-05-27,60.13710403442383,105.80999755859375,105.80999755859375,105.56999969482422,105.5999984741211,2005733
2016-05-31,60.06888961791992,105.69000244140625,106.0199966430664,105.66000366210938,105.9000015258789,1809633
2016-06-01,60.09806823730469,105.18000030517578,105.20999908447266,104.79000091552734,104.94000244140625,5022800
2016-06-02,60.11515426635742,105.20999908447266,105.23999786376953,104.8499984741211,105.08999633789062,2353500
2016-06-03,60.218040466308594,105.38999938964844,105.54000091552734,105.12000274658203,105.41999816894531,3127433
2016-06-06,60.50943374633789,105.9000015258789,105.95999908447266,105.56999969482422,105.69000244140625,3583400
2016-06-07,60.80082702636719,106.41000366210938,106.5,105.95999908447266,106.0199966430664,3836400
2016-06-08,61.07508850097656,106.88999938964844,106.94999694824219,106.5,106.5,2704000
2016-06-09,60.80082702636719,106.41000366210938,106.70999908447266,106.3499984741211,106.6500015258789,3050367
2016-06-10,60.47514724731445,105.83999633789062,106.19999694824219,105.62999725341797,106.0199966430664,3309133
2016-06-13,60.132320404052734,105.23999786376953,105.83999633789062,105.18000030517578,105.66000366210938,2883733
2016-06-14,59.92665481567383,104.87999725341797,105.1500015258789,104.55000305175781,105.05999755859375,5982367
2016-06-15,59.858062744140625,104.76000213623047,105.33000183105469,104.66999816894531,105.08999633789062,5822000
2016-06-16,59.840885162353516,104.7300033569336,104.8499984741211,104.01000213623047,104.48999786376953,7776633
2016-06-17,59.909481048583984,104.8499984741211,105.05999755859375,104.69999694824219,104.8499984741211,4619933
2016-06-20,60.3380126953125,105.5999984741211,106.0199966430664,105.54000091552734,105.83999633789062,3278767
2016-06-21,60.68083190917969,106.19999694824219,106.19999694824219,105.69000244140625,105.93000030517578,4725567
2016-06-22,60.629425048828125,106.11000061035156,106.26000213623047,105.95999908447266,106.08000183105469,7143200
2016-06-23,61.07508850097656,106.88999938964844,106.94999694824219,106.37999725341797,106.37999725341797,2576533
2016-06-24,60.16661834716797,105.30000305175781,106.0199966430664,104.61000061035156,104.61000061035156,6622533
2016-06-27,59.12097930908203,103.47000122070312,104.94000244140625,103.41000366210938,104.8499984741211,13028600
2016-06-28,59.92665481567383,104.87999725341797,104.91000366210938,104.37000274658203,104.63999938964844,7293300
2016-06-29,60.663692474365234,106.16999816894531,106.31999969482422,105.51000213623047,105.62999725341797,6612667
2016-06-30,61.17794418334961,107.06999969482422,107.12999725341797,106.05000305175781,106.26000213623047,7383500
2016-07-01,61.22449493408203,106.58999633789062,106.88999938964844,106.29000091552734,106.44000244140625,3719433
2016-07-05,60.93153381347656,106.08000183105469,106.44000244140625,105.77999877929688,106.44000244140625,3349567
2016-07-06,61.22449493408203,106.58999633789062,106.6500015258789,105.69000244140625,105.80999755859375,5060733
2016-07-07,61.327880859375,106.7699966430664,107.01000213623047,106.37999725341797,106.58999633789062,5382700
2016-07-08,62.15501022338867,108.20999908447266,108.2699966430664,107.0999984741211,107.25,9373700
2016-07-11,62.275604248046875,108.41999816894531,108.66000366210938,108.33000183105469,108.36000061035156,5327100
2016-07-12,62.430686950683594,108.69000244140625,109.19999694824219,108.69000244140625,108.9000015258789,5458433
2016-07-13,62.275604248046875,108.41999816894531,108.77999877929688,108.1500015258789,108.66000366210938,4732100
2016-07-14,62.32731246948242,108.51000213623047,108.75,108.36000061035156,108.66000366210938,3794300
2016-07-15,62.22391891479492,108.33000183105469,108.75,108.30000305175781,108.75,2164433
2016-07-18,62.48239517211914,108.77999877929688,108.83999633789062,108.41999816894531,108.51000213623047,1886533
2016-07-19,62.292823791503906,108.44999694824219,108.80999755859375,108.30000305175781,108.62999725341797,4118700
2016-07-20,62.447906494140625,108.72000122070312,108.87000274658203,108.38999938964844,108.69000244140625,2504067
2016-07-21,62.430686950683594,108.69000244140625,108.95999908447266,108.56999969482422,108.72000122070312,1780567
2016-07-22,62.65471649169922,109.08000183105469,109.16999816894531,108.56999969482422,108.75,1673133
2016-07-25,62.31007385253906,108.4800033569336,109.0199966430664,108.44999694824219,109.0199966430664,1949267
2016-07-26,62.13774490356445,108.18000030517578,108.56999969482422,108.12000274658203,108.54000091552734,3395300
2016-07-27,62.31007385253906,108.4800033569336,108.54000091552734,108.05999755859375,108.38999938964844,3835367
2016-07-28,62.01713943481445,107.97000122070312,108.30000305175781,107.94000244140625,108.20999908447266,2451767
2016-07-29,62.13774490356445,108.18000030517578,108.20999908447266,107.69999694824219,107.94000244140625,4062433
2016-08-01,61.753170013427734,106.94999694824219,107.48999786376953,106.91999816894531,107.48999786376953,3530067
2016-08-02,61.68394470214844,106.83000183105469,107.19000244140625,106.7699966430664,107.12999725341797,8601767
2016-08-03,61.89176940917969,107.19000244140625,107.30999755859375,106.88999938964844,106.88999938964844,5883300
2016-08-04,62.30751037597656,107.91000366210938,108.0,107.19000244140625,107.19000244140625,3677800
2016-08-05,62.42877197265625,108.12000274658203,108.54000091552734,108.12000274658203,108.18000030517578,3678133
2016-08-08,62.77519607543945,108.72000122070312,108.77999877929688,108.30000305175781,108.44999694824219,4943633
2016-08-09,62.983070373535156,109.08000183105469,109.13999938964844,108.77999877929688,108.9000015258789,2729533
2016-08-10,62.965789794921875,109.05000305175781,109.19999694824219,108.9000015258789,109.16999816894531,1970200
2016-08-11,63.06968307495117,109.2300033569336,109.29000091552734,108.98999786376953,109.0199966430664,1967967
2016-08-12,63.13896179199219,109.3499984741211,109.3499984741211,108.98999786376953,109.0199966430664,1813667
2016-08-15,63.312191009521484,109.6500015258789,109.68000030517578,109.3499984741211,109.44000244140625,1752467
2016-08-16,63.12166213989258,109.31999969482422,109.62000274658203,109.29000091552734,109.62000274658203,3955367
2016-08-17,63.22555160522461,109.5,109.58999633789062,109.2300033569336,109.44000244140625,1621000
2016-08-18,63.46806716918945,109.91999816894531,109.9800033569336,109.5,109.5,1670767
2016-08-19,63.29486846923828,109.62000274658203,109.86000061035156,109.55999755859375,109.73999786376953,1558133
2016-08-22,63.15629959106445,109.37999725341797,109.62000274658203,109.3499984741211,109.44000244140625,1470267
2016-08-23,63.43344497680664,109.86000061035156,109.94999694824219,109.58999633789062,109.73999786376953,1698433
2016-08-24,63.242889404296875,109.52999877929688,109.88999938964844,109.47000122070312,109.86000061035156,1399667
2016-08-25,63.277557373046875,109.58999633789062,109.83000183105469,109.52999877929688,109.68000030517578,1859533
2016-08-26,63.29486846923828,109.62000274658203,110.0999984741211,109.44000244140625,109.73999786376953,1625800
2016-08-29,63.624019622802734,110.19000244140625,110.30999755859375,109.80000305175781,109.83000183105469,2565033
2016-08-30,63.606689453125,110.16000366210938,110.27999877929688,109.91999816894531,110.25,1572633
2016-08-31,63.29486846923828,109.62000274658203,110.16000366210938,109.55999755859375,110.0999984741211,6321300
2016-09-01,63.44460678100586,109.31999969482422,109.37999725341797,108.87000274658203,109.29000091552734,3103700
2016-09-02,63.792789459228516,109.91999816894531,110.01000213623047,109.47000122070312,109.55999755859375,3208933
2016-09-06,63.862483978271484,110.04000091552734,110.0999984741211,109.7699966430664,109.91999816894531,3066500
2016-09-07,63.7406005859375,109.83000183105469,110.06999969482422,109.6500015258789,110.06999969482422,1684433
2016-09-08,63.601322174072266,109.58999633789062,109.80000305175781,109.47000122070312,109.80000305175781,2150833
2016-09-09,62.9396858215332,108.44999694824219,109.2300033569336,108.41999816894531,109.2300033569336,3912233
2016-09-12,63.14862823486328,108.80999755859375,109.08000183105469,108.1500015258789,108.30000305175781,5471400
2016-09-13,62.69590759277344,108.02999877929688,108.72000122070312,107.91000366210938,108.66000366210938,6517233
2016-09-14,62.64372634887695,107.94000244140625,108.4800033569336,107.8499984741211,108.1500015258789,6080033
2016-09-15,62.9744873046875,108.51000213623047,108.66000366210938,108.0,108.0,3418267
2016-09-16,62.92227554321289,108.41999816894531,108.51000213623047,108.18000030517578,108.44999694824219,2909533
2016-09-19,62.991912841796875,108.54000091552734,108.75,108.38999938964844,108.44999694824219,3138000
2016-09-20,62.957122802734375,108.4800033569336,108.83999633789062,108.30000305175781,108.75,3384967
2016-09-21,63.4620246887207,109.3499984741211,109.44000244140625,108.44999694824219,108.5999984741211,5619367
2016-09-22,63.705745697021484,109.7699966430664,110.01000213623047,109.44000244140625,109.80000305175781,4083900
2016-09-23,63.566471099853516,109.52999877929688,109.88999938964844,109.5,109.73999786376953,6031067
2016-09-26,63.28788375854492,109.05000305175781,109.52999877929688,109.0199966430664,109.26000213623047,2306133
2016-09-27,63.531654357910156,109.47000122070312,109.47000122070312,108.83999633789062,109.08000183105469,2391333
2016-09-28,63.94954299926758,110.19000244140625,110.22000122070312,109.29000091552734,109.58999633789062,4127633
2016-09-29,63.65351867675781,109.68000030517578,110.19000244140625,109.41000366210938,110.19000244140625,4680500
2016-09-30,63.93209457397461,110.16000366210938,110.22000122070312,109.83000183105469,109.86000061035156,3542333
2016-10-03,63.942623138427734,109.62000274658203,109.68000030517578,109.31999969482422,109.44000244140625,4889233
2016-10-04,63.87257766723633,109.5,109.80000305175781,109.31999969482422,109.68000030517578,3761167
2016-10-05,64.04759216308594,109.80000305175781,109.83000183105469,109.52999877929688,109.73999786376953,3418267
2016-10-06,64.04759216308594,109.80000305175781,109.86000061035156,109.55999755859375,109.83000183105469,2583533
2016-10-07,64.18761444091797,110.04000091552734,110.12999725341797,109.52999877929688,109.86000061035156,2973167
2016-10-10,64.43258666992188,110.45999908447266,110.55000305175781,109.9800033569336,109.9800033569336,1242700
2016-10-11,64.06511688232422,109.83000183105469,110.33999633789062,109.6500015258789,110.33999633789062,4171067
2016-10-12,64.0125961303711,109.73999786376953,110.01000213623047,109.58999633789062,109.86000061035156,2309867
2016-10-13,63.92509460449219,109.58999633789062,109.70999908447266,109.19999694824219,109.37999725341797,5159633
2016-10-14,64.0125961303711,109.73999786376953,109.9800033569336,109.6500015258789,109.7699966430664,2246800
2016-10-17,63.99512481689453,109.70999908447266,109.9800033569336,109.55999755859375,109.88999938964844,3190567
2016-10-18,64.20511627197266,110.06999969482422,110.19000244140625,109.80000305175781,110.04000091552734,2202433
2016-10-19,64.41506958007812,110.43000030517578,110.5199966430664,110.16000366210938,110.19000244140625,1715933
2016-10-20,64.3975830078125,110.4000015258789,110.58000183105469,110.27999877929688,110.43000030517578,2929600
2016-10-21,64.46756744384766,110.5199966430664,110.58000183105469,110.25,110.33999633789062,2936967
2016-10-24,64.52007293701172,110.61000061035156,110.7300033569336,110.43000030517578,110.7300033569336,1305300
2016-10-25,64.48509979248047,110.55000305175781,110.63999938964844,110.4000015258789,110.5199966430664,2901067
2016-10-26,64.18761444091797,110.04000091552734,110.5199966430664,110.04000091552734,110.22000122070312,2629233
2016-10-27,63.92509460449219,109.58999633789062,110.25,109.5,110.25,4703233
2016-10-28,63.64508056640625,109.11000061035156,109.58999633789062,109.0199966430664,109.52999877929688,5435700
2016-10-31,63.452598571777344,108.77999877929688,109.19999694824219,108.62999725341797,109.11000061035156,10216133
2016-11-01,63.25208282470703,107.87999725341797,108.33000183105469,107.45999908447266,108.33000183105469,4903033
2016-11-02,62.88273239135742,107.25,107.76000213623047,107.0999984741211,107.76000213623047,8914767
2016-11-03,62.90031814575195,107.27999877929688,107.66999816894531,107.22000122070312,107.4000015258789,3522033
2016-11-04,63.00581359863281,107.45999908447266,107.66999816894531,107.27999877929688,107.45999908447266,4498067
2016-11-07,63.832542419433594,108.87000274658203,108.9000015258789,108.2699966430664,108.2699966430664,5043700
2016-11-08,63.72700881958008,108.69000244140625,108.77999877929688,108.36000061035156,108.44999694824219,6239233
2016-11-09,63.30487823486328,107.97000122070312,109.0199966430664,107.87999725341797,107.97000122070312,8153633
2016-11-10,62.40782165527344,106.44000244140625,107.76000213623047,106.44000244140625,107.66999816894531,8462467
2016-11-11,61.792171478271484,105.38999938964844,106.44000244140625,105.1500015258789,106.11000061035156,5082567
2016-11-14,62.24946975708008,106.16999816894531,106.3499984741211,105.1500015258789,105.18000030517578,7860400
2016-11-15,63.07621765136719,107.58000183105469,107.69999694824219,106.7699966430664,106.80000305175781,5827033
2016-11-16,62.829952239990234,107.16000366210938,107.30999755859375,107.01000213623047,107.06999969482422,4324000
2016-11-17,62.68921661376953,106.91999816894531,107.43000030517578,106.91999816894531,107.12999725341797,3640067
2016-11-18,62.65403747558594,106.86000061035156,107.33999633789062,106.80000305175781,107.04000091552734,4796700
2016-11-21,63.1817626953125,107.76000213623047,107.76000213623047,107.16000366210938,107.16000366210938,3269067
2016-11-22,63.65668869018555,108.56999969482422,108.66000366210938,107.79000091552734,107.79000091552734,5976733
2016-11-23,63.375240325927734,108.08999633789062,108.2699966430664,107.79000091552734,107.91000366210938,2626100
2016-11-25,63.48075866699219,108.2699966430664,108.36000061035156,108.1500015258789,108.18000030517578,740267
2016-11-28,63.53352355957031,108.36000061035156,108.66000366210938,108.05999755859375,108.4800033569336,7753867
2016-11-29,63.410438537597656,108.1500015258789,108.33000183105469,107.94000244140625,108.0,2670967
2016-11-30,63.53352355957031,108.36000061035156,108.51000213623047,108.0,108.36000061035156,3519267
2016-12-01,63.28252029418945,107.4000015258789,107.97000122070312,107.30999755859375,107.97000122070312,5572133
2016-12-02,63.65376281738281,108.02999877929688,108.02999877929688,107.43000030517578,107.45999908447266,4394033
2016-12-05,63.84817123413086,108.36000061035156,108.38999938964844,108.0,108.02999877929688,3076833
2016-12-06,64.09569549560547,108.77999877929688,108.77999877929688,108.38999938964844,108.44999694824219,3642900
2016-12-07,64.50221252441406,109.47000122070312,109.47000122070312,108.80999755859375,108.83999633789062,9339667
2016-12-08,64.44918823242188,109.37999725341797,109.41000366210938,108.93000030517578,109.26000213623047,3243333
2016-12-09,64.44918823242188,109.37999725341797,109.52999877929688,109.26000213623047,109.37999725341797,1873133
2016-12-12,64.37847137451172,109.26000213623047,109.68000030517578,109.19999694824219,109.62000274658203,3794867
2016-12-13,64.57291412353516,109.58999633789062,109.86000061035156,109.47000122070312,109.62000274658203,2419233
2016-12-14,64.02494812011719,108.66000366210938,109.83000183105469,108.51000213623047,109.5,3688567
2016-12-15,64.09569549560547,108.77999877929688,108.95999908447266,108.41999816894531,108.4800033569336,2935567
2016-12-16,64.148681640625,108.87000274658203,109.13999938964844,108.77999877929688,109.11000061035156,3082867
2016-12-19,64.37847137451172,109.26000213623047,109.31999969482422,108.93000030517578,109.0199966430664,1596633
2016-12-20,64.41382598876953,109.31999969482422,109.47000122070312,109.08000183105469,109.41000366210938,3610533
2016-12-21,64.55524444580078,109.55999755859375,109.58999633789062,109.2300033569336,109.26000213623047,4169900
2016-12-22,64.64363861083984,109.70999908447266,109.70999908447266,109.37999725341797,109.5,4394300
2016-12-23,64.8027114868164,109.9800033569336,110.01000213623047,109.52999877929688,109.58999633789062,1779733
2016-12-27,64.64363861083984,109.70999908447266,110.06999969482422,109.68000030517578,109.88999938964844,1699833
2016-12-28,64.5743179321289,109.05000305175781,109.44000244140625,109.05000305175781,109.3499984741211,2816367
2016-12-29,64.66316986083984,109.19999694824219,109.29000091552734,109.0199966430664,109.19999694824219,1602400
2016-12-30,64.75198364257812,109.3499984741211,109.41000366210938,109.11000061035156,109.26000213623047,2252567
2017-01-03,65.07174682617188,109.88999938964844,109.94999694824219,109.55999755859375,109.73999786376953,5394733
2017-01-04,65.35599517822266,110.37000274658203,110.45999908447266,109.91999816894531,110.06999969482422,4597067
2017-01-05,65.2493667602539,110.19000244140625,110.45999908447266,110.12999725341797,110.27999877929688,6218533
2017-01-06,65.26717376708984,110.22000122070312,110.30999755859375,109.94999694824219,110.16000366210938,3472333
2017-01-09,65.2849349975586,110.25,110.33999633789062,110.04000091552734,110.27999877929688,4212267
2017-01-10,65.3204574584961,110.30999755859375,110.58000183105469,110.27999877929688,110.33999633789062,1882167
2017-01-11,65.30268096923828,110.27999877929688,110.4000015258789,110.16000366210938,110.25,2688733
2017-01-12,65.3204574584961,110.30999755859375,110.33999633789062,110.12999725341797,110.25,2636833
2017-01-13,65.33821105957031,110.33999633789062,110.45999908447266,110.12999725341797,110.37000274658203,1907033
2017-01-17,65.30268096923828,110.27999877929688,110.33999633789062,110.16000366210938,110.33999633789062,2723900
2017-01-18,65.33821105957031,110.33999633789062,110.37000274658203,110.16000366210938,110.19000244140625,2062167
2017-01-19,65.16056823730469,110.04000091552734,110.37000274658203,109.91999816894531,110.37000274658203,2949700
2017-01-20,65.2849349975586,110.25,110.25,109.9800033569336,110.12999725341797,4297800
2017-01-23,65.30268096923828,110.27999877929688,110.37000274658203,110.0999984741211,110.25,2262967
2017-01-24,65.44480895996094,110.5199966430664,110.55000305175781,110.19000244140625,110.27999877929688,2284700
2017-01-25,65.64024353027344,110.8499984741211,110.87999725341797,110.55000305175781,110.69999694824219,3696100
2017-01-26,65.67577362060547,110.91000366210938,110.91000366210938,110.66999816894531,110.81999969482422,4044067
2017-01-27,65.72905731201172,111.0,111.02999877929688,110.76000213623047,110.91000366210938,2875100
2017-01-30,65.58690643310547,110.76000213623047,110.94000244140625,110.61000061035156,110.87999725341797,2990200
2017-01-31,65.56918334960938,110.7300033569336,110.79000091552734,110.5199966430664,110.76000213623047,3514800
2017-02-01,65.72090148925781,110.45999908447266,110.55000305175781,110.12999725341797,110.55000305175781,3657567
2017-02-02,65.68516540527344,110.4000015258789,110.48999786376953,110.27999877929688,110.43000030517578,4780300
2017-02-03,65.82797241210938,110.63999938964844,110.7300033569336,110.5199966430664,110.63999938964844,3026633
2017-02-06,65.72090148925781,110.45999908447266,110.7300033569336,110.45999908447266,110.69999694824219,2767033
2017-02-07,65.68516540527344,110.4000015258789,110.61000061035156,110.37000274658203,110.58000183105469,2055333
2017-02-08,65.6673355102539,110.37000274658203,110.48999786376953,110.19000244140625,110.4000015258789,2726967
2017-02-09,65.81011962890625,110.61000061035156,110.7300033569336,110.37000274658203,110.37000274658203,2247200
2017-02-10,65.86366271972656,110.69999694824219,110.69999694824219,110.5199966430664,110.69999694824219,1938833
2017-02-13,65.93507385253906,110.81999969482422,110.94000244140625,110.7300033569336,110.81999969482422,2609067
2017-02-14,66.0243148803711,110.97000122070312,111.0,110.61000061035156,110.87999725341797,2644833
2017-02-15,66.0064697265625,110.94000244140625,111.0,110.76000213623047,110.87999725341797,1426067
2017-02-16,65.93507385253906,110.81999969482422,110.97000122070312,110.61000061035156,110.91000366210938,2414167
2017-02-17,65.97074890136719,110.87999725341797,110.91000366210938,110.61000061035156,110.7300033569336,1036967
2017-02-21,66.22066497802734,111.30000305175781,111.33000183105469,110.97000122070312,111.02999877929688,1758667
2017-02-22,66.23851013183594,111.33000183105469,111.36000061035156,111.08999633789062,111.2699966430664,2797233
2017-02-23,66.30990600585938,111.44999694824219,111.56999969482422,111.33000183105469,111.56999969482422,2206200
2017-02-24,66.30990600585938,111.44999694824219,111.56999969482422,111.30000305175781,111.30000305175781,2066833
2017-02-27,66.41698455810547,111.62999725341797,111.62999725341797,111.44999694824219,111.56999969482422,3480500
2017-02-28,66.4348373413086,111.66000366210938,111.66000366210938,111.51000213623047,111.66000366210938,2845000
2017-03-01,66.6787338256836,111.54000091552734,111.5999984741211,111.41999816894531,111.4800033569336,2472667
2017-03-02,66.51732635498047,111.2699966430664,111.54000091552734,111.20999908447266,111.44999694824219,2017133
2017-03-03,66.51732635498047,111.2699966430664,111.36000061035156,110.97000122070312,111.20999908447266,2703367
2017-03-06,66.2303695678711,110.79000091552734,111.08999633789062,110.7300033569336,111.0,2839267
2017-03-07,65.8358383178711,110.12999725341797,110.61000061035156,110.06999969482422,110.48999786376953,4046567
2017-03-08,65.35165405273438,109.31999969482422,109.9800033569336,109.31999969482422,109.86000061035156,5983233
2017-03-09,65.15434265136719,108.98999786376953,109.37999725341797,108.77999877929688,109.16999816894531,9661467
2017-03-10,65.15434265136719,108.98999786376953,109.58999633789062,108.75,109.58999633789062,9696267
2017-03-13,65.26195526123047,109.16999816894531,109.19999694824219,108.80999755859375,109.11000061035156,5324633
2017-03-14,65.01089477539062,108.75,108.9000015258789,108.5999984741211,108.69000244140625,8202767
2017-03-15,65.9075698852539,110.25,110.25,108.98999786376953,109.08000183105469,8151967
2017-03-16,65.71035766601562,109.91999816894531,110.5199966430664,109.86000061035156,110.45999908447266,6299833
2017-03-17,65.69234466552734,109.88999938964844,110.0999984741211,109.88999938964844,110.06999969482422,4273367
2017-03-20,65.62065124511719,109.7699966430664,109.94999694824219,109.68000030517578,109.86000061035156,2564167
2017-03-21,65.10055541992188,108.9000015258789,110.01000213623047,108.87000274658203,109.94999694824219,6363533
2017-03-22,65.33369445800781,109.29000091552734,109.31999969482422,108.56999969482422,108.9000015258789,3913633
2017-03-23,65.24401092529297,109.13999938964844,109.52999877929688,109.08000183105469,109.2300033569336,3707633
2017-03-24,65.53096771240234,109.62000274658203,109.6500015258789,109.29000091552734,109.37999725341797,3016367
2017-03-27,65.40543365478516,109.41000366210938,109.55999755859375,109.11000061035156,109.26000213623047,1924133
2017-03-28,65.87171936035156,110.19000244140625,110.22000122070312,109.5,109.55999755859375,6231600
2017-03-29,65.94347381591797,110.30999755859375,110.55000305175781,110.12999725341797,110.22000122070312,5938067
2017-03-30,66.2841796875,110.87999725341797,110.91000366210938,110.43000030517578,110.55000305175781,7498233
2017-03-31,66.2303695678711,110.79000091552734,111.0,110.7300033569336,110.81999969482422,3280833
2017-04-03,66.21598052978516,110.25,110.4000015258789,110.0999984741211,110.27999877929688,3771433
2017-04-04,66.2339859008789,110.27999877929688,110.4000015258789,110.12999725341797,110.27999877929688,3365367
2017-04-05,66.14391326904297,110.12999725341797,110.7300033569336,110.12999725341797,110.45999908447266,4392033
2017-04-06,66.2339859008789,110.27999877929688,110.48999786376953,110.16000366210938,110.30999755859375,2408000
2017-04-07,66.2339859008789,110.27999877929688,110.58000183105469,110.27999877929688,110.37000274658203,3107800
2017-04-10,66.36017608642578,110.48999786376953,110.61000061035156,110.30999755859375,110.45999908447266,3690733
2017-04-11,66.2339859008789,110.27999877929688,110.5199966430664,110.19000244140625,110.43000030517578,4172967
2017-04-12,66.28804779052734,110.37000274658203,110.55000305175781,110.25,110.37000274658203,1550433
2017-04-13,66.12586975097656,110.0999984741211,110.48999786376953,110.06999969482422,110.37000274658203,3588400
2017-04-17,66.34209442138672,110.45999908447266,110.48999786376953,110.19000244140625,110.19000244140625,1836667
2017-04-18,66.3241195678711,110.43000030517578,110.48999786376953,110.19000244140625,110.43000030517578,1931433
2017-04-19,66.28804779052734,110.37000274658203,110.7300033569336,110.30999755859375,110.45999908447266,2683567
2017-04-20,66.48625946044922,110.69999694824219,110.7300033569336,110.48999786376953,110.48999786376953,2943567
2017-04-21,66.43221282958984,110.61000061035156,110.79000091552734,110.5199966430664,110.61000061035156,2213033
2017-04-24,66.73851013183594,111.12000274658203,111.18000030517578,110.94000244140625,110.94000244140625,1271100
2017-04-25,66.88263702392578,111.36000061035156,111.38999938964844,111.20999908447266,111.23999786376953,2345333
2017-04-26,66.8105697631836,111.23999786376953,111.4800033569336,111.23999786376953,111.2699966430664,1273300
2017-04-27,66.9006576538086,111.38999938964844,111.44999694824219,111.20999908447266,111.2699966430664,2062767
2017-04-28,66.91869354248047,111.41999816894531,111.54000091552734,111.33000183105469,111.41999816894531,2066800
2017-05-01,66.90057373046875,110.87999725341797,111.08999633789062,110.8499984741211,110.87999725341797,1728267
2017-05-02,67.0091781616211,111.05999755859375,111.12000274658203,110.91000366210938,111.0,2440133
2017-05-03,67.06346130371094,111.1500015258789,111.18000030517578,110.97000122070312,110.97000122070312,1855367
2017-05-04,66.66526794433594,110.48999786376953,111.12000274658203,110.4000015258789,111.02999877929688,3215967
2017-05-05,66.84627532958984,110.79000091552734,110.87999725341797,110.5199966430664,110.69999694824219,4559433
2017-05-08,66.91870880126953,110.91000366210938,110.97000122070312,110.76000213623047,110.94000244140625,1811167
2017-05-09,66.86438751220703,110.81999969482422,111.1500015258789,110.81999969482422,111.05999755859375,4532600
2017-05-10,67.11778259277344,111.23999786376953,111.30000305175781,110.94000244140625,111.0,2957900
2017-05-11,67.11778259277344,111.23999786376953,111.33000183105469,111.0,111.23999786376953,2239500
2017-05-12,67.1358871459961,111.2699966430664,111.38999938964844,111.18000030517578,111.30000305175781,1899600
2017-05-15,67.298828125,111.54000091552734,111.66000366210938,111.41999816894531,111.54000091552734,2843600
2017-05-16,67.37120819091797,111.66000366210938,111.72000122070312,111.54000091552734,111.66000366210938,3763867
2017-05-17,67.04537963867188,111.12000274658203,111.44999694824219,111.12000274658203,111.2699966430664,3577967
2017-05-18,67.1358871459961,111.2699966430664,111.38999938964844,110.79000091552734,110.8499984741211,3757567
2017-05-19,67.298828125,111.54000091552734,111.66000366210938,111.41999816894531,111.44999694824219,4915333
2017-05-22,67.47981262207031,111.83999633789062,111.93000030517578,111.62999725341797,111.72000122070312,2201700
2017-05-23,67.49793243408203,111.87000274658203,111.95999908447266,111.83999633789062,111.9000015258789,2439867
2017-05-24,67.60652160644531,112.05000305175781,112.08000183105469,111.80999755859375,111.87000274658203,1630967
2017-05-25,67.53412628173828,111.93000030517578,112.19999694824219,111.93000030517578,111.98999786376953,2243367
2017-05-26,67.57028198242188,111.98999786376953,112.05000305175781,111.9000015258789,111.9000015258789,1040500
2017-05-30,67.69702911376953,112.19999694824219,112.2300033569336,111.93000030517578,111.98999786376953,1649200
2017-05-31,67.67893981933594,112.16999816894531,112.2300033569336,111.93000030517578,112.13999938964844,3169400
2017-06-01,67.82636260986328,111.77999877929688,111.87000274658203,111.51000213623047,111.77999877929688,3768833
2017-06-02,67.86275482177734,111.83999633789062,111.83999633789062,111.69000244140625,111.83999633789062,2839600
2017-06-05,67.82636260986328,111.77999877929688,111.83999633789062,111.69000244140625,111.83999633789062,1859733
2017-06-06,67.7353515625,111.62999725341797,111.72000122070312,111.54000091552734,111.62999725341797,2106000
2017-06-07,67.5897445678711,111.38999938964844,111.66000366210938,111.18000030517578,111.54000091552734,4119100
2017-06-08,67.62612915039062,111.44999694824219,111.51000213623047,111.08999633789062,111.30000305175781,2646267
2017-06-09,67.5897445678711,111.38999938964844,111.5999984741211,111.23999786376953,111.4800033569336,2521400
2017-06-12,67.77173614501953,111.69000244140625,111.72000122070312,111.38999938964844,111.38999938964844,1736500
2017-06-13,67.86275482177734,111.83999633789062,111.87000274658203,111.69000244140625,111.69000244140625,1971533
2017-06-14,67.82636260986328,111.77999877929688,111.98999786376953,111.66000366210938,111.93000030517578,2478833
2017-06-15,67.66253662109375,111.51000213623047,111.62999725341797,111.44999694824219,111.54000091552734,2745667
2017-06-16,67.4804916381836,111.20999908447266,111.5999984741211,111.20999908447266,111.5999984741211,2999700
2017-06-19,67.7353515625,111.62999725341797,111.72000122070312,111.4800033569336,111.4800033569336,2702833
2017-06-20,67.53512573242188,111.30000305175781,111.56999969482422,111.2699966430664,111.4800033569336,3046300
2017-06-21,67.1164321899414,110.61000061035156,111.36000061035156,110.55000305175781,111.36000061035156,6568700
2017-06-22,67.28028106689453,110.87999725341797,110.91000366210938,110.63999938964844,110.63999938964844,6679000
2017-06-23,67.53512573242188,111.30000305175781,111.30000305175781,110.87999725341797,110.94000244140625,2368100
2017-06-26,67.62612915039062,111.44999694824219,111.56999969482422,111.20999908447266,111.30000305175781,3821867
2017-06-27,67.46231079101562,111.18000030517578,111.4800033569336,111.1500015258789,111.4800033569336,3729767
2017-06-28,67.69893646240234,111.56999969482422,111.62999725341797,111.20999908447266,111.41999816894531,4121267
2017-06-29,67.57150268554688,111.36000061035156,111.62999725341797,111.1500015258789,111.56999969482422,4613267
2017-06-30,67.71714782714844,111.5999984741211,111.66000366210938,111.33000183105469,111.51000213623047,1778933
2017-07-03,67.6769027709961,111.02999877929688,111.36000061035156,111.0,111.2699966430664,1802567
2017-07-05,67.58546447753906,110.87999725341797,111.20999908447266,110.8499984741211,111.08999633789062,3622500
2017-07-06,67.42090606689453,110.61000061035156,110.91000366210938,110.4000015258789,110.91000366210938,5105400
2017-07-07,67.34774780273438,110.48999786376953,110.66999816894531,110.33999633789062,110.5199966430664,6782833
2017-07-10,67.47578430175781,110.69999694824219,110.76000213623047,110.5199966430664,110.5199966430664,3314967
2017-07-11,67.4391860961914,110.63999938964844,110.76000213623047,110.5199966430664,110.7300033569336,2785667
2017-07-12,67.82321166992188,111.2699966430664,111.30000305175781,111.0,111.0,5888867
2017-07-13,67.87809753417969,111.36000061035156,111.36000061035156,111.18000030517578,111.30000305175781,4279767
2017-07-14,68.00605010986328,111.56999969482422,111.66000366210938,111.30000305175781,111.36000061035156,5592500
2017-07-17,68.0426254272461,111.62999725341797,111.69000244140625,111.54000091552734,111.69000244140625,2319800
2017-07-18,68.13404846191406,111.77999877929688,111.83999633789062,111.56999969482422,111.66000366210938,3688633
2017-07-19,68.24378204345703,111.95999908447266,112.05000305175781,111.83999633789062,111.83999633789062,2080133
2017-07-20,68.31693267822266,112.08000183105469,112.13999938964844,111.9000015258789,112.08000183105469,1903833
2017-07-21,68.24378204345703,111.95999908447266,112.05000305175781,111.9000015258789,112.05000305175781,4035767
2017-07-24,68.31693267822266,112.08000183105469,112.08000183105469,111.87000274658203,112.05000305175781,1032833
2017-07-25,68.33518981933594,112.11000061035156,112.2300033569336,112.08000183105469,112.16999816894531,1254200
2017-07-26,68.4266357421875,112.26000213623047,112.37999725341797,112.13999938964844,112.29000091552734,1595200
2017-07-27,68.40834045410156,112.2300033569336,112.31999969482422,112.0199966430664,112.29000091552734,2898233
2017-07-28,68.40834045410156,112.2300033569336,112.2300033569336,112.08000183105469,112.2300033569336,2108433
2017-07-31,68.39006805419922,112.19999694824219,112.3499984741211,112.11000061035156,112.16999816894531,2192933
2017-08-01,68.50576782226562,111.9000015258789,111.93000030517578,111.75,111.80999755859375,2980700
2017-08-02,68.50576782226562,111.9000015258789,111.98999786376953,111.77999877929688,111.83999633789062,2020300
2017-08-03,68.34048461914062,111.62999725341797,111.83999633789062,111.5999984741211,111.83999633789062,3401633
2017-08-04,68.3588638305664,111.66000366210938,111.72000122070312,111.56999969482422,111.62999725341797,5170000
2017-08-07,68.34048461914062,111.62999725341797,111.72000122070312,111.56999969482422,111.72000122070312,1395367
2017-08-08,68.13845825195312,111.30000305175781,111.69000244140625,111.12000274658203,111.66000366210938,4180533
2017-08-09,67.84457397460938,110.81999969482422,111.12000274658203,110.7300033569336,111.12000274658203,5858533
2017-08-10,67.36708068847656,110.04000091552734,110.7300033569336,110.04000091552734,110.66999816894531,6928433
2017-08-11,67.5323486328125,110.30999755859375,110.43000030517578,110.19000244140625,110.30999755859375,5146833
2017-08-14,67.82624053955078,110.79000091552734,111.02999877929688,110.7300033569336,110.7300033569336,3226867
2017-08-15,67.89971923828125,110.91000366210938,110.97000122070312,110.76000213623047,110.87999725341797,3784267
2017-08-16,67.89971923828125,110.91000366210938,111.05999755859375,110.87999725341797,110.87999725341797,2362000
2017-08-17,67.55073547363281,110.33999633789062,110.87999725341797,110.16000366210938,110.87999725341797,4455233
2017-08-18,67.6058578491211,110.43000030517578,110.69999694824219,110.25,110.45999908447266,4065200
2017-08-21,67.67932891845703,110.55000305175781,110.66999816894531,110.43000030517578,110.45999908447266,2072967
2017-08-22,67.99150848388672,111.05999755859375,111.1500015258789,110.66999816894531,110.66999816894531,3252633
2017-08-23,67.95480346679688,111.0,111.08999633789062,110.8499984741211,110.8499984741211,1815900
2017-08-24,68.04662322998047,111.1500015258789,111.18000030517578,110.94000244140625,111.12000274658203,1809533
2017-08-25,68.19355010986328,111.38999938964844,111.38999938964844,111.18000030517578,111.20999908447266,1990367
2017-08-28,68.19355010986328,111.38999938964844,111.41999816894531,111.2699966430664,111.38999938964844,1506667
2017-08-29,68.1200942993164,111.2699966430664,111.33000183105469,111.05999755859375,111.12000274658203,1913833
2017-08-30,68.26702880859375,111.51000213623047,111.54000091552734,111.2699966430664,111.33000183105469,4414167
2017-08-31,68.4323501586914,111.77999877929688,111.77999877929688,111.54000091552734,111.56999969482422,3445633
2017-09-01,68.45813751220703,111.33000183105469,111.36000061035156,111.18000030517578,111.18000030517578,3174300
2017-09-05,68.36588287353516,111.18000030517578,111.30000305175781,111.0,111.2699966430664,3400800
2017-09-06,68.31053161621094,111.08999633789062,111.36000061035156,111.05999755859375,111.23999786376953,2806800
2017-09-07,68.32899475097656,111.12000274658203,111.2699966430664,111.12000274658203,111.23999786376953,1728300
2017-09-08,68.1260986328125,110.79000091552734,111.18000030517578,110.79000091552734,111.12000274658203,2476500
2017-09-11,68.34744262695312,111.1500015258789,111.30000305175781,111.02999877929688,111.05999755859375,2450900
2017-09-12,68.4396743774414,111.30000305175781,111.33000183105469,111.12000274658203,111.18000030517578,2881567
2017-09-13,68.40280151367188,111.23999786376953,111.30000305175781,111.1500015258789,111.20999908447266,3130967
2017-09-14,68.55036163330078,111.4800033569336,111.51000213623047,111.20999908447266,111.2699966430664,2071567
2017-09-15,68.5688247680664,111.51000213623047,111.56999969482422,111.36000061035156,111.38999938964844,1600667
2017-09-18,68.55036163330078,111.4800033569336,111.5999984741211,111.38999938964844,111.51000213623047,3680833
2017-09-19,68.66105651855469,111.66000366210938,111.66000366210938,111.41999816894531,111.54000091552734,1369033
2017-09-20,68.64261627197266,111.62999725341797,111.72000122070312,111.41999816894531,111.5999984741211,2953367
2017-09-21,68.53192901611328,111.44999694824219,111.69000244140625,111.41999816894531,111.69000244140625,1587433
2017-09-22,68.62416076660156,111.5999984741211,111.5999984741211,111.44999694824219,111.51000213623047,1723067
2017-09-25,68.67951965332031,111.69000244140625,111.72000122070312,111.54000091552734,111.5999984741211,1821767
2017-09-26,68.75328063964844,111.80999755859375,111.93000030517578,111.75,111.77999877929688,1560933
2017-09-27,68.79017639160156,111.87000274658203,111.9000015258789,111.72000122070312,111.83999633789062,1275233
2017-09-28,68.79017639160156,111.87000274658203,111.93000030517578,111.77999877929688,111.80999755859375,1516300
2017-09-29,68.8455581665039,111.95999908447266,111.95999908447266,111.80999755859375,111.9000015258789,2244433
2017-10-02,68.85846710205078,111.51000213623047,111.56999969482422,111.36000061035156,111.56999969482422,2913933
2017-10-03,68.9881820678711,111.72000122070312,111.72000122070312,111.44999694824219,111.44999694824219,2400333
2017-10-04,68.87701416015625,111.54000091552734,111.66000366210938,111.4800033569336,111.66000366210938,1884433
2017-10-05,68.96966552734375,111.69000244140625,111.69000244140625,111.51000213623047,111.54000091552734,2181733
2017-10-06,68.87701416015625,111.54000091552734,111.69000244140625,111.44999694824219,111.56999969482422,2885867
2017-10-09,68.9325942993164,111.62999725341797,111.69000244140625,111.54000091552734,111.62999725341797,417633
2017-10-10,68.9881820678711,111.72000122070312,111.75,111.54000091552734,111.69000244140625,3402267
2017-10-11,68.89556884765625,111.56999969482422,111.69000244140625,111.54000091552734,111.62999725341797,1650467
2017-10-12,68.83998107910156,111.4800033569336,111.56999969482422,111.44999694824219,111.56999969482422,1662933
2017-10-13,68.87701416015625,111.54000091552734,111.5999984741211,111.41999816894531,111.5999984741211,2361567
2017-10-16,68.89556884765625,111.56999969482422,111.5999984741211,111.4800033569336,111.54000091552734,1660933
2017-10-17,69.00670623779297,111.75,111.77999877929688,111.51000213623047,111.51000213623047,1912000
2017-10-18,69.04374694824219,111.80999755859375,111.9000015258789,111.75,111.75,1854567
2017-10-19,69.080810546875,111.87000274658203,111.9000015258789,111.69000244140625,111.77999877929688,1164300
2017-10-20,69.13638305664062,111.95999908447266,112.0199966430664,111.83999633789062,111.9000015258789,1083167
2017-10-23,69.06230163574219,111.83999633789062,112.05000305175781,111.83999633789062,112.0199966430664,1024667
2017-10-24,69.11787414550781,111.93000030517578,111.98999786376953,111.83999633789062,111.9000015258789,3203400
2017-10-25,68.89556884765625,111.56999969482422,111.80999755859375,111.44999694824219,111.77999877929688,3746700
2017-10-26,68.80293273925781,111.41999816894531,111.66000366210938,111.36000061035156,111.54000091552734,3592067
2017-10-27,68.96966552734375,111.69000244140625,111.72000122070312,111.38999938964844,111.4800033569336,2876100
2017-10-30,68.95111846923828,111.66000366210938,111.75,111.4800033569336,111.4800033569336,2031833
2017-10-31,68.9881820678711,111.72000122070312,111.75,111.62999725341797,111.66000366210938,1866000
2017-11-01,68.93238067626953,111.12000274658203,111.33000183105469,111.08999633789062,111.30000305175781,2342300
2017-11-02,68.8951187133789,111.05999755859375,111.18000030517578,110.91000366210938,111.12000274658203,3197167
2017-11-03,68.8579330444336,111.0,111.18000030517578,110.94000244140625,111.08999633789062,2954767
2017-11-06,68.82068634033203,110.94000244140625,111.18000030517578,110.94000244140625,111.02999877929688,5660667
2017-11-07,68.72762298583984,110.79000091552734,111.05999755859375,110.7300033569336,110.97000122070312,5992300
2017-11-08,68.39263153076172,110.25,110.76000213623047,110.22000122070312,110.69999694824219,3993267
2017-11-09,67.94596862792969,109.52999877929688,110.01000213623047,109.3499984741211,110.01000213623047,12599833
2017-11-10,68.26238250732422,110.04000091552734,110.12999725341797,109.58999633789062,109.62000274658203,5422167
2017-11-13,68.18795013427734,109.91999816894531,110.04000091552734,109.88999938964844,109.91999816894531,4831133
2017-11-14,67.9273910522461,109.5,109.86000061035156,109.3499984741211,109.80000305175781,3578300
2017-11-15,67.8715591430664,109.41000366210938,109.52999877929688,108.83999633789062,109.13999938964844,6158667
2017-11-16,68.50431060791016,110.43000030517578,110.61000061035156,109.94999694824219,109.9800033569336,7202567
2017-11-17,68.46707916259766,110.37000274658203,110.43000030517578,110.19000244140625,110.22000122070312,3800000
2017-11-20,68.50431060791016,110.43000030517578,110.61000061035156,110.37000274658203,110.4000015258789,1995633
2017-11-21,68.63458251953125,110.63999938964844,110.76000213623047,110.55000305175781,110.61000061035156,3219733
2017-11-22,68.78346252441406,110.87999725341797,110.91000366210938,110.66999816894531,110.7300033569336,3309567
2017-11-24,68.83931732177734,110.97000122070312,111.0,110.8499984741211,110.8499984741211,995733
2017-11-27,68.67178344726562,110.69999694824219,111.0,110.5199966430664,110.94000244140625,2507933
2017-11-28,68.8579330444336,111.0,111.05999755859375,110.69999694824219,110.7300033569336,7488167
2017-11-29,68.764892578125,110.8499984741211,111.0,110.76000213623047,110.91000366210938,2974100
2017-11-30,68.74626159667969,110.81999969482422,111.02999877929688,110.81999969482422,110.94000244140625,5152700
2017-12-01,68.70321655273438,110.25,110.48999786376953,109.80000305175781,110.43000030517578,5307067
2017-12-04,68.66584777832031,110.19000244140625,110.58000183105469,110.16000366210938,110.48999786376953,2789233
2017-12-05,68.70321655273438,110.25,110.37000274658203,110.16000366210938,110.30999755859375,2532500
2017-12-06,68.62847137451172,110.12999725341797,110.37000274658203,110.06999969482422,110.22000122070312,2590633
2017-12-07,68.6845703125,110.22000122070312,110.22000122070312,110.04000091552734,110.16000366210938,3307900
2017-12-08,68.72191619873047,110.27999877929688,110.33999633789062,110.19000244140625,110.33999633789062,2006600
2017-12-11,68.75935363769531,110.33999633789062,110.4000015258789,110.27999877929688,110.33999633789062,1871033
2017-12-12,68.75935363769531,110.33999633789062,110.43000030517578,110.30999755859375,110.30999755859375,1505200
2017-12-13,68.75935363769531,110.33999633789062,110.45999908447266,110.25,110.37000274658203,2791600
2017-12-14,68.59107971191406,110.06999969482422,110.4000015258789,109.91999816894531,110.33999633789062,4553300
2017-12-15,68.60977935791016,110.0999984741211,110.25,110.04000091552734,110.16000366210938,2114233
2017-12-18,68.6845703125,110.22000122070312,110.37000274658203,110.16000366210938,110.22000122070312,3988267
2017-12-19,68.55687713623047,109.52999877929688,109.7699966430664,109.5,109.70999908447266,2073767
2017-12-20,68.63198852539062,109.6500015258789,109.68000030517578,109.5,109.6500015258789,3478067
2017-12-21,68.65076446533203,109.68000030517578,109.80000305175781,109.62000274658203,109.70999908447266,2051700
2017-12-22,68.78221893310547,109.88999938964844,109.91999816894531,109.68000030517578,109.73999786376953,4679967
2017-12-26,68.87609100341797,110.04000091552734,110.04000091552734,109.83000183105469,109.9800033569336,1478300
2017-12-27,68.89488220214844,110.06999969482422,110.12999725341797,110.01000213623047,110.04000091552734,2064000
2017-12-28,68.83853912353516,109.9800033569336,110.0999984741211,109.94999694824219,110.04000091552734,1752733
2017-12-29,68.95120239257812,110.16000366210938,110.22000122070312,109.94999694824219,110.01000213623047,1667200
2018-01-02,69.02627563476562,110.27999877929688,110.30999755859375,110.16000366210938,110.25,3825100
2018-01-03,69.3642807006836,110.81999969482422,110.8499984741211,110.27999877929688,110.30999755859375,8505100
2018-01-04,69.45819854736328,110.97000122070312,111.08999633789062,110.81999969482422,110.8499984741211,2887367
2018-01-05,69.53329467773438,111.08999633789062,111.1500015258789,111.0,111.02999877929688,2724933
2018-01-08,69.45819854736328,110.97000122070312,111.1500015258789,110.97000122070312,111.02999877929688,3486133
2018-01-09,69.2891845703125,110.69999694824219,111.08999633789062,110.63999938964844,111.05999755859375,2927833
2018-01-10,69.15776824951172,110.48999786376953,110.58000183105469,110.19000244140625,110.43000030517578,16481400
2018-01-11,69.32677459716797,110.76000213623047,110.81999969482422,110.43000030517578,110.48999786376953,3347967
2018-01-12,69.2140884399414,110.58000183105469,110.7300033569336,110.5199966430664,110.61000061035156,5027867
2018-01-16,69.23284149169922,110.61000061035156,110.81999969482422,110.45999908447266,110.66999816894531,5822500
2018-01-17,69.17650604248047,110.5199966430664,110.69999694824219,110.48999786376953,110.55000305175781,4194300
2018-01-18,69.1202163696289,110.43000030517578,110.5199966430664,110.30999755859375,110.48999786376953,5777100
2018-01-19,69.13896942138672,110.45999908447266,110.48999786376953,110.33999633789062,110.37000274658203,3398833
2018-01-22,69.19534301757812,110.55000305175781,110.61000061035156,110.4000015258789,110.45999908447266,4673267
2018-01-23,69.40187072753906,110.87999725341797,110.91000366210938,110.55000305175781,110.58000183105469,3063000
2018-01-24,69.34551239013672,110.79000091552734,110.94000244140625,110.63999938964844,110.79000091552734,3827967
2018-01-25,69.27043914794922,110.66999816894531,110.81999969482422,110.58000183105469,110.79000091552734,4049967
2018-01-26,69.32677459716797,110.76000213623047,110.8499984741211,110.66999816894531,110.7300033569336,2640200
2018-01-29,69.1014404296875,110.4000015258789,110.61000061035156,110.37000274658203,110.5199966430664,5021167
2018-01-30,68.80097961425781,109.91999816894531,110.37000274658203,109.88999938964844,110.19000244140625,7499667
2018-01-31,68.91362762451172,110.0999984741211,110.22000122070312,109.9800033569336,110.16000366210938,6139033
2018-02-01,68.7439193725586,109.3499984741211,109.68000030517578,109.3499984741211,109.5,8204233
2018-02-02,68.4044418334961,108.80999755859375,109.16999816894531,108.5999984741211,109.08000183105469,9277300
2018-02-05,67.97065734863281,108.12000274658203,109.11000061035156,108.0,108.69000244140625,11461233
2018-02-06,68.3290023803711,108.69000244140625,108.80999755859375,107.76000213623047,107.76000213623047,14334100
2018-02-07,68.06493377685547,108.2699966430664,109.13999938964844,108.23999786376953,108.93000030517578,8502800
2018-02-08,67.57460021972656,107.48999786376953,108.38999938964844,107.33999633789062,108.30000305175781,12165933
2018-02-09,67.2917251586914,107.04000091552734,107.63999938964844,106.05000305175781,107.5199966430664,21190900
2018-02-12,67.74434661865234,107.76000213623047,107.91000366210938,107.27999877929688,107.37000274658203,8982667
2018-02-13,67.55574035644531,107.45999908447266,107.63999938964844,107.27999877929688,107.55000305175781,5217600
2018-02-14,67.66889190673828,107.63999938964844,107.66999816894531,107.06999969482422,107.0999984741211,5754600
2018-02-15,68.15925598144531,108.41999816894531,108.4800033569336,107.87999725341797,107.94000244140625,6080567
2018-02-16,68.49871063232422,108.95999908447266,108.98999786376953,108.36000061035156,108.51000213623047,5555900
2018-02-20,68.2535400390625,108.56999969482422,108.93000030517578,108.54000091552734,108.66000366210938,5533133
2018-02-21,67.98951721191406,108.1500015258789,108.87000274658203,108.05999755859375,108.62999725341797,5999067
2018-02-22,67.98951721191406,108.1500015258789,108.62999725341797,108.08999633789062,108.33000183105469,4991400
2018-02-23,68.38557434082031,108.77999877929688,108.83999633789062,108.1500015258789,108.20999908447266,3894933
2018-02-26,68.53643035888672,109.0199966430664,109.13999938964844,108.75,108.83999633789062,6475967
2018-02-27,68.34784698486328,108.72000122070312,109.08000183105469,108.5999984741211,109.08000183105469,4713667
2018-02-28,68.291259765625,108.62999725341797,108.95999908447266,108.51000213623047,108.83999633789062,5624033
2018-03-01,67.99383544921875,107.66999816894531,108.20999908447266,107.66999816894531,108.20999908447266,5337067
2018-03-02,68.20221710205078,108.0,108.02999877929688,107.43000030517578,107.5199966430664,5458433
2018-03-05,68.16435241699219,107.94000244140625,108.02999877929688,107.76000213623047,107.8499984741211,3616200
2018-03-06,68.2590560913086,108.08999633789062,108.20999908447266,107.87999725341797,108.1500015258789,3079567
2018-03-07,68.08857727050781,107.81999969482422,108.02999877929688,107.76000213623047,107.87999725341797,4068833
2018-03-08,68.14540100097656,107.91000366210938,108.0,107.69999694824219,108.0,3810100
2018-03-09,68.37272644042969,108.2699966430664,108.36000061035156,107.97000122070312,108.02999877929688,3989833
2018-03-12,68.29694366455078,108.1500015258789,108.36000061035156,107.97000122070312,108.30000305175781,3034033
2018-03-13,68.08857727050781,107.81999969482422,108.2699966430664,107.7300033569336,108.08999633789062,4026400
2018-03-14,68.01277923583984,107.69999694824219,107.97000122070312,107.63999938964844,107.8499984741211,3608000
2018-03-15,68.05067443847656,107.76000213623047,107.91000366210938,107.58000183105469,107.66999816894531,2024400
2018-03-16,68.14540100097656,107.91000366210938,107.97000122070312,107.69999694824219,107.7300033569336,2181133
2018-03-19,67.91807556152344,107.55000305175781,107.8499984741211,107.4000015258789,107.8499984741211,4324867
2018-03-20,68.01277923583984,107.69999694824219,107.76000213623047,107.45999908447266,107.61000061035156,3230333
2018-03-21,68.06961059570312,107.79000091552734,107.94000244140625,107.58000183105469,107.69999694824219,3233800
2018-03-22,67.65283203125,107.12999725341797,107.63999938964844,107.0999984741211,107.55000305175781,3466267
2018-03-23,67.48233032226562,106.86000061035156,107.4000015258789,106.70999908447266,107.22000122070312,5016467
2018-03-26,67.89909362792969,107.5199966430664,107.5199966430664,107.06999969482422,107.37000274658203,4253500
2018-03-27,67.80437469482422,107.37000274658203,107.69999694824219,107.16000366210938,107.5199966430664,3869200
2018-03-28,67.76649475097656,107.30999755859375,107.45999908447266,107.16000366210938,107.33999633789062,4497800
2018-03-29,67.91807556152344,107.55000305175781,107.76000213623047,107.33999633789062,107.4000015258789,5063633
2018-04-02,67.74681091308594,106.83000183105469,107.19000244140625,106.68000030517578,107.19000244140625,6435667
2018-04-03,67.8800048828125,107.04000091552734,107.04000091552734,106.6500015258789,106.83000183105469,6111000
2018-04-04,68.05123138427734,107.30999755859375,107.33999633789062,106.68000030517578,106.70999908447266,3130900
2018-04-05,68.10831451416016,107.4000015258789,107.55000305175781,107.27999877929688,107.37000274658203,2894300
2018-04-06,67.99414825439453,107.22000122070312,107.5199966430664,107.04000091552734,107.30999755859375,4504367
2018-04-09,68.24146270751953,107.61000061035156,107.63999938964844,107.33999633789062,107.4000015258789,4703300
2018-04-10,68.48877716064453,108.0,108.02999877929688,107.7300033569336,107.76000213623047,4444367
2018-04-11,68.48877716064453,108.0,108.12000274658203,107.91000366210938,108.0,2382867
2018-04-12,68.75517272949219,108.41999816894531,108.4800033569336,108.05999755859375,108.05999755859375,8871267
2018-04-13,68.7931900024414,108.4800033569336,108.5999984741211,108.38999938964844,108.4800033569336,4896967
2018-04-16,68.8883056640625,108.62999725341797,108.75,108.4800033569336,108.56999969482422,2663767
2018-04-17,68.92633819580078,108.69000244140625,108.95999908447266,108.62999725341797,108.77999877929688,3986600
2018-04-18,68.85025787353516,108.56999969482422,108.77999877929688,108.51000213623047,108.77999877929688,4410067
2018-04-19,68.66001892089844,108.2699966430664,108.4800033569336,108.12000274658203,108.41999816894531,3865467
2018-04-20,68.46976470947266,107.97000122070312,108.33000183105469,107.91000366210938,108.23999786376953,3319667
2018-04-23,68.26048278808594,107.63999938964844,108.0,107.55000305175781,107.91000366210938,2692300
2018-04-24,68.14634704589844,107.45999908447266,107.7300033569336,107.22000122070312,107.69999694824219,6141567
2018-04-25,68.05123138427734,107.30999755859375,107.45999908447266,107.04000091552734,107.25,4110267
2018-04-26,68.27952575683594,107.66999816894531,107.76000213623047,107.4000015258789,107.4000015258789,6093500
2018-04-27,68.24146270751953,107.61000061035156,107.87999725341797,107.48999786376953,107.81999969482422,2824433
2018-04-30,68.24146270751953,107.61000061035156,107.79000091552734,107.5199966430664,107.55000305175781,4125333
2018-05-01,68.22809600830078,107.0999984741211,107.16000366210938,106.88999938964844,107.04000091552734,3204000
2018-05-02,68.22809600830078,107.0999984741211,107.30999755859375,107.01000213623047,107.06999969482422,3570167
2018-05-03,68.20899200439453,107.06999969482422,107.12999725341797,106.86000061035156,107.04000091552734,5471200
2018-05-04,68.2471923828125,107.12999725341797,107.16000366210938,106.80000305175781,106.88999938964844,2869867
2018-05-07,68.30450439453125,107.22000122070312,107.27999877929688,107.0999984741211,107.16000366210938,3628967
2018-05-08,68.22809600830078,107.0999984741211,107.22000122070312,107.01000213623047,107.22000122070312,3528700
2018-05-09,68.32366943359375,107.25,107.30999755859375,107.04000091552734,107.16000366210938,3483767
2018-05-10,68.4765396118164,107.48999786376953,107.5199966430664,107.27999877929688,107.30999755859375,4421333
2018-05-11,68.43831634521484,107.43000030517578,107.61000061035156,107.33999633789062,107.55000305175781,3079233
2018-05-14,68.45742797851562,107.45999908447266,107.55000305175781,107.25,107.48999786376953,4794733
2018-05-15,68.11343383789062,106.91999816894531,107.25,106.86000061035156,107.25,4598400
2018-05-16,68.22809600830078,107.0999984741211,107.12999725341797,106.88999938964844,106.91999816894531,3397300
2018-05-17,68.22809600830078,107.0999984741211,107.19000244140625,106.9800033569336,107.01000213623047,4009000
2018-05-18,68.1516342163086,106.9800033569336,107.0999984741211,106.91999816894531,106.9800033569336,3886833
2018-05-21,68.22809600830078,107.0999984741211,107.22000122070312,107.01000213623047,107.04000091552734,3405467
2018-05-22,68.26628875732422,107.16000366210938,107.27999877929688,107.12999725341797,107.16000366210938,2427900
2018-05-23,68.30450439453125,107.22000122070312,107.25,107.01000213623047,107.04000091552734,4146800
2018-05-24,68.32366943359375,107.25,107.30999755859375,107.04000091552734,107.16000366210938,3297100
2018-05-25,68.22809600830078,107.0999984741211,107.22000122070312,107.04000091552734,107.19000244140625,3183867
2018-05-29,67.92228698730469,106.62000274658203,106.88999938964844,106.58999633789062,106.86000061035156,5520200
2018-05-30,68.17076110839844,107.01000213623047,107.01000213623047,106.7699966430664,106.88999938964844,3702700
2018-05-31,68.0751953125,106.86000061035156,107.0999984741211,106.86000061035156,107.06999969482422,3563933
2018-06-01,68.18465423583984,106.52999877929688,106.70999908447266,106.52999877929688,106.6500015258789,3908667
2018-06-04,68.37665557861328,106.83000183105469,106.86000061035156,106.70999908447266,106.70999908447266,3139100
2018-06-05,68.5110855102539,107.04000091552734,107.06999969482422,106.80000305175781,106.88999938964844,4537267
2018-06-06,68.60709381103516,107.19000244140625,107.30999755859375,106.91999816894531,106.94999694824219,4036300
2018-06-07,68.6455078125,107.25,107.33999633789062,107.12999725341797,107.25,3756233
2018-06-08,68.6455078125,107.25,107.30999755859375,107.0999984741211,107.0999984741211,3842400
2018-06-11,68.76068878173828,107.43000030517578,107.45999908447266,107.25,107.25,3053400
2018-06-12,68.83750915527344,107.55000305175781,107.55000305175781,107.4000015258789,107.45999908447266,4316333
2018-06-13,68.83750915527344,107.55000305175781,107.7300033569336,107.45999908447266,107.58000183105469,3598233
2018-06-14,69.04872131347656,107.87999725341797,107.91000366210938,107.69999694824219,107.76000213623047,3755167
2018-06-15,69.02953338623047,107.8499984741211,107.87999725341797,107.63999938964844,107.81999969482422,2988700
2018-06-18,68.99109649658203,107.79000091552734,107.81999969482422,107.66999816894531,107.7300033569336,2958467
2018-06-19,68.89511108398438,107.63999938964844,107.69999694824219,107.5199966430664,107.5199966430664,3002467
2018-06-20,68.97191619873047,107.76000213623047,107.76000213623047,107.63999938964844,107.69999694824219,2498133
2018-06-21,68.83750915527344,107.55000305175781,107.79000091552734,107.45999908447266,107.7300033569336,4534967
2018-06-22,68.856689453125,107.58000183105469,107.69999694824219,107.5199966430664,107.55000305175781,1998867
2018-06-25,68.7031021118164,107.33999633789062,107.55000305175781,107.22000122070312,107.4000015258789,4679733
2018-06-26,68.7031021118164,107.33999633789062,107.43000030517578,107.19000244140625,107.4000015258789,1622867
2018-06-27,68.5302963256836,107.06999969482422,107.33999633789062,106.9800033569336,107.27999877929688,5228833
2018-06-28,68.28068542480469,106.68000030517578,106.88999938964844,106.58999633789062,106.86000061035156,4349933
2018-06-29,68.12703704833984,106.44000244140625,106.94999694824219,106.41000366210938,106.73999786376953,5859200
2018-07-02,68.11931610107422,105.93000030517578,105.95999908447266,105.77999877929688,105.87000274658203,4800867
2018-07-03,68.15792083740234,105.98999786376953,106.26000213623047,105.95999908447266,106.11000061035156,3491000
2018-07-05,68.42797088623047,106.41000366210938,106.44000244140625,106.13999938964844,106.13999938964844,4286000
2018-07-06,68.6016616821289,106.68000030517578,106.68000030517578,106.41000366210938,106.47000122070312,3331867
2018-07-09,68.71736907958984,106.86000061035156,106.91999816894531,106.70999908447266,106.7699966430664,2634700
2018-07-10,68.71736907958984,106.86000061035156,107.01000213623047,106.83000183105469,106.91999816894531,3127333
2018-07-11,68.65948486328125,106.7699966430664,106.86000061035156,106.68000030517578,106.83000183105469,3277467
2018-07-12,68.8524169921875,107.06999969482422,107.12999725341797,106.83000183105469,106.88999938964844,7356800
2018-07-13,68.8524169921875,107.06999969482422,107.25,107.04000091552734,107.0999984741211,2789500
2018-07-16,68.79451751708984,106.9800033569336,107.0999984741211,106.94999694824219,107.0999984741211,2193667
2018-07-17,68.8524169921875,107.06999969482422,107.12999725341797,106.88999938964844,106.94999694824219,2912633
2018-07-18,68.91027069091797,107.16000366210938,107.22000122070312,107.01000213623047,107.0999984741211,2790000
2018-07-19,68.87171936035156,107.0999984741211,107.16000366210938,106.9800033569336,107.04000091552734,2282500
2018-07-20,68.89099884033203,107.12999725341797,107.22000122070312,107.04000091552734,107.0999984741211,1928367
2018-07-23,68.89099884033203,107.12999725341797,107.25,107.06999969482422,107.19000244140625,2780767
2018-07-24,69.02603912353516,107.33999633789062,107.4000015258789,107.16000366210938,107.19000244140625,2378300
2018-07-25,69.14176940917969,107.5199966430664,107.55000305175781,107.25,107.30999755859375,3841600
2018-07-26,69.18035888671875,107.58000183105469,107.61000061035156,107.48999786376953,107.55000305175781,3001633
2018-07-27,69.14176940917969,107.5199966430664,107.61000061035156,107.4000015258789,107.58000183105469,1934900
2018-07-30,69.19965362548828,107.61000061035156,107.66999816894531,107.45999908447266,107.58000183105469,2292200
2018-07-31,69.33472442626953,107.81999969482422,107.87999725341797,107.7300033569336,107.79000091552734,6030333
2018-08-01,69.39480590820312,107.43000030517578,107.45999908447266,107.19000244140625,107.33999633789062,4355833
2018-08-02,69.41421508789062,107.45999908447266,107.48999786376953,107.25,107.25,2301467
2018-08-03,69.51106262207031,107.61000061035156,107.61000061035156,107.4000015258789,107.48999786376953,3154433
2018-08-06,69.54981994628906,107.66999816894531,107.69999694824219,107.48999786376953,107.55000305175781,2978733
2018-08-07,69.6273422241211,107.79000091552734,107.91000366210938,107.69999694824219,107.69999694824219,3006867
2018-08-08,69.6273422241211,107.79000091552734,107.81999969482422,107.69999694824219,107.76000213623047,2815333
2018-08-09,69.51106262207031,107.61000061035156,107.81999969482422,107.61000061035156,107.76000213623047,2811767
2018-08-10,69.39480590820312,107.43000030517578,107.61000061035156,107.37000274658203,107.45999908447266,3462433
2018-08-13,69.3753890991211,107.4000015258789,107.5199966430664,107.30999755859375,107.4000015258789,4238833
2018-08-14,69.4722900390625,107.55000305175781,107.58000183105469,107.43000030517578,107.43000030517578,3337700
2018-08-15,69.31729888916016,107.30999755859375,107.48999786376953,107.25,107.45999908447266,3923100
2018-08-16,69.43355560302734,107.48999786376953,107.58000183105469,107.37000274658203,107.45999908447266,3028300
2018-08-17,69.49169158935547,107.58000183105469,107.66999816894531,107.4000015258789,107.4000015258789,1934900
2018-08-20,69.54981994628906,107.66999816894531,107.76000213623047,107.61000061035156,107.61000061035156,2674600
2018-08-21,69.6854476928711,107.87999725341797,107.94000244140625,107.7300033569336,107.7300033569336,2804033
2018-08-22,69.70484161376953,107.91000366210938,107.97000122070312,107.8499984741211,107.8499984741211,1948400
2018-08-23,69.66605377197266,107.8499984741211,108.0,107.79000091552734,107.91000366210938,3500400
2018-08-24,69.7823715209961,108.02999877929688,108.05999755859375,107.8499984741211,107.8499984741211,1687600
2018-08-27,69.82113647460938,108.08999633789062,108.18000030517578,108.05999755859375,108.05999755859375,1236100
2018-08-28,69.82113647460938,108.08999633789062,108.1500015258789,108.0,108.08999633789062,2495833
2018-08-29,69.7823715209961,108.02999877929688,108.12000274658203,108.0,108.05999755859375,2135633
2018-08-30,69.70484161376953,107.91000366210938,108.08999633789062,107.87999725341797,108.05999755859375,3517333
2018-08-31,69.76296997070312,108.0,108.12000274658203,107.94000244140625,108.0,4270900
2018-09-04,69.70457458496094,107.4000015258789,107.48999786376953,107.22000122070312,107.43000030517578,4958600
2018-09-05,69.62671661376953,107.27999877929688,107.45999908447266,107.25,107.37000274658203,3936900
2018-09-06,69.62671661376953,107.27999877929688,107.37000274658203,107.22000122070312,107.27999877929688,3648533
2018-09-07,69.62671661376953,107.27999877929688,107.30999755859375,107.12999725341797,107.22000122070312,7155233
2018-09-10,69.76296997070312,107.48999786376953,107.48999786376953,107.30999755859375,107.45999908447266,2780800
2018-09-11,69.78245544433594,107.5199966430664,107.58000183105469,107.33999633789062,107.43000030517578,5059900
2018-09-12,69.9382095336914,107.76000213623047,107.76000213623047,107.5199966430664,107.55000305175781,2961467
2018-09-13,70.0550308227539,107.94000244140625,108.0,107.81999969482422,107.87999725341797,4024367
2018-09-14,70.1329116821289,108.05999755859375,108.08999633789062,107.91000366210938,107.94000244140625,3482000
2018-09-17,70.0550308227539,107.94000244140625,108.02999877929688,107.87999725341797,108.0,2013500
2018-09-18,70.0550308227539,107.94000244140625,108.05999755859375,107.91000366210938,107.97000122070312,2418733
2018-09-19,69.9187240600586,107.7300033569336,107.97000122070312,107.7300033569336,107.87999725341797,3884500
2018-09-20,70.01604461669922,107.87999725341797,107.87999725341797,107.76000213623047,107.79000091552734,3200700
2018-09-21,70.0550308227539,107.94000244140625,107.97000122070312,107.8499984741211,107.87999725341797,2353200
2018-09-24,69.97714233398438,107.81999969482422,107.97000122070312,107.7300033569336,107.91000366210938,4032933
2018-09-25,69.99665069580078,107.8499984741211,107.8499984741211,107.7300033569336,107.81999969482422,2303033
2018-09-26,70.01604461669922,107.87999725341797,108.05999755859375,107.8499984741211,107.91000366210938,7172667
2018-09-27,70.15239715576172,108.08999633789062,108.12000274658203,107.94000244140625,107.97000122070312,3473700
2018-09-28,70.19134521484375,108.1500015258789,108.18000030517578,108.05999755859375,108.08999633789062,2278633
2018-10-01,70.41630554199219,107.97000122070312,107.97000122070312,107.76000213623047,107.81999969482422,4466867
2018-10-02,70.3185043334961,107.81999969482422,108.0,107.79000091552734,107.91000366210938,3957167
2018-10-03,70.20110321044922,107.63999938964844,107.97000122070312,107.48999786376953,107.91000366210938,8578700
2018-10-04,69.88805389404297,107.16000366210938,107.48999786376953,107.04000091552734,107.4000015258789,5058300
2018-10-05,69.55545806884766,106.6500015258789,107.16000366210938,106.6500015258789,107.12999725341797,11892200
2018-10-08,69.39891815185547,106.41000366210938,106.73999786376953,106.37999725341797,106.6500015258789,6155167
2018-10-09,69.47716522216797,106.52999877929688,106.6500015258789,106.41000366210938,106.5,4490700
2018-10-10,68.92931365966797,105.69000244140625,106.47000122070312,105.69000244140625,106.41000366210938,9108900
2018-10-11,69.1054458618164,105.95999908447266,106.26000213623047,105.69000244140625,106.13999938964844,9908833
2018-10-12,69.4576416015625,106.5,106.52999877929688,106.16999816894531,106.37999725341797,3097400
2018-10-15,69.30111694335938,106.26000213623047,106.52999877929688,106.26000213623047,106.44000244140625,4110800
2018-10-16,69.59456634521484,106.70999908447266,106.80000305175781,106.5,106.5,2892700
2018-10-17,69.51631927490234,106.58999633789062,106.68000030517578,106.47000122070312,106.58999633789062,2929833
2018-10-18,69.2032699584961,106.11000061035156,106.62000274658203,106.08000183105469,106.55999755859375,5621500
2018-10-19,69.2032699584961,106.11000061035156,106.3499984741211,105.98999786376953,106.29000091552734,4466767
2018-10-22,69.22280883789062,106.13999938964844,106.41000366210938,106.08000183105469,106.3499984741211,3551200
2018-10-23,69.1837158203125,106.08000183105469,106.11000061035156,105.66000366210938,105.77999877929688,5398867
2018-10-24,68.87067413330078,105.5999984741211,106.13999938964844,105.4800033569336,106.05000305175781,6532533
2018-10-25,68.968505859375,105.75,105.80999755859375,105.51000213623047,105.69000244140625,4427533
2018-10-26,68.65544128417969,105.2699966430664,105.66000366210938,105.20999908447266,105.38999938964844,6368800
2018-10-29,68.65544128417969,105.2699966430664,105.56999969482422,105.02999877929688,105.56999969482422,4852367
2018-10-30,68.69457244873047,105.33000183105469,105.41999816894531,105.02999877929688,105.20999908447266,4695533
2018-10-31,68.79241180419922,105.4800033569336,105.75,105.44999694824219,105.54000091552734,4200467
2018-11-01,69.04598999023438,105.36000061035156,105.44999694824219,105.02999877929688,105.05999755859375,5709867
2018-11-02,69.08531951904297,105.41999816894531,105.62999725341797,105.20999908447266,105.44999694824219,3555767
2018-11-05,69.1443099975586,105.51000213623047,105.56999969482422,105.33000183105469,105.41999816894531,3114067
2018-11-06,69.28193664550781,105.72000122070312,105.75,105.54000091552734,105.56999969482422,3853767
2018-11-07,69.61616516113281,106.2300033569336,106.29000091552734,105.83999633789062,105.9000015258789,8367833
2018-11-08,69.5178451538086,106.08000183105469,106.29000091552734,105.98999786376953,106.05000305175781,6969667
2018-11-09,69.08531951904297,105.41999816894531,105.83999633789062,105.30000305175781,105.83999633789062,6295267
2018-11-12,68.65279388427734,104.76000213623047,105.44999694824219,104.7300033569336,105.33000183105469,4365133
2018-11-13,68.55451202392578,104.61000061035156,104.97000122070312,104.48999786376953,104.81999969482422,5386933
2018-11-14,68.39725494384766,104.37000274658203,104.8499984741211,104.16000366210938,104.79000091552734,8048233
2018-11-15,68.35791778564453,104.30999755859375,104.30999755859375,103.6500015258789,103.94999694824219,9046800
2018-11-16,68.0433349609375,103.83000183105469,104.01000213623047,103.62000274658203,103.91999816894531,20139833
2018-11-19,67.96469116210938,103.70999908447266,103.91999816894531,103.47000122070312,103.52999877929688,7159400
2018-11-20,67.65013885498047,103.2300033569336,103.52999877929688,103.19999694824219,103.3499984741211,5130767
2018-11-21,67.94503784179688,103.68000030517578,103.9800033569336,103.6500015258789,103.7699966430664,3843133
2018-11-23,67.63048553466797,103.19999694824219,103.44000244140625,103.08000183105469,103.3499984741211,2096333
2018-11-26,67.92539978027344,103.6500015258789,103.7699966430664,103.47000122070312,103.62000274658203,4557800
2018-11-27,67.92539978027344,103.6500015258789,103.6500015258789,103.3499984741211,103.52999877929688,3968800
2018-11-28,68.43655395507812,104.43000030517578,104.5199966430664,103.62000274658203,103.6500015258789,6254800
2018-11-29,68.47586822509766,104.48999786376953,104.55000305175781,104.19000244140625,104.37000274658203,4484433
2018-11-30,68.27925872802734,104.19000244140625,104.43000030517578,104.16000366210938,104.25,3646800
2018-12-03,68.76325988769531,104.43000030517578,104.45999908447266,104.0999984741211,104.25,4907433
2018-12-04,68.40764617919922,103.88999938964844,104.33999633789062,103.7699966430664,104.27999877929688,7152333
2018-12-06,68.11136627197266,103.44000244140625,103.58999633789062,103.05000305175781,103.29000091552734,7304633
2018-12-07,68.0521011352539,103.3499984741211,103.9800033569336,103.26000213623047,103.70999908447266,5637933
2018-12-10,67.99283599853516,103.26000213623047,103.37999725341797,102.87000274658203,103.29000091552734,4281700
2018-12-11,68.17061614990234,103.52999877929688,103.80000305175781,103.41000366210938,103.68000030517578,4764133
2018-12-12,68.36814880371094,103.83000183105469,104.12999725341797,103.80000305175781,103.86000061035156,6052767
2018-12-13,68.54595947265625,104.0999984741211,104.19000244140625,103.94999694824219,104.06999969482422,4645667
2018-12-14,68.2496337890625,103.6500015258789,104.01000213623047,103.55999755859375,103.94999694824219,5334300
2018-12-17,67.79531860351562,102.95999908447266,103.6500015258789,102.80999755859375,103.6500015258789,6247467
2018-12-18,67.59774017333984,102.66000366210938,103.11000061035156,102.44999694824219,102.98999786376953,7548267
2018-12-19,66.98822021484375,101.22000122070312,102.38999938964844,101.0999984741211,102.18000030517578,5695300
2018-12-20,66.31316375732422,100.19999694824219,100.91999816894531,99.51000213623047,100.83000183105469,16207200
2018-12-21,65.91610717773438,99.5999984741211,100.44000244140625,99.44999694824219,100.19999694824219,7876300
2018-12-24,65.41973114013672,98.8499984741211,99.83999633789062,98.8499984741211,99.69000244140625,4095433
2018-12-26,66.53157043457031,100.52999877929688,100.55999755859375,98.76000213623047,99.08999633789062,6219500
2018-12-27,66.49188232421875,100.47000122070312,100.58999633789062,99.80999755859375,100.11000061035156,6663333
2018-12-28,66.59114837646484,100.62000274658203,100.9800033569336,100.37999725341797,100.52999877929688,5130867
2018-12-31,66.6904296875,100.7699966430664,101.04000091552734,100.73999786376953,100.86000061035156,4712433
2019-01-02,66.61102294921875,100.6500015258789,100.83000183105469,100.19999694824219,100.31999969482422,6569467
2019-01-03,66.63086700439453,100.68000030517578,100.86000061035156,100.44000244140625,100.52999877929688,6619400
2019-01-04,67.72284698486328,102.33000183105469,102.4800033569336,101.30999755859375,101.30999755859375,10540100
2019-01-07,68.4773178100586,103.47000122070312,103.5,102.66000366210938,102.66000366210938,9270767
2019-01-08,68.95381164550781,104.19000244140625,104.19000244140625,103.58999633789062,103.80000305175781,8160500
2019-01-09,69.05308532714844,104.33999633789062,104.61000061035156,104.30999755859375,104.4000015258789,8899333
2019-01-10,69.39059448242188,104.8499984741211,104.8499984741211,104.04000091552734,104.16000366210938,16731367
2019-01-11,69.15235900878906,104.48999786376953,104.61000061035156,104.33999633789062,104.43000030517578,7779867
2019-01-14,68.95381164550781,104.19000244140625,104.37000274658203,104.06999969482422,104.30999755859375,5082567
2019-01-15,69.13253021240234,104.45999908447266,104.5199966430664,104.12999725341797,104.30999755859375,3124800
2019-01-16,69.27151489257812,104.66999816894531,104.81999969482422,104.55000305175781,104.69999694824219,3052967
2019-01-17,69.4501724243164,104.94000244140625,105.02999877929688,104.45999908447266,104.58000183105469,3328900
2019-01-18,69.62886047363281,105.20999908447266,105.44999694824219,105.12000274658203,105.12000274658203,4811100
2019-01-22,69.23176574707031,104.61000061035156,105.12000274658203,104.5199966430664,105.12000274658203,5412067
2019-01-23,69.35086822509766,104.79000091552734,105.0,104.48999786376953,104.8499984741211,5108767
2019-01-24,69.43029022216797,104.91000366210938,104.97000122070312,104.61000061035156,104.8499984741211,4024067
2019-01-25,69.5891342163086,105.1500015258789,105.2699966430664,105.08999633789062,105.12000274658203,4314933
2019-01-28,69.48987579345703,105.0,105.08999633789062,104.76000213623047,105.0,3757300
2019-01-29,69.47000122070312,104.97000122070312,105.12000274658203,104.76000213623047,105.08999633789062,4697367
2019-01-30,70.0060806274414,105.77999877929688,105.95999908447266,105.08999633789062,105.20999908447266,5116933
2019-01-31,70.18477630615234,106.05000305175781,106.2300033569336,105.77999877929688,105.83999633789062,8217633
2019-02-01,70.15483856201172,105.51000213623047,105.66000366210938,105.2699966430664,105.56999969482422,7898700
2019-02-04,70.3144302368164,105.75,105.83999633789062,105.44999694824219,105.51000213623047,2892367
2019-02-05,70.55377197265625,106.11000061035156,106.29000091552734,105.87000274658203,105.9000015258789,8149467
2019-02-06,70.57373046875,106.13999938964844,106.2300033569336,105.98999786376953,106.08000183105469,5641267
2019-02-07,70.2745132446289,105.69000244140625,105.80999755859375,105.51000213623047,105.80999755859375,7681767
2019-02-08,70.2745132446289,105.69000244140625,105.69000244140625,105.38999938964844,105.54000091552734,4768933
2019-02-11,70.29449462890625,105.72000122070312,105.80999755859375,105.56999969482422,105.75,2141167
2019-02-12,70.65351104736328,106.26000213623047,106.31999969482422,106.05000305175781,106.08000183105469,7499933
2019-02-13,70.57373046875,106.13999938964844,106.44000244140625,106.05000305175781,106.37999725341797,3592767
2019-02-14,70.59369659423828,106.16999816894531,106.2300033569336,105.83999633789062,105.98999786376953,5675400
2019-02-15,70.81311798095703,106.5,106.52999877929688,106.31999969482422,106.31999969482422,1834033
2019-02-19,70.83306121826172,106.52999877929688,106.58999633789062,106.3499984741211,106.41000366210938,2136833
2019-02-20,70.93280029296875,106.68000030517578,106.70999908447266,106.44000244140625,106.58999633789062,3309167
2019-02-21,70.87291717529297,106.58999633789062,106.7699966430664,106.5,106.62000274658203,6398633
2019-02-22,70.99262237548828,106.7699966430664,106.83000183105469,106.6500015258789,106.68000030517578,4658733
2019-02-25,71.05250549316406,106.86000061035156,107.06999969482422,106.83000183105469,107.04000091552734,2327767
2019-02-26,71.19212341308594,107.06999969482422,107.16000366210938,106.88999938964844,106.91999816894531,7498233
2019-02-27,71.19212341308594,107.06999969482422,107.16000366210938,106.9800033569336,107.0999984741211,3795833
2019-02-28,71.19212341308594,107.06999969482422,107.16000366210938,106.9800033569336,107.06999969482422,5932100
2019-03-01,71.33844757080078,106.7699966430664,106.88999938964844,106.6500015258789,106.7699966430664,6170700
2019-03-04,71.2582778930664,106.6500015258789,106.9800033569336,106.47000122070312,106.91999816894531,6425767
2019-03-05,71.2582778930664,106.6500015258789,106.73999786376953,106.5,106.68000030517578,6207200
2019-03-06,71.11796569824219,106.44000244140625,106.62000274658203,106.41000366210938,106.58999633789062,8023800
2019-03-07,71.0778579711914,106.37999725341797,106.52999877929688,106.19999694824219,106.5,8108267
2019-03-08,70.9576187133789,106.19999694824219,106.19999694824219,105.80999755859375,105.98999786376953,6912067
2019-03-11,71.15804290771484,106.5,106.5,106.13999938964844,106.16999816894531,3026667
2019-03-12,71.29833221435547,106.70999908447266,106.73999786376953,106.44000244140625,106.5,5193500
2019-03-13,71.49879455566406,107.01000213623047,107.01000213623047,106.73999786376953,106.7699966430664,3690567
2019-03-14,71.45870971679688,106.94999694824219,107.06999969482422,106.88999938964844,107.01000213623047,2961267
2019-03-15,71.47872924804688,106.9800033569336,107.12999725341797,106.9800033569336,107.01000213623047,3261500
2019-03-18,71.51882934570312,107.04000091552734,107.0999984741211,106.88999938964844,107.06999969482422,2206833
2019-03-19,71.57897186279297,107.12999725341797,107.30999755859375,107.06999969482422,107.06999969482422,7184833
2019-03-20,71.81951904296875,107.48999786376953,107.66999816894531,106.91999816894531,107.16000366210938,7231300
2019-03-21,71.81951904296875,107.48999786376953,107.63999938964844,107.37000274658203,107.4000015258789,5606500
2019-03-22,71.57897186279297,107.12999725341797,107.4000015258789,107.01000213623047,107.4000015258789,3562567
2019-03-25,71.57897186279297,107.12999725341797,107.19000244140625,106.88999938964844,107.06999969482422,4528500
2019-03-26,71.71928405761719,107.33999633789062,107.5199966430664,107.22000122070312,107.25,3029167
2019-03-27,71.75936126708984,107.4000015258789,107.63999938964844,107.22000122070312,107.45999908447266,4730300
2019-03-28,71.8996810913086,107.61000061035156,107.63999938964844,107.4000015258789,107.45999908447266,3900733
2019-03-29,72.10013580322266,107.91000366210938,107.97000122070312,107.69999694824219,107.7300033569336,7092433
2019-04-01,72.1585464477539,107.48999786376953,107.69999694824219,107.43000030517578,107.55000305175781,4559433
2019-04-02,72.17867279052734,107.5199966430664,107.55000305175781,107.30999755859375,107.48999786376953,2913467
2019-04-03,72.19882202148438,107.55000305175781,107.7300033569336,107.45999908447266,107.66999816894531,2166033
2019-04-04,72.33978271484375,107.76000213623047,107.76000213623047,107.55000305175781,107.61000061035156,2391000
2019-04-05,72.44044494628906,107.91000366210938,107.97000122070312,107.81999969482422,107.8499984741211,2542700
2019-04-08,72.42034912109375,107.87999725341797,107.94000244140625,107.79000091552734,107.91000366210938,2090933
2019-04-09,72.42034912109375,107.87999725341797,107.97000122070312,107.79000091552734,107.87999725341797,6049367
2019-04-10,72.68214416503906,108.2699966430664,108.30000305175781,108.0,108.02999877929688,2188000
2019-04-11,72.84326934814453,108.51000213623047,108.51000213623047,108.23999786376953,108.30000305175781,3254833
2019-04-12,72.94396209716797,108.66000366210938,108.69000244140625,108.44999694824219,108.62999725341797,3495433
2019-04-15,72.8633804321289,108.54000091552734,108.66000366210938,108.4800033569336,108.62999725341797,2766000
2019-04-16,72.88352966308594,108.56999969482422,108.69000244140625,108.54000091552734,108.5999984741211,4063133
2019-04-17,72.7224349975586,108.33000183105469,108.69000244140625,108.33000183105469,108.66000366210938,2400800
2019-04-18,72.78284454345703,108.41999816894531,108.51000213623047,108.2699966430664,108.51000213623047,2938700
2019-04-22,72.68214416503906,108.2699966430664,108.38999938964844,108.20999908447266,108.36000061035156,3422933
2019-04-23,72.88352966308594,108.56999969482422,108.62999725341797,108.30000305175781,108.33000183105469,5976400
2019-04-24,72.82310485839844,108.4800033569336,108.66000366210938,108.4800033569336,108.66000366210938,3244167
2019-04-25,72.84326934814453,108.51000213623047,108.5999984741211,108.30000305175781,108.44999694824219,2658367
2019-04-26,73.00434112548828,108.75,108.77999877929688,108.62999725341797,108.69000244140625,3481500
2019-04-29,73.00434112548828,108.75,108.83999633789062,108.72000122070312,108.77999877929688,2258567
2019-04-30,73.04464721679688,108.80999755859375,108.87000274658203,108.75,108.80999755859375,2439533
2019-05-01,72.80389404296875,107.94000244140625,108.62999725341797,107.94000244140625,108.33000183105469,7898633
2019-05-02,72.84434509277344,108.0,108.1500015258789,107.76000213623047,108.08999633789062,3863100
2019-05-03,73.02645874023438,108.2699966430664,108.30000305175781,108.12000274658203,108.1500015258789,2482967
2019-05-06,73.04667663574219,108.30000305175781,108.3499984741211,107.72000122070312,107.7699966430664,6198000
2019-05-07,72.62175750732422,107.66999816894531,108.08999633789062,107.55999755859375,108.08999633789062,11649500
2019-05-08,72.6352310180664,107.69000244140625,107.9000015258789,107.61000061035156,107.68000030517578,6782300
2019-05-09,72.507080078125,107.5,107.58000183105469,107.08999633789062,107.48999786376953,9208300
2019-05-10,72.67572021484375,107.75,107.8499984741211,107.16000366210938,107.4000015258789,10828700
2019-05-13,72.05519104003906,106.83000183105469,107.22000122070312,106.79000091552734,107.0999984741211,7314400
2019-05-14,72.21033477783203,107.05999755859375,107.26000213623047,106.93000030517578,106.9800033569336,8001900
2019-05-15,72.26427459716797,107.13999938964844,107.19999694824219,106.80000305175781,106.9000015258789,5586900
2019-05-16,72.45988464355469,107.43000030517578,107.58999633789062,107.19000244140625,107.27999877929688,7305300
2019-05-17,72.43965911865234,107.4000015258789,107.58999633789062,107.20999908447266,107.2300033569336,6745200
2019-05-20,72.39244842529297,107.33000183105469,107.54000091552734,107.20999908447266,107.36000061035156,5018700
2019-05-21,72.57450866699219,107.5999984741211,107.68000030517578,107.5199966430664,107.52999877929688,7800500
2019-05-22,72.6352310180664,107.69000244140625,107.72000122070312,107.45999908447266,107.54000091552734,7031200
2019-05-23,72.30473327636719,107.19999694824219,107.43000030517578,107.0199966430664,107.33999633789062,5555000
2019-05-24,72.21033477783203,107.05999755859375,107.44999694824219,107.0199966430664,107.3499984741211,5437100
2019-05-28,72.18331909179688,107.0199966430664,107.2699966430664,106.91000366210938,107.18000030517578,5158200
2019-05-29,71.98100280761719,106.72000122070312,106.9000015258789,106.5999984741211,106.87000274658203,9855500
2019-05-30,72.11587524414062,106.91999816894531,107.08999633789062,106.86000061035156,106.91000366210938,4181000
2019-05-31,71.59650421142578,106.1500015258789,106.63999938964844,106.12999725341797,106.5,7595900
2019-06-03,71.67650604248047,105.76000213623047,105.91000366210938,105.55000305175781,105.77999877929688,22330500
2019-06-04,72.32714080810547,106.72000122070312,106.72000122070312,106.19000244140625,106.2300033569336,10250200
2019-06-05,72.51011657714844,106.98999786376953,107.0199966430664,106.69999694824219,106.8499984741211,11059200
2019-06-06,72.6930923461914,107.26000213623047,107.36000061035156,106.87000274658203,106.97000122070312,6270800
2019-06-07,72.93030548095703,107.61000061035156,107.63999938964844,107.33999633789062,107.41000366210938,10041400
2019-06-10,73.02518463134766,107.75,107.87999725341797,107.66999816894531,107.66999816894531,7477600
2019-06-11,73.14039611816406,107.91999816894531,108.16999816894531,107.76000213623047,108.05999755859375,10078900
2019-06-12,72.96419525146484,107.66000366210938,107.88999938964844,107.6500015258789,107.88999938964844,4031400
2019-06-13,73.11327362060547,107.87999725341797,107.95999908447266,107.80000305175781,107.80000305175781,3363500
2019-06-14,73.05229187011719,107.79000091552734,107.87000274658203,107.70999908447266,107.80999755859375,5354100
2019-06-17,72.95063018798828,107.63999938964844,107.7699966430664,107.5999984741211,107.73999786376953,5084700
2019-06-18,73.40471649169922,108.30999755859375,108.33999633789062,108.08999633789062,108.0999984741211,7549600
2019-06-19,73.77743530273438,108.86000061035156,108.91999816894531,108.1500015258789,108.3499984741211,13102500
2019-06-20,74.18408966064453,109.45999908447266,109.62000274658203,109.16000366210938,109.22000122070312,12177600
2019-06-21,74.00113677978516,109.19000244140625,109.31999969482422,109.16000366210938,109.25,5145200
2019-06-24,73.92656707763672,109.08000183105469,109.19000244140625,109.08000183105469,109.16000366210938,3653000
2019-06-25,73.65545654296875,108.68000030517578,109.08000183105469,108.5999984741211,109.06999969482422,7007100
2019-06-26,73.60126495361328,108.5999984741211,108.87000274658203,108.55000305175781,108.83999633789062,6831200
2019-06-27,73.78424835205078,108.87000274658203,108.94000244140625,108.7300033569336,108.7300033569336,5814000
2019-06-28,73.83162689208984,108.94000244140625,109.0,108.86000061035156,108.94999694824219,5855300
2019-07-01,73.81739044189453,108.41999816894531,108.97000122070312,108.38999938964844,108.9000015258789,10561600
2019-07-02,73.9603500366211,108.62999725341797,108.7300033569336,108.44999694824219,108.5199966430664,5780000
2019-07-03,74.2191162109375,109.01000213623047,109.05000305175781,108.62999725341797,108.66999816894531,3978200
2019-07-05,73.94673919677734,108.61000061035156,108.73999786376953,108.43000030517578,108.73999786376953,5289200
2019-07-08,73.82421112060547,108.43000030517578,108.55000305175781,108.37999725341797,108.55000305175781,4085100
2019-07-09,73.72887420654297,108.29000091552734,108.37999725341797,108.25,108.31999969482422,4523100
2019-07-10,73.93994140625,108.5999984741211,108.72000122070312,108.5199966430664,108.54000091552734,6118200
2019-07-11,73.79690551757812,108.38999938964844,108.62000274658203,108.2300033569336,108.61000061035156,4667100
2019-07-12,73.85823822021484,108.4800033569336,108.5,108.25,108.37000274658203,3592900
2019-07-15,73.9603500366211,108.62999725341797,108.66999816894531,108.44999694824219,108.55000305175781,3129700
2019-07-16,73.79013061523438,108.37999725341797,108.58999633789062,108.30000305175781,108.56999969482422,4909200
2019-07-17,73.76288604736328,108.33999633789062,108.47000122070312,108.29000091552734,108.43000030517578,5479400
2019-07-18,73.7492904663086,108.31999969482422,108.3499984741211,108.04000091552734,108.29000091552734,6576600
2019-07-19,73.60630798339844,108.11000061035156,108.33999633789062,108.11000061035156,108.30999755859375,5629900
2019-07-22,73.85142517089844,108.47000122070312,108.4800033569336,108.22000122070312,108.23999786376953,4838200
2019-07-23,73.98758697509766,108.66999816894531,108.70999908447266,108.45999908447266,108.58999633789062,5709900
2019-07-24,74.0352554321289,108.73999786376953,108.7699966430664,108.61000061035156,108.6500015258789,5781600
2019-07-25,73.98077392578125,108.66000366210938,108.7699966430664,108.51000213623047,108.7699966430664,4941700
2019-07-26,74.1441879272461,108.9000015258789,108.91999816894531,108.7699966430664,108.80000305175781,3971000
2019-07-29,74.04886627197266,108.76000213623047,108.88999938964844,108.66999816894531,108.88999938964844,3816000
2019-07-30,74.06250762939453,108.77999877929688,108.77999877929688,108.44999694824219,108.5,4544300
2019-07-31,73.93312072753906,108.58999633789062,108.98999786376953,108.05999755859375,108.88999938964844,10981600
2019-08-01,73.93856811523438,108.0999984741211,108.61000061035156,108.05000305175781,108.0999984741211,15406800
2019-08-02,73.7949447631836,107.88999938964844,108.02999877929688,107.62999725341797,108.01000213623047,9089000
2019-08-05,72.98784637451172,106.70999908447266,107.18000030517578,106.5,107.16000366210938,19279000
2019-08-06,73.43928527832031,107.37000274658203,107.45999908447266,106.87999725341797,107.20999908447266,15650000
2019-08-07,73.45297241210938,107.38999938964844,107.5,106.66999816894531,106.97000122070312,14264200
2019-08-08,73.67182922363281,107.70999908447266,107.83999633789062,107.44000244140625,107.44999694824219,11012700
2019-08-09,73.59661865234375,107.5999984741211,107.7699966430664,107.43000030517578,107.55000305175781,6687900
2019-08-12,73.40510559082031,107.31999969482422,107.52999877929688,107.19000244140625,107.3499984741211,6897500
2019-08-13,73.65814208984375,107.69000244140625,107.8499984741211,107.20999908447266,107.26000213623047,7768500
2019-08-14,73.02202606201172,106.76000213623047,107.2699966430664,106.7300033569336,107.22000122070312,10585000
2019-08-15,73.28196716308594,107.13999938964844,107.27999877929688,106.91999816894531,107.0,9296800
2019-08-16,73.5145263671875,107.4800033569336,107.55999755859375,107.37999725341797,107.37999725341797,4894200
2019-08-19,73.7607650756836,107.83999633789062,107.87999725341797,107.68000030517578,107.7699966430664,4666400
2019-08-20,73.7949447631836,107.88999938964844,107.9800033569336,107.7300033569336,107.9000015258789,4262300
2019-08-21,74.11642456054688,108.36000061035156,108.4000015258789,108.08000183105469,108.12000274658203,7248800
2019-08-22,74.26008605957031,108.56999969482422,108.66000366210938,108.29000091552734,108.44000244140625,8238500
2019-08-23,73.88388061523438,108.0199966430664,108.81999969482422,107.97000122070312,108.4800033569336,9870700
2019-08-26,74.26008605957031,108.56999969482422,108.61000061035156,108.29000091552734,108.38999938964844,5369500
2019-08-27,74.24639129638672,108.55000305175781,108.83999633789062,108.36000061035156,108.80000305175781,6549000
2019-08-28,74.4310302734375,108.81999969482422,108.88999938964844,108.47000122070312,108.5199966430664,3719300
2019-08-29,74.50634002685547,108.93000030517578,109.19000244140625,108.91000366210938,109.0999984741211,2459900
2019-08-30,74.42423248291016,108.80999755859375,109.06999969482422,108.62000274658203,109.05000305175781,4576700
2019-09-03,74.20160675048828,108.0,108.18000030517578,107.81999969482422,108.12000274658203,4806100
2019-09-04,74.37337493896484,108.25,108.30000305175781,108.0999984741211,108.19999694824219,3710300
2019-09-05,74.64132690429688,108.63999938964844,108.83000183105469,108.41000366210938,108.47000122070312,7313700
2019-09-06,74.77186584472656,108.83000183105469,109.04000091552734,108.70999908447266,108.8499984741211,15031900
2019-09-09,74.85428619384766,108.94999694824219,108.98999786376953,108.69999694824219,108.83000183105469,7462300
2019-09-10,74.8199691772461,108.9000015258789,109.0199966430664,108.77999877929688,108.93000030517578,3811800
2019-09-11,74.8199691772461,108.9000015258789,108.94999694824219,108.83000183105469,108.9000015258789,3245200
2019-09-12,74.84746551513672,108.94000244140625,109.0999984741211,108.87000274658203,109.01000213623047,5860200
2019-09-13,74.72377014160156,108.76000213623047,108.95999908447266,108.72000122070312,108.87000274658203,16885500
2019-09-16,74.96422576904297,109.11000061035156,109.16999816894531,108.80999755859375,108.9000015258789,4934100
2019-09-17,75.01921844482422,109.19000244140625,109.20999908447266,109.0,109.19999694824219,6307000
2019-09-18,74.99172973632812,109.1500015258789,109.25,108.80000305175781,109.18000030517578,4754100
2019-09-19,74.90238952636719,109.0199966430664,109.2300033569336,108.97000122070312,109.12000274658203,3125600
2019-09-20,74.99172973632812,109.1500015258789,109.19999694824219,108.98999786376953,109.08000183105469,4897300
2019-09-23,74.96422576904297,109.11000061035156,109.19999694824219,109.05000305175781,109.0999984741211,2188500
2019-09-24,74.88180541992188,108.98999786376953,109.26000213623047,108.9000015258789,109.22000122070312,5588500
2019-09-25,74.83368682861328,108.91999816894531,108.97000122070312,108.63999938964844,108.91999816894531,5018700
2019-09-26,74.77186584472656,108.83000183105469,108.94000244140625,108.6500015258789,108.93000030517578,4073600
2019-09-27,74.6688003540039,108.68000030517578,108.86000061035156,108.58000183105469,108.79000091552734,4463700
2019-09-30,74.71002197265625,108.73999786376953,108.77999877929688,108.62999725341797,108.69999694824219,4780700
2019-10-01,74.535400390625,108.0,108.31999969482422,107.94000244140625,108.26000213623047,6937600
2019-10-02,74.12132263183594,107.4000015258789,107.94000244140625,107.27999877929688,107.94000244140625,5958900
2019-10-03,74.07992553710938,107.33999633789062,107.51000213623047,106.87999725341797,107.38999938964844,12886800
2019-10-04,74.32147216796875,107.69000244140625,107.69999694824219,107.38999938964844,107.44000244140625,5191900
2019-10-07,74.28701782226562,107.63999938964844,107.75,107.4800033569336,107.62000274658203,5163900
2019-10-08,73.99020385742188,107.20999908447266,107.52999877929688,107.19999694824219,107.45999908447266,7689900
2019-10-09,74.13514709472656,107.41999816894531,107.5999984741211,107.41999816894531,107.44000244140625,4931200
2019-10-10,74.32147216796875,107.69000244140625,107.72000122070312,107.4000015258789,107.54000091552734,4791700
2019-10-11,74.59065246582031,108.08000183105469,108.16000366210938,107.83000183105469,107.95999908447266,7404600
2019-10-14,74.67346954345703,108.19999694824219,108.25,108.01000213623047,108.11000061035156,2788100
2019-10-15,74.7977066040039,108.37999725341797,108.44999694824219,108.12999725341797,108.25,9449200
2019-10-16,74.77699279785156,108.3499984741211,108.38999938964844,108.30999755859375,108.36000061035156,4046700
2019-10-17,74.8528823852539,108.45999908447266,108.5199966430664,108.38999938964844,108.44000244140625,3308000
2019-10-18,74.85979461669922,108.47000122070312,108.54000091552734,108.33999633789062,108.5,2324900
2019-10-21,74.9012222290039,108.52999877929688,108.5999984741211,108.5199966430664,108.5999984741211,3322200
2019-10-22,74.92191314697266,108.55999755859375,108.62000274658203,108.47000122070312,108.56999969482422,3766400
2019-10-23,74.99089050292969,108.66000366210938,108.66999816894531,108.51000213623047,108.55000305175781,3211300
2019-10-24,75.05304718017578,108.75,108.7699966430664,108.5999984741211,108.72000122070312,7003400
2019-10-25,75.12895202636719,108.86000061035156,108.87999725341797,108.72000122070312,108.73999786376953,5441000
2019-10-28,75.18417358398438,108.94000244140625,108.95999908447266,108.9000015258789,108.95999908447266,2961500
2019-10-29,75.01854705810547,108.69999694824219,108.93000030517578,108.69000244140625,108.88999938964844,2886600
2019-10-30,74.92191314697266,108.55999755859375,108.80000305175781,108.41999816894531,108.80000305175781,5095600
2019-10-31,74.66654968261719,108.19000244140625,108.55000305175781,108.16999816894531,108.51000213623047,10742700
2019-11-01,75.03463745117188,108.23999786376953,108.30000305175781,107.87000274658203,107.87000274658203,6939400
2019-11-04,75.15251159667969,108.41000366210938,108.4800033569336,108.36000061035156,108.4000015258789,5326100
2019-11-05,75.09015655517578,108.31999969482422,108.44999694824219,108.16000366210938,108.44999694824219,7222200
2019-11-06,74.9723129272461,108.1500015258789,108.29000091552734,108.0999984741211,108.29000091552734,4547100
2019-11-07,74.95841979980469,108.12999725341797,108.33000183105469,108.11000061035156,108.22000122070312,6431300
2019-11-08,75.0069351196289,108.19999694824219,108.2300033569336,107.95999908447266,108.08999633789062,2706100
2019-11-11,74.94451904296875,108.11000061035156,108.16000366210938,108.0199966430664,108.05999755859375,1778300
2019-11-12,74.9723129272461,108.1500015258789,108.19000244140625,108.02999877929688,108.12999725341797,3315200
2019-11-13,74.88909149169922,108.02999877929688,108.05999755859375,107.95999908447266,108.01000213623047,2929300
2019-11-14,74.84056091308594,107.95999908447266,108.11000061035156,107.93000030517578,108.0199966430664,3280100
2019-11-15,74.99998474121094,108.19000244140625,108.2300033569336,108.0199966430664,108.06999969482422,3145500
2019-11-18,74.9306640625,108.08999633789062,108.16000366210938,108.05000305175781,108.1500015258789,2035300
2019-11-19,74.68805694580078,107.73999786376953,108.01000213623047,107.7300033569336,108.01000213623047,3677000
2019-11-20,74.57020568847656,107.56999969482422,107.83000183105469,107.51000213623047,107.6500015258789,5564300
2019-11-21,74.57020568847656,107.56999969482422,107.66999816894531,107.44000244140625,107.62999725341797,5716400
2019-11-22,74.81282806396484,107.91999816894531,107.93000030517578,107.5999984741211,107.68000030517578,4277900
2019-11-25,75.02081298828125,108.22000122070312,108.25,107.94000244140625,107.94000244140625,6408100
2019-11-26,75.13863372802734,108.38999938964844,108.38999938964844,108.22000122070312,108.25,4894700
2019-11-27,75.24956512451172,108.55000305175781,108.55000305175781,108.30999755859375,108.37999725341797,3474400
2019-11-29,75.10395050048828,108.33999633789062,108.54000091552734,108.30999755859375,108.48999786376953,5548300
2019-12-02,75.04129791259766,107.76000213623047,107.88999938964844,107.51000213623047,107.88999938964844,7956600
2019-12-03,74.9786605834961,107.66999816894531,107.70999908447266,107.41000366210938,107.55999755859375,5832100
2019-12-04,75.21539306640625,108.01000213623047,108.01000213623047,107.66999816894531,107.7300033569336,3382800
2019-12-05,75.28504180908203,108.11000061035156,108.11000061035156,107.87000274658203,108.05999755859375,5643900
2019-12-06,75.38948822021484,108.26000213623047,108.30000305175781,108.20999908447266,108.2300033569336,3434200
2019-12-09,75.40340423583984,108.27999877929688,108.33999633789062,108.2699966430664,108.30999755859375,4112700
2019-12-10,75.59840393066406,108.55999755859375,108.5999984741211,108.23999786376953,108.31999969482422,5871200
2019-12-11,75.7655258178711,108.80000305175781,108.80000305175781,108.5,108.61000061035156,3168600
2019-12-12,75.95357513427734,109.06999969482422,109.13999938964844,108.81999969482422,108.83999633789062,7141800
2019-12-13,76.02316284179688,109.16999816894531,109.22000122070312,109.05000305175781,109.1500015258789,3485000
2019-12-16,76.19729614257812,109.41999816894531,109.47000122070312,109.30000305175781,109.31999969482422,5543000
2019-12-17,76.42713165283203,109.75,109.7699966430664,109.44999694824219,109.44999694824219,8310800
2019-12-18,76.56636047363281,109.94999694824219,109.98999786376953,109.80000305175781,109.80999755859375,6949300
2019-12-19,76.56636047363281,109.94999694824219,109.97000122070312,109.75,109.94999694824219,4793400
2019-12-20,76.42928314208984,109.27999877929688,109.62999725341797,109.25,109.58000183105469,6365200
2019-12-23,76.47122955322266,109.33999633789062,109.37999725341797,109.27999877929688,109.30999755859375,2285800
2019-12-24,76.53419494628906,109.43000030517578,109.43000030517578,109.30000305175781,109.37000274658203,661400
2019-12-26,76.6530532836914,109.5999984741211,109.61000061035156,109.4800033569336,109.52999877929688,1866100
2019-12-27,76.61812591552734,109.55000305175781,109.66999816894531,109.4800033569336,109.66999816894531,1269100
2019-12-30,76.55518341064453,109.45999908447266,109.63999938964844,109.36000061035156,109.63999938964844,4324700
2019-12-31,76.61112976074219,109.54000091552734,109.55000305175781,109.37000274658203,109.41000366210938,4824800
2020-01-02,76.91885375976562,109.9800033569336,109.9800033569336,109.69000244140625,109.80000305175781,5336600
2020-01-03,76.86289978027344,109.9000015258789,109.94999694824219,109.66000366210938,109.7699966430664,4804500
2020-01-06,76.81395721435547,109.83000183105469,109.83999633789062,109.66999816894531,109.80000305175781,4226400
2020-01-07,76.75802612304688,109.75,109.8499984741211,109.72000122070312,109.81999969482422,3863800
2020-01-08,76.8209457397461,109.83999633789062,109.94000244140625,109.70999908447266,109.7699966430664,5670300
2020-01-09,76.99578094482422,110.08999633789062,110.12000274658203,109.88999938964844,109.93000030517578,2654600
2020-01-10,77.0237808227539,110.12999725341797,110.16000366210938,110.04000091552734,110.12999725341797,4471300
2020-01-13,77.05177307128906,110.16999816894531,110.22000122070312,110.12000274658203,110.18000030517578,4066500
2020-01-14,77.01680755615234,110.12000274658203,110.27999877929688,110.05999755859375,110.11000061035156,5061000
2020-01-15,77.05177307128906,110.16999816894531,110.33000183105469,110.1500015258789,110.18000030517578,4838400
2020-01-16,77.10069274902344,110.23999786376953,110.33000183105469,110.16999816894531,110.27999877929688,3355600
2020-01-17,77.05177307128906,110.16999816894531,110.33000183105469,110.1500015258789,110.33000183105469,4095800
2020-01-21,76.86991119384766,109.91000366210938,110.19000244140625,109.9000015258789,110.1500015258789,4318100
2020-01-22,76.9887924194336,110.08000183105469,110.1500015258789,109.97000122070312,110.04000091552734,3666500
2020-01-23,76.74401092529297,109.7300033569336,109.91999816894531,109.70999908447266,109.91999816894531,6330100
2020-01-24,76.4432601928711,109.30000305175781,109.7300033569336,109.23999786376953,109.7300033569336,11566600
2020-01-27,75.86280059814453,108.47000122070312,108.79000091552734,108.33999633789062,108.63999938964844,9893700
2020-01-28,76.51321411132812,109.4000015258789,109.55999755859375,108.83000183105469,109.04000091552734,9177800
2020-01-29,76.51321411132812,109.4000015258789,109.62999725341797,109.38999938964844,109.58999633789062,5003900
2020-01-30,76.61812591552734,109.55000305175781,109.56999969482422,109.05000305175781,109.1500015258789,11166700
2020-01-31,76.2614517211914,109.04000091552734,109.4000015258789,108.9000015258789,109.38999938964844,9437300
2020-02-03,76.29512786865234,108.62000274658203,108.95999908447266,108.58999633789062,108.70999908447266,9601000
2020-02-04,76.76575469970703,109.29000091552734,109.30999755859375,109.0,109.01000213623047,9992800
2020-02-05,77.06779479980469,109.72000122070312,109.73999786376953,109.48999786376953,109.51000213623047,9264000
2020-02-06,77.09588623046875,109.76000213623047,109.81999969482422,109.5199966430664,109.69999694824219,6365400
2020-02-07,76.9834976196289,109.5999984741211,109.7300033569336,109.52999877929688,109.69999694824219,7926900
2020-02-10,77.09588623046875,109.76000213623047,109.80000305175781,109.5,109.58000183105469,6671000
2020-02-11,77.12397003173828,109.80000305175781,109.91999816894531,109.73999786376953,109.9000015258789,8337600
2020-02-12,77.34170532226562,110.11000061035156,110.1500015258789,109.88999938964844,109.97000122070312,5973200
2020-02-13,77.34170532226562,110.11000061035156,110.16000366210938,109.91999816894531,110.0,8693500
2020-02-14,77.37686157226562,110.16000366210938,110.22000122070312,110.08000183105469,110.12000274658203,6023100
2020-02-18,77.22932434082031,109.94999694824219,110.13999938964844,109.86000061035156,110.0999984741211,5109800
2020-02-19,77.29254150390625,110.04000091552734,110.12999725341797,109.98999786376953,109.98999786376953,4158300
2020-02-20,77.39790344238281,110.19000244140625,110.23999786376953,109.77999877929688,110.11000061035156,6908900
2020-02-21,77.32066345214844,110.08000183105469,110.16999816894531,109.9000015258789,110.16000366210938,7348100
2020-02-24,76.48480224609375,108.88999938964844,109.16000366210938,108.66999816894531,109.06999969482422,16215100
2020-02-25,75.88070678710938,108.02999877929688,109.33999633789062,107.95999908447266,109.31999969482422,23056400
2020-02-26,75.96502685546875,108.1500015258789,108.63999938964844,107.81999969482422,108.26000213623047,21379800
2020-02-27,74.8903579711914,106.62000274658203,107.93000030517578,106.43000030517578,107.29000091552734,24377900
2020-02-28,75.13619232177734,106.97000122070312,107.19000244140625,104.91999816894531,105.1500015258789,27210800
2020-03-02,75.79525756835938,107.41000366210938,107.47000122070312,105.94999694824219,106.3499984741211,18714200
2020-03-03,75.49182891845703,106.9800033569336,108.37999725341797,106.62999725341797,107.37000274658203,21513400
2020-03-04,76.4938735961914,108.4000015258789,108.4800033569336,107.62000274658203,107.62999725341797,12608900
2020-03-05,75.50595092773438,107.0,107.62000274658203,106.7699966430664,107.54000091552734,15654200
2020-03-06,74.5462417602539,105.63999938964844,105.80000305175781,104.77999877929688,105.18000030517578,15232300
2020-03-09,71.07437896728516,100.72000122070312,102.5,98.58000183105469,99.37999725341797,17373000
2020-03-10,72.26695251464844,102.41000366210938,102.8499984741211,100.5999984741211,102.1500015258789,17194300
2020-03-11,70.67217254638672,100.1500015258789,101.27999877929688,99.33999633789062,101.2300033569336,14161300
2020-03-12,67.80715942382812,96.08999633789062,99.44000244140625,94.30999755859375,95.45999908447266,12492500
2020-03-13,69.98762512207031,99.18000030517578,99.23999786376953,96.75,98.45999908447266,11375500
2020-03-16,65.95832061767578,93.47000122070312,95.9800033569336,91.01000213623047,93.48999786376953,9870500
2020-03-17,66.43112182617188,94.13999938964844,96.88999938964844,92.2699966430664,93.45999908447266,12048600
2020-03-18,63.59434509277344,90.12000274658203,92.37999725341797,88.58999633789062,91.41999816894531,6897400
2020-03-19,62.14774703979492,88.06999969482422,89.76000213623047,87.54000091552734,88.5199966430664,8420300
2020-03-20,60.785831451416016,86.13999938964844,88.83999633789062,85.87000274658203,88.12999725341797,5710000
2020-03-23,59.67794418334961,84.56999969482422,86.66999816894531,83.18000030517578,86.55999755859375,5819300
2020-03-24,62.063072204589844,87.94999694824219,88.16999816894531,85.98999786376953,86.30999755859375,11514100
2020-03-25,63.530853271484375,90.02999877929688,92.33000183105469,88.08999633789062,88.08999633789062,10444500
2020-03-26,66.17003631591797,93.7699966430664,93.83999633789062,90.33999633789062,90.33999633789062,11132400
2020-03-27,66.60049438476562,94.37999725341797,95.9800033569336,92.0,92.30999755859375,26896200
2020-03-30,67.28495788574219,95.3499984741211,95.98999786376953,93.9800033569336,94.5199966430664,7723300
2020-03-31,66.85449981689453,94.73999786376953,95.5,94.55999755859375,94.81999969482422,6767400
2020-04-01,65.04424285888672,91.7300033569336,92.68000030517578,91.43000030517578,92.66999816894531,6736400
2020-04-02,65.4838638305664,92.3499984741211,93.91999816894531,91.29000091552734,91.76000213623047,6371800
2020-04-03,64.20045471191406,90.54000091552734,92.48999786376953,90.19999694824219,92.41000366210938,7634900
2020-04-06,65.80294799804688,92.80000305175781,92.94999694824219,92.01000213623047,92.27999877929688,7390300
2020-04-07,66.02987670898438,93.12000274658203,94.44999694824219,92.7300033569336,94.06999969482422,7008800
2020-04-08,67.54019927978516,95.25,95.62999725341797,93.54000091552734,93.62000274658203,6351500
2020-04-09,72.07124328613281,101.63999938964844,103.4800033569336,100.0,100.51000213623047,14485200
2020-04-13,71.19906616210938,100.41000366210938,101.2699966430664,99.16999816894531,101.22000122070312,9198600
2020-04-14,71.3763427734375,100.66000366210938,101.30000305175781,99.9800033569336,101.19000244140625,10252400
2020-04-15,70.68143463134766,99.68000030517578,99.76000213623047,98.6500015258789,99.0999984741211,10337200
2020-04-16,70.63179779052734,99.61000061035156,99.66999816894531,98.58000183105469,99.4800033569336,5999400
2020-04-17,71.00051879882812,100.12999725341797,100.38999938964844,99.7300033569336,100.29000091552734,7404700
2020-04-20,69.90145111083984,98.58000183105469,99.63999938964844,98.31999969482422,99.13999938964844,8245700
2020-04-21,68.4194564819336,96.48999786376953,97.38999938964844,96.3499984741211,97.30000305175781,14076900
2020-04-22,69.09312438964844,97.44000244140625,97.75,97.13999938964844,97.47000122070312,5665800
2020-04-23,68.9654541015625,97.26000213623047,97.98999786376953,96.98999786376953,97.62000274658203,9170700
2020-04-24,68.51164245605469,96.62000274658203,97.55999755859375,96.44000244140625,97.37000274658203,6381600
2020-04-27,68.77401733398438,96.98999786376953,97.25,96.83000183105469,96.93000030517578,4916200
2020-04-28,68.89454650878906,97.16000366210938,97.5,96.63999938964844,97.4000015258789,4914800
2020-04-29,70.05744171142578,98.80000305175781,98.93000030517578,97.61000061035156,97.81999969482422,6722900
2020-04-30,70.2205581665039,99.02999877929688,99.16999816894531,97.95999908447266,98.4800033569336,10369500
2020-05-01,69.11354064941406,96.95999908447266,97.9800033569336,96.88999938964844,97.83999633789062,7433900
2020-05-04,69.01376342773438,96.81999969482422,97.04000091552734,96.44999694824219,96.77999877929688,5674800
2020-05-05,69.54838562011719,97.56999969482422,97.70999908447266,97.16000366210938,97.23999786376953,7114900
2020-05-06,69.28459930419922,97.19999694824219,97.88999938964844,97.19999694824219,97.72000122070312,6974500
2020-05-07,69.46283721923828,97.44999694824219,98.22000122070312,97.38999938964844,97.88999938964844,4561200
2020-05-08,70.13999938964844,98.4000015258789,98.41999816894531,97.7699966430664,97.87000274658203,8575500
2020-05-11,69.84061431884766,97.9800033569336,98.37999725341797,97.97000122070312,98.19000244140625,3882900
2020-05-12,69.8049545288086,97.93000030517578,98.68000030517578,97.91000366210938,98.6500015258789,8058700
2020-05-13,69.39154815673828,97.3499984741211,98.08000183105469,97.1500015258789,98.01000213623047,8974300
2020-05-14,69.19908142089844,97.08000183105469,97.38999938964844,96.2699966430664,96.94000244140625,9137400
2020-05-15,69.23472595214844,97.12999725341797,97.29000091552734,96.48999786376953,96.72000122070312,8959500
2020-05-18,70.41085052490234,98.77999877929688,98.83999633789062,98.2699966430664,98.63999938964844,8685200
2020-05-19,70.49640655517578,98.9000015258789,99.19999694824219,98.55000305175781,98.76000213623047,9433000
2020-05-20,71.26622772216797,99.9800033569336,100.20999908447266,99.36000061035156,99.4800033569336,9634500
2020-05-21,71.2519760131836,99.95999908447266,100.22000122070312,99.70999908447266,99.98999786376953,9637800
2020-05-22,71.4871826171875,100.29000091552734,100.4000015258789,99.7300033569336,99.95999908447266,6077200
2020-05-26,72.10022735595703,101.1500015258789,101.48999786376953,100.19999694824219,101.0199966430664,7906600
2020-05-27,72.31404113769531,101.44999694824219,101.88999938964844,100.93000030517578,101.86000061035156,6243100
2020-05-28,72.3568115234375,101.51000213623047,102.08000183105469,101.37000274658203,101.62999725341797,12965000
2020-05-29,72.69896697998047,101.98999786376953,102.18000030517578,101.27999877929688,101.5,10113400
2020-06-01,73.17809295654297,102.18000030517578,102.19000244140625,101.18000030517578,101.33999633789062,10967300
2020-06-02,73.92292022705078,103.22000122070312,103.2699966430664,102.08000183105469,102.43000030517578,9614800
2020-06-03,74.39556884765625,103.87999725341797,104.13999938964844,103.55999755859375,103.66999816894531,11107700
2020-06-04,74.15206909179688,103.54000091552734,103.87000274658203,103.3499984741211,103.86000061035156,5687500
2020-06-05,74.9183578491211,104.61000061035156,105.26000213623047,104.58000183105469,104.7699966430664,6944000
2020-06-08,75.02579498291016,104.76000213623047,104.87999725341797,104.51000213623047,104.87999725341797,8340100
2020-06-09,74.53880310058594,104.08000183105469,104.37000274658203,103.68000030517578,104.29000091552734,14667200
2020-06-10,74.41703796386719,103.91000366210938,104.44999694824219,103.37000274658203,103.7699966430664,9498600
2020-06-11,72.51922607421875,101.26000213623047,102.58000183105469,101.08999633789062,102.52999877929688,10845600
2020-06-12,73.24968719482422,102.27999877929688,102.83999633789062,101.55000305175781,102.56999969482422,12604500
2020-06-15,73.7581558227539,102.98999786376953,103.70999908447266,101.37000274658203,101.66000366210938,11581200
2020-06-16,74.29533386230469,103.73999786376953,104.44999694824219,103.37999725341797,104.37000274658203,12079900
2020-06-17,74.12342834472656,103.5,103.93000030517578,103.41000366210938,103.80000305175781,7923900
2020-06-18,73.90141296386719,103.19000244140625,103.41000366210938,102.94999694824219,103.12000274658203,6044600
2020-06-19,73.80831909179688,103.05999755859375,103.62000274658203,102.79000091552734,103.62000274658203,6439300
2020-06-22,73.69371032714844,102.9000015258789,103.16999816894531,102.76000213623047,103.0199966430664,8101200
2020-06-23,73.81546020507812,103.06999969482422,103.26000213623047,102.95999908447266,103.23999786376953,4865100
2020-06-24,73.0205307006836,101.95999908447266,102.79000091552734,101.2300033569336,102.76000213623047,11881900
2020-06-25,72.97039031982422,101.88999938964844,101.97000122070312,101.2300033569336,101.83999633789062,12479500
2020-06-26,72.30435943603516,100.95999908447266,101.7300033569336,100.79000091552734,101.7300033569336,6121200
2020-06-29,71.7099380493164,100.12999725341797,101.05000305175781,99.66999816894531,101.01000213623047,36056100
2020-06-30,72.44760131835938,101.16000366210938,101.37000274658203,100.4800033569336,100.52999877929688,11008300
2020-07-01,72.65483093261719,100.94999694824219,101.19000244140625,100.80000305175781,100.80000305175781,9179400
2020-07-02,73.20903015136719,101.72000122070312,102.13999938964844,101.51000213623047,101.94000244140625,11218200
2020-07-06,73.72724914550781,102.44000244140625,102.48999786376953,102.11000061035156,102.2300033569336,7395500
2020-07-07,73.3241958618164,101.87999725341797,102.61000061035156,101.7699966430664,102.3499984741211,5642000
2020-07-08,73.50415802001953,102.12999725341797,102.18000030517578,101.79000091552734,101.88999938964844,5306900
2020-07-09,73.27381134033203,101.80999755859375,102.12000274658203,101.30999755859375,102.11000061035156,7430800
2020-07-10,73.50415802001953,102.12999725341797,102.23999786376953,101.56999969482422,101.72000122070312,5829900
2020-07-13,73.13706970214844,101.62000274658203,102.76000213623047,101.61000061035156,102.4800033569336,6893800
2020-07-14,73.83521270751953,102.58999633789062,102.61000061035156,101.62999725341797,101.62999725341797,9466600
2020-07-15,74.29576873779297,103.2300033569336,103.30000305175781,102.87999725341797,103.12999725341797,5527000
2020-07-16,74.36058044433594,103.31999969482422,103.37999725341797,103.08999633789062,103.19999694824219,8760200
2020-07-17,74.62686920166016,103.69000244140625,103.73999786376953,103.2699966430664,103.55000305175781,4424800
2020-07-20,75.0730972290039,104.30999755859375,104.3499984741211,103.66999816894531,103.73999786376953,3357900
2020-07-21,75.41136932373047,104.77999877929688,104.97000122070312,104.55999755859375,104.66000366210938,6452400
2020-07-22,75.59847259521484,105.04000091552734,105.05000305175781,104.73999786376953,104.83000183105469,5022900
2020-07-23,75.48335266113281,104.87999725341797,105.08000183105469,104.25,104.98999786376953,7767700
2020-07-24,75.61286163330078,105.05999755859375,105.18000030517578,104.66999816894531,104.87000274658203,8078100
2020-07-27,75.80719757080078,105.33000183105469,105.33000183105469,104.95999908447266,105.19999694824219,3977900
2020-07-28,75.56969451904297,105.0,105.33000183105469,104.94000244140625,105.30999755859375,4985800
2020-07-29,76.02312469482422,105.62999725341797,105.72000122070312,105.19000244140625,105.29000091552734,4697000
2020-07-30,76.25341796875,105.94999694824219,105.9800033569336,105.33000183105469,105.44999694824219,19671800
2020-07-31,76.36137390136719,106.0999984741211,106.16000366210938,105.47000122070312,105.87999725341797,9107600
2020-08-03,76.3722152709961,105.6500015258789,105.70999908447266,105.37000274658203,105.61000061035156,6123900
2020-08-04,76.40116119384766,105.69000244140625,105.69999694824219,105.30999755859375,105.54000091552734,6776200
2020-08-05,76.5240249633789,105.86000061035156,105.87999725341797,105.66999816894531,105.69000244140625,5998700
2020-08-06,76.63970184326172,106.0199966430664,106.05999755859375,105.7300033569336,105.80999755859375,6949600
2020-08-07,76.53848266601562,105.87999725341797,106.0199966430664,105.62000274658203,106.01000213623047,6271500
2020-08-10,76.48787689208984,105.80999755859375,105.97000122070312,105.62000274658203,105.91000366210938,3512100
2020-08-11,75.83006286621094,104.9000015258789,105.94000244140625,104.87999725341797,105.86000061035156,9360000
2020-08-12,75.98909759521484,105.12000274658203,105.62999725341797,105.02999877929688,105.44999694824219,5234500
2020-08-13,75.63489532470703,104.62999725341797,105.41000366210938,104.5999984741211,105.05999755859375,7157100
2020-08-14,75.45416259765625,104.37999725341797,104.70999908447266,104.19000244140625,104.56999969482422,5612700
2020-08-17,75.98188018798828,105.11000061035156,105.12000274658203,104.4800033569336,104.4800033569336,3552400
2020-08-18,75.99632263183594,105.12999725341797,105.2699966430664,104.81999969482422,105.16999816894531,4474900
2020-08-19,75.6999282836914,104.72000122070312,105.22000122070312,104.66000366210938,105.08999633789062,7511000
2020-08-20,76.01080322265625,105.1500015258789,105.16000366210938,104.58000183105469,104.62999725341797,5480300
2020-08-21,75.99632263183594,105.12999725341797,105.2699966430664,105.02999877929688,105.13999938964844,3495600
2020-08-24,76.40834045410156,105.69999694824219,105.76000213623047,105.33000183105469,105.4000015258789,5549300
2020-08-25,76.53848266601562,105.87999725341797,105.94000244140625,105.52999877929688,105.75,6261700
2020-08-26,76.5240249633789,105.86000061035156,106.0199966430664,105.80999755859375,105.94999694824219,5248000
2020-08-27,76.4228286743164,105.72000122070312,106.04000091552734,105.51000213623047,105.97000122070312,6448000
2020-08-28,76.4734115600586,105.79000091552734,106.0,105.77999877929688,105.87000274658203,4837400
2020-08-31,76.44451904296875,105.75,105.94999694824219,105.62999725341797,105.80000305175781,4966900
2020-09-01,76.81324768066406,105.83000183105469,105.9000015258789,105.19000244140625,105.31999969482422,6008900
2020-09-02,76.94388580322266,106.01000213623047,106.0999984741211,105.52999877929688,105.93000030517578,5974800
2020-09-03,76.47209167480469,105.36000061035156,105.83000183105469,104.87000274658203,105.69999694824219,9789000
2020-09-04,76.25433349609375,105.05999755859375,105.58999633789062,104.36000061035156,105.27999877929688,8056800
2020-09-08,75.78983306884766,104.41999816894531,104.83999633789062,104.2699966430664,104.55999755859375,9460900
2020-09-09,76.3559799194336,105.19999694824219,105.30000305175781,104.73999786376953,104.88999938964844,6872700
2020-09-10,76.0728988647461,104.80999755859375,105.4000015258789,104.75,105.3499984741211,11398300
2020-09-11,76.25433349609375,105.05999755859375,105.05999755859375,104.56999969482422,104.86000061035156,7463700
2020-09-14,76.15271759033203,104.91999816894531,105.33000183105469,104.80000305175781,105.12999725341797,4844500
2020-09-15,76.31965637207031,105.1500015258789,105.33000183105469,105.02999877929688,105.16999816894531,3641700
2020-09-16,76.29791259765625,105.12000274658203,105.62999725341797,105.08000183105469,105.2699966430664,4776100
2020-09-17,76.32691192626953,105.16000366210938,105.26000213623047,104.7300033569336,104.8499984741211,7095000
2020-09-18,76.10192108154297,104.8499984741211,105.27999877929688,104.76000213623047,105.26000213623047,5637200
2020-09-21,75.41967010498047,103.91000366210938,104.47000122070312,103.66000366210938,104.41999816894531,11733000
2020-09-22,75.6591796875,104.23999786376953,104.30000305175781,103.77999877929688,104.01000213623047,11214900
2020-09-23,74.94786071777344,103.26000213623047,104.33000183105469,103.18000030517578,104.30999755859375,10597900
2020-09-24,74.88980865478516,103.18000030517578,103.5199966430664,102.66000366210938,102.9800033569336,10128200
2020-09-25,74.8172378540039,103.08000183105469,103.3499984741211,102.87999725341797,103.01000213623047,9167600
2020-09-28,75.34706115722656,103.80999755859375,103.95999908447266,103.44000244140625,103.58000183105469,5799300
2020-09-29,75.40513610839844,103.88999938964844,103.97000122070312,103.54000091552734,103.83999633789062,4763900
2020-09-30,75.68096160888672,104.2699966430664,104.48999786376953,103.86000061035156,103.87000274658203,8014000
2020-10-01,75.92517852783203,104.1500015258789,104.29000091552734,104.0,104.12000274658203,11670600
2020-10-02,75.88874053955078,104.0999984741211,104.20999908447266,103.58000183105469,103.70999908447266,8221800
2020-10-05,76.40630340576172,104.80999755859375,104.87000274658203,104.25,104.29000091552734,11975200
2020-10-06,76.23863983154297,104.58000183105469,105.30000305175781,104.56999969482422,104.91999816894531,13306100
2020-10-07,76.53754425048828,104.98999786376953,105.08000183105469,104.88999938964844,104.94999694824219,5061800
2020-10-08,76.77806854248047,105.31999969482422,105.33999633789062,105.11000061035156,105.33999633789062,4401500
2020-10-09,76.89474487304688,105.4800033569336,105.58999633789062,105.27999877929688,105.37000274658203,8173400
2020-10-12,77.33214569091797,106.08000183105469,106.20999908447266,105.5999984741211,105.5999984741211,3933900
2020-10-13,77.01136779785156,105.63999938964844,105.93000030517578,105.5,105.93000030517578,4636800
2020-10-14,76.83638763427734,105.4000015258789,105.63999938964844,105.23999786376953,105.55999755859375,4951000
2020-10-15,76.79264831542969,105.33999633789062,105.37999725341797,104.81999969482422,104.91999816894531,4661700
2020-10-16,76.6323013305664,105.12000274658203,105.58000183105469,105.0999984741211,105.5,4813200
2020-10-19,76.47191619873047,104.9000015258789,105.44999694824219,104.83999633789062,105.33000183105469,6440800
2020-10-20,76.73435974121094,105.26000213623047,105.45999908447266,105.05999755859375,105.0999984741211,5186100
2020-10-21,76.71247863769531,105.2300033569336,105.47000122070312,105.12000274658203,105.26000213623047,4996700
2020-10-22,76.83638763427734,105.4000015258789,105.48999786376953,105.0199966430664,105.20999908447266,4554300
2020-10-23,76.91661071777344,105.51000213623047,105.55999755859375,105.29000091552734,105.55999755859375,4351100
2020-10-26,76.30423736572266,104.66999816894531,105.26000213623047,104.56999969482422,105.16999816894531,8687300
2020-10-27,76.31884002685547,104.69000244140625,104.91000366210938,104.62000274658203,104.66999816894531,4564500
2020-10-28,75.67729187011719,103.80999755859375,104.11000061035156,103.5999984741211,103.94999694824219,13118200
2020-10-29,75.8741226196289,104.08000183105469,104.16000366210938,103.55999755859375,103.72000122070312,12207700
2020-10-30,76.03450775146484,104.30000305175781,104.3499984741211,103.76000213623047,103.9800033569336,7660700
2020-11-02,76.22122955322266,104.11000061035156,104.26000213623047,103.86000061035156,104.1500015258789,8760500
2020-11-03,76.94602966308594,105.0999984741211,105.11000061035156,104.41000366210938,104.41000366210938,12345800
2020-11-04,77.63421630859375,106.04000091552734,106.31999969482422,105.41999816894531,105.4800033569336,14977400
2020-11-05,77.94902038574219,106.47000122070312,106.80000305175781,106.26000213623047,106.52999877929688,13862100
2020-11-06,77.70008850097656,106.12999725341797,106.4800033569336,105.94999694824219,106.45999908447266,6473700
2020-11-09,78.25650787353516,106.88999938964844,108.08999633789062,106.86000061035156,108.05000305175781,14707600
2020-11-10,78.23452758789062,106.86000061035156,107.0999984741211,106.68000030517578,106.7699966430664,14513500
2020-11-11,78.11736297607422,106.69999694824219,107.04000091552734,106.58999633789062,107.04000091552734,4708200
2020-11-12,77.6781234741211,106.0999984741211,106.62000274658203,106.05000305175781,106.61000061035156,7497200
2020-11-13,77.92706298828125,106.44000244140625,106.5199966430664,106.13999938964844,106.1500015258789,4070100
2020-11-16,78.35899353027344,107.02999877929688,107.05000305175781,106.76000213623047,106.95999908447266,6668400
2020-11-17,78.4322280883789,107.12999725341797,107.26000213623047,106.77999877929688,106.88999938964844,7351600
2020-11-18,78.25650787353516,106.88999938964844,107.31999969482422,106.87000274658203,107.25,6503300
2020-11-19,78.5346908569336,107.2699966430664,107.33999633789062,106.7300033569336,106.86000061035156,5714600
2020-11-20,78.41024017333984,107.0999984741211,107.22000122070312,107.02999877929688,107.12999725341797,5293500
2020-11-23,78.52738189697266,107.26000213623047,107.44999694824219,107.12999725341797,107.37000274658203,5344000
2020-11-24,78.7323989868164,107.54000091552734,107.8499984741211,107.44000244140625,107.66000366210938,10657500
2020-11-25,78.7250747680664,107.52999877929688,107.69000244140625,107.44000244140625,107.58999633789062,3306700
2020-11-27,78.82022857666016,107.66000366210938,107.77999877929688,107.62000274658203,107.66999816894531,1800400
2020-11-30,78.7250747680664,107.52999877929688,107.66000366210938,107.33000183105469,107.62999725341797,6321600
2020-12-01,79.05144500732422,107.54000091552734,107.63999938964844,107.36000061035156,107.44999694824219,8312600
2020-12-02,79.21317291259766,107.76000213623047,107.87000274658203,107.37000274658203,107.5199966430664,7165600
2020-12-03,79.26461791992188,107.83000183105469,108.05000305175781,107.80000305175781,107.87000274658203,5220200
2020-12-04,79.59539794921875,108.27999877929688,108.33000183105469,107.93000030517578,108.0,4919100
2020-12-07,79.54393768310547,108.20999908447266,108.25,108.06999969482422,108.25,5378600
2020-12-08,79.54393768310547,108.20999908447266,108.29000091552734,108.11000061035156,108.23999786376953,4793200
2020-12-09,79.36751556396484,107.97000122070312,108.33999633789062,107.83000183105469,108.33999633789062,5634000
2020-12-10,79.4998550415039,108.1500015258789,108.30999755859375,107.81999969482422,107.87999725341797,5397900
2020-12-11,79.43366241455078,108.05999755859375,108.26000213623047,107.86000061035156,108.11000061035156,6745200
2020-12-14,79.4116439819336,108.02999877929688,108.27999877929688,107.94000244140625,108.20999908447266,5917600
2020-12-15,79.69097900390625,108.41000366210938,108.44999694824219,108.05999755859375,108.12999725341797,4033900
2020-12-16,79.58805847167969,108.2699966430664,108.41000366210938,107.9800033569336,108.38999938964844,6539300
2020-12-17,79.7203598022461,108.44999694824219,108.51000213623047,108.16999816894531,108.36000061035156,6239100
2020-12-18,79.78086853027344,108.0999984741211,108.1500015258789,107.93000030517578,108.08999633789062,6775900
2020-12-21,79.4930648803711,107.70999908447266,107.88999938964844,107.4800033569336,107.76000213623047,6600200
2020-12-22,79.59636688232422,107.8499984741211,107.88999938964844,107.70999908447266,107.77999877929688,5455600
2020-12-23,79.91370391845703,108.27999877929688,108.37000274658203,107.94999694824219,107.94999694824219,3587900
2020-12-24,80.11297607421875,108.55000305175781,108.58000183105469,108.38999938964844,108.4000015258789,1894500
2020-12-28,80.18679809570312,108.6500015258789,108.80000305175781,108.52999877929688,108.73999786376953,4087000
2020-12-29,80.15729522705078,108.61000061035156,108.9000015258789,108.55999755859375,108.83000183105469,6689800
2020-12-30,80.30489349365234,108.80999755859375,108.9000015258789,108.69999694824219,108.73999786376953,3100200
2020-12-31,80.40084075927734,108.94000244140625,108.98999786376953,108.77999877929688,108.81999969482422,3313700
2021-01-04,80.20157623291016,108.66999816894531,109.04000091552734,108.36000061035156,109.01000213623047,7586100
2021-01-05,80.25321197509766,108.73999786376953,108.8499984741211,108.54000091552734,108.54000091552734,6113600
2021-01-06,80.13514709472656,108.58000183105469,109.0,108.5,108.6500015258789,11081200
2021-01-07,80.35652160644531,108.87999725341797,109.0199966430664,108.70999908447266,108.76000213623047,7584900
2021-01-08,80.45987701416016,109.0199966430664,109.0199966430664,108.69000244140625,109.01000213623047,7804600
2021-01-11,80.02442932128906,108.43000030517578,108.75,108.41000366210938,108.61000061035156,9011800
2021-01-12,80.14249420166016,108.58999633789062,108.62999725341797,108.27999877929688,108.41999816894531,8522400
2021-01-13,80.36392974853516,108.88999938964844,108.93000030517578,108.55999755859375,108.58000183105469,5196200
2021-01-14,80.33440399169922,108.8499984741211,109.01000213623047,108.80999755859375,108.94000244140625,5495100
2021-01-15,80.21633911132812,108.69000244140625,108.88999938964844,108.61000061035156,108.76000213623047,9546700
2021-01-19,80.43035888671875,108.9800033569336,109.04000091552734,108.73999786376953,108.91999816894531,6385800
2021-01-20,80.62960815429688,109.25,109.3499984741211,109.05999755859375,109.31999969482422,5208600
2021-01-21,80.57794952392578,109.18000030517578,109.27999877929688,109.08000183105469,109.25,7381400
2021-01-22,80.40084075927734,108.94000244140625,109.08999633789062,108.81999969482422,108.97000122070312,4581300
2021-01-25,80.40084075927734,108.94000244140625,109.0,108.5999984741211,108.94999694824219,6281800
2021-01-26,80.35652160644531,108.87999725341797,109.04000091552734,108.86000061035156,108.93000030517578,10554700
2021-01-27,80.10562896728516,108.54000091552734,108.86000061035156,108.31999969482422,108.68000030517578,16428000
2021-01-28,80.31964874267578,108.83000183105469,109.22000122070312,108.75,108.7699966430664,12641600
2021-01-29,80.0022964477539,108.4000015258789,109.05000305175781,108.36000061035156,108.77999877929688,20177600
2021-02-01,80.33859252929688,108.44999694824219,108.5199966430664,108.05000305175781,108.36000061035156,13123600
2021-02-02,80.59788513183594,108.80000305175781,108.88999938964844,108.69000244140625,108.69999694824219,6948300
2021-02-03,80.65713500976562,108.87999725341797,109.06999969482422,108.83000183105469,108.94999694824219,8274900
2021-02-04,80.78309631347656,109.05000305175781,109.20999908447266,109.01000213623047,109.01000213623047,5753800
2021-02-05,80.93865203857422,109.26000213623047,109.41000366210938,109.2300033569336,109.37999725341797,5095900
2021-02-08,81.16087341308594,109.55999755859375,109.58000183105469,109.33000183105469,109.38999938964844,4238900
2021-02-09,80.99788665771484,109.33999633789062,109.5199966430664,109.31999969482422,109.44000244140625,4888300
2021-02-10,81.03494262695312,109.38999938964844,109.51000213623047,109.2300033569336,109.43000030517578,7569700
2021-02-11,81.07199096679688,109.44000244140625,109.48999786376953,109.33999633789062,109.44000244140625,5096800
2021-02-12,81.22013092041016,109.63999938964844,109.6500015258789,109.36000061035156,109.36000061035156,4604000
2021-02-16,81.04234313964844,109.4000015258789,109.58999633789062,109.36000061035156,109.58999633789062,6681900
2021-02-17,81.03494262695312,109.38999938964844,109.38999938964844,109.19000244140625,109.31999969482422,8060200
2021-02-18,80.93865203857422,109.26000213623047,109.38999938964844,109.13999938964844,109.22000122070312,11322000
2021-02-19,80.96826171875,109.30000305175781,109.44999694824219,109.25,109.41999816894531,6327700
2021-02-22,80.70159912109375,108.94000244140625,109.2300033569336,108.93000030517578,109.1500015258789,10123100
2021-02-23,80.96826171875,109.30000305175781,109.33000183105469,108.66999816894531,108.86000061035156,16211400
2021-02-24,80.98310089111328,109.31999969482422,109.33000183105469,109.0,109.08000183105469,6869800
2021-02-25,80.2867660522461,108.37999725341797,109.19999694824219,108.2300033569336,109.12000274658203,13109200
2021-02-26,80.12377166748047,108.16000366210938,108.69999694824219,108.08999633789062,108.52999877929688,13679300
2021-03-01,80.9134292602539,108.81999969482422,108.9000015258789,108.12999725341797,108.29000091552734,19090400
2021-03-02,80.73500061035156,108.58000183105469,108.88999938964844,108.58000183105469,108.83000183105469,7838000
2021-03-03,80.59368896484375,108.38999938964844,108.55999755859375,108.23999786376953,108.5199966430664,9474700
2021-03-04,80.22196197509766,107.88999938964844,108.6500015258789,107.55000305175781,108.41000366210938,13598500
2021-03-05,80.45246124267578,108.19999694824219,108.31999969482422,107.58000183105469,108.04000091552734,16023300
2021-03-08,79.88736724853516,107.44000244140625,108.19999694824219,107.38999938964844,108.0999984741211,16254200
2021-03-09,79.96170043945312,107.54000091552734,107.9800033569336,107.51000213623047,107.69000244140625,14423600
2021-03-10,80.2144775390625,107.87999725341797,108.05999755859375,107.62999725341797,107.68000030517578,14615800
2021-03-11,80.4970703125,108.26000213623047,108.51000213623047,108.16000366210938,108.22000122070312,11711000
2021-03-12,80.31117248535156,108.01000213623047,108.12000274658203,107.87999725341797,108.08999633789062,8876400
2021-03-15,80.3334732055664,108.04000091552734,108.06999969482422,107.80999755859375,107.94000244140625,8104000
2021-03-16,80.08064270019531,107.69999694824219,108.0,107.66000366210938,108.0,10720300
2021-03-17,80.18474578857422,107.83999633789062,108.20999908447266,107.44999694824219,107.55000305175781,10129300
2021-03-18,79.60478973388672,107.05999755859375,107.54000091552734,106.9800033569336,107.5,15044800
2021-03-19,79.97657012939453,107.55999755859375,107.58999633789062,106.93000030517578,107.13999938964844,16455700
2021-03-22,80.19219207763672,107.8499984741211,107.98999786376953,107.58999633789062,107.63999938964844,11891600
2021-03-23,80.23682403564453,107.91000366210938,107.97000122070312,107.69000244140625,107.80999755859375,13259000
2021-03-24,80.3260269165039,108.02999877929688,108.38999938964844,107.98999786376953,107.98999786376953,16456200
2021-03-25,80.39295196533203,108.12000274658203,108.16000366210938,107.81999969482422,108.05000305175781,10111600
2021-03-26,80.68295288085938,108.51000213623047,108.5199966430664,108.05000305175781,108.2699966430664,9074800
2021-03-29,80.75728607177734,108.61000061035156,108.63999938964844,108.2699966430664,108.38999938964844,9352500
2021-03-30,80.58627319335938,108.37999725341797,108.48999786376953,108.33000183105469,108.48999786376953,9713700
2021-03-31,80.89859008789062,108.80000305175781,108.8499984741211,108.44999694824219,108.44999694824219,15265800
2021-04-01,81.06722259521484,108.63999938964844,108.68000030517578,108.3499984741211,108.52999877929688,13133800
2021-04-05,81.14181518554688,108.73999786376953,108.81999969482422,108.63999938964844,108.73999786376953,8040600
2021-04-06,81.28360748291016,108.93000030517578,108.98999786376953,108.69999694824219,108.76000213623047,6318100
2021-04-07,81.29107666015625,108.94000244140625,109.0199966430664,108.83000183105469,108.97000122070312,8864200
2021-04-08,81.32093048095703,108.9800033569336,109.08000183105469,108.91999816894531,109.05000305175781,5706100
2021-04-09,81.25376892089844,108.88999938964844,108.88999938964844,108.79000091552734,108.87999725341797,7191700
2021-04-12,81.18661499023438,108.80000305175781,108.83000183105469,108.6500015258789,108.72000122070312,10084600
2021-04-13,81.21646118164062,108.83999633789062,108.88999938964844,108.5199966430664,108.70999908447266,10946800
2021-04-14,81.1642074584961,108.7699966430664,108.98999786376953,108.73999786376953,108.80000305175781,7703200
2021-04-15,81.5,109.22000122070312,109.26000213623047,108.94000244140625,108.9800033569336,8233700
2021-04-16,81.3358154296875,109.0,109.30999755859375,109.0,109.30000305175781,7554300
2021-04-19,81.26123809814453,108.9000015258789,109.01000213623047,108.83000183105469,108.9000015258789,7778500
2021-04-20,81.1119613647461,108.69999694824219,108.83999633789062,108.5999984741211,108.75,7688400
2021-04-21,81.29850769042969,108.94999694824219,108.97000122070312,108.61000061035156,108.61000061035156,6614500
2021-04-22,81.21646118164062,108.83999633789062,109.02999877929688,108.7699966430664,108.9800033569336,5584900
2021-04-23,81.42538452148438,109.12000274658203,109.16999816894531,108.83999633789062,108.91000366210938,7330200
2021-04-26,81.34330749511719,109.01000213623047,109.23999786376953,109.0,109.13999938964844,4246000
2021-04-27,81.3134765625,108.97000122070312,109.08999633789062,108.94999694824219,109.06999969482422,5050200
2021-04-28,81.44776916503906,109.1500015258789,109.23999786376953,108.87000274658203,109.0,6131700
2021-04-29,81.52983093261719,109.26000213623047,109.3499984741211,109.12000274658203,109.33999633789062,7751800
2021-04-30,81.49253845214844,109.20999908447266,109.30999755859375,109.12000274658203,109.1500015258789,9387300
2021-05-03,81.47831726074219,108.80999755859375,109.0199966430664,108.80999755859375,108.87000274658203,6535000
2021-05-04,81.45585632324219,108.77999877929688,108.81999969482422,108.58999633789062,108.80000305175781,12874600
2021-05-05,81.62059020996094,109.0,109.06999969482422,108.76000213623047,108.88999938964844,15099300
2021-05-06,81.54570770263672,108.9000015258789,109.0999984741211,108.8499984741211,109.04000091552734,11343400
2021-05-07,81.6355972290039,109.0199966430664,109.16999816894531,108.94000244140625,109.08000183105469,6616900
2021-05-10,81.50827026367188,108.8499984741211,109.0999984741211,108.83000183105469,109.05000305175781,8459400
2021-05-11,81.41838836669922,108.7300033569336,108.77999877929688,108.44000244140625,108.5199966430664,16118200
2021-05-12,81.02903747558594,108.20999908447266,108.61000061035156,108.20999908447266,108.54000091552734,10036700
2021-05-13,81.23870086669922,108.48999786376953,108.66000366210938,108.2699966430664,108.2699966430664,8115600
2021-05-14,81.4858169555664,108.81999969482422,108.87999725341797,108.6500015258789,108.66000366210938,9862600
2021-05-17,81.39593505859375,108.69999694824219,108.88999938964844,108.62999725341797,108.87999725341797,7051100
2021-05-18,81.21622467041016,108.45999908447266,108.73999786376953,108.44000244140625,108.7300033569336,5655300
2021-05-19,80.98408508300781,108.1500015258789,108.44000244140625,108.11000061035156,108.22000122070312,13019800
2021-05-20,81.30608367919922,108.58000183105469,108.81999969482422,108.29000091552734,108.30000305175781,10542900
2021-05-21,81.4333724975586,108.75,108.83000183105469,108.55000305175781,108.7699966430664,9296100
2021-05-24,81.57568359375,108.94000244140625,109.06999969482422,108.76000213623047,108.81999969482422,10667200
2021-05-25,81.54570770263672,108.9000015258789,109.0,108.81999969482422,108.95999908447266,5218000
2021-05-26,81.59065246582031,108.95999908447266,108.97000122070312,108.83000183105469,108.9000015258789,6641700
2021-05-27,81.55323028564453,108.91000366210938,109.12000274658203,108.87999725341797,109.05000305175781,5854500
2021-05-28,81.55323028564453,108.91000366210938,109.08999633789062,108.87999725341797,109.02999877929688,6056800
2021-06-01,81.76737213134766,108.80999755859375,108.83999633789062,108.62999725341797,108.6500015258789,6673000
2021-06-02,81.8575439453125,108.93000030517578,109.0,108.8499984741211,108.93000030517578,7200000
2021-06-03,81.7448501586914,108.77999877929688,108.94000244140625,108.62999725341797,108.69999694824219,8329800
2021-06-04,81.90263366699219,108.98999786376953,109.05000305175781,108.88999938964844,108.97000122070312,7111100
2021-06-07,81.9627685546875,109.06999969482422,109.11000061035156,108.98999786376953,109.04000091552734,4813700
2021-06-08,82.0228500366211,109.1500015258789,109.20999908447266,109.08999633789062,109.19000244140625,5411700
2021-06-09,82.10553741455078,109.26000213623047,109.33000183105469,109.23999786376953,109.23999786376953,9058900
2021-06-10,82.24077606201172,109.44000244140625,109.52999877929688,109.30000305175781,109.30999755859375,5207700
2021-06-11,82.27838134765625,109.48999786376953,109.56999969482422,109.4000015258789,109.55000305175781,4047200
2021-06-14,82.21827697753906,109.41000366210938,109.45999908447266,109.3499984741211,109.44999694824219,7865000
2021-06-15,82.23326110839844,109.43000030517578,109.4800033569336,109.27999877929688,109.38999938964844,5175500
2021-06-16,82.12809753417969,109.29000091552734,109.47000122070312,109.0999984741211,109.41999816894531,8611700
2021-06-17,82.18067169189453,109.36000061035156,109.41000366210938,109.23999786376953,109.30000305175781,7586100
2021-06-18,82.10553741455078,109.26000213623047,109.33000183105469,109.11000061035156,109.16000366210938,5740300
2021-06-21,82.26333618164062,109.47000122070312,109.47000122070312,109.30000305175781,109.30000305175781,6040300
2021-06-22,82.28588104248047,109.5,109.68000030517578,109.3499984741211,109.4000015258789,4914200
2021-06-23,82.28588104248047,109.5,109.66999816894531,109.47000122070312,109.55000305175781,5810700
2021-06-24,82.46625518798828,109.73999786376953,109.75,109.5999984741211,109.66999816894531,3570400
2021-06-25,82.54891967773438,109.8499984741211,109.87000274658203,109.75,109.81999969482422,3976200
2021-06-28,82.54891967773438,109.8499984741211,109.93000030517578,109.79000091552734,109.93000030517578,5669500
2021-06-29,82.64659881591797,109.9800033569336,110.0,109.87999725341797,109.88999938964844,4575700
2021-06-30,82.63155364990234,109.95999908447266,110.0199966430664,109.9000015258789,109.91999816894531,5978400
2021-07-01,82.78314971923828,109.7699966430664,109.80000305175781,109.62999725341797,109.62999725341797,8692000
2021-07-02,82.92642211914062,109.95999908447266,109.98999786376953,109.80000305175781,109.83999633789062,3083900
2021-07-06,82.94151306152344,109.9800033569336,110.05999755859375,109.87000274658203,110.05999755859375,5273600
2021-07-07,82.95660400390625,110.0,110.0999984741211,109.86000061035156,110.05999755859375,4203500
2021-07-08,82.79067993164062,109.77999877929688,109.9000015258789,109.66999816894531,109.72000122070312,9695000
2021-07-09,82.91886138916016,109.94999694824219,110.0,109.80000305175781,109.93000030517578,5251200
2021-07-12,82.91133117675781,109.94000244140625,110.0,109.86000061035156,110.0,5046300
2021-07-13,82.69261932373047,109.6500015258789,109.91000366210938,109.62000274658203,109.86000061035156,13664600
2021-07-14,82.78314971923828,109.7699966430664,109.83000183105469,109.66000366210938,109.69999694824219,6333000
2021-07-15,82.7680435180664,109.75,109.75,109.62999725341797,109.69999694824219,6088400
2021-07-16,82.6323013305664,109.56999969482422,109.75,109.52999877929688,109.73999786376953,7403200
2021-07-19,82.06670379638672,108.81999969482422,109.37000274658203,108.6500015258789,109.37000274658203,15525800
2021-07-20,82.42115783691406,109.29000091552734,109.33999633789062,108.7699966430664,108.87000274658203,10189100
2021-07-21,82.68508911132812,109.63999938964844,109.6500015258789,109.37999725341797,109.44000244140625,6979900
2021-07-22,82.7077407836914,109.66999816894531,109.80000305175781,109.52999877929688,109.66000366210938,8663600
2021-07-23,82.86611938476562,109.87999725341797,109.91999816894531,109.73999786376953,109.81999969482422,5873900
2021-07-26,82.75297546386719,109.7300033569336,109.91000366210938,109.69999694824219,109.88999938964844,5664100
2021-07-27,82.67757415771484,109.62999725341797,109.68000030517578,109.43000030517578,109.62000274658203,10400900
2021-07-28,82.73033905029297,109.69999694824219,109.76000213623047,109.5199966430664,109.69999694824219,5521000
2021-07-29,82.88119506835938,109.9000015258789,109.94000244140625,109.72000122070312,109.72000122070312,6067100
2021-07-30,82.78314971923828,109.7699966430664,109.9000015258789,109.75,109.87000274658203,5787200
2021-08-02,82.60910034179688,109.16999816894531,109.54000091552734,109.12999725341797,109.44999694824219,6972600
2021-08-03,82.63179016113281,109.19999694824219,109.26000213623047,109.04000091552734,109.1500015258789,6595700
2021-08-04,82.48045349121094,109.0,109.16000366210938,108.9800033569336,109.13999938964844,5383500
2021-08-05,82.6166763305664,109.18000030517578,109.22000122070312,109.0,109.0,3607000
2021-08-06,82.54856872558594,109.08999633789062,109.2699966430664,109.08000183105469,109.18000030517578,4948100
2021-08-09,82.35938262939453,108.83999633789062,109.08999633789062,108.81999969482422,109.05000305175781,5427000
2021-08-10,82.21562194824219,108.6500015258789,108.88999938964844,108.63999938964844,108.83000183105469,9331300
2021-08-11,82.3518295288086,108.83000183105469,108.87999725341797,108.68000030517578,108.7300033569336,5124400
2021-08-12,82.4577407836914,108.97000122070312,109.0,108.77999877929688,108.88999938964844,8523300
2021-08-13,82.60153198242188,109.16000366210938,109.16000366210938,109.0,109.05000305175781,6289800
2021-08-16,82.62422180175781,109.19000244140625,109.19999694824219,109.05999755859375,109.19999694824219,5445500
2021-08-17,82.46533203125,108.9800033569336,109.11000061035156,108.81999969482422,109.11000061035156,9996600
2021-08-18,82.33672332763672,108.80999755859375,109.0999984741211,108.79000091552734,108.98999786376953,4339100
2021-08-19,82.30641174316406,108.7699966430664,108.88999938964844,108.5999984741211,108.5999984741211,8737100
2021-08-20,82.45021057128906,108.95999908447266,109.05000305175781,108.73999786376953,108.80000305175781,5782500
2021-08-23,82.71504974365234,109.30999755859375,109.37999725341797,109.0999984741211,109.0999984741211,7467200
2021-08-24,82.84368896484375,109.4800033569336,109.51000213623047,109.33000183105469,109.4000015258789,6120500
2021-08-25,82.93447875976562,109.5999984741211,109.63999938964844,109.4800033569336,109.55000305175781,5527200
2021-08-26,82.85882568359375,109.5,109.5999984741211,109.36000061035156,109.5199966430664,5835900
2021-08-27,83.13121032714844,109.86000061035156,109.87999725341797,109.55999755859375,109.56999969482422,5584500
2021-08-30,83.2220230102539,109.9800033569336,110.05000305175781,109.86000061035156,109.87999725341797,3907500
2021-08-31,83.23716735839844,110.0,110.04000091552734,109.88999938964844,109.97000122070312,5507300
2021-09-01,83.32445526123047,109.73999786376953,109.8499984741211,109.68000030517578,109.69000244140625,9412300
2021-09-02,83.43077850341797,109.87999725341797,109.94999694824219,109.81999969482422,109.9000015258789,5707100
2021-09-03,83.45355224609375,109.91000366210938,109.94000244140625,109.77999877929688,109.9000015258789,4017100
2021-09-07,83.23336029052734,109.62000274658203,109.88999938964844,109.61000061035156,109.88999938964844,6156800
2021-09-08,83.32445526123047,109.73999786376953,109.7699966430664,109.54000091552734,109.62999725341797,4216600
2021-09-09,83.3852310180664,109.81999969482422,109.87000274658203,109.70999908447266,109.77999877929688,5647900
2021-09-10,83.30171203613281,109.70999908447266,110.0,109.69999694824219,109.95999908447266,6265300
2021-09-13,83.49909973144531,109.97000122070312,109.9800033569336,109.77999877929688,109.83999633789062,7504100
2021-09-14,83.40799713134766,109.8499984741211,110.08000183105469,109.81999969482422,110.0,7594500
2021-09-15,83.60542297363281,110.11000061035156,110.11000061035156,109.91999816894531,109.95999908447266,5787400
2021-09-16,83.57506561279297,110.06999969482422,110.12000274658203,109.91999816894531,110.0999984741211,5757100
2021-09-17,83.48392486572266,109.94999694824219,110.05000305175781,109.91999816894531,110.04000091552734,5237000
2021-09-20,83.2030029296875,109.58000183105469,109.68000030517578,109.37000274658203,109.45999908447266,11954100
2021-09-21,83.33967590332031,109.76000213623047,109.80999755859375,109.54000091552734,109.80999755859375,6573200
2021-09-22,83.47633361816406,109.94000244140625,110.05999755859375,109.79000091552734,109.93000030517578,8115900
2021-09-23,83.49151611328125,109.95999908447266,110.13999938964844,109.88999938964844,110.01000213623047,8198300
2021-09-24,83.40045166015625,109.83999633789062,109.95999908447266,109.76000213623047,109.91999816894531,6542300
2021-09-27,83.33208465576172,109.75,109.81999969482422,109.5999984741211,109.66000366210938,3913800
2021-09-28,82.96763610839844,109.2699966430664,109.56999969482422,109.25,109.5199966430664,11433900
2021-09-29,83.1346664428711,109.48999786376953,109.5999984741211,109.33000183105469,109.33000183105469,8061700
2021-09-30,83.03594207763672,109.36000061035156,109.56999969482422,109.2300033569336,109.5199966430664,18154300
2021-10-01,83.20968627929688,109.19999694824219,109.2699966430664,108.87000274658203,109.12000274658203,9599900
2021-10-04,82.927734375,108.83000183105469,109.19000244140625,108.80999755859375,109.19000244140625,12880700
2021-10-05,82.85917663574219,108.73999786376953,108.9800033569336,108.7300033569336,108.94000244140625,6569600
2021-10-06,82.8134765625,108.68000030517578,108.72000122070312,108.38999938964844,108.48999786376953,11832200
2021-10-07,82.78296661376953,108.63999938964844,109.0,108.5999984741211,108.81999969482422,12147600
2021-10-08,82.63818359375,108.44999694824219,108.70999908447266,108.41000366210938,108.66999816894531,9319300
2021-10-11,82.3486328125,108.06999969482422,108.45999908447266,108.05999755859375,108.41000366210938,4081600
2021-10-12,82.50101470947266,108.2699966430664,108.38999938964844,108.16000366210938,108.16999816894531,9129100
2021-10-13,82.69154357910156,108.5199966430664,108.52999877929688,108.16000366210938,108.2699966430664,5949400
2021-10-14,83.14872741699219,109.12000274658203,109.12999725341797,108.72000122070312,108.77999877929688,8974400
2021-10-15,82.9810562133789,108.9000015258789,109.19000244140625,108.88999938964844,109.19000244140625,10427400
2021-10-18,82.94300842285156,108.8499984741211,108.86000061035156,108.66000366210938,108.69999694824219,5206700
2021-10-19,83.0039291381836,108.93000030517578,108.94000244140625,108.83999633789062,108.91000366210938,8196000
2021-10-20,83.06489562988281,109.01000213623047,109.0199966430664,108.88999938964844,108.97000122070312,7012100
2021-10-21,82.84391021728516,108.72000122070312,109.0199966430664,108.6500015258789,108.98999786376953,8430300
2021-10-22,82.66105651855469,108.4800033569336,108.70999908447266,108.41999816894531,108.66999816894531,7189800
2021-10-25,82.79059600830078,108.6500015258789,108.7300033569336,108.4000015258789,108.58000183105469,6374400
2021-10-26,82.8134765625,108.68000030517578,108.86000061035156,108.66000366210938,108.83999633789062,9092600
2021-10-27,82.72200775146484,108.55999755859375,108.79000091552734,108.55000305175781,108.79000091552734,6023000
2021-10-28,82.92013549804688,108.81999969482422,108.83000183105469,108.66999816894531,108.7300033569336,6195800
2021-10-29,82.76775360107422,108.62000274658203,108.7300033569336,108.58000183105469,108.70999908447266,7184000
2021-11-01,82.66754913330078,108.11000061035156,108.37000274658203,108.08000183105469,108.37000274658203,9652100
2021-11-02,82.80521392822266,108.29000091552734,108.4000015258789,108.0999984741211,108.11000061035156,6705700
2021-11-03,83.0040054321289,108.55000305175781,108.55999755859375,108.22000122070312,108.33000183105469,7223000
2021-11-04,83.20284271240234,108.80999755859375,108.83000183105469,108.63999938964844,108.66000366210938,14149000
2021-11-05,83.5775146484375,109.30000305175781,109.30000305175781,108.9800033569336,109.01000213623047,11251200
2021-11-08,83.49340057373047,109.19000244140625,109.45999908447266,109.12999725341797,109.41999816894531,7789600
2021-11-09,83.55457305908203,109.2699966430664,109.29000091552734,109.08000183105469,109.27999877929688,14577500
2021-11-10,83.1263656616211,108.70999908447266,109.13999938964844,108.68000030517578,109.13999938964844,11440300
2021-11-11,82.9963607788086,108.54000091552734,108.77999877929688,108.5199966430664,108.77999877929688,2991700
2021-11-12,82.9963607788086,108.54000091552734,108.7300033569336,108.4800033569336,108.61000061035156,7379300
2021-11-15,82.89695739746094,108.41000366210938,108.62999725341797,108.37000274658203,108.62999725341797,6175900
2021-11-16,82.9198989868164,108.44000244140625,108.5199966430664,108.37000274658203,108.38999938964844,6083100
2021-11-17,82.79755401611328,108.27999877929688,108.4800033569336,108.26000213623047,108.45999908447266,7944500
2021-11-18,82.70580291748047,108.16000366210938,108.41000366210938,108.13999938964844,108.37000274658203,8327600
2021-11-19,82.64460754394531,108.08000183105469,108.27999877929688,108.06999969482422,108.12999725341797,9810600
2021-11-22,82.33876037597656,107.68000030517578,108.19000244140625,107.6500015258789,108.1500015258789,8053000
2021-11-23,82.22403717041016,107.52999877929688,107.80999755859375,107.41999816894531,107.6500015258789,13988600
2021-11-24,82.18582153320312,107.4800033569336,107.52999877929688,107.08999633789062,107.36000061035156,8090000
2021-11-26,81.5588150024414,106.66000366210938,106.87000274658203,106.4800033569336,106.87000274658203,8719700
2021-11-29,82.05584716796875,107.30999755859375,107.45999908447266,107.01000213623047,107.08999633789062,8707400
2021-11-30,81.68881225585938,106.83000183105469,107.3499984741211,106.70999908447266,107.19999694824219,11281200
2021-12-01,81.7678451538086,106.55000305175781,107.19999694824219,106.4800033569336,106.83000183105469,14146500
2021-12-02,82.3357162475586,107.29000091552734,107.36000061035156,106.58000183105469,106.5999984741211,11804200
2021-12-03,82.32805633544922,107.27999877929688,107.4000015258789,107.06999969482422,107.33999633789062,17457200
2021-12-06,82.635009765625,107.68000030517578,107.87000274658203,107.29000091552734,107.37000274658203,11047400
2021-12-07,83.14151763916016,108.33999633789062,108.58999633789062,108.06999969482422,108.12000274658203,14624900
2021-12-08,83.15686798095703,108.36000061035156,108.36000061035156,108.13999938964844,108.29000091552734,10377200
2021-12-09,82.75013732910156,107.83000183105469,108.27999877929688,107.80999755859375,108.26000213623047,18678200
2021-12-10,82.93428802490234,108.06999969482422,108.12000274658203,107.94999694824219,108.05999755859375,8459700
2021-12-13,82.94966125488281,108.08999633789062,108.19000244140625,107.98999786376953,108.11000061035156,7753700
2021-12-14,82.81920623779297,107.91999816894531,108.02999877929688,107.70999908447266,107.9800033569336,7267700
2021-12-15,83.10313415527344,108.29000091552734,108.33000183105469,107.70999908447266,107.94000244140625,10965900
2021-12-16,83.01105499267578,108.16999816894531,108.41000366210938,108.13999938964844,108.31999969482422,9735000
2021-12-17,82.9694595336914,107.7300033569336,107.86000061035156,107.4800033569336,107.76000213623047,10926900
2021-12-20,82.8770523071289,107.61000061035156,107.66999816894531,107.33000183105469,107.47000122070312,7309000
2021-12-21,83.28523254394531,108.13999938964844,108.16000366210938,107.7300033569336,107.7699966430664,7378500
2021-12-22,83.53168487548828,108.45999908447266,108.4800033569336,108.13999938964844,108.16999816894531,7070700
2021-12-23,83.77814483642578,108.77999877929688,108.81999969482422,108.5,108.5199966430664,9031100
2021-12-27,83.82433319091797,108.83999633789062,108.93000030517578,108.75,108.7699966430664,5850500
2021-12-28,83.79354858398438,108.80000305175781,108.8499984741211,108.62999725341797,108.8499984741211,6508600
2021-12-29,83.63180541992188,108.58999633789062,108.79000091552734,108.58999633789062,108.75,5084800
2021-12-30,83.58557891845703,108.52999877929688,108.69000244140625,108.52999877929688,108.69000244140625,3299200
2021-12-31,83.61638641357422,108.56999969482422,108.69000244140625,108.52999877929688,108.58000183105469,4282200
2022-01-03,83.56246948242188,108.5,108.52999877929688,108.2699966430664,108.5,10540600
2022-01-04,83.4084701538086,108.30000305175781,108.61000061035156,108.19000244140625,108.61000061035156,9362900
2022-01-05,82.76924133300781,107.47000122070312,108.33999633789062,107.47000122070312,108.30999755859375,8700800
2022-01-06,82.78461456298828,107.48999786376953,107.73999786376953,107.4000015258789,107.47000122070312,11788400
2022-01-07,82.56127166748047,107.19999694824219,107.44999694824219,107.13999938964844,107.44000244140625,8771500
2022-01-10,82.56898498535156,107.20999908447266,107.23999786376953,106.54000091552734,107.04000091552734,15211500
2022-01-11,82.98485565185547,107.75,107.77999877929688,107.01000213623047,107.30000305175781,16319500
2022-01-12,83.11577606201172,107.91999816894531,108.0199966430664,107.80000305175781,107.97000122070312,10434800
2022-01-13,82.8770523071289,107.61000061035156,107.9800033569336,107.55999755859375,107.94999694824219,8329200
2022-01-14,82.8000259399414,107.51000213623047,107.69000244140625,107.38999938964844,107.48999786376953,8640500
2022-01-18,82.37643432617188,106.95999908447266,107.20999908447266,106.87000274658203,107.20999908447266,8429500
2022-01-19,82.2994155883789,106.86000061035156,107.29000091552734,106.81999969482422,107.05000305175781,11927500
2022-01-20,82.11458587646484,106.62000274658203,107.33000183105469,106.5999984741211,107.06999969482422,9745100
2022-01-21,82.09146881103516,106.58999633789062,106.79000091552734,106.48999786376953,106.62000274658203,14969900
2022-01-24,82.00678253173828,106.4800033569336,106.55999755859375,105.73999786376953,106.22000122070312,15837600
2022-01-25,81.78343200683594,106.19000244140625,106.44000244140625,105.9800033569336,106.12999725341797,8351400
2022-01-26,81.50615692138672,105.83000183105469,106.87999725341797,105.69000244140625,106.6500015258789,14077500
2022-01-27,81.12876892089844,105.33999633789062,106.19999694824219,105.11000061035156,106.0,12932000
2022-01-28,81.31361389160156,105.58000183105469,105.62000274658203,104.7300033569336,105.12000274658203,13884300
2022-01-31,81.30591583251953,105.56999969482422,105.81999969482422,105.0,105.4000015258789,29409100
2022-02-01,81.74653625488281,105.75,105.80000305175781,105.26000213623047,105.66000366210938,14135100
2022-02-02,81.8238525390625,105.8499984741211,106.02999877929688,105.62000274658203,105.9800033569336,7908200
2022-02-03,81.1899642944336,105.02999877929688,105.55000305175781,105.0199966430664,105.55000305175781,11222300
2022-02-04,80.83438873291016,104.56999969482422,104.75,104.0199966430664,104.7300033569336,9905600
2022-02-07,80.76480102539062,104.4800033569336,104.69000244140625,104.19000244140625,104.4000015258789,8775800
2022-02-08,80.67976379394531,104.37000274658203,104.68000030517578,104.33999633789062,104.55000305175781,6454800
2022-02-09,81.07402038574219,104.87999725341797,105.02999877929688,104.79000091552734,104.83999633789062,15539400
2022-02-10,80.06136322021484,103.56999969482422,104.63999938964844,103.55000305175781,104.29000091552734,13512800
2022-02-11,79.72119903564453,103.12999725341797,103.91999816894531,102.9000015258789,103.86000061035156,15919700
2022-02-14,79.62846374511719,103.01000213623047,103.30000305175781,102.61000061035156,103.08000183105469,13359200
2022-02-15,79.7057876586914,103.11000061035156,103.30999755859375,103.0199966430664,103.19000244140625,7187700
2022-02-16,80.14639282226562,103.68000030517578,103.73999786376953,102.98999786376953,103.05999755859375,9049200
2022-02-17,79.80626678466797,103.23999786376953,103.5,103.1500015258789,103.44000244140625,5987100
2022-02-18,79.91446685791016,103.37999725341797,103.5,103.05999755859375,103.19999694824219,9223000
2022-02-22,79.75213623046875,103.16999816894531,103.55000305175781,102.9800033569336,103.2300033569336,7168000
2022-02-23,79.6207275390625,103.0,103.38999938964844,102.98999786376953,103.30999755859375,8755000
2022-02-24,80.12320709228516,103.6500015258789,103.72000122070312,101.98999786376953,101.98999786376953,15240900
2022-02-25,80.57154846191406,104.2300033569336,104.30000305175781,103.80000305175781,103.80000305175781,13661700
2022-02-28,80.62565612792969,104.30000305175781,104.5999984741211,103.69999694824219,103.69999694824219,14734100
2022-03-01,80.29974365234375,103.4800033569336,104.11000061035156,103.33000183105469,103.87000274658203,17125400
2022-03-02,80.55581665039062,103.80999755859375,103.86000061035156,103.29000091552734,103.37999725341797,9952800
2022-03-03,80.35404968261719,103.55000305175781,104.01000213623047,103.51000213623047,103.93000030517578,8693300
2022-03-04,79.79534912109375,102.83000183105469,103.36000061035156,102.77999877929688,103.23999786376953,12683100
2022-03-07,79.04264068603516,101.86000061035156,102.66000366210938,101.83999633789062,102.66000366210938,10395400
2022-03-08,78.8098373413086,101.55999755859375,102.2300033569336,101.52999877929688,101.93000030517578,12544400
2022-03-09,79.40734100341797,102.33000183105469,102.48999786376953,101.93000030517578,102.11000061035156,13957900
2022-03-10,78.80206298828125,101.55000305175781,101.9000015258789,101.4000015258789,101.83000183105469,9127900
2022-03-11,78.18128967285156,100.75,101.80000305175781,100.69000244140625,101.80000305175781,7002900
2022-03-14,77.28887176513672,99.5999984741211,101.0199966430664,99.43000030517578,101.0199966430664,10265600
2022-03-15,77.77776336669922,100.2300033569336,100.52999877929688,99.66999816894531,99.68000030517578,15686100
2022-03-16,78.89520263671875,101.66999816894531,101.69999694824219,100.23999786376953,100.75,20807900
2022-03-17,79.40734100341797,102.33000183105469,102.37000274658203,101.5999984741211,101.5999984741211,11579800
2022-03-18,79.69446563720703,102.69999694824219,102.73999786376953,102.0,102.31999969482422,12059900
2022-03-21,78.9029541015625,101.68000030517578,102.68000030517578,101.4000015258789,102.62000274658203,12473700
2022-03-22,79.27545166015625,102.16000366210938,102.19999694824219,101.52999877929688,101.6500015258789,8852800
2022-03-23,78.9262466430664,101.70999908447266,102.0999984741211,101.63999938964844,102.0,8181000
2022-03-24,79.0969467163086,101.93000030517578,102.02999877929688,101.48999786376953,101.81999969482422,7523000
2022-03-25,78.63134002685547,101.33000183105469,102.05000305175781,101.22000122070312,102.0199966430664,9989300
2022-03-28,79.05039978027344,101.87000274658203,101.91000366210938,101.19000244140625,101.19000244140625,9054100
2022-03-29,80.01261901855469,103.11000061035156,103.19000244140625,102.29000091552734,102.29000091552734,13614800
2022-03-30,79.8419189453125,102.88999938964844,103.05999755859375,102.62000274658203,102.83999633789062,11883500
2022-03-31,79.53926086425781,102.5,103.04000091552734,102.4800033569336,102.94000244140625,11979700
2022-04-01,79.57666778564453,102.1500015258789,102.22000122070312,101.7300033569336,102.0199966430664,7758600
2022-04-04,80.1375503540039,102.87000274658203,102.87000274658203,102.16999816894531,102.16999816894531,9167900
2022-04-05,79.15599060058594,101.61000061035156,102.77999877929688,101.58999633789062,102.66999816894531,12010400
2022-04-06,78.5171890258789,100.79000091552734,101.44999694824219,100.61000061035156,100.95999908447266,14822900
2022-04-07,78.34583282470703,100.56999969482422,101.01000213623047,100.55999755859375,100.79000091552734,11140900
2022-04-08,77.88619995117188,99.9800033569336,100.5999984741211,99.95999908447266,100.37999725341797,9018300
2022-04-11,77.33309936523438,99.2699966430664,99.75,99.13999938964844,99.7300033569336,14375100
2022-04-12,77.88619995117188,99.9800033569336,100.38999938964844,99.7300033569336,99.9000015258789,8916100
2022-04-13,78.35362243652344,100.58000183105469,100.63999938964844,100.05999755859375,100.26000213623047,12809100
2022-04-14,77.83944702148438,99.91999816894531,100.7300033569336,99.6500015258789,100.66999816894531,7907300
2022-04-18,77.74597930908203,99.80000305175781,100.05000305175781,99.62999725341797,99.7699966430664,7303300
2022-04-19,77.6914291381836,99.7300033569336,99.87000274658203,99.41999816894531,99.55000305175781,8262600
2022-04-20,77.88619995117188,99.9800033569336,100.16000366210938,99.76000213623047,99.76000213623047,10089000
2022-04-21,77.3954086303711,99.3499984741211,100.27999877929688,99.30000305175781,100.26000213623047,8669500
2022-04-22,76.95915985107422,98.79000091552734,99.30000305175781,98.6500015258789,99.30000305175781,10794900
2022-04-25,77.46553039550781,99.44000244140625,99.56999969482422,98.69999694824219,98.73999786376953,12807200
2022-04-26,77.02149963378906,98.87000274658203,99.51000213623047,98.83000183105469,99.51000213623047,9328500
2022-04-27,76.66314697265625,98.41000366210938,99.12999725341797,98.30000305175781,98.91999816894531,9338300
2022-04-28,77.03707885742188,98.88999938964844,99.06999969482422,98.23999786376953,98.45999908447266,12792000
2022-04-29,76.03992462158203,97.61000061035156,98.58000183105469,97.54000091552734,98.19000244140625,12708400
2022-05-02,75.98828887939453,97.12999725341797,97.30000305175781,96.69000244140625,97.19000244140625,10239100
2022-05-03,76.41072845458984,97.66999816894531,97.86000061035156,97.25,97.25,14394200
2022-05-04,77.20091247558594,98.68000030517578,98.91000366210938,97.0199966430664,97.70999908447266,17199100
2022-05-05,75.80835723876953,96.9000015258789,98.19000244140625,96.58999633789062,98.19000244140625,16556400
2022-05-06,75.39369201660156,96.37000274658203,96.80999755859375,96.0999984741211,96.44000244140625,12580000
2022-05-09,74.55660247802734,95.30000305175781,96.0,95.19999694824219,95.70999908447266,10210300
2022-05-10,74.8773422241211,95.70999908447266,96.16000366210938,95.33000183105469,95.9000015258789,12964100
2022-05-11,74.4940185546875,95.22000122070312,96.11000061035156,95.20999908447266,95.48999786376953,13161500
2022-05-12,74.37667083740234,95.06999969482422,95.41999816894531,94.66999816894531,95.04000091552734,11507600
2022-05-13,74.47055053710938,95.19000244140625,95.48999786376953,94.75,95.27999877929688,17568900
2022-05-16,74.32190704345703,95.0,95.38999938964844,94.91000366210938,95.23999786376953,8971200
2022-05-17,74.25932312011719,94.91999816894531,95.3499984741211,94.72000122070312,95.3499984741211,9076000
2022-05-18,73.64125061035156,94.12999725341797,94.52999877929688,94.02999877929688,94.5199966430664,9650800
2022-05-19,74.15760040283203,94.79000091552734,94.9000015258789,93.95999908447266,94.08000183105469,12800000
2022-05-20,74.08720397949219,94.69999694824219,95.08000183105469,94.33999633789062,94.93000030517578,7050200
2022-05-23,74.30628204345703,94.9800033569336,95.05000305175781,94.75,94.7699966430664,6653900
2022-05-24,74.66613006591797,95.44000244140625,95.55999755859375,94.75,94.7699966430664,8466300
2022-05-25,75.80052947998047,96.88999938964844,97.02999877929688,95.41000366210938,95.41000366210938,10665900
2022-05-26,76.9505615234375,98.36000061035156,98.45999908447266,97.18000030517578,97.19999694824219,16255100
2022-05-27,77.67028045654297,99.27999877929688,99.33999633789062,98.55000305175781,98.91000366210938,12372100
2022-05-31,77.15394592285156,98.62000274658203,98.93000030517578,98.27999877929688,98.8499984741211,23030500
2022-06-01,76.8758316040039,97.83999633789062,98.38999938964844,97.61000061035156,98.1500015258789,22041700
2022-06-02,77.10368347167969,98.12999725341797,98.16000366210938,97.58000183105469,97.68000030517578,7592700
2022-06-03,76.50651550292969,97.37000274658203,97.72000122070312,97.30000305175781,97.66000366210938,9144600
2022-06-06,76.01153564453125,96.73999786376953,97.62999725341797,96.5999984741211,97.29000091552734,8228800
2022-06-07,76.1136703491211,96.87000274658203,96.94000244140625,96.30999755859375,96.33000183105469,9491600
2022-06-08,75.43793487548828,96.01000213623047,96.75,95.97000122070312,96.75,8921000
2022-06-09,74.81719970703125,95.22000122070312,95.97000122070312,95.11000061035156,95.70999908447266,16374700
2022-06-10,73.48933410644531,93.52999877929688,94.5,93.0999984741211,94.5,20385900
2022-06-13,70.96714782714844,90.31999969482422,91.91000366210938,89.80999755859375,91.66000366210938,44091300
2022-06-14,71.53286743164062,91.04000091552734,91.83000183105469,90.27999877929688,90.75,21578000
2022-06-15,72.80574798583984,92.66000366210938,93.18000030517578,91.5,92.02999877929688,18762100
2022-06-16,71.595703125,91.12000274658203,91.56999969482422,90.44000244140625,91.41000366210938,14404700
2022-06-17,72.0042953491211,91.63999938964844,92.06999969482422,91.12999725341797,91.33999633789062,17038000
2022-06-21,71.7607192993164,91.33000183105469,92.30000305175781,91.2699966430664,92.19999694824219,8678900
2022-06-22,71.79998779296875,91.37999725341797,91.66999816894531,91.11000061035156,91.2300033569336,11052300
2022-06-23,72.31070709228516,92.02999877929688,92.06999969482422,91.44999694824219,91.44999694824219,8769900
2022-06-24,72.79788208007812,92.6500015258789,93.04000091552734,92.05999755859375,92.2300033569336,12138600
2022-06-27,72.45215606689453,92.20999908447266,92.76000213623047,92.19000244140625,92.6500015258789,5785300
2022-06-28,71.48571014404297,90.9800033569336,92.33999633789062,90.94999694824219,92.08000183105469,10458300
2022-06-29,71.36000061035156,90.81999969482422,90.97000122070312,90.54000091552734,90.86000061035156,6619700
2022-06-30,71.2735595703125,90.70999908447266,90.97000122070312,90.0999984741211,90.44999694824219,9559100
2022-07-01,71.89188385009766,91.04000091552734,91.4000015258789,90.3499984741211,90.3499984741211,10458500
2022-07-05,71.82868194580078,90.95999908447266,91.0199966430664,89.88999938964844,90.45999908447266,8494800
2022-07-06,71.55232238769531,90.61000061035156,91.02999877929688,90.45999908447266,90.76000213623047,6305900
2022-07-07,72.71315002441406,92.08000183105469,92.1500015258789,90.98999786376953,90.98999786376953,10689700
2022-07-08,72.86317443847656,92.2699966430664,92.33000183105469,91.51000213623047,91.83999633789062,8678000
2022-07-11,72.46045684814453,91.76000213623047,92.23999786376953,91.70999908447266,92.04000091552734,4381000
2022-07-12,72.72891235351562,92.0999984741211,92.22000122070312,91.75,91.76000213623047,7727900
2022-07-13,72.58678436279297,91.91999816894531,92.2300033569336,91.0199966430664,91.23999786376953,11074800
2022-07-14,72.3814697265625,91.66000366210938,91.79000091552734,90.5999984741211,91.2699966430664,9635700
2022-07-15,73.37647247314453,92.91999816894531,92.94999694824219,91.98999786376953,92.02999877929688,14000700
2022-07-18,72.6578598022461,92.01000213623047,93.19999694824219,91.94000244140625,93.19999694824219,7381400
2022-07-19,73.64493560791016,93.26000213623047,93.55000305175781,92.41999816894531,92.48999786376953,8497800
2022-07-20,74.01610565185547,93.7300033569336,94.4800033569336,93.4800033569336,93.4800033569336,26661800
2022-07-21,74.9637451171875,94.93000030517578,95.0,93.56999969482422,93.73999786376953,15140500
2022-07-22,74.86105346679688,94.80000305175781,95.5999984741211,94.47000122070312,95.12999725341797,8860100
2022-07-25,74.82154846191406,94.75,94.98999786376953,94.4800033569336,94.98999786376953,5671400
2022-07-26,74.30826568603516,94.0999984741211,94.62000274658203,94.02999877929688,94.5999984741211,5356000
2022-07-27,75.07424926757812,95.06999969482422,95.45999908447266,94.5199966430664,94.58000183105469,8667100
2022-07-28,75.91131591796875,96.12999725341797,96.18000030517578,95.19000244140625,95.54000091552734,7280500
2022-07-29,76.10870361328125,96.37999725341797,96.66999816894531,95.8499984741211,96.05000305175781,8651900
2022-08-01,76.24992370605469,96.12000274658203,96.26000213623047,95.58999633789062,95.87999725341797,10369800
2022-08-02,75.8691635131836,95.63999938964844,96.05999755859375,95.5999984741211,95.91000366210938,12805800
2022-08-03,76.5355224609375,96.4800033569336,96.55999755859375,95.72000122070312,95.93000030517578,6586800
2022-08-04,76.73382568359375,96.7300033569336,96.75,96.41000366210938,96.66999816894531,5905400
2022-08-05,76.41654968261719,96.33000183105469,96.41000366210938,95.51000213623047,95.79000091552734,8233700
2022-08-08,76.5196533203125,96.45999908447266,97.11000061035156,96.37999725341797,96.68000030517578,6529300
2022-08-09,75.93263244628906,95.72000122070312,96.30999755859375,95.70999908447266,96.2699966430664,16618000
2022-08-10,77.074951171875,97.16000366210938,97.26000213623047,96.79000091552734,96.8499984741211,10738000
2022-08-11,76.69416809082031,96.68000030517578,98.0,96.55999755859375,97.81999969482422,11064000
2022-08-12,77.40018463134766,97.56999969482422,97.61000061035156,96.73999786376953,96.80000305175781,5951500
2022-08-15,77.24944305419922,97.37999725341797,97.69000244140625,97.19000244140625,97.5,9327900
2022-08-16,76.95597076416016,97.01000213623047,97.33000183105469,96.73999786376953,97.33000183105469,8680400
2022-08-17,76.15473937988281,96.0,96.51000213623047,95.98999786376953,96.33000183105469,10226100
2022-08-18,76.22614288330078,96.08999633789062,96.29000091552734,96.05000305175781,96.16000366210938,5643900
2022-08-19,75.42491912841797,95.08000183105469,95.58000183105469,94.87999725341797,95.44999694824219,15148700
2022-08-22,74.54438781738281,93.97000122070312,94.45999908447266,93.94999694824219,94.3499984741211,17870500
2022-08-23,74.7030258178711,94.16999816894531,94.37000274658203,93.72000122070312,93.98999786376953,12031200
2022-08-24,74.81412506103516,94.30999755859375,94.44999694824219,94.05999755859375,94.27999877929688,4565700
2022-08-25,75.44078063964844,95.0999984741211,95.19999694824219,94.41999816894531,94.58999633789062,3486300
2022-08-26,74.2429428100586,93.58999633789062,95.19999694824219,93.52999877929688,95.16999816894531,11057000
2022-08-29,73.93356323242188,93.19999694824219,93.55999755859375,92.88999938964844,93.0199966430664,6078900
2022-08-30,73.35448455810547,92.47000122070312,93.37999725341797,92.13999938964844,93.33000183105469,20925500
2022-08-31,72.89435577392578,91.88999938964844,92.63999938964844,91.8499984741211,92.4800033569336,14061900
2022-09-01,73.02995300292969,91.55999755859375,91.66999816894531,90.66999816894531,91.12000274658203,9077300
2022-09-02,73.05390167236328,91.58999633789062,92.48999786376953,91.44999694824219,92.1500015258789,10452500
2022-09-06,72.88639068603516,91.37999725341797,91.66000366210938,90.98999786376953,91.48999786376953,8943300
2022-09-07,73.83554077148438,92.56999969482422,92.5999984741211,91.37000274658203,91.37000274658203,8752400
2022-09-08,74.1386489868164,92.94999694824219,93.0,92.08000183105469,92.19999694824219,8412000
2022-09-09,74.45767974853516,93.3499984741211,93.80000305175781,93.1500015258789,93.52999877929688,8090000
2022-09-12,74.70496368408203,93.66000366210938,93.91000366210938,93.31999969482422,93.72000122070312,8471900
2022-09-13,73.02198791503906,91.55000305175781,92.61000061035156,91.51000213623047,92.33999633789062,17879400
2022-09-14,73.07781219482422,91.62000274658203,92.31999969482422,91.52999877929688,91.70999908447266,9729600
2022-09-15,72.64710998535156,91.08000183105469,91.63999938964844,91.04000091552734,91.38999938964844,10324200
2022-09-16,72.83055114746094,91.30999755859375,91.33000183105469,90.30999755859375,90.70999908447266,13202600
2022-09-19,73.1416244506836,91.69999694824219,91.69999694824219,90.8499984741211,90.8499984741211,5813500
2022-09-20,72.39984893798828,90.7699966430664,91.19000244140625,90.70999908447266,91.16000366210938,10086700
2022-09-21,72.24829864501953,90.58000183105469,91.48999786376953,90.1500015258789,90.80000305175781,14874100
2022-09-22,71.74579620361328,89.94999694824219,90.37999725341797,89.63999938964844,90.33000183105469,12700100
2022-09-23,70.83651733398438,88.80999755859375,89.55000305175781,88.51000213623047,89.29000091552734,15390600
2022-09-26,70.01496887207031,87.77999877929688,88.88999938964844,87.69999694824219,88.55999755859375,14314300
2022-09-27,69.84745788574219,87.56999969482422,88.55000305175781,87.41999816894531,88.55000305175781,12998900
2022-09-28,70.95616149902344,88.95999908447266,89.16999816894531,87.87000274658203,88.05999755859375,13058800
2022-09-29,70.38983154296875,88.25,88.54000091552734,87.7300033569336,88.5199966430664,8850200
2022-09-30,70.07083129882812,87.8499984741211,88.83999633789062,87.69999694824219,88.33000183105469,6294500
2022-10-03,70.78854370117188,88.2699966430664,88.5,87.76000213623047,88.01000213623047,11519500
2022-10-04,72.31224822998047,90.16999816894531,90.19999694824219,89.27999877929688,89.33000183105469,7552300
2022-10-05,72.0636215209961,89.86000061035156,90.08000183105469,89.0999984741211,89.3499984741211,5714200
2022-10-06,71.83108520507812,89.56999969482422,90.13999938964844,89.5,89.8499984741211,6514200
2022-10-07,71.0291519165039,88.56999969482422,89.33000183105469,88.55999755859375,89.20999908447266,6324900
2022-10-10,70.13093566894531,87.44999694824219,88.56999969482422,87.0199966430664,88.4800033569336,4814600
2022-10-11,70.34745788574219,87.72000122070312,88.37999725341797,87.45999908447266,87.58000183105469,10130800
2022-10-12,70.48380279541016,87.88999938964844,88.16999816894531,87.69000244140625,87.88999938964844,5861800
2022-10-13,70.62016296386719,88.05999755859375,88.25,86.27999877929688,86.58000183105469,7327000
2022-10-14,70.36351013183594,87.73999786376953,88.80000305175781,87.55000305175781,88.54000091552734,7471800
2022-10-17,71.22161102294922,88.80999755859375,89.08000183105469,88.52999877929688,88.58000183105469,7332200
2022-10-18,71.72684478759766,89.44000244140625,89.9800033569336,89.08000183105469,89.7300033569336,9850500
2022-10-19,71.09330749511719,88.6500015258789,89.13999938964844,88.33999633789062,88.97000122070312,5498700
2022-10-20,70.66023254394531,88.11000061035156,89.27999877929688,87.98999786376953,88.83000183105469,8320100
2022-10-21,71.18953704833984,88.7699966430664,89.04000091552734,87.79000091552734,87.91999816894531,10444100
2022-10-24,71.38198852539062,89.01000213623047,89.16999816894531,88.4800033569336,88.94999694824219,7349100
2022-10-25,72.01554870605469,89.80000305175781,89.81999969482422,89.16999816894531,89.2300033569336,9536800
2022-10-26,72.19194793701172,90.0199966430664,90.37999725341797,89.4800033569336,89.58000183105469,9913000
2022-10-27,72.77739715576172,90.75,90.95999908447266,89.97000122070312,90.31999969482422,15063600
2022-10-28,73.33076477050781,91.44000244140625,91.61000061035156,90.91000366210938,91.19999694824219,34620100
2022-10-31,72.21603393554688,90.05000305175781,91.0,90.01000213623047,90.87999725341797,12130100
2022-11-01,72.67631530761719,90.16000366210938,90.62000274658203,89.66000366210938,90.56999969482422,12149800
2022-11-02,71.99919128417969,89.31999969482422,91.05000305175781,89.2699966430664,90.0999984741211,13962300
2022-11-03,71.57198333740234,88.79000091552734,89.02999877929688,88.05999755859375,88.22000122070312,11808700
2022-11-04,72.00724029541016,89.33000183105469,89.73999786376953,88.7300033569336,89.33999633789062,11264600
2022-11-07,72.00724029541016,89.33000183105469,89.63999938964844,89.06999969482422,89.4800033569336,6133000
2022-11-08,71.86216735839844,89.1500015258789,89.54000091552734,88.95999908447266,89.33000183105469,10279100
2022-11-09,71.00772094726562,88.08999633789062,89.08999633789062,87.91999816894531,89.05000305175781,11407900
2022-11-10,73.22444152832031,90.83999633789062,90.88999938964844,89.91999816894531,90.51000213623047,18266500
2022-11-11,73.48237609863281,91.16000366210938,91.44000244140625,90.5199966430664,90.91999816894531,6021000
2022-11-14,72.91004180908203,90.44999694824219,91.0199966430664,90.44999694824219,91.0199966430664,8685300
2022-11-15,73.71613311767578,91.44999694824219,91.58999633789062,90.81999969482422,91.56999969482422,15907400
2022-11-16,73.51461029052734,91.19999694824219,91.47000122070312,91.12000274658203,91.37999725341797,8437900
2022-11-17,73.17605590820312,90.77999877929688,90.91000366210938,90.37999725341797,90.38999938964844,8376800
2022-11-18,73.3695297241211,91.0199966430664,91.26000213623047,90.73999786376953,91.22000122070312,10139600
2022-11-21,73.3050537109375,90.94000244140625,91.16000366210938,90.76000213623047,90.88999938964844,8761800
2022-11-22,73.87735748291016,91.6500015258789,91.66000366210938,91.04000091552734,91.19000244140625,6290300
2022-11-23,74.28845977783203,92.16000366210938,92.2699966430664,91.56999969482422,91.5999984741211,5456000
2022-11-25,74.11113739013672,91.94000244140625,92.2300033569336,91.83000183105469,92.20999908447266,1980000
2022-11-28,73.3453369140625,90.98999786376953,91.87000274658203,90.95999908447266,91.7699966430664,7446500
2022-11-29,73.68389129638672,91.41000366210938,91.5,90.80999755859375,91.08999633789062,7366600
2022-11-30,74.82852172851562,92.83000183105469,92.83999633789062,91.19999694824219,91.41999816894531,10897800
2022-12-01,75.0279541015625,92.55000305175781,92.61000061035156,92.05000305175781,92.61000061035156,10624600
2022-12-02,75.0279541015625,92.55000305175781,92.58000183105469,91.80999755859375,91.9000015258789,10759600
2022-12-05,74.33889770507812,91.69999694824219,92.23999786376953,91.47000122070312,92.2300033569336,7544800
2022-12-06,73.99029541015625,91.2699966430664,91.8499984741211,91.16999816894531,91.7300033569336,7952100
2022-12-07,74.3551025390625,91.72000122070312,91.87000274658203,91.2699966430664,91.2699966430664,6129000
2022-12-08,74.4361572265625,91.81999969482422,91.95999908447266,91.54000091552734,91.9000015258789,5848700
2022-12-09,74.47669982910156,91.87000274658203,92.18000030517578,91.5999984741211,91.6500015258789,7279500
2022-12-12,74.72801208496094,92.18000030517578,92.27999877929688,91.91999816894531,92.0999984741211,4346700
2022-12-13,75.5387191772461,93.18000030517578,93.87000274658203,92.62000274658203,93.62999725341797,12476500
2022-12-14,75.14144897460938,92.69000244140625,93.29000091552734,92.06999969482422,93.22000122070312,10749800
2022-12-15,74.8252944946289,92.30000305175781,92.44000244140625,91.8499984741211,92.30999755859375,6767900
2022-12-16,74.44425964355469,91.83000183105469,92.05000305175781,91.56999969482422,91.87000274658203,9097500
2022-12-19,74.0649185180664,90.79000091552734,91.08999633789062,90.5999984741211,90.81999969482422,6416600
2022-12-20,73.83650970458984,90.51000213623047,90.73999786376953,90.11000061035156,90.38999938964844,5925100
2022-12-21,74.48914337158203,91.30999755859375,91.44999694824219,90.8499984741211,90.9000015258789,5622300
2022-12-22,73.99150085449219,90.69999694824219,91.08000183105469,90.4000015258789,91.08000183105469,7904100
2022-12-23,74.21991729736328,90.9800033569336,91.02999877929688,90.33999633789062,90.33999633789062,6014300
2022-12-27,73.4041519165039,89.9800033569336,90.9800033569336,89.97000122070312,90.9800033569336,4848700
2022-12-28,72.33546447753906,88.66999816894531,90.25,88.66999816894531,90.16000366210938,10456900
2022-12-29,73.37152862548828,89.94000244140625,89.97000122070312,88.9000015258789,89.30999755859375,10216300
2022-12-30,73.42046356201172,90.0,90.05999755859375,89.56999969482422,89.70999908447266,6459100
2023-01-03,73.56729125976562,90.18000030517578,90.68000030517578,90.0199966430664,90.51000213623047,7580400
2023-01-04,74.47281646728516,91.29000091552734,91.33999633789062,90.4800033569336,90.83000183105469,9397600
2023-01-05,74.33414459228516,91.12000274658203,91.22000122070312,90.7699966430664,90.83999633789062,7616200
2023-01-06,75.41097259521484,92.44000244140625,92.75,91.44000244140625,91.62999725341797,13860600
2023-01-09,75.73728942871094,92.83999633789062,92.9800033569336,92.58000183105469,92.72000122070312,11436600
2023-01-10,75.63938903808594,92.72000122070312,92.94000244140625,92.5199966430664,92.70999908447266,6315900
2023-01-11,76.1778335571289,93.37999725341797,93.4000015258789,92.94000244140625,93.08000183105469,6302700
2023-01-12,76.5857162475586,93.87999725341797,93.9800033569336,93.1500015258789,93.63999938964844,7904200
2023-01-13,76.65097045898438,93.95999908447266,94.11000061035156,93.41999816894531,93.41999816894531,9905700
2023-01-17,76.43067932128906,93.69000244140625,93.88999938964844,93.55999755859375,93.80999755859375,7199300
2023-01-18,76.5041275024414,93.77999877929688,94.5199966430664,93.72000122070312,94.23999786376953,7616800
2023-01-19,75.99835205078125,93.16000366210938,93.54000091552734,93.06999969482422,93.37999725341797,8192600
2023-01-20,76.18598175048828,93.38999938964844,93.38999938964844,92.8499984741211,93.26000213623047,7524000
2023-01-23,76.08808898925781,93.2699966430664,93.62000274658203,93.13999938964844,93.27999877929688,5153700
2023-01-24,76.18598175048828,93.38999938964844,93.43000030517578,92.98999786376953,93.12000274658203,4948100
2023-01-25,76.18598175048828,93.38999938964844,93.47000122070312,92.9800033569336,93.12000274658203,5979600
2023-01-26,76.38176727294922,93.62999725341797,93.69999694824219,93.23999786376953,93.52999877929688,7797700
2023-01-27,76.18598175048828,93.38999938964844,93.56999969482422,93.19000244140625,93.36000061035156,8356900
2023-01-30,75.78626251220703,92.9000015258789,93.23999786376953,92.87999725341797,93.12000274658203,4564000
2023-01-31,76.38176727294922,93.62999725341797,93.62999725341797,93.04000091552734,93.04000091552734,8814700
2023-02-01,77.09349822998047,94.0199966430664,94.3499984741211,92.94999694824219,93.12000274658203,11313900
2023-02-02,77.59368133544922,94.62999725341797,94.83999633789062,94.47000122070312,94.80000305175781,11691500
2023-02-03,76.80652618408203,93.66999816894531,94.26000213623047,93.63999938964844,94.02999877929688,11319000
2023-02-06,76.35552215576172,93.12000274658203,93.31999969482422,93.0,93.30000305175781,6153000
2023-02-07,76.65072631835938,93.4800033569336,93.69999694824219,92.97000122070312,92.98999786376953,9792200
2023-02-08,76.35552215576172,93.12000274658203,93.44000244140625,92.9000015258789,93.27999877929688,7233600
2023-02-09,75.80613708496094,92.44999694824219,93.38999938964844,92.43000030517578,93.30000305175781,10584500
2023-02-10,75.21576690673828,91.7300033569336,92.29000091552734,91.62000274658203,92.12000274658203,10315100
2023-02-13,75.42896270751953,91.98999786376953,92.27999877929688,91.70999908447266,91.83000183105469,11064800
2023-02-14,75.43714904785156,92.0,92.22000122070312,91.44999694824219,91.87999725341797,8297500
2023-02-15,75.32234954833984,91.86000061035156,91.88999938964844,91.47000122070312,91.7300033569336,12888100
2023-02-16,74.68277740478516,91.08000183105469,91.47000122070312,91.0,91.47000122070312,20721800
2023-02-17,74.92877197265625,91.37999725341797,91.58000183105469,90.5199966430664,90.68000030517578,22064600
2023-02-21,73.74801635742188,89.94000244140625,90.72000122070312,89.58999633789062,90.62000274658203,21320600
2023-02-22,74.28921508789062,90.5999984741211,90.93000030517578,90.2300033569336,90.2300033569336,19434300
2023-02-23,75.03536987304688,91.51000213623047,91.63999938964844,90.9000015258789,90.9800033569336,8112400
2023-02-24,74.60077667236328,90.9800033569336,91.12999725341797,90.58000183105469,90.72000122070312,10289200
2023-02-27,75.07637786865234,91.55999755859375,91.69999694824219,91.23999786376953,91.30000305175781,11241700
2023-02-28,74.93697357177734,91.38999938964844,91.48999786376953,91.26000213623047,91.41999816894531,5876900
2023-03-01,74.72260284423828,90.62000274658203,90.91000366210938,90.4000015258789,90.91000366210938,7943700
2023-03-02,74.76383209228516,90.66999816894531,90.80999755859375,90.0999984741211,90.19999694824219,7619000
2023-03-03,75.53068542480469,91.5999984741211,91.73999786376953,90.97000122070312,91.11000061035156,9086100
2023-03-06,75.5884017944336,91.66999816894531,91.94999694824219,91.58000183105469,91.73999786376953,7973300
2023-03-07,75.10189056396484,91.08000183105469,91.70999908447266,91.06999969482422,91.69999694824219,7568100
2023-03-08,74.72260284423828,90.62000274658203,91.2300033569336,90.44000244140625,91.01000213623047,9483500
2023-03-09,74.26083374023438,90.05999755859375,91.06999969482422,89.94999694824219,90.69999694824219,13965800
2023-03-10,74.23607635498047,90.02999877929688,90.6500015258789,89.69999694824219,90.08999633789062,13675800
2023-03-13,73.8567886352539,89.56999969482422,90.68000030517578,89.27999877929688,89.83000183105469,12999900
2023-03-14,74.43399047851562,90.2699966430664,90.63999938964844,89.87000274658203,90.26000213623047,10239500
2023-03-15,74.09591674804688,89.86000061035156,89.94999694824219,89.12000274658203,89.2300033569336,14736300
2023-03-16,74.58240509033203,90.44999694824219,90.66000366210938,89.4000015258789,89.4000015258789,9364800
2023-03-17,74.13713073730469,89.91000366210938,91.0,89.76000213623047,90.0,10148100
2023-03-20,73.9392318725586,89.66999816894531,90.16999816894531,89.55999755859375,89.91000366210938,6394300
2023-03-21,74.78031158447266,90.69000244140625,90.81999969482422,90.16000366210938,90.41999816894531,8515800
2023-03-22,74.8627700805664,90.79000091552734,91.76000213623047,90.3499984741211,90.83999633789062,16284200
2023-03-23,74.61537170410156,90.48999786376953,91.23999786376953,90.16999816894531,90.66999816894531,9072300
2023-03-24,74.40924835205078,90.23999786376953,90.41999816894531,90.0199966430664,90.12999725341797,8894100
2023-03-27,74.29380798339844,90.0999984741211,90.62999725341797,90.06999969482422,90.38999938964844,6638400
2023-03-28,74.27731323242188,90.08000183105469,90.13999938964844,89.75,89.97000122070312,6668300
2023-03-29,75.1513671875,91.13999938964844,91.19000244140625,90.3499984741211,90.37000274658203,8579400
2023-03-30,75.64610290527344,91.73999786376953,91.75,91.1500015258789,91.43000030517578,6932600
2023-03-31,76.53660583496094,92.81999969482422,92.8499984741211,91.88999938964844,91.88999938964844,14994100
2023-04-03,76.47366333007812,92.29000091552734,92.4000015258789,91.97000122070312,92.29000091552734,10463800
2023-04-04,76.20850372314453,91.97000122070312,92.4000015258789,91.94000244140625,92.37000274658203,12885200
2023-04-05,75.77762603759766,91.44999694824219,92.01000213623047,91.31999969482422,92.0,12247400
2023-04-06,76.14221954345703,91.88999938964844,92.01000213623047,91.19000244140625,91.45999908447266,10350000
2023-04-10,75.99307250976562,91.70999908447266,91.80999755859375,91.31999969482422,91.68000030517578,9664600
2023-04-11,76.20850372314453,91.97000122070312,92.1500015258789,91.70999908447266,91.80999755859375,6563500
2023-04-12,76.1587905883789,91.91000366210938,92.55000305175781,91.86000061035156,92.51000213623047,8284400
2023-04-13,76.73882293701172,92.61000061035156,92.83999633789062,92.12000274658203,92.16000366210938,33827500
2023-04-14,76.5482406616211,92.37999725341797,92.72000122070312,92.12999725341797,92.56999969482422,10099400
2023-04-17,76.34109497070312,92.12999725341797,92.2699966430664,91.83000183105469,92.22000122070312,7307800
2023-04-18,76.42395782470703,92.2300033569336,92.52999877929688,92.04000091552734,92.30000305175781,5151600
2023-04-19,76.14221954345703,91.88999938964844,92.05999755859375,91.79000091552734,91.93000030517578,5054100
2023-04-20,76.0925064086914,91.83000183105469,91.91999816894531,91.52999877929688,91.52999877929688,3930000
2023-04-21,76.2996597290039,92.08000183105469,92.16000366210938,91.70999908447266,91.94000244140625,6451900
2023-04-24,76.52339172363281,92.3499984741211,92.41000366210938,92.05000305175781,92.25,5963400
2023-04-25,76.38252258300781,92.18000030517578,92.45999908447266,92.08000183105469,92.3499984741211,6849200
2023-04-26,76.08421325683594,91.81999969482422,92.20999908447266,91.70999908447266,92.12999725341797,7100200
2023-04-27,76.34109497070312,92.12999725341797,92.38999938964844,91.83999633789062,92.12999725341797,6370000
2023-04-28,76.63938903808594,92.48999786376953,92.69000244140625,92.2699966430664,92.31999969482422,6786600
2023-05-01,76.30615234375,91.58999633789062,91.95999908447266,91.47000122070312,91.83999633789062,9543500
2023-05-02,76.28114318847656,91.55999755859375,91.69000244140625,91.22000122070312,91.62000274658203,7238500
2023-05-03,76.18949890136719,91.44999694824219,92.08999633789062,91.44000244140625,91.66999816894531,8232500
2023-05-04,75.96454620361328,91.18000030517578,91.26000213623047,90.83999633789062,91.2300033569336,8203500
2023-05-05,76.35614013671875,91.6500015258789,91.80000305175781,91.33999633789062,91.4800033569336,5907600
2023-05-08,76.20616912841797,91.47000122070312,91.62999725341797,91.19999694824219,91.62999725341797,5314700
2023-05-09,76.02288818359375,91.25,91.36000061035156,91.12999725341797,91.30000305175781,4694000
2023-05-10,76.4727554321289,91.79000091552734,91.91999816894531,91.4800033569336,91.79000091552734,6867400
2023-05-11,76.36444091796875,91.66000366210938,91.75,91.55000305175781,91.7300033569336,3867600
2023-05-12,76.08118438720703,91.31999969482422,91.79000091552734,91.18000030517578,91.6500015258789,6958900
2023-05-15,76.09783935546875,91.33999633789062,91.44000244140625,91.19999694824219,91.3499984741211,4895300
2023-05-16,75.55632019042969,90.69000244140625,91.12999725341797,90.61000061035156,91.06999969482422,8177700
2023-05-17,75.73129272460938,90.9000015258789,91.20999908447266,90.7300033569336,90.80000305175781,5546400
2023-05-18,75.76460266113281,90.94000244140625,91.01000213623047,90.55999755859375,90.66999816894531,5056100
2023-05-19,75.80625915527344,90.98999786376953,91.22000122070312,90.87999725341797,90.88999938964844,8463500
2023-05-22,76.13951110839844,91.38999938964844,91.55000305175781,91.05999755859375,91.05999755859375,7194100
2023-05-23,75.76460266113281,90.94000244140625,91.31999969482422,90.83000183105469,91.18000030517578,7275900
2023-05-24,75.23140716552734,90.30000305175781,90.80999755859375,90.08000183105469,90.72000122070312,8761700
2023-05-25,75.15641021728516,90.20999908447266,90.62000274658203,90.18000030517578,90.61000061035156,7021200
2023-05-26,75.63131713867188,90.77999877929688,90.8499984741211,90.26000213623047,90.31999969482422,6411400
2023-05-30,75.94790649414062,91.16000366210938,91.20999908447266,90.87999725341797,91.20999908447266,6329000
2023-05-31,75.68128204345703,90.83999633789062,91.05000305175781,90.68000030517578,90.91000366210938,7077700
2023-06-01,76.18741607666016,90.91999816894531,90.9800033569336,90.33999633789062,90.38999938964844,9280300
2023-06-02,76.57288360595703,91.37999725341797,91.55999755859375,91.01000213623047,91.2300033569336,10203200
2023-06-05,76.48068237304688,91.2699966430664,91.3499984741211,91.06999969482422,91.33000183105469,7425600
2023-06-06,76.6482925415039,91.47000122070312,91.5,91.05999755859375,91.22000122070312,6176800
2023-06-07,76.25447082519531,91.0,91.69000244140625,90.88999938964844,91.55999755859375,8158500
2023-06-08,76.74886322021484,91.58999633789062,91.5999984741211,90.9800033569336,90.9800033569336,7125500
2023-06-09,76.75724792480469,91.5999984741211,91.79000091552734,91.56999969482422,91.62000274658203,8677200
2023-06-12,76.70696258544922,91.54000091552734,91.7300033569336,91.33000183105469,91.68000030517578,9344400
2023-06-13,76.81590270996094,91.66999816894531,91.91999816894531,91.55000305175781,91.70999908447266,7104100
2023-06-14,76.87454223632812,91.73999786376953,92.01000213623047,91.29000091552734,91.75,8465300
2023-06-15,77.22650909423828,92.16000366210938,92.18000030517578,91.80000305175781,91.93000030517578,10476300
2023-06-16,77.01700592041016,91.91000366210938,92.1500015258789,91.86000061035156,92.1500015258789,5403700
2023-06-20,76.81590270996094,91.66999816894531,91.93000030517578,91.66999816894531,91.86000061035156,5713400
2023-06-21,76.63153839111328,91.44999694824219,91.61000061035156,91.2699966430664,91.48999786376953,6862300
2023-06-22,76.40528106689453,91.18000030517578,91.31999969482422,91.08999633789062,91.23999786376953,5619200
2023-06-23,76.17066955566406,90.9000015258789,91.05999755859375,90.75,90.94999694824219,4754900
2023-06-26,76.31309509277344,91.06999969482422,91.1500015258789,90.86000061035156,90.98999786376953,6627200
2023-06-27,76.53934478759766,91.33999633789062,91.44000244140625,91.0999984741211,91.1500015258789,6312500
2023-06-28,76.9834976196289,91.87000274658203,91.87000274658203,91.2699966430664,91.4000015258789,6037000
2023-06-29,76.78237915039062,91.62999725341797,91.63999938964844,91.26000213623047,91.5,7734400
2023-06-30,77.11756134033203,92.02999877929688,92.27999877929688,91.86000061035156,91.94999694824219,8812200
2023-07-03,77.07038879394531,91.4800033569336,91.61000061035156,91.3499984741211,91.61000061035156,4006500
2023-07-05,76.8092269897461,91.16999816894531,91.44999694824219,91.02999877929688,91.41000366210938,8569400
2023-07-06,76.26158905029297,90.5199966430664,90.55999755859375,90.23999786376953,90.51000213623047,9427300
2023-07-07,76.32057189941406,90.58999633789062,91.13999938964844,90.33999633789062,90.33999633789062,9675400
2023-07-10,76.67443084716797,91.01000213623047,91.12000274658203,90.62999725341797,90.63999938964844,8166500
2023-07-11,77.07038879394531,91.4800033569336,91.48999786376953,91.11000061035156,91.20999908447266,6652200
2023-07-12,77.70223236083984,92.2300033569336,92.33999633789062,92.0,92.0,11186500
2023-07-13,78.17403411865234,92.79000091552734,92.91000366210938,92.51000213623047,92.69000244140625,9669800
2023-07-14,77.62641906738281,92.13999938964844,92.7699966430664,92.08000183105469,92.72000122070312,7127000
2023-07-17,77.7780532836914,92.31999969482422,92.44000244140625,92.0,92.11000061035156,4686300
2023-07-18,77.97186279296875,92.55000305175781,92.69999694824219,92.36000061035156,92.4000015258789,7835600
2023-07-19,78.03921508789062,92.62999725341797,92.80999755859375,92.58000183105469,92.61000061035156,4847400
2023-07-20,77.72753143310547,92.26000213623047,92.37999725341797,91.98999786376953,92.33999633789062,5435300
2023-07-21,77.8960189819336,92.45999908447266,92.63999938964844,92.30000305175781,92.31999969482422,7344600
2023-07-24,77.75277709960938,92.29000091552734,92.72000122070312,92.29000091552734,92.5,4423400
2023-07-25,77.70223236083984,92.2300033569336,92.36000061035156,92.0999984741211,92.22000122070312,5415800
2023-07-26,78.05608367919922,92.6500015258789,92.75,92.19000244140625,92.2699966430664,7947400
2023-07-27,77.44949340820312,91.93000030517578,92.91000366210938,91.75,92.83000183105469,10458100
2023-07-28,77.8960189819336,92.45999908447266,92.55000305175781,92.2699966430664,92.33000183105469,5542700
2023-07-31,78.14034271240234,92.75,92.8499984741211,92.58000183105469,92.61000061035156,5026900
2023-08-01,77.69976806640625,91.70999908447266,92.05999755859375,91.62999725341797,92.05999755859375,6976500
2023-08-02,77.39476013183594,91.3499984741211,91.43000030517578,91.0999984741211,91.4000015258789,6354000
2023-08-03,77.13213348388672,91.04000091552734,91.20999908447266,90.87999725341797,91.0,7921400
2023-08-04,77.58113861083984,91.56999969482422,91.94000244140625,91.48999786376953,91.62000274658203,9497100
2023-08-07,77.74211883544922,91.76000213623047,91.80000305175781,91.51000213623047,91.77999877929688,3654500
2023-08-08,77.877685546875,91.91999816894531,92.0,91.58999633789062,91.73999786376953,8316700
2023-08-09,77.88616943359375,91.93000030517578,92.06999969482422,91.75,91.93000030517578,6529800
2023-08-10,77.84380340576172,91.87999725341797,92.41000366210938,91.66000366210938,92.19000244140625,11190600
2023-08-11,77.733642578125,91.75,91.81999969482422,91.4800033569336,91.62000274658203,6174400
2023-08-14,77.74211883544922,91.76000213623047,91.91999816894531,91.4800033569336,91.62000274658203,8179700
2023-08-15,77.49645233154297,91.47000122070312,91.73999786376953,91.44999694824219,91.58000183105469,8657800
2023-08-16,77.29310607910156,91.2300033569336,91.69000244140625,91.19999694824219,91.47000122070312,17441500
2023-08-17,76.92880249023438,90.80000305175781,91.30999755859375,90.63999938964844,91.2699966430664,16681900
2023-08-18,76.9626693725586,90.83999633789062,91.16999816894531,90.58999633789062,90.5999984741211,7923900
2023-08-21,76.98811340332031,90.87000274658203,90.93000030517578,90.58999633789062,90.80999755859375,6346000
2023-08-22,77.03046417236328,90.91999816894531,91.08999633789062,90.83999633789062,91.05999755859375,4675200
2023-08-23,77.66588592529297,91.66999816894531,91.80999755859375,91.26000213623047,91.26000213623047,7450200
2023-08-24,77.20836639404297,91.12999725341797,91.72000122070312,91.05999755859375,91.70999908447266,5549400
2023-08-25,77.53033447265625,91.51000213623047,91.6500015258789,91.11000061035156,91.23999786376953,7969600
2023-08-28,77.86077117919922,91.9000015258789,91.95999908447266,91.6500015258789,91.7300033569336,5707900
2023-08-29,78.34367370605469,92.47000122070312,92.48999786376953,91.76000213623047,91.80000305175781,9102900
2023-08-30,78.32672119140625,92.44999694824219,92.63999938964844,92.37999725341797,92.5199966430664,7039300
2023-08-31,78.33519744873047,92.45999908447266,92.5199966430664,92.26000213623047,92.37000274658203,5730400
2023-09-01,78.3709716796875,91.98999786376953,92.29000091552734,91.80999755859375,92.08000183105469,6341100
2023-09-05,77.91094207763672,91.44999694824219,91.94999694824219,91.4000015258789,91.94999694824219,7499500
2023-09-06,77.80017852783203,91.31999969482422,91.44999694824219,91.08000183105469,91.44999694824219,8299100
2023-09-07,78.03018951416016,91.58999633789062,91.5999984741211,91.11000061035156,91.11000061035156,8330700
2023-09-08,77.96202850341797,91.51000213623047,91.81999969482422,91.44000244140625,91.70999908447266,6906700
2023-09-11,78.05574798583984,91.62000274658203,91.66000366210938,91.44000244140625,91.62000274658203,6025500
2023-09-12,77.97057342529297,91.5199966430664,91.68000030517578,91.43000030517578,91.4800033569336,5837800
2023-09-13,78.16650390625,91.75,91.87000274658203,91.54000091552734,91.54000091552734,5726000
2023-09-14,78.27725982666016,91.87999725341797,91.9800033569336,91.75,91.94999694824219,7379200
2023-09-15,78.02168273925781,91.58000183105469,91.77999877929688,91.54000091552734,91.5999984741211,7372400
2023-09-18,78.03871154785156,91.5999984741211,91.69000244140625,91.5,91.5199966430664,4641500
2023-09-19,77.84276580810547,91.37000274658203,91.54000091552734,91.27999877929688,91.4000015258789,5843500
2023-09-20,77.74905395507812,91.26000213623047,91.70999908447266,91.23999786376953,91.55000305175781,7060000
2023-09-21,77.20381927490234,90.62000274658203,90.94999694824219,90.5999984741211,90.87000274658203,11285100
2023-09-22,77.32307434082031,90.76000213623047,91.08999633789062,90.7300033569336,90.7699966430664,10555500
2023-09-25,77.21232604980469,90.62999725341797,90.77999877929688,90.41000366210938,90.48999786376953,8635200
2023-09-26,76.84597778320312,90.19999694824219,90.58999633789062,90.13999938964844,90.5,10719400
2023-09-27,76.73523712158203,90.06999969482422,90.52999877929688,89.91999816894531,90.44000244140625,11470800
2023-09-28,77.0674819946289,90.45999908447266,90.52999877929688,89.86000061035156,90.04000091552734,8217200
2023-09-29,77.01639556884766,90.4000015258789,90.94000244140625,90.33999633789062,90.9000015258789,12216400
2023-10-02,76.54598236083984,89.33999633789062,89.69000244140625,89.20999908447266,89.6500015258789,17973600
2023-10-03,75.76630401611328,88.43000030517578,89.19000244140625,88.37000274658203,89.0,14311800
2023-10-04,76.04905700683594,88.76000213623047,88.9000015258789,88.31999969482422,88.72000122070312,46175000
2023-10-05,76.15187072753906,88.87999725341797,88.9800033569336,88.63999938964844,88.70999908447266,14096900
2023-10-06,76.2889633178711,89.04000091552734,89.18000030517578,88.30000305175781,88.43000030517578,14645500
2023-10-09,76.85446166992188,89.69999694824219,89.73999786376953,89.06999969482422,89.06999969482422,8491900
2023-10-10,76.87161254882812,89.72000122070312,89.94999694824219,89.3499984741211,89.43000030517578,14646500
2023-10-11,76.90586853027344,89.76000213623047,90.0,89.33000183105469,89.93000030517578,9031700
2023-10-12,76.4688949584961,89.25,89.66000366210938,89.0,89.62999725341797,12197400
2023-10-13,76.40034484863281,89.16999816894531,89.7699966430664,89.08999633789062,89.63999938964844,10090500
2023-10-16,76.37464141845703,89.13999938964844,89.36000061035156,89.06999969482422,89.0999984741211,8622800
2023-10-17,76.0147933959961,88.72000122070312,88.98999786376953,88.5999984741211,88.75,9423500
2023-10-18,75.62065887451172,88.26000213623047,88.7699966430664,88.22000122070312,88.5999984741211,9025500
2023-10-19,75.36363220214844,87.95999908447266,88.68000030517578,87.94999694824219,88.33000183105469,11498600
2023-10-20,75.48356628417969,88.0999984741211,88.30999755859375,87.97000122070312,88.04000091552734,9869300
2023-10-23,75.7920150756836,88.45999908447266,88.69000244140625,87.80000305175781,87.87999725341797,7845000
2023-10-24,76.17756652832031,88.91000366210938,88.95999908447266,88.58999633789062,88.69000244140625,7739400
2023-10-25,75.80916595458984,88.4800033569336,88.77999877929688,88.3499984741211,88.75,10243600
2023-10-26,76.04905700683594,88.76000213623047,88.88999938964844,88.30999755859375,88.36000061035156,8869500
2023-10-27,75.92053985595703,88.61000061035156,88.94000244140625,88.47000122070312,88.87999725341797,10484300
2023-10-30,75.93765258789062,88.62999725341797,88.80999755859375,88.52999877929688,88.63999938964844,6721500
2023-10-31,76.1861343383789,88.91999816894531,89.18000030517578,88.63999938964844,88.63999938964844,12154700
2023-11-01,76.89353942871094,89.23999786376953,89.26000213623047,88.55999755859375,88.55999755859375,13927900
2023-11-02,77.73797607421875,90.22000122070312,90.37999725341797,89.72000122070312,89.72000122070312,13005500
2023-11-03,78.61685943603516,91.23999786376953,91.26000213623047,90.66000366210938,90.97000122070312,14638200
2023-11-06,78.34110260009766,90.91999816894531,91.18000030517578,90.73999786376953,90.95999908447266,29125500
2023-11-07,78.23773956298828,90.80000305175781,90.94999694824219,90.56999969482422,90.66999816894531,13276300
2023-11-08,78.28079986572266,90.8499984741211,90.93000030517578,90.68000030517578,90.79000091552734,12539800
2023-11-09,77.76380920410156,90.25,90.87000274658203,90.22000122070312,90.75,9789800
2023-11-10,78.1601791381836,90.70999908447266,90.72000122070312,90.43000030517578,90.44999694824219,6244600
2023-11-13,78.02232360839844,90.55000305175781,90.66999816894531,90.37999725341797,90.4800033569336,6600500
2023-11-14,78.82365417480469,91.4800033569336,91.72000122070312,91.38999938964844,91.38999938964844,11882200
2023-11-15,78.58238220214844,91.19999694824219,91.5199966430664,91.11000061035156,91.5199966430664,9697800
2023-11-16,78.69441986083984,91.33000183105469,91.38999938964844,91.12000274658203,91.27999877929688,6178800
2023-11-17,78.86674499511719,91.52999877929688,91.52999877929688,91.18000030517578,91.36000061035156,6776300
2023-11-20,78.92704772949219,91.5999984741211,91.75,91.43000030517578,91.44999694824219,5392900
2023-11-21,79.03044891357422,91.72000122070312,91.73999786376953,91.55999755859375,91.58999633789062,4636600
2023-11-22,79.22862243652344,91.94999694824219,92.04000091552734,91.66999816894531,91.83999633789062,5564900
2023-11-24,79.15969848632812,91.87000274658203,91.9000015258789,91.77999877929688,91.88999938964844,1532400
2023-11-27,79.28032684326172,92.01000213623047,92.05000305175781,91.7699966430664,91.87999725341797,5819300
2023-11-28,79.57327270507812,92.3499984741211,92.41000366210938,91.9000015258789,91.9800033569336,6148400
2023-11-29,79.98689270019531,92.83000183105469,93.12999725341797,92.66999816894531,92.75,9195600
2023-11-30,79.85762023925781,92.68000030517578,92.81999969482422,92.37999725341797,92.81999969482422,8173200
2023-12-01,80.52912902832031,92.94000244140625,92.94000244140625,91.95999908447266,92.08000183105469,9126200
2023-12-04,80.32984161376953,92.70999908447266,92.76000213623047,92.37999725341797,92.37999725341797,3905600
2023-12-05,80.4424819946289,92.83999633789062,92.88999938964844,92.55999755859375,92.55999755859375,3877300
2023-12-06,80.40784454345703,92.80000305175781,93.01000213623047,92.7699966430664,92.94999694824219,4271400
2023-12-07,80.54646301269531,92.95999908447266,93.12999725341797,92.87000274658203,92.93000030517578,6103700
2023-12-08,80.41649627685547,92.80999755859375,92.86000061035156,92.56999969482422,92.61000061035156,7106200
2023-12-11,80.3558578491211,92.73999786376953,92.77999877929688,92.47000122070312,92.73999786376953,4797100
2023-12-12,80.57247161865234,92.98999786376953,93.02999877929688,92.51000213623047,92.75,8280200
2023-12-13,81.7681884765625,94.37000274658203,94.37999725341797,93.06999969482422,93.08999633789062,8382700
2023-12-14,82.16674041748047,94.83000183105469,95.1500015258789,94.6500015258789,94.88999938964844,9342500
2023-12-15,82.00212860107422,94.63999938964844,94.80000305175781,94.41000366210938,94.7699966430664,7087800
2023-12-18,82.0692138671875,94.19000244140625,94.3499984741211,93.87000274658203,94.30000305175781,5908900
2023-12-19,82.33932495117188,94.5,94.58999633789062,94.2699966430664,94.2699966430664,4371100
2023-12-20,82.31317138671875,94.47000122070312,94.91000366210938,94.47000122070312,94.58999633789062,4538700
2023-12-21,82.6878662109375,94.9000015258789,95.01000213623047,94.62000274658203,94.88999938964844,5366600
2023-12-22,82.60945129394531,94.80999755859375,95.16000366210938,94.7699966430664,95.0999984741211,3523900
2023-12-26,82.77498626708984,95.0,95.04000091552734,94.83999633789062,94.83999633789062,1668800
2023-12-27,83.12350463867188,95.4000015258789,95.58999633789062,95.0199966430664,95.1500015258789,3698100
2023-12-28,82.82725524902344,95.05999755859375,95.38999938964844,94.91999816894531,95.37000274658203,3349300
2023-12-29,82.53972625732422,94.7300033569336,95.27999877929688,94.7300033569336,94.95999908447266,4821300
2024-01-02,82.28704071044922,94.44000244140625,94.55000305175781,94.30999755859375,94.37999725341797,6452700
2024-01-03,82.01693725585938,94.12999725341797,94.33000183105469,93.69999694824219,93.76000213623047,6921500
2024-01-04,81.6945571899414,93.76000213623047,94.08000183105469,93.7300033569336,93.97000122070312,3843600
2024-01-05,81.79911041259766,93.87999725341797,94.20999908447266,93.5999984741211,93.5999984741211,5797300
2024-01-08,82.23477935791016,94.37999725341797,94.45999908447266,93.8499984741211,93.8499984741211,4572200
2024-01-09,82.37417602539062,94.54000091552734,94.63999938964844,94.16999816894531,94.23999786376953,5452300
2024-01-10,82.54843139648438,94.73999786376953,94.8499984741211,94.62000274658203,94.69999694824219,8315800
2024-01-11,82.75756072998047,94.9800033569336,95.0199966430664,94.47000122070312,94.75,8059500
2024-01-12,82.87953186035156,95.12000274658203,95.37999725341797,95.0,95.16000366210938,4919600
2024-01-16,82.32191467285156,94.4800033569336,94.94000244140625,94.4000015258789,94.9000015258789,6187900
2024-01-17,82.00823974609375,94.12000274658203,94.26000213623047,93.93000030517578,94.26000213623047,5805300
2024-01-18,82.14764404296875,94.27999877929688,94.30999755859375,94.06999969482422,94.2300033569336,5007400
2024-01-19,82.23477935791016,94.37999725341797,94.41999816894531,93.97000122070312,94.33999633789062,6425900
2024-01-22,82.37417602539062,94.54000091552734,94.7699966430664,94.44999694824219,94.5199966430664,4349200
2024-01-23,82.32191467285156,94.4800033569336,94.56999969482422,94.30000305175781,94.55000305175781,6349200
2024-01-24,82.27833557128906,94.43000030517578,94.80000305175781,94.30999755859375,94.69999694824219,4486600
2024-01-25,82.88824462890625,95.12999725341797,95.12999725341797,94.63999938964844,94.77999877929688,5285100
2024-01-26,82.78369140625,95.01000213623047,95.2300033569336,95.01000213623047,95.11000061035156,4925900
2024-01-29,83.0189437866211,95.27999877929688,95.36000061035156,94.9800033569336,95.12999725341797,4786000
2024-01-30,82.88824462890625,95.12999725341797,95.31999969482422,94.91999816894531,95.26000213623047,4222100
2024-01-31,82.6617202758789,94.87000274658203,95.4000015258789,94.80999755859375,95.12999725341797,8741500
2024-02-01,83.08404541015625,94.81999969482422,94.97000122070312,94.36000061035156,94.62999725341797,7185600
2024-02-02,82.75983428955078,94.44999694824219,94.58000183105469,94.2699966430664,94.2699966430664,7061100
2024-02-05,82.36555480957031,94.0,94.2300033569336,93.81999969482422,94.22000122070312,7441700
2024-02-06,82.69852447509766,94.37999725341797,94.52999877929688,94.08000183105469,94.08000183105469,6262000
2024-02-07,82.8211898803711,94.5199966430664,94.66000366210938,94.31999969482422,94.5999984741211,5663900
2024-02-08,82.83870697021484,94.54000091552734,94.63999938964844,94.41999816894531,94.5199966430664,5003100
2024-02-09,83.02272033691406,94.75,94.81999969482422,94.45999908447266,94.62000274658203,8006100
2024-02-12,82.8299331665039,94.52999877929688,94.86000061035156,94.48999786376953,94.56999969482422,4691500
2024-02-13,82.16401672363281,93.7699966430664,94.0,93.5999984741211,93.77999877929688,7445000
2024-02-14,82.5057373046875,94.16000366210938,94.2699966430664,93.94999694824219,93.94999694824219,6055300
2024-02-15,82.73356628417969,94.41999816894531,94.54000091552734,94.19000244140625,94.27999877929688,5432600
2024-02-16,82.5407943725586,94.19999694824219,94.26000213623047,94.02999877929688,94.19999694824219,4466200
2024-02-20,82.68099212646484,94.36000061035156,94.43000030517578,94.05000305175781,94.16000366210938,4186600
2024-02-21,82.5495376586914,94.20999908447266,94.43000030517578,94.05000305175781,94.36000061035156,3763900
2024-02-22,82.93507385253906,94.6500015258789,94.66999816894531,94.43000030517578,94.5,6819200
2024-02-23,82.97891998291016,94.69999694824219,94.83999633789062,94.63999938964844,94.75,3469700
2024-02-26,82.72481536865234,94.41000366210938,94.76000213623047,94.37000274658203,94.76000213623047,4442400
2024-02-27,82.78614044189453,94.4800033569336,94.51000213623047,94.31999969482422,94.5,3916200
2024-02-28,82.80364990234375,94.5,94.58999633789062,94.36000061035156,94.4000015258789,2649100
2024-02-29,82.90880584716797,94.62000274658203,94.83000183105469,94.5199966430664,94.62999725341797,4570900
2024-03-01,83.1899185180664,94.41000366210938,94.5,93.95999908447266,94.06999969482422,7082900
2024-03-04,83.22514343261719,94.44999694824219,94.51000213623047,94.23999786376953,94.4000015258789,9054600
2024-03-05,83.12823486328125,94.33999633789062,94.66000366210938,94.31999969482422,94.41999816894531,5659100
2024-03-06,83.32206726074219,94.55999755859375,94.69000244140625,94.41000366210938,94.55000305175781,5176100
2024-03-07,83.41019439697266,94.66000366210938,94.80000305175781,94.58000183105469,94.7699966430664,4144100
2024-03-08,83.4454345703125,94.69999694824219,95.08999633789062,94.68000030517578,94.79000091552734,6891800
2024-03-11,83.4454345703125,94.69999694824219,94.7300033569336,94.56999969482422,94.68000030517578,3554300
2024-03-12,83.48948669433594,94.75,94.81999969482422,94.5,94.81999969482422,4302700
2024-03-13,83.5511703491211,94.81999969482422,95.05999755859375,94.66000366210938,94.73999786376953,4224900
2024-03-14,83.13703155517578,94.3499984741211,94.83000183105469,94.23999786376953,94.83000183105469,7989600
2024-03-15,83.1458511352539,94.36000061035156,94.5199966430664,94.19999694824219,94.29000091552734,5499800
2024-03-18,83.29562377929688,94.52999877929688,94.63999938964844,94.45999908447266,94.58000183105469,2633500
2024-03-19,83.64810943603516,94.93000030517578,94.94999694824219,94.5,94.5,3844400
2024-03-20,83.9300537109375,95.25,95.29000091552734,94.80000305175781,94.91000366210938,7672900
2024-03-21,83.9212646484375,95.23999786376953,95.44000244140625,95.06999969482422,95.37999725341797,6484500
2024-03-22,83.80672454833984,95.11000061035156,95.43000030517578,95.06999969482422,95.33000183105469,3440500
2024-03-25,83.7273941040039,95.0199966430664,95.05999755859375,94.87999725341797,95.05000305175781,4082400
2024-03-26,83.56879425048828,94.83999633789062,95.08999633789062,94.80999755859375,95.05999755859375,2885300
2024-03-27,84.01817321777344,95.3499984741211,95.3499984741211,94.94999694824219,95.0199966430664,2982700
2024-03-28,83.88600158691406,95.19999694824219,95.3499984741211,95.08999633789062,95.23999786376953,4443900
2024-04-01,83.46876525878906,94.22000122070312,94.69000244140625,94.18000030517578,94.69000244140625,4982400
2024-04-02,83.30929565429688,94.04000091552734,94.06999969482422,93.87000274658203,93.94000244140625,4547800
2024-04-03,83.35357666015625,94.08999633789062,94.1500015258789,93.80999755859375,93.93000030517578,4728300
2024-04-04,83.2384262084961,93.95999908447266,94.41000366210938,93.87999725341797,94.27999877929688,4142300
2024-04-05,83.19412231445312,93.91000366210938,94.05999755859375,93.9000015258789,93.98999786376953,4187600
2024-04-08,83.41560363769531,94.16000366210938,94.2300033569336,93.9000015258789,93.94000244140625,5265500
2024-04-09,83.64594268798828,94.41999816894531,94.4800033569336,94.2300033569336,94.36000061035156,6703600
2024-04-10,82.86637115478516,93.54000091552734,93.91999816894531,93.37000274658203,93.76000213623047,7596000
2024-04-11,82.78660583496094,93.44999694824219,93.66000366210938,93.20999908447266,93.58999633789062,7295800
2024-04-12,82.77777099609375,93.44000244140625,93.4800033569336,93.2699966430664,93.37000274658203,6803700
2024-04-15,82.2816390991211,92.87999725341797,93.5,92.77999877929688,93.4800033569336,4675800
2024-04-16,82.00703430175781,92.56999969482422,92.83999633789062,92.47000122070312,92.81999969482422,7126000
2024-04-17,82.11334991455078,92.69000244140625,93.01000213623047,92.62999725341797,92.81999969482422,7747200
2024-04-18,82.21965789794922,92.80999755859375,92.87999725341797,92.55999755859375,92.69000244140625,4907000
2024-04-19,82.38796997070312,93.0,93.12000274658203,92.87000274658203,92.93000030517578,7423300
2024-04-22,82.81321716308594,93.4800033569336,93.5199966430664,93.13999938964844,93.13999938964844,4778500
2024-04-23,83.13214111328125,93.83999633789062,93.94000244140625,93.47000122070312,93.58000183105469,3304700
2024-04-24,82.99037170410156,93.68000030517578,93.87000274658203,93.44999694824219,93.83999633789062,4677700
2024-04-25,82.76004791259766,93.41999816894531,93.44999694824219,92.87999725341797,93.13999938964844,4208800
2024-04-26,83.03466033935547,93.7300033569336,93.7699966430664,93.41999816894531,93.44999694824219,5454900
2024-04-29,83.29156494140625,94.0199966430664,94.0199966430664,93.7699966430664,93.7699966430664,5915000
2024-04-30,82.76889038085938,93.43000030517578,93.91999816894531,93.37999725341797,93.72000122070312,9199700
2024-05-01,83.13333892822266,93.30000305175781,93.69999694824219,92.8499984741211,92.8499984741211,12350300
2024-05-02,83.61450958251953,93.83999633789062,93.87000274658203,93.31999969482422,93.5,6454500
2024-05-03,83.99762725830078,94.2699966430664,94.66000366210938,94.08999633789062,94.33000183105469,5511000
2024-05-06,84.08676147460938,94.37000274658203,94.4800033569336,94.33000183105469,94.33000183105469,5666700
2024-05-07,84.12237548828125,94.41000366210938,94.54000091552734,94.2300033569336,94.5,7029300
2024-05-08,83.9441909790039,94.20999908447266,94.27999877929688,94.12999725341797,94.2300033569336,3619200
2024-05-09,83.97090148925781,94.23999786376953,94.23999786376953,94.0199966430664,94.18000030517578,4237900
2024-05-10,83.77487182617188,94.0199966430664,94.23999786376953,93.91999816894531,94.19999694824219,4200400
2024-05-13,83.78378295898438,94.02999877929688,94.2300033569336,93.95999908447266,94.19999694824219,2690000
2024-05-14,83.90853118896484,94.16999816894531,94.16999816894531,94.0199966430664,94.05000305175781,2637600
2024-05-15,84.37187194824219,94.69000244140625,94.69000244140625,94.37999725341797,94.44000244140625,5704700
2024-05-16,84.20256042480469,94.5,94.69999694824219,94.44000244140625,94.6500015258789,3437700
2024-05-17,84.19364929199219,94.48999786376953,94.5199966430664,94.33999633789062,94.41000366210938,3223400
2024-05-20,84.24713134765625,94.55000305175781,94.55000305175781,94.37999725341797,94.47000122070312,2926200
2024-05-21,84.20256042480469,94.5,94.63999938964844,94.4800033569336,94.51000213623047,2126500
2024-05-22,84.02437591552734,94.30000305175781,94.41000366210938,94.19999694824219,94.30000305175781,3049400
2024-05-23,83.7125015258789,93.94999694824219,94.41000366210938,93.91000366210938,94.38999938964844,3400200
2024-05-24,84.00653839111328,94.27999877929688,94.30000305175781,93.97000122070312,94.08000183105469,2073200
2024-05-28,83.69467163085938,93.93000030517578,94.3499984741211,93.9000015258789,94.3499984741211,3250100
2024-05-29,83.41847229003906,93.62000274658203,93.76000213623047,93.55999755859375,93.6500015258789,4331700
2024-05-30,83.7125015258789,93.94999694824219,94.01000213623047,93.72000122070312,93.79000091552734,4046400
2024-05-31,84.06891632080078,94.3499984741211,94.3499984741211,94.05000305175781,94.08000183105469,4956400
2024-06-03,84.30279541015625,94.08000183105469,94.16999816894531,93.83999633789062,94.16999816894531,5434800
2024-06-04,84.2669448852539,94.04000091552734,94.19000244140625,93.95999908447266,93.9800033569336,3640000
2024-06-05,84.54473114013672,94.3499984741211,94.37000274658203,94.04000091552734,94.25,2707700
2024-06-06,84.4192886352539,94.20999908447266,94.30999755859375,94.12999725341797,94.29000091552734,1741300
2024-06-07,84.16836547851562,93.93000030517578,94.02999877929688,93.79000091552734,94.0,2627100
2024-06-10,84.2490234375,94.0199966430664,94.05000305175781,93.77999877929688,93.8499984741211,2482100
2024-06-11,84.39239501953125,94.18000030517578,94.18000030517578,93.6500015258789,93.6500015258789,2745100
2024-06-12,84.68810272216797,94.51000213623047,94.83999633789062,94.5,94.62000274658203,4927000
2024-06-13,84.70603942871094,94.52999877929688,94.73999786376953,94.4000015258789,94.73999786376953,4640300
2024-06-14,84.3655014038086,94.1500015258789,94.33999633789062,94.05999755859375,94.19999694824219,3429200
2024-06-17,84.45513916015625,94.25,94.3499984741211,93.93000030517578,93.98999786376953,1905000
2024-06-18,84.74186706542969,94.56999969482422,94.5999984741211,94.2300033569336,94.2300033569336,3148600
2024-06-20,84.65225982666016,94.47000122070312,94.51000213623047,94.29000091552734,94.5,4863400
2024-06-21,84.74186706542969,94.56999969482422,94.62000274658203,94.38999938964844,94.48999786376953,3041400
2024-06-24,84.71500396728516,94.54000091552734,94.73999786376953,94.51000213623047,94.55999755859375,4145700
2024-06-25,84.7956314086914,94.62999725341797,94.62999725341797,94.44999694824219,94.54000091552734,2807200
2024-06-26,84.57162475585938,94.37999725341797,94.44000244140625,94.30000305175781,94.41000366210938,4143100
2024-06-27,84.68810272216797,94.51000213623047,94.51000213623047,94.33999633789062,94.37999725341797,2321700
2024-06-28,84.47303771972656,94.2699966430664,94.75,94.2699966430664,94.56999969482422,3428800
2024-07-01,84.39555358886719,93.6500015258789,93.94999694824219,93.6500015258789,93.91000366210938,3874300
2024-07-02,84.69293975830078,93.9800033569336,93.9800033569336,93.66000366210938,93.66000366210938,2668400
2024-07-03,84.89119720458984,94.19999694824219,94.3499984741211,93.83999633789062,93.83999633789062,1475500
2024-07-05,85.2426528930664,94.58999633789062,94.5999984741211,94.19000244140625,94.19000244140625,2237000
2024-07-08,85.15252685546875,94.48999786376953,94.61000061035156,94.41000366210938,94.54000091552734,2792600
2024-07-09,85.09847259521484,94.43000030517578,94.5199966430664,94.3499984741211,94.48999786376953,2743500
2024-07-10,85.26069641113281,94.61000061035156,94.6500015258789,94.44999694824219,94.5,2095600
2024-07-11,85.56708526611328,94.94999694824219,95.0199966430664,94.87000274658203,94.94000244140625,2858300
2024-07-12,85.82843017578125,95.23999786376953,95.26000213623047,94.95999908447266,94.98999786376953,2333100
2024-07-15,85.82843017578125,95.23999786376953,95.27999877929688,95.11000061035156,95.19999694824219,3067700
2024-07-16,86.17086791992188,95.62000274658203,95.6500015258789,95.26000213623047,95.30000305175781,3884000
2024-07-17,86.07173919677734,95.51000213623047,95.52999877929688,95.23999786376953,95.25,2542200
2024-07-18,85.87348175048828,95.29000091552734,95.55999755859375,95.19999694824219,95.47000122070312,3201300
2024-07-19,85.8013916015625,95.20999908447266,95.69999694824219,95.06999969482422,95.69999694824219,2366100
2024-07-22,86.0987777709961,95.54000091552734,95.55000305175781,95.36000061035156,95.4000015258789,2443200
2024-07-23,86.13482666015625,95.58000183105469,95.7300033569336,95.4800033569336,95.52999877929688,2395300
2024-07-24,85.82843017578125,95.23999786376953,95.58999633789062,95.22000122070312,95.45999908447266,3663100
2024-07-25,85.86446380615234,95.27999877929688,95.61000061035156,95.25,95.30000305175781,2813900
2024-07-26,86.0987777709961,95.54000091552734,95.6500015258789,95.47000122070312,95.63999938964844,2366000
2024-07-29,86.01766204833984,95.44999694824219,95.69999694824219,95.36000061035156,95.68000030517578,3218600
2024-07-30,86.03569793701172,95.47000122070312,95.55999755859375,95.31999969482422,95.55000305175781,3269900
2024-07-31,86.3691177368164,95.83999633789062,95.88999938964844,95.5999984741211,95.77999877929688,2624200
2024-08-01,86.1652603149414,95.08999633789062,95.47000122070312,95.05999755859375,95.37000274658203,6243300
2024-08-02,85.89341735839844,94.79000091552734,95.06999969482422,94.66999816894531,94.87999725341797,5903700
2024-08-05,85.34971618652344,94.19000244140625,94.38999938964844,93.56999969482422,93.69999694824219,6754700
2024-08-06,85.68502044677734,94.55999755859375,94.91999816894531,94.12000274658203,94.58999633789062,5942700
2024-08-07,85.81185913085938,94.69999694824219,95.19000244140625,94.66000366210938,95.19000244140625,4326700
2024-08-08,86.14712524414062,95.06999969482422,95.13999938964844,94.86000061035156,94.98999786376953,2213900
2024-08-09,86.1290054321289,95.05000305175781,95.22000122070312,94.91000366210938,95.1500015258789,8261000
2024-08-12,86.15616607666016,95.08000183105469,95.16999816894531,94.95999908447266,95.1500015258789,2907800
2024-08-13,86.58209228515625,95.55000305175781,95.58000183105469,95.19999694824219,95.2300033569336,3076100
2024-08-14,86.78142547607422,95.7699966430664,95.80000305175781,95.4800033569336,95.48999786376953,4581100
2024-08-15,86.86299896240234,95.86000061035156,95.9000015258789,95.69999694824219,95.87000274658203,2902800
2024-08-16,87.15294647216797,96.18000030517578,96.20999908447266,95.80999755859375,95.80999755859375,2343300
2024-08-19,87.28887176513672,96.33000183105469,96.36000061035156,96.05000305175781,96.0999984741211,1739400
2024-08-20,87.2344970703125,96.2699966430664,96.41999816894531,96.08000183105469,96.41999816894531,2452200
2024-08-21,87.37948608398438,96.43000030517578,96.5199966430664,96.2699966430664,96.33999633789062,2269400
2024-08-22,87.30701446533203,96.3499984741211,96.48999786376953,96.2300033569336,96.48999786376953,2865400
2024-08-23,87.76913452148438,96.86000061035156,96.86000061035156,96.48999786376953,96.52999877929688,3216100
2024-08-26,87.6150894165039,96.69000244140625,96.95999908447266,96.69000244140625,96.95999908447266,2693900
2024-08-27,87.65133666992188,96.7300033569336,96.83999633789062,96.54000091552734,96.61000061035156,2205000
2024-08-28,87.660400390625,96.73999786376953,96.80000305175781,96.62000274658203,96.75,2742700
2024-08-29,87.71476745605469,96.80000305175781,96.86000061035156,96.69999694824219,96.77999877929688,3434900
2024-08-30,87.7328872680664,96.81999969482422,96.91999816894531,96.72000122070312,96.91999816894531,2420700
2024-09-03,87.40214538574219,95.93000030517578,96.2699966430664,95.9000015258789,96.16000366210938,3764800
2024-09-04,87.77570343017578,96.33999633789062,96.41999816894531,95.93000030517578,95.93000030517578,3089700
2024-09-05,88.03081512451172,96.62000274658203,96.68000030517578,96.4000015258789,96.41000366210938,5246000
2024-09-06,87.91236114501953,96.48999786376953,96.79000091552734,96.30000305175781,96.66000366210938,4007300
2024-09-09,88.10370635986328,96.69999694824219,96.75,96.51000213623047,96.61000061035156,2301900
2024-09-10,87.91236114501953,96.48999786376953,96.81999969482422,96.4000015258789,96.81999969482422,2480100
2024-09-11,88.05814361572266,96.6500015258789,96.68000030517578,96.25,96.43000030517578,5823400
2024-09-12,88.15836334228516,96.76000213623047,96.86000061035156,96.55000305175781,96.58000183105469,3656100
2024-09-13,88.42259216308594,97.05000305175781,97.11000061035156,96.87999725341797,96.87999725341797,1794600
2024-09-16,88.60480499267578,97.25,97.3499984741211,97.02999877929688,97.08000183105469,2507200
2024-09-17,88.65946197509766,97.30999755859375,97.41000366210938,97.22000122070312,97.3499984741211,2793300
2024-09-18,88.75969696044922,97.41999816894531,97.81999969482422,97.22000122070312,97.30999755859375,5362600
2024-09-19,88.9510269165039,97.62999725341797,97.9000015258789,97.5999984741211,97.88999938964844,3615800
2024-09-20,89.0512466430664,97.73999786376953,97.76000213623047,97.47000122070312,97.72000122070312,4114600
2024-09-23,88.88723754882812,97.55999755859375,97.7300033569336,97.55999755859375,97.62000274658203,5527400
2024-09-24,88.93281555175781,97.61000061035156,97.66000366210938,97.44999694824219,97.61000061035156,2437400
2024-09-25,88.83259582519531,97.5,97.58000183105469,97.4800033569336,97.5199966430664,2368300
2024-09-26,88.8690414428711,97.54000091552734,97.66999816894531,97.45999908447266,97.66999816894531,5016400
2024-09-27,89.09680938720703,97.79000091552734,97.83000183105469,97.6500015258789,97.68000030517578,3013800
2024-09-30,89.09680938720703,97.79000091552734,97.86000061035156,97.63999938964844,97.81999969482422,3398900
2024-10-01,89.05833435058594,97.22000122070312,97.37000274658203,97.12000274658203,97.26000213623047,4639200
2024-10-02,89.04916381835938,97.20999908447266,97.22000122070312,97.0,97.18000030517578,2503200
2024-10-03,88.89344024658203,97.04000091552734,97.16999816894531,96.93000030517578,97.11000061035156,2653200
2024-10-04,88.81099700927734,96.94999694824219,97.02999877929688,96.83000183105469,97.02999877929688,2728400
2024-10-07,88.38046264648438,96.4800033569336,96.80999755859375,96.47000122070312,96.80000305175781,2147600
2024-10-08,88.56366729736328,96.68000030517578,96.69000244140625,96.51000213623047,96.61000061035156,3399100
2024-10-09,88.47206115722656,96.58000183105469,96.69999694824219,96.52999877929688,96.61000061035156,5893100
2024-10-10,88.46289825439453,96.56999969482422,96.61000061035156,96.41000366210938,96.5999984741211,2306400
2024-10-11,88.66443634033203,96.79000091552734,96.80999755859375,96.58999633789062,96.61000061035156,3369400
2024-10-14,88.71939086914062,96.8499984741211,96.88999938964844,96.58999633789062,96.88999938964844,1618200
2024-10-15,88.71939086914062,96.8499984741211,96.98999786376953,96.81999969482422,96.91999816894531,1357900
2024-10-16,88.90260314941406,97.05000305175781,97.0999984741211,96.91000366210938,96.97000122070312,2918500
2024-10-17,88.6827621459961,96.80999755859375,97.12999725341797,96.69999694824219,97.08999633789062,3056800
2024-10-18,88.93925476074219,97.08999633789062,97.08999633789062,96.91000366210938,96.98999786376953,2896300
2024-10-21,88.58199310302734,96.69999694824219,96.9800033569336,96.58999633789062,96.9800033569336,3355100
2024-10-22,88.42626190185547,96.52999877929688,96.69999694824219,96.43000030517578,96.62999725341797,2365900
2024-10-23,88.13313293457031,96.20999908447266,96.44999694824219,96.1500015258789,96.44999694824219,4278100
2024-10-24,88.407958984375,96.51000213623047,96.56999969482422,96.30999755859375,96.37999725341797,4286100
2024-10-25,88.27054595947266,96.36000061035156,96.7300033569336,96.3499984741211,96.63999938964844,5020600
2024-10-28,88.52703094482422,96.63999938964844,96.70999908447266,96.52999877929688,96.58000183105469,4230400
2024-10-29,88.55451965332031,96.66999816894531,96.69999694824219,96.3499984741211,96.48999786376953,3368400
2024-10-30,88.38046264648438,96.4800033569336,96.8499984741211,96.44000244140625,96.69999694824219,4051400
2024-10-31,88.21556854248047,96.30000305175781,96.54000091552734,96.26000213623047,96.5199966430664,3915200
2024-11-01,88.18885803222656,95.73999786376953,96.1500015258789,95.70999908447266,96.05000305175781,3066800
2024-11-04,88.40992736816406,95.9800033569336,96.16000366210938,95.91999816894531,96.16000366210938,3260200
2024-11-05,88.6309814453125,96.22000122070312,96.26000213623047,95.98999786376953,95.98999786376953,5746200
2024-11-06,88.83364868164062,96.44000244140625,96.48999786376953,96.13999938964844,96.36000061035156,6357600
2024-11-07,89.22052764892578,96.86000061035156,96.88999938964844,96.37999725341797,96.41999816894531,5837100
2024-11-08,89.41394805908203,97.06999969482422,97.08999633789062,96.88999938964844,97.0,5349200
2024-11-11,89.35868072509766,97.01000213623047,97.16999816894531,96.94999694824219,97.16000366210938,1937600
2024-11-12,88.9257583618164,96.54000091552734,96.91000366210938,96.47000122070312,96.91000366210938,4133000
2024-11-13,88.99024200439453,96.61000061035156,96.77999877929688,96.55000305175781,96.72000122070312,2530300
2024-11-14,88.80599975585938,96.41000366210938,96.73999786376953,96.4000015258789,96.70999908447266,3238800
2024-11-15,88.75995635986328,96.36000061035156,96.41000366210938,96.13999938964844,96.30999755859375,4064300
2024-11-18,88.90735626220703,96.5199966430664,96.52999877929688,96.30000305175781,96.3499984741211,2567900
2024-11-19,89.0547103881836,96.68000030517578,96.75,96.43000030517578,96.43000030517578,3117600
2024-11-20,88.99945068359375,96.62000274658203,96.66000366210938,96.52999877929688,96.6500015258789,3447800
2024-11-21,89.02706909179688,96.6500015258789,96.8499984741211,96.6500015258789,96.72000122070312,3638000
2024-11-22,89.02706909179688,96.6500015258789,96.77999877929688,96.62000274658203,96.69999694824219,2484200
2024-11-25,89.38631439208984,97.04000091552734,97.11000061035156,96.94999694824219,96.94999694824219,3732400
2024-11-26,89.22052764892578,96.86000061035156,97.01000213623047,96.7699966430664,97.01000213623047,3404800
2024-11-27,89.47843933105469,97.13999938964844,97.1500015258789,96.93000030517578,96.94000244140625,1980700
2024-11-29,89.68109130859375,97.36000061035156,97.37999725341797,97.16999816894531,97.30000305175781,982900
2024-12-02,89.63848876953125,96.79000091552734,97.02999877929688,96.63999938964844,97.02999877929688,3129200
2024-12-03,89.65699768066406,96.80999755859375,96.91000366210938,96.75,96.79000091552734,2005200
2024-12-04,89.85147094726562,97.0199966430664,97.0199966430664,96.79000091552734,96.9000015258789,2434900
2024-12-05,89.77739715576172,96.94000244140625,97.0,96.87000274658203,96.95999908447266,1608400
2024-12-06,89.9348373413086,97.11000061035156,97.2699966430664,97.01000213623047,97.06999969482422,2373800
2024-12-09,89.80518341064453,96.97000122070312,97.2699966430664,96.94999694824219,97.1500015258789,1596000
2024-12-10,89.80518341064453,96.97000122070312,96.98999786376953,96.7699966430664,96.7699966430664,2227700
2024-12-11,89.82369232177734,96.98999786376953,97.16999816894531,96.98999786376953,97.16999816894531,3612800
2024-12-12,89.58291625976562,96.7300033569336,97.33000183105469,96.7300033569336,96.9800033569336,3723800
2024-12-13,89.30508422851562,96.43000030517578,96.80999755859375,96.43000030517578,96.80999755859375,3253200
2024-12-16,89.45325469970703,96.58999633789062,96.69999694824219,96.52999877929688,96.58000183105469,3640800
2024-12-17,89.29581451416016,96.41999816894531,96.56999969482422,96.41999816894531,96.44999694824219,3090600
2024-12-18,88.36969757080078,95.41999816894531,96.54000091552734,95.41999816894531,96.51000213623047,5433100
2024-12-19,88.24864959716797,94.7699966430664,95.30000305175781,94.76000213623047,95.16999816894531,6862100
2024-12-20,88.81665802001953,95.37999725341797,95.47000122070312,94.79000091552734,94.79000091552734,4355300
2024-12-23,88.6397476196289,95.19000244140625,95.52999877929688,95.13999938964844,95.52999877929688,2839700
2024-12-24,88.87255096435547,95.44000244140625,95.47000122070312,95.12000274658203,95.20999908447266,1843700
2024-12-26,89.08672332763672,95.66999816894531,95.69999694824219,95.2699966430664,95.3499984741211,1527600
2024-12-27,88.85391998291016,95.41999816894531,95.62999725341797,95.36000061035156,95.55000305175781,1587600
2024-12-30,88.91912078857422,95.48999786376953,95.5999984741211,95.30000305175781,95.3499984741211,1844200
2024-12-31,88.90049743652344,95.47000122070312,95.72000122070312,95.36000061035156,95.5199966430664,1825000
2025-01-02,89.16122436523438,95.75,95.80999755859375,95.56999969482422,95.75,3681500
2025-01-03,89.34744262695312,95.94999694824219,95.9800033569336,95.86000061035156,95.93000030517578,1540400
2025-01-06,89.44989013671875,96.05999755859375,96.16999816894531,95.97000122070312,96.11000061035156,2800100
2025-01-07,89.1798324584961,95.7699966430664,96.20999908447266,95.72000122070312,96.11000061035156,3764900
2025-01-08,89.27295684814453,95.87000274658203,95.9000015258789,95.56999969482422,95.56999969482422,3348200
2025-01-10,88.7794189453125,95.33999633789062,95.6500015258789,95.30000305175781,95.5,3055400
2025-01-13,88.7421646118164,95.30000305175781,95.33000183105469,95.12999725341797,95.1500015258789,4508500
2025-01-14,88.81665802001953,95.37999725341797,95.48999786376953,95.31999969482422,95.44999694824219,3827800
2025-01-15,89.63612365722656,96.26000213623047,96.2699966430664,95.94999694824219,96.05000305175781,2864800
2025-01-16,89.73856353759766,96.37000274658203,96.41000366210938,96.04000091552734,96.13999938964844,2611500
2025-01-17,89.81304931640625,96.44999694824219,96.52999877929688,96.37999725341797,96.5,3528800
2025-01-21,90.07379150390625,96.7300033569336,96.7699966430664,96.62000274658203,96.68000030517578,2929100
2025-01-22,89.92478942871094,96.56999969482422,96.7699966430664,96.56999969482422,96.72000122070312,1906900
2025-01-23,90.0551528930664,96.70999908447266,96.72000122070312,96.44999694824219,96.51000213623047,2916300
2025-01-24,90.14827728271484,96.80999755859375,96.93000030517578,96.70999908447266,96.73999786376953,1795900
2025-01-27,90.25070190429688,96.91999816894531,96.94000244140625,96.62999725341797,96.6500015258789,1766500
2025-01-28,90.19483947753906,96.86000061035156,96.9000015258789,96.72000122070312,96.81999969482422,2537900
2025-01-29,90.12033081054688,96.77999877929688,96.91000366210938,96.66000366210938,96.80000305175781,2532100
2025-01-30,90.30657958984375,96.9800033569336,97.04000091552734,96.8499984741211,96.9000015258789,2657100
2025-01-31,90.10172271728516,96.76000213623047,97.0999984741211,96.70999908447266,97.05999755859375,1906900
2025-02-03,89.985595703125,96.0999984741211,96.25,95.86000061035156,95.87999725341797,3205900
2025-02-04,90.24778747558594,96.37999725341797,96.38999938964844,96.05999755859375,96.0999984741211,2385800
2025-02-05,90.49124908447266,96.63999938964844,96.72000122070312,96.43000030517578,96.47000122070312,2153500
2025-02-06,90.37889862060547,96.5199966430664,96.69999694824219,96.51000213623047,96.68000030517578,1935700
2025-02-07,90.11668395996094,96.23999786376953,96.4800033569336,96.23999786376953,96.4800033569336,2258200
2025-02-10,90.32268524169922,96.45999908447266,96.55000305175781,96.41999816894531,96.47000122070312,1692700
2025-02-11,90.21971130371094,96.3499984741211,96.43000030517578,96.30999755859375,96.37999725341797,2457100
2025-02-12,90.0136947631836,96.12999725341797,96.2699966430664,95.98999786376953,96.0199966430664,4031500
2025-02-13,90.41633605957031,96.55999755859375,96.62000274658203,96.16000366210938,96.16000366210938,2115700
2025-02-14,90.52870178222656,96.68000030517578,96.83999633789062,96.66999816894531,96.66999816894531,2240200
2025-02-18,90.47251892089844,96.62000274658203,96.70999908447266,96.56999969482422,96.5999984741211,2369700
2025-02-19,90.54743194580078,96.69999694824219,96.69999694824219,96.44999694824219,96.55999755859375,3102200
2025-02-20,90.61297607421875,96.7699966430664,96.79000091552734,96.62000274658203,96.72000122070312,2834100
2025-02-21,90.48188018798828,96.62999725341797,96.83999633789062,96.5999984741211,96.7300033569336,2720800
2025-02-24,90.56615447998047,96.72000122070312,96.83000183105469,96.55999755859375,96.69000244140625,2541900
2025-02-25,90.79087829589844,96.95999908447266,96.98999786376953,96.80999755859375,96.95999908447266,3911000
2025-02-26,90.87517547607422,97.05000305175781,97.0999984741211,96.95999908447266,96.9800033569336,1585300
2025-02-27,90.68788146972656,96.8499984741211,97.08000183105469,96.80999755859375,97.06999969482422,4080500
2025-02-28,90.94070434570312,97.12000274658203,97.13999938964844,96.8499984741211,96.95999908447266,3046600
2025-03-03,90.74110412597656,96.37999725341797,96.62999725341797,96.25,96.61000061035156,2491100
2025-03-04,90.6375503540039,96.2699966430664,96.37000274658203,95.98999786376953,96.20999908447266,4355700
2025-03-05,90.67520904541016,96.30999755859375,96.41999816894531,96.0999984741211,96.25,2859900
2025-03-06,90.35511016845703,95.97000122070312,96.16999816894531,95.91000366210938,96.16000366210938,3210900
2025-03-07,90.48690032958984,96.11000061035156,96.19999694824219,95.98999786376953,96.05000305175781,2866200
2025-03-10,90.13855743408203,95.73999786376953,96.0199966430664,95.70999908447266,95.98999786376953,2660200
2025-03-11,89.73371124267578,95.30999755859375,95.80000305175781,95.25,95.76000213623047,11627200
2025-03-12,89.81846618652344,95.4000015258789,95.63999938964844,95.36000061035156,95.62999725341797,5348300
2025-03-13,89.31004333496094,94.86000061035156,95.38999938964844,94.80999755859375,95.38999938964844,5638500
2025-03-14,89.7525405883789,95.33000183105469,95.43000030517578,95.0,95.0,4565800
2025-03-17,89.98793029785156,95.58000183105469,95.5999984741211,95.30000305175781,95.36000061035156,3428000
2025-03-18,89.82787322998047,95.41000366210938,95.58000183105469,95.36000061035156,95.5199966430664,3055800
2025-03-19,90.36453247070312,95.9800033569336,96.13999938964844,95.43000030517578,95.43000030517578,4234500
2025-03-20,90.25154113769531,95.86000061035156,96.06999969482422,95.79000091552734,95.80999755859375,2674300
2025-03-21,90.15739440917969,95.76000213623047,95.87000274658203,95.54000091552734,95.87000274658203,3032800
2025-03-24,90.50572967529297,96.12999725341797,96.1500015258789,95.91000366210938,95.94000244140625,5012700
2025-03-25,90.41159057617188,96.02999877929688,96.2300033569336,95.9800033569336,96.1500015258789,1918000
2025-03-26,89.97850799560547,95.56999969482422,96.0199966430664,95.41999816894531,95.98999786376953,4132700
2025-03-27,89.80903625488281,95.38999938964844,95.6500015258789,95.38999938964844,95.54000091552734,3350100
2025-03-28,89.63955688476562,95.20999908447266,95.48999786376953,95.05000305175781,95.47000122070312,3376900
2025-03-31,89.72428894042969,95.30000305175781,95.33999633789062,94.8499984741211,94.87000274658203,3886900
2025-04-01,89.96287536621094,95.0199966430664,95.05000305175781,94.66000366210938,94.66000366210938,3196500
2025-04-02,90.13330841064453,95.19999694824219,95.19999694824219,94.83000183105469,94.83000183105469,2812800
2025-04-03,88.90249633789062,93.9000015258789,94.44000244140625,93.73999786376953,94.22000122070312,8935500
2025-04-04,87.5296630859375,92.44999694824219,92.95999908447266,92.08000183105469,92.75,27966300
2025-04-07,86.73436737060547,91.61000061035156,93.47000122070312,91.11000061035156,91.1500015258789,39352700
2025-04-08,86.37459564208984,91.2300033569336,93.0199966430664,90.81999969482422,93.0199966430664,14542700
2025-04-09,88.70368957519531,93.69000244140625,93.79000091552734,90.41000366210938,90.7300033569336,16541400
2025-04-10,87.26457214355469,92.16999816894531,92.98999786376953,91.66999816894531,92.93000030517578,10429700
2025-04-11,87.47285461425781,92.38999938964844,92.94000244140625,91.55000305175781,91.94999694824219,6063400
2025-04-14,87.98412322998047,92.93000030517578,93.29000091552734,92.69000244140625,93.29000091552734,3731300
2025-04-15,88.23974609375,93.19999694824219,93.37000274658203,92.95999908447266,93.05999755859375,4907900
2025-04-16,88.16401672363281,93.12000274658203,93.4000015258789,92.91000366210938,93.20999908447266,2983700
2025-04-17,88.73207092285156,93.72000122070312,93.73999786376953,93.41999816894531,93.55999755859375,2019200
2025-04-21,88.19241333007812,93.1500015258789,93.45999908447266,92.93000030517578,93.20999908447266,2340500
2025-04-22,88.5237808227539,93.5,93.76000213623047,93.37999725341797,93.4800033569336,2619500
2025-04-23,89.03504943847656,94.04000091552734,94.97000122070312,94.0,94.7699966430664,2494800
2025-04-24,89.80193328857422,94.8499984741211,94.95999908447266,94.2699966430664,94.3499984741211,3289500
2025-04-25,89.96287536621094,95.0199966430664,95.18000030517578,94.7300033569336,94.7300033569336,2518600
2025-04-28,89.97234344482422,95.02999877929688,95.08999633789062,94.72000122070312,95.05999755859375,3655400
2025-04-29,90.19959259033203,95.2699966430664,95.31999969482422,94.80000305175781,94.87000274658203,10706400
2025-04-30,89.66939544677734,94.70999908447266,94.81999969482422,94.54000091552734,94.80999755859375,3607300
2025-05-01,89.78268432617188,94.30000305175781,94.48999786376953,94.19000244140625,94.38999938964844,3304100
2025-05-02,90.03976440429688,94.56999969482422,94.6500015258789,94.36000061035156,94.5999984741211,2085900
2025-05-05,90.00167846679688,94.52999877929688,94.69000244140625,94.37999725341797,94.41000366210938,10392700
2025-05-06,89.95407104492188,94.4800033569336,94.55000305175781,94.30000305175781,94.41000366210938,2333500
2025-05-07,89.97310638427734,94.5,94.66000366210938,94.36000061035156,94.56999969482422,2732700
2025-05-08,90.00167846679688,94.52999877929688,94.86000061035156,94.47000122070312,94.76000213623047,2892300
2025-05-09,90.02072143554688,94.55000305175781,94.7699966430664,94.55000305175781,94.69999694824219,2810800
2025-05-12,91.0680160522461,95.6500015258789,95.66999816894531,95.2300033569336,95.48999786376953,5212100
2025-05-13,91.21084594726562,95.80000305175781,95.97000122070312,95.58999633789062,95.66000366210938,6494800
2025-05-14,90.87760162353516,95.44999694824219,95.76000213623047,95.4000015258789,95.52999877929688,3307400
2025-05-15,91.03946685791016,95.62000274658203,95.62000274658203,95.2699966430664,95.2699966430664,3230100
2025-05-16,91.15370178222656,95.73999786376953,95.83000183105469,95.58999633789062,95.83000183105469,2957700
2025-05-19,91.0965805053711,95.68000030517578,95.69000244140625,95.27999877929688,95.29000091552734,2499700
2025-05-20,91.0584945678711,95.63999938964844,95.69000244140625,95.48999786376953,95.5,3371800
2025-05-21,90.44916534423828,95.0,95.5,94.9800033569336,95.36000061035156,4321300
2025-05-22,90.60149383544922,95.16000366210938,95.26000213623047,94.91999816894531,94.95999908447266,3929200
2025-05-23,90.56341552734375,95.12000274658203,95.18000030517578,94.86000061035156,94.88999938964844,3067300
2025-05-27,91.1441879272461,95.7300033569336,95.73999786376953,95.43000030517578,95.55999755859375,4232700
2025-05-28,91.0965805053711,95.68000030517578,95.75,95.5199966430664,95.72000122070312,4053800
2025-05-29,91.21084594726562,95.80000305175781,95.88999938964844,95.70999908447266,95.88999938964844,4426600
2025-05-30,91.31556701660156,95.91000366210938,95.94000244140625,95.72000122070312,95.8499984741211,3634000
2025-06-02,91.31172943115234,95.37000274658203,95.38999938964844,95.13999938964844,95.30000305175781,3986000
2025-06-03,91.5223617553711,95.58999633789062,95.63999938964844,95.41000366210938,95.4800033569336,3547200
2025-06-04,91.7330093383789,95.80999755859375,95.8499984741211,95.66999816894531,95.69000244140625,2736400
2025-06-05,91.5415267944336,95.61000061035156,95.91999816894531,95.56999969482422,95.91999816894531,2813300
2025-06-06,91.55110931396484,95.62000274658203,95.7699966430664,95.58000183105469,95.7699966430664,3378300
2025-06-09,91.64684295654297,95.72000122070312,95.77999877929688,95.61000061035156,95.61000061035156,2462700
2025-06-10,91.847900390625,95.93000030517578,95.9800033569336,95.66999816894531,95.66999816894531,8874800
2025-06-11,91.8000259399414,95.87999725341797,96.08000183105469,95.87999725341797,96.02999877929688,5528100
2025-06-12,91.9149398803711,96.0,96.0199966430664,95.87000274658203,95.87000274658203,3882300
2025-06-13,91.627685546875,95.69999694824219,95.91000366210938,95.66999816894531,95.68000030517578,5845100
2025-06-16,91.83832550048828,95.91999816894531,96.02999877929688,95.7300033569336,95.95999908447266,4509600
2025-06-17,91.7138671875,95.79000091552734,95.97000122070312,95.72000122070312,95.9000015258789,3902700
2025-06-18,91.85747528076172,95.94000244140625,96.13999938964844,95.80000305175781,95.80000305175781,3852300
2025-06-20,92.13513946533203,96.2300033569336,96.2699966430664,96.0,96.0199966430664,3987200
2025-06-23,92.31705474853516,96.41999816894531,96.43000030517578,96.16999816894531,96.19000244140625,3594400
2025-06-24,92.56598663330078,96.68000030517578,96.76000213623047,96.48999786376953,96.55000305175781,5622100
2025-06-25,92.5947036743164,96.70999908447266,96.81999969482422,96.61000061035156,96.73999786376953,2386300
2025-06-26,92.89153289794922,97.0199966430664,97.0199966430664,96.7699966430664,96.8499984741211,3703100
2025-06-27,92.81492614746094,96.94000244140625,97.08000183105469,96.88999938964844,97.0,3664300
2025-06-30,93.1308822631836,97.2699966430664,97.29000091552734,97.04000091552734,97.11000061035156,4183000
2025-07-01,93.0634994506836,96.66000366210938,96.80999755859375,96.58999633789062,96.62000274658203,4003100
2025-07-02,93.24642181396484,96.8499984741211,96.8499984741211,96.54000091552734,96.6500015258789,3310000
2025-07-03,93.30419921875,96.91000366210938,96.93000030517578,96.76000213623047,96.80999755859375,1623300
2025-07-07,92.96721649169922,96.55999755859375,96.87999725341797,96.55000305175781,96.87999725341797,5591600
2025-07-08,92.82279968261719,96.41000366210938,96.56999969482422,96.36000061035156,96.55000305175781,5351700
2025-07-09,93.0634994506836,96.66000366210938,96.68000030517578,96.48999786376953,96.52999877929688,3079400
2025-07-10,93.0153579711914,96.61000061035156,96.68000030517578,96.56999969482422,96.68000030517578,5878500
2025-07-11,92.85167694091797,96.44000244140625,96.5199966430664,96.33999633789062,96.48999786376953,4637200
2025-07-14,92.93832397460938,96.52999877929688,96.54000091552734,96.3499984741211,96.38999938964844,3874900
2025-07-15,92.63986206054688,96.22000122070312,96.5999984741211,96.22000122070312,96.58999633789062,5614500
2025-07-16,92.85167694091797,96.44000244140625,96.48999786376953,96.08999633789062,96.31999969482422,6758900
2025-07-17,92.96721649169922,96.55999755859375,96.5999984741211,96.31999969482422,96.31999969482422,3659900
2025-07-18,93.10199737548828,96.69999694824219,96.75,96.62000274658203,96.69000244140625,3330100
2025-07-21,93.2271728515625,96.83000183105469,96.95999908447266,96.80000305175781,96.80000305175781,3413900
2025-07-22,93.40046691894531,97.01000213623047,97.0199966430664,96.8499984741211,96.94999694824219,3233000
2025-07-23,93.46786499023438,97.08000183105469,97.0999984741211,96.97000122070312,97.05999755859375,2253700
2025-07-24,93.33308410644531,96.94000244140625,97.05000305175781,96.93000030517578,96.94999694824219,2159000
2025-07-25,93.42935180664062,97.04000091552734,97.13999938964844,96.93000030517578,97.0199966430664,2646700
2025-07-28,93.39083862304688,97.0,97.25,96.97000122070312,97.25,3914800
2025-07-29,93.41008758544922,97.0199966430664,97.12000274658203,97.0,97.04000091552734,4625900
2025-07-30,93.24642181396484,96.8499984741211,97.06999969482422,96.73999786376953,96.98999786376953,4811700
2025-07-31,93.2849349975586,96.88999938964844,97.0199966430664,96.83999633789062,96.94000244140625,4112000
2025-08-01,93.28396606445312,96.3499984741211,96.44000244140625,96.16999816894531,96.4000015258789,5545100
2025-08-04,93.63250732421875,96.70999908447266,96.72000122070312,96.44999694824219,96.44999694824219,4039900
2025-08-05,93.56473541259766,96.63999938964844,96.70999908447266,96.52999877929688,96.69999694824219,3428100
2025-08-06,93.69059753417969,96.7699966430664,96.80000305175781,96.58000183105469,96.68000030517578,3844600
2025-08-07,93.6228256225586,96.69999694824219,96.87999725341797,96.63999938964844,96.8499984741211,5105700
2025-08-08,93.64219665527344,96.72000122070312,96.76000213623047,96.62999725341797,96.76000213623047,2676200
2025-08-11,93.6228256225586,96.69999694824219,96.80000305175781,96.6500015258789,96.72000122070312,4523500
2025-08-12,93.8067855834961,96.88999938964844,96.9000015258789,96.72000122070312,96.77999877929688,4989500
2025-08-13,94.07786560058594,97.16999816894531,97.19000244140625,96.97000122070312,97.0,3622300
2025-08-14,93.8067855834961,96.88999938964844,97.01000213623047,96.81999969482422,97.01000213623047,3696200
2025-08-15,93.83583068847656,96.91999816894531,96.94999694824219,96.86000061035156,96.94999694824219,2417900
2025-08-18,93.78742218017578,96.87000274658203,96.98999786376953,96.86000061035156,96.86000061035156,2616000
2025-08-19,93.77774047851562,96.86000061035156,96.94000244140625,96.83000183105469,96.88999938964844,3010700
2025-08-20,93.70996856689453,96.79000091552734,96.87999725341797,96.75,96.83999633789062,2974300
2025-08-21,93.54537963867188,96.62000274658203,96.7699966430664,96.5999984741211,96.7699966430664,2822800
2025-08-22,94.32959747314453,97.43000030517578,97.45999908447266,96.7699966430664,96.80999755859375,5337000
2025-08-25,94.21341705322266,97.30999755859375,97.44000244140625,97.30000305175781,97.38999938964844,2940100
2025-08-26,94.4167251586914,97.5199966430664,97.54000091552734,97.3499984741211,97.37999725341797,2947600
2025-08-27,94.56196594238281,97.66999816894531,97.69000244140625,97.44000244140625,97.45999908447266,2558400
2025-08-28,94.57164764404297,97.68000030517578,97.70999908447266,97.58000183105469,97.66000366210938,3687500
2025-08-29,94.40705108642578,97.51000213623047,97.66000366210938,97.5,97.6500015258789,4222100
2025-09-02,94.2697982788086,96.83999633789062,96.87999725341797,96.62999725341797,96.69999694824219,4715600
2025-09-03,94.56183624267578,97.13999938964844,97.13999938964844,96.87999725341797,96.87999725341797,2730300
2025-09-04,94.82466888427734,97.41000366210938,97.41999816894531,97.1500015258789,97.19999694824219,2824100
2025-09-05,94.92201232910156,97.51000213623047,97.76000213623047,97.47000122070312,97.66000366210938,3907400
2025-09-08,94.9317398071289,97.5199966430664,97.62000274658203,97.5,97.5999984741211,4116600
2025-09-09,94.81493377685547,97.4000015258789,97.58999633789062,97.30000305175781,97.5199966430664,3018800
2025-09-10,94.90253448486328,97.48999786376953,97.62000274658203,97.45999908447266,97.51000213623047,4428200
2025-09-11,95.17510986328125,97.7699966430664,97.83000183105469,97.58999633789062,97.58999633789062,4214400
2025-09-12,95.09724426269531,97.69000244140625,97.83000183105469,97.6500015258789,97.80999755859375,2843100
2025-09-15,95.3892822265625,97.98999786376953,97.98999786376953,97.83000183105469,97.83000183105469,2914700
2025-09-16,95.32113647460938,97.91999816894531,98.04000091552734,97.87999725341797,98.01000213623047,4549200
2025-09-17,95.20431518554688,97.80000305175781,98.04000091552734,97.63999938964844,97.94999694824219,6119100
2025-09-18,95.41847229003906,98.0199966430664,98.08999633789062,97.83999633789062,97.94999694824219,3508500
2025-09-19,95.48661804199219,98.08999633789062,98.12999725341797,98.01000213623047,98.11000061035156,4084600
2025-09-22,95.58396911621094,98.19000244140625,98.19999694824219,98.01000213623047,98.01000213623047,2430600
2025-09-23,95.52555847167969,98.12999725341797,98.23999786376953,98.05999755859375,98.22000122070312,5978700
2025-09-24,95.37955474853516,97.9800033569336,98.13999938964844,97.95999908447266,98.13999938964844,4449100
2025-09-25,95.07777404785156,97.66999816894531,97.80999755859375,97.66999816894531,97.80000305175781,3963400
2025-09-26,95.25299072265625,97.8499984741211,97.91000366210938,97.7300033569336,97.76000213623047,3098500
2025-09-29,95.4574203491211,98.05999755859375,98.05999755859375,97.93000030517578,97.98999786376953,3484900
2025-09-30,95.3892822265625,97.98999786376953,98.02999877929688,97.88999938964844,97.98999786376953,6957400
2025-10-01,95.57329559326172,97.63999938964844,97.66000366210938,97.43000030517578,97.4800033569336,3689400
2025-10-02,95.52435302734375,97.58999633789062,97.66999816894531,97.48999786376953,97.63999938964844,3352600
2025-10-03,95.40689849853516,97.47000122070312,97.62000274658203,97.47000122070312,97.5999984741211,2630100
2025-10-06,95.42646026611328,97.48999786376953,97.58000183105469,97.4800033569336,97.55000305175781,3428300
2025-10-07,95.31879425048828,97.37999725341797,97.55000305175781,97.37999725341797,97.5,3080700
2025-10-08,95.18175506591797,97.23999786376953,97.4800033569336,97.2300033569336,97.4800033569336,3025500
2025-10-09,94.88812255859375,96.94000244140625,97.23999786376953,96.79000091552734,97.19999694824219,8213500
2025-10-10,94.3008041381836,96.33999633789062,97.0,96.31999969482422,97.0,7701800
2025-10-13,94.86853790283203,96.91999816894531,96.91999816894531,96.58999633789062,96.61000061035156,4094200
2025-10-14,94.9272689819336,96.9800033569336,97.12999725341797,96.51000213623047,96.54000091552734,6901300
2025-10-15,95.2796401977539,97.33999633789062,97.38999938964844,97.11000061035156,97.27999877929688,7376100
2025-10-16,94.98600769042969,97.04000091552734,97.38999938964844,96.93000030517578,97.38999938964844,7403300
2025-10-17,95.18175506591797,97.23999786376953,97.26000213623047,96.93000030517578,96.93000030517578,5945500
2025-10-20,95.38731384277344,97.44999694824219,97.4800033569336,97.2699966430664,97.2699966430664,3115500
2025-10-21,95.30901336669922,97.37000274658203,97.51000213623047,97.30000305175781,97.44000244140625,4900900
2025-10-22,95.21112060546875,97.2699966430664,97.37000274658203,97.12999725341797,97.33000183105469,6877900
2025-10-23,95.38731384277344,97.44999694824219,97.44999694824219,97.2699966430664,97.30000305175781,3572600
2025-10-24,95.67118072509766,97.73999786376953,97.76000213623047,97.5999984741211,97.75,4028600
2025-10-27,95.94525146484375,98.0199966430664,98.08000183105469,97.81999969482422,97.87000274658203,3414100
2025-10-28,95.83758544921875,97.91000366210938,98.0199966430664,97.9000015258789,98.0199966430664,3366700
2025-10-29,95.55372619628906,97.62000274658203,97.95999908447266,97.55999755859375,97.94000244140625,5685600
2025-10-30,95.3285903930664,97.38999938964844,97.61000061035156,97.37999725341797,97.51000213623047,5222100
2025-10-31,95.3285903930664,97.38999938964844,97.62000274658203,97.3499984741211,97.52999877929688,3228600
2025-11-03,95.05595397949219,96.58000183105469,96.91999816894531,96.58000183105469,96.9000015258789,4404500
2025-11-04,95.0362777709961,96.55999755859375,96.66000366210938,96.3499984741211,96.36000061035156,5333100
2025-11-05,95.1248550415039,96.6500015258789,96.7300033569336,96.56999969482422,96.61000061035156,3326700
2025-11-06,95.17406463623047,96.69999694824219,96.77999877929688,96.54000091552734,96.76000213623047,5003100
2025-11-07,95.23312377929688,96.76000213623047,96.79000091552734,96.47000122070312,96.63999938964844,3894500
2025-11-10,95.55790710449219,97.08999633789062,97.18000030517578,96.9000015258789,96.94000244140625,3900700
2025-11-11,95.72522735595703,97.26000213623047,97.2699966430664,97.12000274658203,97.12000274658203,1769000
2025-11-12,95.49885559082031,97.02999877929688,97.33000183105469,97.0,97.29000091552734,11206100
2025-11-13,95.07563781738281,96.5999984741211,96.9000015258789,96.54000091552734,96.9000015258789,4900200
2025-11-14,95.10516357421875,96.62999725341797,96.83999633789062,96.43000030517578,96.48999786376953,4951800
2025-11-17,94.93785095214844,96.45999908447266,96.68000030517578,96.37999725341797,96.61000061035156,4918100
2025-11-18,94.8886489868164,96.41000366210938,96.55999755859375,96.31999969482422,96.33000183105469,5667600
2025-11-19,94.96737670898438,96.48999786376953,96.69000244140625,96.44999694824219,96.48999786376953,5138100
2025-11-20,94.94769287109375,96.47000122070312,96.94000244140625,96.47000122070312,96.81999969482422,7773700
2025-11-21,95.23312377929688,96.76000213623047,96.8499984741211,96.5,96.62000274658203,5874100
2025-11-24,95.50870513916016,97.04000091552734,97.08000183105469,96.83000183105469,96.87000274658203,5947500
2025-11-25,95.88269805908203,97.41999816894531,97.47000122070312,97.0,97.05000305175781,8260300
2025-11-26,96.03034210205078,97.56999969482422,97.62999725341797,97.36000061035156,97.41999816894531,5126800
2025-11-28,96.10906982421875,97.6500015258789,97.73999786376953,97.58000183105469,97.6500015258789,1931200
2025-12-01,95.94876098632812,96.95999908447266,97.0199966430664,96.81999969482422,96.83000183105469,5179800
2025-12-02,96.09719848632812,97.11000061035156,97.16999816894531,96.97000122070312,97.02999877929688,4015000
2025-12-03,96.24563598632812,97.26000213623047,97.36000061035156,97.0999984741211,97.16999816894531,3997600
2025-12-04,96.27532958984375,97.29000091552734,97.31999969482422,97.0999984741211,97.27999877929688,8274600
2025-12-05,96.27532958984375,97.29000091552734,97.38999938964844,97.20999908447266,97.25,3637500
2025-12-08,96.06752014160156,97.08000183105469,97.29000091552734,97.0,97.29000091552734,8986700
2025-12-09,95.9289779663086,96.94000244140625,97.12999725341797,96.94000244140625,97.06999969482422,7049400
2025-12-10,96.26542663574219,97.27999877929688,97.37000274658203,96.9000015258789,96.91999816894531,6958500
2025-12-11,96.25553131103516,97.2699966430664,97.33000183105469,97.20999908447266,97.27999877929688,5288200
2025-12-12,96.05762481689453,97.06999969482422,97.25,97.05000305175781,97.25,4152500
2025-12-15,96.15657806396484,97.16999816894531,97.2300033569336,97.0999984741211,97.2300033569336,4423200
2025-12-16,96.16647338867188,97.18000030517578,97.20999908447266,97.05000305175781,97.1500015258789,4883200
2025-12-17,96.05762481689453,97.06999969482422,97.18000030517578,96.98999786376953,97.16999816894531,4450400
2025-12-18,96.32715606689453,96.8499984741211,96.91999816894531,96.73999786376953,96.87999725341797,4284400
2025-12-19,96.29732513427734,96.81999969482422,96.95999908447266,96.79000091552734,96.88999938964844,2493600
2025-12-22,96.3868408203125,96.91000366210938,96.94999694824219,96.7699966430664,96.94000244140625,4116300
2025-12-23,96.46640014648438,96.98999786376953,97.0199966430664,96.79000091552734,96.87999725341797,2883200
2025-12-24,96.68521881103516,97.20999908447266,97.22000122070312,97.01000213623047,97.0199966430664,1189700
2025-12-26,96.63549041748047,97.16000366210938,97.27999877929688,97.1500015258789,97.23999786376953,1496000
2025-12-29,96.66532897949219,97.19000244140625,97.22000122070312,97.06999969482422,97.08999633789062,1969900
2025-12-30,96.77473449707031,97.30000305175781,97.31999969482422,97.18000030517578,97.20999908447266,3102000
