Price,Adj Close,Close,High,Low,Open,Volume
Ticker,KO,KO,KO,KO,KO,KO
Date,,,,,,
2015-01-02,29.783411026000977,42.13999938964844,42.400001525878906,41.79999923706055,42.2599983215332,9921100
2015-01-05,29.783411026000977,42.13999938964844,42.970001220703125,42.08000183105469,42.689998626708984,26292600
2015-01-06,30.00958251953125,42.459999084472656,42.939998626708984,42.2400016784668,42.40999984741211,16897500
2015-01-07,30.3841609954834,42.9900016784668,43.11000061035156,42.58000183105469,42.79999923706055,13412300
2015-01-08,30.751691818237305,43.5099983215332,43.56999969482422,43.099998474121094,43.18000030517578,21743600
2015-01-09,30.412429809570312,43.029998779296875,43.560001373291016,42.95000076293945,43.470001220703125,12733500
2015-01-12,30.136795043945312,42.63999938964844,43.20000076293945,42.459999084472656,43.06999969482422,11415800
2015-01-13,30.12972068786621,42.630001068115234,43.2400016784668,42.45000076293945,42.83000183105469,12529500
2015-01-14,30.080245971679688,42.560001373291016,42.599998474121094,42.06999969482422,42.08000183105469,13447600
2015-01-15,29.953033447265625,42.380001068115234,42.86000061035156,42.16999816894531,42.83000183105469,11193100
2015-01-16,30.05904769897461,42.529998779296875,42.59000015258789,42.2400016784668,42.36000061035156,15114900
2015-01-20,30.504314422607422,43.15999984741211,43.33000183105469,42.61000061035156,42.70000076293945,17047300
2015-01-21,30.64566993713379,43.36000061035156,43.43000030517578,42.7599983215332,42.88999938964844,10720600
2015-01-22,30.942516326904297,43.779998779296875,43.83000183105469,43.06999969482422,43.369998931884766,14709100
2015-01-23,30.610334396362305,43.310001373291016,43.75,43.18000030517578,43.599998474121094,12357700
2015-01-26,30.391231536865234,43.0,43.22999954223633,42.83000183105469,43.18000030517578,11151900
2015-01-27,29.96009635925293,42.38999938964844,42.63999938964844,42.150001525878906,42.540000915527344,15274000
2015-01-28,29.627920150756836,41.91999816894531,42.79999923706055,41.900001525878906,42.59000015258789,14278500
2015-01-29,29.7551326751709,42.099998474121094,42.150001525878906,41.470001220703125,41.77000045776367,13657900
2015-01-30,29.09784507751465,41.16999816894531,41.93000030517578,41.11000061035156,41.83000183105469,19193700
2015-02-02,29.394678115844727,41.59000015258789,41.630001068115234,40.900001525878906,41.209999084472656,15197500
2015-02-03,29.42296028137207,41.630001068115234,41.849998474121094,41.369998931884766,41.75,13193100
2015-02-04,29.458290100097656,41.68000030517578,42.09000015258789,41.619998931884766,41.77000045776367,16400000
2015-02-05,29.53602409362793,41.790000915527344,41.81999969482422,41.5099983215332,41.79999923706055,11078500
2015-02-06,29.295732498168945,41.45000076293945,41.7599983215332,41.31999969482422,41.630001068115234,12366400
2015-02-09,29.140239715576172,41.22999954223633,41.45000076293945,41.040000915527344,41.380001068115234,13371100
2015-02-10,29.967180252075195,42.400001525878906,43.029998779296875,42.20000076293945,42.90999984741211,32184200
2015-02-11,29.945960998535156,42.369998931884766,42.4900016784668,41.70000076293945,42.099998474121094,20496300
2015-02-12,29.804603576660156,42.16999816894531,42.65999984741211,42.06999969482422,42.400001525878906,13818200
2015-02-13,29.677385330200195,41.9900016784668,42.22999954223633,41.7599983215332,42.02000045776367,10792100
2015-02-17,29.550168991088867,41.810001373291016,41.880001068115234,41.63999938964844,41.810001373291016,12804200
2015-02-18,29.493633270263672,41.72999954223633,41.79999923706055,41.470001220703125,41.75,9789800
2015-02-19,29.7622013092041,42.11000061035156,42.2400016784668,41.529998779296875,41.68000030517578,16578300
2015-02-20,29.663249969482422,41.970001220703125,42.11000061035156,41.63999938964844,42.040000915527344,15982400
2015-02-23,29.578439712524414,41.849998474121094,42.16999816894531,41.689998626708984,41.709999084472656,11830300
2015-02-24,29.776336669921875,42.130001068115234,42.33000183105469,41.77000045776367,41.849998474121094,12782700
2015-02-25,29.71978759765625,42.04999923706055,42.2400016784668,41.7400016784668,42.16999816894531,10323300
2015-02-26,30.00958251953125,42.459999084472656,42.54999923706055,41.970001220703125,42.040000915527344,14346500
2015-02-27,30.60326385498047,43.29999923706055,43.65999984741211,42.470001220703125,42.52000045776367,28312800
2015-03-02,30.53260040283203,43.20000076293945,43.29999923706055,43.08000183105469,43.29999923706055,13514600
2015-03-03,30.35589599609375,42.95000076293945,43.15999984741211,42.84000015258789,43.11000061035156,10036300
2015-03-04,30.037851333618164,42.5,42.97999954223633,42.470001220703125,42.91999816894531,16263000
2015-03-05,29.967180252075195,42.400001525878906,42.61000061035156,42.25,42.560001373291016,9223000
2015-03-06,29.345199584960938,41.52000045776367,42.20000076293945,41.33000183105469,42.119998931884766,18180500
2015-03-09,29.25332260131836,41.38999938964844,41.54999923706055,41.31999969482422,41.529998779296875,10123300
2015-03-10,28.75857925415039,40.689998626708984,41.150001525878906,40.68000030517578,41.099998474121094,14599100
2015-03-11,28.341585159301758,40.099998474121094,40.72999954223633,40.08000183105469,40.72999954223633,18549700
2015-03-12,28.911699295043945,40.56999969482422,40.56999969482422,40.02000045776367,40.099998474121094,17728700
2015-03-13,28.441362380981445,39.90999984741211,40.56999969482422,39.61000061035156,40.439998626708984,17438400
2015-03-16,28.7121524810791,40.290000915527344,40.349998474121094,39.9900016784668,40.0,15238800
2015-03-17,28.86894416809082,40.5099983215332,40.72999954223633,40.31999969482422,40.66999816894531,21661800
2015-03-18,28.933074951171875,40.599998474121094,40.790000915527344,39.79999923706055,40.47999954223633,26247500
2015-03-19,28.51975440979004,40.02000045776367,40.52000045776367,39.959999084472656,40.47999954223633,16057600
2015-03-20,28.968700408935547,40.650001525878906,40.65999984741211,40.0099983215332,40.06999969482422,31608500
2015-03-23,28.94733428955078,40.619998931884766,40.939998626708984,40.5,40.63999938964844,17060500
2015-03-24,28.840438842773438,40.470001220703125,40.9900016784668,40.470001220703125,40.90999984741211,13485700
2015-03-25,28.826189041137695,40.45000076293945,40.70000076293945,40.2400016784668,40.59000015258789,22811300
2015-03-26,28.75491714477539,40.349998474121094,40.560001373291016,40.22999954223633,40.34000015258789,17359600
2015-03-27,28.562501907348633,40.08000183105469,40.47999954223633,39.970001220703125,40.47999954223633,14384400
2015-03-30,28.86894416809082,40.5099983215332,40.61000061035156,39.939998626708984,40.11000061035156,12561400
2015-03-31,28.897436141967773,40.54999923706055,40.900001525878906,40.349998474121094,40.5099983215332,16604800
2015-04-01,28.99009132385254,40.68000030517578,40.810001373291016,40.22999954223633,40.790000915527344,14300700
2015-04-02,28.99009132385254,40.68000030517578,40.869998931884766,40.47999954223633,40.72999954223633,14343100
2015-04-06,29.33928680419922,41.16999816894531,41.61000061035156,40.59000015258789,40.77000045776367,19843400
2015-04-07,29.22525405883789,41.0099983215332,41.369998931884766,40.970001220703125,41.04999923706055,9773400
2015-04-08,29.139745712280273,40.88999938964844,41.09000015258789,40.7400016784668,40.97999954223633,8954700
2015-04-09,29.253765106201172,41.04999923706055,41.08000183105469,40.630001068115234,40.79999923706055,12710900
2015-04-10,29.132625579833984,40.880001068115234,41.15999984741211,40.849998474121094,41.09000015258789,8720000
2015-04-13,29.00434684753418,40.70000076293945,40.970001220703125,40.70000076293945,40.970001220703125,9616300
2015-04-14,28.86894416809082,40.5099983215332,40.650001525878906,40.31999969482422,40.59000015258789,11209700
2015-04-15,28.790544509887695,40.400001525878906,40.810001373291016,40.31999969482422,40.59000015258789,11189100
2015-04-16,28.933074951171875,40.599998474121094,40.86000061035156,40.29999923706055,40.40999984741211,13121000
2015-04-17,28.719284057617188,40.29999923706055,40.65999984741211,40.099998474121094,40.470001220703125,15330300
2015-04-20,28.975831985473633,40.65999984741211,40.900001525878906,40.40999984741211,40.41999816894531,13023700
2015-04-21,29.061349868774414,40.779998779296875,40.9900016784668,40.540000915527344,40.66999816894531,19673100
2015-04-22,29.439050674438477,41.310001373291016,41.56999969482422,41.06999969482422,41.560001373291016,26887200
2015-04-23,29.1825008392334,40.95000076293945,41.40999984741211,40.91999816894531,41.22999954223633,17408800
2015-04-24,29.139745712280273,40.88999938964844,41.119998931884766,40.810001373291016,41.040000915527344,11623300
2015-04-27,29.09699821472168,40.83000183105469,41.150001525878906,40.779998779296875,41.0,10044600
2015-04-28,29.054229736328125,40.77000045776367,40.970001220703125,40.599998474121094,40.95000076293945,12174800
2015-04-29,28.854684829711914,40.4900016784668,40.75,40.400001525878906,40.65999984741211,11371400
2015-04-30,28.904577255249023,40.560001373291016,40.58000183105469,40.279998779296875,40.400001525878906,12700800
2015-05-01,29.15399932861328,40.90999984741211,40.93000030517578,40.5,40.58000183105469,10848300
2015-05-04,29.189624786376953,40.959999084472656,41.099998474121094,40.77000045776367,40.880001068115234,10204800
2015-05-05,29.03997039794922,40.75,41.13999938964844,40.68000030517578,41.13999938964844,11721300
2015-05-06,28.975831985473633,40.65999984741211,41.09000015258789,40.38999938964844,41.040000915527344,11906900
2015-05-07,29.00434684753418,40.70000076293945,40.90999984741211,40.5099983215332,40.529998779296875,13834700
2015-05-08,29.203882217407227,40.97999954223633,41.16999816894531,40.849998474121094,41.0,11144400
2015-05-11,29.175384521484375,40.939998626708984,41.38999938964844,40.880001068115234,40.97999954223633,10113500
2015-05-12,28.997201919555664,40.689998626708984,40.959999084472656,40.52000045776367,40.77000045776367,12384500
2015-05-13,29.253765106201172,41.04999923706055,41.36000061035156,40.720001220703125,40.75,13183700
2015-05-14,29.57444953918457,41.5,41.599998474121094,41.2599983215332,41.29999923706055,9961000
2015-05-15,29.588695526123047,41.52000045776367,41.689998626708984,41.43000030517578,41.45000076293945,8479000
2015-05-18,29.4461727142334,41.31999969482422,41.4900016784668,41.25,41.4900016784668,11511700
2015-05-19,29.439050674438477,41.310001373291016,41.38999938964844,41.130001068115234,41.22999954223633,9072000
2015-05-20,29.46755027770996,41.349998474121094,41.59000015258789,41.310001373291016,41.369998931884766,10965200
2015-05-21,29.38204002380371,41.22999954223633,41.31999969482422,41.06999969482422,41.2599983215332,9270900
2015-05-22,29.367788314819336,41.209999084472656,41.2400016784668,41.040000915527344,41.119998931884766,11909500
2015-05-26,29.211013793945312,40.9900016784668,41.18000030517578,40.7400016784668,41.119998931884766,15194300
2015-05-27,29.303653717041016,41.119998931884766,41.20000076293945,40.83000183105469,40.939998626708984,9863100
2015-05-28,29.317890167236328,41.13999938964844,41.29999923706055,40.880001068115234,41.20000076293945,9395200
2015-05-29,29.189624786376953,40.959999084472656,41.18000030517578,40.77000045776367,41.18000030517578,19628600
2015-06-01,29.175384521484375,40.939998626708984,41.40999984741211,40.880001068115234,41.36000061035156,12684100
2015-06-02,29.211013793945312,40.9900016784668,41.15999984741211,40.68000030517578,40.84000015258789,11878600
2015-06-03,29.12549591064453,40.869998931884766,41.209999084472656,40.779998779296875,41.099998474121094,8153800
2015-06-04,28.925947189331055,40.59000015258789,40.97999954223633,40.529998779296875,40.709999084472656,10145800
2015-06-05,28.57675552368164,40.099998474121094,40.52000045776367,40.08000183105469,40.47999954223633,15975600
2015-06-08,28.61952781677246,40.15999984741211,40.2599983215332,40.02000045776367,40.099998474121094,14339300
2015-06-09,28.648021697998047,40.20000076293945,40.41999816894531,40.11000061035156,40.16999816894531,10772700
2015-06-10,28.74066925048828,40.33000183105469,40.540000915527344,40.279998779296875,40.31999969482422,11979900
2015-06-11,28.812517166137695,40.099998474121094,40.25,40.029998779296875,40.11000061035156,11944900
2015-06-12,28.711933135986328,39.959999084472656,40.119998931884766,39.84000015258789,40.040000915527344,15568600
2015-06-15,28.446067810058594,39.59000015258789,39.86000061035156,39.56999969482422,39.83000183105469,11364800
2015-06-16,28.79814338684082,40.08000183105469,40.15999984741211,39.599998474121094,39.630001068115234,12517400
2015-06-17,28.934661865234375,40.27000045776367,40.31999969482422,40.0099983215332,40.08000183105469,13898400
2015-06-18,29.207700729370117,40.650001525878906,40.7400016784668,40.15999984741211,40.15999984741211,16314600
2015-06-19,29.028066635131836,40.400001525878906,40.650001525878906,40.400001525878906,40.59000015258789,23550600
2015-06-22,29.08555793762207,40.47999954223633,40.810001373291016,40.459999084472656,40.5099983215332,8775900
2015-06-23,29.013702392578125,40.380001068115234,40.52000045776367,40.310001373291016,40.43000030517578,11094900
2015-06-24,28.8771915435791,40.189998626708984,40.45000076293945,40.189998626708984,40.369998931884766,10385100
2015-06-25,28.755035400390625,40.02000045776367,40.34000015258789,40.02000045776367,40.279998779296875,10607600
2015-06-26,28.740665435791016,40.0,40.349998474121094,40.0,40.099998474121094,16215600
2015-06-29,28.309558868408203,39.400001525878906,39.97999954223633,39.400001525878906,39.79999923706055,15500800
2015-06-30,28.187406539916992,39.22999954223633,39.61000061035156,39.119998931884766,39.61000061035156,14621300
2015-07-01,28.38140296936035,39.5,39.599998474121094,39.279998779296875,39.380001068115234,11177400
2015-07-02,28.374229431152344,39.4900016784668,39.810001373291016,39.349998474121094,39.630001068115234,8975900
2015-07-06,28.323923110961914,39.41999816894531,39.599998474121094,39.220001220703125,39.31999969482422,10252600
2015-07-07,28.920291900634766,40.25,40.380001068115234,39.400001525878906,39.4900016784668,20335000
2015-07-08,28.64006996154785,39.86000061035156,40.22999954223633,39.84000015258789,39.9900016784668,11383700
2015-07-09,28.683183670043945,39.91999816894531,40.58000183105469,39.900001525878906,40.459999084472656,13392000
2015-07-10,29.020885467529297,40.38999938964844,40.52000045776367,40.15999984741211,40.27000045776367,13360400
2015-07-13,29.214885711669922,40.65999984741211,40.77000045776367,40.4900016784668,40.560001373291016,9854200
2015-07-14,29.581329345703125,41.16999816894531,41.2599983215332,40.84000015258789,40.900001525878906,19531000
2015-07-15,29.552587509155273,41.130001068115234,41.36000061035156,41.099998474121094,41.150001525878906,11252100
2015-07-16,29.804067611694336,41.47999954223633,41.599998474121094,41.349998474121094,41.41999816894531,10483700
2015-07-17,29.63880729675293,41.25,41.31999969482422,41.04999923706055,41.310001373291016,9608300
2015-07-20,29.732229232788086,41.380001068115234,41.540000915527344,41.220001220703125,41.349998474121094,10024200
2015-07-21,29.59569549560547,41.189998626708984,41.52000045776367,41.099998474121094,41.380001068115234,13653800
2015-07-22,29.387327194213867,40.900001525878906,41.59000015258789,40.59000015258789,40.810001373291016,15528600
2015-07-23,29.344221115112305,40.84000015258789,41.02000045776367,40.47999954223633,40.9900016784668,13522200
2015-07-24,29.056819915771484,40.439998626708984,40.83000183105469,40.40999984741211,40.7599983215332,10912500
2015-07-27,29.128665924072266,40.540000915527344,40.58000183105469,40.15999984741211,40.279998779296875,10945700
2015-07-28,29.135839462280273,40.54999923706055,40.72999954223633,40.439998626708984,40.650001525878906,11021800
2015-07-29,29.164588928222656,40.59000015258789,40.709999084472656,40.4900016784668,40.529998779296875,8479900
2015-07-30,29.14303970336914,40.560001373291016,40.75,40.38999938964844,40.54999923706055,9095500
2015-07-31,29.516664505004883,41.08000183105469,41.220001220703125,40.77000045776367,40.880001068115234,15309500
2015-08-03,29.847187042236328,41.540000915527344,41.54999923706055,40.84000015258789,40.849998474121094,14672600
2015-08-04,30.069921493530273,41.849998474121094,41.869998931884766,41.34000015258789,41.5099983215332,17559900
2015-08-05,30.263925552368164,42.119998931884766,42.220001220703125,41.81999969482422,41.91999816894531,15329200
2015-08-06,30.120214462280273,41.91999816894531,42.25,41.86000061035156,42.0,11378900
2015-08-07,30.0124454498291,41.77000045776367,41.970001220703125,41.529998779296875,41.810001373291016,10886700
2015-08-10,29.947771072387695,41.68000030517578,41.9900016784668,41.58000183105469,41.88999938964844,9501900
2015-08-11,29.804067611694336,41.47999954223633,41.56999969482422,41.16999816894531,41.400001525878906,11254900
2015-08-12,29.645992279052734,41.2599983215332,41.2599983215332,40.849998474121094,41.130001068115234,9602200
2015-08-13,29.531028747558594,41.099998474121094,41.380001068115234,41.0099983215332,41.279998779296875,10270900
2015-08-14,29.63880729675293,41.25,41.25,40.959999084472656,41.0099983215332,9904800
2015-08-17,29.710664749145508,41.349998474121094,41.45000076293945,40.970001220703125,41.029998779296875,8272800
2015-08-18,29.674734115600586,41.29999923706055,41.529998779296875,41.189998626708984,41.279998779296875,11199400
2015-08-19,29.301105499267578,40.779998779296875,41.2400016784668,40.779998779296875,41.13999938964844,15796500
2015-08-20,29.135839462280273,40.54999923706055,40.81999969482422,40.41999816894531,40.52000045776367,14218000
2015-08-21,28.402965545654297,39.529998779296875,40.470001220703125,39.5099983215332,40.15999984741211,28036200
2015-08-24,27.576671600341797,38.380001068115234,38.939998626708984,36.560001373291016,37.9900016784668,44065300
2015-08-25,27.296457290649414,37.9900016784668,39.279998779296875,37.93000030517578,39.130001068115234,31363700
2015-08-26,27.828149795532227,38.72999954223633,38.83000183105469,37.88999938964844,38.75,23523300
2015-08-27,28.21615982055664,39.27000045776367,39.380001068115234,38.599998474121094,39.060001373291016,18871600
2015-08-28,28.345491409301758,39.45000076293945,39.470001220703125,39.04999923706055,39.11000061035156,14503900
2015-08-31,28.252073287963867,39.31999969482422,39.45000076293945,39.060001373291016,39.150001525878906,12673300
2015-09-01,27.84252166748047,38.75,39.029998779296875,38.540000915527344,38.66999816894531,23703200
2015-09-02,27.95029640197754,38.900001525878906,39.06999969482422,38.560001373291016,39.029998779296875,14054800
2015-09-03,28.13711166381836,39.15999984741211,39.34000015258789,38.84000015258789,38.900001525878906,13311600
2015-09-04,27.677261352539062,38.52000045776367,38.790000915527344,38.380001068115234,38.68000030517578,15450500
2015-09-08,27.95029640197754,38.900001525878906,39.029998779296875,38.599998474121094,38.869998931884766,15273900
2015-09-09,27.51918601989746,38.29999923706055,39.209999084472656,38.20000076293945,39.119998931884766,13764600
2015-09-10,27.605417251586914,38.41999816894531,38.650001525878906,38.25,38.310001373291016,14952500
2015-09-11,27.634397506713867,38.130001068115234,38.189998626708984,37.84000015258789,38.0099983215332,11802300
2015-09-14,27.61264991760254,38.099998474121094,38.220001220703125,37.849998474121094,38.220001220703125,8950000
2015-09-15,27.902551651000977,38.5,38.630001068115234,37.91999816894531,38.06999969482422,13019800
2015-09-16,28.373632431030273,39.150001525878906,39.189998626708984,38.470001220703125,38.66999816894531,22233400
2015-09-17,28.540328979492188,39.380001068115234,39.61000061035156,39.040000915527344,39.150001525878906,21232500
2015-09-18,28.250425338745117,38.97999954223633,39.29999923706055,38.709999084472656,38.86000061035156,27527300
2015-09-21,28.402616500854492,39.189998626708984,39.310001373291016,38.939998626708984,39.04999923706055,12935800
2015-09-22,28.112722396850586,38.790000915527344,38.9900016784668,38.58000183105469,38.68000030517578,15021300
2015-09-23,28.090991973876953,38.7599983215332,38.880001068115234,38.54999923706055,38.790000915527344,8910800
2015-09-24,28.373632431030273,39.150001525878906,39.20000076293945,38.5099983215332,38.52000045776367,19385700
2015-09-25,28.71426773071289,39.619998931884766,40.08000183105469,39.33000183105469,39.43000030517578,22511300
2015-09-28,28.6490421295166,39.529998779296875,39.81999969482422,39.33000183105469,39.52000045776367,19323100
2015-09-29,28.743253707885742,39.65999984741211,39.709999084472656,39.33000183105469,39.52000045776367,14166900
2015-09-30,29.076637268066406,40.119998931884766,40.22999954223633,39.79999923706055,39.880001068115234,19752600
2015-10-01,28.84471321105957,39.79999923706055,40.470001220703125,39.599998474121094,40.220001220703125,19606600
2015-10-02,29.272314071655273,40.38999938964844,40.38999938964844,39.36000061035156,39.560001373291016,15537300
2015-10-05,29.721647262573242,41.0099983215332,41.04999923706055,40.43000030517578,40.45000076293945,15664000
2015-10-06,29.685422897338867,40.959999084472656,41.34000015258789,40.93000030517578,41.040000915527344,14579400
2015-10-07,30.091266632080078,41.52000045776367,41.61000061035156,41.099998474121094,41.13999938964844,14329700
2015-10-08,30.42464828491211,41.97999954223633,41.9900016784668,41.2599983215332,41.2599983215332,11960200
2015-10-09,30.453645706176758,42.02000045776367,42.119998931884766,41.779998779296875,41.81999969482422,13931200
2015-10-12,30.43914794921875,42.0,42.290000915527344,41.810001373291016,41.83000183105469,12299100
2015-10-13,30.18548583984375,41.650001525878906,41.90999984741211,41.540000915527344,41.79999923706055,12903600
2015-10-14,30.20722770690918,41.68000030517578,41.959999084472656,41.560001373291016,41.560001373291016,14180000
2015-10-15,30.38116455078125,41.91999816894531,42.029998779296875,41.599998474121094,41.869998931884766,11801600
2015-10-16,30.453645706176758,42.02000045776367,42.209999084472656,41.880001068115234,42.15999984741211,20384200
2015-10-19,30.431900024414062,41.9900016784668,42.060001373291016,41.79999923706055,41.900001525878906,15553800
2015-10-20,30.64933204650879,42.290000915527344,42.400001525878906,42.0,42.0,16199300
2015-10-21,30.57685661315918,42.189998626708984,42.52000045776367,41.709999084472656,41.939998626708984,19254900
2015-10-22,31.337827682495117,43.2400016784668,43.849998474121094,42.40999984741211,42.439998626708984,35920200
2015-10-23,31.01169776916504,42.790000915527344,43.310001373291016,42.75,43.310001373291016,18796100
2015-10-26,30.866743087768555,42.59000015258789,42.88999938964844,42.459999084472656,42.7599983215332,14788600
2015-10-27,30.88124656677246,42.61000061035156,42.77000045776367,42.47999954223633,42.5,30166600
2015-10-28,30.968225479125977,42.72999954223633,42.84000015258789,42.209999084472656,42.75,13667300
2015-10-29,31.01169776916504,42.790000915527344,42.900001525878906,42.34000015258789,42.65999984741211,9427400
2015-10-30,30.69281005859375,42.349998474121094,42.86000061035156,42.349998474121094,42.79999923706055,15356200
2015-11-02,30.61308479309082,42.2400016784668,42.36000061035156,41.900001525878906,42.31999969482422,16252200
2015-11-03,30.555105209350586,42.15999984741211,42.31999969482422,41.810001373291016,42.18000030517578,9693100
2015-11-04,30.417402267456055,41.970001220703125,42.38999938964844,41.88999938964844,42.27000045776367,10488500
2015-11-05,30.67831802368164,42.33000183105469,42.349998474121094,41.97999954223633,42.0,9625100
2015-11-06,30.410158157348633,41.959999084472656,42.220001220703125,41.61000061035156,41.970001220703125,11926700
2015-11-09,30.105772018432617,41.540000915527344,41.790000915527344,41.34000015258789,41.70000076293945,10842700
2015-11-10,30.272451400756836,41.77000045776367,41.810001373291016,41.43000030517578,41.439998626708984,8283100
2015-11-11,30.468141555786133,42.040000915527344,42.20000076293945,41.91999816894531,41.939998626708984,9101200
2015-11-12,30.13475799560547,41.58000183105469,42.04999923706055,41.56999969482422,42.0099983215332,10725000
2015-11-13,29.989822387695312,41.380001068115234,41.779998779296875,41.36000061035156,41.459999084472656,11619500
2015-11-16,30.410158157348633,41.959999084472656,42.0,41.38999938964844,41.43000030517578,11244900
2015-11-17,30.199983596801758,41.66999816894531,42.150001525878906,41.5099983215332,41.849998474121094,12739400
2015-11-18,30.642078399658203,42.279998779296875,42.349998474121094,41.68000030517578,41.77000045776367,12966300
2015-11-19,31.243616104125977,43.11000061035156,43.29999923706055,42.31999969482422,42.31999969482422,24090700
2015-11-20,30.75078773498535,42.43000030517578,43.58000183105469,42.400001525878906,43.310001373291016,19780800
2015-11-23,31.134912490844727,42.959999084472656,43.18000030517578,42.529998779296875,42.54999923706055,13338100
2015-11-24,31.4248046875,43.36000061035156,43.599998474121094,42.65999984741211,42.70000076293945,15767200
2015-11-25,31.4248046875,43.36000061035156,43.5,43.2400016784668,43.31999969482422,10344900
2015-11-27,31.512439727783203,43.150001525878906,43.2400016784668,42.79999923706055,43.040000915527344,7236700
2015-11-30,31.12537384033203,42.619998931884766,43.150001525878906,42.61000061035156,43.119998931884766,16063000
2015-12-01,31.322547912597656,42.88999938964844,43.099998474121094,42.72999954223633,42.72999954223633,11153000
2015-12-02,31.23491859436035,42.77000045776367,42.93000030517578,42.59000015258789,42.83000183105469,12598500
2015-12-03,31.008525848388672,42.459999084472656,42.88999938964844,42.31999969482422,42.72999954223633,15004400
2015-12-04,31.61467742919922,43.290000915527344,43.47999954223633,42.58000183105469,42.58000183105469,16488000
2015-12-07,31.5489501953125,43.20000076293945,43.439998626708984,43.0,43.310001373291016,12030700
2015-12-08,31.410194396972656,43.0099983215332,43.25,42.79999923706055,43.04999923706055,10736200
2015-12-09,31.154579162597656,42.65999984741211,43.27000045776367,42.5,42.779998779296875,12945500
2015-12-10,31.22761344909668,42.7599983215332,43.06999969482422,42.529998779296875,42.72999954223633,15483300
2015-12-11,30.86977767944336,42.27000045776367,42.83000183105469,42.13999938964844,42.630001068115234,17313400
2015-12-14,31.001222610473633,42.45000076293945,42.7599983215332,41.970001220703125,42.310001373291016,20092900
2015-12-15,31.454010009765625,43.06999969482422,43.2400016784668,42.7599983215332,42.84000015258789,17916400
2015-12-16,32.01634216308594,43.84000015258789,43.90999984741211,43.25,43.25,21868600
2015-12-17,31.760732650756836,43.4900016784668,43.88999938964844,43.41999816894531,43.810001373291016,14697000
2015-12-18,31.037738800048828,42.5,43.41999816894531,42.5,43.36000061035156,24583700
2015-12-21,31.242225646972656,42.779998779296875,42.939998626708984,42.459999084472656,42.81999969482422,10444400
2015-12-22,31.61467742919922,43.290000915527344,43.38999938964844,42.709999084472656,42.86000061035156,12280800
2015-12-23,31.892189025878906,43.66999816894531,43.72999954223633,43.349998474121094,43.38999938964844,9092300
2015-12-24,31.797252655029297,43.540000915527344,43.720001220703125,43.41999816894531,43.4900016784668,3036600
2015-12-28,31.760732650756836,43.4900016784668,43.52000045776367,43.310001373291016,43.439998626708984,6326100
2015-12-29,31.921403884887695,43.709999084472656,43.779998779296875,43.5,43.540000915527344,7739800
2015-12-30,31.819162368774414,43.56999969482422,43.77000045776367,43.45000076293945,43.75,5112500
2015-12-31,31.373687744140625,42.959999084472656,43.34000015258789,42.869998931884766,43.29999923706055,9727900
2016-01-04,30.96470832824707,42.400001525878906,42.5,41.970001220703125,42.34000015258789,16084100
2016-01-05,31.074249267578125,42.54999923706055,42.630001068115234,42.16999816894531,42.310001373291016,15781900
2016-01-06,30.906291961669922,42.31999969482422,42.5099983215332,42.040000915527344,42.20000076293945,16245100
2016-01-07,30.395078659057617,41.619998931884766,42.11000061035156,41.45000076293945,41.650001525878906,20563600
2016-01-08,30.31474494934082,41.5099983215332,42.119998931884766,41.40999984741211,41.650001525878906,14645900
2016-01-11,30.365863800048828,41.58000183105469,41.86000061035156,41.290000915527344,41.58000183105469,15815200
2016-01-12,30.760231018066406,42.119998931884766,42.45000076293945,41.869998931884766,42.29999923706055,21814800
2016-01-13,30.563051223754883,41.849998474121094,42.56999969482422,41.790000915527344,42.16999816894531,16854300
2016-01-14,30.58495330810547,41.880001068115234,42.16999816894531,41.63999938964844,41.9900016784668,16028000
2016-01-15,30.307437896728516,41.5,41.59000015258789,40.93000030517578,40.95000076293945,21153600
2016-01-19,30.614160537719727,41.91999816894531,42.119998931884766,41.650001525878906,41.77000045776367,15462200
2016-01-20,30.219816207885742,41.380001068115234,41.619998931884766,40.75,41.45000076293945,19923500
2016-01-21,30.227100372314453,41.38999938964844,41.5099983215332,41.09000015258789,41.45000076293945,15568900
2016-01-22,30.716407775878906,42.060001373291016,42.2400016784668,41.45000076293945,41.63999938964844,15209200
2016-01-25,30.7894344329834,42.15999984741211,42.5,41.93000030517578,42.2400016784668,12505200
2016-01-26,30.73101806640625,42.08000183105469,42.5,41.93000030517578,42.15999984741211,13018500
2016-01-27,30.738313674926758,42.09000015258789,42.459999084472656,41.810001373291016,42.18000030517578,14167000
2016-01-28,31.088865280151367,42.56999969482422,42.720001220703125,42.060001373291016,42.18000030517578,16622800
2016-01-29,31.344453811645508,42.91999816894531,43.2599983215332,42.650001525878906,42.86000061035156,20457000
2016-02-01,31.40289878845215,43.0,43.150001525878906,42.56999969482422,42.599998474121094,17097800
2016-02-02,30.993927001953125,42.439998626708984,42.790000915527344,42.40999984741211,42.70000076293945,12332900
2016-02-03,31.198402404785156,42.720001220703125,42.939998626708984,42.279998779296875,42.79999923706055,15958300
2016-02-04,31.059648513793945,42.529998779296875,42.88999938964844,42.400001525878906,42.52000045776367,14413700
2016-02-05,30.993927001953125,42.439998626708984,42.9900016784668,42.2599983215332,42.93000030517578,17315700
2016-02-08,31.14728546142578,42.650001525878906,42.70000076293945,41.900001525878906,42.16999816894531,17254400
2016-02-09,31.621986389160156,43.29999923706055,43.4900016784668,42.2599983215332,42.2599983215332,24853800
2016-02-10,31.074249267578125,42.54999923706055,43.38999938964844,42.5099983215332,43.34000015258789,16729600
2016-02-11,30.972007751464844,42.40999984741211,42.61000061035156,41.97999954223633,42.029998779296875,16825300
2016-02-12,31.483224868774414,43.11000061035156,43.13999938964844,42.560001373291016,42.720001220703125,15222400
2016-02-16,31.665803909301758,43.36000061035156,43.459999084472656,43.02000045776367,43.31999969482422,12675900
2016-02-17,31.760732650756836,43.4900016784668,43.619998931884766,43.279998779296875,43.41999816894531,12332500
2016-02-18,31.848373413085938,43.61000061035156,43.72999954223633,43.29999923706055,43.630001068115234,11170300
2016-02-19,31.965211868286133,43.77000045776367,43.77000045776367,43.279998779296875,43.58000183105469,12850000
2016-02-22,32.08935546875,43.939998626708984,44.15999984741211,43.630001068115234,43.77000045776367,20716100
2016-02-23,31.906784057617188,43.689998626708984,44.04999923706055,43.65999984741211,43.7400016784668,11166400
2016-02-24,32.06745529174805,43.90999984741211,43.939998626708984,43.369998931884766,43.560001373291016,10844200
2016-02-25,32.250030517578125,44.15999984741211,44.18000030517578,43.869998931884766,43.959999084472656,10903300
2016-02-26,31.50513458251953,43.13999938964844,44.060001373291016,43.11000061035156,44.040000915527344,18421000
2016-02-29,31.49782371520996,43.130001068115234,43.61000061035156,42.91999816894531,43.16999816894531,15049800
2016-03-01,31.906784057617188,43.689998626708984,43.689998626708984,43.16999816894531,43.380001068115234,12358300
2016-03-02,31.965211868286133,43.77000045776367,43.77000045776367,43.41999816894531,43.470001220703125,12856300
2016-03-03,32.103965759277344,43.959999084472656,43.97999954223633,43.540000915527344,43.61000061035156,13134800
2016-03-04,32.213523864746094,44.11000061035156,44.150001525878906,43.68000030517578,43.779998779296875,13691500
2016-03-07,32.1404914855957,44.0099983215332,44.13999938964844,43.86000061035156,43.90999984741211,10695300
2016-03-08,32.36688995361328,44.31999969482422,44.470001220703125,43.810001373291016,43.91999816894531,18900200
2016-03-09,32.7247314453125,44.810001373291016,44.83000183105469,44.290000915527344,44.38999938964844,18466600
2016-03-10,33.031455993652344,45.22999954223633,45.2599983215332,44.68000030517578,44.84000015258789,28908600
2016-03-11,33.2669792175293,45.20000076293945,45.25,44.93000030517578,45.0,16129300
2016-03-14,33.33321762084961,45.290000915527344,45.41999816894531,45.040000915527344,45.040000915527344,13206700
2016-03-15,33.29641342163086,45.2400016784668,45.560001373291016,45.06999969482422,45.08000183105469,13686300
2016-03-16,33.156593322753906,45.04999923706055,45.16999816894531,44.54999923706055,45.04999923706055,15386100
2016-03-17,33.686500549316406,45.77000045776367,45.90999984741211,44.970001220703125,45.04999923706055,24080000
2016-03-18,33.56137466430664,45.599998474121094,45.869998931884766,45.38999938964844,45.84000015258789,23853400
2016-03-21,33.612876892089844,45.66999816894531,45.869998931884766,45.36000061035156,45.41999816894531,9740400
2016-03-22,33.48777389526367,45.5,45.72999954223633,45.38999938964844,45.54999923706055,13788300
2016-03-23,33.45832443237305,45.459999084472656,45.709999084472656,45.349998474121094,45.400001525878906,9292100
2016-03-24,33.546661376953125,45.58000183105469,45.599998474121094,45.189998626708984,45.45000076293945,10890200
2016-03-28,33.70856475830078,45.79999923706055,45.93000030517578,45.5099983215332,45.560001373291016,13306600
2016-03-29,34.209041595458984,46.47999954223633,46.5099983215332,45.810001373291016,45.86000061035156,25010400
2016-03-30,34.282649993896484,46.58000183105469,46.72999954223633,46.33000183105469,46.630001068115234,14312200
2016-03-31,34.14280319213867,46.38999938964844,46.880001068115234,46.31999969482422,46.54999923706055,15544500
2016-04-01,34.466644287109375,46.83000183105469,46.869998931884766,46.11000061035156,46.13999938964844,14922900
2016-04-04,34.51081466674805,46.88999938964844,46.93000030517578,46.5,46.84000015258789,10629800
2016-04-05,34.24584197998047,46.529998779296875,46.810001373291016,46.439998626708984,46.619998931884766,10696700
2016-04-06,34.378326416015625,46.709999084472656,46.72999954223633,46.380001068115234,46.56999969482422,9122700
2016-04-07,34.1207160949707,46.36000061035156,46.58000183105469,46.15999984741211,46.5,9292000
2016-04-08,34.4960823059082,46.869998931884766,46.97999954223633,46.439998626708984,46.439998626708984,11959300
2016-04-11,34.17960739135742,46.439998626708984,47.130001068115234,46.40999984741211,46.900001525878906,11880100
2016-04-12,34.334163665771484,46.650001525878906,46.7599983215332,46.349998474121094,46.40999984741211,11219100
2016-04-13,33.885215759277344,46.040000915527344,46.779998779296875,45.81999969482422,46.77000045776367,13234100
2016-04-14,33.73065185546875,45.83000183105469,46.220001220703125,45.75,46.060001373291016,12982200
2016-04-15,33.92937469482422,46.099998474121094,46.15999984741211,45.68000030517578,45.81999969482422,13647800
2016-04-18,34.017696380615234,46.220001220703125,46.279998779296875,45.81999969482422,46.099998474121094,11538100
2016-04-19,34.297367095947266,46.599998474121094,46.619998931884766,46.150001525878906,46.310001373291016,14418300
2016-04-20,32.65610122680664,44.369998931884766,45.380001068115234,44.060001373291016,45.34000015258789,40360300
2016-04-21,32.13355255126953,43.65999984741211,44.279998779296875,42.869998931884766,44.2599983215332,37206900
2016-04-22,32.78120803833008,44.540000915527344,44.65999984741211,43.790000915527344,43.790000915527344,25134200
2016-04-25,32.906349182128906,44.709999084472656,44.720001220703125,44.380001068115234,44.5,11173800
2016-04-26,32.77385711669922,44.529998779296875,44.959999084472656,44.43000030517578,44.91999816894531,13935500
2016-04-27,32.88425827026367,44.68000030517578,44.86000061035156,44.25,44.63999938964844,11335500
2016-04-28,32.84745788574219,44.630001068115234,44.900001525878906,44.459999084472656,44.5,10932500
2016-04-29,32.97257995605469,44.79999923706055,44.86000061035156,44.5,44.529998779296875,11716000
2016-05-02,33.10505294799805,44.97999954223633,45.189998626708984,44.56999969482422,44.56999969482422,12577500
2016-05-03,33.002017974853516,44.84000015258789,45.06999969482422,44.650001525878906,44.869998931884766,10420500
2016-05-04,33.10505294799805,44.97999954223633,45.11000061035156,44.5099983215332,44.720001220703125,9350500
2016-05-05,33.163944244384766,45.060001373291016,45.4900016784668,44.869998931884766,44.93000030517578,8801100
2016-05-06,33.35529708862305,45.31999969482422,45.40999984741211,44.91999816894531,45.060001373291016,8564000
2016-05-09,33.29641342163086,45.2400016784668,45.5,45.16999816894531,45.31999969482422,8110600
2016-05-10,33.67176818847656,45.75,45.84000015258789,45.41999816894531,45.439998626708984,8933500
2016-05-11,33.45832443237305,45.459999084472656,45.880001068115234,45.45000076293945,45.72999954223633,8833100
2016-05-12,33.73065185546875,45.83000183105469,45.900001525878906,45.4900016784668,45.54999923706055,10463400
2016-05-13,33.377376556396484,45.349998474121094,45.83000183105469,45.22999954223633,45.75,10341200
2016-05-16,33.57609176635742,45.619998931884766,45.72999954223633,45.13999938964844,45.15999984741211,9413600
2016-05-17,32.93577575683594,44.75,45.560001373291016,44.709999084472656,45.45000076293945,17457000
2016-05-18,32.737060546875,44.47999954223633,44.83000183105469,44.22999954223633,44.560001373291016,12524300
2016-05-19,32.619293212890625,44.31999969482422,44.38999938964844,44.040000915527344,44.25,10659500
2016-05-20,32.346988677978516,43.95000076293945,44.540000915527344,43.939998626708984,44.5099983215332,12914100
2016-05-23,32.36170196533203,43.970001220703125,44.15999984741211,43.939998626708984,44.06999969482422,13554700
2016-05-24,32.65610122680664,44.369998931884766,44.41999816894531,44.0,44.099998474121094,12634200
2016-05-25,32.6634521484375,44.380001068115234,44.630001068115234,44.25,44.5099983215332,9218100
2016-05-26,32.891605377197266,44.689998626708984,44.77000045776367,44.439998626708984,44.529998779296875,8695800
2016-05-27,32.95785903930664,44.779998779296875,44.959999084472656,44.650001525878906,44.709999084472656,7893900
2016-05-31,32.825374603271484,44.599998474121094,44.97999954223633,44.2599983215332,44.97999954223633,18935200
2016-06-01,32.89897918701172,44.70000076293945,44.779998779296875,44.4900016784668,44.599998474121094,8916000
2016-06-02,32.91371154785156,44.720001220703125,44.720001220703125,44.5,44.70000076293945,6693900
2016-06-03,33.14921951293945,45.040000915527344,45.04999923706055,44.68000030517578,44.75,13434900
2016-06-06,33.39209747314453,45.369998931884766,45.47999954223633,45.08000183105469,45.09000015258789,10310600
2016-06-07,33.35529708862305,45.31999969482422,45.47999954223633,45.20000076293945,45.349998474121094,9812600
2016-06-08,33.52458953857422,45.54999923706055,45.65999984741211,45.189998626708984,45.2400016784668,7915400
2016-06-09,33.679134368896484,45.7599983215332,45.79999923706055,45.310001373291016,45.33000183105469,8042900
2016-06-10,33.8484001159668,45.9900016784668,46.0099983215332,45.560001373291016,45.619998931884766,12357000
2016-06-13,33.46276092529297,45.119998931884766,45.66999816894531,45.09000015258789,45.47999954223633,10613500
2016-06-14,33.403438568115234,45.040000915527344,45.130001068115234,44.439998626708984,44.849998474121094,11298200
2016-06-15,33.38117599487305,45.0099983215332,45.34000015258789,44.880001068115234,45.119998931884766,8360400
2016-06-16,33.603668212890625,45.310001373291016,45.34000015258789,44.720001220703125,44.869998931884766,11305400
2016-06-17,33.21802520751953,44.790000915527344,45.220001220703125,44.380001068115234,45.16999816894531,20805400
2016-06-20,33.35892868041992,44.97999954223633,45.310001373291016,44.959999084472656,45.09000015258789,10712400
2016-06-21,33.47017288208008,45.130001068115234,45.279998779296875,45.0,45.15999984741211,7919400
2016-06-22,33.26993942260742,44.86000061035156,45.33000183105469,44.810001373291016,45.25,10738900
2016-06-23,33.4330940246582,45.08000183105469,45.16999816894531,44.84000015258789,45.029998779296875,9655300
2016-06-24,32.580204010009766,43.93000030517578,44.560001373291016,43.81999969482422,44.20000076293945,26003700
2016-06-27,32.46895980834961,43.779998779296875,43.88999938964844,43.31999969482422,43.66999816894531,15779500
2016-06-28,32.76561737060547,44.18000030517578,44.189998626708984,43.66999816894531,44.060001373291016,16509800
2016-06-29,32.95844650268555,44.439998626708984,44.709999084472656,44.2400016784668,44.38999938964844,12250900
2016-06-30,33.618499755859375,45.33000183105469,45.33000183105469,44.4900016784668,44.52000045776367,16056500
2016-07-01,33.46276092529297,45.119998931884766,45.40999984741211,45.06999969482422,45.33000183105469,11799700
2016-07-05,33.69266891479492,45.43000030517578,45.66999816894531,45.150001525878906,45.15999984741211,12339100
2016-07-06,33.573997497558594,45.27000045776367,45.54999923706055,44.91999816894531,45.5,10902600
2016-07-07,33.44050598144531,45.09000015258789,45.52000045776367,44.970001220703125,45.41999816894531,9741100
2016-07-08,33.65559387207031,45.380001068115234,45.52000045776367,45.06999969482422,45.29999923706055,11127100
2016-07-11,33.796485900878906,45.56999969482422,45.77000045776367,45.11000061035156,45.349998474121094,10937800
2016-07-12,33.80392074584961,45.58000183105469,45.709999084472656,45.18000030517578,45.63999938964844,9739000
2016-07-13,33.922569274902344,45.7400016784668,45.7599983215332,45.43000030517578,45.61000061035156,8028400
2016-07-14,33.88548278808594,45.689998626708984,45.939998626708984,45.58000183105469,45.72999954223633,7621200
2016-07-15,33.84098815917969,45.630001068115234,45.900001525878906,45.439998626708984,45.880001068115234,10621000
2016-07-18,33.84098815917969,45.630001068115234,45.70000076293945,45.47999954223633,45.689998626708984,7958300
2016-07-19,33.84098815917969,45.630001068115234,45.709999084472656,45.43000030517578,45.459999084472656,7761100
2016-07-20,33.751983642578125,45.5099983215332,45.77000045776367,45.38999938964844,45.75,8478200
2016-07-21,33.70750045776367,45.45000076293945,45.5099983215332,45.2599983215332,45.34000015258789,8045100
2016-07-22,33.98933029174805,45.83000183105469,45.84000015258789,45.459999084472656,45.5,8836100
2016-07-25,33.796485900878906,45.56999969482422,45.83000183105469,45.470001220703125,45.810001373291016,9134300
2016-07-26,33.284767150878906,44.880001068115234,45.650001525878906,44.83000183105469,45.529998779296875,15819900
2016-07-27,32.187137603759766,43.400001525878906,44.060001373291016,43.099998474121094,43.900001525878906,37461100
2016-07-28,32.3725471496582,43.650001525878906,43.689998626708984,43.220001220703125,43.27000045776367,13077800
2016-07-29,32.35771942138672,43.630001068115234,43.75,43.47999954223633,43.720001220703125,16530500
2016-08-01,32.224212646484375,43.45000076293945,43.83000183105469,43.43000030517578,43.689998626708984,12349700
2016-08-02,32.283546447753906,43.529998779296875,43.58000183105469,43.310001373291016,43.349998474121094,12825200
2016-08-03,32.365135192871094,43.63999938964844,43.70000076293945,43.369998931884766,43.65999984741211,12119100
2016-08-04,32.26872634887695,43.5099983215332,43.79999923706055,43.400001525878906,43.560001373291016,11244100
2016-08-05,32.24646759033203,43.47999954223633,43.75,43.40999984741211,43.650001525878906,10398200
2016-08-08,32.2168083190918,43.439998626708984,43.52000045776367,43.220001220703125,43.43000030517578,8680300
2016-08-09,32.23905944824219,43.470001220703125,43.63999938964844,43.380001068115234,43.5,7281300
2016-08-10,32.3428840637207,43.61000061035156,43.689998626708984,43.5,43.63999938964844,8412100
2016-08-11,32.446712493896484,43.75,43.869998931884766,43.619998931884766,43.720001220703125,11303300
2016-08-12,32.654380798339844,44.029998779296875,44.189998626708984,43.790000915527344,43.90999984741211,10928900
2016-08-15,32.810115814208984,44.2400016784668,44.33000183105469,44.0099983215332,44.099998474121094,10390600
2016-08-16,32.50605773925781,43.83000183105469,44.25,43.83000183105469,44.25,9706100
2016-08-17,32.6766242980957,44.060001373291016,44.06999969482422,43.779998779296875,44.0099983215332,11208500
2016-08-18,32.7062873840332,44.099998474121094,44.2599983215332,44.0,44.0099983215332,9144300
2016-08-19,32.572792053222656,43.91999816894531,44.060001373291016,43.7400016784668,44.04999923706055,9385900
2016-08-22,32.43929672241211,43.7400016784668,43.95000076293945,43.72999954223633,43.939998626708984,8687500
2016-08-23,32.52088165283203,43.849998474121094,43.97999954223633,43.7400016784668,43.849998474121094,8421100
2016-08-24,32.52088165283203,43.849998474121094,43.939998626708984,43.65999984741211,43.81999969482422,11508900
2016-08-25,32.38737487792969,43.66999816894531,43.939998626708984,43.630001068115234,43.849998474121094,9815700
2016-08-26,32.127803802490234,43.31999969482422,43.91999816894531,43.310001373291016,43.720001220703125,11824900
2016-08-29,32.29096984863281,43.540000915527344,43.61000061035156,43.33000183105469,43.34000015258789,9544600
2016-08-30,32.06848907470703,43.2400016784668,43.529998779296875,43.119998931884766,43.459999084472656,9720100
2016-08-31,32.20939254760742,43.43000030517578,43.459999084472656,43.08000183105469,43.43000030517578,10217900
2016-09-01,32.15005874633789,43.349998474121094,43.40999984741211,43.20000076293945,43.209999084472656,8457800
2016-09-02,32.379974365234375,43.65999984741211,43.83000183105469,43.470001220703125,43.52000045776367,9026000
2016-09-06,32.47637939453125,43.790000915527344,43.79999923706055,43.400001525878906,43.7400016784668,8600400
2016-09-07,32.365135192871094,43.63999938964844,43.79999923706055,43.529998779296875,43.720001220703125,8656600
2016-09-08,32.35771942138672,43.630001068115234,43.72999954223633,43.45000076293945,43.66999816894531,10020400
2016-09-09,31.349088668823242,42.27000045776367,43.43000030517578,42.27000045776367,43.43000030517578,23624200
2016-09-12,32.03139114379883,43.189998626708984,43.22999954223633,42.34000015258789,42.36000061035156,15932300
2016-09-13,31.612682342529297,42.279998779296875,42.77000045776367,42.209999084472656,42.77000045776367,12962700
2016-09-14,31.48558235168457,42.11000061035156,42.40999984741211,41.9900016784668,42.27000045776367,9823900
2016-09-15,31.67249870300293,42.36000061035156,42.38999938964844,41.880001068115234,42.0099983215332,10158500
2016-09-16,31.508007049560547,42.13999938964844,42.2599983215332,41.970001220703125,42.16999816894531,16354000
2016-09-19,31.47809410095215,42.099998474121094,42.369998931884766,42.08000183105469,42.15999984741211,7659900
2016-09-20,31.65754508972168,42.34000015258789,42.529998779296875,42.2400016784668,42.310001373291016,8407200
2016-09-21,31.79961395263672,42.529998779296875,42.61000061035156,42.099998474121094,42.279998779296875,13654700
2016-09-22,32.121124267578125,42.959999084472656,43.0099983215332,42.689998626708984,42.709999084472656,9288300
2016-09-23,31.956621170043945,42.7400016784668,42.939998626708984,42.650001525878906,42.810001373291016,8852700
2016-09-26,31.44071388244629,42.04999923706055,42.720001220703125,42.0099983215332,42.709999084472656,15036000
2016-09-27,31.84447479248047,42.59000015258789,42.630001068115234,42.0,42.189998626708984,11920400
2016-09-28,31.515464782714844,42.150001525878906,42.7599983215332,42.029998779296875,42.630001068115234,15523800
2016-09-29,31.425758361816406,42.029998779296875,42.38999938964844,41.849998474121094,42.02000045776367,12671700
2016-09-30,31.64258575439453,42.31999969482422,42.5,42.060001373291016,42.209999084472656,14375700
2016-10-03,31.425758361816406,42.029998779296875,42.310001373291016,41.88999938964844,42.310001373291016,11152800
2016-10-04,31.283695220947266,41.84000015258789,42.34000015258789,41.779998779296875,42.34000015258789,13682700
2016-10-05,31.261268615722656,41.810001373291016,42.06999969482422,41.66999816894531,41.93000030517578,9607300
2016-10-06,31.186491012573242,41.709999084472656,41.939998626708984,41.58000183105469,41.68000030517578,9722900
2016-10-07,31.201448440551758,41.72999954223633,41.939998626708984,41.56999969482422,41.83000183105469,8122800
2016-10-10,31.201448440551758,41.72999954223633,41.9900016784668,41.599998474121094,41.91999816894531,8983600
2016-10-11,31.059391021728516,41.540000915527344,41.70000076293945,41.400001525878906,41.65999984741211,12249100
2016-10-12,31.23883819580078,41.779998779296875,41.84000015258789,41.5,41.630001068115234,12216300
2016-10-13,31.22388458251953,41.7599983215332,41.88999938964844,41.5099983215332,41.650001525878906,17655600
2016-10-14,31.15658950805664,41.66999816894531,41.90999984741211,41.619998931884766,41.849998474121094,9893800
2016-10-17,31.104246139526367,41.599998474121094,41.86000061035156,41.56999969482422,41.72999954223633,10792500
2016-10-18,31.380895614624023,41.970001220703125,42.0,41.72999954223633,41.810001373291016,11297300
2016-10-19,31.44071388244629,42.04999923706055,42.119998931884766,41.810001373291016,41.93000030517578,16367400
2016-10-20,31.350994110107422,41.93000030517578,42.11000061035156,41.88999938964844,41.970001220703125,10620500
2016-10-21,31.500520706176758,42.130001068115234,42.16999816894531,41.68000030517578,41.849998474121094,14401500
2016-10-24,31.82204246520996,42.560001373291016,42.77000045776367,42.25,42.31999969482422,13439200
2016-10-25,31.807077407836914,42.540000915527344,42.880001068115234,42.43000030517578,42.63999938964844,16484700
2016-10-26,31.73232078552246,42.439998626708984,43.029998779296875,42.40999984741211,43.0,16886200
2016-10-27,31.49304962158203,42.119998931884766,42.650001525878906,41.900001525878906,42.630001068115234,14537000
2016-10-28,31.575294494628906,42.22999954223633,42.470001220703125,42.099998474121094,42.2599983215332,13398400
2016-10-31,31.70241355895996,42.400001525878906,42.40999984741211,42.119998931884766,42.119998931884766,13327500
2016-11-01,31.49304962158203,42.119998931884766,42.43000030517578,41.90999984741211,42.400001525878906,12223400
2016-11-02,31.44071388244629,42.04999923706055,42.34000015258789,42.0099983215332,42.099998474121094,12034300
2016-11-03,31.425758361816406,42.029998779296875,42.220001220703125,41.959999084472656,42.220001220703125,11258000
2016-11-04,31.171539306640625,41.689998626708984,42.040000915527344,41.689998626708984,41.849998474121094,14464200
2016-11-07,31.747264862060547,42.459999084472656,42.5,42.040000915527344,42.040000915527344,14038500
2016-11-08,32.06129837036133,42.880001068115234,42.97999954223633,42.369998931884766,42.369998931884766,12036600
2016-11-09,31.605215072631836,42.27000045776367,42.31999969482422,41.70000076293945,41.7599983215332,21351000
2016-11-10,30.610774993896484,40.939998626708984,42.2599983215332,40.849998474121094,41.86000061035156,33245500
2016-11-11,30.678054809570312,41.029998779296875,41.130001068115234,40.630001068115234,40.95000076293945,13421000
2016-11-14,30.78273582458496,41.16999816894531,41.41999816894531,40.849998474121094,41.130001068115234,19514200
2016-11-15,30.984621047973633,41.439998626708984,41.52000045776367,41.16999816894531,41.18000030517578,16554000
2016-11-16,30.850034713745117,41.2599983215332,41.650001525878906,41.15999984741211,41.400001525878906,12681400
2016-11-17,30.7453556060791,41.119998931884766,41.29999923706055,41.0,41.279998779296875,12398800
2016-11-18,30.588340759277344,40.90999984741211,41.20000076293945,40.900001525878906,41.029998779296875,16345300
2016-11-21,30.92479133605957,41.36000061035156,41.36000061035156,40.72999954223633,40.90999984741211,12307000
2016-11-22,30.93227767944336,41.369998931884766,41.70000076293945,41.2400016784668,41.45000076293945,12743500
2016-11-23,30.7453556060791,41.119998931884766,41.310001373291016,41.029998779296875,41.220001220703125,9281300
2016-11-25,31.051916122436523,41.529998779296875,41.58000183105469,41.2400016784668,41.38999938964844,7402300
2016-11-28,31.216398239135742,41.75,41.790000915527344,41.27000045776367,41.5099983215332,19424400
2016-11-29,31.02789878845215,41.150001525878906,41.52000045776367,41.13999938964844,41.52000045776367,11421900
2016-11-30,30.424680709838867,40.349998474121094,41.20000076293945,40.349998474121094,41.0,22410400
2016-12-01,30.2889404296875,40.16999816894531,40.38999938964844,39.880001068115234,40.310001373291016,20409900
2016-12-02,30.432228088378906,40.36000061035156,40.4900016784668,40.189998626708984,40.29999923706055,11176300
2016-12-05,30.628263473510742,40.619998931884766,40.689998626708984,40.310001373291016,40.34000015258789,15977800
2016-12-06,30.5905704498291,40.56999969482422,40.77000045776367,40.41999816894531,40.75,11303500
2016-12-07,31.13346290588379,41.290000915527344,41.290000915527344,40.5099983215332,40.540000915527344,13726500
2016-12-08,30.899707794189453,40.97999954223633,41.209999084472656,40.849998474121094,41.06999969482422,13077100
2016-12-09,31.6688175201416,42.0,42.220001220703125,41.290000915527344,41.5,28125800
2016-12-12,31.593408584594727,41.900001525878906,42.0099983215332,41.720001220703125,42.0,17561900
2016-12-13,31.48785400390625,41.7599983215332,41.959999084472656,41.540000915527344,41.720001220703125,18986000
2016-12-14,31.073137283325195,41.209999084472656,41.9900016784668,41.060001373291016,41.88999938964844,17937900
2016-12-15,31.329505920410156,41.54999923706055,41.810001373291016,41.099998474121094,41.099998474121094,14265300
2016-12-16,31.47277069091797,41.7400016784668,41.7599983215332,41.47999954223633,41.61000061035156,19675200
2016-12-19,31.41998863220215,41.66999816894531,41.79999923706055,41.58000183105469,41.689998626708984,8687300
2016-12-20,31.412437438964844,41.65999984741211,41.720001220703125,41.439998626708984,41.70000076293945,10603500
2016-12-21,31.34458351135254,41.56999969482422,41.83000183105469,41.52000045776367,41.599998474121094,9693600
2016-12-22,31.329505920410156,41.54999923706055,41.619998931884766,41.08000183105469,41.56999969482422,11894100
2016-12-23,31.36719512939453,41.599998474121094,41.689998626708984,41.349998474121094,41.619998931884766,6436600
2016-12-27,31.374752044677734,41.61000061035156,41.7599983215332,41.540000915527344,41.560001373291016,6999200
2016-12-28,31.2088623046875,41.38999938964844,41.66999816894531,41.38999938964844,41.4900016784668,8988000
2016-12-29,31.36719512939453,41.599998474121094,41.689998626708984,41.380001068115234,41.380001068115234,6875300
2016-12-30,31.261646270751953,41.459999084472656,41.84000015258789,41.349998474121094,41.689998626708984,11470200
2017-01-03,31.51801300048828,41.79999923706055,41.810001373291016,41.279998779296875,41.5,14711000
2017-01-04,31.4049015045166,41.650001525878906,41.970001220703125,41.59000015258789,41.880001068115234,9959400
2017-01-05,31.48031234741211,41.75,41.86000061035156,41.529998779296875,41.65999984741211,8968300
2017-01-06,31.47277069091797,41.7400016784668,41.810001373291016,41.540000915527344,41.70000076293945,10246600
2017-01-09,31.156084060668945,41.31999969482422,41.58000183105469,41.209999084472656,41.22999954223633,14822500
2017-01-10,30.944950103759766,41.040000915527344,41.439998626708984,40.86000061035156,41.439998626708984,19706800
2017-01-11,30.95248794555664,41.04999923706055,41.119998931884766,40.83000183105469,40.849998474121094,9266200
2017-01-12,30.877086639404297,40.95000076293945,41.040000915527344,40.79999923706055,41.0099983215332,8541200
2017-01-13,30.82431983947754,40.880001068115234,41.040000915527344,40.689998626708984,41.0,8123500
2017-01-17,31.0806884765625,41.220001220703125,41.29999923706055,40.79999923706055,40.84000015258789,12469400
2017-01-18,31.13346290588379,41.290000915527344,41.380001068115234,41.13999938964844,41.25,10390500
2017-01-19,31.020368576049805,41.13999938964844,41.290000915527344,41.029998779296875,41.13999938964844,10987100
2017-01-20,31.156084060668945,41.31999969482422,41.439998626708984,41.130001068115234,41.27000045776367,14695400
2017-01-23,31.239028930664062,41.43000030517578,41.5,41.209999084472656,41.310001373291016,11628900
2017-01-24,31.593408584594727,41.900001525878906,41.970001220703125,41.470001220703125,41.470001220703125,17040100
2017-01-25,31.75929069519043,42.119998931884766,42.25,41.900001525878906,41.939998626708984,12538200
2017-01-26,31.52555274963379,41.810001373291016,42.11000061035156,41.790000915527344,42.029998779296875,8976800
2017-01-27,31.254108428955078,41.45000076293945,41.95000076293945,41.41999816894531,41.90999984741211,12967400
2017-01-30,31.201322555541992,41.380001068115234,41.47999954223633,41.209999084472656,41.29999923706055,11626200
2017-01-31,31.34458351135254,41.56999969482422,41.689998626708984,41.36000061035156,41.38999938964844,12678000
2017-02-01,31.11083984375,41.2599983215332,41.65999984741211,41.25,41.52000045776367,11136100
2017-02-02,31.216402053833008,41.400001525878906,41.4900016784668,41.25,41.40999984741211,9459700
2017-02-03,31.321964263916016,41.540000915527344,41.790000915527344,41.459999084472656,41.58000183105469,11882400
2017-02-06,31.337045669555664,41.560001373291016,41.66999816894531,41.400001525878906,41.529998779296875,15742800
2017-02-07,31.593408584594727,41.900001525878906,41.97999954223633,41.66999816894531,41.70000076293945,13315200
2017-02-08,31.683887481689453,42.02000045776367,42.150001525878906,41.84000015258789,41.90999984741211,14219700
2017-02-09,31.10329246520996,41.25,42.02000045776367,40.720001220703125,42.02000045776367,27240300
2017-02-10,30.598108291625977,40.58000183105469,41.20000076293945,40.54999923706055,41.02000045776367,28847300
2017-02-13,30.628263473510742,40.619998931884766,40.83000183105469,40.5,40.77000045776367,23617100
2017-02-14,30.560401916503906,40.529998779296875,40.599998474121094,40.220001220703125,40.380001068115234,32177800
2017-02-15,30.492544174194336,40.439998626708984,40.630001068115234,40.400001525878906,40.41999816894531,26600800
2017-02-16,31.065601348876953,41.20000076293945,41.279998779296875,40.5,40.54999923706055,22214800
2017-02-17,31.088211059570312,41.22999954223633,41.36000061035156,41.04999923706055,41.130001068115234,15065100
2017-02-21,31.261646270751953,41.459999084472656,41.5,41.20000076293945,41.20000076293945,17072600
2017-02-22,31.36719512939453,41.599998474121094,41.68000030517578,41.400001525878906,41.5099983215332,11186800
2017-02-23,31.412437438964844,41.65999984741211,42.0,41.619998931884766,41.66999816894531,12856800
2017-02-24,31.5029239654541,41.779998779296875,41.90999984741211,41.599998474121094,41.70000076293945,13215300
2017-02-27,31.41998863220215,41.66999816894531,41.75,41.59000015258789,41.75,12186400
2017-02-28,31.638654708862305,41.959999084472656,42.06999969482422,41.63999938964844,41.68000030517578,15946800
2017-03-01,31.789451599121094,42.15999984741211,42.349998474121094,41.880001068115234,42.0099983215332,14662000
2017-03-02,32.023197174072266,42.470001220703125,42.560001373291016,42.06999969482422,42.08000183105469,15507600
2017-03-03,32.03074264526367,42.47999954223633,42.4900016784668,42.25,42.470001220703125,11740000
2017-03-06,31.80453872680664,42.18000030517578,42.43000030517578,42.119998931884766,42.34000015258789,16307800
2017-03-07,31.66128921508789,41.9900016784668,42.2400016784668,41.95000076293945,42.0,11273700
2017-03-08,31.66128921508789,41.9900016784668,42.029998779296875,41.7400016784668,42.0,14636000
2017-03-09,31.691436767578125,42.029998779296875,42.11000061035156,41.91999816894531,42.09000015258789,14496400
2017-03-10,31.88748550415039,42.290000915527344,42.400001525878906,42.150001525878906,42.22999954223633,16369700
2017-03-13,31.971158981323242,42.029998779296875,42.119998931884766,41.84000015258789,41.91999816894531,12831500
2017-03-14,31.92551040649414,41.970001220703125,42.099998474121094,41.83000183105469,41.97999954223633,9844500
2017-03-15,32.039615631103516,42.119998931884766,42.279998779296875,41.970001220703125,41.97999954223633,22757800
2017-03-16,32.13850021362305,42.25,42.38999938964844,41.900001525878906,42.029998779296875,16004200
2017-03-17,31.971158981323242,42.029998779296875,42.349998474121094,42.0099983215332,42.279998779296875,37526500
2017-03-20,32.08525848388672,42.18000030517578,42.34000015258789,42.06999969482422,42.099998474121094,11484200
2017-03-21,32.32866668701172,42.5,42.630001068115234,42.209999084472656,42.310001373291016,17187300
2017-03-22,32.23739242553711,42.380001068115234,42.70000076293945,42.25,42.560001373291016,11605500
2017-03-23,32.077640533447266,42.16999816894531,42.38999938964844,42.060001373291016,42.209999084472656,11503300
2017-03-24,32.039615631103516,42.119998931884766,42.25,41.90999984741211,42.22999954223633,13804400
2017-03-27,32.191749572753906,42.31999969482422,42.34000015258789,42.04999923706055,42.11000061035156,12387400
2017-03-28,32.27542495727539,42.43000030517578,42.560001373291016,42.2400016784668,42.2400016784668,14123800
2017-03-29,32.267822265625,42.41999816894531,42.529998779296875,42.290000915527344,42.5099983215332,9580100
2017-03-30,32.40475082397461,42.599998474121094,42.619998931884766,42.2599983215332,42.349998474121094,11999900
2017-03-31,32.28302764892578,42.439998626708984,42.650001525878906,42.43000030517578,42.54999923706055,11551800
2017-04-03,32.26021194458008,42.40999984741211,42.630001068115234,42.27000045776367,42.58000183105469,11240000
2017-04-04,32.46559524536133,42.68000030517578,42.689998626708984,42.369998931884766,42.5099983215332,10946200
2017-04-05,32.38190841674805,42.56999969482422,42.86000061035156,42.529998779296875,42.650001525878906,10142800
2017-04-06,32.457977294921875,42.66999816894531,42.7599983215332,42.470001220703125,42.58000183105469,14597800
2017-04-07,32.41234588623047,42.61000061035156,42.7400016784668,42.5099983215332,42.63999938964844,11028800
2017-04-10,32.47319793701172,42.689998626708984,42.79999923706055,42.560001373291016,42.72999954223633,9426900
2017-04-11,32.450374603271484,42.65999984741211,42.75,42.52000045776367,42.68000030517578,8909400
2017-04-12,32.66337203979492,42.939998626708984,42.9900016784668,42.5099983215332,42.540000915527344,13417200
2017-04-13,32.54927062988281,42.790000915527344,43.08000183105469,42.779998779296875,42.869998931884766,9891900
2017-04-17,32.76225280761719,43.06999969482422,43.06999969482422,42.779998779296875,42.790000915527344,11318100
2017-04-18,33.074134826660156,43.47999954223633,43.59000015258789,43.09000015258789,43.11000061035156,13181600
2017-04-19,32.88396072387695,43.22999954223633,43.790000915527344,43.189998626708984,43.7400016784668,13893100
2017-04-20,32.777469635009766,43.09000015258789,43.29999923706055,43.04999923706055,43.20000076293945,10838300
2017-04-21,32.76225280761719,43.06999969482422,43.099998474121094,42.88999938964844,42.97999954223633,13833800
2017-04-24,32.922000885009766,43.279998779296875,43.43000030517578,43.150001525878906,43.2400016784668,16703800
2017-04-25,32.79267501831055,43.11000061035156,43.43000030517578,42.81999969482422,42.849998474121094,18745100
2017-04-26,32.891571044921875,43.2400016784668,43.43000030517578,42.97999954223633,43.060001373291016,13626600
2017-04-27,32.716609954833984,43.0099983215332,43.279998779296875,42.91999816894531,43.16999816894531,10386200
2017-04-28,32.823116302490234,43.150001525878906,43.20000076293945,42.849998474121094,42.959999084472656,10337800
2017-05-01,32.87636184692383,43.220001220703125,43.5,43.099998474121094,43.150001525878906,13208200
2017-05-02,33.005680084228516,43.38999938964844,43.439998626708984,43.15999984741211,43.220001220703125,11823900
2017-05-03,32.95241928100586,43.31999969482422,43.4900016784668,43.150001525878906,43.33000183105469,10389000
2017-05-04,33.211055755615234,43.65999984741211,43.810001373291016,43.400001525878906,43.41999816894531,10193100
2017-05-05,33.2338752746582,43.689998626708984,43.84000015258789,43.560001373291016,43.790000915527344,8133000
2017-05-08,33.38600540161133,43.88999938964844,43.90999984741211,43.540000915527344,43.59000015258789,14284300
2017-05-09,33.09695053100586,43.5099983215332,43.88999938964844,43.380001068115234,43.88999938964844,8694400
2017-05-10,33.14259719848633,43.56999969482422,43.619998931884766,43.36000061035156,43.47999954223633,7597700
2017-05-11,33.218658447265625,43.66999816894531,43.68000030517578,43.43000030517578,43.4900016784668,6860100
2017-05-12,33.157814025878906,43.59000015258789,43.68000030517578,43.459999084472656,43.63999938964844,7275800
2017-05-15,33.26429748535156,43.72999954223633,43.7599983215332,43.459999084472656,43.459999084472656,8493000
2017-05-16,33.355594635009766,43.849998474121094,44.11000061035156,43.77000045776367,43.869998931884766,10454100
2017-05-17,33.41643524169922,43.93000030517578,44.16999816894531,43.709999084472656,43.849998474121094,14538800
2017-05-18,33.31755065917969,43.79999923706055,43.959999084472656,43.63999938964844,43.869998931884766,13832200
2017-05-19,33.393611907958984,43.900001525878906,44.0,43.7599983215332,43.849998474121094,11796800
2017-05-22,33.606605529785156,44.18000030517578,44.220001220703125,43.810001373291016,43.88999938964844,12857900
2017-05-23,33.76633834838867,44.38999938964844,44.599998474121094,44.209999084472656,44.25,11996100
2017-05-24,34.25318908691406,45.029998779296875,45.09000015258789,44.5099983215332,44.5099983215332,12738300
2017-05-25,34.542236328125,45.40999984741211,45.47999954223633,44.970001220703125,45.0,16704200
2017-05-26,34.52702713012695,45.38999938964844,45.560001373291016,45.33000183105469,45.349998474121094,11341400
2017-05-30,34.55745315551758,45.43000030517578,45.459999084472656,45.11000061035156,45.15999984741211,13093500
2017-05-31,34.58787155151367,45.470001220703125,45.70000076293945,45.369998931884766,45.43000030517578,14148000
2017-06-01,34.83128356933594,45.790000915527344,45.790000915527344,45.22999954223633,45.45000076293945,11049300
2017-06-02,34.9073486328125,45.88999938964844,45.88999938964844,45.61000061035156,45.83000183105469,9923700
2017-06-05,34.98342514038086,45.9900016784668,45.9900016784668,45.689998626708984,45.779998779296875,10015200
2017-06-06,34.9758186340332,45.97999954223633,46.060001373291016,45.779998779296875,45.900001525878906,9836700
2017-06-07,34.61830139160156,45.5099983215332,45.70000076293945,45.349998474121094,45.5,12776300
2017-06-08,34.329246520996094,45.130001068115234,45.5099983215332,45.029998779296875,45.5099983215332,12879000
2017-06-09,34.47377014160156,45.31999969482422,45.349998474121094,44.970001220703125,45.060001373291016,9358800
2017-06-12,34.481380462646484,45.33000183105469,45.47999954223633,45.20000076293945,45.31999969482422,11228500
2017-06-13,34.53507995605469,45.029998779296875,45.11000061035156,44.79999923706055,45.0,10023400
2017-06-14,34.74213409423828,45.29999923706055,45.470001220703125,45.15999984741211,45.18000030517578,11497500
2017-06-15,34.70378875732422,45.25,45.34000015258789,45.040000915527344,45.18000030517578,9908700
2017-06-16,34.74981689453125,45.310001373291016,45.349998474121094,45.0099983215332,45.310001373291016,27025300
2017-06-19,34.8034782409668,45.380001068115234,45.380001068115234,45.099998474121094,45.349998474121094,7624700
2017-06-20,34.97989273071289,45.61000061035156,45.869998931884766,45.31999969482422,45.349998474121094,14920900
2017-06-21,34.680782318115234,45.220001220703125,45.68000030517578,45.16999816894531,45.619998931884766,9515800
2017-06-22,34.56574249267578,45.06999969482422,45.279998779296875,45.029998779296875,45.16999816894531,7446300
2017-06-23,34.70378875732422,45.25,45.380001068115234,45.029998779296875,45.04999923706055,9544800
2017-06-26,34.84184265136719,45.43000030517578,45.5099983215332,45.29999923706055,45.31999969482422,7747100
2017-06-27,34.5504150390625,45.04999923706055,45.400001525878906,45.0,45.34000015258789,11432200
2017-06-28,34.757476806640625,45.31999969482422,45.5,45.22999954223633,45.25,9218800
2017-06-29,34.381675720214844,44.83000183105469,45.2400016784668,44.650001525878906,45.130001068115234,9283500
2017-06-30,34.397010803222656,44.849998474121094,45.119998931884766,44.849998474121094,44.88999938964844,9352800
2017-07-03,34.32799530029297,44.7599983215332,45.27000045776367,44.7599983215332,45.11000061035156,6434500
2017-07-05,34.374000549316406,44.81999969482422,44.9900016784668,44.72999954223633,44.790000915527344,6853600
2017-07-06,34.05189514160156,44.400001525878906,44.849998474121094,44.290000915527344,44.720001220703125,13113000
2017-07-07,34.04422378540039,44.38999938964844,44.52000045776367,44.2400016784668,44.470001220703125,9566000
2017-07-10,34.03656768798828,44.380001068115234,44.58000183105469,44.22999954223633,44.45000076293945,9672000
2017-07-11,33.99821090698242,44.33000183105469,44.47999954223633,44.150001525878906,44.31999969482422,10300700
2017-07-12,34.13625717163086,44.5099983215332,44.77000045776367,44.439998626708984,44.59000015258789,7737400
2017-07-13,34.07490158081055,44.43000030517578,44.529998779296875,44.369998931884766,44.4900016784668,6371900
2017-07-14,34.266639709472656,44.68000030517578,44.720001220703125,44.5,44.52000045776367,8558700
2017-07-17,34.30499267578125,44.72999954223633,44.790000915527344,44.61000061035156,44.65999984741211,7189200
2017-07-18,34.25895690917969,44.66999816894531,44.849998474121094,44.619998931884766,44.779998779296875,9037200
2017-07-19,34.381675720214844,44.83000183105469,44.84000015258789,44.54999923706055,44.66999816894531,6986900
2017-07-20,34.374000549316406,44.81999969482422,44.97999954223633,44.75,44.900001525878906,7430300
2017-07-21,34.53507995605469,45.029998779296875,45.06999969482422,44.66999816894531,44.779998779296875,8545600
2017-07-24,34.38935852050781,44.84000015258789,45.04999923706055,44.83000183105469,45.040000915527344,9103600
2017-07-25,34.696128845214844,45.2400016784668,45.290000915527344,44.939998626708984,45.02000045776367,14096300
2017-07-26,35.079593658447266,45.7400016784668,45.790000915527344,44.310001373291016,44.54999923706055,13608900
2017-07-27,35.371028900146484,46.119998931884766,46.43000030517578,45.70000076293945,45.79999923706055,15195200
2017-07-28,35.28666305541992,46.0099983215332,46.119998931884766,45.72999954223633,46.0,11945300
2017-07-31,35.15628433227539,45.84000015258789,46.08000183105469,45.790000915527344,46.0,13622900
2017-08-01,35.04890441894531,45.70000076293945,46.060001373291016,45.650001525878906,45.970001220703125,10306800
2017-08-02,34.96455383300781,45.59000015258789,46.0,45.380001068115234,45.599998474121094,10187900
2017-08-03,35.025909423828125,45.66999816894531,45.95000076293945,45.630001068115234,45.650001525878906,14261400
2017-08-04,34.895538330078125,45.5,45.7599983215332,45.470001220703125,45.66999816894531,9523600
2017-08-07,35.00288391113281,45.63999938964844,45.7599983215332,45.5,45.52000045776367,6226300
2017-08-08,34.97221755981445,45.599998474121094,45.81999969482422,45.54999923706055,45.63999938964844,5747900
2017-08-09,34.96455383300781,45.59000015258789,45.65999984741211,45.33000183105469,45.560001373291016,9635300
2017-08-10,35.079593658447266,45.7400016784668,45.84000015258789,45.459999084472656,45.560001373291016,8901600
2017-08-11,34.96455383300781,45.59000015258789,45.900001525878906,45.56999969482422,45.86000061035156,8357600
2017-08-14,35.1256103515625,45.79999923706055,45.939998626708984,45.619998931884766,45.66999816894531,8421200
2017-08-15,35.42471694946289,46.189998626708984,46.25,45.79999923706055,45.79999923706055,9638100
2017-08-16,35.43238830566406,46.20000076293945,46.34000015258789,46.119998931884766,46.150001525878906,8087300
2017-08-17,35.17161560058594,45.86000061035156,46.33000183105469,45.849998474121094,46.119998931884766,8477000
2017-08-18,35.025909423828125,45.66999816894531,45.900001525878906,45.630001068115234,45.79999923706055,10879800
2017-08-21,35.0335807800293,45.68000030517578,45.79999923706055,45.560001373291016,45.66999816894531,9429700
2017-08-22,34.97221755981445,45.599998474121094,45.75,45.540000915527344,45.70000076293945,10536700
2017-08-23,34.92619705200195,45.540000915527344,45.65999984741211,45.439998626708984,45.630001068115234,6528400
2017-08-24,34.826499938964844,45.40999984741211,45.61000061035156,45.310001373291016,45.540000915527344,7534400
2017-08-25,34.9492073059082,45.56999969482422,45.7599983215332,45.560001373291016,45.599998474121094,8807100
2017-08-28,34.83417510986328,45.41999816894531,45.689998626708984,45.380001068115234,45.630001068115234,8024000
2017-08-29,34.857173919677734,45.45000076293945,45.56999969482422,45.25,45.400001525878906,7762200
2017-08-30,34.81117248535156,45.38999938964844,45.540000915527344,45.290000915527344,45.36000061035156,7134900
2017-08-31,34.93388748168945,45.54999923706055,45.650001525878906,45.34000015258789,45.400001525878906,14264600
2017-09-01,35.11026382446289,45.779998779296875,45.79999923706055,45.540000915527344,45.63999938964844,7391200
2017-09-05,35.21763229370117,45.91999816894531,45.93000030517578,45.650001525878906,45.75,9916700
2017-09-06,35.248321533203125,45.959999084472656,46.040000915527344,45.790000915527344,45.97999954223633,9238900
2017-09-07,35.49373245239258,46.279998779296875,46.31999969482422,45.959999084472656,46.0099983215332,9418400
2017-09-08,35.50907516479492,46.29999923706055,46.369998931884766,46.02000045776367,46.189998626708984,10534900
2017-09-11,35.67779541015625,46.52000045776367,46.59000015258789,46.220001220703125,46.349998474121094,10430300
2017-09-12,35.831199645996094,46.720001220703125,46.75,46.45000076293945,46.5,8567600
2017-09-13,35.94622039794922,46.869998931884766,46.97999954223633,46.650001525878906,46.68000030517578,10218000
2017-09-14,35.644744873046875,46.11000061035156,46.470001220703125,45.939998626708984,46.400001525878906,13768800
2017-09-15,35.698848724365234,46.18000030517578,46.36000061035156,46.0,46.29999923706055,16141400
2017-09-18,35.644744873046875,46.11000061035156,46.2400016784668,45.90999984741211,46.150001525878906,8535300
2017-09-19,35.544246673583984,45.97999954223633,46.189998626708984,45.88999938964844,46.13999938964844,7297900
2017-09-20,35.3896369934082,45.779998779296875,46.150001525878906,45.54999923706055,45.7599983215332,11026600
2017-09-21,35.09588623046875,45.400001525878906,45.790000915527344,45.36000061035156,45.709999084472656,7555300
2017-09-22,35.165462493896484,45.4900016784668,45.630001068115234,45.369998931884766,45.45000076293945,8024800
2017-09-25,35.32006072998047,45.689998626708984,45.7599983215332,45.349998474121094,45.5,9215300
2017-09-26,35.227298736572266,45.56999969482422,45.869998931884766,45.560001373291016,45.689998626708984,6480100
2017-09-27,34.50837326049805,44.63999938964844,45.5,44.380001068115234,45.470001220703125,14816200
2017-09-28,34.717105865478516,44.90999984741211,45.0,44.650001525878906,44.66999816894531,8789500
2017-09-29,34.79439926147461,45.0099983215332,45.11000061035156,44.790000915527344,44.86000061035156,10082200
2017-10-02,34.63206481933594,44.79999923706055,45.27000045776367,44.75,45.04999923706055,10707800
2017-10-03,34.93354034423828,45.189998626708984,45.2599983215332,44.7599983215332,44.86000061035156,12038100
2017-10-04,35.17320251464844,45.5,45.560001373291016,44.939998626708984,45.11000061035156,14060300
2017-10-05,35.188655853271484,45.52000045776367,45.75,45.5,45.5099983215332,10215300
2017-10-06,35.165462493896484,45.4900016784668,45.52000045776367,45.279998779296875,45.38999938964844,5437900
2017-10-09,35.103614807128906,45.40999984741211,45.650001525878906,45.34000015258789,45.54999923706055,5268300
2017-10-10,35.45922088623047,45.869998931884766,45.900001525878906,45.529998779296875,45.599998474121094,6310400
2017-10-11,35.63701629638672,46.099998474121094,46.099998474121094,45.869998931884766,45.880001068115234,6638200
2017-10-12,35.644744873046875,46.11000061035156,46.13999938964844,45.939998626708984,45.97999954223633,7710200
2017-10-13,35.698848724365234,46.18000030517578,46.380001068115234,46.150001525878906,46.25,7126000
2017-10-16,36.038997650146484,46.619998931884766,46.75,46.099998474121094,46.119998931884766,12708600
2017-10-17,35.9616813659668,46.52000045776367,46.630001068115234,46.310001373291016,46.529998779296875,7699400
2017-10-18,35.86892318725586,46.400001525878906,46.540000915527344,46.2400016784668,46.40999984741211,6272200
2017-10-19,36.01579284667969,46.59000015258789,46.790000915527344,46.31999969482422,46.369998931884766,7515500
2017-10-20,35.85346221923828,46.380001068115234,46.59000015258789,46.279998779296875,46.58000183105469,9646800
2017-10-23,35.80708312988281,46.31999969482422,46.650001525878906,46.22999954223633,46.380001068115234,7153600
2017-10-24,35.698848724365234,46.18000030517578,46.290000915527344,45.95000076293945,46.2599983215332,9539500
2017-10-25,35.598358154296875,46.04999923706055,46.7599983215332,45.93000030517578,46.369998931884766,11994200
2017-10-26,35.73750686645508,46.22999954223633,46.75,46.220001220703125,46.31999969482422,10569100
2017-10-27,35.61381912231445,46.06999969482422,46.33000183105469,45.90999984741211,46.130001068115234,9988000
2017-10-30,35.45147705078125,45.86000061035156,46.06999969482422,45.81999969482422,46.0,7201900
2017-10-31,35.544246673583984,45.97999954223633,46.16999816894531,45.84000015258789,45.91999816894531,6560500
2017-11-01,35.40510559082031,45.79999923706055,46.09000015258789,45.630001068115234,45.75,7067600
2017-11-02,35.46694564819336,45.880001068115234,45.95000076293945,45.75,45.810001373291016,8317800
2017-11-03,35.5365104675293,45.970001220703125,46.15999984741211,45.91999816894531,45.970001220703125,4730400
2017-11-06,35.14999008178711,45.470001220703125,45.91999816894531,45.41999816894531,45.90999984741211,7451300
2017-11-07,35.513328552246094,45.939998626708984,45.95000076293945,45.310001373291016,45.40999984741211,9868000
2017-11-08,35.698848724365234,46.18000030517578,46.189998626708984,45.869998931884766,45.97999954223633,7586900
2017-11-09,35.73750686645508,46.22999954223633,46.38999938964844,46.02000045776367,46.119998931884766,6532400
2017-11-10,35.97715377807617,46.540000915527344,46.63999938964844,46.13999938964844,46.20000076293945,8022900
2017-11-13,36.11630630493164,46.720001220703125,46.81999969482422,46.540000915527344,46.599998474121094,7653600
2017-11-14,36.665157318115234,47.43000030517578,47.47999954223633,46.619998931884766,46.709999084472656,17200700
2017-11-15,36.18586730957031,46.810001373291016,47.459999084472656,46.779998779296875,47.31999969482422,12419100
2017-11-16,35.98487854003906,46.54999923706055,46.97999954223633,46.5099983215332,46.95000076293945,12506400
2017-11-17,35.33552932739258,45.709999084472656,46.380001068115234,45.25,46.34000015258789,19720700
2017-11-20,35.142269134521484,45.459999084472656,45.880001068115234,45.41999816894531,45.650001525878906,19160900
2017-11-21,35.3896369934082,45.779998779296875,45.95000076293945,45.540000915527344,45.560001373291016,10280800
2017-11-22,35.43601989746094,45.84000015258789,45.93000030517578,45.540000915527344,45.88999938964844,8434400
2017-11-24,35.46694564819336,45.880001068115234,46.04999923706055,45.86000061035156,45.88999938964844,2996300
2017-11-27,35.482398986816406,45.900001525878906,45.9900016784668,45.810001373291016,45.880001068115234,5649200
2017-11-28,35.42829513549805,45.83000183105469,46.150001525878906,45.779998779296875,45.9900016784668,8432800
2017-11-29,35.17320251464844,45.5,45.81999969482422,45.209999084472656,45.77000045776367,16502100
2017-11-30,35.671993255615234,45.77000045776367,45.84000015258789,45.029998779296875,45.13999938964844,17147600
2017-12-01,35.82785415649414,45.970001220703125,46.02000045776367,45.209999084472656,45.79999923706055,12468800
2017-12-04,36.03049850463867,46.22999954223633,46.380001068115234,45.77000045776367,45.9900016784668,17523600
2017-12-05,36.053871154785156,46.2599983215332,46.439998626708984,46.060001373291016,46.25,13670800
2017-12-06,36.20195770263672,46.45000076293945,46.47999954223633,46.2599983215332,46.36000061035156,8154000
2017-12-07,35.67978286743164,45.779998779296875,46.31999969482422,45.720001220703125,46.290000915527344,9106500
2017-12-08,35.31348419189453,45.310001373291016,45.72999954223633,45.04999923706055,45.70000076293945,13238600
2017-12-11,35.32905960083008,45.33000183105469,45.40999984741211,44.91999816894531,45.310001373291016,9698700
2017-12-12,35.297889709472656,45.290000915527344,45.52000045776367,45.060001373291016,45.25,13999300
2017-12-13,35.77330017089844,45.900001525878906,46.04999923706055,45.400001525878906,45.45000076293945,12418700
2017-12-14,35.8746223449707,46.029998779296875,46.16999816894531,45.79999923706055,45.810001373291016,9029000
2017-12-15,35.99932861328125,46.189998626708984,46.41999816894531,46.040000915527344,46.290000915527344,21181600
2017-12-18,35.796688079833984,45.93000030517578,46.380001068115234,45.90999984741211,46.20000076293945,10156800
2017-12-19,35.95256805419922,46.130001068115234,46.380001068115234,45.90999984741211,46.040000915527344,8253200
2017-12-20,35.91359329223633,46.08000183105469,46.29999923706055,45.959999084472656,46.209999084472656,7311000
2017-12-21,35.53948974609375,45.599998474121094,46.220001220703125,45.560001373291016,46.13999938964844,9657100
2017-12-22,35.531707763671875,45.59000015258789,45.72999954223633,45.54999923706055,45.689998626708984,5406300
2017-12-26,35.70317077636719,45.810001373291016,45.86000061035156,45.61000061035156,45.70000076293945,6100400
2017-12-27,35.796688079833984,45.93000030517578,45.939998626708984,45.720001220703125,45.900001525878906,5660600
2017-12-28,35.63302230834961,45.720001220703125,45.9900016784668,45.63999938964844,45.90999984741211,6538900
2017-12-29,35.75772476196289,45.880001068115234,46.18000030517578,45.689998626708984,45.70000076293945,8371500
2018-01-02,35.49272155761719,45.540000915527344,45.939998626708984,45.5099983215332,45.90999984741211,10872200
2018-01-03,35.4147834777832,45.439998626708984,45.689998626708984,45.34000015258789,45.4900016784668,12635600
2018-01-04,35.91359329223633,46.08000183105469,46.220001220703125,45.45000076293945,45.560001373291016,12709400
2018-01-05,35.90580368041992,46.06999969482422,46.20000076293945,45.790000915527344,46.02000045776367,13113100
2018-01-08,35.85124969482422,46.0,46.099998474121094,45.880001068115234,45.95000076293945,7068600
2018-01-09,36.03049850463867,46.22999954223633,46.36000061035156,45.939998626708984,46.0,9962400
2018-01-10,35.90580368041992,46.06999969482422,46.2599983215332,45.93000030517578,46.22999954223633,10700700
2018-01-11,35.88242721557617,46.040000915527344,46.22999954223633,45.86000061035156,46.22999954223633,7583200
2018-01-12,35.96815490722656,46.150001525878906,46.38999938964844,46.029998779296875,46.279998779296875,14570100
2018-01-16,36.26430130004883,46.529998779296875,46.619998931884766,46.13999938964844,46.150001525878906,16459300
2018-01-17,36.490325927734375,46.81999969482422,47.0,46.54999923706055,46.58000183105469,12143100
2018-01-18,36.53709411621094,46.880001068115234,47.06999969482422,46.61000061035156,46.75,11952900
2018-01-19,36.75531768798828,47.15999984741211,47.25,46.869998931884766,46.9900016784668,16187400
2018-01-22,36.92678451538086,47.380001068115234,47.5,47.09000015258789,47.13999938964844,9577400
2018-01-23,36.981346130371094,47.45000076293945,47.70000076293945,47.130001068115234,47.209999084472656,11463700
2018-01-24,37.277496337890625,47.83000183105469,47.95000076293945,47.47999954223633,47.529998779296875,15964500
2018-01-25,37.28529357910156,47.84000015258789,48.0,47.70000076293945,47.70000076293945,11755000
2018-01-26,37.82306671142578,48.529998779296875,48.619998931884766,47.7400016784668,47.779998779296875,16671200
2018-01-29,37.176185607910156,47.70000076293945,48.459999084472656,47.58000183105469,48.209999084472656,11662600
2018-01-30,36.95016098022461,47.40999984741211,48.15999984741211,47.400001525878906,47.72999954223633,12404800
2018-01-31,37.0904541015625,47.59000015258789,47.900001525878906,47.369998931884766,47.45000076293945,10960100
2018-02-01,36.981346130371094,47.45000076293945,47.72999954223633,47.11000061035156,47.40999984741211,10279400
2018-02-02,36.42019271850586,46.72999954223633,47.40999984741211,46.630001068115234,47.349998474121094,12912300
2018-02-05,34.98613739013672,44.88999938964844,46.91999816894531,44.40999984741211,46.650001525878906,23261500
2018-02-06,34.81467056274414,44.66999816894531,44.7400016784668,43.439998626708984,43.869998931884766,25184300
2018-02-07,34.72894287109375,44.560001373291016,45.5,44.279998779296875,44.58000183105469,18041600
2018-02-08,33.591064453125,43.099998474121094,44.619998931884766,43.06999969482422,44.619998931884766,23295300
2018-02-09,33.61444091796875,43.130001068115234,43.459999084472656,42.189998626708984,43.36000061035156,22853100
2018-02-12,34.269126892089844,43.970001220703125,44.22999954223633,43.369998931884766,43.560001373291016,14689000
2018-02-13,34.44057083129883,44.189998626708984,44.40999984741211,43.689998626708984,43.91999816894531,13163200
2018-02-14,34.37043380737305,44.099998474121094,44.189998626708984,43.630001068115234,44.02000045776367,13457900
2018-02-15,34.9004020690918,44.779998779296875,44.83000183105469,44.119998931884766,44.25,13467300
2018-02-16,35.0562858581543,44.97999954223633,45.63999938964844,44.720001220703125,45.56999969482422,17202300
2018-02-20,34.284698486328125,43.9900016784668,44.83000183105469,43.939998626708984,44.75,14137300
2018-02-21,33.778114318847656,43.34000015258789,44.2599983215332,43.33000183105469,44.11000061035156,12792900
2018-02-22,33.91840362548828,43.52000045776367,43.81999969482422,43.220001220703125,43.43000030517578,12377800
2018-02-23,34.32366943359375,44.040000915527344,44.060001373291016,43.41999816894531,43.58000183105469,8277200
2018-02-26,34.315879821777344,44.029998779296875,44.38999938964844,43.810001373291016,44.22999954223633,12713300
2018-02-27,33.99633026123047,43.619998931884766,44.310001373291016,43.619998931884766,44.150001525878906,12774400
2018-02-28,33.68459701538086,43.220001220703125,43.90999984741211,43.220001220703125,43.83000183105469,11929400
2018-03-01,33.84824752807617,43.43000030517578,43.63999938964844,42.81999969482422,43.099998474121094,17746800
2018-03-02,34.07427215576172,43.720001220703125,43.79999923706055,43.2400016784668,43.25,14050100
2018-03-05,34.20676803588867,43.88999938964844,43.939998626708984,43.5,43.56999969482422,11992700
2018-03-06,34.237945556640625,43.93000030517578,44.04999923706055,43.59000015258789,43.95000076293945,10010500
2018-03-07,34.152198791503906,43.81999969482422,43.91999816894531,43.470001220703125,43.59000015258789,10881700
2018-03-08,34.64321517944336,44.45000076293945,44.459999084472656,43.79999923706055,43.900001525878906,12361100
2018-03-09,34.93157958984375,44.81999969482422,44.81999969482422,44.38999938964844,44.56999969482422,9778600
2018-03-12,34.705562591552734,44.529998779296875,45.09000015258789,44.33000183105469,44.95000076293945,11857700
2018-03-13,34.73672866821289,44.56999969482422,44.83000183105469,44.400001525878906,44.66999816894531,11342100
2018-03-14,34.42222595214844,43.779998779296875,44.43000030517578,43.72999954223633,44.380001068115234,15321200
2018-03-15,34.33574676513672,43.66999816894531,44.0,43.54999923706055,43.880001068115234,12456700
2018-03-16,34.170623779296875,43.459999084472656,44.02000045776367,43.45000076293945,43.70000076293945,26603300
2018-03-19,34.01338195800781,43.2599983215332,43.709999084472656,43.18000030517578,43.459999084472656,12380300
2018-03-20,33.93476486206055,43.15999984741211,43.47999954223633,43.0099983215332,43.31999969482422,13559800
2018-03-21,33.808956146240234,43.0,43.45000076293945,42.790000915527344,43.130001068115234,13054000
2018-03-22,33.6202392578125,42.7599983215332,43.369998931884766,42.70000076293945,42.880001068115234,12274100
2018-03-23,33.28218078613281,42.33000183105469,43.15999984741211,42.290000915527344,42.81999969482422,13475200
2018-03-26,33.565216064453125,42.689998626708984,42.810001373291016,42.25,42.61000061035156,11276100
2018-03-27,33.72247314453125,42.88999938964844,43.310001373291016,42.529998779296875,42.70000076293945,11627000
2018-03-28,34.0605583190918,43.31999969482422,43.70000076293945,43.0,43.0,16277400
2018-03-29,34.147056579589844,43.43000030517578,43.91999816894531,43.290000915527344,43.540000915527344,10450500
2018-04-02,33.54949188232422,42.66999816894531,43.5,42.470001220703125,43.439998626708984,14207900
2018-04-03,34.10774230957031,43.380001068115234,43.540000915527344,42.84000015258789,42.97999954223633,15484600
2018-04-04,34.78392028808594,44.2400016784668,44.400001525878906,43.11000061035156,43.13999938964844,13563300
2018-04-05,34.90971755981445,44.400001525878906,44.61000061035156,43.939998626708984,44.279998779296875,11707800
2018-04-06,34.53231430053711,43.91999816894531,44.52000045776367,43.709999084472656,44.279998779296875,11495100
2018-04-09,34.46155548095703,43.83000183105469,44.310001373291016,43.779998779296875,44.029998779296875,11913400
2018-04-10,34.58735275268555,43.9900016784668,44.18000030517578,43.720001220703125,44.06999969482422,10379500
2018-04-11,34.58735275268555,43.9900016784668,44.13999938964844,43.7599983215332,43.810001373291016,8424300
2018-04-12,34.618804931640625,44.029998779296875,44.40999984741211,43.95000076293945,44.08000183105469,8476400
2018-04-13,34.99619674682617,44.5099983215332,44.689998626708984,44.13999938964844,44.189998626708984,10774200
2018-04-16,35.1298713684082,44.68000030517578,44.88999938964844,44.400001525878906,44.650001525878906,8962100
2018-04-17,35.2871208190918,44.880001068115234,45.029998779296875,44.650001525878906,44.95000076293945,8406400
2018-04-18,34.99619674682617,44.5099983215332,44.970001220703125,44.33000183105469,44.900001525878906,7429000
2018-04-19,34.83896255493164,44.310001373291016,44.470001220703125,44.02000045776367,44.34000015258789,10370400
2018-04-20,34.390785217285156,43.7400016784668,44.40999984741211,43.58000183105469,44.310001373291016,14690700
2018-04-23,34.579490661621094,43.97999954223633,43.9900016784668,43.560001373291016,43.7400016784668,11878500
2018-04-24,33.86399841308594,43.06999969482422,44.099998474121094,42.72999954223633,43.97999954223633,18523900
2018-04-25,33.36079025268555,42.43000030517578,42.88999938964844,41.90999984741211,42.7400016784668,20774700
2018-04-26,33.612396240234375,42.75,43.099998474121094,42.2599983215332,42.400001525878906,13561000
2018-04-27,34.05270004272461,43.310001373291016,43.34000015258789,42.709999084472656,42.72999954223633,9777900
2018-04-30,33.97407531738281,43.209999084472656,43.689998626708984,42.970001220703125,43.5,16037700
2018-05-01,33.486595153808594,42.59000015258789,42.9900016784668,42.18000030517578,42.959999084472656,11514200
2018-05-02,33.06988525390625,42.060001373291016,42.59000015258789,41.939998626708984,42.400001525878906,13736400
2018-05-03,32.93621063232422,41.88999938964844,42.400001525878906,41.52000045776367,42.220001220703125,18352200
2018-05-04,33.30575180053711,42.36000061035156,42.5,41.77000045776367,41.790000915527344,10946200
2018-05-07,33.132774353027344,42.13999938964844,42.4900016784668,41.959999084472656,42.34000015258789,9336000
2018-05-08,32.8733024597168,41.810001373291016,42.09000015258789,41.689998626708984,41.970001220703125,15062200
2018-05-09,32.849727630615234,41.779998779296875,42.22999954223633,41.66999816894531,41.970001220703125,9295200
2018-05-10,33.16422653198242,42.18000030517578,42.36000061035156,41.939998626708984,41.9900016784668,7924200
2018-05-11,33.132774353027344,42.13999938964844,42.470001220703125,42.040000915527344,42.2400016784668,6331900
2018-05-14,33.05415344238281,42.040000915527344,42.31999969482422,41.900001525878906,42.25,10715500
2018-05-15,32.80255126953125,41.720001220703125,41.91999816894531,41.45000076293945,41.779998779296875,16449700
2018-05-16,32.668888092041016,41.54999923706055,41.939998626708984,41.540000915527344,41.7400016784668,11590500
2018-05-17,33.258583068847656,42.29999923706055,42.349998474121094,41.869998931884766,42.0099983215332,14857400
2018-05-18,33.16422653198242,42.18000030517578,42.380001068115234,42.08000183105469,42.29999923706055,11950200
2018-05-21,33.34505844116211,42.40999984741211,42.52000045776367,42.27000045776367,42.310001373291016,9110200
2018-05-22,33.21927261352539,42.25,42.599998474121094,42.209999084472656,42.5,8222900
2018-05-23,33.33721160888672,42.400001525878906,42.45000076293945,41.93000030517578,42.25,8971400
2018-05-24,33.27429962158203,42.31999969482422,42.470001220703125,42.189998626708984,42.400001525878906,9269600
2018-05-25,33.33721160888672,42.400001525878906,42.58000183105469,42.20000076293945,42.34000015258789,8806500
2018-05-29,33.55735778808594,42.68000030517578,42.849998474121094,42.099998474121094,42.119998931884766,14826900
2018-05-30,33.911163330078125,43.130001068115234,43.279998779296875,42.70000076293945,42.77000045776367,10114200
2018-05-31,33.808956146240234,43.0,43.209999084472656,42.68000030517578,43.20000076293945,15571300
2018-06-01,33.903316497802734,43.119998931884766,43.31999969482422,43.040000915527344,43.099998474121094,10664700
2018-06-04,34.1942253112793,43.4900016784668,43.59000015258789,43.290000915527344,43.36000061035156,11727600
2018-06-05,33.89543914794922,43.11000061035156,43.540000915527344,43.099998474121094,43.5,9975900
2018-06-06,34.170623779296875,43.459999084472656,43.459999084472656,43.040000915527344,43.060001373291016,9202900
2018-06-07,34.154911041259766,43.439998626708984,43.72999954223633,43.33000183105469,43.33000183105469,11948100
2018-06-08,34.5558967590332,43.95000076293945,44.0,43.560001373291016,43.56999969482422,12078800
2018-06-11,34.697425842285156,44.130001068115234,44.25,43.88999938964844,43.95000076293945,7526100
2018-06-12,34.91758346557617,44.40999984741211,44.41999816894531,44.08000183105469,44.130001068115234,8243300
2018-06-13,34.73672866821289,44.18000030517578,44.52000045776367,44.150001525878906,44.349998474121094,16745000
2018-06-14,34.57016372680664,43.58000183105469,43.849998474121094,43.52000045776367,43.75,12696200
2018-06-15,34.998512268066406,44.119998931884766,44.150001525878906,43.45000076293945,43.560001373291016,21562500
2018-06-18,34.546356201171875,43.54999923706055,43.959999084472656,43.400001525878906,43.880001068115234,12161900
2018-06-19,34.586021423339844,43.599998474121094,43.75,43.20000076293945,43.29999923706055,12936400
2018-06-20,34.31630325317383,43.2599983215332,43.779998779296875,43.22999954223633,43.619998931884766,10893700
2018-06-21,34.18146514892578,43.09000015258789,43.29999923706055,42.959999084472656,43.27000045776367,10465200
2018-06-22,34.30838394165039,43.25,43.40999984741211,43.08000183105469,43.150001525878906,14924400
2018-06-25,34.57016372680664,43.58000183105469,43.75,43.15999984741211,43.15999984741211,12092400
2018-06-26,34.37184143066406,43.33000183105469,43.84000015258789,43.279998779296875,43.560001373291016,13974700
2018-06-27,34.16559600830078,43.06999969482422,43.61000061035156,42.9900016784668,43.33000183105469,15332600
2018-06-28,34.4828987121582,43.470001220703125,43.68000030517578,43.16999816894531,43.2400016784668,12668900
2018-06-29,34.79226303100586,43.86000061035156,44.099998474121094,43.310001373291016,43.56999969482422,11485600
2018-07-02,34.70500946044922,43.75,44.15999984741211,43.58000183105469,43.779998779296875,9232500
2018-07-03,34.8953971862793,43.9900016784668,44.33000183105469,43.9900016784668,44.060001373291016,8214300
2018-07-05,35.4268684387207,44.65999984741211,44.66999816894531,44.130001068115234,44.15999984741211,11653000
2018-07-06,35.41100311279297,44.63999938964844,44.939998626708984,44.58000183105469,44.66999816894531,8733900
2018-07-09,35.22062683105469,44.400001525878906,44.72999954223633,44.34000015258789,44.540000915527344,7373100
2018-07-10,35.67278289794922,44.970001220703125,45.0,44.5,44.5099983215332,10606100
2018-07-11,35.529998779296875,44.790000915527344,45.0,44.63999938964844,44.9900016784668,7715600
2018-07-12,35.43480682373047,44.66999816894531,44.959999084472656,44.4900016784668,44.83000183105469,6331600
2018-07-13,35.490318298339844,44.7400016784668,44.779998779296875,44.470001220703125,44.70000076293945,5585900
2018-07-16,35.48240280151367,44.72999954223633,44.79999923706055,44.529998779296875,44.72999954223633,5831400
2018-07-17,35.89488983154297,45.25,45.38999938964844,44.68000030517578,44.75,11592200
2018-07-18,35.79177474975586,45.119998931884766,45.290000915527344,44.84000015258789,45.189998626708984,7351600
2018-07-19,35.783836364746094,45.11000061035156,45.43000030517578,44.91999816894531,44.9900016784668,10097500
2018-07-20,35.91868209838867,45.279998779296875,45.279998779296875,44.900001525878906,45.02000045776367,8588400
2018-07-23,35.65691375732422,44.95000076293945,45.36000061035156,44.77000045776367,45.279998779296875,9055700
2018-07-24,35.9028205871582,45.2599983215332,45.27000045776367,44.61000061035156,44.779998779296875,13786100
2018-07-25,36.56123352050781,46.09000015258789,46.58000183105469,45.75,46.0,21330600
2018-07-26,36.680213928222656,46.2400016784668,46.59000015258789,46.20000076293945,46.36000061035156,12673100
2018-07-27,36.65642547607422,46.209999084472656,46.5,46.060001373291016,46.31999969482422,10516900
2018-07-30,36.67229080200195,46.22999954223633,46.439998626708984,46.04999923706055,46.099998474121094,8967900
2018-07-31,36.98958969116211,46.630001068115234,46.66999816894531,46.310001373291016,46.400001525878906,12438800
2018-08-01,36.7992057800293,46.38999938964844,46.4900016784668,46.16999816894531,46.45000076293945,9904100
2018-08-02,36.63262176513672,46.18000030517578,46.630001068115234,46.18000030517578,46.47999954223633,12009700
2018-08-03,36.981658935546875,46.619998931884766,46.7599983215332,46.13999938964844,46.22999954223633,11462800
2018-08-06,37.005470275878906,46.650001525878906,46.869998931884766,46.54999923706055,46.599998474121094,10056100
2018-08-07,36.88646697998047,46.5,46.61000061035156,46.130001068115234,46.52000045776367,8632900
2018-08-08,36.60882568359375,46.150001525878906,46.560001373291016,46.119998931884766,46.4900016784668,6810000
2018-08-09,36.76747131347656,46.349998474121094,46.41999816894531,46.08000183105469,46.25,8924100
2018-08-10,36.553306579589844,46.08000183105469,46.41999816894531,45.970001220703125,46.209999084472656,7535400
2018-08-13,36.35498046875,45.83000183105469,46.130001068115234,45.70000076293945,46.04999923706055,8143400
2018-08-14,36.40256118774414,45.88999938964844,46.099998474121094,45.869998931884766,45.90999984741211,6846100
2018-08-15,36.553306579589844,46.08000183105469,46.150001525878906,45.650001525878906,45.77000045776367,9686400
2018-08-16,36.66435241699219,46.220001220703125,46.380001068115234,45.970001220703125,46.11000061035156,10600700
2018-08-17,36.965797424316406,46.599998474121094,46.72999954223633,46.2400016784668,46.290000915527344,8885700
2018-08-20,37.068912506103516,46.72999954223633,46.869998931884766,46.59000015258789,46.68000030517578,6392000
2018-08-21,36.66435241699219,46.220001220703125,46.75,46.209999084472656,46.72999954223633,13986300
2018-08-22,36.43431091308594,45.93000030517578,46.380001068115234,45.91999816894531,46.34000015258789,7159100
2018-08-23,36.25185775756836,45.70000076293945,46.08000183105469,45.689998626708984,45.88999938964844,13144900
2018-08-24,36.19633102416992,45.630001068115234,45.79999923706055,45.58000183105469,45.650001525878906,10952900
2018-08-27,36.243919372558594,45.689998626708984,46.04999923706055,45.560001373291016,46.04999923706055,9581200
2018-08-28,35.990074157714844,45.369998931884766,45.72999954223633,45.279998779296875,45.650001525878906,8476800
2018-08-29,35.95835494995117,45.33000183105469,45.41999816894531,45.220001220703125,45.25,12410900
2018-08-30,35.65691375732422,44.95000076293945,45.31999969482422,44.88999938964844,45.279998779296875,9716500
2018-08-31,35.355472564697266,44.56999969482422,45.06999969482422,44.38999938964844,45.0,19834100
2018-09-04,35.506202697753906,44.7599983215332,44.900001525878906,44.5099983215332,44.599998474121094,11138500
2018-09-05,35.99802017211914,45.380001068115234,45.41999816894531,44.65999984741211,44.65999984741211,10554900
2018-09-06,36.307395935058594,45.77000045776367,46.0,45.29999923706055,45.400001525878906,11439400
2018-09-07,36.267730712890625,45.720001220703125,45.81999969482422,45.279998779296875,45.599998474121094,10208100
2018-09-10,36.53743362426758,46.060001373291016,46.310001373291016,45.79999923706055,45.90999984741211,8568900
2018-09-11,36.505706787109375,46.02000045776367,46.150001525878906,45.880001068115234,46.099998474121094,9278300
2018-09-12,36.680213928222656,46.2400016784668,46.29999923706055,46.02000045776367,46.15999984741211,13216400
2018-09-13,36.664215087890625,45.83000183105469,46.119998931884766,45.709999084472656,46.0099983215332,8294800
2018-09-14,36.792213439941406,45.9900016784668,46.029998779296875,45.61000061035156,45.91999816894531,7612900
2018-09-17,37.05622482299805,46.31999969482422,46.33000183105469,45.90999984741211,46.0,8527300
2018-09-18,36.74421691894531,45.93000030517578,46.529998779296875,45.93000030517578,46.38999938964844,9847400
2018-09-19,36.76822280883789,45.959999084472656,46.11000061035156,45.869998931884766,46.0,7119000
2018-09-20,37.312225341796875,46.63999938964844,46.68000030517578,46.150001525878906,46.220001220703125,9736700
2018-09-21,37.26421356201172,46.58000183105469,46.689998626708984,46.380001068115234,46.63999938964844,19240300
2018-09-24,36.85622787475586,46.06999969482422,46.529998779296875,45.84000015258789,46.4900016784668,10778900
2018-09-25,36.544219970703125,45.68000030517578,46.18000030517578,45.61000061035156,46.060001373291016,7919100
2018-09-26,36.68021011352539,45.849998474121094,46.06999969482422,45.56999969482422,45.77000045776367,10162600
2018-09-27,36.8082160949707,46.0099983215332,46.18000030517578,45.68000030517578,45.72999954223633,10826900
2018-09-28,36.95222473144531,46.189998626708984,46.189998626708984,45.970001220703125,46.0,9071900
2018-10-01,36.984230041503906,46.22999954223633,46.349998474121094,46.04999923706055,46.16999816894531,9364700
2018-10-02,37.20822525024414,46.5099983215332,46.560001373291016,46.060001373291016,46.279998779296875,7462700
2018-10-03,36.69621658325195,45.869998931884766,46.54999923706055,45.79999923706055,46.459999084472656,10542300
2018-10-04,36.68021011352539,45.849998474121094,45.900001525878906,45.43000030517578,45.65999984741211,9582300
2018-10-05,36.704227447509766,45.880001068115234,46.15999984741211,45.689998626708984,45.939998626708984,8734100
2018-10-08,37.18421936035156,46.47999954223633,46.58000183105469,45.970001220703125,45.9900016784668,9808100
2018-10-09,37.11221694946289,46.38999938964844,46.54999923706055,46.220001220703125,46.380001068115234,10824500
2018-10-10,36.544219970703125,45.68000030517578,46.70000076293945,45.66999816894531,46.29999923706055,13917000
2018-10-11,35.71220397949219,44.63999938964844,45.970001220703125,44.5,45.79999923706055,17677900
2018-10-12,35.74421691894531,44.68000030517578,44.880001068115234,44.25,44.47999954223633,12420100
2018-10-15,35.928226470947266,44.90999984741211,45.27000045776367,44.59000015258789,44.63999938964844,11608500
2018-10-16,36.39222717285156,45.4900016784668,45.599998474121094,44.86000061035156,45.02000045776367,10442500
2018-10-17,36.68821716308594,45.86000061035156,45.9900016784668,45.36000061035156,45.40999984741211,11055800
2018-10-18,36.48821258544922,45.61000061035156,46.08000183105469,45.459999084472656,45.900001525878906,12716900
2018-10-19,37.06422424316406,46.33000183105469,46.4900016784668,45.83000183105469,45.83000183105469,13989200
2018-10-22,36.776222229003906,45.970001220703125,46.459999084472656,45.810001373291016,46.369998931884766,14283600
2018-10-23,37.088226318359375,46.36000061035156,46.459999084472656,45.45000076293945,45.619998931884766,17483900
2018-10-24,37.384220123291016,46.72999954223633,47.38999938964844,46.2400016784668,46.33000183105469,21626000
2018-10-25,37.20822525024414,46.5099983215332,46.7400016784668,46.119998931884766,46.650001525878906,14220200
2018-10-26,36.7362174987793,45.91999816894531,46.47999954223633,45.43000030517578,46.369998931884766,21458000
2018-10-29,37.1682243347168,46.459999084472656,46.560001373291016,46.04999923706055,46.150001525878906,20932200
2018-10-30,38.104225158691406,47.630001068115234,47.7400016784668,46.040000915527344,46.619998931884766,20895400
2018-10-31,38.30423355102539,47.880001068115234,48.08000183105469,47.220001220703125,47.5,25309400
2018-11-01,38.192230224609375,47.7400016784668,48.150001525878906,47.29999923706055,47.810001373291016,16494500
2018-11-02,38.40022277832031,48.0,48.0,47.439998626708984,47.81999969482422,17584900
2018-11-05,38.95223617553711,48.689998626708984,48.779998779296875,47.91999816894531,48.0,16543500
2018-11-06,39.28823471069336,49.11000061035156,49.130001068115234,48.599998474121094,48.650001525878906,14373400
2018-11-07,39.49623107910156,49.369998931884766,49.54999923706055,49.029998779296875,49.38999938964844,12239700
2018-11-08,39.46422576904297,49.33000183105469,49.369998931884766,49.099998474121094,49.119998931884766,9762800
2018-11-09,39.744232177734375,49.68000030517578,49.88999938964844,49.36000061035156,49.38999938964844,12398100
2018-11-12,39.896240234375,49.869998931884766,50.2400016784668,49.540000915527344,49.61000061035156,13918300
2018-11-13,39.88823699951172,49.86000061035156,50.0,49.58000183105469,49.810001373291016,13872900
2018-11-14,39.8082389831543,49.7599983215332,49.939998626708984,49.59000015258789,49.849998474121094,12106800
2018-11-15,39.792236328125,49.7400016784668,49.75,49.27000045776367,49.65999984741211,12080100
2018-11-16,40.13624954223633,50.16999816894531,50.25,49.630001068115234,49.65999984741211,13405800
2018-11-19,40.408233642578125,50.5099983215332,50.7599983215332,50.25,50.310001373291016,13575800
2018-11-20,39.504241943359375,49.380001068115234,50.84000015258789,49.209999084472656,50.81999969482422,16255300
2018-11-21,38.984230041503906,48.72999954223633,49.439998626708984,48.59000015258789,49.22999954223633,13559200
2018-11-23,39.21623611450195,49.02000045776367,49.22999954223633,48.54999923706055,48.75,4792500
2018-11-26,39.09624099731445,48.869998931884766,49.22999954223633,48.66999816894531,49.0099983215332,9341900
2018-11-27,39.49623107910156,49.369998931884766,49.40999984741211,48.72999954223633,48.880001068115234,9180700
2018-11-28,39.76824188232422,49.709999084472656,49.720001220703125,49.209999084472656,49.209999084472656,11368700
2018-11-29,39.49407958984375,48.97999954223633,49.43000030517578,48.970001220703125,49.279998779296875,11564300
2018-11-30,40.63908004760742,50.400001525878906,50.4900016784668,48.9900016784668,49.0,25538200
2018-12-03,40.06657409667969,49.689998626708984,49.959999084472656,48.88999938964844,49.869998931884766,14877200
2018-12-04,39.97788619995117,49.58000183105469,50.5099983215332,49.5,49.970001220703125,19059900
2018-12-06,39.81662368774414,49.380001068115234,49.630001068115234,48.65999984741211,49.5099983215332,17674900
2018-12-07,39.5827751159668,49.09000015258789,49.68000030517578,48.880001068115234,49.56999969482422,15565700
2018-12-10,39.703731536865234,49.2400016784668,49.45000076293945,48.470001220703125,49.45000076293945,12331100
2018-12-11,39.94563674926758,49.540000915527344,50.0099983215332,49.18000030517578,49.59000015258789,18083600
2018-12-12,39.68760681152344,49.220001220703125,50.02000045776367,49.189998626708984,49.95000076293945,12316900
2018-12-13,39.88918685913086,49.470001220703125,49.61000061035156,48.56999969482422,48.720001220703125,13766200
2018-12-14,39.78437042236328,49.34000015258789,49.52000045776367,49.02000045776367,49.22999954223633,13835900
2018-12-17,38.969970703125,48.33000183105469,49.529998779296875,48.02000045776367,49.34000015258789,18482700
2018-12-18,38.96189880371094,48.31999969482422,48.83000183105469,47.849998474121094,48.61000061035156,14765700
2018-12-19,38.62324523925781,47.900001525878906,48.7599983215332,47.619998931884766,48.2400016784668,17903800
2018-12-20,38.33296585083008,47.540000915527344,48.130001068115234,47.099998474121094,47.810001373291016,21130000
2018-12-21,38.35715866088867,47.56999969482422,48.75,47.22999954223633,47.2599983215332,32477700
2018-12-24,37.0589714050293,45.959999084472656,47.869998931884766,45.83000183105469,47.619998931884766,10733700
2018-12-26,37.849159240722656,46.939998626708984,46.959999084472656,45.65999984741211,45.880001068115234,14342600
2018-12-27,38.32490921020508,47.529998779296875,47.54999923706055,46.029998779296875,46.7400016784668,16966500
2018-12-28,38.05882263183594,47.20000076293945,48.0099983215332,47.029998779296875,47.88999938964844,13218200
2018-12-31,38.17975997924805,47.349998474121094,47.540000915527344,46.959999084472656,47.4900016784668,10576300
2019-01-02,37.84109878540039,46.93000030517578,47.220001220703125,46.560001373291016,46.939998626708984,11603700
2019-01-03,37.60727310180664,46.63999938964844,47.369998931884766,46.529998779296875,46.81999969482422,14714400
2019-01-04,38.35715866088867,47.56999969482422,47.56999969482422,46.63999938964844,46.75,13013700
2019-01-07,37.857234954833984,46.95000076293945,47.75,46.900001525878906,47.56999969482422,13135500
2019-01-08,38.28458786010742,47.47999954223633,47.56999969482422,47.040000915527344,47.25,15420700
2019-01-09,37.55083084106445,46.56999969482422,47.279998779296875,46.43000030517578,47.08000183105469,18032500
2019-01-10,37.9539909362793,47.06999969482422,47.09000015258789,46.34000015258789,46.65999984741211,15976600
2019-01-11,38.17170715332031,47.34000015258789,47.36000061035156,46.970001220703125,47.290000915527344,11088600
2019-01-14,38.01850128173828,47.150001525878906,47.400001525878906,46.9900016784668,47.25,11514300
2019-01-15,38.35715866088867,47.56999969482422,47.599998474121094,46.810001373291016,46.88999938964844,11342900
2019-01-16,37.83304977416992,46.91999816894531,47.470001220703125,46.86000061035156,47.400001525878906,16907800
2019-01-17,37.9459342956543,47.060001373291016,47.13999938964844,46.880001068115234,46.91999816894531,12044600
2019-01-18,38.389408111572266,47.61000061035156,47.689998626708984,47.119998931884766,47.25,12760700
2019-01-22,38.47809982299805,47.720001220703125,47.790000915527344,47.209999084472656,47.70000076293945,11700400
2019-01-23,38.92158126831055,48.27000045776367,48.290000915527344,47.650001525878906,47.81999969482422,12058300
2019-01-24,38.453922271728516,47.689998626708984,48.11000061035156,47.380001068115234,48.11000061035156,10272000
2019-01-25,38.195884704589844,47.369998931884766,48.029998779296875,47.2400016784668,47.880001068115234,12066500
2019-01-28,38.03462219238281,47.16999816894531,47.29999923706055,46.939998626708984,47.220001220703125,9966900
2019-01-29,38.22008514404297,47.400001525878906,47.630001068115234,47.130001068115234,47.20000076293945,11998600
2019-01-30,38.59098815917969,47.86000061035156,47.88999938964844,47.189998626708984,47.25,12952500
2019-01-31,38.8087043762207,48.130001068115234,48.779998779296875,47.470001220703125,47.849998474121094,32181500
2019-02-01,39.268306732177734,48.70000076293945,48.779998779296875,48.400001525878906,48.47999954223633,19130100
2019-02-04,39.71179962158203,49.25,49.45000076293945,48.540000915527344,48.70000076293945,15105700
2019-02-05,39.71985626220703,49.2599983215332,49.470001220703125,49.099998474121094,49.33000183105469,12651900
2019-02-06,39.71985626220703,49.2599983215332,49.36000061035156,49.02000045776367,49.209999084472656,8689100
2019-02-07,39.84886169433594,49.41999816894531,49.459999084472656,49.0,49.16999816894531,10047800
2019-02-08,39.91337966918945,49.5,49.5,49.11000061035156,49.369998931884766,9813300
2019-02-11,40.0020751953125,49.61000061035156,49.880001068115234,49.47999954223633,49.56999969482422,9369300
2019-02-12,40.042396545410156,49.65999984741211,49.79999923706055,49.459999084472656,49.689998626708984,10983300
2019-02-13,40.14720916748047,49.790000915527344,49.939998626708984,49.560001373291016,49.61000061035156,12748800
2019-02-14,36.7606201171875,45.59000015258789,46.959999084472656,45.5,46.70000076293945,58905400
2019-02-15,36.478416442871094,45.2400016784668,46.2599983215332,45.20000076293945,45.900001525878906,35701600
2019-02-19,36.1478157043457,44.83000183105469,45.59000015258789,44.77000045776367,45.31999969482422,25511300
2019-02-20,36.36552047729492,45.099998474121094,45.2400016784668,44.79999923706055,44.90999984741211,27464000
2019-02-21,36.97833251953125,45.86000061035156,45.90999984741211,44.959999084472656,45.0,23121200
2019-02-22,36.51065444946289,45.279998779296875,45.95000076293945,45.20000076293945,45.7599983215332,24728400
2019-02-25,36.236507415771484,44.939998626708984,45.56999969482422,44.84000015258789,45.439998626708984,23774400
2019-02-26,36.03491973876953,44.689998626708984,45.13999938964844,44.65999984741211,45.099998474121094,20463200
2019-02-27,36.236507415771484,44.939998626708984,45.02000045776367,44.41999816894531,44.599998474121094,17827500
2019-02-28,36.55903244018555,45.34000015258789,45.61000061035156,45.11000061035156,45.119998931884766,22533900
2019-03-01,36.5912971496582,45.380001068115234,45.63999938964844,45.20000076293945,45.470001220703125,16291600
2019-03-04,36.80900955200195,45.650001525878906,45.66999816894531,45.29999923706055,45.529998779296875,15973800
2019-03-05,36.7686767578125,45.599998474121094,45.70000076293945,45.400001525878906,45.650001525878906,13062300
2019-03-06,36.647743225097656,45.45000076293945,45.790000915527344,45.439998626708984,45.66999816894531,14232100
2019-03-07,36.51065444946289,45.279998779296875,45.529998779296875,45.130001068115234,45.4900016784668,12084000
2019-03-08,36.15587615966797,44.84000015258789,45.25,44.61000061035156,45.150001525878906,15579100
2019-03-11,37.236358642578125,46.18000030517578,46.2400016784668,45.099998474121094,45.13999938964844,22126900
2019-03-12,37.13154220581055,46.04999923706055,46.25,45.900001525878906,45.95000076293945,19348500
2019-03-13,37.268611907958984,46.220001220703125,46.34000015258789,45.90999984741211,46.130001068115234,16222500
2019-03-14,37.1710090637207,45.70000076293945,46.11000061035156,45.630001068115234,45.84000015258789,18504100
2019-03-15,36.84565353393555,45.29999923706055,45.900001525878906,45.13999938964844,45.720001220703125,47254500
2019-03-18,36.93513488769531,45.40999984741211,45.68000030517578,45.36000061035156,45.43000030517578,24006400
2019-03-19,37.0571403503418,45.560001373291016,45.689998626708984,45.34000015258789,45.54999923706055,14987000
2019-03-20,37.0327262878418,45.529998779296875,45.900001525878906,45.18000030517578,45.400001525878906,13376100
2019-03-21,37.01646041870117,45.5099983215332,45.7599983215332,45.439998626708984,45.529998779296875,20043000
2019-03-22,37.35807418823242,45.93000030517578,46.11000061035156,45.459999084472656,45.459999084472656,19055900
2019-03-25,37.439422607421875,46.029998779296875,46.20000076293945,45.790000915527344,45.86000061035156,11668200
2019-03-26,37.935569763183594,46.63999938964844,46.790000915527344,46.16999816894531,46.16999816894531,11434900
2019-03-27,37.911170959472656,46.61000061035156,46.90999984741211,46.33000183105469,46.650001525878906,11543600
2019-03-28,37.88676834106445,46.58000183105469,46.91999816894531,46.47999954223633,46.68000030517578,11121100
2019-03-29,38.11452102661133,46.86000061035156,46.90999984741211,46.47999954223633,46.66999816894531,16045600
2019-04-01,38.00065612792969,46.720001220703125,47.16999816894531,46.59000015258789,46.9900016784668,11522700
2019-04-02,37.87862777709961,46.56999969482422,46.93000030517578,46.56999969482422,46.75,8495000
2019-04-03,37.561424255371094,46.18000030517578,46.59000015258789,46.040000915527344,46.41999816894531,12854500
2019-04-04,37.80543899536133,46.47999954223633,46.540000915527344,46.11000061035156,46.34000015258789,7814900
2019-04-05,37.79731750488281,46.470001220703125,46.58000183105469,46.20000076293945,46.4900016784668,7677600
2019-04-08,37.862369537353516,46.54999923706055,46.56999969482422,46.27000045776367,46.540000915527344,9421300
2019-04-09,37.95996856689453,46.66999816894531,46.720001220703125,46.27000045776367,46.45000076293945,8641800
2019-04-10,37.935569763183594,46.63999938964844,47.0,46.560001373291016,46.84000015258789,8059900
2019-04-11,37.99250793457031,46.709999084472656,46.75,46.540000915527344,46.720001220703125,7352400
2019-04-12,38.01691818237305,46.7400016784668,46.93000030517578,46.56999969482422,46.66999816894531,10690000
2019-04-15,38.228389739990234,47.0,47.040000915527344,46.70000076293945,46.880001068115234,10261300
2019-04-16,38.18771743774414,46.95000076293945,47.099998474121094,46.70000076293945,47.04999923706055,10804600
2019-04-17,38.45613479614258,47.279998779296875,47.54999923706055,47.150001525878906,47.20000076293945,11849300
2019-04-18,38.61879348754883,47.47999954223633,47.58000183105469,47.27000045776367,47.33000183105469,12167000
2019-04-22,38.553733825683594,47.400001525878906,47.61000061035156,47.02000045776367,47.400001525878906,9834700
2019-04-23,39.212562561035156,48.209999084472656,48.720001220703125,47.54999923706055,48.09000015258789,25327800
2019-04-24,39.025489807128906,47.97999954223633,48.22999954223633,47.91999816894531,48.029998779296875,15997300
2019-04-25,38.91162109375,47.84000015258789,47.88999938964844,47.470001220703125,47.7400016784668,11444400
2019-04-26,39.253238677978516,48.2599983215332,48.45000076293945,47.97999954223633,47.9900016784668,10154300
2019-04-29,39.38338088989258,48.41999816894531,48.45000076293945,48.11000061035156,48.16999816894531,9731500
2019-04-30,39.903926849365234,49.060001373291016,49.18000030517578,48.38999938964844,48.529998779296875,17912900
2019-05-01,39.52164840698242,48.59000015258789,49.08000183105469,48.54999923706055,48.95000076293945,10551200
2019-05-02,39.35896682739258,48.38999938964844,48.77000045776367,48.27000045776367,48.529998779296875,8724600
2019-05-03,39.627376556396484,48.720001220703125,48.959999084472656,48.52000045776367,48.599998474121094,7076900
2019-05-06,39.424034118652344,48.470001220703125,48.61000061035156,48.2599983215332,48.33000183105469,8657800
2019-05-07,39.041751861572266,48.0,48.290000915527344,47.77000045776367,48.22999954223633,12487500
2019-05-08,38.91975402832031,47.849998474121094,48.22999954223633,47.81999969482422,48.04999923706055,9281400
2019-05-09,38.553733825683594,47.400001525878906,47.97999954223633,47.06999969482422,47.79999923706055,11450500
2019-05-10,39.19629669189453,48.189998626708984,48.29999923706055,47.400001525878906,47.40999984741211,9653800
2019-05-13,39.082420349121094,48.04999923706055,48.130001068115234,47.72999954223633,47.90999984741211,11911500
2019-05-14,39.602996826171875,48.689998626708984,49.31999969482422,48.349998474121094,48.529998779296875,16844200
2019-05-15,40.00153732299805,49.18000030517578,49.380001068115234,48.599998474121094,48.66999816894531,11422500
2019-05-16,40.326873779296875,49.58000183105469,49.65999984741211,49.209999084472656,49.27000045776367,17771300
2019-05-17,40.01780319213867,49.20000076293945,49.54999923706055,49.16999816894531,49.27000045776367,11257000
2019-05-20,39.73312759399414,48.849998474121094,49.13999938964844,48.7599983215332,49.040000915527344,13850500
2019-05-21,39.52978515625,48.599998474121094,49.029998779296875,48.45000076293945,49.0,10587400
2019-05-22,40.383819580078125,49.650001525878906,49.709999084472656,48.720001220703125,48.779998779296875,16050400
2019-05-23,40.54648208618164,49.849998474121094,49.900001525878906,49.459999084472656,49.5,12199400
2019-05-24,40.351287841796875,49.61000061035156,49.88999938964844,49.529998779296875,49.81999969482422,6887600
2019-05-28,39.93647003173828,49.099998474121094,49.66999816894531,49.029998779296875,49.599998474121094,18614000
2019-05-29,39.53791046142578,48.61000061035156,49.029998779296875,48.40999984741211,48.7400016784668,12534600
2019-05-30,40.058467864990234,49.25,49.310001373291016,48.66999816894531,48.720001220703125,9087200
2019-05-31,39.96086883544922,49.130001068115234,49.310001373291016,48.779998779296875,49.0,11368600
2019-06-03,40.652225494384766,49.97999954223633,49.97999954223633,49.02000045776367,49.15999984741211,14167200
2019-06-04,40.66849899291992,50.0,50.279998779296875,49.619998931884766,50.0,12010600
2019-06-05,41.30291748046875,50.779998779296875,51.13999938964844,49.689998626708984,50.0099983215332,15837600
2019-06-06,41.807212829589844,51.400001525878906,51.540000915527344,50.59000015258789,50.90999984741211,15190400
2019-06-07,41.88040542602539,51.4900016784668,52.189998626708984,51.45000076293945,51.470001220703125,15293600
2019-06-10,41.79094314575195,51.380001068115234,51.540000915527344,51.09000015258789,51.540000915527344,9737400
2019-06-11,41.75027084350586,51.33000183105469,51.59000015258789,51.18000030517578,51.45000076293945,9915600
2019-06-12,42.002410888671875,51.63999938964844,52.13999938964844,51.470001220703125,51.5,11088100
2019-06-13,41.91226577758789,51.130001068115234,51.70000076293945,50.779998779296875,51.459999084472656,10353600
2019-06-14,42.059810638427734,51.310001373291016,51.529998779296875,51.04999923706055,51.04999923706055,8694300
2019-06-17,41.699134826660156,50.869998931884766,51.47999954223633,50.61000061035156,51.25,12322400
2019-06-18,41.51059341430664,50.63999938964844,51.29999923706055,50.529998779296875,51.25,9221100
2019-06-19,41.904048919677734,51.119998931884766,51.2400016784668,50.470001220703125,50.540000915527344,9414100
2019-06-20,42.34669876098633,51.65999984741211,51.790000915527344,51.349998474121094,51.5,10656600
2019-06-21,42.25654220581055,51.54999923706055,51.88999938964844,51.40999984741211,51.529998779296875,21264400
2019-06-24,42.55983352661133,51.91999816894531,52.20000076293945,51.70000076293945,51.7400016784668,10780000
2019-06-25,42.428672790527344,51.7599983215332,52.099998474121094,51.63999938964844,52.0,11519900
2019-06-26,41.904048919677734,51.119998931884766,51.63999938964844,51.09000015258789,51.52000045776367,12405100
2019-06-27,41.87126922607422,51.08000183105469,51.400001525878906,50.970001220703125,51.290000915527344,12374900
2019-06-28,41.740116119384766,50.91999816894531,51.400001525878906,50.52000045776367,51.27000045776367,16339900
2019-07-01,42.29752731323242,51.599998474121094,51.630001068115234,50.779998779296875,51.06999969482422,14976400
2019-07-02,42.609012603759766,51.97999954223633,52.04999923706055,51.54999923706055,51.779998779296875,8569200
2019-07-03,42.70737838745117,52.099998474121094,52.33000183105469,52.0,52.0,7253700
2019-07-05,42.715579986572266,52.11000061035156,52.119998931884766,51.47999954223633,51.88999938964844,8916300
2019-07-08,42.62541580200195,52.0,52.33000183105469,51.88999938964844,52.20000076293945,9495100
2019-07-09,42.28932571411133,51.59000015258789,51.970001220703125,51.43000030517578,51.720001220703125,10584900
2019-07-10,42.47786331176758,51.81999969482422,51.970001220703125,51.65999984741211,51.79999923706055,7620900
2019-07-11,42.658199310302734,52.040000915527344,52.060001373291016,51.65999984741211,51.9900016784668,10376500
2019-07-12,42.72377014160156,52.119998931884766,52.290000915527344,51.90999984741211,52.25,7347400
2019-07-15,42.73196792602539,52.130001068115234,52.290000915527344,51.869998931884766,52.279998779296875,5876100
2019-07-16,42.740169525146484,52.13999938964844,52.470001220703125,51.810001373291016,51.959999084472656,7132500
2019-07-17,42.772953033447266,52.18000030517578,52.2599983215332,52.0099983215332,52.220001220703125,8264200
2019-07-18,42.64999771118164,52.029998779296875,52.16999816894531,51.66999816894531,52.040000915527344,11911800
2019-07-19,42.12538146972656,51.38999938964844,52.150001525878906,51.369998931884766,52.13999938964844,10355500
2019-07-22,41.98603439331055,51.220001220703125,51.52000045776367,51.130001068115234,51.52000045776367,12090700
2019-07-23,44.53535842895508,54.33000183105469,54.63999938964844,52.7599983215332,53.25,33417900
2019-07-24,44.08452224731445,53.779998779296875,54.81999969482422,53.619998931884766,54.119998931884766,15633400
2019-07-25,43.502506256103516,53.06999969482422,53.79999923706055,52.720001220703125,53.630001068115234,19135000
2019-07-26,44.40419387817383,54.16999816894531,54.310001373291016,53.189998626708984,53.34000015258789,11451900
2019-07-29,44.25666046142578,53.9900016784668,54.29999923706055,53.900001525878906,54.16999816894531,12283900
2019-07-30,44.03532409667969,53.720001220703125,54.29999923706055,53.56999969482422,53.959999084472656,8127100
2019-07-31,43.14183044433594,52.630001068115234,53.5099983215332,52.040000915527344,53.5099983215332,16865500
2019-08-01,42.64999771118164,52.029998779296875,53.20000076293945,52.0099983215332,52.779998779296875,19527200
2019-08-02,42.89591598510742,52.33000183105469,52.72999954223633,51.90999984741211,51.90999984741211,13102300
2019-08-05,42.338504791259766,51.650001525878906,52.65999984741211,51.400001525878906,52.38999938964844,19986500
2019-08-06,42.84672927856445,52.27000045776367,52.7599983215332,51.61000061035156,51.869998931884766,19903100
2019-08-07,43.59267044067383,53.18000030517578,53.38999938964844,51.77000045776367,52.27000045776367,17937000
2019-08-08,44.0107307434082,53.689998626708984,53.779998779296875,52.849998474121094,53.209999084472656,10799000
2019-08-09,43.789405822753906,53.41999816894531,53.900001525878906,53.08000183105469,53.790000915527344,9260900
2019-08-12,43.609073638916016,53.20000076293945,53.439998626708984,52.9900016784668,53.279998779296875,6588600
2019-08-13,43.85498809814453,53.5,53.61000061035156,52.869998931884766,52.900001525878906,8581200
2019-08-14,43.43693923950195,52.9900016784668,53.970001220703125,52.970001220703125,53.34000015258789,17088900
2019-08-15,44.15827941894531,53.869998931884766,54.0,53.22999954223633,53.43000030517578,12393200
2019-08-16,44.600929260253906,54.40999984741211,54.4900016784668,53.95000076293945,53.97999954223633,14288700
2019-08-19,44.8304557800293,54.689998626708984,54.779998779296875,54.310001373291016,54.439998626708984,10936200
2019-08-20,44.16648864746094,53.880001068115234,54.68000030517578,53.84000015258789,54.619998931884766,8176700
2019-08-21,44.346824645996094,54.099998474121094,54.40999984741211,53.849998474121094,54.25,10886500
2019-08-22,44.6665153503418,54.4900016784668,54.63999938964844,54.099998474121094,54.119998931884766,7467900
2019-08-23,44.051734924316406,53.7400016784668,54.709999084472656,53.38999938964844,54.41999816894531,14160400
2019-08-26,44.707496643066406,54.540000915527344,54.540000915527344,53.72999954223633,54.0,9226900
2019-08-27,44.85504150390625,54.720001220703125,54.95000076293945,54.40999984741211,54.70000076293945,13537000
2019-08-28,45.17473602294922,55.11000061035156,55.150001525878906,54.41999816894531,54.65999984741211,10046400
2019-08-29,45.12554168701172,55.04999923706055,55.34000015258789,54.599998474121094,55.2599983215332,9262800
2019-08-30,45.11735916137695,55.040000915527344,55.220001220703125,54.810001373291016,55.15999984741211,8746700
2019-09-03,45.330482482910156,55.29999923706055,55.33000183105469,54.869998931884766,54.97999954223633,12991400
2019-09-04,45.715755462646484,55.77000045776367,55.91999816894531,55.29999923706055,55.349998474121094,10718100
2019-09-05,45.18293380737305,55.119998931884766,55.77000045776367,55.029998779296875,55.75,13677000
2019-09-06,45.27309799194336,55.22999954223633,55.439998626708984,54.7599983215332,55.439998626708984,9093500
2019-09-09,44.691104888916016,54.52000045776367,55.08000183105469,54.36000061035156,55.029998779296875,10814900
2019-09-10,44.59273147583008,54.400001525878906,54.439998626708984,53.849998474121094,54.22999954223633,12038200
2019-09-11,44.896034240722656,54.77000045776367,54.79999923706055,53.970001220703125,54.290000915527344,9740400
2019-09-12,45.17473602294922,55.11000061035156,55.310001373291016,54.97999954223633,55.099998474121094,12357900
2019-09-13,44.80317306518555,54.2599983215332,54.790000915527344,54.06999969482422,54.47999954223633,11486100
2019-09-16,44.55546188354492,53.959999084472656,54.34000015258789,53.630001068115234,54.099998474121094,11172000
2019-09-17,44.786659240722656,54.2400016784668,54.70000076293945,53.959999084472656,54.099998474121094,11347400
2019-09-18,44.77839279174805,54.22999954223633,54.290000915527344,53.81999969482422,54.20000076293945,9700400
2019-09-19,45.017852783203125,54.52000045776367,54.599998474121094,54.130001068115234,54.22999954223633,7560300
2019-09-20,44.51416778564453,53.90999984741211,54.689998626708984,53.900001525878906,54.689998626708984,19211500
2019-09-23,44.70408248901367,54.13999938964844,54.36000061035156,53.880001068115234,53.90999984741211,6485300
2019-09-24,44.83620071411133,54.29999923706055,54.61000061035156,54.040000915527344,54.25,10093000
2019-09-25,44.728851318359375,54.16999816894531,54.47999954223633,54.0,54.439998626708984,10248400
2019-09-26,44.9105110168457,54.38999938964844,54.58000183105469,54.130001068115234,54.470001220703125,10031200
2019-09-27,44.84444808959961,54.310001373291016,54.63999938964844,54.0,54.560001373291016,7939900
2019-09-30,44.951786041259766,54.439998626708984,54.68000030517578,54.150001525878906,54.150001525878906,9808700
2019-10-01,45.125205993652344,54.650001525878906,54.779998779296875,54.0099983215332,54.529998779296875,14261500
2019-10-02,43.828826904296875,53.08000183105469,54.439998626708984,52.900001525878906,54.209999084472656,14343600
2019-10-03,44.45636749267578,53.84000015258789,53.97999954223633,52.81999969482422,53.5,13817500
2019-10-04,45.034366607666016,54.540000915527344,54.540000915527344,53.88999938964844,54.0,9295400
2019-10-07,44.48112869262695,53.869998931884766,54.36000061035156,53.77000045776367,54.33000183105469,5964900
2019-10-08,44.24168014526367,53.58000183105469,54.06999969482422,53.45000076293945,53.880001068115234,13301900
2019-10-09,44.4481201171875,53.83000183105469,54.06999969482422,53.540000915527344,54.060001373291016,7135000
2019-10-10,44.307735443115234,53.65999984741211,53.880001068115234,53.36000061035156,53.54999923706055,8942900
2019-10-11,44.010494232177734,53.29999923706055,53.70000076293945,53.20000076293945,53.650001525878906,8981700
2019-10-14,44.010494232177734,53.29999923706055,53.68000030517578,53.220001220703125,53.4900016784668,7306300
2019-10-15,44.18388366699219,53.5099983215332,53.68000030517578,53.27000045776367,53.43000030517578,9564300
2019-10-16,44.16737365722656,53.4900016784668,53.56999969482422,53.130001068115234,53.459999084472656,10454800
2019-10-17,44.41508102416992,53.790000915527344,54.119998931884766,53.58000183105469,53.689998626708984,13190300
2019-10-18,45.2325325012207,54.779998779296875,55.38999938964844,54.45000076293945,55.0,18122400
2019-10-21,44.77839279174805,54.22999954223633,54.560001373291016,53.68000030517578,54.45000076293945,12778900
2019-10-22,44.46461868286133,53.849998474121094,54.41999816894531,53.7400016784668,54.22999954223633,9533400
2019-10-23,45.1169319152832,54.63999938964844,54.65999984741211,54.0099983215332,54.060001373291016,8556600
2019-10-24,45.092159271240234,54.61000061035156,54.81999969482422,54.4900016784668,54.56999969482422,11051400
2019-10-25,44.382049560546875,53.75,54.560001373291016,53.66999816894531,54.54999923706055,9782400
2019-10-28,44.23343276977539,53.56999969482422,53.95000076293945,53.369998931884766,53.7400016784668,8866100
2019-10-29,44.101318359375,53.40999984741211,53.65999984741211,53.2599983215332,53.38999938964844,7999700
2019-10-30,44.53892517089844,53.939998626708984,54.04999923706055,53.15999984741211,53.52000045776367,8620900
2019-10-31,44.943546295166016,54.43000030517578,54.470001220703125,53.849998474121094,53.959999084472656,13982000
2019-11-01,44.50590515136719,53.900001525878906,54.7400016784668,53.849998474121094,54.630001068115234,9889500
2019-11-04,43.87836837768555,53.13999938964844,54.0,52.970001220703125,53.959999084472656,17515100
2019-11-05,43.28385925292969,52.41999816894531,52.88999938964844,52.119998931884766,52.88999938964844,19284000
2019-11-06,43.597625732421875,52.79999923706055,52.79999923706055,52.40999984741211,52.529998779296875,13288900
2019-11-07,43.17652130126953,52.290000915527344,53.0,51.959999084472656,52.880001068115234,11725500
2019-11-08,43.1104621887207,52.209999084472656,52.599998474121094,52.09000015258789,52.459999084472656,7141800
2019-11-11,42.8049430847168,51.84000015258789,52.369998931884766,51.779998779296875,52.33000183105469,8198300
2019-11-12,42.697593688964844,51.709999084472656,51.90999984741211,51.58000183105469,51.90999984741211,12656900
2019-11-13,43.27558898925781,52.40999984741211,52.45000076293945,51.959999084472656,52.18000030517578,12257900
2019-11-14,43.45725631713867,52.630001068115234,52.66999816894531,52.349998474121094,52.529998779296875,8660300
2019-11-15,43.49028396606445,52.66999816894531,52.68000030517578,52.380001068115234,52.63999938964844,8982400
2019-11-18,43.78752899169922,53.029998779296875,53.439998626708984,52.66999816894531,52.68000030517578,13782000
2019-11-19,43.828826904296875,53.08000183105469,53.310001373291016,52.869998931884766,53.150001525878906,12679500
2019-11-20,43.944427490234375,53.220001220703125,53.400001525878906,53.0099983215332,53.099998474121094,11970300
2019-11-21,43.7297477722168,52.959999084472656,53.34000015258789,52.779998779296875,53.11000061035156,7856100
2019-11-22,43.78752899169922,53.029998779296875,53.189998626708984,52.75,52.959999084472656,9113300
2019-11-25,43.944427490234375,53.220001220703125,53.38999938964844,52.77000045776367,53.279998779296875,10963500
2019-11-26,44.50590515136719,53.900001525878906,53.939998626708984,53.220001220703125,53.310001373291016,13219800
2019-11-27,44.547203063964844,53.95000076293945,54.099998474121094,53.599998474121094,53.93000030517578,9595200
2019-11-29,44.42241287231445,53.400001525878906,53.72999954223633,53.220001220703125,53.70000076293945,7222300
2019-12-02,44.71357345581055,53.75,53.75,52.849998474121094,53.31999969482422,13173800
2019-12-03,44.75516128540039,53.79999923706055,53.84000015258789,53.400001525878906,53.709999084472656,14498300
2019-12-04,45.162784576416016,54.290000915527344,54.310001373291016,53.720001220703125,53.79999923706055,13624000
2019-12-05,45.079593658447266,54.189998626708984,54.290000915527344,53.83000183105469,54.209999084472656,14068100
2019-12-06,45.27094268798828,54.41999816894531,54.5,54.16999816894531,54.310001373291016,7843500
2019-12-09,44.979766845703125,54.06999969482422,54.5099983215332,54.02000045776367,54.29999923706055,13887200
2019-12-10,44.7302131652832,53.77000045776367,54.06999969482422,53.72999954223633,54.040000915527344,8993900
2019-12-11,44.87995910644531,53.95000076293945,54.150001525878906,53.65999984741211,53.939998626708984,8879100
2019-12-12,45.038002014160156,54.13999938964844,54.45000076293945,53.939998626708984,54.0099983215332,11233300
2019-12-13,45.27094268798828,54.41999816894531,54.54999923706055,53.84000015258789,53.939998626708984,13072200
2019-12-16,45.27094268798828,54.41999816894531,54.83000183105469,54.369998931884766,54.689998626708984,9538100
2019-12-17,45.27094268798828,54.41999816894531,54.58000183105469,54.290000915527344,54.400001525878906,9230000
2019-12-18,44.846675872802734,53.90999984741211,54.75,53.88999938964844,54.529998779296875,15132100
2019-12-19,45.187747955322266,54.31999969482422,54.34000015258789,53.91999816894531,54.040000915527344,13385900
2019-12-20,45.728477478027344,54.970001220703125,55.20000076293945,54.470001220703125,54.939998626708984,23832800
2019-12-23,45.67855453491211,54.90999984741211,55.2400016784668,54.84000015258789,55.0,9300800
2019-12-24,45.512176513671875,54.709999084472656,55.0,54.63999938964844,54.79999923706055,3359300
2019-12-26,45.77006530761719,55.02000045776367,55.02000045776367,54.790000915527344,54.91999816894531,6228500
2019-12-27,46.04458236694336,55.349998474121094,55.45000076293945,55.0,55.0099983215332,6895500
2019-12-30,45.97803497314453,55.27000045776367,55.38999938964844,55.060001373291016,55.18000030517578,6431700
2019-12-31,46.04458236694336,55.349998474121094,55.380001068115234,54.97999954223633,55.20000076293945,7982600
2020-01-02,45.74510955810547,54.9900016784668,55.43000030517578,54.7599983215332,55.31999969482422,11867700
2020-01-03,45.49554443359375,54.689998626708984,54.9900016784668,54.09000015258789,54.31999969482422,11354500
2020-01-06,45.47890090942383,54.66999816894531,54.90999984741211,54.52000045776367,54.650001525878906,14698300
2020-01-07,45.129520416259766,54.25,54.599998474121094,54.150001525878906,54.45000076293945,9973900
2020-01-08,45.21269989013672,54.349998474121094,54.63999938964844,54.150001525878906,54.27000045776367,10676000
2020-01-09,46.03626251220703,55.34000015258789,55.400001525878906,54.84000015258789,55.0,15398000
2020-01-10,46.19432067871094,55.529998779296875,55.93000030517578,55.45000076293945,55.47999954223633,13040100
2020-01-13,46.693443298339844,56.130001068115234,56.22999954223633,55.41999816894531,55.529998779296875,14302900
2020-01-14,46.58529281616211,56.0,56.290000915527344,55.83000183105469,56.2400016784668,16345300
2020-01-15,47.167625427246094,56.70000076293945,56.97999954223633,56.0,56.0,17735400
2020-01-16,47.26744842529297,56.81999969482422,56.95000076293945,56.61000061035156,56.849998474121094,10234100
2020-01-17,47.36726379394531,56.939998626708984,57.150001525878906,56.79999923706055,56.869998931884766,14264300
2020-01-21,47.55860137939453,57.16999816894531,57.25,56.56999969482422,56.849998474121094,11968900
2020-01-22,47.92463302612305,57.61000061035156,57.63999938964844,57.18000030517578,57.25,12869600
2020-01-23,48.10765075683594,57.83000183105469,57.849998474121094,57.2400016784668,57.380001068115234,12858900
2020-01-24,47.98286819458008,57.68000030517578,57.869998931884766,57.459999084472656,57.849998474121094,8594300
2020-01-27,47.816490173339844,57.47999954223633,57.849998474121094,57.130001068115234,57.209999084472656,14359900
2020-01-28,47.42550277709961,57.0099983215332,57.75,56.970001220703125,57.45000076293945,15240200
2020-01-29,47.42550277709961,57.0099983215332,57.2599983215332,56.65999984741211,57.0,13163600
2020-01-30,48.9644775390625,58.86000061035156,58.97999954223633,57.7599983215332,57.93000030517578,20225600
2020-01-31,48.581809997558594,58.400001525878906,59.08000183105469,58.150001525878906,58.970001220703125,17685200
2020-02-03,48.731563568115234,58.58000183105469,58.970001220703125,58.52000045776367,58.75,12333600
2020-02-04,48.947845458984375,58.84000015258789,59.45000076293945,58.619998931884766,58.75,15417900
2020-02-05,48.95616149902344,58.849998474121094,59.08000183105469,58.540000915527344,58.900001525878906,11414900
2020-02-06,49.07262420654297,58.9900016784668,59.34000015258789,58.84000015258789,58.97999954223633,9347000
2020-02-07,49.238990783691406,59.189998626708984,59.31999969482422,58.849998474121094,58.880001068115234,8757800
2020-02-10,49.70485305786133,59.75,59.84000015258789,59.290000915527344,59.31999969482422,7984900
2020-02-11,49.5717658996582,59.59000015258789,59.79999923706055,59.31999969482422,59.720001220703125,7431200
2020-02-12,49.42200469970703,59.40999984741211,59.77000045776367,59.31999969482422,59.47999954223633,9179100
2020-02-13,49.5883903503418,59.61000061035156,59.84000015258789,59.209999084472656,59.380001068115234,8173200
2020-02-14,49.8712272644043,59.95000076293945,60.06999969482422,59.619998931884766,59.630001068115234,9965500
2020-02-18,49.5218505859375,59.529998779296875,59.93000030517578,59.45000076293945,59.810001373291016,10075700
2020-02-19,49.721492767333984,59.77000045776367,60.0,59.470001220703125,59.5099983215332,6265700
2020-02-20,49.679901123046875,59.720001220703125,59.86000061035156,59.11000061035156,59.68000030517578,7597200
2020-02-21,50.020973205566406,60.130001068115234,60.130001068115234,59.43000030517578,59.5099983215332,10842400
2020-02-24,48.789794921875,58.650001525878906,59.79999923706055,58.56999969482422,59.11000061035156,14415500
2020-02-25,48.09932327270508,57.81999969482422,59.20000076293945,57.619998931884766,58.70000076293945,15915100
2020-02-26,47.91631317138672,57.599998474121094,58.470001220703125,57.47999954223633,57.97999954223633,15837800
2020-02-27,45.6952018737793,54.93000030517578,57.88999938964844,54.880001068115234,57.150001525878906,23754000
2020-02-28,44.49728775024414,53.4900016784668,53.88999938964844,51.58000183105469,53.83000183105469,40890600
2020-03-02,46.51874923706055,55.91999816894531,55.959999084472656,53.70000076293945,53.93000030517578,25698600
2020-03-03,46.635215759277344,56.060001373291016,57.4900016784668,55.63999938964844,56.7599983215332,27099200
2020-03-04,49.01438522338867,58.91999816894531,59.0,56.40999984741211,56.40999984741211,20526100
2020-03-05,47.200904846191406,56.7400016784668,58.16999816894531,56.189998626708984,57.79999923706055,17948500
2020-03-06,45.96970748901367,55.2599983215332,55.90999984741211,53.97999954223633,54.939998626708984,22353900
2020-03-09,43.141326904296875,51.86000061035156,53.58000183105469,51.47999954223633,52.04999923706055,27898300
2020-03-10,44.63869857788086,53.65999984741211,53.79999923706055,51.16999816894531,53.220001220703125,27457400
2020-03-11,43.4324836730957,52.209999084472656,52.650001525878906,51.13999938964844,52.349998474121094,22653900
2020-03-12,39.231483459472656,47.15999984741211,49.93000030517578,46.689998626708984,48.540000915527344,31913100
2020-03-13,40.67487335205078,48.470001220703125,49.560001373291016,46.61000061035156,49.5099983215332,33697200
2020-03-16,37.981109619140625,45.2599983215332,47.880001068115234,41.16999816894531,42.2400016784668,28682300
2020-03-17,39.59232711791992,47.18000030517578,47.5,45.369998931884766,45.880001068115234,32106700
2020-03-18,37.63705062866211,44.849998474121094,45.150001525878906,41.59000015258789,44.7400016784668,35408300
2020-03-19,35.10273742675781,41.83000183105469,44.65999984741211,41.040000915527344,44.36000061035156,41956900
2020-03-20,32.14044189453125,38.29999923706055,42.06999969482422,37.5099983215332,41.95000076293945,51513500
2020-03-23,31.519454956054688,37.560001373291016,38.88999938964844,36.27000045776367,38.7599983215332,44978500
2020-03-24,33.105491638183594,39.45000076293945,41.400001525878906,38.83000183105469,41.220001220703125,49096200
2020-03-25,34.91811752319336,41.61000061035156,43.45000076293945,39.90999984741211,40.630001068115234,42511700
2020-03-26,37.167110443115234,44.290000915527344,45.27000045776367,42.45000076293945,42.84000015258789,37821700
2020-03-27,35.92512893676758,42.810001373291016,44.029998779296875,42.400001525878906,43.65999984741211,23297900
2020-03-30,37.76292419433594,45.0,45.560001373291016,43.040000915527344,43.040000915527344,23446000
2020-03-31,37.133541107177734,44.25,45.5099983215332,44.060001373291016,45.06999969482422,25373900
2020-04-01,35.34609603881836,42.119998931884766,43.650001525878906,41.79999923706055,42.47999954223633,21936400
2020-04-02,36.88177490234375,43.95000076293945,44.189998626708984,41.86000061035156,42.220001220703125,17621900
2020-04-03,36.781089782714844,43.83000183105469,44.34000015258789,43.310001373291016,43.58000183105469,14207100
2020-04-06,39.16434097290039,46.66999816894531,47.0099983215332,44.689998626708984,45.38999938964844,22850000
2020-04-07,39.03007888793945,46.5099983215332,48.599998474121094,46.47999954223633,48.5,21279600
2020-04-08,40.1294059753418,47.81999969482422,48.09000015258789,46.33000183105469,46.63999938964844,18937100
2020-04-09,41.11962890625,49.0,49.72999954223633,48.349998474121094,48.439998626708984,19165300
2020-04-13,39.38253402709961,46.93000030517578,48.63999938964844,46.5,48.349998474121094,19586000
2020-04-14,41.052494049072266,48.91999816894531,49.25,46.93000030517578,47.939998626708984,21801900
2020-04-15,39.95317077636719,47.61000061035156,48.400001525878906,47.40999984741211,47.709999084472656,12893200
2020-04-16,39.52519607543945,47.099998474121094,47.849998474121094,46.7599983215332,47.400001525878906,17606800
2020-04-17,40.330810546875,48.060001373291016,48.29999923706055,47.369998931884766,48.29999923706055,19844600
2020-04-20,39.0468635559082,46.529998779296875,48.0,46.310001373291016,47.790000915527344,18957900
2020-04-21,38.08180618286133,45.380001068115234,46.900001525878906,44.2599983215332,45.880001068115234,26863700
2020-04-22,38.333560943603516,45.68000030517578,46.150001525878906,45.5,46.04999923706055,15811600
2020-04-23,37.8216667175293,45.06999969482422,46.099998474121094,44.970001220703125,45.95000076293945,17668200
2020-04-24,38.12377166748047,45.43000030517578,45.75,45.119998931884766,45.5,15175000
2020-04-27,39.25665283203125,46.779998779296875,46.97999954223633,45.709999084472656,46.0,19175500
2020-04-28,39.22308349609375,46.7400016784668,48.0,46.56999969482422,47.900001525878906,17246700
2020-04-29,39.54197692871094,47.119998931884766,47.86000061035156,46.880001068115234,47.27000045776367,15780000
2020-04-30,38.50978469848633,45.88999938964844,47.0,45.70000076293945,47.0,20801100
2020-05-01,38.26642990112305,45.599998474121094,46.38999938964844,45.209999084472656,45.619998931884766,14290400
2020-05-04,37.880401611328125,45.13999938964844,45.47999954223633,44.599998474121094,45.31999969482422,22544200
2020-05-05,38.098594665527344,45.400001525878906,46.099998474121094,45.150001525878906,45.36000061035156,13370500
2020-05-06,37.553131103515625,44.75,45.630001068115234,44.720001220703125,45.400001525878906,11892900
2020-05-07,37.42725372314453,44.599998474121094,45.2400016784668,44.5,45.150001525878906,16466000
2020-05-08,38.69441223144531,46.11000061035156,46.220001220703125,44.880001068115234,45.08000183105469,13985100
2020-05-11,38.2160758972168,45.540000915527344,46.11000061035156,45.52000045776367,45.689998626708984,10874600
2020-05-12,37.61187744140625,44.81999969482422,45.849998474121094,44.79999923706055,45.599998474121094,13424400
2020-05-13,36.87339782714844,43.939998626708984,44.779998779296875,43.52000045776367,44.709999084472656,15854800
2020-05-14,36.67198944091797,43.70000076293945,44.060001373291016,43.22999954223633,43.380001068115234,18000800
2020-05-15,36.302764892578125,43.2599983215332,44.689998626708984,43.20000076293945,43.959999084472656,31579400
2020-05-18,37.73773956298828,44.970001220703125,45.38999938964844,44.130001068115234,44.81999969482422,26118500
2020-05-19,37.376895904541016,44.540000915527344,45.33000183105469,44.25,45.0099983215332,17839900
2020-05-20,38.50978469848633,45.88999938964844,46.16999816894531,45.02000045776367,45.20000076293945,22295900
2020-05-21,37.90557861328125,45.16999816894531,46.09000015258789,45.029998779296875,46.08000183105469,13193500
2020-05-22,37.78810119628906,45.029998779296875,45.310001373291016,44.650001525878906,45.220001220703125,13008400
2020-05-26,38.677616119384766,46.09000015258789,46.93000030517578,45.93000030517578,46.91999816894531,22223100
2020-05-27,39.214698791503906,46.72999954223633,47.09000015258789,46.16999816894531,47.0,18447600
2020-05-28,39.51679992675781,47.09000015258789,47.459999084472656,46.81999969482422,47.29999923706055,16230600
2020-05-29,39.17273712158203,46.68000030517578,47.189998626708984,46.13999938964844,46.68000030517578,51125000
2020-06-01,39.432884216308594,46.9900016784668,47.22999954223633,46.59000015258789,46.65999984741211,17010700
2020-06-02,39.35735321044922,46.900001525878906,47.279998779296875,46.560001373291016,47.15999984741211,15255100
2020-06-03,40.196537017822266,47.900001525878906,48.119998931884766,47.119998931884766,47.27000045776367,15508300
2020-06-04,40.21331787109375,47.91999816894531,48.27000045776367,47.380001068115234,47.939998626708984,13604700
2020-06-05,41.19514846801758,49.09000015258789,49.4900016784668,48.459999084472656,48.540000915527344,20504800
2020-06-08,41.83293533325195,49.849998474121094,49.970001220703125,49.470001220703125,49.540000915527344,19896700
2020-06-09,41.11962890625,49.0,49.59000015258789,48.68000030517578,49.59000015258789,16713700
2020-06-10,40.80073165893555,48.619998931884766,49.27000045776367,48.56999969482422,49.15999984741211,15716600
2020-06-11,38.2160758972168,45.540000915527344,47.91999816894531,45.459999084472656,47.810001373291016,26070400
2020-06-12,38.61407470703125,45.599998474121094,46.25,45.0099983215332,46.209999084472656,21822700
2020-06-15,39.20683288574219,46.29999923706055,46.45000076293945,44.470001220703125,44.56999969482422,15622300
2020-06-16,39.60482406616211,46.77000045776367,47.689998626708984,46.189998626708984,47.560001373291016,18803500
2020-06-17,39.443931579589844,46.58000183105469,47.060001373291016,46.439998626708984,46.779998779296875,12602800
2020-06-18,39.7911262512207,46.9900016784668,47.040000915527344,46.06999969482422,46.29999923706055,9380800
2020-06-19,38.96973419189453,46.02000045776367,47.790000915527344,46.02000045776367,47.77000045776367,30464600
2020-06-22,38.732627868652344,45.7400016784668,46.150001525878906,45.380001068115234,46.029998779296875,20876200
2020-06-23,38.64794158935547,45.63999938964844,46.290000915527344,45.58000183105469,46.0,14675300
2020-06-24,37.80961608886719,44.650001525878906,45.439998626708984,44.5,45.369998931884766,17631800
2020-06-25,38.046730041503906,44.93000030517578,44.97999954223633,44.029998779296875,44.470001220703125,13829700
2020-06-26,36.89507293701172,43.56999969482422,45.0099983215332,43.5099983215332,44.91999816894531,21955100
2020-06-29,37.56403732299805,44.36000061035156,44.56999969482422,43.54999923706055,44.0,17603900
2020-06-30,37.835018157958984,44.68000030517578,44.83000183105469,44.040000915527344,44.25,23679800
2020-07-01,37.95357894897461,44.81999969482422,45.529998779296875,44.709999084472656,44.93000030517578,14316500
2020-07-02,38.00437927246094,44.880001068115234,45.43000030517578,44.79999923706055,45.290000915527344,15111900
2020-07-06,38.30076599121094,45.22999954223633,45.27000045776367,44.61000061035156,45.13999938964844,15146000
2020-07-07,38.2838249206543,45.209999084472656,45.5,44.79999923706055,45.0,13043600
2020-07-08,38.1652717590332,45.06999969482422,45.18000030517578,44.470001220703125,45.13999938964844,13851200
2020-07-09,37.1829833984375,43.90999984741211,45.04999923706055,43.83000183105469,45.04999923706055,16087100
2020-07-10,38.23301696777344,45.150001525878906,45.25,43.86000061035156,43.880001068115234,15627800
2020-07-13,38.31768798828125,45.25,45.68000030517578,44.959999084472656,45.529998779296875,16705300
2020-07-14,38.84271240234375,45.869998931884766,45.939998626708984,44.66999816894531,44.90999984741211,17080100
2020-07-15,39.2915153503418,46.400001525878906,47.189998626708984,46.20000076293945,46.29999923706055,23738000
2020-07-16,39.079811096191406,46.150001525878906,46.689998626708984,45.939998626708984,46.2599983215332,13306100
2020-07-17,39.64717102050781,46.81999969482422,46.90999984741211,46.130001068115234,46.470001220703125,13899800
2020-07-20,39.05441665649414,46.119998931884766,46.83000183105469,45.849998474121094,46.720001220703125,16633200
2020-07-21,39.96895217895508,47.20000076293945,47.9900016784668,46.93000030517578,47.52000045776367,25681500
2020-07-22,41.052860260009766,48.47999954223633,48.52000045776367,47.029998779296875,47.93000030517578,29831200
2020-07-23,40.88349533081055,48.279998779296875,48.56999969482422,48.029998779296875,48.470001220703125,15935000
2020-07-24,41.06132888793945,48.4900016784668,48.79999923706055,48.06999969482422,48.400001525878906,16196800
2020-07-27,41.052860260009766,48.47999954223633,48.5099983215332,48.18000030517578,48.18000030517578,17346500
2020-07-28,40.79881286621094,48.18000030517578,49.279998779296875,48.099998474121094,48.34000015258789,13872700
2020-07-29,40.663330078125,48.02000045776367,48.5,47.81999969482422,48.13999938964844,13758100
2020-07-30,40.383880615234375,47.689998626708984,48.22999954223633,47.20000076293945,47.66999816894531,17276500
2020-07-31,40.00282287597656,47.2400016784668,47.77000045776367,46.72999954223633,47.439998626708984,14849200
2020-08-03,39.20683288574219,46.29999923706055,47.36000061035156,46.22999954223633,47.13999938964844,14137500
2020-08-04,39.537078857421875,46.689998626708984,46.86000061035156,46.220001220703125,46.290000915527344,11717200
2020-08-05,39.98590087890625,47.220001220703125,47.27000045776367,46.810001373291016,46.900001525878906,10498700
2020-08-06,40.2060661315918,47.47999954223633,47.529998779296875,46.599998474121094,46.65999984741211,10745000
2020-08-07,40.47703170776367,47.79999923706055,48.08000183105469,47.209999084472656,47.470001220703125,11669700
2020-08-10,40.4092903137207,47.720001220703125,48.279998779296875,47.65999984741211,48.060001373291016,11888000
2020-08-11,40.58711624145508,47.93000030517578,48.650001525878906,47.70000076293945,48.459999084472656,16531600
2020-08-12,41.010520935058594,48.43000030517578,48.689998626708984,48.119998931884766,48.29999923706055,9562200
2020-08-13,40.96817398071289,48.380001068115234,48.72999954223633,48.060001373291016,48.2599983215332,9882900
2020-08-14,41.02745056152344,48.45000076293945,48.689998626708984,48.029998779296875,48.34000015258789,10075800
2020-08-17,40.824222564697266,48.209999084472656,48.75,48.20000076293945,48.31999969482422,9102400
2020-08-18,41.002052307128906,48.41999816894531,48.5,47.959999084472656,48.20000076293945,9829000
2020-08-19,40.112911224365234,47.369998931884766,48.380001068115234,47.220001220703125,48.119998931884766,17371000
2020-08-20,40.09597396850586,47.349998474121094,47.599998474121094,47.09000015258789,47.27000045776367,11308700
2020-08-21,40.03669738769531,47.279998779296875,47.5,46.970001220703125,47.34000015258789,14734100
2020-08-24,40.620994567871094,47.970001220703125,47.97999954223633,47.18000030517578,47.43000030517578,9257700
2020-08-25,40.5701789855957,47.90999984741211,48.04999923706055,47.650001525878906,48.0,7827800
2020-08-26,40.781890869140625,48.15999984741211,48.18000030517578,47.470001220703125,47.7599983215332,10124200
2020-08-27,40.84115982055664,48.22999954223633,48.81999969482422,48.20000076293945,48.25,10931600
2020-08-28,42.196041107177734,49.83000183105469,49.849998474121094,48.529998779296875,48.75,16420300
2020-08-31,41.94199752807617,49.529998779296875,50.06999969482422,49.349998474121094,49.79999923706055,18510800
2020-09-01,41.59480667114258,49.119998931884766,49.349998474121094,48.83000183105469,49.310001373291016,12588400
2020-09-02,43.34767532348633,51.189998626708984,51.36000061035156,49.36000061035156,49.36000061035156,26332600
2020-09-03,42.7464599609375,50.47999954223633,52.13999938964844,50.099998474121094,51.400001525878906,22289400
2020-09-04,43.220672607421875,51.040000915527344,51.470001220703125,50.279998779296875,50.939998626708984,21019500
2020-09-08,42.179100036621094,49.810001373291016,51.040000915527344,49.36000061035156,50.93000030517578,17776700
2020-09-09,42.50088882446289,50.189998626708984,50.7599983215332,49.54999923706055,49.599998474121094,15252300
2020-09-10,42.34000015258789,50.0,50.68000030517578,49.95000076293945,50.349998474121094,15439500
2020-09-11,43.237606048583984,51.060001373291016,51.20000076293945,50.099998474121094,50.400001525878906,18272300
2020-09-14,43.288818359375,50.709999084472656,51.22999954223633,50.56999969482422,50.970001220703125,10911700
2020-09-15,43.579063415527344,51.04999923706055,51.380001068115234,50.84000015258789,51.0,12838400
2020-09-16,43.357112884521484,50.790000915527344,51.45000076293945,50.7400016784668,50.95000076293945,15353900
2020-09-17,43.15223693847656,50.54999923706055,50.630001068115234,49.939998626708984,50.220001220703125,13287100
2020-09-18,43.06686782836914,50.45000076293945,51.15999984741211,50.209999084472656,50.75,23816600
2020-09-21,41.9058952331543,49.09000015258789,50.02000045776367,48.61000061035156,49.75,17514800
2020-09-22,42.39248275756836,49.65999984741211,50.040000915527344,49.06999969482422,49.11000061035156,13034600
2020-09-23,41.15468215942383,48.209999084472656,49.91999816894531,48.16999816894531,49.72999954223633,17121200
2020-09-24,41.57297897338867,48.70000076293945,49.099998474121094,47.560001373291016,48.209999084472656,16788100
2020-09-25,41.590049743652344,48.720001220703125,48.7599983215332,47.97999954223633,48.20000076293945,12603400
2020-09-28,42.068092346191406,49.279998779296875,49.709999084472656,49.13999938964844,49.310001373291016,11215700
2020-09-29,41.760780334472656,48.91999816894531,49.560001373291016,48.90999984741211,49.38999938964844,12426600
2020-09-30,42.14491653442383,49.369998931884766,49.619998931884766,48.88999938964844,49.27000045776367,15755900
2020-10-01,41.982723236083984,49.18000030517578,49.65999984741211,48.59000015258789,49.439998626708984,17577300
2020-10-02,42.136390686035156,49.36000061035156,49.58000183105469,48.54999923706055,48.7599983215332,13610100
2020-10-05,42.15346145629883,49.380001068115234,49.54999923706055,49.119998931884766,49.43000030517578,10628700
2020-10-06,41.77785110473633,48.939998626708984,49.72999954223633,48.83000183105469,49.54999923706055,10077400
2020-10-07,42.307132720947266,49.560001373291016,49.7599983215332,48.95000076293945,49.02000045776367,10135600
2020-10-08,43.075416564941406,50.459999084472656,50.540000915527344,49.540000915527344,49.709999084472656,12143900
2020-10-09,43.374183654785156,50.810001373291016,51.22999954223633,50.599998474121094,50.66999816894531,11407800
2020-10-12,43.61320877075195,51.09000015258789,51.529998779296875,50.83000183105469,50.84000015258789,11386500
2020-10-13,42.87052917480469,50.220001220703125,50.9900016784668,49.900001525878906,50.9900016784668,14365300
2020-10-14,42.78516387939453,50.119998931884766,50.4900016784668,49.650001525878906,50.04999923706055,10582100
2020-10-15,42.674190521240234,49.9900016784668,50.130001068115234,49.29999923706055,49.400001525878906,9961700
2020-10-16,42.70833206176758,50.029998779296875,50.349998474121094,49.869998931884766,49.9900016784668,13569800
2020-10-19,42.35833740234375,49.619998931884766,50.47999954223633,49.459999084472656,50.029998779296875,9930400
2020-10-20,42.89613342285156,50.25,50.619998931884766,49.790000915527344,49.88999938964844,10970700
2020-10-21,42.674190521240234,49.9900016784668,50.43000030517578,49.77000045776367,49.959999084472656,12517400
2020-10-22,43.263214111328125,50.68000030517578,51.20000076293945,50.380001068115234,51.16999816894531,20189200
2020-10-23,43.12662124633789,50.52000045776367,51.18000030517578,50.470001220703125,51.0,13491300
2020-10-26,42.51199722290039,49.79999923706055,50.5099983215332,49.20000076293945,50.34000015258789,14696400
2020-10-27,42.59736251831055,49.900001525878906,50.290000915527344,49.54999923706055,49.810001373291016,13892100
2020-10-28,40.94126892089844,47.959999084472656,49.150001525878906,47.779998779296875,49.0,19886200
2020-10-29,40.992496490478516,48.02000045776367,48.47999954223633,47.29999923706055,47.72999954223633,15369900
2020-10-30,41.026641845703125,48.060001373291016,48.119998931884766,47.369998931884766,47.810001373291016,15804000
2020-11-02,41.50468063354492,48.619998931884766,48.95000076293945,48.2400016784668,48.75,15156100
2020-11-03,42.12785339355469,49.349998474121094,49.959999084472656,49.0,49.220001220703125,15285100
2020-11-04,41.97419357299805,49.16999816894531,50.209999084472656,49.08000183105469,49.43000030517578,12930800
2020-11-05,42.204673767089844,49.439998626708984,50.209999084472656,49.34000015258789,49.7599983215332,12452400
2020-11-06,42.21321105957031,49.45000076293945,49.9900016784668,49.25,49.650001525878906,9294900
2020-11-09,44.876625061035156,52.56999969482422,53.2599983215332,52.06999969482422,52.5,33442000
2020-11-10,46.08027648925781,53.97999954223633,54.279998779296875,52.45000076293945,52.56999969482422,29706700
2020-11-11,45.73881149291992,53.58000183105469,54.29999923706055,53.33000183105469,53.93000030517578,17399900
2020-11-12,45.25222396850586,53.0099983215332,53.209999084472656,52.61000061035156,53.04999923706055,15024400
2020-11-13,45.62783432006836,53.45000076293945,53.5,52.88999938964844,53.25,12447900
2020-11-16,45.969295501708984,53.849998474121094,54.619998931884766,53.279998779296875,54.5,14908200
2020-11-17,45.82417297363281,53.68000030517578,53.75,53.029998779296875,53.65999984741211,14248400
2020-11-18,44.910770416259766,52.61000061035156,54.02000045776367,52.560001373291016,53.75,15278200
2020-11-19,45.35466384887695,53.130001068115234,53.22999954223633,51.95000076293945,52.4900016784668,17189500
2020-11-20,44.96198272705078,52.66999816894531,53.25,52.59000015258789,53.189998626708984,15645600
2020-11-23,44.97052001953125,52.68000030517578,53.16999816894531,52.20000076293945,52.95000076293945,13191900
2020-11-24,45.431488037109375,53.220001220703125,53.59000015258789,53.02000045776367,53.13999938964844,13827600
2020-11-25,45.18393325805664,52.93000030517578,53.279998779296875,52.790000915527344,53.06999969482422,10194800
2020-11-27,44.98760223388672,52.70000076293945,53.189998626708984,52.61000061035156,53.11000061035156,8499300
2020-11-30,44.39396286010742,51.599998474121094,52.189998626708984,51.08000183105469,52.09000015258789,43203600
2020-12-01,44.77250671386719,52.040000915527344,52.33000183105469,51.790000915527344,52.13999938964844,18968800
2020-12-02,44.83272933959961,52.11000061035156,52.130001068115234,51.63999938964844,51.900001525878906,14913100
2020-12-03,45.40916061401367,52.779998779296875,52.939998626708984,51.900001525878906,51.900001525878906,17318900
2020-12-04,46.32973861694336,53.849998474121094,53.869998931884766,52.7599983215332,52.779998779296875,18122400
2020-12-07,45.589839935302734,52.9900016784668,53.779998779296875,52.70000076293945,53.7599983215332,16210900
2020-12-08,45.75330352783203,53.18000030517578,53.47999954223633,52.790000915527344,52.939998626708984,12485800
2020-12-09,45.88235855102539,53.33000183105469,53.599998474121094,53.0,53.369998931884766,11508400
2020-12-10,45.64145278930664,53.04999923706055,53.5099983215332,52.97999954223633,53.400001525878906,12097300
2020-12-11,45.899559020996094,53.349998474121094,53.540000915527344,52.779998779296875,52.79999923706055,10638100
2020-12-14,45.83073806762695,53.27000045776367,53.84000015258789,53.18000030517578,53.650001525878906,22292000
2020-12-15,46.321136474609375,53.84000015258789,54.220001220703125,53.599998474121094,53.790000915527344,16193700
2020-12-16,45.650062561035156,53.060001373291016,53.79999923706055,52.939998626708984,53.599998474121094,15679600
2020-12-17,45.83073806762695,53.27000045776367,53.709999084472656,53.150001525878906,53.29999923706055,12677300
2020-12-18,46.235103607177734,53.7400016784668,53.84000015258789,52.619998931884766,53.08000183105469,35480100
2020-12-21,45.43497848510742,52.810001373291016,53.0,51.97999954223633,52.68000030517578,14926600
2020-12-22,45.39194869995117,52.7599983215332,53.18000030517578,52.38999938964844,52.810001373291016,9689500
2020-12-23,45.66726303100586,53.08000183105469,53.38999938964844,52.939998626708984,52.95000076293945,7040300
2020-12-24,45.97699737548828,53.439998626708984,53.54999923706055,53.02000045776367,53.02000045776367,3265500
2020-12-28,46.596439361572266,54.15999984741211,54.439998626708984,53.72999954223633,53.849998474121094,9020500
2020-12-29,46.57063674926758,54.130001068115234,54.4900016784668,54.02000045776367,54.45000076293945,8320600
2020-12-30,46.83734130859375,54.439998626708984,54.630001068115234,54.029998779296875,54.04999923706055,8142700
2020-12-31,47.18147659301758,54.84000015258789,54.93000030517578,54.27000045776367,54.45000076293945,8495000
2021-01-04,45.39194869995117,52.7599983215332,54.630001068115234,52.029998779296875,54.27000045776367,25611100
2021-01-05,44.892948150634766,52.18000030517578,52.619998931884766,52.029998779296875,52.33000183105469,20323800
2021-01-06,43.46477508544922,50.52000045776367,52.02000045776367,50.189998626708984,51.970001220703125,38724500
2021-01-07,42.98298645019531,49.959999084472656,50.2599983215332,49.52000045776367,50.09000015258789,53225700
2021-01-08,43.94657516479492,51.08000183105469,51.130001068115234,49.84000015258789,50.029998779296875,29674000
2021-01-11,43.18947219848633,50.20000076293945,50.86000061035156,49.95000076293945,50.619998931884766,19304400
2021-01-12,43.11204147338867,50.11000061035156,50.369998931884766,49.7599983215332,50.040000915527344,18538700
2021-01-13,43.155052185058594,50.15999984741211,50.36000061035156,49.95000076293945,49.97999954223633,18864100
2021-01-14,42.35492706298828,49.22999954223633,50.18000030517578,49.220001220703125,50.15999984741211,34303600
2021-01-15,41.89894485473633,48.70000076293945,49.18000030517578,48.529998779296875,49.15999984741211,24366800
2021-01-19,41.73548126220703,48.5099983215332,49.040000915527344,48.2400016784668,48.7400016784668,29114500
2021-01-20,41.881736755371094,48.68000030517578,48.81999969482422,48.310001373291016,48.540000915527344,23115800
2021-01-21,42.11403274536133,48.95000076293945,49.09000015258789,48.459999084472656,48.779998779296875,19702500
2021-01-22,41.71827697753906,48.4900016784668,48.939998626708984,48.4900016784668,48.810001373291016,15400300
2021-01-25,41.967769622802734,48.779998779296875,48.84000015258789,48.2400016784668,48.41999816894531,16604200
2021-01-26,42.40655517578125,49.290000915527344,49.400001525878906,48.61000061035156,48.90999984741211,12922600
2021-01-27,41.752685546875,48.529998779296875,49.31999969482422,48.22999954223633,48.88999938964844,21242400
2021-01-28,42.286109924316406,49.150001525878906,49.5,48.61000061035156,48.689998626708984,17498900
2021-01-29,41.425750732421875,48.150001525878906,49.119998931884766,48.11000061035156,49.029998779296875,18670300
2021-02-01,41.70966720581055,48.47999954223633,48.689998626708984,48.18000030517578,48.27000045776367,12183600
2021-02-02,42.12263488769531,48.959999084472656,49.349998474121094,48.630001068115234,48.79999923706055,13319800
2021-02-03,41.95916748046875,48.77000045776367,49.09000015258789,48.66999816894531,48.95000076293945,12274100
2021-02-04,42.1656494140625,49.0099983215332,49.06999969482422,48.650001525878906,48.959999084472656,20597400
2021-02-05,42.71627426147461,49.650001525878906,49.779998779296875,49.27000045776367,49.5,12742000
2021-02-08,42.94857406616211,49.91999816894531,50.16999816894531,49.4900016784668,49.959999084472656,17833200
2021-02-09,42.7592887878418,49.70000076293945,50.02000045776367,49.630001068115234,49.849998474121094,14592900
2021-02-10,42.67325973510742,49.599998474121094,50.58000183105469,49.529998779296875,50.40999984741211,22965400
2021-02-11,43.27550506591797,50.29999923706055,50.59000015258789,49.79999923706055,49.810001373291016,21928600
2021-02-12,43.61103820800781,50.689998626708984,50.849998474121094,50.38999938964844,50.56999969482422,13137100
2021-02-16,43.24969482421875,50.27000045776367,50.720001220703125,50.15999984741211,50.619998931884766,15093400
2021-02-17,43.12924575805664,50.130001068115234,50.4900016784668,49.88999938964844,50.0,12794300
2021-02-18,43.67987060546875,50.77000045776367,50.849998474121094,50.029998779296875,50.15999984741211,12747100
2021-02-19,43.11204147338867,50.11000061035156,50.83000183105469,49.970001220703125,50.790000915527344,15968800
2021-02-22,43.559417724609375,50.630001068115234,50.880001068115234,49.66999816894531,49.849998474121094,14370900
2021-02-23,43.48198699951172,50.540000915527344,51.5099983215332,50.41999816894531,51.0,16222300
2021-02-24,43.62824249267578,50.709999084472656,50.900001525878906,50.130001068115234,50.38999938964844,14442000
2021-02-25,43.163658142089844,50.16999816894531,50.75,49.97999954223633,50.470001220703125,14211100
2021-02-26,42.14844512939453,48.9900016784668,50.209999084472656,48.970001220703125,50.20000076293945,23638400
2021-03-01,42.93136978149414,49.900001525878906,50.439998626708984,49.400001525878906,49.439998626708984,13901200
2021-03-02,43.10343551635742,50.099998474121094,50.560001373291016,49.70000076293945,49.84000015258789,11755100
2021-03-03,43.000186920166016,49.97999954223633,50.560001373291016,49.709999084472656,49.720001220703125,15410700
2021-03-04,42.96577835083008,49.939998626708984,51.09000015258789,49.619998931884766,50.310001373291016,22036400
2021-03-05,43.69707107543945,50.790000915527344,50.95000076293945,49.900001525878906,50.04999923706055,21310800
2021-03-08,44.428375244140625,51.63999938964844,52.4900016784668,51.15999984741211,51.470001220703125,25084900
2021-03-09,43.757293701171875,50.86000061035156,51.880001068115234,50.81999969482422,51.720001220703125,23082700
2021-03-10,44.25630187988281,51.439998626708984,51.630001068115234,50.720001220703125,51.18000030517578,21331600
2021-03-11,43.774505615234375,50.880001068115234,51.43000030517578,50.810001373291016,51.40999984741211,17417700
2021-03-12,43.687747955322266,50.36000061035156,50.68000030517578,50.20000076293945,50.59000015258789,17598600
2021-03-15,44.268985748291016,51.029998779296875,51.119998931884766,50.470001220703125,50.5,13411900
2021-03-16,44.433807373046875,51.220001220703125,51.52000045776367,51.040000915527344,51.20000076293945,14214200
2021-03-17,44.4511604309082,51.2400016784668,51.619998931884766,51.150001525878906,51.25,17502700
2021-03-18,43.869930267333984,50.56999969482422,51.189998626708984,50.4900016784668,51.060001373291016,18007300
2021-03-19,44.078121185302734,50.810001373291016,51.08000183105469,50.16999816894531,50.459999084472656,67845700
2021-03-22,44.24296569824219,51.0,51.08000183105469,50.31999969482422,50.31999969482422,17911400
2021-03-23,44.58128356933594,51.38999938964844,51.650001525878906,50.83000183105469,50.9900016784668,16936700
2021-03-24,44.69406509399414,51.52000045776367,51.88999938964844,51.150001525878906,51.16999816894531,14997400
2021-03-25,45.1278190612793,52.02000045776367,52.060001373291016,51.16999816894531,51.70000076293945,17091900
2021-03-26,46.01266860961914,53.040000915527344,53.11000061035156,51.7599983215332,52.13999938964844,17126700
2021-03-29,46.715354919433594,53.849998474121094,53.939998626708984,52.709999084472656,52.72999954223633,17514100
2021-03-30,46.108097076416016,53.150001525878906,53.790000915527344,52.93000030517578,53.75,14871800
2021-03-31,45.726402282714844,52.709999084472656,53.16999816894531,52.5,53.029998779296875,15826500
2021-04-01,45.55289077758789,52.5099983215332,53.150001525878906,52.459999084472656,52.959999084472656,15834700
2021-04-05,45.813148498535156,52.810001373291016,53.220001220703125,52.290000915527344,52.349998474121094,16368700
2021-04-06,46.14279556274414,53.189998626708984,53.650001525878906,52.900001525878906,53.040000915527344,15614300
2021-04-07,46.220882415771484,53.279998779296875,53.5,53.119998931884766,53.279998779296875,10062700
2021-04-08,46.08207321166992,53.119998931884766,53.380001068115234,52.970001220703125,53.16999816894531,9695600
2021-04-09,46.13412094116211,53.18000030517578,53.279998779296875,52.810001373291016,53.16999816894531,10828200
2021-04-12,46.28160095214844,53.349998474121094,53.54999923706055,53.099998474121094,53.33000183105469,8565300
2021-04-13,46.05604934692383,53.09000015258789,53.290000915527344,52.810001373291016,53.040000915527344,11071700
2021-04-14,46.04737854003906,53.08000183105469,53.189998626708984,52.650001525878906,52.97999954223633,9787600
2021-04-15,46.26425552368164,53.33000183105469,53.65999984741211,53.119998931884766,53.130001068115234,13078100
2021-04-16,46.5678825378418,53.68000030517578,53.79999923706055,53.380001068115234,53.7400016784668,17974100
2021-04-19,46.84548568725586,54.0,54.36000061035156,53.29999923706055,54.0,19352900
2021-04-20,46.99296188354492,54.16999816894531,54.59000015258789,53.810001373291016,53.84000015258789,14419200
2021-04-21,47.37466812133789,54.61000061035156,54.7400016784668,54.2400016784668,54.2400016784668,13866500
2021-04-22,47.22718811035156,54.439998626708984,54.869998931884766,54.31999969482422,54.470001220703125,12558900
2021-04-23,47.25321960449219,54.470001220703125,54.59000015258789,54.16999816894531,54.400001525878906,9020500
2021-04-26,46.550533294677734,53.65999984741211,54.5099983215332,53.58000183105469,54.470001220703125,11684600
2021-04-27,46.48113250732422,53.58000183105469,53.70000076293945,53.31999969482422,53.560001373291016,9852400
2021-04-28,46.489803314208984,53.59000015258789,54.04999923706055,53.439998626708984,53.97999954223633,10868100
2021-04-29,47.071041107177734,54.2599983215332,54.36000061035156,53.43000030517578,53.540000915527344,15391000
2021-04-30,46.82813262939453,53.97999954223633,54.27000045776367,53.689998626708984,54.25,14912600
2021-05-03,47.26189422607422,54.47999954223633,54.79999923706055,54.15999984741211,54.27000045776367,10417900
2021-05-04,46.9669303894043,54.13999938964844,54.619998931884766,53.939998626708984,54.56999969482422,14151000
2021-05-05,46.84548568725586,54.0,54.2400016784668,53.709999084472656,54.13999938964844,9665900
2021-05-06,47.31394577026367,54.540000915527344,54.61000061035156,54.04999923706055,54.119998931884766,11572700
2021-05-07,47.28791427612305,54.5099983215332,54.77000045776367,54.15999984741211,54.439998626708984,10637500
2021-05-10,47.634910583496094,54.90999984741211,55.5,54.83000183105469,54.880001068115234,15545800
2021-05-11,47.12308883666992,54.31999969482422,55.13999938964844,54.04999923706055,55.029998779296875,12986700
2021-05-12,46.880184173583984,54.040000915527344,54.560001373291016,53.880001068115234,54.36000061035156,15836500
2021-05-13,47.28791427612305,54.5099983215332,54.779998779296875,53.83000183105469,53.970001220703125,15475800
2021-05-14,47.478759765625,54.72999954223633,55.099998474121094,54.689998626708984,54.900001525878906,11725300
2021-05-17,47.40068817138672,54.63999938964844,55.02000045776367,54.5,54.84000015258789,12119800
2021-05-18,47.140438079833984,54.34000015258789,54.560001373291016,54.099998474121094,54.38999938964844,13232500
2021-05-19,46.99296188354492,54.16999816894531,54.18000030517578,53.61000061035156,54.119998931884766,15126100
2021-05-20,47.40937042236328,54.650001525878906,54.79999923706055,54.119998931884766,54.119998931884766,10948400
2021-05-21,47.38332748413086,54.619998931884766,55.119998931884766,54.220001220703125,54.79999923706055,16033200
2021-05-24,47.539493560791016,54.79999923706055,54.93000030517578,54.4900016784668,54.630001068115234,10326100
2021-05-25,47.53081512451172,54.790000915527344,54.81999969482422,54.349998474121094,54.81999969482422,11916500
2021-05-26,47.739013671875,55.029998779296875,55.04999923706055,54.59000015258789,54.97999954223633,16064300
2021-05-27,48.13807678222656,55.4900016784668,55.56999969482422,54.779998779296875,55.209999084472656,59109600
2021-05-28,47.96457290649414,55.290000915527344,55.709999084472656,55.20000076293945,55.349998474121094,17011600
2021-06-01,47.955894470214844,55.279998779296875,55.650001525878906,55.099998474121094,55.34000015258789,13304000
2021-06-02,48.1467399597168,55.5,55.560001373291016,55.2599983215332,55.5,11328500
2021-06-03,48.26819610595703,55.63999938964844,55.7400016784668,55.099998474121094,55.18000030517578,17364300
2021-06-04,48.78872299194336,56.2400016784668,56.47999954223633,55.779998779296875,55.900001525878906,18935100
2021-06-07,48.61520004272461,56.040000915527344,56.34000015258789,55.810001373291016,56.310001373291016,14010800
2021-06-08,48.27688217163086,55.650001525878906,56.25,55.54999923706055,56.25,10968300
2021-06-09,48.12939453125,55.47999954223633,55.91999816894531,55.47999954223633,55.75,9838800
2021-06-10,48.50242614746094,55.90999984741211,56.119998931884766,55.7599983215332,55.90999984741211,12444400
2021-06-11,48.719303131103516,56.15999984741211,56.209999084472656,55.65999984741211,55.9900016784668,11825800
2021-06-14,48.55323028564453,55.54999923706055,55.709999084472656,55.20000076293945,55.689998626708984,9710800
2021-06-15,48.43086624145508,55.40999984741211,55.790000915527344,55.189998626708984,55.779998779296875,11154200
2021-06-16,47.78407287597656,54.66999816894531,55.459999084472656,54.63999938964844,55.439998626708984,15211700
2021-06-17,48.02881622314453,54.95000076293945,55.150001525878906,54.650001525878906,54.66999816894531,10658400
2021-06-18,46.9974365234375,53.77000045776367,54.619998931884766,53.720001220703125,54.5099983215332,31445600
2021-06-21,47.513126373291016,54.36000061035156,54.43000030517578,54.0,54.220001220703125,14404300
2021-06-22,47.68793487548828,54.560001373291016,54.849998474121094,54.2599983215332,54.34000015258789,13072800
2021-06-23,47.3033447265625,54.119998931884766,54.599998474121094,54.11000061035156,54.560001373291016,12339200
2021-06-24,47.53934097290039,54.38999938964844,54.41999816894531,54.0,54.2599983215332,11488400
2021-06-25,47.4781608581543,54.31999969482422,54.470001220703125,54.0099983215332,54.2400016784668,18880300
2021-06-28,47.42572021484375,54.2599983215332,54.369998931884766,54.0,54.25,10556900
2021-06-29,47.07609939575195,53.86000061035156,54.34000015258789,53.720001220703125,54.130001068115234,12300900
2021-06-30,47.294612884521484,54.11000061035156,54.18000030517578,53.75,53.79999923706055,14614200
2021-07-01,47.16350555419922,53.959999084472656,54.47999954223633,53.86000061035156,54.34000015258789,13214700
2021-07-02,47.35580062866211,54.18000030517578,54.45000076293945,54.0,54.0,10604600
2021-07-06,47.09358215332031,53.880001068115234,54.09000015258789,53.54999923706055,53.9900016784668,15278200
2021-07-07,47.4781608581543,54.31999969482422,54.380001068115234,53.720001220703125,53.720001220703125,14377700
2021-07-08,47.31209182739258,54.130001068115234,54.16999816894531,53.7400016784668,54.0099983215332,11943900
2021-07-09,47.600521087646484,54.459999084472656,54.52000045776367,54.18000030517578,54.25,10847000
2021-07-12,47.618011474609375,54.47999954223633,54.599998474121094,54.27000045776367,54.31999969482422,15107600
2021-07-13,48.089988708496094,55.02000045776367,55.29999923706055,54.75,54.95000076293945,15170800
2021-07-14,49.173805236816406,56.2599983215332,56.349998474121094,54.959999084472656,55.02000045776367,22002700
2021-07-15,49.331138610839844,56.439998626708984,56.470001220703125,55.90999984741211,56.2400016784668,15068200
2021-07-16,49.29618453979492,56.400001525878906,56.68000030517578,56.2599983215332,56.459999084472656,14860500
2021-07-19,48.71055603027344,55.72999954223633,56.349998474121094,55.15999984741211,56.08000183105469,19527000
2021-07-20,48.7979736328125,55.83000183105469,56.33000183105469,55.52000045776367,55.72999954223633,16257900
2021-07-21,49.427284240722656,56.54999923706055,57.560001373291016,56.43000030517578,57.33000183105469,20918200
2021-07-22,49.35736083984375,56.470001220703125,56.7400016784668,56.04999923706055,56.619998931884766,13402700
2021-07-23,49.829341888427734,57.0099983215332,57.33000183105469,56.45000076293945,56.59000015258789,12144000
2021-07-26,49.873050689697266,57.060001373291016,57.119998931884766,56.560001373291016,56.88999938964844,8681100
2021-07-27,50.047855377197266,57.2599983215332,57.540000915527344,56.91999816894531,57.11000061035156,12794400
2021-07-28,49.59334945678711,56.7400016784668,57.15999984741211,56.630001068115234,56.9900016784668,9858000
2021-07-29,49.86431121826172,57.04999923706055,57.25,56.86000061035156,57.06999969482422,9599100
2021-07-30,49.84682083129883,57.029998779296875,57.25,56.900001525878906,57.150001525878906,11727000
2021-08-02,49.71572494506836,56.880001068115234,57.2400016784668,56.709999084472656,57.20000076293945,9778000
2021-08-03,49.75067901611328,56.91999816894531,57.0,56.75,57.0,8825500
2021-08-04,49.03396224975586,56.099998474121094,56.95000076293945,56.0099983215332,56.75,11888400
2021-08-05,49.383575439453125,56.5,56.59000015258789,56.290000915527344,56.439998626708984,9806800
2021-08-06,49.50595474243164,56.63999938964844,56.7400016784668,56.439998626708984,56.599998474121094,10409300
2021-08-09,49.51469039916992,56.650001525878906,56.880001068115234,56.43000030517578,56.79999923706055,8859900
2021-08-10,49.64579391479492,56.79999923706055,57.16999816894531,56.65999984741211,56.84000015258789,10906900
2021-08-11,49.5846061706543,56.72999954223633,57.18000030517578,56.709999084472656,56.88999938964844,8370700
2021-08-12,49.68075942993164,56.84000015258789,56.97999954223633,56.72999954223633,56.72999954223633,6169200
2021-08-13,50.02162551879883,57.22999954223633,57.29999923706055,56.77000045776367,56.810001373291016,7714200
2021-08-16,50.24013900756836,57.47999954223633,57.4900016784668,57.029998779296875,57.20000076293945,7972000
2021-08-17,50.06533432006836,57.279998779296875,57.560001373291016,57.0099983215332,57.459999084472656,10346400
2021-08-18,49.383575439453125,56.5,57.22999954223633,56.41999816894531,57.189998626708984,13873700
2021-08-19,49.698238372802734,56.86000061035156,56.97999954223633,55.95000076293945,56.060001373291016,9223700
2021-08-20,49.50595474243164,56.63999938964844,57.029998779296875,56.58000183105469,56.84000015258789,10543600
2021-08-23,49.331138610839844,56.439998626708984,56.75,56.380001068115234,56.66999816894531,8912800
2021-08-24,48.95528793334961,56.0099983215332,56.63999938964844,55.900001525878906,56.63999938964844,12067200
2021-08-25,49.00775146484375,56.06999969482422,56.16999816894531,55.72999954223633,56.060001373291016,11270700
2021-08-26,48.54450225830078,55.540000915527344,55.97999954223633,55.5099983215332,55.95000076293945,10331500
2021-08-27,48.640647888183594,55.650001525878906,55.790000915527344,55.45000076293945,55.65999984741211,8844100
2021-08-30,49.103885650634766,56.18000030517578,56.20000076293945,55.63999938964844,55.689998626708984,10034700
2021-08-31,49.217506408691406,56.310001373291016,56.52000045776367,56.0,56.15999984741211,14185700
2021-09-01,49.54964828491211,56.689998626708984,56.79999923706055,56.279998779296875,56.380001068115234,9518900
2021-09-02,49.61957931518555,56.77000045776367,57.029998779296875,56.40999984741211,56.77000045776367,11653200
2021-09-03,49.5846061706543,56.72999954223633,56.77000045776367,56.25,56.459999084472656,13220400
2021-09-07,48.65812301635742,55.66999816894531,56.689998626708984,55.5099983215332,56.599998474121094,20035300
2021-09-08,49.313655853271484,56.41999816894531,56.47999954223633,55.61000061035156,55.61000061035156,12040100
2021-09-09,48.82418441772461,55.86000061035156,56.41999816894531,55.79999923706055,56.18000030517578,12545400
2021-09-10,48.605682373046875,55.61000061035156,56.130001068115234,55.52000045776367,56.0099983215332,10573700
2021-09-13,49.00775146484375,56.06999969482422,56.400001525878906,55.7400016784668,55.7400016784668,20274300
2021-09-14,49.0429573059082,55.689998626708984,55.97999954223633,55.54999923706055,55.91999816894531,13918900
2021-09-15,49.210289001464844,55.880001068115234,56.0,55.41999816894531,55.68000030517578,15746000
2021-09-16,48.743553161621094,55.349998474121094,55.9900016784668,54.81999969482422,55.720001220703125,17430400
2021-09-17,47.942161560058594,54.439998626708984,55.189998626708984,54.369998931884766,55.02000045776367,33370200
2021-09-20,47.60751724243164,54.060001373291016,54.400001525878906,53.72999954223633,54.11000061035156,27542500
2021-09-21,47.59870910644531,54.04999923706055,54.81999969482422,53.939998626708984,54.38999938964844,16418200
2021-09-22,47.669166564941406,54.130001068115234,54.560001373291016,54.060001373291016,54.5099983215332,12719700
2021-09-23,47.58990478515625,54.040000915527344,54.619998931884766,54.0,54.2599983215332,13836200
2021-09-24,47.45780944824219,53.88999938964844,54.2400016784668,53.86000061035156,54.0,9682200
2021-09-27,47.211238861083984,53.61000061035156,54.25,53.56999969482422,53.849998474121094,12429500
2021-09-28,46.357017517089844,52.63999938964844,53.459999084472656,52.43000030517578,53.459999084472656,19926100
2021-09-29,46.638816833496094,52.959999084472656,53.15999984741211,52.560001373291016,52.63999938964844,13941500
2021-09-30,46.207298278808594,52.470001220703125,53.33000183105469,52.43000030517578,53.16999816894531,17672000
2021-10-01,46.69164276123047,53.02000045776367,53.20000076293945,52.56999969482422,52.779998779296875,16277400
2021-10-04,46.66522979736328,52.9900016784668,53.529998779296875,52.400001525878906,53.060001373291016,18973400
2021-10-05,46.74449157714844,53.08000183105469,53.470001220703125,52.93000030517578,53.02000045776367,17173100
2021-10-06,47.29930114746094,53.709999084472656,53.77000045776367,52.5099983215332,52.77000045776367,21284500
2021-10-07,47.449005126953125,53.880001068115234,54.279998779296875,53.810001373291016,53.9900016784668,13774400
2021-10-08,47.66035079956055,54.119998931884766,54.38999938964844,53.900001525878906,54.0,13786800
2021-10-11,47.75722122192383,54.22999954223633,54.38999938964844,54.0099983215332,54.209999084472656,12378500
2021-10-12,47.75722122192383,54.22999954223633,54.83000183105469,54.220001220703125,54.41999816894531,19474400
2021-10-13,47.76604461669922,54.2400016784668,54.43000030517578,53.790000915527344,54.16999816894531,12143300
2021-10-14,48.09187316894531,54.61000061035156,54.810001373291016,54.310001373291016,54.38999938964844,13704000
2021-10-15,47.97739028930664,54.47999954223633,54.880001068115234,54.290000915527344,54.63999938964844,17867000
2021-10-18,47.50183868408203,53.939998626708984,54.38999938964844,53.86000061035156,54.349998474121094,15861800
2021-10-19,47.686771392822266,54.150001525878906,54.20000076293945,53.77000045776367,54.040000915527344,11068500
2021-10-20,48.1094856262207,54.630001068115234,54.7599983215332,54.11000061035156,54.18000030517578,12474800
2021-10-21,47.86290740966797,54.349998474121094,54.66999816894531,54.209999084472656,54.599998474121094,14388300
2021-10-22,47.95098114013672,54.45000076293945,54.529998779296875,54.06999969482422,54.38999938964844,12828600
2021-10-25,47.75722122192383,54.22999954223633,54.470001220703125,54.02000045776367,54.380001068115234,11855000
2021-10-26,47.96858596801758,54.470001220703125,54.58000183105469,54.22999954223633,54.31999969482422,12086700
2021-10-27,48.89326095581055,55.52000045776367,56.08000183105469,55.27000045776367,55.970001220703125,24019800
2021-10-28,49.351192474365234,56.040000915527344,56.11000061035156,55.619998931884766,55.75,15928000
2021-10-29,49.64179992675781,56.369998931884766,56.470001220703125,55.779998779296875,55.869998931884766,24463700
2021-11-01,49.46567916870117,56.16999816894531,56.400001525878906,55.900001525878906,56.38999938964844,11651100
2021-11-02,49.404029846191406,56.099998474121094,56.5,55.970001220703125,56.470001220703125,11498900
2021-11-03,49.57135009765625,56.290000915527344,56.33000183105469,55.779998779296875,56.0,10788300
2021-11-04,49.84434509277344,56.599998474121094,56.630001068115234,56.029998779296875,56.11000061035156,10820200
2021-11-05,50.05570602416992,56.84000015258789,57.15999984741211,56.59000015258789,56.84000015258789,12886700
2021-11-08,49.606571197509766,56.33000183105469,56.88999938964844,56.130001068115234,56.75,12828000
2021-11-09,49.74748229980469,56.4900016784668,56.52000045776367,56.09000015258789,56.40999984741211,10155800
2021-11-10,49.95002746582031,56.720001220703125,56.91999816894531,56.290000915527344,56.540000915527344,8813600
2021-11-11,49.9676399230957,56.7400016784668,56.880001068115234,56.56999969482422,56.83000183105469,7257700
2021-11-12,49.8531608581543,56.61000061035156,56.9900016784668,56.54999923706055,56.75,10162500
2021-11-15,49.861968994140625,56.619998931884766,56.68000030517578,56.27000045776367,56.529998779296875,10289200
2021-11-16,49.50970458984375,56.220001220703125,56.939998626708984,56.189998626708984,56.619998931884766,13756500
2021-11-17,49.2367057800293,55.90999984741211,56.04999923706055,55.650001525878906,56.040000915527344,13288700
2021-11-18,48.796382904052734,55.40999984741211,55.93000030517578,55.13999938964844,55.83000183105469,15380100
2021-11-19,48.54981231689453,55.130001068115234,55.4900016784668,54.900001525878906,55.439998626708984,15813700
2021-11-22,48.84922790527344,55.470001220703125,56.02000045776367,55.08000183105469,55.099998474121094,16905600
2021-11-23,49.210289001464844,55.880001068115234,56.11000061035156,55.5,55.65999984741211,13835900
2021-11-24,48.81399917602539,55.43000030517578,55.84000015258789,55.029998779296875,55.709999084472656,12598900
2021-11-26,47.31690216064453,53.72999954223633,54.75,53.58000183105469,54.59000015258789,14754300
2021-11-29,48.065452575683594,54.58000183105469,54.72999954223633,53.93000030517578,54.04999923706055,22712500
2021-11-30,46.547874450683594,52.45000076293945,53.630001068115234,52.439998626708984,53.599998474121094,30485200
2021-12-01,46.41476058959961,52.29999923706055,53.52000045776367,52.279998779296875,52.97999954223633,18719600
2021-12-02,47.098106384277344,53.06999969482422,53.34000015258789,52.5099983215332,52.599998474121094,17074200
2021-12-03,47.51521682739258,53.540000915527344,53.61000061035156,52.97999954223633,53.33000183105469,21064400
2021-12-06,48.73106002807617,54.90999984741211,55.25,54.13999938964844,54.310001373291016,26624100
2021-12-07,48.99729919433594,55.209999084472656,55.41999816894531,54.849998474121094,55.02000045776367,23832700
2021-12-08,48.81092834472656,55.0,55.349998474121094,54.36000061035156,55.119998931884766,18026300
2021-12-09,48.686683654785156,54.86000061035156,55.130001068115234,54.59000015258789,54.75,13846400
2021-12-10,49.94689178466797,56.279998779296875,56.31999969482422,55.06999969482422,55.25,23153600
2021-12-13,51.260345458984375,57.7599983215332,57.93000030517578,56.959999084472656,56.97999954223633,31362800
2021-12-14,51.29584503173828,57.79999923706055,58.16999816894531,57.400001525878906,57.400001525878906,24806600
2021-12-15,51.52659225463867,58.060001373291016,58.25,57.650001525878906,57.93000030517578,24923800
2021-12-16,52.050201416015625,58.650001525878906,58.880001068115234,57.900001525878906,57.97999954223633,24696900
2021-12-17,51.23373031616211,57.72999954223633,58.91999816894531,57.70000076293945,58.4900016784668,51874400
2021-12-20,51.06510925292969,57.540000915527344,57.779998779296875,57.0,57.20000076293945,20879500
2021-12-21,51.269229888916016,57.77000045776367,57.970001220703125,57.529998779296875,57.61000061035156,15864900
2021-12-22,51.633087158203125,58.18000030517578,58.189998626708984,57.4900016784668,57.709999084472656,12447400
2021-12-23,51.6685905456543,58.220001220703125,58.61000061035156,57.939998626708984,58.52000045776367,11027300
2021-12-27,52.050201416015625,58.650001525878906,58.689998626708984,58.0,58.0,9860000
2021-12-28,52.25432205200195,58.880001068115234,58.939998626708984,58.29999923706055,58.400001525878906,8979900
2021-12-29,52.31644058227539,58.95000076293945,59.099998474121094,58.65999984741211,58.95000076293945,9996000
2021-12-30,52.16556930541992,58.779998779296875,59.22999954223633,58.7599983215332,59.060001373291016,7703900
2021-12-31,52.547183990478516,59.209999084472656,59.349998474121094,58.70000076293945,58.75,10021300
2022-01-03,52.62705612182617,59.29999923706055,59.310001373291016,58.380001068115234,58.81999969482422,20187300
2022-01-04,53.50564956665039,60.290000915527344,60.540000915527344,59.59000015258789,59.72999954223633,26141600
2022-01-05,53.94939041137695,60.790000915527344,61.20000076293945,60.04999923706055,60.09000015258789,22507300
2022-01-06,53.665401458740234,60.470001220703125,61.119998931884766,60.439998626708984,60.470001220703125,17902300
2022-01-07,53.5411491394043,60.33000183105469,60.720001220703125,60.060001373291016,60.279998779296875,12307900
2022-01-10,53.629905700683594,60.43000030517578,60.81999969482422,60.18000030517578,60.54999923706055,20954300
2022-01-11,53.647647857666016,60.45000076293945,60.4900016784668,59.84000015258789,60.43000030517578,19369600
2022-01-12,53.72752380371094,60.540000915527344,60.689998626708984,60.189998626708984,60.529998779296875,15753800
2022-01-13,54.04701614379883,60.900001525878906,61.040000915527344,60.38999938964844,60.540000915527344,14318000
2022-01-14,54.48187255859375,61.38999938964844,61.45000076293945,60.36000061035156,60.939998626708984,19729600
2022-01-18,54.04701614379883,60.900001525878906,61.189998626708984,60.45000076293945,61.060001373291016,21976700
2022-01-19,54.13576126098633,61.0,61.18000030517578,60.560001373291016,60.65999984741211,18654700
2022-01-20,53.91389083862305,60.75,61.439998626708984,60.720001220703125,61.0,23002400
2022-01-21,53.647647857666016,60.45000076293945,61.29999923706055,60.400001525878906,61.08000183105469,26643200
2022-01-24,53.21279525756836,59.959999084472656,60.349998474121094,58.56999969482422,59.900001525878906,30185100
2022-01-25,53.08854293823242,59.81999969482422,60.04999923706055,58.689998626708984,59.36000061035156,19027100
2022-01-26,52.893287658691406,59.599998474121094,60.349998474121094,59.209999084472656,59.790000915527344,19190200
2022-01-27,52.937679290771484,59.650001525878906,60.93000030517578,59.5,59.880001068115234,18893800
2022-01-28,53.99375534057617,60.84000015258789,60.88999938964844,58.939998626708984,59.38999938964844,19101500
2022-01-31,54.14462661743164,61.0099983215332,61.13999938964844,60.150001525878906,60.29999923706055,22045300
2022-02-01,53.74527359008789,60.560001373291016,61.13999938964844,60.15999984741211,60.90999984741211,20841700
2022-02-02,54.295494079589844,61.18000030517578,61.27000045776367,60.560001373291016,60.619998931884766,20225600
2022-02-03,54.6771125793457,61.61000061035156,61.779998779296875,60.59000015258789,60.939998626708984,19440500
2022-02-04,54.10026168823242,60.959999084472656,61.68000030517578,60.56999969482422,61.4900016784668,17403700
2022-02-07,54.668243408203125,61.599998474121094,61.720001220703125,60.86000061035156,61.380001068115234,17846400
2022-02-08,55.023223876953125,62.0,62.33000183105469,61.7400016784668,61.83000183105469,18771700
2022-02-09,54.1712646484375,61.040000915527344,62.31999969482422,60.900001525878906,62.16999816894531,23595600
2022-02-10,54.472999572753906,61.380001068115234,62.29999923706055,60.20000076293945,60.36000061035156,23561500
2022-02-11,53.50564956665039,60.290000915527344,61.97999954223633,60.150001525878906,61.77000045776367,22781400
2022-02-14,53.851768493652344,60.68000030517578,60.790000915527344,59.279998779296875,60.15999984741211,23641300
2022-02-15,54.055885314941406,60.90999984741211,61.779998779296875,60.630001068115234,60.959999084472656,13408700
2022-02-16,54.04701614379883,60.900001525878906,61.400001525878906,60.560001373291016,60.86000061035156,15484700
2022-02-17,55.12971496582031,62.119998931884766,62.279998779296875,60.40999984741211,60.54999923706055,21468700
2022-02-18,55.50246810913086,62.540000915527344,62.81999969482422,61.9900016784668,62.119998931884766,21975000
2022-02-22,55.27172088623047,62.279998779296875,62.63999938964844,61.720001220703125,62.43000030517578,21731400
2022-02-23,54.659366607666016,61.59000015258789,62.33000183105469,61.34000015258789,62.2400016784668,19248500
2022-02-24,53.70090103149414,60.5099983215332,60.619998931884766,59.220001220703125,59.970001220703125,27207400
2022-02-25,55.7775764465332,62.849998474121094,62.900001525878906,60.91999816894531,60.939998626708984,21487800
2022-02-28,55.23622512817383,62.2400016784668,62.34000015258789,61.40999984741211,61.650001525878906,25879100
2022-03-01,54.996612548828125,61.970001220703125,62.75,61.5099983215332,62.13999938964844,15871100
2022-03-02,55.404842376708984,62.43000030517578,62.880001068115234,61.779998779296875,62.22999954223633,17319100
2022-03-03,55.44034957885742,62.470001220703125,63.02000045776367,62.290000915527344,62.61000061035156,21262800
2022-03-04,55.529083251953125,62.56999969482422,62.59000015258789,61.20000076293945,61.459999084472656,17163000
2022-03-07,54.206764221191406,61.08000183105469,62.06999969482422,60.720001220703125,62.0099983215332,29151400
2022-03-08,52.059078216552734,58.65999984741211,61.540000915527344,58.59000015258789,61.45000076293945,30242100
2022-03-09,52.325313568115234,58.959999084472656,59.84000015258789,58.65999984741211,59.81999969482422,23022700
2022-03-10,51.36684799194336,57.880001068115234,58.65999984741211,57.5,58.47999954223633,20887300
2022-03-11,51.402339935302734,57.91999816894531,58.849998474121094,57.86000061035156,57.959999084472656,19855600
2022-03-14,52.35026550292969,58.540000915527344,59.040000915527344,57.970001220703125,57.970001220703125,17799400
2022-03-15,53.316070556640625,59.619998931884766,59.88999938964844,58.97999954223633,59.08000183105469,18607200
2022-03-16,53.172996520996094,59.459999084472656,59.939998626708984,58.61000061035156,59.779998779296875,17347300
2022-03-17,53.73637390136719,60.09000015258789,60.13999938964844,59.22999954223633,59.459999084472656,15586200
2022-03-18,53.74531936645508,60.099998474121094,60.29999923706055,59.709999084472656,60.29999923706055,30197800
2022-03-21,54.17456817626953,60.58000183105469,61.099998474121094,60.25,60.5,17440100
2022-03-22,54.371307373046875,60.79999923706055,60.95000076293945,60.060001373291016,60.93000030517578,17559500
2022-03-23,54.01361083984375,60.400001525878906,60.97999954223633,60.0,60.75,15529200
2022-03-24,54.53226852416992,60.97999954223633,61.02000045776367,60.459999084472656,60.63999938964844,13151300
2022-03-25,55.024112701416016,61.529998779296875,61.61000061035156,61.04999923706055,61.119998931884766,12259800
2022-03-28,55.37287521362305,61.91999816894531,61.939998626708984,61.209999084472656,61.529998779296875,11485200
2022-03-29,55.58750915527344,62.15999984741211,62.529998779296875,61.7400016784668,62.209999084472656,14720600
2022-03-30,55.63221740722656,62.209999084472656,62.209999084472656,61.560001373291016,62.0099983215332,13641000
2022-03-31,55.44442367553711,62.0,62.63999938964844,62.0,62.220001220703125,16822900
2022-04-01,56.22243118286133,62.869998931884766,62.95000076293945,62.09000015258789,62.33000183105469,12644900
2022-04-04,55.927330017089844,62.540000915527344,62.790000915527344,61.720001220703125,62.599998474121094,11505800
2022-04-05,55.86472702026367,62.470001220703125,63.2400016784668,62.369998931884766,62.400001525878906,15721200
2022-04-06,56.4281120300293,63.099998474121094,63.2599983215332,62.29999923706055,62.77000045776367,19267400
2022-04-07,56.73216247558594,63.439998626708984,63.66999816894531,62.709999084472656,63.130001068115234,13960800
2022-04-08,57.0809326171875,63.83000183105469,64.04000091552734,63.15999984741211,63.47999954223633,12703500
2022-04-11,57.06304168701172,63.810001373291016,64.30000305175781,63.63999938964844,63.90999984741211,12720100
2022-04-12,57.733734130859375,64.55999755859375,64.80999755859375,63.88999938964844,64.37999725341797,18089900
2022-04-13,57.885772705078125,64.7300033569336,64.87000274658203,64.2300033569336,64.44000244140625,11883000
2022-04-14,58.14509963989258,65.0199966430664,65.56999969482422,64.81999969482422,64.95999908447266,16388400
2022-04-18,57.62643051147461,64.44000244140625,65.18000030517578,64.18000030517578,64.7699966430664,11679400
2022-04-19,58.1898193359375,65.06999969482422,65.25,64.44000244140625,64.5,11993800
2022-04-20,58.98571014404297,65.95999908447266,66.23999786376953,65.4000015258789,65.44000244140625,14827100
2022-04-21,59.20927047729492,66.20999908447266,67.0,65.72000122070312,65.9800033569336,15120400
2022-04-22,58.35078048706055,65.25,66.33999633789062,65.18000030517578,66.08000183105469,14902200
2022-04-25,58.96782684326172,65.94000244140625,67.19999694824219,64.77999877929688,67.0,25082000
2022-04-26,58.17192840576172,65.05000305175781,66.37000274658203,65.04000091552734,65.5199966430664,21982600
2022-04-27,58.62800979614258,65.55999755859375,66.27999877929688,65.0,65.0,16971000
2022-04-28,59.1913948059082,66.19000244140625,66.27999877929688,64.5,64.66000366210938,22010600
2022-04-29,57.77845764160156,64.61000061035156,66.02999877929688,64.48999786376953,65.87000274658203,20137100
2022-05-02,56.73216247558594,63.439998626708984,65.30999755859375,62.58000183105469,65.27999877929688,24970300
2022-05-03,56.41023635864258,63.08000183105469,63.939998626708984,62.66999816894531,63.720001220703125,21686300
2022-05-04,58.15403747558594,65.02999877929688,65.12000274658203,62.939998626708984,63.0,19780200
2022-05-05,57.689029693603516,64.51000213623047,65.02999877929688,64.01000213623047,64.69000244140625,20155200
2022-05-06,57.894718170166016,64.73999786376953,65.30999755859375,64.06999969482422,64.19999694824219,18984000
2022-05-09,57.77845764160156,64.61000061035156,65.36000061035156,64.04000091552734,64.47000122070312,20055300
2022-05-10,57.241905212402344,64.01000213623047,65.31999969482422,63.849998474121094,64.5,21322200
2022-05-11,57.510169982910156,64.30999755859375,65.19999694824219,63.959999084472656,64.33000183105469,19648400
2022-05-12,57.689029693603516,64.51000213623047,64.52999877929688,63.209999084472656,64.16000366210938,22574700
2022-05-13,58.77108383178711,65.72000122070312,65.80000305175781,64.12000274658203,64.80999755859375,16167000
2022-05-16,58.98571014404297,65.95999908447266,66.37999725341797,65.44000244140625,65.44000244140625,13223200
2022-05-17,58.82474899291992,65.77999877929688,66.0999984741211,65.01000213623047,66.0999984741211,21300600
2022-05-18,54.72901153564453,61.20000076293945,65.5199966430664,60.959999084472656,65.41999816894531,31437300
2022-05-19,53.655887603759766,60.0,60.959999084472656,59.65999984741211,60.959999084472656,31493900
2022-05-20,54.53226852416992,60.97999954223633,61.2400016784668,59.65999984741211,60.4900016784668,29133800
2022-05-23,56.21349334716797,62.86000061035156,63.099998474121094,61.59000015258789,61.650001525878906,19406900
2022-05-24,57.25083923339844,64.0199966430664,64.19000244140625,62.75,62.880001068115234,16154200
2022-05-25,57.29554748535156,64.06999969482422,64.47000122070312,63.599998474121094,64.0,15360500
2022-05-26,57.50122833251953,64.30000305175781,65.0999984741211,63.959999084472656,64.06999969482422,16159800
2022-05-27,57.841060638427734,64.68000030517578,64.83000183105469,64.13999938964844,64.26000213623047,17709000
2022-05-31,56.678504943847656,63.380001068115234,64.31999969482422,63.04999923706055,64.08000183105469,43159000
2022-06-01,56.40129852294922,63.06999969482422,63.68000030517578,62.130001068115234,63.41999816894531,15408300
2022-06-02,56.99150085449219,63.72999954223633,63.7400016784668,62.11000061035156,63.18000030517578,14586000
2022-06-03,56.31185531616211,62.970001220703125,63.630001068115234,62.810001373291016,63.56999969482422,13539900
2022-06-06,56.22243118286133,62.869998931884766,63.77000045776367,62.65999984741211,63.33000183105469,15112800
2022-06-07,56.562255859375,63.25,63.369998931884766,62.220001220703125,62.380001068115234,17886300
2022-06-08,56.24032211303711,62.88999938964844,63.209999084472656,62.560001373291016,62.9900016784668,10211500
2022-06-09,55.26556396484375,61.79999923706055,63.349998474121094,61.779998779296875,62.869998931884766,13382200
2022-06-10,54.916805267333984,61.40999984741211,61.88999938964844,60.459999084472656,61.0099983215332,14967600
2022-06-13,54.85421371459961,61.34000015258789,62.290000915527344,60.66999816894531,60.75,23064200
2022-06-14,53.34999465942383,59.22999954223633,60.88999938964844,58.65999984741211,60.72999954223633,24620000
2022-06-15,53.746307373046875,59.66999816894531,60.63999938964844,58.970001220703125,60.0,19684700
2022-06-16,53.20588302612305,59.06999969482422,59.52000045776367,58.25,58.63999938964844,15053800
2022-06-17,53.53013610839844,59.43000030517578,60.130001068115234,59.130001068115234,59.70000076293945,34781900
2022-06-21,54.67406463623047,60.70000076293945,60.880001068115234,59.0099983215332,59.4900016784668,17705000
2022-06-22,55.07939529418945,61.150001525878906,61.45000076293945,60.31999969482422,60.599998474121094,15207100
2022-06-23,55.736915588378906,61.880001068115234,61.90999984741211,61.22999954223633,61.29999923706055,17190900
2022-06-24,56.781768798828125,63.040000915527344,63.060001373291016,62.11000061035156,62.11000061035156,18147100
2022-06-27,56.6646614074707,62.90999984741211,63.290000915527344,62.630001068115234,62.97999954223633,12142100
2022-06-28,56.09720230102539,62.279998779296875,63.7599983215332,62.11000061035156,63.08000183105469,13150100
2022-06-29,56.50253677368164,62.72999954223633,63.11000061035156,62.43000030517578,62.540000915527344,11795500
2022-06-30,56.6646614074707,62.90999984741211,63.11000061035156,62.15999984741211,62.31999969482422,15514200
2022-07-01,57.988731384277344,64.37999725341797,64.44999694824219,62.81999969482422,63.119998931884766,15143200
2022-07-05,56.9979362487793,63.279998779296875,64.18000030517578,62.41999816894531,64.18000030517578,15921200
2022-07-06,57.11502456665039,63.40999984741211,64.08999633789062,63.189998626708984,63.599998474121094,13450500
2022-07-07,56.6646614074707,62.90999984741211,63.58000183105469,62.70000076293945,63.2599983215332,14828400
2022-07-08,56.871829986572266,63.13999938964844,63.41999816894531,62.880001068115234,63.029998779296875,11311500
2022-07-11,56.691688537597656,62.939998626708984,63.459999084472656,62.59000015258789,62.9900016784668,12702100
2022-07-12,56.448490142822266,62.66999816894531,63.45000076293945,62.470001220703125,63.0,14731100
2022-07-13,56.187286376953125,62.380001068115234,63.0,61.97999954223633,62.33000183105469,13145300
2022-07-14,56.007137298583984,62.18000030517578,62.25,61.29999923706055,61.33000183105469,14433000
2022-07-15,56.29536819458008,62.5,62.970001220703125,62.06999969482422,62.75,21968400
2022-07-18,55.52975082397461,61.650001525878906,62.560001373291016,61.5099983215332,62.52000045776367,10780800
2022-07-19,56.3223876953125,62.529998779296875,62.650001525878906,61.93000030517578,62.09000015258789,10998200
2022-07-20,55.394649505615234,61.5,62.58000183105469,61.150001525878906,62.400001525878906,11010500
2022-07-21,55.26853942871094,61.36000061035156,61.880001068115234,60.790000915527344,61.2599983215332,11959600
2022-07-22,55.475711822509766,61.59000015258789,61.869998931884766,61.31999969482422,61.380001068115234,11644700
2022-07-25,56.016143798828125,62.189998626708984,62.29999923706055,61.310001373291016,61.54999923706055,14941700
2022-07-26,56.934879302978516,63.209999084472656,63.79999923706055,62.529998779296875,62.75,20118000
2022-07-27,56.754737854003906,63.0099983215332,63.189998626708984,61.790000915527344,62.880001068115234,12142900
2022-07-28,57.700496673583984,64.05999755859375,64.25,62.88999938964844,62.91999816894531,10837000
2022-07-29,57.7995719909668,64.16999816894531,64.29000091552734,63.630001068115234,63.709999084472656,13734200
2022-08-01,58.11482620239258,64.5199966430664,65.04000091552734,64.02999877929688,64.08999633789062,12831500
2022-08-02,57.32219314575195,63.63999938964844,64.5999984741211,63.43000030517578,64.58999633789062,15241900
2022-08-03,57.574398040771484,63.91999816894531,64.0999984741211,63.310001373291016,63.54999923706055,11317000
2022-08-04,57.349220275878906,63.66999816894531,63.72999954223633,62.91999816894531,63.63999938964844,11795600
2022-08-05,57.088008880615234,63.380001068115234,63.630001068115234,62.66999816894531,63.630001068115234,10445400
2022-08-08,56.71870803833008,62.970001220703125,63.810001373291016,62.75,63.5,9165200
2022-08-09,56.790775299072266,63.04999923706055,63.310001373291016,62.849998474121094,63.18000030517578,7910900
2022-08-10,57.33120346069336,63.650001525878906,63.790000915527344,63.099998474121094,63.630001068115234,8857300
2022-08-11,56.94388198852539,63.220001220703125,63.9900016784668,63.08000183105469,63.689998626708984,8507800
2022-08-12,57.376243591308594,63.70000076293945,63.7599983215332,63.09000015258789,63.43000030517578,9489300
2022-08-15,58.096824645996094,64.5,64.69000244140625,63.56999969482422,63.63999938964844,9863300
2022-08-16,58.57420349121094,65.02999877929688,65.2300033569336,64.33000183105469,64.56999969482422,9569600
2022-08-17,58.439090728759766,64.87999725341797,65.22000122070312,64.76000213623047,64.83000183105469,8144000
2022-08-18,58.74534225463867,65.22000122070312,65.3499984741211,64.70999908447266,64.95999908447266,6532000
2022-08-19,58.70030975341797,65.16999816894531,65.47000122070312,64.95999908447266,65.20999908447266,8921100
2022-08-22,57.82661056518555,64.19999694824219,64.91999816894531,63.9900016784668,64.83999633789062,9087900
2022-08-23,57.889652252197266,64.2699966430664,64.37000274658203,63.68000030517578,63.81999969482422,8443800
2022-08-24,57.97072219848633,64.36000061035156,64.58000183105469,64.05000305175781,64.23999786376953,6844700
2022-08-25,58.24993896484375,64.66999816894531,64.70999908447266,63.900001525878906,64.36000061035156,7913900
2022-08-26,56.84481430053711,63.11000061035156,64.80000305175781,62.97999954223633,64.7300033569336,10089500
2022-08-29,56.50253677368164,62.72999954223633,63.029998779296875,62.40999984741211,62.689998626708984,9115900
2022-08-30,55.9801139831543,62.150001525878906,62.90999984741211,61.9900016784668,62.90999984741211,8456800
2022-08-31,55.583805084228516,61.709999084472656,62.529998779296875,61.70000076293945,62.380001068115234,14633600
2022-09-01,55.845008850097656,62.0,62.040000915527344,61.290000915527344,61.58000183105469,14939700
2022-09-02,55.07939529418945,61.150001525878906,62.77000045776367,60.900001525878906,62.38999938964844,11809800
2022-09-06,55.106407165527344,61.18000030517578,61.970001220703125,60.9900016784668,61.290000915527344,12181800
2022-09-07,56.124229431152344,62.310001373291016,62.4900016784668,61.31999969482422,61.31999969482422,13290700
2022-09-08,55.95309066772461,62.119998931884766,62.29999923706055,61.34000015258789,62.08000183105469,17193500
2022-09-09,56.13323974609375,62.31999969482422,62.880001068115234,61.86000061035156,62.16999816894531,11855900
2022-09-12,56.29536819458008,62.5,62.810001373291016,62.27000045776367,62.43000030517578,13026900
2022-09-13,54.466896057128906,60.470001220703125,62.220001220703125,60.279998779296875,62.20000076293945,18532800
2022-09-14,54.755130767822266,60.790000915527344,61.08000183105469,60.439998626708984,60.63999938964844,12881600
2022-09-15,54.011146545410156,59.529998779296875,60.400001525878906,59.36000061035156,60.400001525878906,11451900
2022-09-16,54.02022933959961,59.540000915527344,59.79999923706055,59.11000061035156,59.65999984741211,20493500
2022-09-19,54.42850875854492,59.9900016784668,60.099998474121094,59.22999954223633,59.38999938964844,12596200
2022-09-20,54.34684753417969,59.900001525878906,60.029998779296875,59.31999969482422,59.68000030517578,11984600
2022-09-21,53.89320373535156,59.400001525878906,60.70000076293945,59.38999938964844,60.13999938964844,14165300
2022-09-22,53.766178131103516,59.2599983215332,59.72999954223633,59.20000076293945,59.54999923706055,11657600
2022-09-23,53.16736602783203,58.599998474121094,59.099998474121094,58.0,58.959999084472656,14824000
2022-09-26,52.50503921508789,57.869998931884766,58.56999969482422,57.689998626708984,58.4900016784668,18670100
2022-09-27,51.153167724609375,56.380001068115234,58.369998931884766,56.310001373291016,58.08000183105469,23829300
2022-09-28,51.697547912597656,56.97999954223633,57.25,55.90999984741211,56.65999984741211,21480100
2022-09-29,51.325557708740234,56.56999969482422,57.290000915527344,56.0,57.09000015258789,14570700
2022-09-30,50.8265495300293,56.02000045776367,57.130001068115234,56.0,56.869998931884766,16124600
2022-10-03,51.39815139770508,56.650001525878906,56.849998474121094,56.060001373291016,56.36000061035156,16277600
2022-10-04,51.51609802246094,56.779998779296875,57.810001373291016,56.459999084472656,56.95000076293945,18861400
2022-10-05,51.026161193847656,56.2400016784668,56.650001525878906,55.5099983215332,56.5,14324900
2022-10-06,49.92832565307617,55.029998779296875,56.099998474121094,54.869998931884766,56.0,17192800
2022-10-07,49.45653533935547,54.5099983215332,55.09000015258789,54.25,54.9900016784668,11479800
2022-10-10,49.347660064697266,54.38999938964844,54.959999084472656,54.02000045776367,54.599998474121094,10239100
2022-10-11,49.429317474365234,54.47999954223633,55.220001220703125,54.2400016784668,54.459999084472656,14303900
2022-10-12,50.02813720703125,55.13999938964844,56.040000915527344,55.040000915527344,55.22999954223633,18377400
2022-10-13,50.690452575683594,55.869998931884766,56.08000183105469,54.2599983215332,54.47999954223633,16220700
2022-10-14,49.88296890258789,54.97999954223633,56.470001220703125,54.939998626708984,56.290000915527344,15997900
2022-10-17,50.52714157104492,55.689998626708984,56.220001220703125,55.56999969482422,55.630001068115234,13721400
2022-10-18,51.20761489868164,56.439998626708984,56.779998779296875,56.099998474121094,56.310001373291016,11823100
2022-10-19,50.7721061706543,55.959999084472656,56.540000915527344,55.72999954223633,56.310001373291016,10182300
2022-10-20,49.973697662353516,55.08000183105469,55.91999816894531,54.959999084472656,55.77000045776367,16905100
2022-10-21,50.7721061706543,55.959999084472656,56.11000061035156,54.9900016784668,55.0,15034100
2022-10-24,52.23285675048828,57.56999969482422,57.72999954223633,56.56999969482422,56.63999938964844,17416700
2022-10-25,53.484920501708984,58.95000076293945,59.11000061035156,57.75,59.040000915527344,28829900
2022-10-26,53.88412094116211,59.38999938964844,59.779998779296875,58.86000061035156,59.0099983215332,15831400
2022-10-27,54.011146545410156,59.529998779296875,59.84000015258789,59.380001068115234,59.77000045776367,16026100
2022-10-28,55.12710952758789,60.7599983215332,60.90999984741211,59.470001220703125,59.56999969482422,12888900
2022-10-31,54.30147933959961,59.849998474121094,60.56999969482422,59.66999816894531,60.5099983215332,14016400
2022-11-01,54.11094665527344,59.63999938964844,60.290000915527344,59.369998931884766,60.029998779296875,10659500
2022-11-02,53.35789489746094,58.810001373291016,60.22999954223633,58.77000045776367,59.63999938964844,14549200
2022-11-03,53.33067321777344,58.779998779296875,59.0,58.099998474121094,58.11000061035156,9194000
2022-11-04,53.766178131103516,59.2599983215332,59.59000015258789,58.560001373291016,59.29999923706055,9725900
2022-11-07,53.97486114501953,59.4900016784668,59.77000045776367,59.2400016784668,59.2599983215332,8849700
2022-11-08,54.07465362548828,59.599998474121094,59.790000915527344,58.939998626708984,59.75,10081600
2022-11-09,53.32160949707031,58.77000045776367,59.63999938964844,58.75,59.59000015258789,10115200
2022-11-10,55.235992431640625,60.880001068115234,61.040000915527344,59.68000030517578,60.25,16804800
2022-11-11,55.63520431518555,61.31999969482422,61.45000076293945,60.209999084472656,61.369998931884766,18972100
2022-11-14,55.09989929199219,60.72999954223633,61.720001220703125,60.709999084472656,61.31999969482422,16361000
2022-11-15,55.0091667175293,60.630001068115234,61.45000076293945,60.0,61.130001068115234,13295800
2022-11-16,54.909366607666016,60.52000045776367,61.029998779296875,60.290000915527344,60.790000915527344,14199500
2022-11-17,55.081756591796875,60.709999084472656,60.7400016784668,60.130001068115234,60.189998626708984,11212600
2022-11-18,55.47188949584961,61.13999938964844,61.369998931884766,60.79999923706055,60.9900016784668,10415600
2022-11-21,56.32474899291992,62.08000183105469,62.209999084472656,61.20000076293945,61.40999984741211,15399400
2022-11-22,56.5697135925293,62.349998474121094,62.5,62.04999923706055,62.470001220703125,12319600
2022-11-23,56.823760986328125,62.630001068115234,62.790000915527344,62.29999923706055,62.4900016784668,8990400
2022-11-25,56.87819290161133,62.689998626708984,62.810001373291016,62.380001068115234,62.72999954223633,5165500
2022-11-28,56.887264251708984,62.70000076293945,63.099998474121094,62.560001373291016,62.689998626708984,12267500
2022-11-29,56.687660217285156,62.47999954223633,62.56999969482422,61.97999954223633,62.52000045776367,10969600
2022-11-30,58.122215270996094,63.61000061035156,63.68000030517578,61.75,62.0099983215332,30433900
2022-12-01,58.28668212890625,63.790000915527344,64.11000061035156,63.43000030517578,63.61000061035156,12001400
2022-12-02,58.79837417602539,64.3499984741211,64.5199966430664,63.400001525878906,63.61000061035156,13643500
2022-12-05,57.994300842285156,63.470001220703125,63.79999923706055,63.2599983215332,63.40999984741211,9185100
2022-12-06,57.96687698364258,63.439998626708984,63.880001068115234,63.22999954223633,63.52000045776367,10099500
2022-12-07,58.058258056640625,63.540000915527344,63.720001220703125,63.25,63.45000076293945,12307600
2022-12-08,58.304954528808594,63.810001373291016,63.849998474121094,63.349998474121094,63.599998474121094,9946200
2022-12-09,57.69275665283203,63.13999938964844,63.84000015258789,63.09000015258789,63.61000061035156,13914900
2022-12-12,58.45115661621094,63.970001220703125,64.01000213623047,63.0099983215332,63.29999923706055,11647900
2022-12-13,58.46942901611328,63.9900016784668,64.69999694824219,63.79999923706055,64.58999633789062,17521600
2022-12-14,58.46942901611328,63.9900016784668,64.6500015258789,63.56999969482422,64.19000244140625,12826700
2022-12-15,57.665348052978516,63.11000061035156,63.88999938964844,62.4900016784668,63.59000015258789,12212300
2022-12-16,57.336402893066406,62.75,63.13999938964844,62.33000183105469,62.75,33631500
2022-12-19,57.418643951416016,62.84000015258789,63.40999984741211,62.470001220703125,62.83000183105469,10919700
2022-12-20,57.372955322265625,62.790000915527344,63.150001525878906,62.75,62.81999969482422,10286500
2022-12-21,58.29582595825195,63.79999923706055,64.05000305175781,63.06999969482422,63.06999969482422,10411300
2022-12-22,57.875511169433594,63.34000015258789,63.59000015258789,62.650001525878906,63.41999816894531,9666700
2022-12-23,58.3140869140625,63.81999969482422,63.869998931884766,63.20000076293945,63.5,6463300
2022-12-27,58.670448303222656,64.20999908447266,64.29000091552734,63.709999084472656,63.93000030517578,7320700
2022-12-28,58.085662841796875,63.56999969482422,64.6500015258789,63.4900016784668,64.45999908447266,7159400
2022-12-29,58.43288803100586,63.95000076293945,64.1500015258789,63.70000076293945,63.79999923706055,7169300
2022-12-30,58.122215270996094,63.61000061035156,63.91999816894531,63.16999816894531,63.91999816894531,7650200
2023-01-03,57.5191535949707,62.95000076293945,63.560001373291016,62.18000030517578,63.560001373291016,12180500
2023-01-04,57.49174118041992,62.91999816894531,63.33000183105469,62.5099983215332,63.150001525878906,13387900
2023-01-05,56.83385467529297,62.20000076293945,62.79999923706055,62.08000183105469,62.599998474121094,9814700
2023-01-06,57.93033218383789,63.400001525878906,63.66999816894531,62.58000183105469,62.90999984741211,9990000
2023-01-09,57.20848846435547,62.61000061035156,63.720001220703125,62.58000183105469,63.29999923706055,9442600
2023-01-10,56.7698974609375,62.130001068115234,62.72999954223633,61.91999816894531,62.599998474121094,10134600
2023-01-11,56.66024398803711,62.0099983215332,62.560001373291016,61.40999984741211,62.380001068115234,10823000
2023-01-12,55.92926025390625,61.209999084472656,62.18000030517578,60.970001220703125,62.11000061035156,13907300
2023-01-13,56.130287170410156,61.43000030517578,61.459999084472656,60.59000015258789,60.70000076293945,13986400
2023-01-17,56.35871887207031,61.68000030517578,62.380001068115234,61.560001373291016,61.72999954223633,18327800
2023-01-18,54.650054931640625,59.810001373291016,61.59000015258789,59.68000030517578,61.5099983215332,19679400
2023-01-19,54.567813873291016,59.720001220703125,60.63999938964844,59.709999084472656,59.72999954223633,14894500
2023-01-20,54.896751403808594,60.08000183105469,60.09000015258789,59.400001525878906,59.720001220703125,14237700
2023-01-23,55.03380584716797,60.22999954223633,60.56999969482422,60.04999923706055,60.279998779296875,12613400
2023-01-24,55.32620620727539,60.54999923706055,61.849998474121094,59.79999923706055,60.08000183105469,10103300
2023-01-25,55.67341995239258,60.93000030517578,60.939998626708984,59.88999938964844,60.20000076293945,11265800
2023-01-26,55.56377410888672,60.810001373291016,61.099998474121094,60.56999969482422,60.810001373291016,11884800
2023-01-27,55.27138137817383,60.4900016784668,60.959999084472656,60.369998931884766,60.84000015258789,14087000
2023-01-30,55.408443450927734,60.63999938964844,61.16999816894531,60.459999084472656,60.540000915527344,15632000
2023-01-31,56.0297737121582,61.31999969482422,61.34000015258789,60.5099983215332,60.97999954223633,14344400
2023-02-01,56.03891372680664,61.33000183105469,61.58000183105469,60.619998931884766,61.13999938964844,12535400
2023-02-02,55.07950210571289,60.279998779296875,61.02000045776367,59.90999984741211,60.79999923706055,16947200
2023-02-03,54.66831970214844,59.83000183105469,60.41999816894531,59.22999954223633,60.349998474121094,15404400
2023-02-06,54.9789924621582,60.16999816894531,60.34000015258789,59.720001220703125,59.790000915527344,11330900
2023-02-07,54.887611389160156,60.06999969482422,60.2400016784668,59.540000915527344,59.66999816894531,14922700
2023-02-08,54.567813873291016,59.720001220703125,59.91999816894531,59.59000015258789,59.91999816894531,11012000
2023-02-09,54.4764404296875,59.619998931884766,60.31999969482422,59.599998474121094,60.150001525878906,12515300
2023-02-10,54.4764404296875,59.619998931884766,59.900001525878906,58.880001068115234,59.720001220703125,14420700
2023-02-13,55.371891021728516,60.599998474121094,60.7599983215332,59.72999954223633,59.900001525878906,16191800
2023-02-14,54.449031829833984,59.59000015258789,60.900001525878906,59.560001373291016,60.209999084472656,20505700
2023-02-15,54.449031829833984,59.59000015258789,59.93000030517578,59.22999954223633,59.900001525878906,13171400
2023-02-16,54.11095428466797,59.220001220703125,59.81999969482422,58.95000076293945,59.22999954223633,16538300
2023-02-17,54.93330001831055,60.119998931884766,60.22999954223633,59.380001068115234,59.5,16814700
2023-02-21,54.64091110229492,59.79999923706055,60.22999954223633,59.720001220703125,59.9900016784668,14278300
2023-02-22,54.805381774902344,59.97999954223633,60.36000061035156,59.75,59.849998474121094,12409600
2023-02-23,54.90589141845703,60.09000015258789,60.41999816894531,59.810001373291016,60.0099983215332,12222800
2023-02-24,54.67746353149414,59.84000015258789,59.90999984741211,59.38999938964844,59.68000030517578,9736200
2023-02-27,54.65918731689453,59.81999969482422,60.29999923706055,59.7400016784668,60.18000030517578,8849800
2023-02-28,54.37592697143555,59.5099983215332,59.70000076293945,59.13999938964844,59.70000076293945,16082200
2023-03-01,53.78200912475586,58.86000061035156,59.18000030517578,58.369998931884766,59.130001068115234,13275800
2023-03-02,54.567813873291016,59.720001220703125,59.779998779296875,58.79999923706055,58.84000015258789,11758300
2023-03-03,54.31196975708008,59.439998626708984,59.68000030517578,59.209999084472656,59.54999923706055,13101800
2023-03-06,55.1525993347168,60.36000061035156,60.380001068115234,59.220001220703125,59.2599983215332,16282700
2023-03-07,54.83279037475586,60.0099983215332,60.56999969482422,59.75,60.4900016784668,13961200
2023-03-08,54.860206604003906,60.040000915527344,60.33000183105469,59.72999954223633,60.040000915527344,10851600
2023-03-09,54.330238342285156,59.459999084472656,60.540000915527344,59.279998779296875,60.540000915527344,13900900
2023-03-10,54.10181427001953,59.209999084472656,60.13999938964844,58.9900016784668,59.70000076293945,13745800
2023-03-13,54.650054931640625,59.810001373291016,60.869998931884766,59.25,59.290000915527344,21956000
2023-03-14,54.85107421875,60.029998779296875,60.459999084472656,59.349998474121094,60.0,19496900
2023-03-15,55.2165641784668,60.43000030517578,60.47999954223633,59.2400016784668,59.43000030517578,21089900
2023-03-16,55.52040481567383,60.29999923706055,60.34000015258789,59.70000076293945,60.09000015258789,15658300
2023-03-17,55.262596130371094,60.02000045776367,60.349998474121094,59.63999938964844,60.310001373291016,27351200
2023-03-20,55.7966194152832,60.599998474121094,60.599998474121094,59.970001220703125,60.15999984741211,12904100
2023-03-21,55.538814544677734,60.31999969482422,60.75,59.880001068115234,60.56999969482422,13716500
2023-03-22,55.290218353271484,60.04999923706055,60.869998931884766,60.029998779296875,60.400001525878906,10494200
2023-03-23,55.17052459716797,59.91999816894531,60.38999938964844,59.720001220703125,60.09000015258789,15479000
2023-03-24,56.07284164428711,60.900001525878906,61.02000045776367,59.90999984741211,60.25,12975600
2023-03-27,56.48717498779297,61.349998474121094,61.47999954223633,60.95000076293945,61.13999938964844,12777400
2023-03-28,56.5516242980957,61.41999816894531,61.7400016784668,61.27000045776367,61.38999938964844,10925700
2023-03-29,56.956748962402344,61.86000061035156,61.95000076293945,61.59000015258789,61.720001220703125,9441000
2023-03-30,56.94754409790039,61.849998474121094,62.09000015258789,61.65999984741211,61.880001068115234,9870700
2023-03-31,57.11328125,62.029998779296875,62.25,61.869998931884766,62.060001373291016,14440900
2023-04-03,57.45394515991211,62.400001525878906,62.52000045776367,61.86000061035156,62.29999923706055,12300700
2023-04-04,57.27900695800781,62.209999084472656,62.7400016784668,62.08000183105469,62.38999938964844,11433400
2023-04-05,57.822242736816406,62.79999923706055,63.02000045776367,62.5,62.529998779296875,12789600
2023-04-06,57.85907745361328,62.84000015258789,63.040000915527344,62.380001068115234,62.86000061035156,9644200
2023-04-10,57.7209587097168,62.689998626708984,62.689998626708984,62.02000045776367,62.4900016784668,7952600
2023-04-11,57.61967849731445,62.58000183105469,62.709999084472656,62.400001525878906,62.650001525878906,9913000
2023-04-12,57.7209587097168,62.689998626708984,63.029998779296875,62.310001373291016,62.47999954223633,9593700
2023-04-13,58.144500732421875,63.150001525878906,63.15999984741211,62.47999954223633,62.7599983215332,9871400
2023-04-14,58.05242156982422,63.04999923706055,63.150001525878906,62.779998779296875,63.04999923706055,8946000
2023-04-17,58.42992401123047,63.459999084472656,63.529998779296875,63.13999938964844,63.31999969482422,9452400
2023-04-18,58.52200698852539,63.560001373291016,63.599998474121094,63.189998626708984,63.5099983215332,9035700
2023-04-19,58.63248825073242,63.68000030517578,63.83000183105469,63.43000030517578,63.72999954223633,9769500
2023-04-20,58.890296936035156,63.959999084472656,64.0,63.439998626708984,63.630001068115234,10706400
2023-04-21,58.97316360473633,64.05000305175781,64.2699966430664,63.79999923706055,64.0,12931100
2023-04-24,58.8810920715332,63.95000076293945,64.98999786376953,63.619998931884766,64.75,15532300
2023-04-25,58.78901672363281,63.849998474121094,64.16999816894531,63.630001068115234,64.16999816894531,12818900
2023-04-26,58.512794494628906,63.54999923706055,63.77000045776367,63.38999938964844,63.560001373291016,13179600
2023-04-27,58.63248825073242,63.68000030517578,63.7599983215332,63.11000061035156,63.529998779296875,13795800
2023-04-28,59.06523895263672,64.1500015258789,64.16000366210938,63.47999954223633,63.61000061035156,13687600
2023-05-01,59.20335006713867,64.30000305175781,64.69000244140625,64.05999755859375,64.1500015258789,9091500
2023-05-02,58.93633270263672,64.01000213623047,64.13999938964844,63.27000045776367,64.13999938964844,10948400
2023-05-03,58.60487365722656,63.650001525878906,64.18000030517578,63.58000183105469,64.0199966430664,11084600
2023-05-04,58.6693229675293,63.720001220703125,63.93000030517578,63.5099983215332,63.7400016784668,11938300
2023-05-05,58.94554138183594,64.0199966430664,64.20999908447266,63.630001068115234,63.63999938964844,9039000
2023-05-08,58.85346221923828,63.91999816894531,64.05999755859375,63.61000061035156,63.810001373291016,7240700
2023-05-09,58.365474700927734,63.38999938964844,63.75,63.279998779296875,63.63999938964844,9067700
2023-05-10,58.46675491333008,63.5,63.63999938964844,62.9900016784668,63.31999969482422,10134000
2023-05-11,58.798221588134766,63.86000061035156,63.93000030517578,63.0099983215332,63.58000183105469,9581500
2023-05-12,59.02840805053711,64.11000061035156,64.19000244140625,63.70000076293945,63.86000061035156,8740800
2023-05-15,58.871883392333984,63.939998626708984,64.25,63.709999084472656,64.22000122070312,8150000
2023-05-16,58.20895004272461,63.220001220703125,63.900001525878906,63.15999984741211,63.900001525878906,9129600
2023-05-17,58.144500732421875,63.150001525878906,63.41999816894531,62.72999954223633,63.400001525878906,11583000
2023-05-18,57.822242736816406,62.79999923706055,63.040000915527344,62.56999969482422,63.0099983215332,13595100
2023-05-19,57.8498649597168,62.83000183105469,63.099998474121094,62.61000061035156,63.040000915527344,14251400
2023-05-22,56.63448715209961,61.5099983215332,62.869998931884766,61.439998626708984,62.790000915527344,15055400
2023-05-23,56.53321075439453,61.400001525878906,61.66999816894531,61.16999816894531,61.5099983215332,13932700
2023-05-24,56.0544319152832,60.880001068115234,61.43000030517578,60.720001220703125,61.380001068115234,11090100
2023-05-25,55.621681213378906,60.40999984741211,60.72999954223633,60.150001525878906,60.470001220703125,14463600
2023-05-26,55.48357009887695,60.2599983215332,60.63999938964844,60.11000061035156,60.45000076293945,12570300
2023-05-30,55.04161834716797,59.779998779296875,60.20000076293945,59.52000045776367,60.09000015258789,15634200
2023-05-31,54.931129455566406,59.65999984741211,60.279998779296875,59.369998931884766,59.91999816894531,59432200
2023-06-01,55.244178771972656,60.0,60.16999816894531,59.77000045776367,59.939998626708984,13402700
2023-06-02,56.31223678588867,61.15999984741211,61.31999969482422,60.08000183105469,60.27000045776367,15259800
2023-06-05,55.93473434448242,60.75,61.439998626708984,60.54999923706055,61.0,12915600
2023-06-06,55.52960968017578,60.310001373291016,60.9900016784668,60.119998931884766,60.95000076293945,10943500
2023-06-07,55.44674301147461,60.220001220703125,60.36000061035156,59.81999969482422,60.0099983215332,16817900
2023-06-08,55.58485412597656,60.369998931884766,60.40999984741211,59.97999954223633,60.130001068115234,15585900
2023-06-09,55.67692947387695,60.470001220703125,60.66999816894531,60.16999816894531,60.27000045776367,12581500
2023-06-12,55.43753433227539,60.209999084472656,60.650001525878906,60.02000045776367,60.59000015258789,14208900
2023-06-13,55.65850830078125,60.45000076293945,60.66999816894531,60.040000915527344,60.209999084472656,13397800
2023-06-14,56.036014556884766,60.86000061035156,61.08000183105469,60.599998474121094,60.72999954223633,14099700
2023-06-15,56.80604934692383,61.22999954223633,61.29999923706055,60.34000015258789,60.61000061035156,15271400
2023-06-16,57.214256286621094,61.66999816894531,62.16999816894531,61.47999954223633,61.599998474121094,26738000
2023-06-20,56.83387756347656,61.2599983215332,61.959999084472656,61.2400016784668,61.59000015258789,13971800
2023-06-21,56.99159622192383,61.43000030517578,61.720001220703125,60.97999954223633,61.310001373291016,13948700
2023-06-22,57.381248474121094,61.849998474121094,62.099998474121094,61.59000015258789,61.810001373291016,15193400
2023-06-23,56.77821731567383,61.20000076293945,61.970001220703125,61.18000030517578,61.939998626708984,25112100
2023-06-26,56.7967643737793,61.220001220703125,61.290000915527344,60.38999938964844,61.209999084472656,12856100
2023-06-27,56.6761589050293,61.09000015258789,61.36000061035156,60.97999954223633,61.220001220703125,9068500
2023-06-28,56.14734649658203,60.52000045776367,61.040000915527344,60.400001525878906,60.880001068115234,11173200
2023-06-29,55.6834716796875,60.02000045776367,60.349998474121094,59.77000045776367,60.220001220703125,17142300
2023-06-30,55.8690185546875,60.220001220703125,60.349998474121094,59.869998931884766,60.0,19739200
2023-07-03,56.2030143737793,60.58000183105469,60.630001068115234,60.029998779296875,60.20000076293945,9694500
2023-07-05,56.6204948425293,61.029998779296875,61.099998474121094,60.15999984741211,60.279998779296875,14716600
2023-07-06,56.184452056884766,60.560001373291016,61.02000045776367,60.5,60.72999954223633,12603900
2023-07-07,55.44225311279297,59.7599983215332,60.5,59.72999954223633,60.310001373291016,14574000
2023-07-10,55.02477264404297,59.310001373291016,60.150001525878906,59.13999938964844,59.970001220703125,15480600
2023-07-11,55.2195930480957,59.52000045776367,59.560001373291016,58.84000015258789,59.459999084472656,15967700
2023-07-12,55.516475677490234,59.84000015258789,60.04999923706055,59.45000076293945,59.75,14241300
2023-07-13,55.9896240234375,60.349998474121094,60.459999084472656,59.97999954223633,60.119998931884766,11269800
2023-07-14,56.49989318847656,60.900001525878906,61.040000915527344,60.09000015258789,60.13999938964844,11634200
2023-07-17,56.41638946533203,60.810001373291016,61.099998474121094,60.4900016784668,60.7599983215332,10014300
2023-07-18,56.19373321533203,60.56999969482422,61.25,60.40999984741211,60.959999084472656,11152900
2023-07-19,57.186424255371094,61.63999938964844,61.790000915527344,60.68000030517578,60.77000045776367,12936000
2023-07-20,57.88223648071289,62.38999938964844,62.40999984741211,61.66999816894531,61.68000030517578,11563000
2023-07-21,57.928627014160156,62.439998626708984,62.68000030517578,62.2400016784668,62.459999084472656,12815100
2023-07-24,57.94717788696289,62.459999084472656,62.810001373291016,62.400001525878906,62.41999816894531,10251100
2023-07-25,57.752349853515625,62.25,62.38999938964844,62.04999923706055,62.29999923706055,13422700
2023-07-26,58.494544982910156,63.04999923706055,63.16999816894531,61.38999938964844,61.86000061035156,17145500
2023-07-27,57.928627014160156,62.439998626708984,63.27000045776367,62.380001068115234,63.04999923706055,11517100
2023-07-28,57.96572494506836,62.47999954223633,62.77000045776367,62.220001220703125,62.59000015258789,9721800
2023-07-31,57.45546340942383,61.93000030517578,62.45000076293945,61.72999954223633,62.45000076293945,15577900
2023-08-01,57.30702590942383,61.77000045776367,62.36000061035156,61.619998931884766,62.09000015258789,9281600
2023-08-02,57.48329544067383,61.959999084472656,62.59000015258789,61.560001373291016,61.560001373291016,11059400
2023-08-03,57.186424255371094,61.63999938964844,62.119998931884766,61.529998779296875,61.869998931884766,8037400
2023-08-04,56.3236198425293,60.709999084472656,61.88999938964844,60.619998931884766,61.68000030517578,9359300
2023-08-07,56.7689323425293,61.189998626708984,61.33000183105469,60.7400016784668,60.790000915527344,6982600
2023-08-08,56.5184440612793,60.91999816894531,61.349998474121094,60.619998931884766,61.189998626708984,7956100
2023-08-09,56.6483268737793,61.060001373291016,61.630001068115234,60.75,60.90999984741211,7904100
2023-08-10,56.5184440612793,60.91999816894531,61.72999954223633,60.790000915527344,61.349998474121094,7870300
2023-08-11,56.75037384033203,61.16999816894531,61.20000076293945,60.689998626708984,60.84000015258789,8483900
2023-08-14,56.48133850097656,60.880001068115234,61.47999954223633,60.75,61.31999969482422,7176300
2023-08-15,56.10095977783203,60.470001220703125,60.900001525878906,60.369998931884766,60.689998626708984,7187400
2023-08-16,56.110233306884766,60.47999954223633,60.81999969482422,60.400001525878906,60.540000915527344,8372300
2023-08-17,56.23084259033203,60.61000061035156,61.02000045776367,60.45000076293945,60.58000183105469,12873500
2023-08-18,56.54627227783203,60.95000076293945,61.09000015258789,60.369998931884766,60.540000915527344,11083800
2023-08-21,56.063846588134766,60.43000030517578,60.93000030517578,60.31999969482422,60.86000061035156,8648500
2023-08-22,55.720584869384766,60.060001373291016,60.58000183105469,59.97999954223633,60.34000015258789,9411500
2023-08-23,55.915409088134766,60.27000045776367,60.439998626708984,60.15999984741211,60.20000076293945,7749500
2023-08-24,55.7669677734375,60.11000061035156,60.880001068115234,60.09000015258789,60.27000045776367,8955100
2023-08-25,56.026737213134766,60.38999938964844,60.56999969482422,60.0099983215332,60.40999984741211,7629200
2023-08-28,56.184452056884766,60.560001373291016,60.72999954223633,60.369998931884766,60.54999923706055,6254300
2023-08-29,56.128787994384766,60.5,60.630001068115234,60.150001525878906,60.560001373291016,8189600
2023-08-30,56.10095977783203,60.470001220703125,60.7400016784668,60.290000915527344,60.63999938964844,9447900
2023-08-31,55.50719451904297,59.83000183105469,60.470001220703125,59.810001373291016,60.29999923706055,14663500
2023-09-01,55.02477264404297,59.310001373291016,60.130001068115234,59.119998931884766,60.0,11262300
2023-09-05,54.570167541503906,58.81999969482422,59.31999969482422,58.66999816894531,59.25,12474600
2023-09-06,54.533058166503906,58.779998779296875,58.83000183105469,58.41999816894531,58.619998931884766,13923500
2023-09-07,54.115577697753906,58.33000183105469,59.15999984741211,58.29999923706055,58.95000076293945,17628600
2023-09-08,54.115577697753906,58.33000183105469,58.40999984741211,58.0099983215332,58.29999923706055,14312300
2023-09-11,54.62583923339844,58.880001068115234,58.9900016784668,58.22999954223633,58.400001525878906,14767400
2023-09-12,54.08774185180664,58.29999923706055,59.0,58.189998626708984,58.9900016784668,12292700
2023-09-13,54.217628479003906,58.439998626708984,58.68000030517578,58.34000015258789,58.400001525878906,12641400
2023-09-14,54.666481018066406,58.459999084472656,58.59000015258789,58.189998626708984,58.2400016784668,12311600
2023-09-15,54.18022537231445,57.939998626708984,58.63999938964844,57.75,58.40999984741211,55727500
2023-09-18,54.51686477661133,58.29999923706055,58.349998474121094,57.630001068115234,57.97999954223633,13617400
2023-09-19,54.4046516418457,58.18000030517578,58.38999938964844,57.91999816894531,58.2599983215332,11998900
2023-09-20,54.64777755737305,58.439998626708984,58.83000183105469,58.08000183105469,58.29999923706055,14766600
2023-09-21,53.80618667602539,57.540000915527344,58.41999816894531,57.41999816894531,58.369998931884766,15941800
2023-09-22,53.86228561401367,57.599998474121094,57.970001220703125,57.5,57.849998474121094,14644100
2023-09-25,53.30122375488281,57.0,57.4900016784668,56.7400016784668,57.400001525878906,12358800
2023-09-26,52.861717224121094,56.529998779296875,56.900001525878906,56.400001525878906,56.72999954223633,11194700
2023-09-27,52.31935501098633,55.95000076293945,56.529998779296875,55.68000030517578,56.41999816894531,13766300
2023-09-28,52.188446044921875,55.810001373291016,56.31999969482422,55.70000076293945,56.22999954223633,12484800
2023-09-29,52.347415924072266,55.97999954223633,56.27000045776367,55.619998931884766,56.13999938964844,12271600
2023-10-02,51.87985610961914,55.47999954223633,56.0099983215332,55.08000183105469,55.90999984741211,11792500
2023-10-03,51.31879806518555,54.880001068115234,55.43000030517578,54.779998779296875,55.15999984741211,13604200
2023-10-04,51.46841049194336,55.040000915527344,55.279998779296875,54.709999084472656,54.88999938964844,12100500
2023-10-05,48.98101806640625,52.380001068115234,54.95000076293945,52.2400016784668,54.7400016784668,29878100
2023-10-06,49.69170379638672,53.13999938964844,53.290000915527344,51.54999923706055,52.040000915527344,30298900
2023-10-09,49.448570251464844,52.880001068115234,53.150001525878906,52.11000061035156,52.959999084472656,15704700
2023-10-10,50.523948669433594,54.029998779296875,54.33000183105469,53.560001373291016,54.130001068115234,20909700
2023-10-11,50.22471237182617,53.709999084472656,54.279998779296875,53.02000045776367,54.220001220703125,21138900
2023-10-12,49.383113861083984,52.810001373291016,53.83000183105469,52.43000030517578,53.7599983215332,19330400
2023-10-13,49.457916259765625,52.88999938964844,53.41999816894531,52.63999938964844,52.7400016784668,14494600
2023-10-16,49.9628791809082,53.43000030517578,53.560001373291016,52.84000015258789,53.02000045776367,12816800
2023-10-17,50.56135177612305,54.06999969482422,54.099998474121094,53.209999084472656,53.310001373291016,16457200
2023-10-18,50.54265213012695,54.04999923706055,54.529998779296875,53.91999816894531,54.099998474121094,12809500
2023-10-19,50.82318115234375,54.349998474121094,54.7599983215332,53.86000061035156,54.15999984741211,16202200
2023-10-20,51.02891159057617,54.56999969482422,55.02000045776367,54.439998626708984,54.529998779296875,15686400
2023-10-23,50.570701599121094,54.08000183105469,54.88999938964844,54.04999923706055,54.380001068115234,21212700
2023-10-24,52.029476165771484,55.63999938964844,56.16999816894531,55.29999923706055,55.650001525878906,25290800
2023-10-25,52.47832107543945,56.119998931884766,56.220001220703125,55.560001373291016,55.7599983215332,16701000
2023-10-26,52.1603889465332,55.779998779296875,56.630001068115234,55.720001220703125,56.369998931884766,16228400
2023-10-27,51.65542984008789,55.2400016784668,56.13999938964844,55.099998474121094,55.54999923706055,13626500
2023-10-30,52.506378173828125,56.150001525878906,56.279998779296875,55.41999816894531,55.43000030517578,15014300
2023-10-31,52.82431411743164,56.4900016784668,56.720001220703125,56.150001525878906,56.56999969482422,16639400
2023-11-01,52.777557373046875,56.439998626708984,56.880001068115234,56.2599983215332,56.79999923706055,14110800
2023-11-02,53.385379791259766,57.09000015258789,57.150001525878906,56.36000061035156,56.5,13087200
2023-11-03,53.0580940246582,56.7400016784668,57.59000015258789,56.70000076293945,57.400001525878906,13958700
2023-11-06,53.27316665649414,56.970001220703125,57.279998779296875,56.7400016784668,56.779998779296875,12673200
2023-11-07,53.46954345703125,57.18000030517578,57.400001525878906,56.72999954223633,56.91999816894531,10449300
2023-11-08,53.385379791259766,57.09000015258789,57.470001220703125,56.91999816894531,57.31999969482422,13744000
2023-11-09,52.983280181884766,56.65999984741211,57.13999938964844,56.369998931884766,57.029998779296875,12021100
2023-11-10,53.03938674926758,56.720001220703125,56.93000030517578,56.060001373291016,56.869998931884766,11678900
2023-11-13,53.23575973510742,56.93000030517578,57.099998474121094,56.599998474121094,56.619998931884766,12798200
2023-11-14,53.39472961425781,57.099998474121094,57.2400016784668,56.810001373291016,57.02000045776367,12697100
2023-11-15,53.49759292602539,57.209999084472656,57.34000015258789,56.75,57.29999923706055,10201900
2023-11-16,53.44148635864258,57.150001525878906,57.529998779296875,56.810001373291016,57.25,16010400
2023-11-17,53.544349670410156,57.2599983215332,57.34000015258789,56.70000076293945,57.189998626708984,14475800
2023-11-20,53.675262451171875,57.400001525878906,57.58000183105469,56.959999084472656,57.04999923706055,13051000
2023-11-21,54.264381408691406,58.029998779296875,58.040000915527344,57.33000183105469,57.459999084472656,13891600
2023-11-22,54.62907409667969,58.41999816894531,58.540000915527344,58.130001068115234,58.2599983215332,11320600
2023-11-24,54.769344329833984,58.56999969482422,58.75,58.34000015258789,58.459999084472656,4816000
2023-11-27,54.666481018066406,58.459999084472656,58.689998626708984,58.27000045776367,58.540000915527344,16246500
2023-11-28,54.7786979675293,58.58000183105469,58.83000183105469,58.36000061035156,58.400001525878906,13739600
2023-11-29,54.4514045715332,58.22999954223633,58.66999816894531,58.099998474121094,58.58000183105469,11263600
2023-11-30,55.082916259765625,58.439998626708984,58.459999084472656,57.599998474121094,57.959999084472656,22727500
2023-12-01,55.271427154541016,58.63999938964844,58.689998626708984,58.2400016784668,58.27000045776367,15371200
2023-12-04,55.20545196533203,58.56999969482422,58.959999084472656,58.439998626708984,58.59000015258789,14942200
2023-12-05,55.290279388427734,58.65999984741211,58.83000183105469,58.41999816894531,58.54999923706055,11891500
2023-12-06,55.23371887207031,58.599998474121094,58.72999954223633,58.209999084472656,58.560001373291016,14868500
2023-12-07,55.365684509277344,58.7400016784668,58.88999938964844,58.38999938964844,58.66999816894531,11587900
2023-12-08,55.24314880371094,58.61000061035156,58.75,58.369998931884766,58.7400016784668,11178700
2023-12-11,55.6484489440918,59.040000915527344,59.09000015258789,58.5,58.83000183105469,14524800
2023-12-12,56.006614685058594,59.41999816894531,59.41999816894531,58.900001525878906,59.20000076293945,12899000
2023-12-13,56.48731994628906,59.93000030517578,60.02000045776367,59.2599983215332,59.45000076293945,16196800
2023-12-14,55.6484489440918,59.040000915527344,60.040000915527344,58.77000045776367,59.970001220703125,22478300
2023-12-15,55.23371887207031,58.599998474121094,59.16999816894531,57.79999923706055,58.83000183105469,65177400
2023-12-18,55.62960433959961,59.02000045776367,59.4900016784668,58.619998931884766,58.79999923706055,16717700
2023-12-19,55.45050811767578,58.83000183105469,59.20000076293945,58.63999938964844,59.0,14612200
2023-12-20,54.30059814453125,57.61000061035156,58.66999816894531,57.56999969482422,58.5,17701000
2023-12-21,54.65877151489258,57.9900016784668,58.06999969482422,57.470001220703125,57.849998474121094,11725100
2023-12-22,54.96981430053711,58.31999969482422,58.459999084472656,58.02000045776367,58.119998931884766,9029400
2023-12-26,55.19601821899414,58.560001373291016,58.709999084472656,58.060001373291016,58.060001373291016,6422500
2023-12-27,55.33740997314453,58.709999084472656,58.77000045776367,58.400001525878906,58.63999938964844,8560100
2023-12-28,55.37511444091797,58.75,58.869998931884766,58.529998779296875,58.650001525878906,8400100
2023-12-29,55.544769287109375,58.93000030517578,58.97999954223633,58.630001068115234,58.7400016784668,9244300
2024-01-02,56.383644104003906,59.81999969482422,59.880001068115234,58.66999816894531,58.79999923706055,16322600
2024-01-03,56.515602111816406,59.959999084472656,60.20000076293945,59.7599983215332,59.93000030517578,14830600
2024-01-04,56.32708740234375,59.7599983215332,60.2599983215332,59.65999984741211,60.04999923706055,12912900
2024-01-05,56.24225997924805,59.66999816894531,59.95000076293945,59.09000015258789,59.79999923706055,10412800
2024-01-08,56.656986236572266,60.11000061035156,60.18000030517578,59.41999816894531,59.68000030517578,11554600
2024-01-09,56.553306579589844,60.0,60.13999938964844,59.619998931884766,59.9900016784668,10493700
2024-01-10,56.74180603027344,60.20000076293945,60.40999984741211,59.97999954223633,60.220001220703125,12258000
2024-01-11,56.37421798706055,59.810001373291016,60.2599983215332,59.689998626708984,60.25,13754200
2024-01-12,56.920902252197266,60.38999938964844,60.459999084472656,59.869998931884766,60.08000183105469,13218000
2024-01-16,56.54387664794922,59.9900016784668,60.43000030517578,59.849998474121094,60.38999938964844,11826900
2024-01-17,56.54387664794922,59.9900016784668,60.209999084472656,59.81999969482422,59.86000061035156,8982100
2024-01-18,56.70410919189453,60.15999984741211,60.22999954223633,59.529998779296875,59.689998626708984,10397700
2024-01-19,56.393070220947266,59.83000183105469,60.279998779296875,59.63999938964844,60.2599983215332,14392600
2024-01-22,56.14800262451172,59.56999969482422,60.06999969482422,59.439998626708984,59.7599983215332,14314300
2024-01-23,56.41191482543945,59.849998474121094,60.0,59.459999084472656,59.529998779296875,14481600
2024-01-24,55.52592086791992,58.90999984741211,59.810001373291016,58.88999938964844,59.79999923706055,16370500
2024-01-25,55.76155471801758,59.15999984741211,59.16999816894531,58.65999984741211,59.0099983215332,14899700
2024-01-26,55.95948791503906,59.369998931884766,59.4900016784668,59.130001068115234,59.25,13025100
2024-01-29,56.29880905151367,59.72999954223633,59.790000915527344,59.16999816894531,59.34000015258789,14547100
2024-01-30,56.459049224853516,59.900001525878906,60.02000045776367,59.45000076293945,59.849998474121094,22061500
2024-01-31,56.07260513305664,59.4900016784668,60.45000076293945,59.290000915527344,60.099998474121094,22837000
2024-02-01,57.47700881958008,60.97999954223633,61.0099983215332,59.36000061035156,59.56999969482422,15870900
2024-02-02,57.06228256225586,60.540000915527344,60.869998931884766,60.22999954223633,60.81999969482422,17544900
2024-02-05,56.59100341796875,60.040000915527344,60.380001068115234,59.880001068115234,60.380001068115234,12759600
2024-02-06,56.49674606323242,59.939998626708984,60.04999923706055,59.68000030517578,59.959999084472656,12775200
2024-02-07,56.54387664794922,59.9900016784668,60.209999084472656,59.939998626708984,60.06999969482422,10259900
2024-02-08,56.393070220947266,59.83000183105469,59.970001220703125,59.40999984741211,59.88999938964844,12874800
2024-02-09,56.138587951660156,59.560001373291016,59.58000183105469,59.029998779296875,59.470001220703125,15235300
2024-02-12,56.27054214477539,59.70000076293945,59.7599983215332,58.959999084472656,59.65999984741211,13516800
2024-02-13,55.94064712524414,59.349998474121094,60.65999984741211,58.790000915527344,59.5,24195700
2024-02-14,55.884090423583984,59.290000915527344,59.59000015258789,59.040000915527344,59.16999816894531,15872500
2024-02-15,55.98777770996094,59.400001525878906,59.59000015258789,59.130001068115234,59.41999816894531,13695800
2024-02-16,55.97834396362305,59.38999938964844,59.619998931884766,58.959999084472656,59.349998474121094,13947100
2024-02-20,57.21308898925781,60.70000076293945,60.84000015258789,59.5099983215332,59.599998474121094,18339300
2024-02-21,57.722076416015625,61.2400016784668,61.279998779296875,60.83000183105469,60.9900016784668,14373000
2024-02-22,57.63724136352539,61.150001525878906,61.25,60.5,60.9900016784668,12982800
2024-02-23,57.68437194824219,61.20000076293945,61.619998931884766,61.0,61.09000015258789,13612900
2024-02-26,57.22251510620117,60.709999084472656,61.27000045776367,60.65999984741211,61.2400016784668,10336100
2024-02-27,56.87377166748047,60.34000015258789,60.779998779296875,60.119998931884766,60.540000915527344,9931100
2024-02-28,56.93032455444336,60.400001525878906,60.4900016784668,60.060001373291016,60.369998931884766,8076500
2024-02-29,56.5721549987793,60.02000045776367,60.63999938964844,59.900001525878906,60.349998474121094,18152700
2024-03-01,56.11030197143555,59.529998779296875,59.900001525878906,59.34000015258789,59.900001525878906,10927600
2024-03-04,56.37421798706055,59.810001373291016,59.95000076293945,59.220001220703125,59.22999954223633,10150200
2024-03-05,56.10087585449219,59.52000045776367,60.11000061035156,59.41999816894531,59.90999984741211,12310000
2024-03-06,56.129154205322266,59.54999923706055,60.0,59.380001068115234,59.52000045776367,12378800
2024-03-07,56.02546691894531,59.439998626708984,59.77000045776367,59.2400016784668,59.689998626708984,13686900
2024-03-08,56.10087585449219,59.52000045776367,59.790000915527344,58.970001220703125,59.29999923706055,13239000
2024-03-11,56.779518127441406,60.2400016784668,60.290000915527344,59.58000183105469,59.779998779296875,14114300
2024-03-12,57.02458190917969,60.5,60.75,60.209999084472656,60.31999969482422,12684600
2024-03-13,57.60896301269531,61.119998931884766,61.209999084472656,60.79999923706055,60.880001068115234,13909500
2024-03-14,57.4807014465332,60.5,60.79999923706055,60.400001525878906,60.58000183105469,13996600
2024-03-15,56.89164733886719,59.880001068115234,60.45000076293945,59.63999938964844,60.02000045776367,36849900
2024-03-18,57.12916564941406,60.130001068115234,60.400001525878906,59.79999923706055,59.88999938964844,15856700
2024-03-19,57.22417449951172,60.22999954223633,60.349998474121094,60.060001373291016,60.2400016784668,15030600
2024-03-20,57.71822738647461,60.75,60.810001373291016,60.15999984741211,60.18000030517578,15258800
2024-03-21,57.45220184326172,60.470001220703125,60.9900016784668,60.31999969482422,60.560001373291016,13067100
2024-03-22,57.4712028503418,60.4900016784668,60.790000915527344,60.43000030517578,60.52000045776367,11502800
2024-03-25,57.38569259643555,60.400001525878906,60.709999084472656,60.119998931884766,60.47999954223633,13144700
2024-03-26,57.518707275390625,60.540000915527344,60.709999084472656,60.380001068115234,60.5,13277400
2024-03-27,57.9842529296875,61.029998779296875,61.43000030517578,60.70000076293945,60.790000915527344,12551200
2024-03-28,58.126766204833984,61.18000030517578,61.2599983215332,61.0,61.13999938964844,13683500
2024-04-01,57.6517219543457,60.68000030517578,61.29999923706055,60.630001068115234,61.18000030517578,11668700
2024-04-02,57.14817428588867,60.150001525878906,60.72999954223633,60.11000061035156,60.45000076293945,13017300
2024-04-03,56.84414291381836,59.83000183105469,60.38999938964844,59.779998779296875,60.04999923706055,13672900
2024-04-04,56.3405876159668,59.29999923706055,60.150001525878906,59.16999816894531,60.09000015258789,14320700
2024-04-05,56.54010772705078,59.5099983215332,59.68000030517578,58.90999984741211,59.25,10157800
2024-04-08,56.31208801269531,59.27000045776367,59.470001220703125,59.06999969482422,59.400001525878906,10284500
2024-04-09,56.739627838134766,59.720001220703125,59.7400016784668,59.130001068115234,59.47999954223633,10779100
2024-04-10,55.97955322265625,58.91999816894531,59.38999938964844,58.689998626708984,59.31999969482422,11861900
2024-04-11,56.103065490722656,59.04999923706055,59.369998931884766,58.790000915527344,59.150001525878906,11109000
2024-04-12,55.37149429321289,58.279998779296875,59.0099983215332,58.130001068115234,58.95000076293945,12250900
2024-04-15,55.23847961425781,58.13999938964844,58.810001373291016,58.040000915527344,58.61000061035156,12425000
2024-04-16,55.162471771240234,58.060001373291016,58.380001068115234,57.93000030517578,58.25,11236800
2024-04-17,55.59001541137695,58.5099983215332,58.560001373291016,58.099998474121094,58.279998779296875,13805100
2024-04-18,55.970054626464844,58.90999984741211,58.97999954223633,58.540000915527344,58.619998931884766,11125900
2024-04-19,57.16716766357422,60.16999816894531,60.36000061035156,59.0,59.099998474121094,21207900
2024-04-22,57.52821350097656,60.54999923706055,60.630001068115234,59.720001220703125,60.13999938964844,15624500
2024-04-23,57.61371612548828,60.63999938964844,60.68000030517578,60.130001068115234,60.529998779296875,13689100
2024-04-24,58.47829818725586,61.54999923706055,61.650001525878906,59.84000015258789,60.31999969482422,19548300
2024-04-25,58.6588249206543,61.7400016784668,62.59000015258789,61.369998931884766,61.869998931884766,19048500
2024-04-26,58.6588249206543,61.7400016784668,61.93000030517578,61.349998474121094,61.54999923706055,10994300
2024-04-29,58.94384765625,62.040000915527344,62.04999923706055,61.529998779296875,61.91999816894531,13409300
2024-04-30,58.687320709228516,61.77000045776367,62.83000183105469,61.470001220703125,62.13999938964844,19349200
2024-05-01,58.83933639526367,61.93000030517578,62.56999969482422,61.209999084472656,61.79999923706055,16729800
2024-05-02,58.89634704589844,61.9900016784668,62.400001525878906,61.720001220703125,62.18000030517578,10991300
2024-05-03,59.067359924316406,62.16999816894531,62.33000183105469,61.63999938964844,61.9900016784668,11628700
2024-05-06,59.238372802734375,62.349998474121094,62.380001068115234,61.900001525878906,62.29999923706055,9310700
2024-05-07,59.494903564453125,62.619998931884766,62.81999969482422,62.25,62.7599983215332,9807000
2024-05-08,59.71342086791992,62.849998474121094,62.970001220703125,62.47999954223633,62.849998474121094,10484400
2024-05-09,59.74192810058594,62.880001068115234,63.150001525878906,62.75,62.810001373291016,9113700
2024-05-10,60.102962493896484,63.2599983215332,63.36000061035156,62.790000915527344,62.91999816894531,8371700
2024-05-13,60.4069938659668,63.58000183105469,63.619998931884766,63.18000030517578,63.2400016784668,10137600
2024-05-14,59.95094680786133,63.099998474121094,63.7599983215332,62.79999923706055,63.58000183105469,10852200
2024-05-15,59.979454040527344,63.130001068115234,63.38999938964844,63.0,63.060001373291016,9838900
2024-05-16,60.15997314453125,63.31999969482422,63.72999954223633,63.06999969482422,63.2400016784668,10228000
2024-05-17,59.88444519042969,63.029998779296875,63.369998931884766,62.939998626708984,63.34000015258789,11539000
2024-05-20,59.447391510009766,62.56999969482422,63.0099983215332,62.459999084472656,62.93000030517578,11000900
2024-05-21,59.77043151855469,62.90999984741211,62.97999954223633,62.439998626708984,62.81999969482422,9796200
2024-05-22,59.85593795776367,63.0,63.02000045776367,62.65999984741211,62.709999084472656,7419400
2024-05-23,58.99134826660156,62.09000015258789,62.880001068115234,62.04999923706055,62.4900016784668,9834300
2024-05-24,58.905845642089844,62.0,62.41999816894531,61.970001220703125,62.220001220703125,8203100
2024-05-28,58.734825134277344,61.81999969482422,62.130001068115234,61.400001525878906,61.790000915527344,12347000
2024-05-29,58.620819091796875,61.70000076293945,61.880001068115234,61.06999969482422,61.470001220703125,11861800
2024-05-30,58.877342224121094,61.970001220703125,62.08000183105469,61.599998474121094,61.849998474121094,9433800
2024-05-31,59.789432525634766,62.93000030517578,63.029998779296875,61.689998626708984,61.9900016784668,19816600
2024-06-03,59.789432525634766,62.93000030517578,63.09000015258789,62.45000076293945,62.709999084472656,9369000
2024-06-04,60.749027252197266,63.939998626708984,63.970001220703125,62.939998626708984,63.20000076293945,11895600
2024-06-05,60.73002243041992,63.91999816894531,64.06999969482422,63.349998474121094,63.9900016784668,9632500
2024-06-06,60.948543548583984,64.1500015258789,64.36000061035156,63.84000015258789,63.91999816894531,8658500
2024-06-07,60.720523834228516,63.90999984741211,64.22000122070312,63.810001373291016,64.08999633789062,9523100
2024-06-10,60.41649627685547,63.59000015258789,63.9900016784668,63.369998931884766,63.939998626708984,15685300
2024-06-11,60.37848663330078,63.54999923706055,63.650001525878906,63.06999969482422,63.59000015258789,8396000
2024-06-12,59.74192810058594,62.880001068115234,63.689998626708984,62.689998626708984,63.689998626708984,9569600
2024-06-13,59.846439361572266,62.9900016784668,63.040000915527344,62.45000076293945,62.86000061035156,9668900
2024-06-14,59.889522552490234,62.54999923706055,62.689998626708984,62.09000015258789,62.380001068115234,8179200
2024-06-17,59.95654296875,62.619998931884766,62.900001525878906,62.18000030517578,62.369998931884766,10532700
2024-06-18,59.966121673583984,62.630001068115234,62.81999969482422,62.439998626708984,62.529998779296875,10651700
2024-06-20,59.53525924682617,62.18000030517578,62.7400016784668,61.95000076293945,62.400001525878906,13306300
2024-06-21,60.100162506103516,62.77000045776367,63.099998474121094,62.18000030517578,62.18000030517578,28278100
2024-06-24,61.24912643432617,63.970001220703125,64.05999755859375,62.90999984741211,62.9900016784668,13212500
2024-06-25,61.124656677246094,63.84000015258789,64.06999969482422,63.5099983215332,63.939998626708984,10235300
2024-06-26,61.32572555541992,64.05000305175781,64.11000061035156,63.22999954223633,63.400001525878906,9402500
2024-06-27,61.19167709350586,63.90999984741211,64.2699966430664,63.619998931884766,64.05000305175781,8494100
2024-06-28,60.94273376464844,63.650001525878906,64.05999755859375,63.52000045776367,63.900001525878906,17358800
2024-07-01,60.588470458984375,63.279998779296875,64.30000305175781,63.119998931884766,64.02999877929688,10033400
2024-07-02,60.46399688720703,63.150001525878906,63.380001068115234,62.86000061035156,63.2599983215332,8878200
2024-07-03,60.636348724365234,63.33000183105469,63.66999816894531,62.93000030517578,63.189998626708984,9154200
2024-07-05,61.04805374145508,63.7599983215332,63.790000915527344,63.0,63.33000183105469,11735500
2024-07-08,60.282081604003906,62.959999084472656,63.59000015258789,62.84000015258789,63.59000015258789,11235100
2024-07-09,60.023563385009766,62.689998626708984,63.22999954223633,62.59000015258789,63.060001373291016,11657500
2024-07-10,60.157615661621094,62.83000183105469,62.86000061035156,62.290000915527344,62.720001220703125,11930400
2024-07-11,60.4161262512207,63.099998474121094,63.459999084472656,62.400001525878906,62.63999938964844,11431600
2024-07-12,60.9906120300293,63.70000076293945,64.11000061035156,63.38999938964844,63.459999084472656,9201500
2024-07-15,60.71294403076172,63.40999984741211,63.939998626708984,63.349998474121094,63.790000915527344,8207500
2024-07-16,61.53635787963867,64.2699966430664,64.30999755859375,63.38999938964844,63.43000030517578,9025100
2024-07-17,62.43638229370117,65.20999908447266,65.38999938964844,64.41000366210938,64.47000122070312,12508200
2024-07-18,62.417236328125,65.19000244140625,65.80999755859375,64.72000122070312,64.80000305175781,11128200
2024-07-19,62.51298522949219,65.29000091552734,65.63999938964844,64.81999969482422,65.63999938964844,13775700
2024-07-22,62.01509475708008,64.7699966430664,65.29000091552734,64.31999969482422,65.25,11794200
2024-07-23,62.19700622558594,64.95999908447266,66.04000091552734,64.8499984741211,65.43000030517578,11810300
2024-07-24,63.0108642578125,65.80999755859375,65.97000122070312,64.83000183105469,65.08999633789062,13244600
2024-07-25,63.25980758666992,66.06999969482422,66.88999938964844,65.86000061035156,66.04000091552734,16328600
2024-07-26,64.19812774658203,67.05000305175781,67.11000061035156,66.01000213623047,66.06999969482422,13530100
2024-07-29,63.98748016357422,66.83000183105469,67.02999877929688,66.38999938964844,66.87999725341797,12140200
2024-07-30,64.80132293701172,67.68000030517578,67.83000183105469,66.36000061035156,66.4800033569336,13258000
2024-07-31,63.901302337646484,66.73999786376953,67.61000061035156,66.61000061035156,67.5,15576800
2024-08-01,65.06941223144531,67.95999908447266,68.11000061035156,66.69999694824219,67.0,16495900
2024-08-02,66.38114166259766,69.33000183105469,69.66999816894531,67.69000244140625,68.52999877929688,22514800
2024-08-05,65.20346069335938,68.0999984741211,69.55000305175781,67.7300033569336,68.98999786376953,25484300
2024-08-06,65.15558624267578,68.05000305175781,68.83999633789062,67.7699966430664,68.1500015258789,12969100
2024-08-07,65.54815673828125,68.45999908447266,69.18000030517578,67.83000183105469,68.05000305175781,13365300
2024-08-08,65.80667114257812,68.7300033569336,68.86000061035156,67.8499984741211,68.0,15240900
2024-08-09,65.7587890625,68.68000030517578,68.79000091552734,68.25,68.69999694824219,12080400
2024-08-12,65.27047729492188,68.16999816894531,68.54000091552734,67.83000183105469,68.44999694824219,11012300
2024-08-13,65.54815673828125,68.45999908447266,68.61000061035156,68.01000213623047,68.08000183105469,9877600
2024-08-14,65.66304779052734,68.58000183105469,68.88999938964844,68.12999725341797,68.2300033569336,14328000
2024-08-15,65.73007202148438,68.6500015258789,68.91999816894531,68.5,68.62000274658203,11285100
2024-08-16,66.2375259399414,69.18000030517578,69.30000305175781,68.63999938964844,68.83999633789062,12651200
2024-08-19,66.04602813720703,68.9800033569336,69.41999816894531,68.8499984741211,69.3499984741211,9843900
2024-08-20,66.42902374267578,69.37999725341797,69.38999938964844,68.7699966430664,68.98999786376953,11957400
2024-08-21,66.6109390258789,69.56999969482422,70.12999725341797,69.33000183105469,69.4800033569336,8792400
2024-08-22,66.38114166259766,69.33000183105469,69.91999816894531,68.79000091552734,69.91999816894531,12509200
2024-08-23,66.82157897949219,69.79000091552734,69.8499984741211,68.94000244140625,69.4000015258789,11834700
2024-08-26,67.82691192626953,70.83999633789062,70.91999816894531,69.7300033569336,69.83000183105469,12912200
2024-08-27,68.4588394165039,71.5,71.52999877929688,71.05000305175781,71.31999969482422,16988400
2024-08-28,68.6982192993164,71.75,71.80999755859375,71.30000305175781,71.61000061035156,13272600
2024-08-29,68.98545837402344,72.05000305175781,72.22000122070312,71.2300033569336,71.9000015258789,17201700
2024-08-30,69.38758850097656,72.47000122070312,72.56999969482422,71.77999877929688,72.19999694824219,18624200
2024-09-03,69.90462493896484,73.01000213623047,73.29000091552734,72.25,72.44000244140625,14755800
2024-09-04,69.47376251220703,72.55999755859375,73.52999877929688,71.91000366210938,73.30000305175781,18140800
2024-09-05,68.14287567138672,71.16999816894531,72.68000030517578,70.9800033569336,72.62000274658203,23866100
2024-09-06,68.1141586303711,71.13999938964844,71.66999816894531,70.88999938964844,70.98999786376953,17485700
2024-09-09,68.79396057128906,71.8499984741211,72.30999755859375,70.9800033569336,71.2300033569336,12939300
2024-09-10,68.50672912597656,71.55000305175781,72.41999816894531,71.5199966430664,71.97000122070312,10277600
2024-09-11,68.05670166015625,71.08000183105469,71.37000274658203,70.56999969482422,71.36000061035156,11418200
2024-09-12,68.20032501220703,71.2300033569336,71.37999725341797,70.66000366210938,71.0,12337800
2024-09-13,68.84141540527344,71.41000366210938,71.47000122070312,70.4800033569336,70.83999633789062,11073800
2024-09-16,69.506591796875,72.0999984741211,72.23999786376953,71.62000274658203,71.7699966430664,10786500
2024-09-17,69.21739196777344,71.80000305175781,72.3499984741211,71.72000122070312,71.9000015258789,12974400
2024-09-18,69.16918182373047,71.75,72.37999725341797,71.2699966430664,71.88999938964844,10719700
2024-09-19,68.079833984375,70.62000274658203,71.94000244140625,70.5999984741211,71.55999755859375,13635600
2024-09-20,69.06314086914062,71.63999938964844,71.80000305175781,70.37999725341797,70.41000366210938,48578500
2024-09-23,69.14990234375,71.7300033569336,72.19999694824219,71.18000030517578,71.55000305175781,11613000
2024-09-24,68.76428985595703,71.33000183105469,71.81999969482422,70.5999984741211,71.22000122070312,13330600
2024-09-25,68.87996673583984,71.44999694824219,71.91999816894531,71.30999755859375,71.70999908447266,12329100
2024-09-26,68.83177185058594,71.4000015258789,71.61000061035156,70.83999633789062,70.86000061035156,10815200
2024-09-27,69.20774841308594,71.79000091552734,72.19999694824219,71.45999908447266,71.54000091552734,11175700
2024-09-30,69.27522277832031,71.86000061035156,72.19999694824219,71.69000244140625,72.0,18015300
2024-10-01,69.13060760498047,71.70999908447266,72.75,71.62999725341797,72.0999984741211,13294500
2024-10-02,68.45580291748047,71.01000213623047,71.43000030517578,70.41000366210938,71.38999938964844,11155500
2024-10-03,67.98341369628906,70.5199966430664,70.98999786376953,70.19999694824219,70.86000061035156,9374800
2024-10-04,67.64601135253906,70.16999816894531,70.27999877929688,69.72000122070312,69.95999908447266,12684800
2024-10-07,66.52774047851562,69.01000213623047,70.0999984741211,68.87000274658203,70.05000305175781,14512000
2024-10-08,66.6916275024414,69.18000030517578,69.44000244140625,68.86000061035156,69.04000091552734,13549700
2024-10-09,67.06759643554688,69.56999969482422,69.73999786376953,69.06999969482422,69.19000244140625,9037700
2024-10-10,66.75910186767578,69.25,69.91000366210938,68.98999786376953,69.83000183105469,8635200
2024-10-11,67.06759643554688,69.56999969482422,69.58999633789062,69.0,69.45999908447266,8786300
2024-10-14,67.80989074707031,70.33999633789062,70.47000122070312,69.47000122070312,69.56999969482422,7659300
2024-10-15,67.80989074707031,70.33999633789062,71.20999908447266,70.16000366210938,70.45999908447266,10358700
2024-10-16,68.03162384033203,70.56999969482422,70.69999694824219,69.97000122070312,70.08999633789062,7937300
2024-10-17,67.3857192993164,69.9000015258789,70.69000244140625,69.58000183105469,70.62999725341797,14674600
2024-10-18,67.90631103515625,70.44000244140625,70.55000305175781,69.61000061035156,69.87000274658203,15087500
2024-10-21,66.95191192626953,69.44999694824219,70.33000183105469,69.30999755859375,70.0,11981200
2024-10-22,66.95191192626953,69.44999694824219,69.75,68.68000030517578,69.0,18603300
2024-10-23,65.56371307373047,68.01000213623047,68.69999694824219,66.58000183105469,66.98999786376953,24655200
2024-10-24,64.8792495727539,67.30000305175781,68.04000091552734,66.94999694824219,67.6500015258789,17568800
2024-10-25,64.5129165649414,66.91999816894531,67.69999694824219,66.79000091552734,67.06999969482422,11138100
2024-10-28,64.27191162109375,66.66999816894531,67.4000015258789,66.5999984741211,66.95999908447266,10761400
2024-10-29,63.20182800292969,65.55999755859375,66.33999633789062,65.5199966430664,66.29000091552734,16525900
2024-10-30,63.548885345458984,65.91999816894531,66.54000091552734,65.31999969482422,65.51000213623047,14177800
2024-10-31,62.9608154296875,65.30999755859375,65.98999786376953,65.26000213623047,65.80999755859375,13383700
2024-11-01,62.6716194152832,65.01000213623047,65.66000366210938,64.88999938964844,65.47000122070312,12163100
2024-11-04,62.76801300048828,65.11000061035156,65.41999816894531,64.6500015258789,65.08000183105469,10984500
2024-11-05,63.018672943115234,65.37000274658203,65.47000122070312,64.63999938964844,64.63999938964844,8780200
2024-11-06,61.40874099731445,63.70000076293945,64.86000061035156,63.18000030517578,64.41999816894531,22899300
2024-11-07,61.370174407958984,63.65999984741211,64.38999938964844,63.599998474121094,64.29000091552734,14856100
2024-11-08,61.62082290649414,63.91999816894531,64.23999786376953,63.7400016784668,63.90999984741211,14719300
2024-11-11,61.08096694946289,63.36000061035156,64.12000274658203,63.25,63.9900016784668,13980900
2024-11-12,60.926719665527344,63.20000076293945,63.75,63.119998931884766,63.68000030517578,15021000
2024-11-13,60.733909606933594,63.0,63.2599983215332,62.4900016784668,63.04999923706055,13177600
2024-11-14,60.30010223388672,62.54999923706055,63.11000061035156,62.43000030517578,63.11000061035156,15910800
2024-11-15,59.51923751831055,61.7400016784668,62.630001068115234,61.38999938964844,62.4900016784668,26284300
2024-11-18,59.634918212890625,61.86000061035156,62.13999938964844,61.560001373291016,61.849998474121094,16062100
2024-11-19,60.33866500854492,62.59000015258789,62.619998931884766,61.630001068115234,61.900001525878906,16254800
2024-11-20,60.72427749633789,62.9900016784668,63.0099983215332,62.02000045776367,62.70000076293945,18904900
2024-11-21,61.466575622558594,63.7599983215332,63.810001373291016,62.95000076293945,63.150001525878906,17292300
2024-11-22,61.62082290649414,63.91999816894531,64.4800033569336,63.650001525878906,64.23999786376953,19562200
2024-11-25,62.064273834228516,64.37999725341797,64.70999908447266,63.84000015258789,64.31999969482422,36805300
2024-11-26,62.22816467285156,64.55000305175781,64.63999938964844,64.05999755859375,64.30999755859375,14473300
2024-11-27,62.11248016357422,64.43000030517578,65.0999984741211,64.25,64.95999908447266,13263400
2024-11-29,62.24361038208008,64.08000183105469,64.25,63.77000045776367,64.0199966430664,10648400
2024-12-02,61.82593536376953,63.650001525878906,64.19000244140625,63.349998474121094,64.05000305175781,16500100
2024-12-03,61.69966125488281,63.52000045776367,64.08000183105469,63.029998779296875,63.720001220703125,24874500
2024-12-04,60.42720031738281,62.209999084472656,63.349998474121094,61.900001525878906,63.279998779296875,28137700
2024-12-05,61.116851806640625,62.91999816894531,63.119998931884766,62.099998474121094,62.470001220703125,21040400
2024-12-06,60.7380256652832,62.529998779296875,63.36000061035156,62.5099983215332,62.83000183105469,15581100
2024-12-09,60.80602264404297,62.599998474121094,62.93000030517578,61.900001525878906,62.689998626708984,22348300
2024-12-10,61.10713577270508,62.90999984741211,63.040000915527344,61.790000915527344,62.70000076293945,14949400
2024-12-11,60.844879150390625,62.63999938964844,63.630001068115234,62.400001525878906,63.0,32819000
2024-12-12,62.01049041748047,63.84000015258789,63.91999816894531,63.220001220703125,63.54999923706055,17542100
2024-12-13,61.311119079589844,63.119998931884766,63.84000015258789,63.11000061035156,63.56999969482422,13429000
2024-12-16,60.75745391845703,62.54999923706055,63.86000061035156,62.349998474121094,63.22999954223633,24559700
2024-12-17,61.583099365234375,63.400001525878906,63.54999923706055,62.31999969482422,62.45000076293945,21902400
2024-12-18,61.048858642578125,62.849998474121094,63.63999938964844,62.790000915527344,62.810001373291016,20946100
2024-12-19,60.66032028198242,62.45000076293945,63.16999816894531,62.400001525878906,62.70000076293945,21300600
2024-12-20,60.75745391845703,62.54999923706055,63.060001373291016,62.279998779296875,62.470001220703125,42458100
2024-12-23,60.59232711791992,62.380001068115234,62.7599983215332,61.529998779296875,62.5,13010800
2024-12-24,61.039146423339844,62.84000015258789,62.84000015258789,62.0099983215332,62.20000076293945,5019100
2024-12-26,60.77688217163086,62.56999969482422,62.7400016784668,62.400001525878906,62.619998931884766,7943800
2024-12-27,60.66032028198242,62.45000076293945,62.95000076293945,62.209999084472656,62.45000076293945,8542800
2024-12-30,60.252357482910156,62.029998779296875,62.34000015258789,61.68000030517578,62.34000015258789,8972200
2024-12-31,60.475765228271484,62.2599983215332,62.43000030517578,61.79999923706055,62.02000045776367,9256700
2025-01-02,60.06780242919922,61.84000015258789,62.75,61.619998931884766,62.349998474121094,12991000
2025-01-03,59.98038101196289,61.75,62.08000183105469,61.619998931884766,61.900001525878906,10403200
2025-01-06,59.06732177734375,60.810001373291016,61.56999969482422,60.65999984741211,61.5,17924200
2025-01-07,59.096458435058594,60.84000015258789,61.720001220703125,60.619998931884766,61.11000061035156,17799600
2025-01-08,59.9415283203125,61.709999084472656,61.77000045776367,60.93000030517578,60.9900016784668,14412400
2025-01-10,59.31986999511719,61.06999969482422,61.650001525878906,60.72999954223633,61.58000183105469,22425000
2025-01-13,59.88324737548828,61.650001525878906,61.849998474121094,60.709999084472656,61.130001068115234,18016200
2025-01-14,60.2620735168457,62.040000915527344,62.06999969482422,61.29999923706055,61.65999984741211,16658300
2025-01-15,59.99980545043945,61.77000045776367,62.619998931884766,61.68000030517578,62.33000183105469,16187200
2025-01-16,60.4660530090332,62.25,62.29999923706055,61.31999969482422,61.41999816894531,12585500
2025-01-17,60.91286849975586,62.709999084472656,62.77000045776367,62.16999816894531,62.310001373291016,17948900
2025-01-21,60.63117980957031,62.41999816894531,63.22999954223633,62.29999923706055,62.900001525878906,19817100
2025-01-22,60.009521484375,61.779998779296875,62.290000915527344,61.65999984741211,62.119998931884766,18191900
2025-01-23,59.76668167114258,61.529998779296875,61.97999954223633,61.369998931884766,61.79999923706055,16528400
2025-01-24,60.145511627197266,61.91999816894531,62.0099983215332,61.439998626708984,61.720001220703125,19244600
2025-01-27,62.03962326049805,63.869998931884766,64.18000030517578,62.470001220703125,62.869998931884766,20742900
2025-01-28,60.57290267944336,62.36000061035156,64.04000091552734,62.279998779296875,63.5099983215332,14956000
2025-01-29,61.02943420410156,62.83000183105469,63.36000061035156,62.54999923706055,62.560001373291016,11325600
2025-01-30,62.214473724365234,64.05000305175781,64.29000091552734,63.22999954223633,63.849998474121094,13201000
2025-01-31,61.660804748535156,63.47999954223633,63.93000030517578,63.38999938964844,63.70000076293945,12096800
2025-02-03,61.53452682495117,63.349998474121094,63.630001068115234,62.43000030517578,63.18000030517578,12067900
2025-02-04,60.87401580810547,62.66999816894531,63.630001068115234,62.349998474121094,63.61000061035156,15678000
2025-02-05,61.311119079589844,63.119998931884766,63.290000915527344,62.59000015258789,62.720001220703125,10686800
2025-02-06,61.544246673583984,63.36000061035156,63.7400016784668,62.90999984741211,63.619998931884766,13423400
2025-02-07,62.01049041748047,63.84000015258789,63.91999816894531,63.27000045776367,63.43000030517578,13184700
2025-02-10,62.70014190673828,64.55000305175781,64.6500015258789,63.65999984741211,64.0999984741211,16154300
2025-02-11,65.66273498535156,67.5999984741211,67.66999816894531,66.41000366210938,67.5,30589100
2025-02-12,66.74092864990234,68.70999908447266,68.81999969482422,66.87000274658203,66.87000274658203,26033800
2025-02-13,67.50828552246094,69.5,69.61000061035156,68.76000213623047,69.0,24393100
2025-02-14,66.89634704589844,68.87000274658203,70.02999877929688,68.76000213623047,69.36000061035156,20779100
2025-02-18,67.07118225097656,69.05000305175781,69.37000274658203,68.41999816894531,68.55000305175781,15569100
2025-02-19,68.06194305419922,70.06999969482422,70.12999725341797,69.16999816894531,69.20999908447266,16032300
2025-02-20,68.03280639648438,70.04000091552734,70.06999969482422,69.41999816894531,69.70999908447266,13398000
2025-02-21,69.30526733398438,71.3499984741211,71.5999984741211,70.12999725341797,70.31999969482422,21662300
2025-02-24,68.5670394897461,70.58999633789062,71.7300033569336,70.33000183105469,70.83999633789062,21418400
2025-02-25,69.4412612915039,71.48999786376953,71.7699966430664,70.7300033569336,70.86000061035156,21555600
2025-02-26,68.77102661132812,70.80000305175781,71.27999877929688,70.52999877929688,71.2699966430664,14531200
2025-02-27,68.83901977539062,70.87000274658203,71.54000091552734,70.41999816894531,70.72000122070312,16789500
2025-02-28,69.16928100585938,71.20999908447266,71.56999969482422,70.55999755859375,71.44999694824219,22167400
2025-03-03,70.24746704101562,72.31999969482422,72.36000061035156,69.7300033569336,70.23999786376953,21717600
2025-03-04,68.17850494384766,70.19000244140625,72.6500015258789,69.87999725341797,72.06999969482422,25411900
2025-03-05,68.07166290283203,70.08000183105469,70.73999786376953,69.83999633789062,69.9000015258789,23933600
2025-03-06,68.4407730102539,70.45999908447266,70.52999877929688,69.44999694824219,70.41000366210938,21694000
2025-03-07,69.38296508789062,71.43000030517578,71.81999969482422,69.6500015258789,69.6500015258789,28393300
2025-03-10,69.40239715576172,71.44999694824219,73.22000122070312,71.31999969482422,71.95999908447266,25251200
2025-03-11,69.004150390625,71.04000091552734,72.04000091552734,70.61000061035156,71.87999725341797,28076400
2025-03-12,67.93567657470703,69.94000244140625,70.7300033569336,69.73999786376953,70.37000274658203,18923300
2025-03-13,67.62484741210938,69.62000274658203,70.25,69.27999877929688,70.25,15746600
2025-03-14,67.67377471923828,69.16000366210938,69.26000213623047,68.37999725341797,68.51000213623047,14205100
2025-03-17,68.61314392089844,70.12000274658203,70.16999816894531,69.08000183105469,69.23999786376953,15634800
2025-03-18,67.88904571533203,69.37999725341797,70.19000244140625,69.30000305175781,70.11000061035156,12657600
2025-03-19,67.79119110107422,69.27999877929688,69.37999725341797,68.54000091552734,68.55000305175781,14780000
2025-03-20,68.21195220947266,69.70999908447266,69.80999755859375,69.08999633789062,69.30999755859375,16295300
2025-03-21,67.19429779052734,68.66999816894531,69.97000122070312,68.18000030517578,69.70999908447266,47479500
2025-03-24,67.4682846069336,68.94999694824219,69.08000183105469,68.33000183105469,68.80000305175781,12575400
2025-03-25,67.33128356933594,68.80999755859375,69.08000183105469,68.5999984741211,68.94999694824219,12513900
2025-03-26,68.51528930664062,70.0199966430664,70.3499984741211,68.9000015258789,68.91999816894531,14478200
2025-03-27,69.21981048583984,70.73999786376953,70.98999786376953,70.06999969482422,70.18000030517578,11663400
2025-03-28,68.85777282714844,70.37000274658203,71.31999969482422,69.52999877929688,70.80999755859375,17412900
2025-03-31,70.0809097290039,71.62000274658203,71.94000244140625,70.48999786376953,70.7300033569336,24016900
2025-04-01,70.32553100585938,71.87000274658203,71.91000366210938,71.19000244140625,71.68000030517578,15309100
2025-04-02,69.79713439941406,71.33000183105469,72.36000061035156,71.05000305175781,71.95999908447266,14606500
2025-04-03,71.60738372802734,73.18000030517578,73.94999694824219,72.31999969482422,72.4800033569336,24959600
2025-04-04,68.4272232055664,69.93000030517578,73.01000213623047,69.79000091552734,72.41999816894531,26517300
2025-04-07,66.90074920654297,68.37000274658203,69.37999725341797,66.05000305175781,66.2300033569336,34258400
2025-04-08,66.94966888427734,68.41999816894531,69.9800033569336,67.76000213623047,68.95999908447266,22774400
2025-04-09,68.44678497314453,69.94999694824219,70.47000122070312,67.27999877929688,67.91999816894531,27918700
2025-04-10,69.23938751220703,70.76000213623047,71.20999908447266,68.9800033569336,70.19000244140625,22450200
2025-04-11,69.89498138427734,71.43000030517578,71.8499984741211,70.54000091552734,70.91000366210938,19988200
2025-04-14,70.89306640625,72.44999694824219,72.66000366210938,70.93000030517578,71.30000305175781,13930200
2025-04-15,70.31574249267578,71.86000061035156,72.62999725341797,71.72000122070312,72.62000274658203,14965500
2025-04-16,70.13961029052734,71.68000030517578,72.66999816894531,71.38999938964844,72.36000061035156,15276200
2025-04-17,71.4312515258789,73.0,73.43000030517578,71.72000122070312,71.9000015258789,20754500
2025-04-21,71.20618438720703,72.7699966430664,73.47000122070312,71.81999969482422,73.37999725341797,16037200
2025-04-22,72.31190490722656,73.9000015258789,74.37999725341797,72.91999816894531,73.0,15613500
2025-04-23,71.72480773925781,73.30000305175781,73.94999694824219,72.37999725341797,73.29000091552734,16353900
2025-04-24,70.96155548095703,72.5199966430664,73.43000030517578,72.30000305175781,73.0199966430664,16893900
2025-04-25,70.36468505859375,71.91000366210938,72.91999816894531,71.12999725341797,72.6500015258789,16316000
2025-04-28,70.24724578857422,71.79000091552734,72.26000213623047,71.30999755859375,72.08000183105469,15997500
2025-04-29,70.79521179199219,72.3499984741211,72.70999908447266,70.27999877929688,71.19000244140625,16244100
2025-04-30,70.99092864990234,72.55000305175781,73.4800033569336,71.69000244140625,73.3499984741211,21074700
2025-05-01,69.75799560546875,71.29000091552734,72.04000091552734,71.2300033569336,72.0,18034200
2025-05-02,70.11026000976562,71.6500015258789,71.81999969482422,71.0999984741211,71.5,12629600
2025-05-05,70.15918731689453,71.69999694824219,71.80000305175781,71.01000213623047,71.66999816894531,11932700
2025-05-06,70.17875671386719,71.72000122070312,71.9000015258789,71.16000366210938,71.68000030517578,12705500
2025-05-07,70.84414672851562,72.4000015258789,72.69000244140625,71.66999816894531,71.72000122070312,15018200
2025-05-08,69.64057159423828,71.16999816894531,72.47000122070312,71.12999725341797,72.19999694824219,14371100
2025-05-09,69.0045394897461,70.5199966430664,71.1500015258789,70.45999908447266,70.98999786376953,11228900
2025-05-12,68.03581237792969,69.52999877929688,70.33000183105469,68.69999694824219,70.1500015258789,21539000
2025-05-13,67.47807312011719,68.95999908447266,69.69000244140625,68.87000274658203,69.58999633789062,14389100
2025-05-14,67.67377471923828,69.16000366210938,69.33999633789062,68.58000183105469,68.87999725341797,16286800
2025-05-15,70.07112121582031,71.61000061035156,71.7300033569336,69.5999984741211,69.69999694824219,19817100
2025-05-16,70.45272827148438,72.0,72.26000213623047,71.43000030517578,71.86000061035156,18441200
2025-05-19,70.38423919677734,71.93000030517578,72.16999816894531,71.63999938964844,72.02999877929688,13282800
2025-05-20,70.14940643310547,71.69000244140625,72.12999725341797,71.43000030517578,71.80000305175781,12137800
2025-05-21,70.30596160888672,71.8499984741211,72.08000183105469,71.58000183105469,71.69000244140625,12094400
2025-05-22,69.61122131347656,71.13999938964844,71.98999786376953,70.95999908447266,71.83999633789062,11101800
2025-05-23,70.22767639160156,71.7699966430664,71.9800033569336,70.69000244140625,71.54000091552734,12822100
2025-05-27,70.23746490478516,71.77999877929688,72.22000122070312,71.55999755859375,71.73999786376953,10666100
2025-05-28,69.62100219726562,71.1500015258789,71.9000015258789,71.05000305175781,71.69999694824219,8710900
2025-05-29,69.95370483398438,71.48999786376953,71.66000366210938,70.45999908447266,71.0,10291100
2025-05-30,70.55058288574219,72.0999984741211,72.47000122070312,71.61000061035156,71.61000061035156,28019500
2025-06-02,70.45272827148438,72.0,72.04000091552734,71.36000061035156,72.02999877929688,10202700
2025-06-03,69.63079071044922,71.16000366210938,71.77999877929688,70.47000122070312,71.70999908447266,20139800
2025-06-04,69.8362808227539,71.37000274658203,71.8499984741211,70.68000030517578,71.26000213623047,13565900
2025-06-05,69.38616180419922,70.91000366210938,71.45999908447266,70.83000183105469,71.37999725341797,13531400
2025-06-06,69.81670379638672,71.3499984741211,71.4800033569336,70.94000244140625,71.08000183105469,9524000
2025-06-09,70.22767639160156,71.7699966430664,71.83000183105469,71.08999633789062,71.3499984741211,12281300
2025-06-10,70.79521179199219,72.3499984741211,72.69000244140625,71.76000213623047,71.9000015258789,12265000
2025-06-11,70.52123260498047,72.06999969482422,72.36000061035156,71.76000213623047,72.2699966430664,12718500
2025-06-12,70.68758392333984,72.23999786376953,72.4000015258789,71.5999984741211,72.25,12806900
2025-06-13,69.9878921508789,71.0199966430664,71.87999725341797,70.7300033569336,71.7699966430664,17467200
2025-06-16,69.49516296386719,70.5199966430664,71.62000274658203,70.23999786376953,71.19999694824219,15045900
2025-06-17,68.60824584960938,69.62000274658203,70.45999908447266,69.58000183105469,70.37999725341797,15437000
2025-06-18,68.2042007446289,69.20999908447266,70.0,69.08999633789062,70.0,16227600
2025-06-20,67.8395767211914,68.83999633789062,69.55999755859375,68.77999877929688,69.08999633789062,40859400
2025-06-23,68.72649383544922,69.73999786376953,69.80999755859375,68.97000122070312,69.13999938964844,21822800
2025-06-24,69.1896743774414,70.20999908447266,70.3499984741211,69.69000244140625,69.94000244140625,15216100
2025-06-25,68.61809539794922,69.62999725341797,70.0199966430664,69.43000030517578,69.93000030517578,12540400
2025-06-26,68.4604263305664,69.47000122070312,69.91999816894531,69.1500015258789,69.69999694824219,14454100
2025-06-27,69.30792999267578,70.33000183105469,70.55999755859375,69.47000122070312,69.58999633789062,23470700
2025-06-30,69.7218246459961,70.75,70.79000091552734,70.08999633789062,70.12999725341797,15429000
2025-07-01,70.62844848632812,71.66999816894531,72.44999694824219,70.9000015258789,70.98999786376953,21729300
2025-07-02,69.87950134277344,70.91000366210938,71.83000183105469,70.73999786376953,71.69000244140625,13050200
2025-07-03,70.31310272216797,71.3499984741211,71.4000015258789,70.44999694824219,71.04000091552734,9440500
2025-07-07,69.97804260253906,71.01000213623047,71.37000274658203,70.80000305175781,71.37000274658203,16984700
2025-07-08,69.21923065185547,70.23999786376953,70.68000030517578,69.87999725341797,70.68000030517578,17115500
2025-07-09,68.47028350830078,69.4800033569336,70.25,68.97000122070312,70.16000366210938,33704100
2025-07-10,68.75606536865234,69.7699966430664,69.8499984741211,69.16000366210938,69.29000091552734,14608400
2025-07-11,68.8546142578125,69.87000274658203,70.16000366210938,69.25,69.56999969482422,12916700
2025-07-14,68.4604263305664,69.47000122070312,70.08000183105469,69.2699966430664,69.80000305175781,13983200
2025-07-15,68.3520278930664,69.36000061035156,69.55000305175781,69.1500015258789,69.51000213623047,12639800
2025-07-16,68.2633285522461,69.2699966430664,69.5,68.79000091552734,69.3499984741211,13178300
2025-07-17,69.56414031982422,70.58999633789062,70.69000244140625,69.51000213623047,69.80999755859375,20464700
2025-07-18,68.83489990234375,69.8499984741211,70.69999694824219,69.83000183105469,70.44000244140625,14928000
2025-07-21,69.05170440673828,70.06999969482422,70.62000274658203,69.93000030517578,70.19000244140625,17811700
2025-07-22,68.64766693115234,69.66000366210938,70.26000213623047,68.69000244140625,69.44999694824219,22339900
2025-07-23,68.15493774414062,69.16000366210938,69.73999786376953,68.5999984741211,69.66000366210938,21030000
2025-07-24,68.0958023071289,69.0999984741211,69.55000305175781,68.98999786376953,69.26000213623047,12511400
2025-07-25,68.16478729248047,69.16999816894531,69.2300033569336,68.75,69.12999725341797,12574800
2025-07-28,67.10047912597656,68.08999633789062,68.9000015258789,68.05999755859375,68.73999786376953,13668800
2025-07-29,68.37173461914062,69.37999725341797,69.41999816894531,68.1500015258789,68.33999633789062,16223400
2025-07-30,67.75089263916016,68.75,69.33000183105469,68.52999877929688,69.11000061035156,10448200
2025-07-31,66.90338897705078,67.88999938964844,68.6500015258789,67.73999786376953,68.1500015258789,17193400
2025-08-01,67.85929107666016,68.86000061035156,69.04000091552734,68.2699966430664,68.5999984741211,16107500
2025-08-04,67.95783996582031,68.95999908447266,69.08000183105469,68.30999755859375,68.72000122070312,10701500
2025-08-05,68.0465316772461,69.05000305175781,69.48999786376953,68.75,68.9000015258789,11993400
2025-08-06,68.49984741210938,69.51000213623047,69.80000305175781,68.62999725341797,69.12000274658203,10783000
2025-08-07,69.40647888183594,70.43000030517578,70.72000122070312,69.33000183105469,69.45999908447266,15790800
2025-08-08,69.31777954101562,70.33999633789062,70.87000274658203,70.08000183105469,70.36000061035156,9232700
2025-08-11,69.7218246459961,70.75,70.86000061035156,69.95999908447266,70.30000305175781,10909400
2025-08-12,69.68240356445312,70.70999908447266,71.05999755859375,70.22000122070312,70.81999969482422,11061100
2025-08-13,69.43603515625,70.45999908447266,70.7699966430664,70.2300033569336,70.69000244140625,10356500
2025-08-14,68.53926086425781,69.55000305175781,70.45999908447266,69.38999938964844,70.37999725341797,10722400
2025-08-15,68.90388488769531,69.91999816894531,70.38999938964844,69.56999969482422,69.73999786376953,12381100
2025-08-18,68.1253662109375,69.12999725341797,70.05000305175781,69.05000305175781,69.9800033569336,14094900
2025-08-19,69.11083221435547,70.12999725341797,70.22000122070312,69.23999786376953,69.30000305175781,13862200
2025-08-20,69.67254638671875,70.69999694824219,71.70999908447266,70.41000366210938,70.73999786376953,17530800
2025-08-21,69.63313293457031,70.66000366210938,70.91000366210938,70.33000183105469,70.5999984741211,8840400
2025-08-22,69.11083221435547,70.12999725341797,71.0199966430664,69.91999816894531,70.95999908447266,12999600
2025-08-25,67.92827606201172,68.93000030517578,70.2300033569336,68.72000122070312,70.11000061035156,13634600
2025-08-26,67.73118591308594,68.7300033569336,69.08000183105469,68.58000183105469,69.04000091552734,17964200
2025-08-27,67.82972717285156,68.83000183105469,68.87000274658203,68.47000122070312,68.81999969482422,11562700
2025-08-28,67.3665542602539,68.36000061035156,68.9000015258789,68.27999877929688,68.87999725341797,16209900
2025-08-29,67.98739624023438,68.98999786376953,69.13999938964844,68.43000030517578,68.66999816894531,14601100
2025-09-02,68.05638122558594,69.05999755859375,69.33999633789062,68.26000213623047,68.95999908447266,24770100
2025-09-03,67.98739624023438,68.98999786376953,69.0999984741211,67.37000274658203,68.66000366210938,33581500
2025-09-04,67.2581558227539,68.25,69.45999908447266,68.11000061035156,69.11000061035156,16736000
2025-09-05,66.97237396240234,67.95999908447266,68.58000183105469,67.87000274658203,68.01000213623047,23978000
2025-09-08,66.4500732421875,67.43000030517578,67.87999725341797,67.16000366210938,67.86000061035156,21671700
2025-09-09,66.87382507324219,67.86000061035156,68.11000061035156,67.27999877929688,67.27999877929688,14120600
2025-09-10,66.83440399169922,67.81999969482422,68.08999633789062,67.20999908447266,67.79000091552734,16041900
2025-09-11,66.63731384277344,67.62000274658203,68.16999816894531,67.58000183105469,67.91999816894531,15128700
2025-09-12,66.03617858886719,67.01000213623047,67.72000122070312,66.94000244140625,67.5999984741211,18712400
2025-09-15,65.74819946289062,66.20999908447266,66.77999877929688,66.0999984741211,66.68000030517578,15986100
2025-09-16,65.77798461914062,66.23999786376953,66.51000213623047,66.05999755859375,66.3499984741211,18555900
2025-09-17,66.5724105834961,67.04000091552734,67.12999725341797,66.41000366210938,66.41000366210938,17372300
2025-09-18,65.99645233154297,66.45999908447266,67.04000091552734,66.3499984741211,66.80000305175781,17722900
2025-09-19,65.96665954589844,66.43000030517578,66.7300033569336,66.05000305175781,66.48999786376953,31192900
2025-09-22,65.74819946289062,66.20999908447266,66.58999633789062,66.08000183105469,66.16000366210938,13298700
2025-09-23,66.24471282958984,66.70999908447266,66.76000213623047,65.9000015258789,66.3499984741211,15072800
2025-09-24,65.98651885986328,66.44999694824219,66.77999877929688,65.95999908447266,66.41000366210938,14759300
2025-09-25,65.51980590820312,65.9800033569336,66.91999816894531,65.94999694824219,66.75,14395000
2025-09-26,65.21195983886719,65.66999816894531,66.33000183105469,65.5,66.06999969482422,17821600
2025-09-29,65.57938385009766,66.04000091552734,66.0999984741211,65.3499984741211,65.66999816894531,14818500
2025-09-30,65.85742950439453,66.31999969482422,66.63999938964844,65.95999908447266,66.06999969482422,13815000
2025-10-01,66.31422424316406,66.77999877929688,66.83000183105469,66.29000091552734,66.51000213623047,14877500
2025-10-02,65.63896179199219,66.0999984741211,66.6500015258789,65.86000061035156,66.52999877929688,14350700
2025-10-03,66.18512725830078,66.6500015258789,66.98999786376953,66.04000091552734,66.0999984741211,12249200
2025-10-06,65.63896179199219,66.0999984741211,66.5,65.83999633789062,66.48999786376953,14333300
2025-10-07,66.32415008544922,66.79000091552734,67.26000213623047,65.87000274658203,66.22000122070312,13328300
2025-10-08,65.65882873535156,66.12000274658203,66.87000274658203,66.05999755859375,66.66999816894531,12606700
2025-10-09,65.9070816040039,66.37000274658203,66.80000305175781,66.12000274658203,66.29000091552734,12705200
2025-10-10,66.5724105834961,67.04000091552734,67.4000015258789,66.37999725341797,66.5199966430664,17991700
2025-10-13,66.3340835571289,66.80000305175781,66.80000305175781,66.0,66.2300033569336,13690000
2025-10-14,67.03913116455078,67.51000213623047,67.56999969482422,66.75,66.87000274658203,14245600
2025-10-15,66.61212921142578,67.08000183105469,67.72000122070312,66.91999816894531,67.2699966430664,11193700
2025-10-16,67.11856842041016,67.58999633789062,68.11000061035156,67.16000366210938,67.18000030517578,15707200
2025-10-17,67.962646484375,68.44000244140625,68.5,67.80000305175781,68.0,15541800
2025-10-20,67.962646484375,68.44000244140625,68.63999938964844,67.91999816894531,68.43000030517578,17786800
2025-10-21,70.72325134277344,71.22000122070312,71.38999938964844,70.2300033569336,70.56999969482422,33651300
2025-10-22,70.31610870361328,70.80999755859375,71.62000274658203,70.51000213623047,71.36000061035156,18293000
2025-10-23,69.45218658447266,69.94000244140625,70.93000030517578,69.72000122070312,70.80999755859375,13989400
2025-10-24,69.22378540039062,69.70999908447266,70.05000305175781,69.6500015258789,69.91000366210938,15688200
2025-10-27,69.57134246826172,70.05999755859375,70.12000274658203,69.25,69.77999877929688,13800000
2025-10-28,69.670654296875,70.16000366210938,70.9000015258789,69.94999694824219,70.05000305175781,12730500
2025-10-29,67.8732681274414,68.3499984741211,70.02999877929688,68.16000366210938,69.91999816894531,19789600
2025-10-30,68.4988784790039,68.9800033569336,69.29000091552734,68.38999938964844,68.44999694824219,14751700
2025-10-31,68.41943359375,68.9000015258789,69.06999969482422,67.9000015258789,68.55000305175781,16742700
2025-11-03,67.49592590332031,67.97000122070312,68.88999938964844,67.66000366210938,68.80000305175781,15660400
2025-11-04,68.18111419677734,68.66000366210938,68.7300033569336,68.16000366210938,68.47000122070312,12743800
2025-11-05,68.03215789794922,68.51000213623047,68.83000183105469,68.18000030517578,68.66000366210938,12850100
2025-11-06,68.57831573486328,69.05999755859375,69.13999938964844,67.91999816894531,68.30000305175781,15906700
2025-11-07,70.05792999267578,70.55000305175781,70.87000274658203,69.41000366210938,69.80999755859375,25108300
2025-11-10,70.02812957763672,70.5199966430664,70.66000366210938,69.44000244140625,70.01000213623047,15318000
2025-11-11,71.11053466796875,71.61000061035156,71.75,70.66000366210938,70.9800033569336,16160200
2025-11-12,71.01123046875,71.51000213623047,71.88999938964844,71.33999633789062,71.48999786376953,13612600
2025-11-13,70.57430267333984,71.06999969482422,71.66999816894531,71.0,71.41999816894531,14002800
2025-11-14,70.6636734008789,71.16000366210938,71.63999938964844,70.5999984741211,71.41000366210938,13172000
2025-11-17,70.18701934814453,70.68000030517578,71.52999877929688,70.62000274658203,71.19999694824219,14772300
2025-11-18,70.72325134277344,71.22000122070312,71.33999633789062,70.56999969482422,70.98999786376953,12838900
2025-11-19,70.61402130126953,71.11000061035156,71.44999694824219,70.80999755859375,71.19999694824219,12401500
2025-11-20,70.71332550048828,71.20999908447266,71.4800033569336,70.61000061035156,70.94999694824219,15396500
2025-11-21,72.4411849975586,72.94999694824219,73.19000244140625,71.48999786376953,71.68000030517578,26492500
2025-11-24,72.08369445800781,72.58999633789062,73.16000366210938,71.56999969482422,73.16000366210938,39818600
2025-11-25,72.10356140136719,72.61000061035156,72.93000030517578,72.13999938964844,72.80000305175781,17451200
2025-11-26,72.37167358398438,72.87999725341797,73.08999633789062,72.38999938964844,72.5999984741211,11795100
2025-11-28,72.61000061035156,73.12000274658203,73.2300033569336,72.76000213623047,73.0,7423000
2025-12-01,71.94999694824219,71.94999694824219,72.91000366210938,71.93000030517578,72.5999984741211,14388100
2025-12-02,70.66999816894531,70.66999816894531,71.80000305175781,70.43000030517578,71.80000305175781,19871300
2025-12-03,70.80999755859375,70.80999755859375,71.4000015258789,70.61000061035156,70.87999725341797,17001700
2025-12-04,70.44999694824219,70.44999694824219,71.33999633789062,70.37000274658203,70.83000183105469,17710000
2025-12-05,70.0,70.0,70.70999908447266,69.87000274658203,70.31999969482422,13978200
2025-12-08,70.25,70.25,70.37999725341797,69.48999786376953,69.83999633789062,17775100
2025-12-09,70.08999633789062,70.08999633789062,70.62999725341797,69.83000183105469,70.37000274658203,13010600
2025-12-10,70.20999908447266,70.20999908447266,70.52999877929688,69.77999877929688,70.38999938964844,29789400
2025-12-11,69.11000061035156,69.11000061035156,70.69000244140625,68.79000091552734,70.55000305175781,23124200
2025-12-12,70.5199966430664,70.5199966430664,70.62000274658203,69.04000091552734,69.11000061035156,18444500
2025-12-15,70.97000122070312,70.97000122070312,71.31999969482422,70.31999969482422,70.43000030517578,18660100
2025-12-16,70.37000274658203,70.37000274658203,71.30000305175781,70.31999969482422,71.30000305175781,17370000
2025-12-17,70.66999816894531,70.66999816894531,70.91999816894531,70.30999755859375,70.56999969482422,13672700
2025-12-18,70.36000061035156,70.36000061035156,70.80000305175781,70.16999816894531,70.2699966430664,15524800
2025-12-19,70.05999755859375,70.05999755859375,70.7699966430664,70.02999877929688,70.05999755859375,36911100
2025-12-22,70.20999908447266,70.20999908447266,70.22000122070312,69.66000366210938,69.93000030517578,12828500
2025-12-23,69.87000274658203,69.87000274658203,70.26000213623047,69.69000244140625,70.19999694824219,9471000
2025-12-24,70.11000061035156,70.11000061035156,70.16000366210938,69.75,69.9000015258789,4515300
2025-12-26,69.87000274658203,69.87000274658203,70.16000366210938,69.7300033569336,69.94999694824219,5711400
2025-12-29,70.16000366210938,70.16000366210938,70.41999816894531,69.8499984741211,70.0,9686900
2025-12-30,70.06999969482422,70.06999969482422,70.23999786376953,69.80000305175781,70.0,8610900
