Price,Adj Close,Close,High,Low,Open,Volume
Ticker,MKTX,MKTX,MKTX,MKTX,MKTX,MKTX
Date,,,,,,
2015-01-02,63.4421501159668,70.3499984741211,72.2699966430664,70.26000213623047,72.26000213623047,130600
2015-01-05,62.2156982421875,68.98999786376953,70.23999786376953,68.83000183105469,70.02999877929688,218000
2015-01-06,61.01630783081055,67.66000366210938,69.5,67.38999938964844,69.37000274658203,173700
2015-01-07,61.56637954711914,68.2699966430664,68.41000366210938,66.18000030517578,68.29000091552734,275900
2015-01-08,64.65958404541016,71.69999694824219,71.83999633789062,68.05999755859375,68.94999694824219,157800
2015-01-09,64.48826599121094,71.51000213623047,72.44999694824219,70.8499984741211,71.54000091552734,147300
2015-01-12,64.01927947998047,70.98999786376953,72.19000244140625,70.61000061035156,71.69999694824219,168300
2015-01-13,65.48027038574219,72.61000061035156,73.26000213623047,71.54000091552734,71.69000244140625,330900
2015-01-14,65.7958755493164,72.95999908447266,73.1500015258789,71.51000213623047,71.7699966430664,143300
2015-01-15,63.66759490966797,70.5999984741211,73.0,70.37999725341797,72.94999694824219,139400
2015-01-16,65.29988098144531,72.41000366210938,72.47000122070312,70.0,70.19999694824219,138700
2015-01-20,65.07441711425781,72.16000366210938,73.0,71.37000274658203,72.62000274658203,137300
2015-01-21,64.52433013916016,71.55000305175781,72.79000091552734,71.05000305175781,71.7300033569336,124100
2015-01-22,67.13055419921875,74.44000244140625,75.08999633789062,71.16000366210938,72.16999816894531,249500
2015-01-23,66.75179290771484,74.0199966430664,75.19999694824219,73.8499984741211,74.56999969482422,112800
2015-01-26,67.05841827392578,74.36000061035156,74.56999969482422,72.81999969482422,74.06999969482422,112400
2015-01-27,66.86902618408203,74.1500015258789,74.62999725341797,73.2699966430664,73.2699966430664,108800
2015-01-28,66.0664291381836,73.26000213623047,78.48999786376953,72.83000183105469,76.0999984741211,164700
2015-01-29,68.49229431152344,75.94999694824219,76.48999786376953,73.61000061035156,73.61000061035156,261000
2015-01-30,68.51029968261719,75.97000122070312,77.30000305175781,75.06999969482422,75.25,205300
2015-02-02,67.70768737792969,75.08000183105469,76.8499984741211,74.72000122070312,76.12000274658203,330400
2015-02-03,68.49229431152344,75.94999694824219,76.44999694824219,74.16999816894531,75.41999816894531,181500
2015-02-04,70.32295989990234,77.9800033569336,78.43000030517578,74.94999694824219,75.38999938964844,128600
2015-02-05,72.51435089111328,80.41000366210938,80.69999694824219,78.41000366210938,78.44000244140625,165300
2015-02-06,73.65965270996094,81.68000030517578,82.43000030517578,80.41000366210938,80.41000366210938,232800
2015-02-09,72.20772552490234,80.06999969482422,82.16000366210938,79.94999694824219,81.62999725341797,162700
2015-02-10,72.79535675048828,80.5199966430664,81.47000122070312,79.93000030517578,80.72000122070312,169900
2015-02-11,73.15699005126953,80.91999816894531,81.5199966430664,80.44000244140625,80.62000274658203,107900
2015-02-12,74.02487182617188,81.87999725341797,82.41000366210938,80.91999816894531,81.5,127200
2015-02-13,73.42820739746094,81.22000122070312,82.8499984741211,81.1500015258789,81.88999938964844,136200
2015-02-17,72.09021759033203,79.73999786376953,81.22000122070312,79.52999877929688,81.04000091552734,184700
2015-02-18,72.79535675048828,80.5199966430664,81.69999694824219,79.3499984741211,79.3499984741211,398000
2015-02-19,71.92745971679688,79.55999755859375,81.81999969482422,79.47000122070312,80.12000274658203,137900
2015-02-20,71.39407348632812,78.97000122070312,79.73999786376953,77.45999908447266,79.61000061035156,178700
2015-02-23,72.38853454589844,80.06999969482422,80.06999969482422,78.0999984741211,78.94999694824219,154100
2015-02-24,72.4156494140625,80.0999984741211,81.31999969482422,79.62999725341797,80.25,108900
2015-02-25,72.17155456542969,79.83000183105469,80.56999969482422,79.19000244140625,80.26000213623047,86400
2015-02-26,73.16605377197266,80.93000030517578,81.19999694824219,79.33000183105469,79.52999877929688,108100
2015-02-27,71.95457458496094,79.58999633789062,80.94000244140625,79.54000091552734,80.54000091552734,130200
2015-03-02,73.10276794433594,80.86000061035156,81.58999633789062,79.72000122070312,79.72000122070312,123000
2015-03-03,72.56934356689453,80.2699966430664,81.16000366210938,78.87999725341797,80.45999908447266,106000
2015-03-04,75.75167083740234,83.79000091552734,84.83999633789062,79.38999938964844,79.88999938964844,248500
2015-03-05,77.7586898803711,86.01000213623047,86.11000061035156,83.5199966430664,84.20999908447266,218100
2015-03-06,76.13136291503906,84.20999908447266,86.58999633789062,83.7699966430664,85.19000244140625,120000
2015-03-09,77.08967590332031,85.2699966430664,85.47000122070312,84.20999908447266,84.33000183105469,173700
2015-03-10,76.44776916503906,84.55999755859375,85.20999908447266,83.63999938964844,84.16000366210938,95400
2015-03-11,77.4874496459961,85.70999908447266,85.93000030517578,84.44000244140625,84.44000244140625,281300
2015-03-12,77.74964904785156,86.0,87.80000305175781,85.2300033569336,86.72000122070312,248100
2015-03-13,77.29761505126953,85.5,86.80000305175781,84.31999969482422,86.08000183105469,157900
2015-03-16,77.77678680419922,86.02999877929688,86.83999633789062,85.8499984741211,86.11000061035156,129700
2015-03-17,78.35535430908203,86.66999816894531,86.83000183105469,85.6500015258789,86.05000305175781,192000
2015-03-18,78.56330871582031,86.9000015258789,86.9800033569336,85.30000305175781,86.73999786376953,120900
2015-03-19,78.9339599609375,87.30999755859375,87.44999694824219,86.02999877929688,86.37999725341797,116000
2015-03-20,80.2810287475586,88.80000305175781,88.93000030517578,86.72000122070312,87.80000305175781,286200
2015-03-23,78.59043884277344,86.93000030517578,88.36000061035156,86.26000213623047,87.0199966430664,184500
2015-03-24,77.5778579711914,85.80999755859375,87.16000366210938,85.75,86.58000183105469,162000
2015-03-25,75.11884307861328,83.08999633789062,86.38999938964844,82.88999938964844,86.38999938964844,155200
2015-03-26,75.48045349121094,83.48999786376953,84.37000274658203,81.94000244140625,83.11000061035156,185400
2015-03-27,75.92342376708984,83.9800033569336,84.05999755859375,82.61000061035156,83.29000091552734,231700
2015-03-30,78.17453002929688,86.47000122070312,86.9800033569336,84.37999725341797,84.62000274658203,145900
2015-03-31,74.94702911376953,82.9000015258789,86.25,82.80999755859375,86.25,230500
2015-04-01,74.9199447631836,82.87000274658203,84.4000015258789,82.04000091552734,82.54000091552734,296500
2015-04-02,76.41165161132812,84.5199966430664,84.63999938964844,82.7699966430664,82.9800033569336,286600
2015-04-06,77.23435974121094,85.43000030517578,86.54000091552734,83.48999786376953,84.36000061035156,211800
2015-04-07,77.7586898803711,86.01000213623047,87.12999725341797,85.66999816894531,85.72000122070312,230000
2015-04-08,79.10575103759766,87.5,87.54000091552734,85.29000091552734,85.7699966430664,177800
2015-04-09,78.89779663085938,87.2699966430664,87.62999725341797,86.41999816894531,87.2300033569336,236000
2015-04-10,79.62102508544922,88.06999969482422,88.08000183105469,87.02999877929688,87.75,103800
2015-04-13,79.6933822631836,88.1500015258789,88.70999908447266,87.5999984741211,88.4000015258789,251000
2015-04-14,80.7330551147461,89.30000305175781,90.16999816894531,88.44999694824219,88.55000305175781,263200
2015-04-15,80.0730972290039,88.56999969482422,89.8499984741211,88.33999633789062,89.76000213623047,381200
2015-04-16,81.17605590820312,89.79000091552734,89.91000366210938,88.18000030517578,88.66999816894531,219400
2015-04-17,78.9339599609375,87.30999755859375,89.97000122070312,86.94000244140625,88.80000305175781,191100
2015-04-20,80.20870208740234,88.72000122070312,89.11000061035156,87.58000183105469,88.12000274658203,119300
2015-04-21,81.37496185302734,90.01000213623047,90.01000213623047,88.20999908447266,89.37999725341797,195800
2015-04-22,80.15444946289062,88.66000366210938,89.55999755859375,85.4000015258789,89.55999755859375,401200
2015-04-23,80.19062805175781,88.69999694824219,89.0199966430664,87.7300033569336,88.38999938964844,287900
2015-04-24,79.4944839477539,87.93000030517578,88.69999694824219,85.91000366210938,88.69999694824219,445400
2015-04-27,79.41313171386719,87.83999633789062,88.37000274658203,87.27999877929688,88.0,488600
2015-04-28,81.22125244140625,89.83999633789062,90.16999816894531,87.66999816894531,87.98999786376953,415900
2015-04-29,80.51608276367188,89.05999755859375,89.80999755859375,88.2300033569336,89.63999938964844,302500
2015-04-30,77.61404418945312,85.8499984741211,89.08000183105469,85.83000183105469,88.45999908447266,314100
2015-05-01,76.80941009521484,84.95999908447266,86.93000030517578,84.58000183105469,85.86000061035156,192100
2015-05-04,76.82747650146484,84.9800033569336,85.47000122070312,84.56999969482422,84.98999786376953,143600
2015-05-05,75.48634338378906,83.30000305175781,85.37000274658203,83.05000305175781,84.58999633789062,241000
2015-05-06,76.03004455566406,83.9000015258789,84.6500015258789,82.6500015258789,83.2300033569336,223200
2015-05-07,77.04499053955078,85.0199966430664,85.45999908447266,83.08999633789062,83.94999694824219,157200
2015-05-08,76.72779083251953,84.66999816894531,86.48999786376953,84.43000030517578,85.9800033569336,188400
2015-05-11,77.99651336669922,86.06999969482422,86.38999938964844,84.66999816894531,84.68000030517578,194700
2015-05-12,77.951171875,86.0199966430664,86.31999969482422,84.6500015258789,85.4800033569336,275700
2015-05-13,77.99651336669922,86.06999969482422,86.9800033569336,85.27999877929688,86.12000274658203,197500
2015-05-14,79.08393096923828,87.2699966430664,87.3499984741211,85.58999633789062,86.38999938964844,183100
2015-05-15,79.28329467773438,87.48999786376953,88.38999938964844,86.98999786376953,87.29000091552734,142200
2015-05-18,80.74230194091797,89.0999984741211,89.1500015258789,87.12000274658203,87.77999877929688,179700
2015-05-19,80.36166381835938,88.68000030517578,89.8499984741211,87.87000274658203,89.25,183700
2015-05-20,80.0716781616211,88.36000061035156,89.01000213623047,87.93000030517578,89.01000213623047,165100
2015-05-21,79.7454605102539,88.0,88.4000015258789,87.66000366210938,88.16000366210938,184700
2015-05-22,79.49172973632812,87.72000122070312,88.51000213623047,87.33999633789062,88.08000183105469,157800
2015-05-26,78.4405288696289,86.55999755859375,87.80999755859375,85.72000122070312,87.27999877929688,232500
2015-05-27,80.86009216308594,89.2300033569336,89.31999969482422,86.54000091552734,86.54000091552734,278900
2015-05-28,80.66976928710938,89.0199966430664,89.25,88.3499984741211,89.25,134000
2015-05-29,80.15325164794922,88.44999694824219,88.83000183105469,87.12000274658203,88.7699966430664,199500
2015-06-01,80.61542510986328,88.95999908447266,89.4800033569336,87.33999633789062,88.80000305175781,164800
2015-06-02,80.18948364257812,88.48999786376953,89.0,88.06999969482422,88.45999908447266,131200
2015-06-03,79.64578247070312,87.88999938964844,89.61000061035156,87.80000305175781,89.0,295800
2015-06-04,78.37708282470703,86.48999786376953,88.88999938964844,86.41000366210938,87.0,142900
2015-06-05,78.5220718383789,86.6500015258789,87.2699966430664,86.2699966430664,86.56999969482422,254500
2015-06-08,78.18679809570312,86.27999877929688,86.98999786376953,86.05999755859375,86.19000244140625,139500
2015-06-09,77.3802719116211,85.38999938964844,86.55999755859375,85.08000183105469,86.0,141100
2015-06-10,78.44959259033203,86.56999969482422,87.16000366210938,85.80999755859375,85.9800033569336,204100
2015-06-11,78.54927062988281,86.68000030517578,87.05999755859375,86.41000366210938,86.6500015258789,157900
2015-06-12,78.2139892578125,86.30999755859375,86.80000305175781,85.12000274658203,86.52999877929688,130900
2015-06-15,78.83019256591797,86.98999786376953,87.33999633789062,83.88999938964844,85.4000015258789,162300
2015-06-16,79.11111450195312,87.30000305175781,87.77999877929688,86.5199966430664,86.56999969482422,148200
2015-06-17,80.38886260986328,88.70999908447266,89.0,87.2300033569336,87.7699966430664,165200
2015-06-18,80.84198760986328,89.20999908447266,89.33000183105469,88.38999938964844,89.0,238200
2015-06-19,82.92620849609375,91.51000213623047,91.9800033569336,88.63999938964844,89.41000366210938,326200
2015-06-22,86.33353424072266,95.2699966430664,95.33999633789062,92.05999755859375,92.33000183105469,271900
2015-06-23,87.17627716064453,96.19999694824219,96.41000366210938,95.29000091552734,95.41999816894531,264000
2015-06-24,88.1278076171875,97.25,97.80999755859375,96.12000274658203,96.18000030517578,372000
2015-06-25,88.20935821533203,97.33999633789062,98.87999725341797,96.5999984741211,97.72000122070312,293900
2015-06-26,87.77436065673828,96.86000061035156,97.98999786376953,96.48999786376953,97.69999694824219,452700
2015-06-29,83.66027069091797,92.31999969482422,95.18000030517578,92.30000305175781,94.75,243300
2015-06-30,84.06803894042969,92.7699966430664,93.48999786376953,92.19999694824219,92.68000030517578,214100
2015-07-01,85.87136840820312,94.76000213623047,95.22000122070312,93.6500015258789,93.6500015258789,276800
2015-07-02,85.62670135498047,94.48999786376953,95.2699966430664,94.16000366210938,94.77999877929688,166800
2015-07-06,87.78343200683594,96.87000274658203,96.97000122070312,93.75,94.19999694824219,232800
2015-07-07,88.32716369628906,97.47000122070312,97.66000366210938,94.38999938964844,97.20999908447266,282000
2015-07-08,88.60807800292969,97.77999877929688,97.9800033569336,95.83000183105469,96.87000274658203,295600
2015-07-09,90.27545928955078,99.62000274658203,100.29000091552734,97.88999938964844,98.8499984741211,367300
2015-07-10,93.59217834472656,103.27999877929688,103.41000366210938,99.7699966430664,100.41999816894531,291400
2015-07-13,92.19659423828125,101.73999786376953,104.69000244140625,101.37999725341797,104.02999877929688,303200
2015-07-14,91.44446563720703,100.91000366210938,101.87999725341797,100.19999694824219,101.73999786376953,240300
2015-07-15,90.51107025146484,99.87999725341797,101.25,99.47000122070312,101.16999816894531,259800
2015-07-16,91.97913360595703,101.5,101.91000366210938,99.73999786376953,100.3499984741211,273300
2015-07-17,91.80696868896484,101.30999755859375,102.16999816894531,100.86000061035156,101.80000305175781,206100
2015-07-20,91.47167205810547,100.94000244140625,102.08999633789062,100.62000274658203,101.69000244140625,201800
2015-07-21,90.81919860839844,100.22000122070312,101.58000183105469,99.45999908447266,101.05999755859375,195200
2015-07-22,88.76214599609375,97.94999694824219,99.19999694824219,95.11000061035156,99.19999694824219,361700
2015-07-23,88.76214599609375,97.94999694824219,102.80999755859375,95.97000122070312,98.30999755859375,223300
2015-07-24,87.48439025878906,96.54000091552734,98.30000305175781,96.37999725341797,97.66999816894531,176000
2015-07-27,88.76214599609375,97.94999694824219,98.08000183105469,95.0,96.08000183105469,201800
2015-07-28,88.49932098388672,97.66000366210938,98.66999816894531,96.0999984741211,98.33999633789062,189700
2015-07-29,88.95243835449219,98.16000366210938,98.52999877929688,97.20999908447266,97.44000244140625,245000
2015-07-30,87.96466827392578,97.06999969482422,98.58000183105469,96.63999938964844,97.41000366210938,250200
2015-07-31,88.62622833251953,97.80000305175781,99.30000305175781,97.06999969482422,97.56999969482422,170300
2015-08-03,88.73492431640625,97.91999816894531,98.87999725341797,97.0199966430664,98.01000213623047,130800
2015-08-04,88.04483795166016,96.95999908447266,97.95999908447266,96.3499984741211,97.66999816894531,144300
2015-08-05,90.12425994873047,99.25,99.76000213623047,97.01000213623047,97.04000091552734,132400
2015-08-06,88.92565155029297,97.93000030517578,99.87000274658203,97.20999908447266,99.12000274658203,155100
2015-08-07,88.59873962402344,97.56999969482422,98.0999984741211,95.47000122070312,97.4000015258789,233400
2015-08-10,88.45346069335938,97.41000366210938,99.68000030517578,96.83000183105469,97.76000213623047,178200
2015-08-11,87.31842803955078,96.16000366210938,97.13999938964844,94.58000183105469,96.83000183105469,130400
2015-08-12,86.60102844238281,95.37000274658203,95.87999725341797,93.47000122070312,95.44999694824219,118600
2015-08-13,85.84732055664062,94.54000091552734,96.19999694824219,94.30999755859375,95.44000244140625,135600
2015-08-14,87.51815032958984,96.37999725341797,96.61000061035156,93.37999725341797,94.05000305175781,98600
2015-08-17,88.56240844726562,97.52999877929688,97.52999877929688,95.4000015258789,96.08999633789062,125000
2015-08-18,88.52609252929688,97.48999786376953,98.31999969482422,96.83000183105469,97.30000305175781,102700
2015-08-19,89.04369354248047,98.05999755859375,98.3499984741211,96.62000274658203,97.08999633789062,160900
2015-08-20,87.690673828125,96.56999969482422,97.9800033569336,95.97000122070312,97.30999755859375,231800
2015-08-21,85.32064819335938,93.95999908447266,96.48999786376953,93.83999633789062,95.66000366210938,217800
2015-08-24,81.37065124511719,89.61000061035156,93.25,88.01000213623047,89.43000030517578,269900
2015-08-25,80.73501586914062,88.91000366210938,92.58999633789062,88.68000030517578,92.45999908447266,205400
2015-08-26,82.60558319091797,90.97000122070312,91.37999725341797,87.80000305175781,90.88999938964844,208000
2015-08-27,83.38654327392578,91.83000183105469,92.56999969482422,90.41999816894531,91.44000244140625,204900
2015-08-28,83.04146575927734,91.44999694824219,91.66999816894531,89.7300033569336,91.25,244200
2015-08-31,82.10614776611328,90.41999816894531,91.45999908447266,89.87000274658203,90.55000305175781,225100
2015-09-01,83.27754974365234,91.70999908447266,92.06999969482422,87.56999969482422,88.80000305175781,272400
2015-09-02,87.74517822265625,96.62999725341797,96.68000030517578,92.45999908447266,92.77999877929688,438100
2015-09-03,87.35470581054688,96.19999694824219,97.7699966430664,95.80999755859375,96.94999694824219,391500
2015-09-04,86.12882995605469,94.8499984741211,96.18000030517578,94.12000274658203,94.87000274658203,159100
2015-09-08,87.62715148925781,96.5,97.05999755859375,94.66999816894531,96.44999694824219,215200
2015-09-09,87.7361068725586,96.62000274658203,98.3499984741211,96.4800033569336,97.66999816894531,163600
2015-09-10,88.20826721191406,97.13999938964844,97.76000213623047,96.2699966430664,96.2699966430664,116800
2015-09-11,88.39895629882812,97.3499984741211,97.69999694824219,96.54000091552734,96.54000091552734,175800
2015-09-14,88.04483795166016,96.95999908447266,98.0,96.37000274658203,97.38999938964844,115300
2015-09-15,88.3535385131836,97.30000305175781,98.0,96.66999816894531,97.4000015258789,232500
2015-09-16,88.53514862060547,97.5,97.83999633789062,96.31999969482422,97.5199966430664,190000
2015-09-17,87.62715148925781,96.5,98.33999633789062,96.05000305175781,97.31999969482422,199100
2015-09-18,87.46367645263672,96.31999969482422,96.79000091552734,94.8499984741211,95.2699966430664,359900
2015-09-21,88.11746978759766,97.04000091552734,98.2699966430664,95.9800033569336,97.27999877929688,221400
2015-09-22,87.10043334960938,95.91999816894531,97.31999969482422,95.05000305175781,96.0,108000
2015-09-23,89.88815307617188,98.98999786376953,99.43000030517578,95.55000305175781,95.9000015258789,205000
2015-09-24,88.21734619140625,97.1500015258789,98.86000061035156,96.7699966430664,98.5199966430664,273500
2015-09-25,90.36943817138672,99.5199966430664,101.20999908447266,97.87999725341797,98.1500015258789,321700
2015-09-28,85.99260711669922,94.69999694824219,99.12999725341797,94.55000305175781,98.94999694824219,236300
2015-09-29,82.4693832397461,90.81999969482422,95.1500015258789,89.79000091552734,94.69999694824219,260700
2015-09-30,84.33997344970703,92.87999725341797,93.1500015258789,90.19000244140625,91.5199966430664,328800
2015-10-01,85.37513732910156,94.0199966430664,94.1500015258789,91.06999969482422,92.91999816894531,256600
2015-10-02,86.27412414550781,95.01000213623047,95.3499984741211,91.72000122070312,92.41000366210938,297900
2015-10-05,88.017578125,96.93000030517578,97.20999908447266,95.0199966430664,96.12999725341797,177000
2015-10-06,84.74860382080078,93.33000183105469,96.66000366210938,92.8499984741211,96.66000366210938,143800
2015-10-07,86.11973571777344,94.83999633789062,94.88999938964844,93.01000213623047,93.9800033569336,165700
2015-10-08,86.71907043457031,95.5,95.58000183105469,93.9000015258789,94.94000244140625,157800
2015-10-09,85.99260711669922,94.69999694824219,96.83999633789062,94.04000091552734,95.79000091552734,123000
2015-10-12,88.04483795166016,96.95999908447266,96.9800033569336,93.5199966430664,94.55000305175781,119200
2015-10-13,85.86549377441406,94.55999755859375,97.01000213623047,94.5199966430664,96.41000366210938,87500
2015-10-14,85.57491302490234,94.23999786376953,95.44000244140625,93.30999755859375,94.48999786376953,167300
2015-10-15,87.62715148925781,96.5,96.72000122070312,94.41999816894531,94.41999816894531,173400
2015-10-16,87.83597564697266,96.7300033569336,97.30999755859375,95.4000015258789,96.87999725341797,143200
2015-10-19,87.11863708496094,95.94000244140625,96.45999908447266,94.62000274658203,96.04000091552734,224900
2015-10-20,87.26390838623047,96.0999984741211,98.0,94.75,96.06999969482422,175300
2015-10-21,78.87348175048828,86.86000061035156,97.44000244140625,86.19000244140625,95.5199966430664,1235700
2015-10-22,81.31615447998047,89.55000305175781,90.87999725341797,87.41999816894531,87.86000061035156,468300
2015-10-23,81.73384094238281,90.01000213623047,90.70999908447266,88.83000183105469,90.58000183105469,213000
2015-10-26,87.04597473144531,95.86000061035156,95.86000061035156,90.9800033569336,91.1500015258789,282000
2015-10-27,86.50112915039062,95.26000213623047,96.08000183105469,94.80000305175781,95.38999938964844,171200
2015-10-28,90.98690795898438,100.19999694824219,100.5999984741211,95.97000122070312,96.23999786376953,409000
2015-10-29,93.42957305908203,102.88999938964844,103.08000183105469,99.05999755859375,99.37000274658203,420100
2015-10-30,91.99488067626953,101.30999755859375,104.55999755859375,100.08999633789062,102.80999755859375,4926500
2015-11-02,90.07508850097656,99.0,102.41000366210938,98.91999816894531,101.7699966430664,473900
2015-11-03,89.96588134765625,98.87999725341797,101.47000122070312,97.98999786376953,98.8499984741211,188600
2015-11-04,89.66564178466797,98.55000305175781,100.12000274658203,96.0,99.12000274658203,307900
2015-11-05,90.05687713623047,98.9800033569336,99.11000061035156,97.27999877929688,98.5,176000
2015-11-06,90.82115173339844,99.81999969482422,99.8499984741211,98.11000061035156,98.87000274658203,217900
2015-11-09,90.22064971923828,99.16000366210938,99.87000274658203,97.5,99.8499984741211,210300
2015-11-10,90.95762634277344,99.97000122070312,100.69999694824219,97.63999938964844,98.6500015258789,207100
2015-11-11,92.05854797363281,101.18000030517578,101.62000274658203,99.91000366210938,100.3499984741211,361100
2015-11-12,90.99403381347656,100.01000213623047,101.08000183105469,99.0999984741211,100.5,263700
2015-11-13,89.69293212890625,98.58000183105469,99.91999816894531,98.48999786376953,99.27999877929688,257500
2015-11-16,91.66729736328125,100.75,100.91000366210938,98.19999694824219,98.62999725341797,178900
2015-11-17,92.55895233154297,101.7300033569336,102.55999755859375,99.80999755859375,100.68000030517578,230100
2015-11-18,94.26947784423828,103.61000061035156,103.63999938964844,100.62999725341797,101.76000213623047,293400
2015-11-19,94.1602783203125,103.48999786376953,104.54000091552734,102.36000061035156,103.0999984741211,204100
2015-11-20,97.06273651123047,106.68000030517578,106.77999877929688,103.4000015258789,104.1500015258789,269800
2015-11-23,97.67231750488281,107.3499984741211,107.95999908447266,106.1500015258789,106.1500015258789,321500
2015-11-24,95.71613311767578,105.19999694824219,106.80000305175781,104.08999633789062,106.52999877929688,488100
2015-11-25,96.44402313232422,106.0,106.11000061035156,104.72000122070312,105.22000122070312,220500
2015-11-27,97.9543685913086,107.66000366210938,108.12999725341797,105.27999877929688,105.55999755859375,131800
2015-11-30,97.1536865234375,106.77999877929688,108.25,105.9800033569336,107.87000274658203,281900
2015-12-01,97.0809097290039,106.69999694824219,107.5,105.38999938964844,107.37999725341797,339900
2015-12-02,96.8443603515625,106.44000244140625,108.08999633789062,106.2300033569336,106.95999908447266,140600
2015-12-03,99.62849426269531,109.5,109.62000274658203,106.83999633789062,107.44000244140625,410100
2015-12-04,103.61360168457031,113.87999725341797,113.94000244140625,108.70999908447266,109.4800033569336,224300
2015-12-07,103.32246398925781,113.55999755859375,114.55999755859375,111.69000244140625,113.88999938964844,235500
2015-12-08,102.74016571044922,112.91999816894531,113.54000091552734,111.62000274658203,112.87000274658203,200700
2015-12-09,99.6375961303711,109.51000213623047,112.58000183105469,109.04000091552734,112.58000183105469,201900
2015-12-10,99.33735656738281,109.18000030517578,110.22000122070312,106.18000030517578,109.29000091552734,178900
2015-12-11,97.03540802001953,106.6500015258789,110.0,105.9800033569336,107.30000305175781,214600
2015-12-14,98.50939178466797,108.2699966430664,109.93000030517578,105.68000030517578,106.94000244140625,255200
2015-12-15,98.26373291015625,108.0,109.44999694824219,107.19000244140625,109.22000122070312,345600
2015-12-16,99.37374114990234,109.22000122070312,109.52999877929688,107.4000015258789,108.56999969482422,210100
2015-12-17,98.19093322753906,107.91999816894531,112.75,107.58999633789062,109.66000366210938,250500
2015-12-18,95.42501831054688,104.87999725341797,108.05999755859375,104.75,107.26000213623047,747300
2015-12-21,96.09827423095703,105.62000274658203,105.91999816894531,104.12000274658203,105.87999725341797,347900
2015-12-22,95.35221099853516,104.80000305175781,106.2300033569336,103.18000030517578,106.2300033569336,203700
2015-12-23,95.31580352783203,104.76000213623047,105.79000091552734,104.08000183105469,105.08000183105469,140600
2015-12-24,101.11154174804688,111.12999725341797,111.95999908447266,105.27999877929688,105.27999877929688,195900
2015-12-28,102.53999328613281,112.69999694824219,112.9800033569336,110.62999725341797,110.62999725341797,175700
2015-12-29,103.9411849975586,114.23999786376953,115.54000091552734,113.33000183105469,113.69999694824219,183200
2015-12-30,102.77657318115234,112.95999908447266,115.88999938964844,112.83000183105469,114.0199966430664,219300
2015-12-31,101.53004455566406,111.58999633789062,113.52999877929688,110.72000122070312,112.75,492300
2016-01-04,99.42833709716797,109.27999877929688,110.72000122070312,107.63999938964844,109.86000061035156,301400
2016-01-05,100.165283203125,110.08999633789062,111.0999984741211,108.88999938964844,109.33000183105469,194000
2016-01-06,98.9551773071289,108.76000213623047,109.5999984741211,107.3499984741211,108.33000183105469,234800
2016-01-07,97.408447265625,107.05999755859375,107.79000091552734,105.9800033569336,106.70999908447266,228600
2016-01-08,96.19835662841797,105.7300033569336,108.08999633789062,105.44000244140625,107.55999755859375,416700
2016-01-11,96.91712951660156,106.5199966430664,107.37000274658203,105.55999755859375,106.13999938964844,243000
2016-01-12,96.69876861572266,106.27999877929688,107.72000122070312,101.06999969482422,107.2699966430664,172900
2016-01-13,93.62349700927734,102.9000015258789,107.68000030517578,101.76000213623047,106.9800033569336,207100
2016-01-14,95.02465057373047,104.44000244140625,105.44999694824219,102.04000091552734,103.16999816894531,145700
2016-01-15,92.59536743164062,101.7699966430664,103.69999694824219,100.38999938964844,101.68000030517578,240300
2016-01-19,93.15038299560547,102.37999725341797,104.51000213623047,98.0,103.1500015258789,249600
2016-01-20,93.99650573730469,103.30999755859375,104.0999984741211,99.5999984741211,100.87000274658203,290100
2016-01-21,92.72272491455078,101.91000366210938,104.26000213623047,101.66000366210938,103.5,236100
2016-01-22,93.98744201660156,103.30000305175781,103.91000366210938,101.75,103.19999694824219,281800
2016-01-25,92.7773208618164,101.97000122070312,103.66000366210938,101.79000091552734,102.54000091552734,163900
2016-01-26,94.97004699707031,104.37999725341797,104.58000183105469,102.0,102.27999877929688,267000
2016-01-27,98.51844024658203,108.27999877929688,109.41999816894531,102.0,104.87000274658203,372000
2016-01-28,101.87581634521484,111.97000122070312,113.33000183105469,108.83000183105469,109.19999694824219,332900
2016-01-29,105.75178527832031,116.2300033569336,117.02999877929688,112.5199966430664,112.5199966430664,416700
2016-02-01,105.32415771484375,115.76000213623047,116.9000015258789,114.62999725341797,115.33999633789062,383700
2016-02-02,104.29602813720703,114.62999725341797,115.29000091552734,113.5199966430664,114.76000213623047,203600
2016-02-03,103.57723236083984,113.83999633789062,116.5999984741211,112.91999816894531,115.77999877929688,241500
2016-02-04,101.457275390625,111.51000213623047,114.20999908447266,110.2699966430664,114.0199966430664,205400
2016-02-05,96.98992156982422,106.5999984741211,112.73999786376953,106.55999755859375,111.41999816894531,289900
2016-02-08,95.84352111816406,105.33999633789062,105.91000366210938,102.31999969482422,105.55000305175781,333800
2016-02-09,97.57649993896484,106.9800033569336,107.51000213623047,103.23999786376953,103.69000244140625,151700
2016-02-10,96.03504943847656,105.29000091552734,109.19000244140625,104.69000244140625,107.41999816894531,266600
2016-02-11,96.7921142578125,106.12000274658203,107.2699966430664,102.70999908447266,103.7300033569336,210300
2016-02-12,99.25476837158203,108.81999969482422,109.62999725341797,106.27999877929688,107.51000213623047,175600
2016-02-16,101.05158996582031,110.79000091552734,112.06999969482422,109.0,110.26000213623047,194000
2016-02-17,104.11627960205078,114.1500015258789,114.69000244140625,111.79000091552734,111.79000091552734,363500
2016-02-18,102.07316589355469,111.91000366210938,115.0,111.83000183105469,114.4800033569336,215800
2016-02-19,104.09803771972656,114.12999725341797,114.73999786376953,110.06999969482422,111.66000366210938,197100
2016-02-22,101.4711685180664,111.25,116.36000061035156,111.06999969482422,114.58999633789062,207700
2016-02-23,105.11959075927734,115.25,116.0,111.0,111.0,367500
2016-02-24,105.80365753173828,116.0,116.01000213623047,113.26000213623047,113.91999816894531,242800
2016-02-25,108.76797485351562,119.25,119.72000122070312,116.43000030517578,116.80000305175781,255200
2016-02-26,109.36085510253906,119.9000015258789,120.94000244140625,119.16999816894531,120.25,224500
2016-02-29,108.04741668701172,118.45999908447266,119.95999908447266,118.16000366210938,119.33000183105469,385700
2016-03-01,107.9106216430664,118.30999755859375,120.30000305175781,117.56999969482422,119.45999908447266,198700
2016-03-02,109.4155502319336,119.95999908447266,120.91000366210938,117.83000183105469,118.18000030517578,197200
2016-03-03,110.14524841308594,120.76000213623047,120.93000030517578,118.22000122070312,120.16999816894531,264100
2016-03-04,115.18917083740234,126.29000091552734,126.36000061035156,119.62999725341797,121.20999908447266,335400
2016-03-07,111.30359649658203,122.02999877929688,125.80999755859375,121.54000091552734,125.61000061035156,275200
2016-03-08,112.90892791748047,123.79000091552734,127.30000305175781,121.02999877929688,121.41000366210938,391400
2016-03-09,111.82352447509766,122.5999984741211,125.2300033569336,121.08000183105469,124.38999938964844,432200
2016-03-10,114.86079406738281,125.93000030517578,127.3499984741211,122.44999694824219,122.51000213623047,460200
2016-03-11,113.94872283935547,124.93000030517578,127.38999938964844,123.45999908447266,126.9000015258789,235600
2016-03-14,113.26460266113281,124.18000030517578,125.26000213623047,123.81999969482422,124.6500015258789,149100
2016-03-15,112.25218200683594,123.06999969482422,125.31999969482422,122.5999984741211,123.83000183105469,174900
2016-03-16,112.279541015625,123.0999984741211,124.4000015258789,121.73999786376953,122.30999755859375,197600
2016-03-17,112.80857849121094,123.68000030517578,124.23999786376953,122.36000061035156,122.94000244140625,159000
2016-03-18,113.41968536376953,124.3499984741211,124.58999633789062,123.31999969482422,124.20999908447266,350000
2016-03-21,111.59547424316406,122.3499984741211,124.0,122.01000213623047,124.0,161100
2016-03-22,111.2489013671875,121.97000122070312,122.95999908447266,121.48999786376953,122.0,247300
2016-03-23,110.50099182128906,121.1500015258789,123.08000183105469,121.12000274658203,121.45999908447266,215900
2016-03-24,109.63447570800781,120.19999694824219,121.98999786376953,119.37999725341797,120.91999816894531,163300
2016-03-28,110.37326049804688,121.01000213623047,121.44000244140625,119.94000244140625,120.93000030517578,192900
2016-03-29,112.97276306152344,123.86000061035156,123.95999908447266,119.18000030517578,120.48999786376953,246400
2016-03-30,112.75389099121094,123.62000274658203,124.58999633789062,122.18000030517578,124.22000122070312,221300
2016-03-31,113.85749816894531,124.83000183105469,126.62000274658203,122.04000091552734,123.33000183105469,276200
2016-04-01,117.27787780761719,128.5800018310547,129.57000732421875,124.43000030517578,124.43000030517578,293400
2016-04-04,115.38983917236328,126.51000213623047,129.42999267578125,125.26000213623047,128.77999877929688,212600
2016-04-05,112.28870391845703,123.11000061035156,128.50999450683594,122.95999908447266,126.08000183105469,282900
2016-04-06,114.36827087402344,125.38999938964844,125.87999725341797,122.5999984741211,122.83999633789062,201700
2016-04-07,113.10047149658203,124.0,126.55000305175781,122.37999725341797,124.8499984741211,289700
2016-04-08,112.19747924804688,123.01000213623047,126.33000183105469,122.58999633789062,125.19999694824219,210700
2016-04-11,110.86581420898438,121.55000305175781,123.87999725341797,121.26000213623047,123.87999725341797,171300
2016-04-12,111.15766906738281,121.87000274658203,123.13999938964844,120.30999755859375,121.3499984741211,227000
2016-04-13,114.0125732421875,125.0,125.41999816894531,121.68000030517578,122.16000366210938,217700
2016-04-14,114.64190673828125,125.69000244140625,126.80000305175781,124.02999877929688,125.37999725341797,187800
2016-04-15,113.7206802368164,124.68000030517578,125.94000244140625,124.18000030517578,125.08000183105469,217700
2016-04-18,113.51091766357422,124.44999694824219,124.7300033569336,123.68000030517578,123.68000030517578,145000
2016-04-19,115.08883666992188,126.18000030517578,126.77999877929688,124.37000274658203,125.2699966430664,222200
2016-04-20,117.76129913330078,129.11000061035156,129.72000122070312,124.98999786376953,126.63999938964844,223900
2016-04-21,116.96776580810547,128.24000549316406,129.49000549316406,127.37999725341797,128.97000122070312,260300
2016-04-22,118.08055877685547,129.4600067138672,129.8300018310547,128.02999877929688,128.02999877929688,296400
2016-04-25,117.27787780761719,128.5800018310547,130.0,127.9800033569336,129.58999633789062,236500
2016-04-26,118.02580261230469,129.39999389648438,129.82000732421875,127.80000305175781,129.27999877929688,199300
2016-04-27,114.66015625,125.70999908447266,127.94999694824219,124.44000244140625,126.76000213623047,210800
2016-04-28,112.87242889404297,123.75,126.05000305175781,123.13999938964844,125.05999755859375,206700
2016-04-29,111.96944427490234,122.76000213623047,124.70999908447266,121.55000305175781,123.83999633789062,260900
2016-05-02,112.47110748291016,123.30999755859375,123.52999877929688,122.11000061035156,122.76000213623047,339000
2016-05-03,110.23644256591797,120.86000061035156,124.25,119.6500015258789,122.66999816894531,256900
2016-05-04,111.94208526611328,122.7300033569336,123.43000030517578,119.16999816894531,120.0,264500
2016-05-05,113.47440338134766,124.41000366210938,125.9800033569336,117.5999984741211,122.83000183105469,273400
2016-05-06,114.43208312988281,125.45999908447266,125.80000305175781,122.45999908447266,124.11000061035156,229200
2016-05-09,116.10127258300781,127.29000091552734,128.22000122070312,125.47000122070312,125.86000061035156,275800
2016-05-10,116.18353271484375,127.12000274658203,127.86000061035156,126.26000213623047,127.80000305175781,240400
2016-05-11,117.6367416381836,128.7100067138672,128.8300018310547,125.88999938964844,126.51000213623047,331300
2016-05-12,120.57058715820312,131.9199981689453,132.02000427246094,128.2899932861328,129.39999389648438,360000
2016-05-13,119.3641357421875,130.60000610351562,132.3699951171875,130.3800048828125,131.4600067138672,257800
2016-05-16,121.19206237792969,132.60000610351562,133.67999267578125,130.8000030517578,131.10000610351562,213300
2016-05-17,119.9490737915039,131.24000549316406,132.8000030517578,130.2100067138672,132.11000061035156,321800
2016-05-18,121.94153594970703,133.4199981689453,133.99000549316406,130.0,131.0800018310547,266600
2016-05-19,121.68558502197266,133.13999938964844,133.9499969482422,131.66000366210938,132.52999877929688,268900
2016-05-20,122.8646240234375,134.42999267578125,135.67999267578125,132.89999389648438,132.89999389648438,253000
2016-05-23,122.80976867675781,134.3699951171875,134.97999572753906,132.8699951171875,134.75999450683594,202900
2016-05-24,126.55699920654297,138.47000122070312,140.05999755859375,133.74000549316406,134.6199951171875,338900
2016-05-25,127.95542907714844,140.0,140.24000549316406,137.25999450683594,139.24000549316406,356800
2016-05-26,126.82212829589844,138.75999450683594,140.5399932861328,138.52999877929688,140.39999389648438,361800
2016-05-27,128.48553466796875,140.5800018310547,140.6300048828125,137.72000122070312,138.35000610351562,406600
2016-05-31,127.90058135986328,139.94000244140625,141.35000610351562,139.63999938964844,141.35000610351562,257300
2016-06-01,128.5495147705078,140.64999389648438,140.8300018310547,138.82000732421875,139.1199951171875,278400
2016-06-02,129.2806854248047,141.4499969482422,141.63999938964844,139.8000030517578,140.00999450683594,391100
2016-06-03,129.5092010498047,141.6999969482422,142.3800048828125,139.64999389648438,141.5,212000
2016-06-06,130.92584228515625,143.25,143.63999938964844,142.07000732421875,142.67999267578125,331700
2016-06-07,129.5548858642578,141.75,142.9199981689453,140.9600067138672,142.9199981689453,324900
2016-06-08,131.1999969482422,143.5500030517578,143.5500030517578,140.9499969482422,141.4600067138672,250000
2016-06-09,129.99359130859375,142.22999572753906,143.1300048828125,141.3000030517578,142.99000549316406,240200
2016-06-10,129.6370849609375,141.83999633789062,142.61000061035156,140.47999572753906,140.9499969482422,245000
2016-06-13,129.84732055664062,142.07000732421875,142.36000061035156,139.50999450683594,140.83999633789062,552100
2016-06-14,129.3172149658203,141.49000549316406,142.5,140.9499969482422,141.5500030517578,235200
2016-06-15,129.41778564453125,141.60000610351562,142.4499969482422,140.0500030517578,141.80999755859375,254100
2016-06-16,130.2585906982422,142.52000427246094,142.5800018310547,140.02000427246094,140.61000061035156,147800
2016-06-17,128.39410400390625,140.47999572753906,143.3800048828125,140.39999389648438,142.92999267578125,434100
2016-06-20,128.82371520996094,140.9499969482422,142.1999969482422,140.0800018310547,140.3699951171875,276700
2016-06-21,126.79464721679688,138.72999572753906,141.42999267578125,137.52000427246094,141.42999267578125,361100
2016-06-22,127.26079559326172,139.24000549316406,140.5,138.3699951171875,138.3699951171875,356000
2016-06-23,131.73008728027344,144.1300048828125,144.13999938964844,140.36000061035156,140.36000061035156,422800
2016-06-24,127.2059326171875,139.17999267578125,142.25,137.8800048828125,138.92999267578125,3945600
2016-06-27,124.18070983886719,135.8699951171875,137.8000030517578,134.83999633789062,137.63999938964844,460400
2016-06-28,129.10699462890625,141.25999450683594,141.86000061035156,136.77000427246094,136.97000122070312,479000
2016-06-29,129.80166625976562,142.02000427246094,144.08999633789062,140.97999572753906,142.42999267578125,386000
2016-06-30,132.890869140625,145.39999389648438,145.58999633789062,141.97000122070312,142.94000244140625,420400
2016-07-01,131.23660278320312,143.58999633789062,145.72000122070312,143.05999755859375,144.7899932861328,253400
2016-07-05,132.15048217773438,144.58999633789062,144.77999877929688,142.19000244140625,143.5399932861328,321600
2016-07-06,137.1225128173828,150.02999877929688,151.39999389648438,145.08999633789062,145.13999938964844,868600
2016-07-07,136.42791748046875,149.27000427246094,150.58999633789062,148.1300048828125,150.0,403600
2016-07-08,138.6671142578125,151.72000122070312,152.6300048828125,150.13999938964844,150.58999633789062,414200
2016-07-11,137.8354034423828,150.80999755859375,153.6199951171875,150.77999877929688,153.41000366210938,446600
2016-07-12,138.0821990966797,151.0800018310547,151.74000549316406,150.05999755859375,151.58999633789062,255100
2016-07-13,137.73486328125,150.6999969482422,152.22999572753906,150.14999389648438,151.39999389648438,334100
2016-07-14,138.4752197265625,151.50999450683594,152.1999969482422,150.47000122070312,151.8699951171875,319200
2016-07-15,138.3838348388672,151.41000366210938,152.10000610351562,149.3699951171875,150.80999755859375,221200
2016-07-18,137.0676727294922,149.97000122070312,152.08999633789062,149.75999450683594,152.08999633789062,231400
2016-07-19,138.950439453125,152.02999877929688,152.08999633789062,149.66000366210938,150.22999572753906,198800
2016-07-20,138.96871948242188,152.0500030517578,152.89999389648438,151.0,151.8800048828125,135800
2016-07-21,138.3563690185547,151.3800048828125,151.97999572753906,150.1199951171875,151.97999572753906,197600
2016-07-22,139.5994110107422,152.74000549316406,153.3000030517578,151.0,151.0,160300
2016-07-25,140.26651000976562,153.47000122070312,153.97000122070312,151.3699951171875,153.13999938964844,225000
2016-07-26,140.48594665527344,153.7100067138672,153.99000549316406,152.30999755859375,153.77999877929688,171000
2016-07-27,140.56814575195312,153.8000030517578,154.9499969482422,152.50999450683594,154.16000366210938,363300
2016-07-28,146.01539611816406,159.75999450683594,159.85000610351562,151.91000366210938,152.75999450683594,334200
2016-07-29,147.751953125,161.66000366210938,163.38999938964844,160.13999938964844,160.13999938964844,519500
2016-08-01,147.5782928466797,161.47000122070312,162.49000549316406,159.39999389648438,162.47000122070312,358700
2016-08-02,147.9073486328125,161.8300018310547,162.72999572753906,159.1300048828125,161.60000610351562,449700
2016-08-03,147.82508850097656,161.74000549316406,162.47000122070312,161.0500030517578,161.8300018310547,197000
2016-08-04,148.43743896484375,162.41000366210938,162.92999267578125,160.7100067138672,162.35000610351562,210100
2016-08-05,148.82130432128906,162.8300018310547,163.19000244140625,160.8800048828125,163.1699981689453,181800
2016-08-08,147.85247802734375,161.77000427246094,163.64999389648438,161.67999267578125,162.92999267578125,225800
2016-08-09,147.7884063720703,161.44000244140625,162.25,161.0800018310547,161.24000549316406,178600
2016-08-10,148.4017791748047,162.11000061035156,163.25999450683594,160.82000732421875,161.77999877929688,300200
2016-08-11,148.29188537597656,161.99000549316406,162.72000122070312,161.22999572753906,162.52000427246094,144700
2016-08-12,148.50247192382812,162.22000122070312,162.80999755859375,161.02999877929688,162.07000732421875,121300
2016-08-15,150.5805206298828,164.49000549316406,165.05999755859375,162.22000122070312,162.7899932861328,148500
2016-08-16,149.27139282226562,163.05999755859375,164.4199981689453,162.74000549316406,164.2899932861328,117800
2016-08-17,150.6995086669922,164.6199951171875,165.1300048828125,162.91000366210938,163.38999938964844,155100
2016-08-18,152.77755737304688,166.88999938964844,167.4600067138672,164.44000244140625,164.82000732421875,184500
2016-08-19,152.61276245117188,166.7100067138672,167.9199981689453,166.11000061035156,166.11000061035156,211000
2016-08-22,151.2853546142578,165.25999450683594,166.92999267578125,164.47999572753906,166.7100067138672,200400
2016-08-23,150.8917694091797,164.8300018310547,166.0500030517578,164.27000427246094,165.9600067138672,214300
2016-08-24,151.38609313964844,165.3699951171875,165.3699951171875,162.0800018310547,164.60000610351562,254100
2016-08-25,151.91700744628906,165.9499969482422,166.52999877929688,164.3699951171875,164.7899932861328,120400
2016-08-26,152.10926818847656,166.16000366210938,167.0399932861328,165.07000732421875,165.77999877929688,106900
2016-08-29,153.61972045898438,167.80999755859375,168.97000122070312,166.36000061035156,166.94000244140625,239000
2016-08-30,154.65419006347656,168.94000244140625,169.14999389648438,164.99000549316406,167.97000122070312,297000
2016-08-31,154.28802490234375,168.5399932861328,169.3000030517578,166.4499969482422,169.10000610351562,312600
2016-09-01,155.1943359375,169.52999877929688,170.41000366210938,168.2899932861328,169.25,199400
2016-09-02,157.9497528076172,172.5399932861328,172.66000366210938,168.89999389648438,170.36000061035156,301200
2016-09-06,154.59925842285156,168.8800048828125,172.75999450683594,168.4199981689453,172.60000610351562,393800
2016-09-07,154.72747802734375,169.02000427246094,169.27999877929688,166.8800048828125,167.99000549316406,272700
2016-09-08,154.45277404785156,168.72000122070312,168.94000244140625,167.8800048828125,168.9199981689453,174000
2016-09-09,156.88784790039062,171.3800048828125,171.66000366210938,167.05999755859375,167.77999877929688,344500
2016-09-12,157.47372436523438,172.02000427246094,172.14999389648438,169.39999389648438,171.25999450683594,295600
2016-09-13,155.17601013183594,169.50999450683594,171.72999572753906,167.64999389648438,171.02999877929688,234100
2016-09-14,155.1851348876953,169.52000427246094,171.3300018310547,168.8800048828125,169.91000366210938,185100
2016-09-15,158.68214416503906,173.33999633789062,173.6199951171875,168.05999755859375,170.10000610351562,188000
2016-09-16,158.15118408203125,172.75999450683594,178.2100067138672,172.2899932861328,173.6300048828125,816500
2016-09-19,156.30198669433594,170.74000549316406,173.5800018310547,169.3800048828125,172.77000427246094,414800
2016-09-20,158.2152557373047,172.8300018310547,174.6199951171875,169.38999938964844,171.74000549316406,201800
2016-09-21,158.68214416503906,173.33999633789062,174.91000366210938,171.47000122070312,173.61000061035156,215600
2016-09-22,158.22439575195312,172.83999633789062,175.2100067138672,172.67999267578125,174.27999877929688,232700
2016-09-23,156.31114196777344,170.75,173.0,170.7100067138672,171.80999755859375,254600
2016-09-26,153.68386840820312,167.8800048828125,170.14999389648438,167.7100067138672,170.0800018310547,280300
2016-09-27,155.87173461914062,170.27000427246094,170.4199981689453,167.5399932861328,167.8800048828125,334700
2016-09-28,156.5491180419922,171.00999450683594,171.30999755859375,168.72999572753906,171.2899932861328,237300
2016-09-29,152.09097290039062,166.13999938964844,171.1699981689453,165.83999633789062,171.1699981689453,159700
2016-09-30,151.58750915527344,165.58999633789062,167.4499969482422,165.5500030517578,166.0800018310547,358000
2016-10-03,150.27842712402344,164.16000366210938,166.63999938964844,163.82000732421875,166.0,269800
2016-10-04,148.48414611816406,162.1999969482422,164.99000549316406,161.66000366210938,164.9499969482422,355800
2016-10-05,147.651123046875,161.2899932861328,162.7899932861328,160.52999877929688,161.97000122070312,326800
2016-10-06,146.78146362304688,160.33999633789062,161.91000366210938,159.4499969482422,161.33999633789062,373700
2016-10-07,145.72872924804688,159.19000244140625,160.4199981689453,157.9600067138672,159.85000610351562,270000
2016-10-10,145.3899688720703,158.82000732421875,160.86000061035156,158.60000610351562,159.47999572753906,219800
2016-10-11,143.62318420410156,156.88999938964844,159.41000366210938,155.97000122070312,158.83999633789062,303300
2016-10-12,143.92529296875,157.22000122070312,157.63999938964844,154.1300048828125,155.0800018310547,270400
2016-10-13,141.85638427734375,154.9600067138672,157.6699981689453,154.72999572753906,156.44000244140625,212500
2016-10-14,141.17892456054688,154.22000122070312,155.75999450683594,153.94000244140625,155.2100067138672,292300
2016-10-17,139.412109375,152.2899932861328,154.47999572753906,151.9199981689453,154.14999389648438,307500
2016-10-18,141.66415405273438,154.75,155.47000122070312,152.9199981689453,153.30999755859375,271200
2016-10-19,140.37339782714844,153.33999633789062,156.1199951171875,152.6699981689453,155.0,148300
2016-10-20,138.59744262695312,151.39999389648438,153.97000122070312,151.30999755859375,152.75999450683594,209500
2016-10-21,139.34805297851562,152.22000122070312,152.3800048828125,150.00999450683594,151.22999572753906,322200
2016-10-24,140.3001251220703,153.25999450683594,153.75,152.89999389648438,153.32000732421875,126400
2016-10-25,139.34805297851562,152.22000122070312,153.77999877929688,151.6300048828125,153.77999877929688,201000
2016-10-26,140.199462890625,153.14999389648438,153.83999633789062,150.52000427246094,152.00999450683594,318700
2016-10-27,137.9016571044922,150.63999938964844,153.0800018310547,150.52000427246094,152.99000549316406,245500
2016-10-28,137.43482971191406,150.1300048828125,150.9199981689453,148.58999633789062,150.19000244140625,204900
2016-10-31,138.01153564453125,150.75999450683594,151.42999267578125,149.94000244140625,150.99000549316406,146800
2016-11-01,135.7687225341797,148.30999755859375,151.33999633789062,147.7100067138672,151.22000122070312,265800
2016-11-02,135.20114135742188,147.69000244140625,149.0399932861328,145.85000610351562,147.88999938964844,258200
2016-11-03,135.30181884765625,147.8000030517578,149.74000549316406,147.47999572753906,147.69000244140625,185300
2016-11-04,137.74603271484375,150.47000122070312,151.5500030517578,147.60000610351562,148.91000366210938,266300
2016-11-07,140.4145965576172,153.1199951171875,154.3300018310547,151.17999267578125,154.13999938964844,208200
2016-11-08,142.3311767578125,155.2100067138672,156.25999450683594,152.86000061035156,152.86000061035156,287400
2016-11-09,147.8699951171875,161.25,161.91000366210938,155.00999450683594,155.1999969482422,320400
2016-11-10,146.6411895751953,159.91000366210938,165.4199981689453,159.5800018310547,162.67999267578125,310100
2016-11-11,148.484375,161.9199981689453,162.24000549316406,159.2899932861328,159.77000427246094,196700
2016-11-14,151.8682098388672,165.61000061035156,167.0800018310547,162.11000061035156,162.11000061035156,315100
2016-11-15,150.03414916992188,163.61000061035156,166.5800018310547,162.6699981689453,165.9600067138672,239800
2016-11-16,152.06993103027344,165.8300018310547,166.1199951171875,163.1300048828125,163.1300048828125,245900
2016-11-17,156.82928466796875,171.02000427246094,171.74000549316406,165.92999267578125,166.77999877929688,330600
2016-11-18,155.39874267578125,169.4600067138672,172.19000244140625,168.52999877929688,170.8000030517578,210700
2016-11-21,155.97645568847656,170.08999633789062,170.24000549316406,168.74000549316406,169.0800018310547,222100
2016-11-22,155.32533264160156,169.3800048828125,172.42999267578125,168.52000427246094,170.35000610351562,222100
2016-11-23,154.48175048828125,168.4600067138672,169.97999572753906,168.1699981689453,168.8699951171875,155200
2016-11-25,155.5454559326172,169.6199951171875,170.3800048828125,167.00999450683594,168.88999938964844,79300
2016-11-28,155.11448669433594,169.14999389648438,169.9499969482422,168.10000610351562,169.8000030517578,181700
2016-11-29,154.94020080566406,168.9600067138672,169.99000549316406,168.58999633789062,169.52999877929688,209600
2016-11-30,152.01495361328125,165.77000427246094,170.02000427246094,165.67999267578125,169.9499969482422,159500
2016-12-01,149.38304138183594,162.89999389648438,167.10000610351562,162.14999389648438,165.77000427246094,271700
2016-12-02,148.46603393554688,161.89999389648438,163.41000366210938,160.41000366210938,163.41000366210938,327700
2016-12-05,150.44680786132812,164.05999755859375,165.10000610351562,161.97000122070312,162.89999389648438,188200
2016-12-06,152.57432556152344,166.3800048828125,167.4499969482422,163.85000610351562,164.8300018310547,257500
2016-12-07,149.9058380126953,163.47000122070312,166.8000030517578,162.24000549316406,166.74000549316406,314400
2016-12-08,151.25379943847656,164.94000244140625,165.0800018310547,162.42999267578125,163.5,177500
2016-12-09,153.11534118652344,166.97000122070312,167.1199951171875,164.9600067138672,165.91000366210938,200100
2016-12-12,154.2340850830078,168.19000244140625,168.25,165.77000427246094,166.3000030517578,173600
2016-12-13,154.91278076171875,168.92999267578125,170.1999969482422,168.00999450683594,169.27999877929688,138300
2016-12-14,150.86865234375,164.52000427246094,168.92999267578125,164.41000366210938,168.8300018310547,157700
2016-12-15,153.25291442871094,167.1199951171875,168.47000122070312,164.22000122070312,164.22000122070312,207300
2016-12-16,148.91537475585938,162.38999938964844,167.92999267578125,162.25999450683594,167.92999267578125,342300
2016-12-19,147.31979370117188,160.64999389648438,164.13999938964844,159.75999450683594,162.02000427246094,188400
2016-12-20,144.02767944335938,157.05999755859375,163.8000030517578,156.25999450683594,161.05999755859375,339000
2016-12-21,140.91893005371094,153.6699981689453,160.44000244140625,153.0,157.36000061035156,348400
2016-12-22,137.73692321777344,150.1999969482422,154.42999267578125,150.0,153.7100067138672,206500
2016-12-23,137.0215606689453,149.4199981689453,150.52000427246094,148.74000549316406,150.3800048828125,246500
2016-12-27,137.08578491210938,149.49000549316406,150.10000610351562,147.88999938964844,149.27999877929688,216400
2016-12-28,136.11373901367188,148.42999267578125,150.0800018310547,147.89999389648438,149.6199951171875,149900
2016-12-29,133.454345703125,145.52999877929688,148.7899932861328,145.10000610351562,148.36000061035156,197500
2016-12-30,134.7290496826172,146.9199981689453,148.36000061035156,145.27999877929688,145.27999877929688,278200
2017-01-03,137.71852111816406,150.17999267578125,151.47999572753906,147.7899932861328,149.7899932861328,320900
2017-01-04,140.23123168945312,152.9199981689453,154.5500030517578,150.6699981689453,150.67999267578125,322800
2017-01-05,140.03866577148438,152.7100067138672,153.60000610351562,151.5,152.4499969482422,243400
2017-01-06,144.11019897460938,157.14999389648438,159.0800018310547,156.1699981689453,158.5399932861328,463200
2017-01-09,143.78004455566406,156.7899932861328,157.6999969482422,155.08999633789062,156.89999389648438,174000
2017-01-10,143.1106414794922,156.05999755859375,156.97000122070312,153.74000549316406,156.1300048828125,215500
2017-01-11,143.96347045898438,156.99000549316406,157.4199981689453,154.80999755859375,156.5,194200
2017-01-12,143.37657165527344,156.35000610351562,156.72000122070312,154.7100067138672,156.47000122070312,155700
2017-01-13,143.8351593017578,156.85000610351562,159.94000244140625,155.35000610351562,157.10000610351562,189600
2017-01-17,142.60629272460938,155.50999450683594,157.7100067138672,153.9499969482422,155.9199981689453,171900
2017-01-18,143.52328491210938,156.50999450683594,157.3300018310547,155.32000732421875,156.2899932861328,132900
2017-01-19,142.3494873046875,155.22999572753906,156.6199951171875,154.4600067138672,156.27000427246094,145000
2017-01-20,143.87179565429688,156.88999938964844,157.3000030517578,155.32000732421875,155.32000732421875,178100
2017-01-23,142.49627685546875,155.38999938964844,159.42999267578125,154.99000549316406,156.64999389648438,167500
2017-01-24,145.2198028564453,158.36000061035156,159.25,154.02999877929688,155.9499969482422,218100
2017-01-25,161.3868865966797,175.99000549316406,178.0,166.0,170.66000366210938,616000
2017-01-26,165.44017028808594,180.41000366210938,182.86000061035156,176.5500030517578,176.99000549316406,456900
2017-01-27,164.89910888671875,179.82000732421875,181.80999755859375,178.10000610351562,181.0399932861328,274800
2017-01-30,166.29302978515625,181.33999633789062,181.49000549316406,178.07000732421875,179.99000549316406,209700
2017-01-31,171.7126007080078,187.25,188.8699951171875,183.47000122070312,183.47000122070312,503800
2017-02-01,172.5287628173828,188.13999938964844,190.2899932861328,186.5,190.2899932861328,357700
2017-02-02,172.49203491210938,188.10000610351562,190.10000610351562,185.88999938964844,187.77999877929688,270400
2017-02-03,175.39903259277344,191.27000427246094,191.30999755859375,187.07000732421875,189.66000366210938,225100
2017-02-06,174.49118041992188,190.27999877929688,191.44000244140625,189.02000427246094,191.44000244140625,197100
2017-02-07,173.93077087402344,189.33999633789062,194.1199951171875,189.02999877929688,190.0399932861328,265600
2017-02-08,172.21299743652344,187.47000122070312,189.6300048828125,185.8300018310547,188.66000366210938,234300
2017-02-09,173.00302124023438,188.3300018310547,189.47000122070312,186.57000732421875,187.83999633789062,229100
2017-02-10,171.6159210205078,186.82000732421875,188.9499969482422,186.42999267578125,188.6699981689453,161300
2017-02-13,174.35337829589844,189.8000030517578,190.3300018310547,186.97999572753906,186.97999572753906,226900
2017-02-14,174.6014404296875,190.07000732421875,190.22999572753906,187.24000549316406,188.8800048828125,176400
2017-02-15,176.08953857421875,191.69000244140625,191.99000549316406,188.00999450683594,189.97999572753906,122000
2017-02-16,176.08041381835938,191.67999267578125,193.47000122070312,190.05999755859375,191.5,83000
2017-02-17,177.36642456054688,193.0800018310547,193.44000244140625,190.14999389648438,191.4499969482422,126200
2017-02-21,177.05413818359375,192.74000549316406,195.22999572753906,191.83999633789062,193.6300048828125,195700
2017-02-22,179.1485595703125,195.02000427246094,195.14999389648438,192.27000427246094,192.3800048828125,146200
2017-02-23,178.992431640625,194.85000610351562,195.52999877929688,192.85000610351562,194.74000549316406,176400
2017-02-24,180.2141571044922,196.17999267578125,196.2899932861328,193.24000549316406,193.8000030517578,172500
2017-02-27,179.1210174560547,194.99000549316406,197.05999755859375,191.13999938964844,196.89999389648438,286200
2017-02-28,179.34149169921875,195.22999572753906,196.61000061035156,192.5399932861328,195.3300018310547,234300
2017-03-01,181.6471710205078,197.74000549316406,200.89999389648438,193.8800048828125,196.4499969482422,235800
2017-03-02,176.3284149169922,191.9499969482422,197.80999755859375,191.77999877929688,196.9600067138672,167000
2017-03-03,178.0737762451172,193.85000610351562,195.94000244140625,190.41000366210938,192.66000366210938,276800
2017-03-06,177.1092529296875,192.8000030517578,195.9199981689453,191.82000732421875,192.85000610351562,145000
2017-03-07,176.87037658691406,192.5399932861328,194.8300018310547,191.25999450683594,192.91000366210938,126800
2017-03-08,175.4281768798828,190.97000122070312,194.0,190.8300018310547,192.22000122070312,118500
2017-03-09,176.4753875732422,192.11000061035156,192.7899932861328,190.44000244140625,190.9499969482422,108600
2017-03-10,175.9150848388672,191.5,194.17999267578125,191.02999877929688,193.07000732421875,106100
2017-03-13,176.08041381835938,191.67999267578125,192.99000549316406,190.69000244140625,191.47999572753906,110700
2017-03-14,175.67620849609375,191.24000549316406,192.17999267578125,189.83999633789062,190.69000244140625,108600
2017-03-15,175.56594848632812,191.1199951171875,192.88999938964844,190.14999389648438,191.8000030517578,121500
2017-03-16,175.25357055664062,190.77999877929688,192.8699951171875,190.47000122070312,191.7100067138672,138500
2017-03-17,174.58303833007812,190.0500030517578,191.05999755859375,189.58999633789062,190.6699981689453,263800
2017-03-20,174.38092041015625,189.8300018310547,192.49000549316406,189.1999969482422,189.80999755859375,94200
2017-03-21,169.42042541503906,184.42999267578125,190.00999450683594,184.22000122070312,189.97999572753906,128200
2017-03-22,172.6539306640625,187.9499969482422,191.4199981689453,184.19000244140625,184.19000244140625,144500
2017-03-23,171.78118896484375,187.0,191.74000549316406,186.8000030517578,188.25,95000
2017-03-24,172.42430114746094,187.6999969482422,189.27999877929688,186.64999389648438,187.02000427246094,77300
2017-03-27,169.9348602294922,184.99000549316406,186.13999938964844,181.82000732421875,185.0399932861328,216800
2017-03-28,170.77993774414062,185.91000366210938,188.3300018310547,182.6699981689453,185.11000061035156,300500
2017-03-29,170.04505920410156,185.11000061035156,186.13999938964844,182.99000549316406,185.6300048828125,172400
2017-03-30,170.80755615234375,185.94000244140625,186.66000366210938,183.3000030517578,185.6300048828125,119300
2017-03-31,172.23138427734375,187.49000549316406,188.7899932861328,183.85000610351562,185.0,256400
2017-04-03,171.91905212402344,187.14999389648438,190.69000244140625,186.4199981689453,187.08999633789062,151000
2017-04-04,170.74319458007812,185.8699951171875,187.99000549316406,184.91000366210938,186.8699951171875,163400
2017-04-05,165.4428253173828,180.10000610351562,190.72999572753906,177.63999938964844,188.0,415300
2017-04-06,166.76564025878906,181.5399932861328,182.60000610351562,178.86000061035156,179.72999572753906,221200
2017-04-07,167.85877990722656,182.72999572753906,183.72000122070312,180.3000030517578,180.3000030517578,122900
2017-04-10,168.34564208984375,183.25999450683594,184.38999938964844,181.5399932861328,183.83999633789062,115300
2017-04-11,168.0517120361328,182.94000244140625,183.63999938964844,181.3300018310547,183.10000610351562,133600
2017-04-12,166.10421752929688,180.82000732421875,183.75999450683594,180.33999633789062,183.2899932861328,122600
2017-04-13,163.5780029296875,178.07000732421875,182.99000549316406,177.89999389648438,180.88999938964844,127900
2017-04-17,167.83120727539062,182.6999969482422,182.97000122070312,177.6199951171875,178.07000732421875,129100
2017-04-18,168.161865234375,183.05999755859375,183.88999938964844,180.50999450683594,181.77999877929688,171200
2017-04-19,168.09764099121094,182.99000549316406,184.5800018310547,182.0800018310547,184.57000732421875,79200
2017-04-20,170.2196044921875,185.3000030517578,185.47000122070312,182.33999633789062,184.0500030517578,80000
2017-04-21,169.57655334472656,184.60000610351562,185.24000549316406,183.16000366210938,185.10000610351562,93000
2017-04-24,170.50439453125,185.61000061035156,187.72000122070312,183.4199981689453,187.72000122070312,134000
2017-04-25,169.64085388183594,184.6699981689453,187.55999755859375,184.0800018310547,186.5500030517578,116100
2017-04-26,178.716796875,194.5500030517578,197.7100067138672,186.88999938964844,187.9499969482422,270400
2017-04-27,179.9385528564453,195.8800048828125,197.74000549316406,194.8699951171875,195.02999877929688,220000
2017-04-28,176.85206604003906,192.52000427246094,196.13999938964844,191.11000061035156,195.3000030517578,168100
2017-05-01,176.48455810546875,192.1199951171875,194.0800018310547,190.47999572753906,193.52000427246094,154600
2017-05-02,173.95828247070312,189.3699951171875,191.64999389648438,188.67999267578125,191.61000061035156,159700
2017-05-03,171.6342315673828,186.83999633789062,190.1699981689453,184.25999450683594,189.63999938964844,187400
2017-05-04,171.32192993164062,186.5,188.24000549316406,183.52000427246094,187.08999633789062,167700
2017-05-05,172.55284118652344,187.83999633789062,188.1999969482422,184.80999755859375,186.8000030517578,160300
2017-05-08,170.87184143066406,186.00999450683594,187.69000244140625,184.2100067138672,186.85000610351562,184500
2017-05-09,171.6632080078125,186.5399932861328,187.7899932861328,185.30999755859375,185.30999755859375,143400
2017-05-10,173.15402221679688,188.16000366210938,189.14999389648438,185.8000030517578,186.22999572753906,208300
2017-05-11,173.3104705810547,188.3300018310547,188.9199981689453,184.4199981689453,187.77999877929688,179300
2017-05-12,171.5252227783203,186.38999938964844,188.07000732421875,185.99000549316406,187.1300048828125,132900
2017-05-15,173.3656768798828,188.38999938964844,190.10000610351562,187.42999267578125,187.5,148800
2017-05-16,169.98841857910156,184.72000122070312,189.99000549316406,183.80999755859375,187.97000122070312,179600
2017-05-17,167.79818725585938,182.33999633789062,185.8300018310547,181.75,182.42999267578125,190700
2017-05-18,167.53126525878906,182.0500030517578,183.39999389648438,180.0,181.6699981689453,126100
2017-05-19,171.53436279296875,186.39999389648438,186.58999633789062,182.19000244140625,183.0500030517578,138700
2017-05-22,170.61412048339844,185.39999389648438,188.00999450683594,184.44000244140625,186.5399932861328,117700
2017-05-23,173.0068359375,188.0,188.25999450683594,183.0,185.82000732421875,120300
2017-05-24,176.39334106445312,191.67999267578125,192.32000732421875,188.1999969482422,188.1999969482422,184300
2017-05-25,179.96388244628906,195.55999755859375,196.60000610351562,192.1300048828125,192.1300048828125,184700
2017-05-26,178.6847686767578,194.1699981689453,196.66000366210938,192.27000427246094,195.4199981689453,192300
2017-05-30,175.9608154296875,191.2100067138672,194.88999938964844,191.13999938964844,193.66000366210938,140300
2017-05-31,175.3810272216797,190.5800018310547,192.50999450683594,188.0800018310547,192.22000122070312,172100
2017-06-01,176.6602020263672,191.97000122070312,192.5800018310547,189.0800018310547,191.86000061035156,144700
2017-06-02,176.3197021484375,191.60000610351562,192.97999572753906,189.3000030517578,192.02000427246094,145000
2017-06-05,175.3074188232422,190.5,194.07000732421875,189.33999633789062,190.89999389648438,115300
2017-06-06,172.99765014648438,187.99000549316406,189.22000122070312,186.5500030517578,188.52999877929688,233500
2017-06-07,179.2184600830078,194.75,196.0500030517578,187.0500030517578,188.3300018310547,175400
2017-06-08,183.43319702148438,199.3300018310547,203.38999938964844,193.86000061035156,195.7100067138672,297700
2017-06-09,185.83506774902344,201.94000244140625,205.5,198.3000030517578,200.36000061035156,198000
2017-06-12,188.04367065429688,204.33999633789062,204.5500030517578,198.9499969482422,202.1999969482422,200100
2017-06-13,189.7093048095703,206.14999389648438,207.4199981689453,203.80999755859375,204.8300018310547,229400
2017-06-14,190.27066040039062,206.75999450683594,208.35000610351562,205.00999450683594,205.36000061035156,207600
2017-06-15,190.804443359375,207.33999633789062,207.97999572753906,203.38999938964844,205.1300048828125,89500
2017-06-16,189.27674865722656,205.67999267578125,209.00999450683594,203.63999938964844,206.8000030517578,250300
2017-06-19,191.3473358154297,207.92999267578125,209.4600067138672,205.67999267578125,206.1999969482422,189000
2017-06-20,190.89642333984375,207.44000244140625,211.05999755859375,206.92999267578125,208.10000610351562,180000
2017-06-21,186.3043975830078,202.4499969482422,208.0,202.11000061035156,207.3300018310547,224300
2017-06-22,185.67852783203125,201.77000427246094,202.66000366210938,200.6699981689453,201.5500030517578,141000
2017-06-23,185.32891845703125,201.38999938964844,203.14999389648438,200.77999877929688,201.8699951171875,173900
2017-06-26,184.8319854736328,200.85000610351562,201.9499969482422,199.86000061035156,201.9499969482422,93300
2017-06-27,181.8779754638672,197.63999938964844,200.75,197.24000549316406,200.6300048828125,165100
2017-06-28,185.6693878173828,201.75999450683594,203.0,197.80999755859375,199.0,162000
2017-06-29,187.28904724121094,203.52000427246094,204.30999755859375,200.0399932861328,202.55999755859375,198800
2017-06-30,185.06204223632812,201.10000610351562,205.1699981689453,200.02999877929688,204.52000427246094,164800
2017-07-03,187.16946411132812,203.38999938964844,204.72000122070312,201.27999877929688,201.6999969482422,64000
2017-07-05,189.3412322998047,205.75,206.14999389648438,202.7899932861328,203.13999938964844,131700
2017-07-06,177.95777893066406,193.3800048828125,204.7899932861328,193.1199951171875,204.14999389648438,354300
2017-07-07,178.5650634765625,194.0399932861328,195.5399932861328,191.41000366210938,194.1999969482422,175500
2017-07-10,179.43934631347656,194.99000549316406,196.10000610351562,190.5,193.52999877929688,234200
2017-07-11,177.8289337158203,193.24000549316406,196.13999938964844,192.32000732421875,194.97999572753906,164500
2017-07-12,178.29818725585938,193.75,194.91000366210938,192.72000122070312,194.17999267578125,157800
2017-07-13,178.6847686767578,194.1699981689453,194.89999389648438,191.47000122070312,194.30999755859375,176600
2017-07-14,175.22459411621094,190.41000366210938,196.5,190.11000061035156,193.64999389648438,196600
2017-07-17,175.26138305664062,190.4499969482422,192.11000061035156,186.9199981689453,190.02000427246094,341100
2017-07-18,177.23072814941406,192.58999633789062,193.49000549316406,189.11000061035156,190.4499969482422,196600
2017-07-19,179.09881591796875,194.6199951171875,196.61000061035156,190.5399932861328,193.8000030517578,219600
2017-07-20,179.154052734375,194.67999267578125,196.6699981689453,192.33999633789062,195.14999389648438,277700
2017-07-21,179.37489318847656,194.9199981689453,196.9600067138672,193.3699951171875,193.3699951171875,165800
2017-07-24,181.05897521972656,196.75,198.27000427246094,194.75,195.02000427246094,166500
2017-07-25,183.5712432861328,199.47999572753906,199.99000549316406,196.2100067138672,197.6699981689453,292600
2017-07-26,188.7890625,205.14999389648438,209.69000244140625,199.97000122070312,200.0,403200
2017-07-27,189.12960815429688,205.52000427246094,207.07000732421875,201.11000061035156,206.75999450683594,189600
2017-07-28,191.26451110839844,207.83999633789062,208.64999389648438,204.6199951171875,204.6699981689453,209600
2017-07-31,186.70936584472656,202.88999938964844,209.25,202.6699981689453,207.42999267578125,214600
2017-08-01,187.93324279785156,204.22000122070312,205.8800048828125,200.75999450683594,203.8800048828125,201800
2017-08-02,189.17562866210938,205.57000732421875,206.19000244140625,202.00999450683594,204.30999755859375,168300
2017-08-03,188.71543884277344,205.07000732421875,206.41000366210938,202.7899932861328,205.94000244140625,99000
2017-08-04,189.5805206298828,206.00999450683594,207.02000427246094,204.08999633789062,206.02999877929688,80700
2017-08-07,185.7890167236328,201.88999938964844,206.4199981689453,201.6699981689453,206.4199981689453,139500
2017-08-08,181.982177734375,197.42999267578125,205.99000549316406,196.5399932861328,201.8300018310547,209600
2017-08-09,183.47544860839844,199.0500030517578,199.25,196.02999877929688,196.4600067138672,116000
2017-08-10,180.1202850341797,195.41000366210938,197.86000061035156,195.3000030517578,197.7100067138672,144700
2017-08-11,177.40109252929688,192.4600067138672,197.47999572753906,192.27999877929688,196.2899932861328,254400
2017-08-14,178.1384735107422,193.25999450683594,195.82000732421875,192.36000061035156,194.36000061035156,166700
2017-08-15,177.4287567138672,192.49000549316406,194.6199951171875,191.1999969482422,193.50999450683594,189000
2017-08-16,177.88038635253906,192.97999572753906,194.47000122070312,190.17999267578125,192.63999938964844,238900
2017-08-17,177.00473022460938,192.02999877929688,193.32000732421875,190.52999877929688,192.74000549316406,230200
2017-08-18,173.9445343017578,188.7100067138672,192.6300048828125,187.35000610351562,192.27000427246094,344000
2017-08-21,176.59913635253906,191.58999633789062,192.0399932861328,185.0399932861328,188.05999755859375,397000
2017-08-22,178.2122039794922,193.33999633789062,193.85000610351562,191.5,192.6699981689453,136000
2017-08-23,178.90353393554688,194.08999633789062,195.16000366210938,192.1300048828125,193.02999877929688,192800
2017-08-24,175.69581604003906,190.61000061035156,194.64999389648438,190.3800048828125,194.2100067138672,97500
2017-08-25,175.68661499023438,190.60000610351562,192.22000122070312,190.11000061035156,191.27000427246094,140400
2017-08-28,175.05978393554688,189.9199981689453,191.5500030517578,188.49000549316406,191.27000427246094,103900
2017-08-29,174.09197998046875,188.8699951171875,189.8000030517578,186.8000030517578,188.55999755859375,79000
2017-08-30,176.4240264892578,191.39999389648438,191.5800018310547,188.6699981689453,189.4199981689453,72000
2017-08-31,177.8527374267578,192.9499969482422,194.1199951171875,191.19000244140625,191.8699951171875,144000
2017-09-01,174.1934051513672,188.97999572753906,193.27000427246094,188.35000610351562,193.27000427246094,154300
2017-09-05,172.8014373779297,187.47000122070312,188.16000366210938,186.1699981689453,187.55999755859375,189300
2017-09-06,162.7635955810547,176.5800018310547,187.0,176.44000244140625,187.0,505200
2017-09-07,162.43177795410156,176.22000122070312,176.5800018310547,172.88999938964844,176.2100067138672,308500
2017-09-08,164.4228057861328,178.3800048828125,178.5800018310547,173.57000732421875,176.50999450683594,269900
2017-09-11,165.74081420898438,179.80999755859375,180.97000122070312,178.1699981689453,180.05999755859375,199100
2017-09-12,165.9897003173828,180.0800018310547,181.60000610351562,177.88999938964844,180.44000244140625,213100
2017-09-13,166.625732421875,180.77000427246094,181.14999389648438,178.66000366210938,178.97000122070312,244300
2017-09-14,167.03134155273438,181.2100067138672,182.02999877929688,178.89999389648438,181.1300048828125,184100
2017-09-15,165.16014099121094,179.17999267578125,181.57000732421875,178.63999938964844,180.07000732421875,438200
2017-09-18,166.31231689453125,180.42999267578125,180.8300018310547,179.0399932861328,179.60000610351562,124000
2017-09-19,165.89759826660156,179.97999572753906,181.47000122070312,179.22000122070312,180.77000427246094,169600
2017-09-20,167.1419677734375,181.3300018310547,182.25,179.5800018310547,180.47000122070312,140400
2017-09-21,165.4643096923828,179.50999450683594,181.27000427246094,178.89999389648438,180.72000122070312,127000
2017-09-22,168.2203826904297,182.5,182.99000549316406,179.10000610351562,179.13999938964844,136200
2017-09-25,164.53338623046875,178.5,183.13999938964844,177.99000549316406,182.5,246400
2017-09-26,162.41329956054688,176.1999969482422,179.3300018310547,175.82000732421875,178.5,179200
2017-09-27,164.85597229003906,178.85000610351562,179.55999755859375,176.44000244140625,176.44000244140625,292000
2017-09-28,168.59832763671875,182.91000366210938,183.47999572753906,177.30999755859375,177.4600067138672,217600
2017-09-29,170.07308959960938,184.50999450683594,188.4199981689453,182.1199951171875,183.10000610351562,332600
2017-10-02,171.25296020507812,185.7899932861328,186.6999969482422,184.0,184.0,181200
2017-10-03,170.58935546875,185.07000732421875,186.6300048828125,184.47999572753906,185.38999938964844,197100
2017-10-04,169.63986206054688,184.0399932861328,184.6699981689453,180.32000732421875,183.0,434000
2017-10-05,172.0364532470703,186.63999938964844,186.72999572753906,183.22000122070312,184.63999938964844,167000
2017-10-06,172.78305053710938,187.4499969482422,187.91000366210938,185.8699951171875,186.64999389648438,242000
2017-10-09,174.55282592773438,189.3699951171875,190.0,186.75,187.19000244140625,191300
2017-10-10,172.96739196777344,187.64999389648438,190.0399932861328,186.67999267578125,190.0,329400
2017-10-11,176.70977783203125,191.7100067138672,191.92999267578125,186.6699981689453,186.75999450683594,225600
2017-10-12,175.29026794433594,190.1699981689453,193.6300048828125,189.6300048828125,191.9199981689453,178000
2017-10-13,176.3134002685547,191.27999877929688,192.30999755859375,190.2899932861328,190.2899932861328,147700
2017-10-16,177.3365478515625,192.38999938964844,192.66000366210938,189.72999572753906,192.3000030517578,161500
2017-10-17,176.41481018066406,191.38999938964844,193.36000061035156,191.08999633789062,193.0,168900
2017-10-18,178.34124755859375,193.47999572753906,194.27999877929688,190.16000366210938,191.9199981689453,268400
2017-10-19,173.90762329101562,188.6699981689453,192.8000030517578,188.33999633789062,192.8000030517578,178300
2017-10-20,175.37322998046875,190.25999450683594,190.91000366210938,188.00999450683594,189.64999389648438,153300
2017-10-23,176.27650451660156,191.24000549316406,191.3000030517578,189.5399932861328,190.41000366210938,145400
2017-10-24,175.20730590820312,190.0800018310547,192.39999389648438,189.3300018310547,191.64999389648438,304400
2017-10-25,165.62106323242188,179.67999267578125,185.67999267578125,174.60000610351562,182.5,829400
2017-10-26,165.39059448242188,179.42999267578125,183.13999938964844,176.8000030517578,180.0,445500
2017-10-27,161.85101318359375,175.58999633789062,179.39999389648438,171.4499969482422,178.6999969482422,397100
2017-10-30,159.50979614257812,173.0500030517578,175.1699981689453,172.60000610351562,174.27000427246094,216700
2017-10-31,160.3854217529297,174.0,176.22999572753906,172.69000244140625,173.05999755859375,410400
2017-11-01,161.98011779785156,175.72999572753906,177.72000122070312,174.66000366210938,175.75999450683594,328800
2017-11-02,162.68988037109375,176.5,177.91000366210938,175.52000427246094,175.72000122070312,306200
2017-11-03,163.15074157714844,177.0,177.69000244140625,175.57000732421875,176.4600067138672,242300
2017-11-06,165.8699188232422,179.9499969482422,183.63999938964844,177.52000427246094,182.66000366210938,309400
2017-11-07,164.38314819335938,178.00999450683594,181.36000061035156,177.4499969482422,180.24000549316406,305700
2017-11-08,165.06646728515625,178.75,180.58999633789062,176.0,179.0,344900
2017-11-09,161.14186096191406,174.5,178.3800048828125,174.4199981689453,178.3699951171875,257000
2017-11-10,160.20916748046875,173.49000549316406,175.02000427246094,171.82000732421875,173.82000732421875,245000
2017-11-13,161.1603240966797,174.52000427246094,174.94000244140625,171.60000610351562,173.39999389648438,195200
2017-11-14,160.62469482421875,173.94000244140625,175.52000427246094,173.6199951171875,174.50999450683594,148600
2017-11-15,164.20774841308594,177.82000732421875,178.69000244140625,171.52999877929688,172.9600067138672,250500
2017-11-16,162.75787353515625,176.25,178.9600067138672,176.0,178.9600067138672,221900
2017-11-17,166.59017944335938,180.39999389648438,181.52000427246094,175.92999267578125,176.0,222500
2017-11-20,169.25897216796875,183.2899932861328,183.3699951171875,180.0,180.97999572753906,183600
2017-11-21,173.9870147705078,188.41000366210938,188.63999938964844,184.0800018310547,184.0800018310547,362900
2017-11-22,173.58990478515625,187.97999572753906,189.6300048828125,186.6199951171875,189.08999633789062,396900
2017-11-24,174.04241943359375,188.47000122070312,188.8300018310547,187.39999389648438,188.27999877929688,80400
2017-11-27,174.12550354003906,188.55999755859375,190.74000549316406,187.89999389648438,188.75,238300
2017-11-28,178.62274169921875,193.42999267578125,193.52999877929688,188.39999389648438,188.94000244140625,268400
2017-11-29,181.03294372558594,196.0399932861328,196.66000366210938,193.60000610351562,194.00999450683594,323800
2017-11-30,180.3218994140625,195.27000427246094,197.52999877929688,192.9199981689453,196.42999267578125,353900
2017-12-01,180.3957977294922,195.35000610351562,195.64999389648438,192.61000061035156,195.64999389648438,254700
2017-12-04,182.0949249267578,197.19000244140625,199.89999389648438,196.00999450683594,197.39999389648438,225100
2017-12-05,181.0791473388672,196.08999633789062,198.97000122070312,195.1999969482422,195.8800048828125,293700
2017-12-06,181.94717407226562,197.02999877929688,198.27000427246094,195.39999389648438,196.00999450683594,180400
2017-12-07,180.62664794921875,195.60000610351562,198.66000366210938,195.07000732421875,196.2100067138672,196000
2017-12-08,180.9960174560547,196.0,197.8800048828125,194.85000610351562,195.6999969482422,194200
2017-12-11,181.75320434570312,196.82000732421875,197.41000366210938,195.27000427246094,195.85000610351562,155600
2017-12-12,182.1133575439453,197.2100067138672,199.60000610351562,195.61000061035156,197.07000732421875,139800
2017-12-13,181.2268829345703,196.25,198.49000549316406,196.02999877929688,196.94000244140625,158900
2017-12-14,180.13722229003906,195.07000732421875,196.8300018310547,194.55999755859375,196.8300018310547,262000
2017-12-15,179.01058959960938,193.85000610351562,197.42999267578125,193.67999267578125,195.33999633789062,332800
2017-12-18,184.0988006591797,199.36000061035156,200.50999450683594,194.08999633789062,195.07000732421875,305200
2017-12-19,186.62908935546875,202.10000610351562,205.86000061035156,199.25,199.5500030517578,400800
2017-12-20,187.37705993652344,202.91000366210938,205.32000732421875,200.08999633789062,203.07000732421875,420700
2017-12-21,186.2781524658203,201.72000122070312,204.86000061035156,201.7100067138672,203.22000122070312,237500
2017-12-22,186.3058319091797,201.75,202.66000366210938,200.4499969482422,200.86000061035156,157000
2017-12-26,185.6317596435547,201.02000427246094,201.97999572753906,199.0800018310547,200.74000549316406,232100
2017-12-27,185.61326599121094,201.0,202.1999969482422,200.35000610351562,201.38999938964844,227600
2017-12-28,186.36122131347656,201.80999755859375,202.00999450683594,200.3000030517578,201.8300018310547,162700
2017-12-29,186.3058319091797,201.75,203.08999633789062,200.9199981689453,202.07000732421875,362400
2018-01-02,188.04196166992188,203.6300048828125,203.97000122070312,198.1999969482422,202.36000061035156,391600
2018-01-03,185.55784606933594,200.94000244140625,204.60000610351562,200.7899932861328,203.5,275800
2018-01-04,190.72915649414062,206.5399932861328,206.77000427246094,200.05999755859375,200.5,329300
2018-01-05,191.36634826660156,207.22999572753906,210.6300048828125,206.8300018310547,207.67999267578125,181600
2018-01-08,191.5325164794922,207.41000366210938,208.97999572753906,204.97000122070312,205.57000732421875,182000
2018-01-09,188.9007110595703,204.55999755859375,209.2899932861328,204.3699951171875,208.0500030517578,186400
2018-01-10,190.58145141601562,206.3800048828125,208.25,203.6699981689453,204.3800048828125,229700
2018-01-11,186.0934600830078,201.52000427246094,207.6199951171875,201.1699981689453,206.25999450683594,207500
2018-01-12,188.1250457763672,203.72000122070312,203.9600067138672,200.11000061035156,200.85000610351562,213700
2018-01-16,190.65528869628906,206.4600067138672,207.75999450683594,204.4600067138672,204.49000549316406,297600
2018-01-17,191.49563598632812,207.3699951171875,208.72999572753906,204.0,206.7100067138672,233900
2018-01-18,191.94810485839844,207.86000061035156,208.74000549316406,206.47999572753906,207.38999938964844,196300
2018-01-19,192.43748474121094,208.38999938964844,209.47999572753906,206.92999267578125,208.44000244140625,182500
2018-01-22,185.85336303710938,201.25999450683594,204.13999938964844,199.77000427246094,200.0,430900
2018-01-23,180.97752380371094,195.97999572753906,202.25,195.94000244140625,201.35000610351562,274100
2018-01-24,180.7559051513672,195.74000549316406,201.58999633789062,193.02999877929688,196.10000610351562,510300
2018-01-25,178.7613067626953,193.5800018310547,198.9199981689453,193.47000122070312,197.00999450683594,258200
2018-01-26,178.6781463623047,193.49000549316406,194.49000549316406,191.0,194.22999572753906,289400
2018-01-29,176.18484497070312,190.7899932861328,195.3300018310547,190.1199951171875,193.27000427246094,264500
2018-01-30,177.16371154785156,191.85000610351562,196.25999450683594,189.9600067138672,190.0,347400
2018-01-31,181.18995666503906,196.2100067138672,199.8000030517578,190.47999572753906,195.83999633789062,462300
2018-02-01,180.62664794921875,195.60000610351562,196.0,189.4600067138672,194.33999633789062,384100
2018-02-02,181.2637939453125,196.2899932861328,199.5399932861328,192.5500030517578,194.50999450683594,283000
2018-02-05,182.0395050048828,197.1300048828125,201.9600067138672,194.39999389648438,195.27999877929688,597800
2018-02-06,180.31260681152344,195.25999450683594,197.1699981689453,191.77000427246094,194.9199981689453,545600
2018-02-07,180.081787109375,195.00999450683594,196.55999755859375,193.55999755859375,195.27000427246094,162800
2018-02-08,174.55035400390625,189.02000427246094,195.97000122070312,188.47999572753906,195.1999969482422,379300
2018-02-09,174.67959594726562,189.16000366210938,191.97000122070312,185.25,190.25999450683594,307000
2018-02-12,176.84051513671875,191.5,194.47000122070312,189.32000732421875,189.99000549316406,156600
2018-02-13,178.8950653076172,193.3000030517578,193.5399932861328,187.08999633789062,190.4199981689453,206300
2018-02-14,182.8746337890625,197.60000610351562,198.08999633789062,192.30999755859375,192.30999755859375,188000
2018-02-15,184.07774353027344,198.89999389648438,199.97000122070312,196.16000366210938,198.2100067138672,128300
2018-02-16,186.3914031982422,201.39999389648438,201.86000061035156,197.94000244140625,198.77999877929688,122900
2018-02-20,185.20681762695312,200.1199951171875,202.99000549316406,198.00999450683594,201.13999938964844,242300
2018-02-21,186.93748474121094,201.99000549316406,204.6199951171875,199.75999450683594,200.10000610351562,253600
2018-02-22,184.54043579101562,199.39999389648438,203.8699951171875,198.47999572753906,203.0,215200
2018-02-23,182.9486083984375,197.67999267578125,200.16000366210938,197.52999877929688,199.42999267578125,150100
2018-02-26,184.7903289794922,199.6699981689453,200.19000244140625,196.89999389648438,198.22000122070312,115100
2018-02-27,186.03050231933594,201.00999450683594,203.0800018310547,199.77000427246094,199.77000427246094,130200
2018-02-28,187.31692504882812,202.39999389648438,204.8300018310547,200.6699981689453,201.44000244140625,212000
2018-03-01,190.27845764160156,205.60000610351562,206.7100067138672,200.24000549316406,202.57000732421875,298900
2018-03-02,187.76113891601562,202.8800048828125,208.4600067138672,200.6199951171875,203.99000549316406,483900
2018-03-05,193.61016845703125,209.1999969482422,210.25,200.60000610351562,201.63999938964844,337400
2018-03-06,195.7110137939453,211.47000122070312,212.5500030517578,208.25999450683594,209.25,285100
2018-03-07,196.64572143554688,212.47999572753906,213.41000366210938,208.11000061035156,210.0,296800
2018-03-08,200.57904052734375,216.72999572753906,218.3300018310547,212.1999969482422,212.99000549316406,224000
2018-03-09,202.56881713867188,218.8800048828125,221.25,216.4499969482422,218.0,192100
2018-03-12,206.5205535888672,223.14999389648438,223.6199951171875,218.1999969482422,219.42999267578125,225500
2018-03-13,207.27951049804688,223.97000122070312,227.05999755859375,223.77000427246094,223.77000427246094,472400
2018-03-14,206.90927124023438,223.57000732421875,224.97000122070312,219.92999267578125,224.17999267578125,159600
2018-03-15,207.3905792236328,224.08999633789062,225.38999938964844,221.94000244140625,223.77999877929688,203800
2018-03-16,207.85325622558594,224.58999633789062,226.6699981689453,223.4499969482422,224.4600067138672,265300
2018-03-19,206.15037536621094,222.75,226.6300048828125,220.41000366210938,224.4499969482422,165300
2018-03-20,207.51083374023438,224.22000122070312,229.83999633789062,223.30999755859375,223.30999755859375,267400
2018-03-21,206.72422790527344,223.3699951171875,225.66000366210938,220.97999572753906,223.77000427246094,214100
2018-03-22,204.75299072265625,221.24000549316406,226.19000244140625,221.1699981689453,222.5399932861328,198300
2018-03-23,203.17955017089844,219.5399932861328,221.83999633789062,218.1199951171875,221.3300018310547,322100
2018-03-26,205.18789672851562,221.7100067138672,222.5399932861328,218.6300048828125,221.55999755859375,187500
2018-03-27,201.0880126953125,217.27999877929688,222.7100067138672,216.77999877929688,222.32000732421875,257000
2018-03-28,197.10842895507812,212.97999572753906,218.14999389648438,211.75999450683594,217.27000427246094,290200
2018-03-29,201.2361297607422,217.44000244140625,217.9600067138672,213.44000244140625,213.77999877929688,153900
2018-04-02,196.451416015625,212.27000427246094,218.7100067138672,210.30999755859375,217.5,171200
2018-04-03,197.50640869140625,213.41000366210938,216.27000427246094,210.00999450683594,213.38999938964844,262800
2018-04-04,196.42361450195312,212.24000549316406,213.44000244140625,206.6199951171875,210.3300018310547,290900
2018-04-05,192.90684509277344,208.44000244140625,213.6300048828125,208.2100067138672,212.61000061035156,280300
2018-04-06,191.27796936035156,206.67999267578125,208.30999755859375,202.83999633789062,208.05999755859375,305000
2018-04-09,192.32374572753906,207.80999755859375,211.66000366210938,207.5500030517578,208.52999877929688,155800
2018-04-10,191.00038146972656,206.3800048828125,212.0399932861328,205.99000549316406,209.99000549316406,177500
2018-04-11,190.50982666015625,205.85000610351562,206.6699981689453,202.89999389648438,204.88999938964844,308500
2018-04-12,188.31642150878906,203.47999572753906,206.0,201.75,205.2899932861328,299500
2018-04-13,187.01150512695312,202.07000732421875,203.6699981689453,200.0500030517578,203.49000549316406,233500
2018-04-16,189.16781616210938,204.39999389648438,205.66000366210938,202.55999755859375,202.55999755859375,155400
2018-04-17,190.639404296875,205.99000549316406,207.14999389648438,205.02999877929688,205.02999877929688,234700
2018-04-18,187.95550537109375,203.08999633789062,208.67999267578125,200.92999267578125,207.32000732421875,219400
2018-04-19,187.5667724609375,202.6699981689453,205.30999755859375,202.35000610351562,203.1199951171875,160900
2018-04-20,187.4095001220703,202.5,205.0800018310547,201.97999572753906,203.02999877929688,295600
2018-04-23,187.0022430419922,202.05999755859375,203.85000610351562,198.77999877929688,202.9499969482422,182000
2018-04-24,185.91015625,200.8800048828125,204.4499969482422,199.8699951171875,202.52000427246094,170500
2018-04-25,184.43865966796875,199.2899932861328,203.58999633789062,195.3699951171875,201.4600067138672,276400
2018-04-26,184.61451721191406,199.47999572753906,202.13999938964844,196.49000549316406,199.08999633789062,167500
2018-04-27,184.41091918945312,199.25999450683594,199.50999450683594,196.77999877929688,199.49000549316406,148800
2018-04-30,183.82785034179688,198.6300048828125,202.75999450683594,198.1699981689453,199.4600067138672,221900
2018-05-01,186.50247192382812,201.52000427246094,201.88999938964844,196.27999877929688,198.0500030517578,190100
2018-05-02,186.96522521972656,202.02000427246094,203.6199951171875,200.19000244140625,201.17999267578125,132600
2018-05-03,184.17031860351562,199.0,202.3800048828125,197.42999267578125,201.5800018310547,205300
2018-05-04,186.70608520507812,201.74000549316406,202.97000122070312,196.4199981689453,198.1699981689453,203400
2018-05-07,188.8162078857422,204.02000427246094,205.5,201.83999633789062,201.83999633789062,85600
2018-05-08,188.53797912597656,203.3000030517578,204.60000610351562,201.44000244140625,203.55999755859375,124800
2018-05-09,190.81007385253906,205.75,206.94000244140625,201.7899932861328,203.32000732421875,221300
2018-05-10,189.75286865234375,204.61000061035156,205.9199981689453,203.77999877929688,205.6999969482422,107800
2018-05-11,190.79150390625,205.72999572753906,206.10000610351562,203.5500030517578,204.5,79700
2018-05-14,185.1344757080078,199.6300048828125,205.72999572753906,199.3699951171875,205.72999572753906,167100
2018-05-15,186.70179748535156,201.32000732421875,202.64999389648438,198.61000061035156,199.8800048828125,177200
2018-05-16,187.55494689941406,202.24000549316406,203.66000366210938,199.25,201.52999877929688,129200
2018-05-17,188.09283447265625,202.82000732421875,203.0,200.3800048828125,201.91000366210938,97800
2018-05-18,189.85484313964844,204.72000122070312,206.1999969482422,201.69000244140625,203.30999755859375,163500
2018-05-21,195.29856872558594,210.58999633789062,210.8699951171875,205.24000549316406,205.24000549316406,167600
2018-05-22,195.03890991210938,210.30999755859375,213.0800018310547,208.94000244140625,210.5,139700
2018-05-23,194.76071166992188,210.00999450683594,210.19000244140625,207.89999389648438,209.3699951171875,148700
2018-05-24,196.44862365722656,211.8300018310547,211.9600067138672,208.64999389648438,210.33999633789062,138000
2018-05-25,195.26153564453125,210.5500030517578,211.75999450683594,209.7100067138672,211.75999450683594,147300
2018-05-29,195.62319946289062,210.94000244140625,211.38999938964844,208.41000366210938,209.64999389648438,156100
2018-05-30,200.45489501953125,216.14999389648438,216.32000732421875,211.22999572753906,211.22999572753906,204800
2018-05-31,198.13644409179688,213.64999389648438,217.6999969482422,213.2100067138672,214.94000244140625,161400
2018-06-01,201.10411071777344,216.85000610351562,218.97000122070312,214.72000122070312,215.94000244140625,183500
2018-06-04,202.12420654296875,217.9499969482422,218.36000061035156,214.6699981689453,216.88999938964844,136900
2018-06-05,193.54588317871094,208.6999969482422,218.25,207.05999755859375,216.0,250400
2018-06-06,195.92922973632812,211.27000427246094,211.63999938964844,208.49000549316406,208.49000549316406,142700
2018-06-07,197.0236053466797,212.4499969482422,215.72999572753906,211.55999755859375,212.52000427246094,135700
2018-06-08,199.28639221191406,214.88999938964844,215.86000061035156,211.44000244140625,212.8300018310547,169800
2018-06-11,202.3004150390625,218.13999938964844,218.6999969482422,215.42999267578125,215.42999267578125,143500
2018-06-12,199.82432556152344,215.47000122070312,219.97999572753906,213.07000732421875,217.91000366210938,111800
2018-06-13,200.9835205078125,216.72000122070312,218.35000610351562,213.7100067138672,216.58999633789062,124300
2018-06-14,201.53067016601562,217.30999755859375,218.5500030517578,215.35000610351562,217.69000244140625,159800
2018-06-15,199.49038696289062,215.11000061035156,216.66000366210938,212.19000244140625,216.66000366210938,276200
2018-06-18,198.3404541015625,213.8699951171875,216.1199951171875,212.49000549316406,214.4600067138672,176300
2018-06-19,198.7670440673828,214.3300018310547,214.4600067138672,211.47999572753906,212.10000610351562,184700
2018-06-20,197.57077026367188,213.0399932861328,216.22000122070312,210.83999633789062,214.3300018310547,179500
2018-06-21,196.3188018798828,211.69000244140625,212.9199981689453,210.1699981689453,212.50999450683594,150500
2018-06-22,195.67880249023438,211.0,217.52999877929688,210.25999450683594,213.47999572753906,176300
2018-06-25,190.5040283203125,205.4199981689453,210.99000549316406,204.4499969482422,210.0800018310547,152100
2018-06-26,187.9907989501953,202.7100067138672,205.92999267578125,201.16000366210938,204.80999755859375,315300
2018-06-27,185.76512145996094,200.30999755859375,208.77000427246094,199.91000366210938,202.1999969482422,188100
2018-06-28,187.93515014648438,202.64999389648438,203.2100067138672,199.55999755859375,200.7100067138672,187500
2018-06-29,183.49293518066406,197.86000061035156,204.60000610351562,196.80999755859375,202.8800048828125,200600
2018-07-02,186.14532470703125,200.72000122070312,201.19000244140625,195.13999938964844,196.2899932861328,215900
2018-07-03,185.10665893554688,199.60000610351562,203.0399932861328,198.94000244140625,202.00999450683594,165100
2018-07-05,185.28282165527344,199.7899932861328,200.1999969482422,196.5500030517578,199.5800018310547,188000
2018-07-06,187.84242248535156,202.5500030517578,204.17999267578125,197.7899932861328,199.67999267578125,144000
2018-07-09,188.07431030273438,202.8000030517578,205.39999389648438,202.49000549316406,203.38999938964844,173400
2018-07-10,186.98927307128906,201.6300048828125,204.27000427246094,200.0,203.47999572753906,167300
2018-07-11,189.2891387939453,204.11000061035156,204.89999389648438,200.41000366210938,201.2100067138672,229000
2018-07-12,191.5890655517578,206.58999633789062,207.27000427246094,202.97000122070312,204.41000366210938,172600
2018-07-13,190.912109375,205.86000061035156,208.9499969482422,204.1199951171875,207.32000732421875,181800
2018-07-16,191.0233612060547,205.97999572753906,207.27000427246094,204.64999389648438,205.5800018310547,124900
2018-07-17,192.5164794921875,207.58999633789062,209.27999877929688,205.61000061035156,206.22999572753906,193300
2018-07-18,194.52890014648438,209.75999450683594,210.91000366210938,206.1300048828125,208.22999572753906,182200
2018-07-19,193.7406005859375,208.91000366210938,210.89999389648438,207.11000061035156,208.72999572753906,120400
2018-07-20,194.95547485351562,210.22000122070312,210.5,207.25999450683594,208.1999969482422,257400
2018-07-23,195.2244110107422,210.50999450683594,211.69000244140625,209.0,209.7899932861328,204400
2018-07-24,194.3805694580078,209.60000610351562,211.94000244140625,209.0,211.3000030517578,534700
2018-07-25,188.17630004882812,202.91000366210938,210.52999877929688,200.0500030517578,200.0500030517578,643500
2018-07-26,185.82070922851562,200.3699951171875,204.94000244140625,199.9499969482422,202.38999938964844,235000
2018-07-27,184.17929077148438,198.60000610351562,201.47999572753906,197.7899932861328,200.14999389648438,170700
2018-07-30,178.25318908691406,192.2100067138672,199.33999633789062,188.7100067138672,198.6999969482422,225800
2018-07-31,179.7000274658203,193.77000427246094,194.27000427246094,189.5,192.42999267578125,298700
2018-08-01,179.4773712158203,193.52999877929688,197.97000122070312,191.9499969482422,193.08999633789062,212100
2018-08-02,176.9549102783203,190.80999755859375,195.39999389648438,190.25999450683594,192.9600067138672,285900
2018-08-03,175.86984252929688,189.63999938964844,192.02000427246094,187.35000610351562,192.02000427246094,182700
2018-08-06,175.90692138671875,189.67999267578125,190.5399932861328,188.4600067138672,189.24000549316406,203500
2018-08-07,175.68438720703125,189.44000244140625,190.3300018310547,189.00999450683594,189.2100067138672,124200
2018-08-08,173.09120178222656,186.22999572753906,189.2100067138672,185.58999633789062,189.0399932861328,250600
2018-08-09,172.85882568359375,185.97999572753906,189.42999267578125,185.7899932861328,186.25,159300
2018-08-10,173.3142852783203,186.47000122070312,187.5,184.5500030517578,185.25999450683594,113700
2018-08-13,172.8402862548828,185.9600067138672,187.72999572753906,185.75999450683594,186.27000427246094,129200
2018-08-14,173.28640747070312,186.44000244140625,187.32000732421875,185.85000610351562,186.57000732421875,134900
2018-08-15,174.0299072265625,187.24000549316406,187.94000244140625,185.63999938964844,185.8800048828125,145800
2018-08-16,174.70848083496094,187.97000122070312,189.13999938964844,187.44000244140625,187.69000244140625,102700
2018-08-17,175.7401123046875,189.0800018310547,189.36000061035156,186.8800048828125,188.08999633789062,89900
2018-08-20,176.6138153076172,190.02000427246094,190.5,188.5399932861328,188.8300018310547,79600
2018-08-21,177.21792602539062,190.6699981689453,191.99000549316406,189.2100067138672,189.69000244140625,127600
2018-08-22,177.28305053710938,190.74000549316406,191.47000122070312,188.75,189.99000549316406,75100
2018-08-23,175.8330841064453,189.17999267578125,191.3800048828125,188.89999389648438,190.7899932861328,106200
2018-08-24,174.1600799560547,187.3800048828125,189.75999450683594,186.9600067138672,189.72999572753906,232400
2018-08-27,174.0113983154297,187.22000122070312,189.55999755859375,186.11000061035156,188.14999389648438,254900
2018-08-28,175.2196502685547,188.52000427246094,189.27999877929688,187.5,187.74000549316406,103500
2018-08-29,176.6324005126953,190.0399932861328,190.3300018310547,187.97999572753906,188.3300018310547,146300
2018-08-30,176.57659912109375,189.97999572753906,190.6300048828125,188.8699951171875,189.77000427246094,120800
2018-08-31,176.4279022216797,189.82000732421875,190.4600067138672,188.4199981689453,189.5,146800
2018-09-04,180.6661834716797,194.3800048828125,194.4600067138672,188.9600067138672,189.7100067138672,179000
2018-09-05,177.70126342773438,191.19000244140625,195.52999877929688,190.11000061035156,194.35000610351562,193200
2018-09-06,171.17657470703125,184.1699981689453,190.47999572753906,182.7100067138672,190.47999572753906,413900
2018-09-07,173.76966857910156,186.9600067138672,187.52999877929688,182.02999877929688,183.3300018310547,238500
2018-09-10,170.07981872558594,182.99000549316406,187.3699951171875,182.38999938964844,187.3699951171875,140700
2018-09-11,171.3624267578125,184.3699951171875,185.00999450683594,181.47999572753906,182.47999572753906,138700
2018-09-12,171.10218811035156,184.08999633789062,184.44000244140625,180.02999877929688,182.69000244140625,157800
2018-09-13,170.367919921875,183.3000030517578,185.42999267578125,181.8300018310547,184.08999633789062,91800
2018-09-14,170.50735473632812,183.4499969482422,186.0399932861328,183.2100067138672,183.6999969482422,153900
2018-09-17,167.10557556152344,179.7899932861328,184.75,179.36000061035156,183.50999450683594,188200
2018-09-18,168.82504272460938,181.63999938964844,182.02999877929688,177.75999450683594,178.22000122070312,117900
2018-09-19,169.7358856201172,182.6199951171875,184.0800018310547,181.99000549316406,182.16000366210938,114800
2018-09-20,170.31216430664062,183.24000549316406,184.22000122070312,180.77000427246094,182.9499969482422,133800
2018-09-21,169.02951049804688,181.86000061035156,184.49000549316406,180.61000061035156,183.58999633789062,283800
2018-09-24,171.1858673095703,184.17999267578125,184.72999572753906,180.5800018310547,181.25,202300
2018-09-25,168.8064727783203,181.6199951171875,185.17999267578125,180.5399932861328,183.7899932861328,218800
2018-09-26,166.5478973388672,179.19000244140625,182.97999572753906,179.08999633789062,182.0,201200
2018-09-27,165.59986877441406,178.1699981689453,180.82000732421875,177.22000122070312,179.19000244140625,206000
2018-09-28,165.8972930908203,178.49000549316406,179.8699951171875,177.14999389648438,177.6699981689453,255700
2018-10-01,161.621826171875,173.88999938964844,177.94000244140625,173.0,177.7899932861328,330600
2018-10-02,165.5348358154297,178.10000610351562,179.69000244140625,172.08999633789062,174.30999755859375,403700
2018-10-03,170.21922302246094,183.13999938964844,183.92999267578125,177.13999938964844,178.08999633789062,332600
2018-10-04,178.0172882080078,191.52999877929688,191.74000549316406,182.8800048828125,184.1199951171875,488700
2018-10-05,176.1676788330078,189.5399932861328,193.0500030517578,188.91000366210938,192.14999389648438,185900
2018-10-08,172.9331817626953,186.05999755859375,189.13999938964844,184.91000366210938,188.75999450683594,235000
2018-10-09,175.37767028808594,188.69000244140625,189.9199981689453,185.2100067138672,185.89999389648438,147300
2018-10-10,173.6302947998047,186.80999755859375,189.22000122070312,185.30999755859375,188.52000427246094,221900
2018-10-11,172.1338348388672,185.1999969482422,188.94000244140625,182.99000549316406,185.9600067138672,290400
2018-10-12,174.27163696289062,187.5,188.3000030517578,184.69000244140625,187.85000610351562,189000
2018-10-15,176.34426879882812,189.72999572753906,191.75,186.0500030517578,186.97999572753906,133400
2018-10-16,179.94125366210938,193.60000610351562,193.89999389648438,189.66000366210938,190.1199951171875,236400
2018-10-17,182.23695373535156,196.07000732421875,197.49000549316406,191.8300018310547,193.02000427246094,155000
2018-10-18,180.98223876953125,194.72000122070312,198.52000427246094,193.66000366210938,196.1699981689453,160500
2018-10-19,183.50103759765625,197.42999267578125,197.74000549316406,194.49000549316406,194.49000549316406,193600
2018-10-22,182.48793029785156,196.33999633789062,199.6199951171875,196.22999572753906,197.86000061035156,187500
2018-10-23,179.26272583007812,192.8699951171875,195.57000732421875,189.67999267578125,193.89999389648438,350700
2018-10-24,194.18966674804688,208.92999267578125,212.30999755859375,193.3699951171875,199.75,745900
2018-10-25,195.788330078125,210.64999389648438,213.66000366210938,207.0,212.0500030517578,281600
2018-10-26,193.1022186279297,207.75999450683594,211.05999755859375,205.07000732421875,208.83999633789062,281600
2018-10-29,194.29193115234375,209.0399932861328,212.33999633789062,206.52999877929688,210.05999755859375,291200
2018-10-30,201.9320068359375,217.25999450683594,217.41000366210938,209.99000549316406,209.99000549316406,349500
2018-10-31,194.8774871826172,209.6699981689453,219.67999267578125,209.08999633789062,217.72000122070312,301200
2018-11-01,193.87362670898438,208.58999633789062,212.66000366210938,208.00999450683594,210.63999938964844,224500
2018-11-02,198.70684814453125,213.7899932861328,215.3300018310547,207.9499969482422,209.60000610351562,277200
2018-11-05,192.4794921875,207.08999633789062,209.9499969482422,206.38999938964844,208.0,257000
2018-11-06,193.0289764404297,207.25999450683594,210.00999450683594,203.32000732421875,206.3800048828125,244200
2018-11-07,193.79270935058594,208.0800018310547,209.2100067138672,205.72999572753906,208.14999389648438,279300
2018-11-08,192.06040954589844,206.22000122070312,208.80999755859375,203.57000732421875,207.80999755859375,218400
2018-11-09,194.1652069091797,208.47999572753906,209.10000610351562,205.17999267578125,206.1199951171875,146800
2018-11-12,193.1593780517578,207.39999389648438,210.0,205.97999572753906,208.2100067138672,195800
2018-11-13,193.5225830078125,207.7899932861328,209.60000610351562,206.05999755859375,208.0,206400
2018-11-14,195.66468811035156,210.08999633789062,211.36000061035156,209.2100067138672,209.2100067138672,185300
2018-11-15,195.60879516601562,210.02999877929688,210.83999633789062,205.75,209.58999633789062,153800
2018-11-16,198.81260681152344,213.47000122070312,213.9600067138672,208.27999877929688,208.27999877929688,96100
2018-11-19,199.91159057617188,214.64999389648438,217.6699981689453,212.02000427246094,213.3000030517578,233800
2018-11-20,202.1281280517578,217.02999877929688,219.94000244140625,210.33999633789062,212.92999267578125,299400
2018-11-21,200.1350860595703,214.88999938964844,217.39999389648438,214.24000549316406,216.85000610351562,170900
2018-11-23,198.8404998779297,213.5,215.92999267578125,212.97000122070312,213.2100067138672,51900
2018-11-26,200.33998107910156,215.11000061035156,218.60000610351562,213.6199951171875,214.9199981689453,99900
2018-11-27,202.8732452392578,217.8300018310547,218.50999450683594,213.77000427246094,213.97000122070312,158500
2018-11-28,201.16891479492188,216.0,220.5800018310547,214.86000061035156,218.77999877929688,146100
2018-11-29,200.28408813476562,215.0500030517578,217.27000427246094,211.1199951171875,215.0,206700
2018-11-30,202.7800750732422,217.72999572753906,219.67999267578125,215.0399932861328,215.52999877929688,335100
2018-12-03,204.2329864501953,219.2899932861328,219.64999389648438,212.5500030517578,212.8800048828125,294300
2018-12-04,206.74758911132812,221.99000549316406,224.8699951171875,219.67999267578125,219.97999572753906,450900
2018-12-06,206.673095703125,221.91000366210938,224.08999633789062,217.11000061035156,221.3699951171875,504200
2018-12-07,209.2994384765625,224.72999572753906,225.08999633789062,220.5500030517578,221.17999267578125,369600
2018-12-10,210.85476684570312,226.39999389648438,227.99000549316406,222.5,223.58999633789062,303600
2018-12-11,212.98757934570312,228.69000244140625,230.39999389648438,227.10000610351562,227.10000610351562,326900
2018-12-12,212.5963897705078,228.27000427246094,230.94000244140625,221.77000427246094,230.25999450683594,223600
2018-12-13,213.59292602539062,229.33999633789062,231.3300018310547,225.27999877929688,228.5399932861328,233700
2018-12-14,210.9478759765625,226.5,229.38999938964844,224.99000549316406,228.47000122070312,251300
2018-12-17,204.29818725585938,219.36000061035156,226.13999938964844,218.67999267578125,225.8800048828125,236100
2018-12-18,198.71945190429688,213.3699951171875,220.36000061035156,212.91000366210938,219.8699951171875,301200
2018-12-19,198.42147827148438,213.0500030517578,220.67999267578125,211.02999877929688,213.25,254400
2018-12-20,195.00343322753906,209.3800048828125,214.69000244140625,208.88999938964844,211.82000732421875,345800
2018-12-21,190.78443908691406,204.85000610351562,213.16000366210938,204.60000610351562,210.30999755859375,403100
2018-12-24,185.64349365234375,199.3300018310547,204.6300048828125,199.24000549316406,204.0800018310547,153900
2018-12-26,190.43060302734375,204.47000122070312,204.72999572753906,199.0399932861328,199.58999633789062,218100
2018-12-27,191.7157745361328,205.85000610351562,206.66000366210938,200.25,203.25,201000
2018-12-28,193.29908752441406,207.5500030517578,211.6699981689453,205.1999969482422,206.22000122070312,147400
2018-12-31,196.8009033203125,211.30999755859375,211.32000732421875,206.6199951171875,208.6300048828125,156700
2019-01-02,194.84512329101562,209.2100067138672,212.27999877929688,207.57000732421875,209.27000427246094,218600
2019-01-03,193.49465942382812,207.75999450683594,210.7899932861328,206.91000366210938,208.5800018310547,170600
2019-01-04,199.5856475830078,214.3000030517578,214.86000061035156,208.0800018310547,210.10000610351562,409000
2019-01-07,201.9698486328125,216.86000061035156,219.38999938964844,209.50999450683594,214.5,361100
2019-01-08,201.81153869628906,216.69000244140625,219.72999572753906,215.6999969482422,218.0800018310547,363500
2019-01-09,198.5052490234375,213.13999938964844,218.8000030517578,212.72000122070312,217.9499969482422,237100
2019-01-10,198.06756591796875,212.6699981689453,214.50999450683594,210.05999755859375,212.3300018310547,374400
2019-01-11,197.99301147460938,212.58999633789062,214.14999389648438,210.75999450683594,212.00999450683594,242300
2019-01-14,193.32701110839844,207.5800018310547,212.89999389648438,206.7899932861328,211.17999267578125,250800
2019-01-15,196.40042114257812,210.8800048828125,213.1699981689453,207.1199951171875,208.39999389648438,395200
2019-01-16,201.4017333984375,216.25,217.25999450683594,211.82000732421875,211.82000732421875,244500
2019-01-17,201.1595916748047,215.99000549316406,219.3300018310547,215.24000549316406,216.00999450683594,349000
2019-01-18,204.1305389404297,219.17999267578125,220.99000549316406,214.44000244140625,216.86000061035156,155600
2019-01-22,203.3109588623047,218.3000030517578,221.3000030517578,216.52000427246094,218.67999267578125,251000
2019-01-23,204.71728515625,219.80999755859375,221.41000366210938,218.0,219.22999572753906,138000
2019-01-24,203.7300567626953,218.75,222.39999389648438,218.3000030517578,219.75,210900
2019-01-25,204.3820037841797,219.4499969482422,221.80999755859375,218.4600067138672,219.47000122070312,186200
2019-01-28,203.3109588623047,218.3000030517578,220.11000061035156,217.32000732421875,218.69000244140625,159300
2019-01-29,198.8404998779297,213.5,218.4600067138672,213.13999938964844,218.35000610351562,289900
2019-01-30,195.78575134277344,210.22000122070312,216.9600067138672,207.16000366210938,212.02000427246094,430800
2019-01-31,200.0233917236328,214.77000427246094,215.0800018310547,209.61000061035156,209.61000061035156,245100
2019-02-01,198.95228576660156,213.6199951171875,218.38999938964844,212.30999755859375,218.38999938964844,270500
2019-02-04,201.56935119628906,216.42999267578125,217.6699981689453,209.16000366210938,212.5399932861328,193000
2019-02-05,203.62762451171875,218.63999938964844,218.67999267578125,214.7899932861328,215.6199951171875,181300
2019-02-06,203.8138885498047,218.83999633789062,220.67999267578125,217.35000610351562,218.08999633789062,159200
2019-02-07,205.3692169189453,220.50999450683594,221.0399932861328,216.24000549316406,217.88999938964844,256800
2019-02-08,205.5182647705078,220.6699981689453,222.58999633789062,216.11000061035156,220.50999450683594,231700
2019-02-11,208.20977783203125,223.55999755859375,224.5800018310547,220.75,221.02000427246094,201000
2019-02-12,210.41273498535156,225.41000366210938,226.05999755859375,219.41000366210938,224.1300048828125,238400
2019-02-13,213.04515075683594,228.22999572753906,228.75999450683594,226.10000610351562,226.58999633789062,186000
2019-02-14,211.67298889160156,226.75999450683594,228.0,222.22999572753906,227.25999450683594,221600
2019-02-15,214.239990234375,229.50999450683594,229.89999389648438,224.8699951171875,227.4199981689453,382900
2019-02-19,217.06838989257812,232.5399932861328,234.36000061035156,228.3000030517578,228.69000244140625,283900
2019-02-20,218.02987670898438,233.57000732421875,234.4199981689453,230.67999267578125,232.66000366210938,197200
2019-02-21,219.5140838623047,235.16000366210938,235.49000549316406,231.3699951171875,233.86000061035156,172900
2019-02-22,223.07057189941406,238.97000122070312,239.50999450683594,233.97999572753906,235.02999877929688,224600
2019-02-25,225.3296356201172,241.38999938964844,242.19000244140625,239.02999877929688,239.72000122070312,193400
2019-02-26,224.45211791992188,240.4499969482422,242.49000549316406,239.83999633789062,240.72000122070312,269400
2019-02-27,228.23269653320312,244.5,246.02999877929688,239.9499969482422,240.47000122070312,282500
2019-02-28,227.65391540527344,243.8800048828125,246.13999938964844,242.61000061035156,244.92999267578125,320000
2019-03-01,226.91650390625,243.08999633789062,244.5500030517578,236.05999755859375,236.4499969482422,370500
2019-03-04,221.7543487548828,237.55999755859375,242.9600067138672,237.07000732421875,242.9600067138672,250500
2019-03-05,218.35659790039062,233.9199981689453,238.6300048828125,233.80999755859375,237.32000732421875,284900
2019-03-06,215.1827850341797,230.52000427246094,235.00999450683594,228.4199981689453,234.5,279500
2019-03-07,210.4407958984375,225.44000244140625,234.75999450683594,224.74000549316406,230.6300048828125,267800
2019-03-08,210.6554412841797,225.6699981689453,226.4199981689453,222.30999755859375,224.60000610351562,309500
2019-03-11,212.04638671875,227.16000366210938,229.11000061035156,223.49000549316406,226.30999755859375,291100
2019-03-12,214.49205017089844,229.77999877929688,231.91000366210938,225.75,227.1699981689453,257900
2019-03-13,215.1361083984375,230.47000122070312,233.8300018310547,229.22999572753906,230.72999572753906,355800
2019-03-14,216.38693237304688,231.80999755859375,232.4600067138672,229.24000549316406,230.63999938964844,195000
2019-03-15,217.90853881835938,233.44000244140625,234.6199951171875,230.47000122070312,231.69000244140625,346200
2019-03-18,221.82908630371094,237.63999938964844,237.89999389648438,234.08999633789062,234.08999633789062,227100
2019-03-19,219.94346618652344,235.6199951171875,238.47000122070312,234.97999572753906,238.47000122070312,183900
2019-03-20,221.43698120117188,237.22000122070312,239.57000732421875,235.69000244140625,235.69000244140625,233600
2019-03-21,224.18141174316406,240.16000366210938,241.3300018310547,236.50999450683594,236.57000732421875,270300
2019-03-22,222.48245239257812,238.33999633789062,240.89999389648438,237.17999267578125,238.97999572753906,180100
2019-03-25,223.21058654785156,239.1199951171875,239.99000549316406,237.11000061035156,238.8000030517578,188700
2019-03-26,227.46722412109375,243.67999267578125,244.50999450683594,239.17999267578125,240.77000427246094,189000
2019-03-27,228.77406311035156,245.0800018310547,246.11000061035156,242.89999389648438,244.00999450683594,150000
2019-03-28,230.11827087402344,246.52000427246094,249.94000244140625,244.25999450683594,245.52000427246094,166900
2019-03-29,229.70753479003906,246.0800018310547,248.30999755859375,245.7100067138672,248.0,188500
2019-04-01,230.3049774169922,246.72000122070312,249.4499969482422,244.5800018310547,248.1300048828125,196300
2019-04-02,232.14390563964844,248.69000244140625,249.57000732421875,245.82000732421875,247.47999572753906,246700
2019-04-03,230.26759338378906,246.67999267578125,258.239990234375,245.3800048828125,250.16000366210938,246000
2019-04-04,231.8825225830078,248.41000366210938,248.9499969482422,241.1199951171875,247.1699981689453,303200
2019-04-05,236.99794006347656,253.88999938964844,254.1199951171875,248.27999877929688,248.41000366210938,192300
2019-04-08,240.96519470214844,258.1400146484375,258.4100036621094,251.69000244140625,253.88999938964844,220600
2019-04-09,241.75856018066406,258.989990234375,260.57000732421875,256.9200134277344,257.1300048828125,191500
2019-04-10,241.2638397216797,258.4599914550781,259.9599914550781,257.79998779296875,259.82000732421875,213400
2019-04-11,240.10633850097656,257.2200012207031,260.19000244140625,256.67999267578125,259.3800048828125,276800
2019-04-12,242.56137084960938,259.8500061035156,260.20001220703125,257.5,258.25,209400
2019-04-15,244.32562255859375,261.739990234375,262.17999267578125,259.7900085449219,260.3299865722656,315900
2019-04-16,245.4270782470703,262.9200134277344,264.6499938964844,260.8500061035156,262.42999267578125,625900
2019-04-17,244.78305053710938,262.2300109863281,264.9100036621094,261.239990234375,263.9100036621094,283700
2019-04-18,246.3605194091797,263.9200134277344,264.3299865722656,261.510009765625,261.9200134277344,468100
2019-04-22,244.68971252441406,262.1300048828125,264.3900146484375,261.5,263.6199951171875,339400
2019-04-23,245.03504943847656,262.5,263.5199890136719,260.6400146484375,262.9599914550781,564900
2019-04-24,246.78997802734375,264.3800048828125,266.8999938964844,256.6099853515625,263.3500061035156,403000
2019-04-25,247.79811096191406,265.4599914550781,266.8299865722656,260.82000732421875,263.010009765625,211400
2019-04-26,251.73739624023438,269.67999267578125,270.7699890136719,263.69000244140625,263.69000244140625,279400
2019-04-29,257.9169006347656,276.29998779296875,278.0899963378906,270.989990234375,272.44000244140625,359100
2019-04-30,259.8118591308594,278.3299865722656,279.8999938964844,274.55999755859375,276.7200012207031,248500
2019-05-01,263.27496337890625,282.0400085449219,283.7099914550781,277.5899963378906,279.25,279900
2019-05-02,264.0871887207031,282.9100036621094,284.489990234375,280.3399963378906,282.4100036621094,265000
2019-05-03,267.0181884765625,286.04998779296875,288.4599914550781,283.19000244140625,283.82000732421875,250000
2019-05-06,271.1160888671875,290.44000244140625,293.9100036621094,282.9200134277344,282.9200134277344,403600
2019-05-07,261.7088623046875,279.8699951171875,291.80999755859375,279.7699890136719,288.6099853515625,375600
2019-05-08,262.59735107421875,280.82000732421875,282.7099914550781,278.82000732421875,279.9700012207031,253200
2019-05-09,259.9602966308594,278.0,280.3599853515625,275.1199951171875,278.6400146484375,283200
2019-05-10,262.7188415527344,280.95001220703125,281.8399963378906,275.7699890136719,277.0799865722656,275200
2019-05-13,263.3734130859375,281.6499938964844,281.9800109863281,275.9200134277344,277.19000244140625,271500
2019-05-14,268.7408752441406,287.3900146484375,289.5299987792969,282.19000244140625,282.19000244140625,437300
2019-05-15,268.3763427734375,287.0,290.7900085449219,285.3900146484375,286.1000061035156,309400
2019-05-16,270.6485290527344,289.42999267578125,290.7200012207031,287.94000244140625,288.489990234375,267700
2019-05-17,273.2108154296875,292.1700134277344,293.0799865722656,287.30999755859375,287.9100036621094,470200
2019-05-20,274.5386047363281,293.5899963378906,294.5400085449219,290.57000732421875,290.57000732421875,242900
2019-05-21,273.0892333984375,292.0400085449219,299.0,290.2699890136719,293.8900146484375,341500
2019-05-22,273.510009765625,292.489990234375,294.8900146484375,290.5299987792969,292.6199951171875,295300
2019-05-23,272.6964416503906,291.6199951171875,294.239990234375,288.5,290.510009765625,319400
2019-05-24,269.6106262207031,288.32000732421875,294.92999267578125,287.79998779296875,292.2900085449219,376000
2019-05-28,262.8310241699219,281.07000732421875,291.2200012207031,280.3800048828125,288.32000732421875,2146300
2019-05-29,263.0648193359375,281.32000732421875,282.2799987792969,279.010009765625,280.0,355300
2019-05-30,265.53350830078125,283.9599914550781,288.8699951171875,280.92999267578125,282.1700134277344,213100
2019-05-31,278.4942321777344,297.82000732421875,298.4800109863281,282.9700012207031,282.9700012207031,530700
2019-06-03,275.12774658203125,294.2200012207031,298.5899963378906,291.5199890136719,297.6400146484375,425100
2019-06-04,279.7097473144531,299.1199951171875,299.4599914550781,287.739990234375,296.9100036621094,345000
2019-06-05,296.242431640625,316.79998779296875,316.9599914550781,296.1400146484375,300.5199890136719,480600
2019-06-06,305.6496887207031,326.8599853515625,327.3999938964844,314.79998779296875,316.79998779296875,447800
2019-06-07,312.8966979980469,334.6099853515625,341.5899963378906,327.1499938964844,327.1499938964844,631500
2019-06-10,317.8434143066406,339.8999938964844,341.3699951171875,333.2099914550781,333.2099914550781,420200
2019-06-11,312.3170471191406,333.989990234375,342.9800109863281,330.9100036621094,341.2099914550781,371800
2019-06-12,304.1723327636719,325.2799987792969,332.0,322.1300048828125,327.2799987792969,641800
2019-06-13,297.05609130859375,317.6700134277344,326.6400146484375,314.6499938964844,326.6400146484375,523600
2019-06-14,299.2815246582031,320.04998779296875,322.8900146484375,316.67999267578125,317.7900085449219,313700
2019-06-17,297.83221435546875,318.5,323.05999755859375,318.1000061035156,320.3900146484375,200100
2019-06-18,297.87884521484375,318.54998779296875,322.4700012207031,317.92999267578125,320.25,329600
2019-06-19,309.8857116699219,331.3900146484375,331.7200012207031,318.2900085449219,319.2900085449219,433300
2019-06-20,309.857666015625,331.3599853515625,336.9800109863281,328.1700134277344,333.2300109863281,388800
2019-06-21,311.4660949707031,333.0799865722656,337.3999938964844,329.42999267578125,330.1499938964844,319600
2019-06-24,311.4099426269531,333.0199890136719,335.55999755859375,331.4800109863281,332.44000244140625,240700
2019-06-25,298.3371276855469,319.0400085449219,329.0,317.4100036621094,325.42999267578125,702100
2019-06-26,292.3805236816406,312.6700134277344,322.1199951171875,312.5199890136719,320.4200134277344,537300
2019-06-27,295.8122863769531,316.3399963378906,320.760009765625,311.42999267578125,312.70001220703125,492100
2019-06-28,300.562744140625,321.4200134277344,324.3299865722656,315.44000244140625,318.2699890136719,7603200
2019-07-01,301.6474609375,322.5799865722656,324.8599853515625,318.0299987792969,322.3699951171875,490100
2019-07-02,309.41815185546875,330.8900146484375,332.0299987792969,320.4200134277344,323.510009765625,355000
2019-07-03,316.53436279296875,338.5,339.8500061035156,331.17999267578125,332.8800048828125,271500
2019-07-05,319.7137756347656,341.8999938964844,344.25,335.0199890136719,339.2699890136719,222600
2019-07-08,319.3396911621094,341.5,344.6099853515625,338.3500061035156,341.9700012207031,330200
2019-07-09,320.64886474609375,342.8999938964844,344.2200012207031,336.5899963378906,340.9100036621094,323700
2019-07-10,326.72705078125,349.3999938964844,352.07000732421875,343.95001220703125,343.95001220703125,364000
2019-07-11,331.524169921875,354.5299987792969,356.2799987792969,348.7699890136719,349.32000732421875,295500
2019-07-12,335.0308532714844,358.2799987792969,359.32000732421875,354.0799865722656,356.04998779296875,249500
2019-07-15,337.3778991699219,360.7900085449219,361.7799987792969,356.8900146484375,359.94000244140625,276000
2019-07-16,339.54736328125,363.1099853515625,364.32000732421875,360.6499938964844,361.5899963378906,308000
2019-07-17,344.14813232421875,368.0299987792969,368.95001220703125,362.2799987792969,364.04998779296875,254300
2019-07-18,348.60858154296875,372.79998779296875,373.3800048828125,366.44000244140625,368.32000732421875,255700
2019-07-19,343.2130126953125,367.0299987792969,373.9800109863281,366.3500061035156,373.9800109863281,248600
2019-07-22,346.43914794921875,370.4800109863281,372.42999267578125,366.5,368.7699890136719,259000
2019-07-23,343.9424133300781,367.80999755859375,372.95001220703125,365.4700012207031,372.95001220703125,301600
2019-07-24,312.5600891113281,334.25,356.8800048828125,331.0,354.80999755859375,1103300
2019-07-25,321.67742919921875,344.0,345.1600036621094,333.04998779296875,334.3800048828125,575700
2019-07-26,325.36181640625,347.94000244140625,348.6600036621094,344.0199890136719,345.92999267578125,483800
2019-07-29,315.0381774902344,336.8999938964844,346.7200012207031,336.6300048828125,346.7200012207031,453500
2019-07-30,314.24322509765625,336.04998779296875,340.7200012207031,334.3800048828125,335.95001220703125,260400
2019-07-31,315.1690979003906,337.0400085449219,343.5199890136719,336.0,336.0,210300
2019-08-01,318.21746826171875,340.29998779296875,342.6499938964844,335.95001220703125,339.29998779296875,318800
2019-08-02,318.5260925292969,340.6300048828125,343.1600036621094,338.4599914550781,341.0,436700
2019-08-05,319.3115539550781,341.4700012207031,348.0,333.8699951171875,337.8399963378906,387600
2019-08-06,322.94525146484375,344.8399963378906,346.7699890136719,341.80999755859375,343.5,307700
2019-08-07,326.7662658691406,348.9200134277344,351.9200134277344,338.29998779296875,341.45001220703125,233300
2019-08-08,329.98779296875,352.3599853515625,352.5199890136719,344.3500061035156,349.5299987792969,340800
2019-08-09,339.1562805175781,362.1499938964844,363.3999938964844,352.54998779296875,352.8500061035156,142600
2019-08-12,340.19573974609375,363.260009765625,368.239990234375,357.739990234375,360.17999267578125,257400
2019-08-13,343.7170104980469,367.0199890136719,367.8399963378906,360.4700012207031,363.2900085449219,264400
2019-08-14,334.01483154296875,356.6600036621094,368.6300048828125,356.260009765625,363.7900085449219,276500
2019-08-15,341.9376525878906,365.1199951171875,366.5,357.760009765625,357.92999267578125,174100
2019-08-16,342.9583740234375,366.2099914550781,368.8900146484375,361.5799865722656,367.9800109863281,239000
2019-08-19,345.487060546875,368.9100036621094,370.04998779296875,362.0,368.2799987792969,170100
2019-08-20,351.4994201660156,375.3299865722656,376.5400085449219,365.1199951171875,368.510009765625,239600
2019-08-21,364.5168762207031,389.2300109863281,389.510009765625,374.7699890136719,376.8299865722656,349400
2019-08-22,367.68218994140625,392.6099853515625,394.9200134277344,386.3800048828125,388.20001220703125,246600
2019-08-23,363.9455261230469,388.6199951171875,397.5,386.44000244140625,392.55999755859375,301700
2019-08-26,370.0235595703125,395.1099853515625,397.0899963378906,389.0,389.0299987792969,225900
2019-08-27,379.92236328125,405.67999267578125,406.45001220703125,397.510009765625,397.6099853515625,352100
2019-08-28,378.77978515625,404.4599914550781,408.3699951171875,401.0,406.17999267578125,285300
2019-08-29,367.34515380859375,392.25,408.1700134277344,384.5899963378906,408.1700134277344,494900
2019-08-30,372.3741455078125,397.6199951171875,399.1600036621094,392.1400146484375,395.79998779296875,269900
2019-09-03,376.5790100097656,402.1099853515625,407.92999267578125,398.2099914550781,398.8900146484375,284200
2019-09-04,382.6663513183594,408.6099853515625,408.9800109863281,401.1499938964844,404.4700012207031,214700
2019-09-05,385.8037109375,411.9599914550781,415.0,408.0,411.4700012207031,256100
2019-09-06,392.77130126953125,419.3999938964844,421.45001220703125,409.95001220703125,413.82000732421875,278900
2019-09-09,346.2174987792969,369.69000244140625,419.69000244140625,368.4800109863281,419.2900085449219,784000
2019-09-10,320.3418273925781,342.05999755859375,367.8999938964844,337.6000061035156,367.8999938964844,1125400
2019-09-11,319.7518005371094,341.42999267578125,353.9200134277344,336.8500061035156,342.2300109863281,550100
2019-09-12,323.2262878417969,345.1400146484375,351.82000732421875,336.4700012207031,344.7099914550781,313700
2019-09-13,309.319091796875,330.2900085449219,348.4700012207031,329.25,344.5799865722656,432000
2019-09-16,313.1213073730469,334.3500061035156,337.69000244140625,325.8599853515625,328.010009765625,323200
2019-09-17,320.7351379394531,342.4800109863281,348.1499938964844,336.5,336.5,469500
2019-09-18,322.1585693359375,344.0,348.30999755859375,339.4800109863281,343.82000732421875,457000
2019-09-19,320.9880065917969,342.75,347.57000732421875,340.8699951171875,344.0,437200
2019-09-20,316.70819091796875,338.17999267578125,347.69000244140625,336.05999755859375,343.5299987792969,1133900
2019-09-23,314.24517822265625,335.54998779296875,341.2300109863281,333.7099914550781,340.55999755859375,695300
2019-09-24,314.7602844238281,336.1000061035156,339.4100036621094,332.6600036621094,336.94000244140625,698700
2019-09-25,312.3345947265625,333.510009765625,338.1700134277344,327.5199890136719,336.19000244140625,320300
2019-09-26,310.9205322265625,332.0,336.80999755859375,330.3299865722656,333.8900146484375,267800
2019-09-27,304.0933532714844,324.7099914550781,337.010009765625,321.3699951171875,334.25,302900
2019-09-30,306.7062072753906,327.5,329.6600036621094,323.8699951171875,326.4200134277344,440300
2019-10-01,304.37432861328125,325.010009765625,327.7699890136719,319.2300109863281,325.57000732421875,447900
2019-10-02,298.4930114746094,318.7300109863281,325.8599853515625,317.94000244140625,319.7300109863281,282200
2019-10-03,315.471923828125,336.8599853515625,337.760009765625,319.760009765625,321.2799987792969,436600
2019-10-04,324.92138671875,346.95001220703125,347.8800048828125,336.1000061035156,336.1000061035156,304800
2019-10-07,325.70794677734375,347.7900085449219,349.6600036621094,341.6199951171875,346.8500061035156,233100
2019-10-08,324.65911865234375,346.6700134277344,349.05999755859375,340.7200012207031,346.4800109863281,199000
2019-10-09,332.7130126953125,355.2699890136719,356.05999755859375,347.3599853515625,347.3599853515625,235700
2019-10-10,336.29052734375,359.0899963378906,360.42999267578125,353.0400085449219,354.05999755859375,264400
2019-10-11,326.0825500488281,348.19000244140625,363.3699951171875,347.94000244140625,361.4100036621094,386300
2019-10-14,327.24383544921875,349.42999267578125,352.9100036621094,347.9100036621094,349.82000732421875,215700
2019-10-15,327.1408386230469,349.32000732421875,354.2200012207031,346.0,352.4800109863281,289600
2019-10-16,318.8058776855469,340.4200134277344,346.75,337.3900146484375,344.67999267578125,442800
2019-10-17,327.49664306640625,349.70001220703125,350.44000244140625,341.260009765625,344.0799865722656,440600
2019-10-18,330.47491455078125,352.8800048828125,355.55999755859375,349.20001220703125,350.7699890136719,366700
2019-10-21,330.9617919921875,353.3999938964844,353.95001220703125,345.739990234375,352.8399963378906,199900
2019-10-22,319.0213317871094,340.6499938964844,364.5299987792969,340.0899963378906,354.3699951171875,274600
2019-10-23,320.4541931152344,342.17999267578125,356.19000244140625,337.5199890136719,344.05999755859375,311700
2019-10-24,327.2719421386719,349.4599914550781,350.94000244140625,340.2099914550781,342.54998779296875,245300
2019-10-25,322.22418212890625,344.07000732421875,351.44000244140625,340.0799865722656,350.8800048828125,216500
2019-10-28,326.71942138671875,348.8699951171875,349.29998779296875,341.4800109863281,346.5299987792969,175600
2019-10-29,329.1730651855469,351.489990234375,355.69000244140625,349.3800048828125,349.3800048828125,168300
2019-10-30,336.3466796875,359.1499938964844,359.989990234375,350.05999755859375,352.44000244140625,205700
2019-10-31,345.1872863769531,368.5899963378906,368.9599914550781,358.04998779296875,359.2300109863281,332400
2019-11-01,342.89288330078125,366.1400146484375,372.8900146484375,362.5400085449219,371.92999267578125,255300
2019-11-04,335.64434814453125,358.3999938964844,368.5799865722656,357.510009765625,368.5299987792969,220200
2019-11-05,322.364501953125,343.7300109863281,357.6700134277344,337.7099914550781,357.1600036621094,268300
2019-11-06,326.1907958984375,347.80999755859375,349.42999267578125,343.5199890136719,343.5199890136719,175200
2019-11-07,327.86962890625,349.6000061035156,350.2099914550781,340.07000732421875,349.4800109863281,252400
2019-11-08,325.5718688964844,347.1499938964844,350.25,345.57000732421875,348.3599853515625,230700
2019-11-11,337.3793640136719,359.739990234375,363.7799987792969,346.6400146484375,346.6700134277344,178600
2019-11-12,343.1845397949219,365.92999267578125,367.92999267578125,358.3800048828125,359.80999755859375,228800
2019-11-13,351.0906677246094,374.3599853515625,376.0199890136719,365.4700012207031,365.489990234375,170000
2019-11-14,355.6485595703125,379.2200012207031,380.55999755859375,372.42999267578125,374.0,185200
2019-11-15,357.37408447265625,381.05999755859375,381.07000732421875,376.6099853515625,380.1600036621094,203900
2019-11-18,365.3082580566406,389.5199890136719,389.989990234375,377.2300109863281,377.2300109863281,171700
2019-11-19,375.29632568359375,400.1700134277344,401.4599914550781,387.2900085449219,389.1400146484375,371000
2019-11-20,379.34771728515625,404.489990234375,411.8699951171875,401.9800109863281,402.3599853515625,432400
2019-11-21,369.4066162109375,393.8900146484375,406.1700134277344,393.7799987792969,406.0400085449219,250300
2019-11-22,367.9435729980469,392.3299865722656,397.8900146484375,388.989990234375,397.5299987792969,213000
2019-11-25,372.4921569824219,397.17999267578125,399.5199890136719,393.0,393.1000061035156,221000
2019-11-26,376.9187316894531,401.8999938964844,406.6099853515625,399.0299987792969,399.4100036621094,264600
2019-11-27,381.1671447753906,406.42999267578125,407.1099853515625,398.30999755859375,403.32000732421875,179400
2019-11-29,378.7194519042969,403.82000732421875,407.29998779296875,402.4599914550781,403.07000732421875,85000
2019-12-02,374.1708679199219,398.9700012207031,406.3500061035156,397.04998779296875,402.54998779296875,313900
2019-12-03,372.9516906738281,397.6700134277344,401.0,394.45001220703125,397.2300109863281,292900
2019-12-04,369.50042724609375,393.989990234375,398.92999267578125,392.4200134277344,396.70001220703125,300900
2019-12-05,357.4866943359375,381.17999267578125,394.80999755859375,380.6099853515625,394.80999755859375,365700
2019-12-06,352.5349426269531,375.8999938964844,382.92999267578125,373.3999938964844,381.010009765625,303700
2019-12-09,344.2068176269531,367.0199890136719,382.7300109863281,366.05999755859375,376.989990234375,329200
2019-12-10,347.0015869140625,370.0,371.0,366.6499938964844,368.1199951171875,247300
2019-12-11,353.3883361816406,376.80999755859375,376.8599853515625,368.2099914550781,372.239990234375,239800
2019-12-12,346.4951171875,369.4599914550781,378.2200012207031,365.69000244140625,374.3500061035156,296200
2019-12-13,350.64984130859375,373.8900146484375,375.0199890136719,366.1300048828125,367.760009765625,229600
2019-12-16,351.4001159667969,374.69000244140625,381.2900085449219,372.19000244140625,374.6400146484375,586600
2019-12-17,350.32159423828125,373.5400085449219,375.0899963378906,371.0899963378906,375.0,463900
2019-12-18,346.9078063964844,369.8999938964844,374.8999938964844,369.6099853515625,372.6099853515625,377200
2019-12-19,354.10107421875,377.57000732421875,379.6400146484375,372.5,372.6499938964844,484300
2019-12-20,352.92877197265625,376.32000732421875,379.42999267578125,375.3800048828125,378.5,659500
2019-12-23,348.2770080566406,371.3599853515625,378.3900146484375,371.1099853515625,376.32000732421875,171000
2019-12-24,350.8280029296875,374.0799865722656,375.5,367.20001220703125,371.92999267578125,68700
2019-12-26,352.7223815917969,376.1000061035156,377.5299987792969,373.80999755859375,373.82000732421875,119500
2019-12-27,351.6908264160156,375.0,379.1000061035156,374.29998779296875,378.5400085449219,336800
2019-12-30,351.22186279296875,374.5,376.239990234375,371.80999755859375,375.1099853515625,148900
2019-12-31,355.5453186035156,379.1099853515625,379.94000244140625,371.9700012207031,374.4800109863281,179100
2020-01-02,356.614501953125,380.25,381.0400085449219,376.9599914550781,380.260009765625,226200
2020-01-03,356.42694091796875,380.04998779296875,381.260009765625,377.4599914550781,377.94000244140625,192900
2020-01-06,350.8280029296875,374.0799865722656,379.70001220703125,366.8599853515625,379.70001220703125,329000
2020-01-07,351.92529296875,375.25,378.82000732421875,370.489990234375,372.5400085449219,178600
2020-01-08,341.65594482421875,364.29998779296875,376.3800048828125,363.67999267578125,375.05999755859375,383100
2020-01-09,348.5959777832031,371.70001220703125,377.239990234375,366.42999267578125,366.42999267578125,414100
2020-01-10,340.5024108886719,363.07000732421875,372.4200134277344,362.45001220703125,371.70001220703125,238500
2020-01-13,345.68853759765625,368.6000061035156,370.54998779296875,361.42999267578125,361.7900085449219,256400
2020-01-14,343.8222351074219,366.6099853515625,370.6499938964844,364.6099853515625,369.69000244140625,203500
2020-01-15,345.2197265625,368.1000061035156,371.4800109863281,363.7699890136719,365.75,208200
2020-01-16,347.01104736328125,370.010009765625,374.6499938964844,368.2300109863281,368.9100036621094,259100
2020-01-17,346.12005615234375,369.05999755859375,376.7799987792969,368.25,370.45001220703125,270000
2020-01-21,347.6487121582031,370.69000244140625,373.6099853515625,368.2799987792969,368.2799987792969,278500
2020-01-22,347.3954772949219,370.4200134277344,374.7900085449219,369.510009765625,373.04998779296875,173800
2020-01-23,344.45062255859375,367.2799987792969,370.42999267578125,364.8800048828125,369.57000732421875,274500
2020-01-24,336.9385070800781,359.2699890136719,369.44000244140625,357.1600036621094,366.8399963378906,245800
2020-01-27,335.6161193847656,357.8599853515625,363.0899963378906,350.6499938964844,355.0799865722656,212700
2020-01-28,337.50128173828125,359.8699951171875,362.69000244140625,356.3500061035156,360.239990234375,284800
2020-01-29,330.1578674316406,352.0400085449219,364.0199890136719,346.6099853515625,362.1700134277344,516900
2020-01-30,335.8974914550781,358.1600036621094,360.5299987792969,350.0,350.0299987792969,245900
2020-01-31,332.1649169921875,354.17999267578125,359.8299865722656,353.2300109863281,356.42999267578125,257000
2020-02-03,333.40289306640625,355.5,359.8500061035156,352.92999267578125,359.8500061035156,212700
2020-02-04,332.9340515136719,355.0,366.1000061035156,354.2799987792969,357.9599914550781,323800
2020-02-05,320.6013488769531,341.8500061035156,362.0,335.9100036621094,355.8999938964844,415300
2020-02-06,324.1839294433594,345.6700134277344,345.8699951171875,339.6300048828125,342.7099914550781,271600
2020-02-07,322.8896789550781,344.2900085449219,349.0899963378906,342.75,345.3399963378906,210900
2020-02-10,320.0386047363281,341.25,342.5,334.5799865722656,342.010009765625,270000
2020-02-11,321.57000732421875,342.2799987792969,346.2699890136719,340.0,340.7699890136719,170100
2020-02-12,315.2002258300781,335.5,344.2300109863281,333.1300048828125,342.55999755859375,277900
2020-02-13,317.6899108886719,338.1499938964844,340.69000244140625,332.4599914550781,332.6199951171875,264000
2020-02-14,324.773681640625,345.69000244140625,346.260009765625,338.739990234375,339.0,288600
2020-02-18,326.17352294921875,347.17999267578125,350.9100036621094,343.19000244140625,346.07000732421875,289500
2020-02-19,321.00628662109375,341.67999267578125,349.0799865722656,341.42999267578125,348.1600036621094,265700
2020-02-20,323.7496032714844,344.6000061035156,347.8699951171875,336.1099853515625,341.45001220703125,336500
2020-02-21,319.5124816894531,340.0899963378906,346.489990234375,337.3999938964844,342.8299865722656,342300
2020-02-24,321.2223815917969,341.9100036621094,346.0199890136719,332.2200012207031,333.42999267578125,286100
2020-02-25,311.1603698730469,331.20001220703125,345.8599853515625,328.6300048828125,342.739990234375,283700
2020-02-26,317.81201171875,338.2799987792969,342.1199951171875,330.6600036621094,332.07000732421875,307900
2020-02-27,313.1708984375,333.3399963378906,341.5199890136719,332.19000244140625,332.6600036621094,408400
2020-02-28,304.7060241699219,324.3299865722656,336.6700134277344,314.010009765625,329.6700134277344,532900
2020-03-02,327.5263977050781,348.6199951171875,349.92999267578125,321.29998779296875,324.9200134277344,386200
2020-03-03,330.3072814941406,351.5799865722656,365.82000732421875,337.9700012207031,346.8999938964844,478800
2020-03-04,350.9573974609375,373.55999755859375,375.42999267578125,351.1600036621094,356.1700134277344,430900
2020-03-05,354.6871643066406,377.5299987792969,388.7300109863281,366.6199951171875,367.3999938964844,489100
2020-03-06,340.4350891113281,362.3599853515625,372.8900146484375,348.5199890136719,368.9100036621094,401800
2020-03-09,330.9931335449219,352.30999755859375,366.1499938964844,342.8500061035156,342.8500061035156,407600
2020-03-10,335.5495910644531,357.1600036621094,367.29998779296875,345.69000244140625,356.30999755859375,399900
2020-03-11,313.46221923828125,333.6499938964844,357.8699951171875,329.3399963378906,356.1700134277344,333500
2020-03-12,295.6869812011719,314.7300109863281,334.1499938964844,307.32000732421875,318.6700134277344,498300
2020-03-13,322.312255859375,343.07000732421875,346.6099853515625,318.0,320.5899963378906,560700
2020-03-16,292.4551086425781,311.2900085449219,333.0199890136719,286.9700012207031,317.3500061035156,446700
2020-03-17,312.8515625,333.0,352.7099914550781,317.9100036621094,318.0400085449219,482300
2020-03-18,286.8839416503906,305.3599853515625,321.8699951171875,290.1300048828125,300.0,493200
2020-03-19,297.0022277832031,316.1300048828125,323.2900085449219,288.010009765625,303.55999755859375,334700
2020-03-20,291.8349609375,310.6300048828125,326.1099853515625,298.7300109863281,310.6099853515625,441800
2020-03-23,264.28912353515625,281.30999755859375,310.0,275.5,309.9100036621094,535200
2020-03-24,306.9514465332031,326.7200012207031,334.5199890136719,283.010009765625,293.7900085449219,543300
2020-03-25,310.32421875,330.30999755859375,349.95001220703125,323.57000732421875,323.57000732421875,366800
2020-03-26,331.444091796875,352.7900085449219,354.9599914550781,331.5899963378906,339.1400146484375,328800
2020-03-27,322.03973388671875,342.7799987792969,354.55999755859375,332.2699890136719,342.70001220703125,291100
2020-03-30,330.06298828125,351.32000732421875,354.55999755859375,335.57000732421875,353.6199951171875,245800
2020-03-31,312.4475402832031,332.57000732421875,349.6000061035156,328.0299987792969,347.1400146484375,526400
2020-04-01,313.7815246582031,333.989990234375,338.6600036621094,316.1499938964844,320.4100036621094,270800
2020-04-02,326.27691650390625,347.2900085449219,348.05999755859375,324.0899963378906,325.0400085449219,283000
2020-04-03,363.83782958984375,387.2699890136719,389.1400146484375,343.3500061035156,343.3500061035156,452400
2020-04-06,374.8862609863281,399.0299987792969,402.9700012207031,382.19000244140625,394.17999267578125,399600
2020-04-07,358.4169921875,381.5,404.2699890136719,376.7799987792969,400.54998779296875,365700
2020-04-08,371.6826477050781,395.6199951171875,397.29998779296875,378.0199890136719,388.0400085449219,262200
2020-04-09,378.9448547363281,403.3500061035156,405.2900085449219,397.489990234375,399.29998779296875,221100
2020-04-13,362.4474182128906,385.7900085449219,402.010009765625,380.2799987792969,400.0,234800
2020-04-14,373.6461181640625,397.7099914550781,404.42999267578125,391.739990234375,397.739990234375,323300
2020-04-15,388.19891357421875,413.20001220703125,417.2900085449219,393.989990234375,396.29998779296875,328000
2020-04-16,410.0891418457031,436.5,439.2200012207031,417.0400085449219,419.510009765625,387200
2020-04-17,403.7757873535156,429.7799987792969,449.94000244140625,427.6199951171875,447.510009765625,271800
2020-04-20,404.5179443359375,430.57000732421875,435.2900085449219,425.0199890136719,428.7300109863281,257000
2020-04-21,385.6529235839844,410.489990234375,431.8999938964844,407.9700012207031,430.760009765625,230600
2020-04-22,398.5709228515625,424.239990234375,431.260009765625,410.760009765625,417.2099914550781,208600
2020-04-23,392.5018310546875,417.7799987792969,426.30999755859375,415.55999755859375,424.1199951171875,186600
2020-04-24,395.5457458496094,421.0199890136719,424.69000244140625,416.0400085449219,421.2799987792969,241900
2020-04-27,414.87115478515625,441.5899963378906,443.510009765625,425.0199890136719,431.2099914550781,187700
2020-04-28,414.72088623046875,441.42999267578125,452.7799987792969,433.0,443.2300109863281,268300
2020-04-29,429.07623291015625,456.7099914550781,463.57000732421875,436.8699951171875,441.1199951171875,357200
2020-04-30,427.4791259765625,455.010009765625,465.8999938964844,450.3900146484375,450.3900146484375,404100
2020-05-01,422.5750427246094,449.7900085449219,460.0,446.45001220703125,451.2300109863281,271700
2020-05-04,429.41455078125,457.07000732421875,459.8800048828125,447.010009765625,450.2099914550781,238600
2020-05-05,454.019775390625,483.260009765625,488.2200012207031,450.0,450.0199890136719,284900
2020-05-06,442.8305358886719,471.3500061035156,491.9200134277344,470.6600036621094,491.9200134277344,291100
2020-05-07,451.6617431640625,480.75,491.25,477.70001220703125,483.5299987792969,304600
2020-05-08,455.0157165527344,484.32000732421875,490.80999755859375,475.8399963378906,482.0,298500
2020-05-11,474.4914855957031,505.04998779296875,517.9299926757812,486.45001220703125,486.45001220703125,336600
2020-05-12,468.17047119140625,497.7300109863281,516.9600219726562,497.3699951171875,514.1300048828125,301500
2020-05-13,474.7642517089844,504.739990234375,512.4299926757812,493.1600036621094,496.44000244140625,334000
2020-05-14,464.28582763671875,493.6000061035156,505.7300109863281,483.57000732421875,499.95001220703125,382600
2020-05-15,459.0653381347656,488.04998779296875,503.1600036621094,486.6099853515625,497.5400085449219,735700
2020-05-18,463.4016418457031,492.6600036621094,500.989990234375,490.32000732421875,500.989990234375,317700
2020-05-19,450.1389465332031,478.55999755859375,497.75,475.0199890136719,491.0,265700
2020-05-20,449.5464172363281,477.92999267578125,486.8999938964844,473.5899963378906,480.5199890136719,296100
2020-05-21,444.84332275390625,472.92999267578125,476.510009765625,469.1199951171875,475.70001220703125,404300
2020-05-22,453.6757507324219,482.32000732421875,484.989990234375,466.8599853515625,472.5400085449219,196500
2020-05-26,442.567138671875,470.510009765625,487.6700134277344,467.54998779296875,480.29998779296875,312700
2020-05-27,440.45074462890625,468.260009765625,478.05999755859375,453.05999755859375,467.1499938964844,335200
2020-05-28,454.79510498046875,483.510009765625,494.5199890136719,474.4800109863281,475.57000732421875,307500
2020-05-29,478.3855285644531,508.5899963378906,511.95001220703125,485.5,489.0,577300
2020-06-01,488.91107177734375,519.780029296875,526.97998046875,504.0899963378906,508.5799865722656,418900
2020-06-02,485.31787109375,515.9600219726562,525.260009765625,510.2200012207031,521.9600219726562,248800
2020-06-03,490.162109375,521.1099853515625,521.1099853515625,509.8500061035156,518.489990234375,193900
2020-06-04,469.4027404785156,499.0400085449219,520.8800048828125,490.1099853515625,511.79998779296875,236800
2020-06-05,464.5680236816406,493.8999938964844,503.92999267578125,487.8500061035156,494.739990234375,307900
2020-06-08,459.3664855957031,488.3699951171875,491.3800048828125,478.0299987792969,487.0799865722656,266300
2020-06-09,470.2399597167969,499.92999267578125,506.8599853515625,488.2300109863281,497.4200134277344,240100
2020-06-10,476.8805847167969,506.989990234375,510.7300109863281,494.45001220703125,497.739990234375,235600
2020-06-11,453.4311218261719,482.05999755859375,509.07000732421875,481.5,509.07000732421875,243700
2020-06-12,463.5239562988281,492.7900085449219,496.7200012207031,482.5799865722656,486.55999755859375,187700
2020-06-15,471.3686218261719,501.1300048828125,502.2799987792969,485.8999938964844,488.3299865722656,165800
2020-06-16,469.35577392578125,498.989990234375,506.57000732421875,490.55999755859375,504.6000061035156,145900
2020-06-17,478.76177978515625,508.989990234375,515.8400268554688,501.8399963378906,503.0,190700
2020-06-18,471.1146240234375,500.8599853515625,506.82000732421875,497.5,503.9700012207031,183200
2020-06-19,489.38134765625,520.280029296875,523.0900268554688,501.3900146484375,511.30999755859375,461100
2020-06-22,488.24322509765625,519.0700073242188,524.97998046875,512.8499755859375,521.7100219726562,225000
2020-06-23,488.66644287109375,519.52001953125,527.1300048828125,517.1799926757812,522.22998046875,176400
2020-06-24,475.1875,505.19000244140625,522.469970703125,503.4200134277344,519.1500244140625,215700
2020-06-25,477.2286071777344,507.3599853515625,513.52001953125,497.1499938964844,505.510009765625,233200
2020-06-26,460.73968505859375,489.8299865722656,510.0,485.0400085449219,505.6000061035156,534400
2020-06-29,468.99822998046875,498.6099853515625,500.9599914550781,486.0899963378906,493.4200134277344,186000
2020-06-30,471.1709899902344,500.9200134277344,506.7200012207031,493.7699890136719,506.7200012207031,321500
2020-07-01,475.9588623046875,506.010009765625,509.9800109863281,493.6000061035156,500.1600036621094,295100
2020-07-02,472.07403564453125,501.8800048828125,512.8800048828125,500.4700012207031,512.8800048828125,196000
2020-07-06,489.8609313964844,520.7899780273438,531.4299926757812,509.19000244140625,509.3599853515625,235700
2020-07-07,501.4963684082031,533.1599731445312,537.8800048828125,516.7000122070312,517.469970703125,211900
2020-07-08,512.0875854492188,544.4199829101562,546.030029296875,537.0499877929688,539.3499755859375,216000
2020-07-09,516.0287475585938,548.6099853515625,561.6799926757812,544.0,547.0399780273438,132800
2020-07-10,505.3245849609375,537.22998046875,549.989990234375,535.7100219726562,547.5,170600
2020-07-13,486.832275390625,517.5700073242188,542.8499755859375,515.1799926757812,541.3200073242188,230600
2020-07-14,491.2060546875,522.219970703125,522.510009765625,506.3599853515625,517.5999755859375,241000
2020-07-15,500.2734375,531.8599853515625,535.2999877929688,520.030029296875,525.8400268554688,190600
2020-07-16,499.2388610839844,530.760009765625,539.9400024414062,525.719970703125,528.3499755859375,161900
2020-07-17,500.9131774902344,532.5399780273438,536.260009765625,529.9500122070312,535.260009765625,163700
2020-07-20,502.33349609375,534.0499877929688,540.3300170898438,532.6699829101562,534.6599731445312,440600
2020-07-21,501.76910400390625,533.4500122070312,536.0499877929688,531.3900146484375,534.0800170898438,287200
2020-07-22,495.8056640625,527.1099853515625,536.8200073242188,510.0,510.0,334200
2020-07-23,478.9405822753906,509.17999267578125,532.0499877929688,506.8299865722656,531.1099853515625,243800
2020-07-24,475.7706604003906,505.80999755859375,512.0,501.0199890136719,508.75,202900
2020-07-27,490.05853271484375,521.0,522.0399780273438,509.2300109863281,509.3399963378906,168200
2020-07-28,479.3355712890625,509.6000061035156,518.02001953125,502.67999267578125,517.8599853515625,147400
2020-07-29,486.6629638671875,517.3900146484375,518.97998046875,510.82000732421875,510.82000732421875,99500
2020-07-30,485.87274169921875,516.5499877929688,517.77001953125,505.32000732421875,510.17999267578125,141200
2020-07-31,486.013916015625,516.7000122070312,519.0,505.55999755859375,518.0800170898438,119100
2020-08-03,481.3014831542969,511.69000244140625,525.9600219726562,510.5799865722656,520.5900268554688,153000
2020-08-04,479.02252197265625,508.6700134277344,512.5999755859375,502.6099853515625,507.4100036621094,209300
2020-08-05,480.3597412109375,510.0899963378906,511.0199890136719,502.3500061035156,504.8399963378906,120600
2020-08-06,474.2951354980469,503.6499938964844,508.9200134277344,501.17999267578125,505.4800109863281,108700
2020-08-07,478.57989501953125,508.20001220703125,510.6000061035156,500.70001220703125,500.70001220703125,205400
2020-08-10,454.5378723144531,482.6700134277344,508.8800048828125,480.57000732421875,508.8800048828125,276500
2020-08-11,454.65087890625,482.7900085449219,488.6300048828125,471.0899963378906,483.3800048828125,198800
2020-08-12,463.8326416015625,492.5400085449219,495.55999755859375,482.0199890136719,482.0199890136719,166100
2020-08-13,467.8066711425781,496.760009765625,498.05999755859375,483.70001220703125,491.7799987792969,126200
2020-08-14,467.56182861328125,496.5,502.8500061035156,494.57000732421875,501.760009765625,106600
2020-08-17,471.4134216308594,500.5899963378906,502.5799865722656,494.7300109863281,495.20001220703125,212600
2020-08-18,469.9443664550781,499.0299987792969,502.0,497.79998779296875,500.5199890136719,108500
2020-08-19,463.21112060546875,491.8800048828125,506.9100036621094,491.1700134277344,505.7799987792969,156000
2020-08-20,472.14794921875,501.3699951171875,504.5,493.0199890136719,493.8599853515625,180000
2020-08-21,470.7071838378906,499.8399963378906,504.70001220703125,498.94000244140625,504.04998779296875,155200
2020-08-24,460.9510192871094,489.4800109863281,501.1199951171875,486.75,499.8599853515625,113100
2020-08-25,456.2518615722656,484.489990234375,487.0299987792969,479.5,486.45001220703125,132600
2020-08-26,470.3022766113281,499.4100036621094,505.0,484.4200134277344,487.2799987792969,182500
2020-08-27,467.2792663574219,496.20001220703125,506.7699890136719,494.3800048828125,495.29998779296875,132800
2020-08-28,456.1388244628906,484.3699951171875,501.6000061035156,482.989990234375,501.6000061035156,158500
2020-08-31,457.6173400878906,485.94000244140625,492.0199890136719,484.3800048828125,484.6400146484375,278300
2020-09-01,461.83624267578125,490.4200134277344,491.07000732421875,486.45001220703125,489.510009765625,144500
2020-09-02,465.2923583984375,494.0899963378906,499.20001220703125,487.5299987792969,489.44000244140625,234300
2020-09-03,443.76470947265625,471.2300109863281,489.6099853515625,467.6000061035156,489.2300109863281,211200
2020-09-04,427.9626159667969,454.45001220703125,470.1099853515625,451.0199890136719,469.0899963378906,247900
2020-09-08,423.4142150878906,449.6199951171875,455.0,441.1199951171875,449.3399963378906,357800
2020-09-09,431.9367370605469,458.6700134277344,463.75,450.4100036621094,457.17999267578125,209900
2020-09-10,425.2128601074219,451.5299987792969,467.6400146484375,450.67999267578125,462.0799865722656,191700
2020-09-11,426.66302490234375,453.07000732421875,459.79998779296875,448.57000732421875,455.0799865722656,166800
2020-09-14,434.931396484375,461.8500061035156,465.4100036621094,457.8900146484375,457.92999267578125,267900
2020-09-15,437.0125732421875,464.05999755859375,465.5299987792969,461.6400146484375,463.9100036621094,188500
2020-09-16,434.997314453125,461.9200134277344,472.7099914550781,461.3599853515625,468.8500061035156,175800
2020-09-17,421.4083557128906,447.489990234375,458.0299987792969,444.2200012207031,458.0299987792969,260900
2020-09-18,413.0929870605469,438.6600036621094,449.3999938964844,437.8900146484375,446.8399963378906,381900
2020-09-21,417.1800537109375,443.0,443.7099914550781,434.3299865722656,434.3299865722656,296500
2020-09-22,420.8998718261719,446.95001220703125,447.0799865722656,437.07000732421875,442.7699890136719,248900
2020-09-23,423.2635192871094,449.4599914550781,458.3900146484375,447.29998779296875,449.8399963378906,209000
2020-09-24,425.7685241699219,452.1199951171875,463.5899963378906,447.8399963378906,448.2300109863281,202300
2020-09-25,437.991943359375,465.1000061035156,465.6600036621094,450.69000244140625,450.69000244140625,152700
2020-09-28,448.3038024902344,476.04998779296875,478.1300048828125,464.760009765625,467.17999267578125,242300
2020-09-29,457.1369934082031,485.42999267578125,491.17999267578125,473.07000732421875,473.70001220703125,328300
2020-09-30,453.5209045410156,481.5899963378906,492.5899963378906,477.9100036621094,487.5199890136719,270400
2020-10-01,454.82037353515625,482.9700012207031,487.7799987792969,480.4100036621094,483.9100036621094,171900
2020-10-02,454.3965759277344,482.5199890136719,489.989990234375,472.6000061035156,477.9700012207031,168700
2020-10-05,468.29632568359375,497.2799987792969,498.07000732421875,486.7200012207031,488.8699951171875,198700
2020-10-06,469.5205993652344,498.5799865722656,501.4100036621094,492.4200134277344,499.57000732421875,195800
2020-10-07,480.4915771484375,510.2300109863281,512.9299926757812,504.8599853515625,505.0,248900
2020-10-08,488.20416259765625,518.4199829101562,519.4099731445312,511.6700134277344,513.010009765625,124300
2020-10-09,491.6227111816406,522.0499877929688,524.25,519.3800048828125,519.8599853515625,110800
2020-10-12,501.2093505859375,532.22998046875,536.3499755859375,523.1500244140625,525.27001953125,195700
2020-10-13,508.61126708984375,540.0900268554688,542.3599853515625,534.0700073242188,534.0700073242188,204500
2020-10-14,504.2227478027344,535.4299926757812,546.25,534.27001953125,541.0,143500
2020-10-15,508.97845458984375,540.47998046875,544.1099853515625,528.6300048828125,530.969970703125,174800
2020-10-16,506.7089538574219,538.0700073242188,547.6500244140625,535.4500122070312,543.3599853515625,188300
2020-10-19,507.82958984375,539.260009765625,549.5,537.3200073242188,541.510009765625,157300
2020-10-20,517.9342651367188,549.989990234375,558.3200073242188,541.1699829101562,543.010009765625,231200
2020-10-21,525.552734375,558.0800170898438,570.1699829101562,553.5700073242188,555.7899780273438,176400
2020-10-22,534.3012084960938,567.3699951171875,572.4500122070312,558.6099853515625,562.6699829101562,221700
2020-10-23,526.334228515625,558.9099731445312,568.469970703125,553.3800048828125,567.0,173800
2020-10-26,515.410400390625,547.3099975585938,559.010009765625,541.6699829101562,558.25,196700
2020-10-27,539.6031494140625,573.0,575.5999755859375,539.8699951171875,544.969970703125,294600
2020-10-28,524.554443359375,557.02001953125,567.760009765625,548.9400024414062,567.760009765625,298200
2020-10-29,523.4620361328125,555.8599853515625,564.3900146484375,550.27001953125,556.760009765625,208100
2020-10-30,507.4434509277344,538.8499755859375,556.3099975585938,532.5999755859375,550.3400268554688,309600
2020-11-02,507.386962890625,538.7899780273438,552.77001953125,533.5700073242188,544.4099731445312,306700
2020-11-03,508.234619140625,539.6900024414062,545.7999877929688,535.4099731445312,542.9500122070312,230200
2020-11-04,546.1197509765625,579.9199829101562,585.1799926757812,545.0900268554688,549.27001953125,243000
2020-11-05,547.2969970703125,581.1699829101562,602.77001953125,580.6599731445312,586.9099731445312,276600
2020-11-06,545.4228515625,579.1799926757812,592.4400024414062,567.2999877929688,580.9199829101562,145000
2020-11-09,504.189453125,534.8400268554688,606.4500122070312,534.0499877929688,604.6099853515625,353800
2020-11-10,494.9510803222656,525.0399780273438,529.9199829101562,506.4599914550781,526.0999755859375,324200
2020-11-11,513.682373046875,544.9099731445312,547.1199951171875,525.0499877929688,536.3200073242188,243300
2020-11-12,504.1612854003906,534.8099975585938,550.4299926757812,531.8200073242188,550.260009765625,163500
2020-11-13,492.9620361328125,522.9299926757812,541.4299926757812,519.7100219726562,539.7000122070312,225700
2020-11-16,492.0759582519531,521.989990234375,528.3900146484375,502.6499938964844,528.3900146484375,259400
2020-11-17,484.62872314453125,514.0900268554688,522.97998046875,509.0299987792969,522.97998046875,250000
2020-11-18,482.903564453125,512.260009765625,520.8099975585938,506.1199951171875,515.260009765625,251700
2020-11-19,503.6050109863281,534.219970703125,539.0399780273438,511.75,517.77001953125,413200
2020-11-20,514.8418579101562,546.1400146484375,548.27001953125,525.0700073242188,528.1500244140625,347700
2020-11-23,490.1151123046875,519.9099731445312,551.3300170898438,518.02001953125,551.1699829101562,194700
2020-11-24,488.74822998046875,518.4600219726562,534.989990234375,515.5700073242188,522.1599731445312,311000
2020-11-25,484.873779296875,514.3499755859375,523.4299926757812,507.1000061035156,518.4600219726562,280000
2020-11-27,503.2939758300781,533.8900146484375,534.969970703125,515.0399780273438,515.0399780273438,136600
2020-11-30,508.2808837890625,539.1799926757812,541.5399780273438,526.0399780273438,530.8400268554688,330500
2020-12-01,515.2850341796875,546.6099853515625,549.3499755859375,538.4600219726562,547.7899780273438,268800
2020-12-02,509.7891540527344,540.780029296875,548.5,535.9199829101562,545.5700073242188,370600
2020-12-03,523.7881469726562,555.6300048828125,562.8699951171875,541.3200073242188,545.3499755859375,489700
2020-12-04,508.27130126953125,539.1699829101562,573.8400268554688,535.97998046875,558.5,480400
2020-12-07,537.2780151367188,569.9400024414062,571.0499877929688,539.3300170898438,539.3300170898438,543900
2020-12-08,533.5733032226562,566.010009765625,569.280029296875,560.6699829101562,566.1300048828125,610100
2020-12-09,532.3099975585938,564.6699829101562,569.1300048828125,557.25,562.3499755859375,290800
2020-12-10,519.9702758789062,551.5800170898438,566.72998046875,545.5800170898438,562.489990234375,247100
2020-12-11,516.2841796875,547.6699829101562,561.6500244140625,538.0499877929688,551.25,273500
2020-12-14,519.5648803710938,551.1500244140625,574.7999877929688,549.780029296875,553.6099853515625,412900
2020-12-15,522.0534057617188,553.7899780273438,556.8300170898438,545.260009765625,552.8499755859375,287200
2020-12-16,528.3790893554688,560.5,563.2000122070312,551.2100219726562,557.030029296875,314800
2020-12-17,544.2632446289062,577.3499755859375,578.9400024414062,562.9299926757812,563.52001953125,253200
2020-12-18,545.7057495117188,578.8800048828125,580.6599731445312,571.5900268554688,579.6199951171875,463000
2020-12-21,545.2908935546875,578.4400024414062,579.4000244140625,560.25,575.6400146484375,400800
2020-12-22,556.4900512695312,590.3200073242188,590.780029296875,578.1199951171875,580.1500244140625,318200
2020-12-23,540.13427734375,572.969970703125,601.4199829101562,571.8200073242188,594.489990234375,179200
2020-12-24,540.2381591796875,573.0800170898438,582.6799926757812,567.8599853515625,576.47998046875,148100
2020-12-28,533.3469848632812,565.77001953125,579.8900146484375,559.1699829101562,579.8900146484375,217400
2020-12-29,532.4231567382812,564.7899780273438,571.52001953125,560.3200073242188,570.0,144100
2020-12-30,530.0475463867188,562.27001953125,573.1300048828125,560.3599853515625,568.0,197300
2020-12-31,537.8624267578125,570.5599975585938,572.1099853515625,558.8300170898438,563.4099731445312,215100
2021-01-04,530.5282592773438,562.780029296875,583.7999877929688,559.0700073242188,575.3900146484375,281000
2021-01-05,522.4871826171875,554.25,565.1500244140625,545.2999877929688,562.8400268554688,232300
2021-01-06,513.8425903320312,545.0800170898438,553.8800048828125,535.9299926757812,545.6699829101562,370000
2021-01-07,517.7360229492188,549.2100219726562,557.989990234375,540.4600219726562,543.739990234375,249700
2021-01-08,520.4509887695312,552.0900268554688,560.5800170898438,546.75,549.8599853515625,174700
2021-01-11,512.560546875,543.719970703125,549.8099975585938,541.4000244140625,548.77001953125,166500
2021-01-12,498.3825378417969,528.6799926757812,545.5900268554688,524.77001953125,540.5999755859375,385200
2021-01-13,505.5846252441406,536.3200073242188,537.9299926757812,520.9600219726562,528.1799926757812,244100
2021-01-14,482.73388671875,512.0800170898438,536.0999755859375,510.4200134277344,536.0999755859375,270500
2021-01-15,493.028076171875,523.0,529.8200073242188,510.010009765625,512.530029296875,422800
2021-01-19,486.3255310058594,515.8900146484375,533.510009765625,509.17999267578125,533.510009765625,419700
2021-01-20,487.72064208984375,517.3699951171875,518.5,507.989990234375,515.9600219726562,287400
2021-01-21,484.66632080078125,514.1300048828125,519.3400268554688,509.1099853515625,519.3400268554688,220500
2021-01-22,480.4902648925781,509.70001220703125,519.469970703125,509.0299987792969,516.97998046875,323400
2021-01-25,480.16021728515625,509.3500061035156,516.1400146484375,502.17999267578125,510.54998779296875,286800
2021-01-26,480.59393310546875,509.80999755859375,513.0,503.25,509.8999938964844,352100
2021-01-27,503.8030700683594,534.4299926757812,537.9199829101562,501.0,509.55999755859375,702900
2021-01-28,505.801513671875,536.5499877929688,545.97998046875,530.0,530.0,422500
2021-01-29,509.7701110839844,540.760009765625,542.6900024414062,527.3400268554688,532.719970703125,306700
2021-02-01,536.137451171875,568.72998046875,575.3800048828125,544.969970703125,549.5499877929688,368500
2021-02-02,546.865234375,580.1099853515625,589.25,568.0,568.0,292500
2021-02-03,531.499267578125,563.8099975585938,587.8900146484375,562.2100219726562,580.5700073242188,265400
2021-02-04,533.7523193359375,566.2000122070312,572.8400268554688,558.7999877929688,563.989990234375,173800
2021-02-05,538.8992309570312,571.6599731445312,574.989990234375,564.8900146484375,570.9500122070312,176700
2021-02-08,537.0706176757812,569.719970703125,576.1300048828125,563.3300170898438,572.3200073242188,175700
2021-02-09,526.4058837890625,557.760009765625,572.1799926757812,552.0499877929688,567.0700073242188,201900
2021-02-10,522.8478393554688,553.989990234375,561.3499755859375,549.9299926757812,561.3499755859375,172100
2021-02-11,515.0426025390625,545.719970703125,560.5999755859375,541.3499755859375,557.969970703125,197700
2021-02-12,521.4887084960938,552.5499877929688,553.4400024414062,544.4600219726562,547.52001953125,164000
2021-02-16,507.3036193847656,537.52001953125,556.5800170898438,532.2100219726562,556.5800170898438,271100
2021-02-17,505.59552001953125,535.7100219726562,541.8900146484375,527.530029296875,531.5399780273438,244600
2021-02-18,513.126708984375,543.6900024414062,543.8300170898438,531.3300170898438,532.75,167900
2021-02-19,519.2801513671875,550.2100219726562,557.989990234375,545.72998046875,548.4099731445312,243700
2021-02-22,510.6540832519531,541.0700073242188,547.1300048828125,529.239990234375,547.1300048828125,241000
2021-02-23,518.2704467773438,549.1400146484375,552.9099731445312,530.0900268554688,537.8599853515625,403600
2021-02-24,514.7972412109375,545.4600219726562,548.72998046875,536.0,544.1400146484375,225900
2021-02-25,520.7525024414062,551.77001953125,557.0599975585938,544.0900268554688,545.719970703125,224100
2021-02-26,524.6881713867188,555.9400024414062,561.2100219726562,543.1300048828125,551.6699829101562,282800
2021-03-01,546.51806640625,579.0700073242188,580.989990234375,563.8200073242188,564.9299926757812,241900
2021-03-02,546.3385620117188,578.8800048828125,587.0499877929688,574.219970703125,582.0,245400
2021-03-03,480.7171325683594,509.3500061035156,575.0999755859375,508.6300048828125,573.8900146484375,534300
2021-03-04,457.669921875,484.92999267578125,510.6000061035156,478.7799987792969,505.2799987792969,461300
2021-03-05,476.0171203613281,504.3699951171875,506.82000732421875,471.0400085449219,488.1000061035156,612900
2021-03-08,484.13360595703125,512.969970703125,522.530029296875,496.8800048828125,504.989990234375,349100
2021-03-09,494.6285095214844,524.0900268554688,540.4000244140625,518.27001953125,518.3400268554688,350500
2021-03-10,487.7389831542969,516.7899780273438,530.1099853515625,512.47998046875,530.1099853515625,211100
2021-03-11,494.3737487792969,523.8200073242188,526.72998046875,515.530029296875,517.1199951171875,200400
2021-03-12,489.7964782714844,518.969970703125,523.9099731445312,507.5799865722656,522.7999877929688,225800
2021-03-15,495.8744201660156,525.4099731445312,534.1699829101562,513.219970703125,523.739990234375,246700
2021-03-16,487.8522644042969,516.9099731445312,533.4000244140625,511.489990234375,529.77001953125,198400
2021-03-17,484.1620178222656,513.0,518.7899780273438,505.92999267578125,515.5999755859375,306300
2021-03-18,473.2330017089844,501.4200134277344,517.510009765625,500.0,507.5,291400
2021-03-19,481.4438781738281,510.1199951171875,513.9000244140625,500.2099914550781,504.739990234375,667300
2021-03-22,491.97662353515625,521.280029296875,523.0700073242188,507.4700012207031,507.4700012207031,202100
2021-03-23,496.5444030761719,526.1199951171875,530.1699829101562,514.52001953125,518.2899780273438,283500
2021-03-24,472.7705383300781,500.92999267578125,523.75,496.3399963378906,523.75,271800
2021-03-25,469.73162841796875,497.7099914550781,500.6199951171875,488.79998779296875,500.04998779296875,293000
2021-03-26,488.6921691894531,517.7999877929688,519.2899780273438,495.3800048828125,497.1600036621094,263600
2021-03-29,487.6351318359375,516.6799926757812,524.1799926757812,507.8399963378906,516.1099853515625,192300
2021-03-30,467.8817443847656,495.75,518.6300048828125,495.0299987792969,515.4600219726562,218900
2021-03-31,469.92974853515625,497.9200134277344,510.57000732421875,497.4800109863281,499.44000244140625,346300
2021-04-01,491.0328674316406,520.280029296875,526.5999755859375,502.7699890136719,504.05999755859375,245300
2021-04-05,490.7685546875,520.0,523.0,508.0,522.8300170898438,227700
2021-04-06,503.0944519042969,533.0599975585938,535.5499877929688,508.25,508.25,288700
2021-04-07,491.7218017578125,521.010009765625,537.0,511.44000244140625,534.6199951171875,214400
2021-04-08,501.6031799316406,531.47998046875,535.530029296875,523.02001953125,527.6400146484375,203900
2021-04-09,504.510009765625,534.5599975585938,536.8699951171875,521.4299926757812,529.1300048828125,192900
2021-04-12,505.3500671386719,535.4500122070312,536.010009765625,523.0,532.4000244140625,180800
2021-04-13,509.3422546386719,539.6799926757812,546.1599731445312,535.0999755859375,536.0,257300
2021-04-14,504.7742919921875,534.8400268554688,544.47998046875,532.030029296875,541.3699951171875,181600
2021-04-15,508.84197998046875,539.1500244140625,545.77001953125,535.47998046875,538.489990234375,151900
2021-04-16,504.8781433105469,534.9500122070312,544.3800048828125,528.4299926757812,544.3800048828125,256700
2021-04-19,503.6229248046875,533.6199951171875,540.4600219726562,526.1300048828125,536.010009765625,172300
2021-04-20,499.3758239746094,529.1199951171875,539.0599975585938,528.5999755859375,536.0,137000
2021-04-21,493.8358459472656,523.25,533.3599853515625,519.5399780273438,529.8200073242188,178900
2021-04-22,474.6109313964844,502.8800048828125,509.95001220703125,494.7099914550781,500.0,509100
2021-04-23,478.9333801269531,507.4599914550781,510.7099914550781,492.3500061035156,501.5,303200
2021-04-26,476.8099365234375,505.2099914550781,514.6099853515625,501.7799987792969,509.55999755859375,202800
2021-04-27,467.7873229980469,495.6499938964844,505.9200134277344,494.1300048828125,503.79998779296875,210400
2021-04-28,461.8603515625,489.3699951171875,498.0799865722656,486.4100036621094,498.0799865722656,225600
2021-04-29,467.90057373046875,495.7699890136719,497.75,487.0,487.0,231500
2021-04-30,461.0014953613281,488.4599914550781,492.80999755859375,486.0400085449219,492.239990234375,272900
2021-05-03,461.2091979980469,488.67999267578125,492.3399963378906,487.5899963378906,490.3699951171875,199200
2021-05-04,447.35443115234375,474.0,487.3500061035156,473.2799987792969,487.3500061035156,265500
2021-05-05,430.9513244628906,456.6199951171875,476.4599914550781,455.94000244140625,475.8399963378906,362700
2021-05-06,413.95379638671875,438.6099853515625,456.2699890136719,434.2200012207031,451.3399963378906,605900
2021-05-07,412.5946960449219,437.1700134277344,456.6600036621094,432.95001220703125,444.6600036621094,598800
2021-05-10,415.0675048828125,439.7900085449219,446.0799865722656,433.32000732421875,438.0,353300
2021-05-11,423.4892272949219,448.0400085449219,448.9599914550781,431.19000244140625,434.44000244140625,432000
2021-05-12,420.44561767578125,444.82000732421875,448.6700134277344,442.1000061035156,445.0299987792969,398300
2021-05-13,427.44012451171875,452.2200012207031,455.04998779296875,442.5899963378906,446.9100036621094,429700
2021-05-14,431.2966003417969,456.29998779296875,459.17999267578125,443.57000732421875,453.1199951171875,294200
2021-05-17,430.15289306640625,455.0899963378906,461.0,451.32000732421875,455.3699951171875,403400
2021-05-18,422.2226867675781,446.70001220703125,456.95001220703125,444.6700134277344,455.4599914550781,318300
2021-05-19,418.8576965332031,443.1400146484375,446.7200012207031,435.2300109863281,440.80999755859375,281300
2021-05-20,426.2303161621094,450.94000244140625,453.54998779296875,443.2699890136719,445.010009765625,205400
2021-05-21,431.00360107421875,455.989990234375,458.1600036621094,450.3500061035156,452.4100036621094,234400
2021-05-24,431.39111328125,456.3999938964844,460.75,454.8900146484375,459.1099853515625,247300
2021-05-25,433.39501953125,458.5199890136719,462.67999267578125,454.70001220703125,456.30999755859375,255600
2021-05-26,437.4026184082031,462.760009765625,466.55999755859375,458.760009765625,461.0299987792969,329500
2021-05-27,436.71270751953125,462.0299987792969,464.6000061035156,455.010009765625,460.6199951171875,548700
2021-05-28,440.97552490234375,466.5400085449219,469.95001220703125,460.0,461.3999938964844,292500
2021-06-01,429.4345703125,454.3299865722656,471.010009765625,454.1000061035156,468.20001220703125,241600
2021-06-02,435.2286682128906,460.4599914550781,460.7099914550781,450.5299987792969,452.6700134277344,204800
2021-06-03,419.86907958984375,444.2099914550781,455.8599853515625,440.3599853515625,449.67999267578125,392800
2021-06-04,425.5592346191406,450.2300109863281,450.760009765625,443.1199951171875,446.7300109863281,345700
2021-06-07,424.00909423828125,448.5899963378906,449.0299987792969,441.6400146484375,448.4700012207031,222300
2021-06-08,416.608154296875,440.760009765625,452.1400146484375,440.44000244140625,450.17999267578125,184000
2021-06-09,409.8594055175781,433.6199951171875,443.6099853515625,433.260009765625,440.760009765625,201900
2021-06-10,409.16937255859375,432.8900146484375,436.1600036621094,431.5899963378906,434.79998779296875,439100
2021-06-11,416.70263671875,440.8599853515625,442.989990234375,434.1300048828125,435.8599853515625,182800
2021-06-14,429.7937316894531,454.7099914550781,455.1000061035156,441.2900085449219,443.5199890136719,244400
2021-06-15,427.7237243652344,452.5199890136719,457.5400085449219,451.5400085449219,454.7099914550781,269800
2021-06-16,424.7369079589844,449.3599853515625,457.760009765625,445.8299865722656,453.8399963378906,226300
2021-06-17,435.8241882324219,461.0899963378906,466.3299865722656,448.6600036621094,448.6600036621094,308200
2021-06-18,424.9071350097656,449.5400085449219,461.3599853515625,446.3299865722656,458.5,647200
2021-06-21,430.25689697265625,455.20001220703125,459.3999938964844,442.82000732421875,449.8500061035156,235400
2021-06-22,432.72393798828125,457.80999755859375,460.0199890136719,450.8999938964844,454.3399963378906,216300
2021-06-23,432.73333740234375,457.82000732421875,460.80999755859375,456.2200012207031,458.2200012207031,133600
2021-06-24,435.7958679199219,461.05999755859375,465.0899963378906,457.2200012207031,460.32000732421875,207200
2021-06-25,442.3177490234375,467.9599914550781,468.95001220703125,460.489990234375,462.3599853515625,346700
2021-06-28,443.8866882324219,469.6199951171875,471.2799987792969,465.9599914550781,470.239990234375,260900
2021-06-29,446.2686462402344,472.1400146484375,473.80999755859375,466.8699951171875,469.0,194000
2021-06-30,438.18719482421875,463.5899963378906,473.3599853515625,461.3500061035156,473.3599853515625,276600
2021-07-01,438.7731628417969,464.2099914550781,471.6099853515625,462.489990234375,463.6000061035156,194900
2021-07-02,438.4518127441406,463.8699951171875,468.1600036621094,460.1400146484375,465.9800109863281,148200
2021-07-06,445.9473571777344,471.79998779296875,473.6400146484375,460.6099853515625,462.6600036621094,288600
2021-07-07,425.41748046875,450.0799865722656,473.0899963378906,441.0299987792969,471.6400146484375,385900
2021-07-08,433.8675842285156,459.0199890136719,462.3699951171875,446.6000061035156,448.8500061035156,296100
2021-07-09,435.521728515625,460.7699890136719,465.1499938964844,452.4599914550781,461.9800109863281,247900
2021-07-12,436.51422119140625,461.82000732421875,462.989990234375,457.4100036621094,460.2200012207031,190000
2021-07-13,433.8486633300781,459.0,462.4800109863281,457.04998779296875,459.45001220703125,110300
2021-07-14,434.2835388183594,459.4599914550781,462.2200012207031,453.75,459.30999755859375,141600
2021-07-15,429.7559814453125,454.6700134277344,460.6300048828125,453.6300048828125,458.0,171700
2021-07-16,433.9337463378906,459.0899963378906,461.9200134277344,453.010009765625,455.5400085449219,179300
2021-07-19,437.3270568847656,462.67999267578125,466.3699951171875,456.760009765625,457.1499938964844,327200
2021-07-20,435.2665100097656,460.5,465.5299987792969,459.0799865722656,462.2200012207031,415200
2021-07-21,430.8713073730469,455.8500061035156,478.760009765625,453.9700012207031,467.989990234375,280900
2021-07-22,438.9717102050781,464.4200134277344,468.4800109863281,451.80999755859375,453.0799865722656,153800
2021-07-23,449.1514587402344,475.19000244140625,476.30999755859375,464.9700012207031,467.92999267578125,182100
2021-07-26,441.363037109375,466.95001220703125,473.5199890136719,463.30999755859375,471.3699951171875,178800
2021-07-27,441.14569091796875,466.7200012207031,468.7200012207031,461.489990234375,466.5199890136719,190300
2021-07-28,445.1343994140625,470.94000244140625,474.7300109863281,465.07000732421875,466.6300048828125,165100
2021-07-29,449.709228515625,475.7799987792969,479.3599853515625,465.8399963378906,471.1499938964844,188700
2021-07-30,449.1326599121094,475.1700134277344,479.8900146484375,473.2300109863281,475.25,238700
2021-08-02,453.697998046875,480.0,488.57000732421875,475.4700012207031,478.510009765625,230600
2021-08-03,454.2658996582031,479.94000244140625,480.1600036621094,471.6199951171875,478.5899963378906,151700
2021-08-04,465.8037414550781,492.1300048828125,493.3999938964844,480.69000244140625,480.69000244140625,184500
2021-08-05,464.4786682128906,490.7300109863281,498.9700012207031,486.1099853515625,494.5199890136719,193200
2021-08-06,459.7178039550781,485.70001220703125,492.4200134277344,481.2799987792969,492.4200134277344,117500
2021-08-09,458.71441650390625,484.6400146484375,490.010009765625,482.6400146484375,487.04998779296875,117200
2021-08-10,442.5386657714844,467.54998779296875,485.0400085449219,465.1099853515625,485.0,165800
2021-08-11,437.7588195800781,462.5,473.0799865722656,459.5799865722656,471.05999755859375,141400
2021-08-12,438.52545166015625,463.30999755859375,465.1300048828125,453.3500061035156,460.5400085449219,129900
2021-08-13,438.6296081542969,463.4200134277344,467.29998779296875,461.95001220703125,465.4800109863281,128900
2021-08-16,444.90496826171875,470.04998779296875,470.92999267578125,460.5799865722656,464.8299865722656,113200
2021-08-17,449.14532470703125,474.5299987792969,476.989990234375,465.010009765625,468.5299987792969,105900
2021-08-18,437.13409423828125,461.8399963378906,475.3999938964844,461.5199890136719,475.2699890136719,133200
2021-08-19,447.0061950683594,472.2699890136719,475.3699951171875,459.29998779296875,459.9700012207031,128900
2021-08-20,450.0633850097656,475.5,481.0199890136719,469.260009765625,473.20001220703125,114800
2021-08-23,451.27490234375,476.7799987792969,486.0400085449219,475.7200012207031,478.2799987792969,90600
2021-08-24,455.0325622558594,480.75,481.3399963378906,473.2200012207031,477.7099914550781,103100
2021-08-25,447.0628967285156,472.3299865722656,482.2799987792969,466.5,480.0400085449219,155700
2021-08-26,451.03826904296875,476.5299987792969,479.4700012207031,469.92999267578125,470.2300109863281,116200
2021-08-27,458.8375244140625,484.7699890136719,487.7900085449219,476.7699890136719,477.989990234375,233300
2021-08-30,451.9753112792969,477.5199890136719,487.0799865722656,476.1400146484375,485.7099914550781,165800
2021-08-31,450.4609069824219,475.9200134277344,482.92999267578125,474.95001220703125,478.4200134277344,219300
2021-09-01,453.88726806640625,479.5400085449219,481.57000732421875,471.2699890136719,474.739990234375,155300
2021-09-02,453.82098388671875,479.4700012207031,482.82000732421875,474.6499938964844,482.82000732421875,108600
2021-09-03,449.79840087890625,475.2200012207031,485.42999267578125,474.6199951171875,479.0299987792969,134300
2021-09-07,427.157958984375,451.29998779296875,473.3999938964844,449.5199890136719,473.3999938964844,474200
2021-09-08,427.6785583496094,451.8500061035156,456.1300048828125,444.0,450.0799865722656,248900
2021-09-09,419.89825439453125,443.6300048828125,454.44000244140625,442.82000732421875,450.5,169100
2021-09-10,415.0332336425781,438.489990234375,443.95001220703125,435.6499938964844,441.3900146484375,169000
2021-09-13,408.966064453125,432.0799865722656,446.55999755859375,429.1499938964844,440.25,172300
2021-09-14,403.43853759765625,426.239990234375,438.04998779296875,420.7900085449219,435.3599853515625,275400
2021-09-15,403.0125427246094,425.7900085449219,435.0199890136719,421.44000244140625,425.55999755859375,203100
2021-09-16,404.7446594238281,427.6199951171875,429.3900146484375,422.9200134277344,424.95001220703125,132600
2021-09-17,403.21136474609375,426.0,429.8900146484375,423.2099914550781,427.239990234375,316300
2021-09-20,402.71917724609375,425.4800109863281,430.20001220703125,421.0299987792969,425.5,198200
2021-09-21,399.2454528808594,421.80999755859375,430.1300048828125,421.6700134277344,429.1700134277344,180200
2021-09-22,402.88006591796875,425.6499938964844,426.25,420.010009765625,423.1300048828125,213300
2021-09-23,402.35955810546875,425.1000061035156,427.3599853515625,422.05999755859375,425.0,217000
2021-09-24,401.3183288574219,424.0,424.3999938964844,417.70001220703125,424.1700134277344,289100
2021-09-27,394.9010925292969,417.2200012207031,424.8900146484375,415.4100036621094,419.2099914550781,320100
2021-09-28,396.45330810546875,418.8599853515625,419.1000061035156,408.79998779296875,414.04998779296875,345400
2021-09-29,400.99658203125,423.6600036621094,427.30999755859375,419.489990234375,419.489990234375,232300
2021-09-30,398.18548583984375,420.69000244140625,429.239990234375,418.4100036621094,425.8699951171875,297600
2021-10-01,395.46893310546875,417.82000732421875,421.6199951171875,408.010009765625,421.3299865722656,213700
2021-10-04,395.46893310546875,417.82000732421875,420.9100036621094,409.29998779296875,417.0,244400
2021-10-05,408.445556640625,431.5299987792969,434.1400146484375,419.0799865722656,419.760009765625,327800
2021-10-06,390.3673095703125,412.42999267578125,418.3299865722656,403.70001220703125,415.5,553600
2021-10-07,397.380859375,419.8399963378906,425.55999755859375,414.67999267578125,414.67999267578125,232300
2021-10-08,388.209228515625,410.1499938964844,418.6000061035156,410.1400146484375,418.19000244140625,113400
2021-10-11,381.40386962890625,402.9599914550781,415.739990234375,402.70001220703125,408.739990234375,119200
2021-10-12,376.51983642578125,397.79998779296875,407.0400085449219,397.510009765625,403.82000732421875,208300
2021-10-13,378.67791748046875,400.0799865722656,403.8500061035156,396.1700134277344,398.0299987792969,304600
2021-10-14,381.6026916503906,403.1700134277344,404.4200134277344,398.69000244140625,399.3399963378906,224400
2021-10-15,384.0635681152344,405.7699890136719,410.7200012207031,404.510009765625,405.9200134277344,155800
2021-10-18,383.334716796875,405.0,405.989990234375,400.7699890136719,402.17999267578125,202600
2021-10-19,389.19366455078125,411.19000244140625,411.19000244140625,405.4599914550781,407.8900146484375,279100
2021-10-20,383.9878234863281,405.69000244140625,424.0400085449219,399.7099914550781,421.3299865722656,272500
2021-10-21,388.7582092285156,410.7300109863281,417.6400146484375,403.07000732421875,403.32000732421875,353900
2021-10-22,393.2068176269531,415.42999267578125,416.67999267578125,408.5400085449219,409.7099914550781,156900
2021-10-25,385.46429443359375,407.25,417.4800109863281,406.8800048828125,417.4800109863281,109300
2021-10-26,382.8993225097656,404.5400085449219,412.0,404.0799865722656,410.20001220703125,155600
2021-10-27,381.8865966796875,403.4700012207031,406.55999755859375,398.9599914550781,403.3599853515625,270800
2021-10-28,383.3915710449219,405.05999755859375,410.9200134277344,401.3599853515625,404.3599853515625,129900
2021-10-29,386.8084411621094,408.6700134277344,409.2900085449219,403.7099914550781,406.7099914550781,259400
2021-11-01,386.7516174316406,408.6099853515625,410.70001220703125,404.3500061035156,408.7900085449219,161600
2021-11-02,385.95526123046875,407.1099853515625,412.2200012207031,405.010009765625,409.010009765625,159100
2021-11-03,383.5187683105469,404.5400085449219,409.42999267578125,401.80999755859375,409.42999267578125,197200
2021-11-04,368.3407287597656,388.5299987792969,408.07000732421875,387.05999755859375,407.0,407700
2021-11-05,368.1322021484375,388.30999755859375,391.8800048828125,385.0400085449219,391.6300048828125,291900
2021-11-08,369.7912902832031,390.05999755859375,391.70001220703125,384.55999755859375,390.95001220703125,203200
2021-11-09,367.0704345703125,387.19000244140625,393.6400146484375,385.6000061035156,389.4700012207031,210000
2021-11-10,368.5398254394531,388.739990234375,392.2200012207031,382.8800048828125,387.19000244140625,168400
2021-11-11,362.8327331542969,382.7200012207031,387.94000244140625,381.6099853515625,387.94000244140625,161100
2021-11-12,368.6156921386719,388.82000732421875,393.1300048828125,383.6700134277344,383.6700134277344,231400
2021-11-15,369.04229736328125,389.2699890136719,391.9800109863281,386.9700012207031,389.260009765625,216700
2021-11-16,372.18023681640625,392.5799865722656,393.67999267578125,388.3800048828125,392.4100036621094,281600
2021-11-17,362.9368896484375,382.8299865722656,393.3800048828125,382.3599853515625,393.3800048828125,221200
2021-11-18,347.7684020996094,366.8299865722656,382.5299987792969,365.0,382.2099914550781,374200
2021-11-19,341.0941467285156,359.7900085449219,368.55999755859375,359.5799865722656,367.42999267578125,277200
2021-11-22,348.16650390625,367.25,368.9200134277344,355.010009765625,359.17999267578125,298000
2021-11-23,343.9004211425781,362.75,367.42999267578125,357.2799987792969,367.42999267578125,206600
2021-11-24,342.63946533203125,361.4200134277344,365.3299865722656,359.20001220703125,362.7099914550781,170500
2021-11-26,341.7862243652344,360.5199890136719,365.2300109863281,358.6300048828125,359.2099914550781,203800
2021-11-29,334.61907958984375,352.9599914550781,363.1700134277344,352.6199951171875,361.8299865722656,230900
2021-11-30,334.3631286621094,352.69000244140625,358.7900085449219,341.5,350.95001220703125,718300
2021-12-01,325.8686828613281,343.7300109863281,357.05999755859375,343.6400146484375,355.05999755859375,261400
2021-12-02,332.8273620605469,351.07000732421875,353.54998779296875,345.2900085449219,345.2900085449219,351400
2021-12-03,330.94073486328125,349.0799865722656,353.3900146484375,346.010009765625,349.32000732421875,331700
2021-12-06,343.1893005371094,362.0,364.7900085449219,343.739990234375,348.8599853515625,347200
2021-12-07,360.89862060546875,380.67999267578125,384.8299865722656,364.2799987792969,364.2799987792969,429300
2021-12-08,364.8710021972656,384.8699951171875,387.2200012207031,375.67999267578125,381.19000244140625,365100
2021-12-09,360.0454406738281,379.7799987792969,387.92999267578125,378.0199890136719,384.7200012207031,218000
2021-12-10,365.7904357910156,385.8399963378906,387.1400146484375,377.7699890136719,381.54998779296875,244800
2021-12-13,380.9875793457031,401.8699951171875,403.989990234375,384.5199890136719,385.6000061035156,445600
2021-12-14,374.8727111816406,395.4200134277344,402.5,390.7699890136719,401.44000244140625,285200
2021-12-15,392.68634033203125,414.2099914550781,415.3399963378906,395.489990234375,399.57000732421875,384800
2021-12-16,387.1592102050781,408.3800048828125,422.6000061035156,402.54998779296875,414.57000732421875,409200
2021-12-17,389.09332275390625,410.4200134277344,418.989990234375,403.0799865722656,407.5,651000
2021-12-20,382.4949645996094,403.4599914550781,410.17999267578125,399.55999755859375,404.7900085449219,191700
2021-12-21,390.174072265625,411.55999755859375,413.75,405.3800048828125,408.9800109863281,210100
2021-12-22,387.76605224609375,409.0199890136719,412.0400085449219,403.989990234375,412.0400085449219,154100
2021-12-23,389.33026123046875,410.6700134277344,420.19000244140625,409.6300048828125,412.1700134277344,163900
2021-12-27,392.1175537109375,413.6099853515625,416.80999755859375,407.9100036621094,411.2900085449219,139200
2021-12-28,392.65789794921875,414.17999267578125,419.3299865722656,413.4599914550781,415.25,95200
2021-12-29,389.9654541015625,411.3399963378906,417.0799865722656,409.1099853515625,414.9100036621094,107000
2021-12-30,391.2169189453125,412.6600036621094,415.57000732421875,411.8500061035156,412.7099914550781,76900
2021-12-31,389.89910888671875,411.2699890136719,414.9800109863281,409.6600036621094,412.510009765625,100900
2022-01-03,376.20947265625,396.8299865722656,412.7900085449219,395.1400146484375,411.0899963378906,178600
2022-01-04,373.8772888183594,394.3699951171875,400.3399963378906,385.20001220703125,396.0299987792969,292700
2022-01-05,359.3344421386719,379.0299987792969,395.6700134277344,378.6499938964844,391.8800048828125,204500
2022-01-06,353.9495544433594,373.3500061035156,377.0,367.6499938964844,373.0799865722656,231400
2022-01-07,359.0594177246094,378.739990234375,380.04998779296875,371.57000732421875,372.2099914550781,199500
2022-01-10,361.0219421386719,380.80999755859375,381.0899963378906,368.2099914550781,375.8900146484375,214100
2022-01-11,360.7659606933594,380.5400085449219,383.9700012207031,373.0,380.6600036621094,180700
2022-01-12,352.0724182128906,371.3699951171875,379.9700012207031,368.3500061035156,378.6600036621094,233700
2022-01-13,345.0095520019531,363.9200134277344,375.3599853515625,362.8900146484375,370.8299865722656,174800
2022-01-14,352.23370361328125,371.5400085449219,372.1000061035156,357.80999755859375,360.25,287000
2022-01-18,345.94818115234375,364.9100036621094,367.32000732421875,359.2900085449219,366.2799987792969,252700
2022-01-19,354.015869140625,373.4200134277344,373.7200012207031,360.5,360.5,287300
2022-01-20,350.1005554199219,369.2900085449219,378.6300048828125,368.489990234375,377.5,267700
2022-01-21,345.6352844238281,364.5799865722656,372.510009765625,362.3599853515625,370.25,292600
2022-01-24,346.2420349121094,365.2200012207031,366.4800109863281,352.55999755859375,360.1400146484375,335400
2022-01-25,333.71844482421875,352.010009765625,360.6400146484375,346.9599914550781,360.6400146484375,380700
2022-01-26,315.364501953125,332.6499938964844,372.989990234375,330.54998779296875,372.989990234375,634800
2022-01-27,312.9659118652344,330.1199951171875,338.5400085449219,323.75,329.6499938964844,465700
2022-01-28,317.8862609863281,335.30999755859375,336.3999938964844,321.1700134277344,331.42999267578125,398700
2022-01-31,326.5798034667969,344.4800109863281,344.7300109863281,336.1000061035156,337.6000061035156,362000
2022-02-01,332.4955139160156,350.7200012207031,353.239990234375,340.5199890136719,344.6300048828125,264300
2022-02-02,326.37115478515625,344.260009765625,379.44000244140625,342.6499938964844,379.44000244140625,320500
2022-02-03,331.737060546875,349.9200134277344,352.30999755859375,336.0400085449219,341.04998779296875,240900
2022-02-04,347.6545715332031,366.7099914550781,372.3699951171875,346.4100036621094,346.9100036621094,447300
2022-02-07,351.1054382324219,370.3500061035156,378.5799865722656,366.8900146484375,366.8900146484375,311800
2022-02-08,349.6237487792969,368.0899963378906,368.8800048828125,355.44000244140625,365.1700134277344,351700
2022-02-09,352.36871337890625,370.9800109863281,375.9599914550781,365.3399963378906,371.6199951171875,320700
2022-02-10,351.2764587402344,369.8299865722656,372.8999938964844,364.0899963378906,364.79998779296875,259400
2022-02-11,359.0364990234375,378.0,378.9700012207031,366.739990234375,371.2200012207031,370300
2022-02-14,351.7513732910156,370.3299865722656,381.3399963378906,368.1499938964844,377.8399963378906,314900
2022-02-15,362.6839294433594,381.8399963378906,382.1300048828125,371.79998779296875,371.79998779296875,237900
2022-02-16,355.9780578613281,374.7799987792969,382.5,370.82000732421875,381.20001220703125,207500
2022-02-17,356.0731201171875,374.8800048828125,378.9100036621094,368.7699890136719,371.7900085449219,146600
2022-02-18,353.3469543457031,372.010009765625,381.1099853515625,366.75,375.2300109863281,225400
2022-02-22,354.4298400878906,373.1499938964844,378.44000244140625,366.4800109863281,370.19000244140625,225300
2022-02-23,349.93719482421875,368.4200134277344,377.5899963378906,367.92999267578125,374.6700134277344,182200
2022-02-24,358.08673095703125,377.0,378.05999755859375,355.5400085449219,358.70001220703125,248500
2022-02-25,360.29022216796875,379.32000732421875,380.7300109863281,371.489990234375,377.3299865722656,182200
2022-02-28,362.29449462890625,381.42999267578125,385.7900085449219,376.2200012207031,376.2200012207031,281700
2022-03-01,360.8317565917969,379.8900146484375,390.1300048828125,376.67999267578125,380.0,285300
2022-03-02,359.56842041015625,378.55999755859375,380.1000061035156,370.7900085449219,380.0799865722656,193000
2022-03-03,342.58544921875,360.67999267578125,379.010009765625,356.5,378.9700012207031,377100
2022-03-04,349.8516540527344,368.3299865722656,369.6600036621094,355.6300048828125,361.1600036621094,285100
2022-03-07,336.23101806640625,353.989990234375,371.6099853515625,353.70001220703125,369.55999755859375,356200
2022-03-08,323.854736328125,340.9599914550781,352.54998779296875,340.1600036621094,351.75,293800
2022-03-09,330.9595031738281,348.44000244140625,350.2099914550781,339.92999267578125,345.80999755859375,298800
2022-03-10,325.6024475097656,342.79998779296875,382.6700134277344,333.1099853515625,350.42999267578125,318600
2022-03-11,325.4029846191406,342.5899963378906,346.0400085449219,340.739990234375,345.7200012207031,235400
2022-03-14,326.5903015136719,343.8399963378906,350.6400146484375,341.010009765625,346.2699890136719,203300
2022-03-15,330.0761413574219,347.510009765625,350.9100036621094,343.0,346.29998779296875,185400
2022-03-16,336.6300048828125,354.4100036621094,360.1000061035156,345.45001220703125,352.2099914550781,293300
2022-03-17,336.56353759765625,354.3399963378906,357.510009765625,350.69000244140625,352.69000244140625,273000
2022-03-18,336.0886535644531,353.8399963378906,357.1300048828125,350.739990234375,354.760009765625,519100
2022-03-21,331.18743896484375,348.67999267578125,355.8500061035156,345.32000732421875,353.29998779296875,294700
2022-03-22,334.76837158203125,352.45001220703125,355.25,342.7200012207031,348.7300109863281,369800
2022-03-23,329.2213134765625,346.6099853515625,356.8800048828125,341.75,350.44000244140625,303400
2022-03-24,335.86065673828125,353.6000061035156,355.9700012207031,344.5400085449219,346.79998779296875,219300
2022-03-25,334.2364807128906,351.8900146484375,358.70001220703125,351.6499938964844,358.70001220703125,267400
2022-03-28,341.69256591796875,359.739990234375,359.760009765625,351.30999755859375,353.4700012207031,254300
2022-03-29,339.3844909667969,357.30999755859375,368.0799865722656,353.760009765625,362.8999938964844,311000
2022-03-30,329.50628662109375,346.9100036621094,356.5,345.45001220703125,356.010009765625,343200
2022-03-31,323.13287353515625,340.20001220703125,352.510009765625,339.1199951171875,346.6300048828125,431500
2022-04-01,322.4110412597656,339.44000244140625,345.67999267578125,332.6700134277344,341.2099914550781,338800
2022-04-04,328.1764831542969,345.510009765625,350.42999267578125,341.0400085449219,341.45001220703125,406700
2022-04-05,292.1683654785156,307.6000061035156,332.3299865722656,305.92999267578125,330.42999267578125,929800
2022-04-06,273.3901672363281,287.8299865722656,307.0899963378906,283.7799987792969,301.4599914550781,1001800
2022-04-07,272.82977294921875,287.239990234375,294.69000244140625,279.42999267578125,286.5,602300
2022-04-08,266.9598083496094,281.05999755859375,290.8399963378906,280.70001220703125,285.19000244140625,337600
2022-04-11,266.7508544921875,280.8399963378906,285.6199951171875,277.92999267578125,278.1000061035156,516000
2022-04-12,260.20654296875,273.95001220703125,285.67999267578125,273.5199890136719,281.6700134277344,418700
2022-04-13,257.9554138183594,271.5799865722656,276.0899963378906,269.6700134277344,273.0199890136719,688400
2022-04-14,252.13291931152344,265.45001220703125,276.9200134277344,265.29998779296875,274.510009765625,330900
2022-04-18,244.22085571289062,257.1199951171875,265.42999267578125,256.260009765625,264.2099914550781,438100
2022-04-19,250.48023986816406,263.7099914550781,263.8399963378906,256.7799987792969,258.07000732421875,1289900
2022-04-20,260.1875305175781,273.92999267578125,279.1199951171875,261.04998779296875,261.04998779296875,908900
2022-04-21,259.190185546875,272.8800048828125,280.0799865722656,271.29998779296875,278.7200012207031,559100
2022-04-22,252.5888214111328,265.92999267578125,276.79998779296875,265.3999938964844,272.95001220703125,492000
2022-04-25,254.5075225830078,267.95001220703125,270.3299865722656,261.05999755859375,263.8599853515625,448300
2022-04-26,247.72569274902344,260.80999755859375,270.0,260.3299865722656,269.67999267578125,413200
2022-04-27,248.16259765625,261.2699890136719,264.9200134277344,260.7300109863281,260.7300109863281,363000
2022-04-28,257.9079284667969,271.5299987792969,273.32000732421875,259.1000061035156,262.4800109863281,423800
2022-04-29,250.38522338867188,263.6099853515625,273.7099914550781,263.3599853515625,269.20001220703125,431300
2022-05-02,248.3336181640625,261.45001220703125,269.4599914550781,257.70001220703125,265.1300048828125,421500
2022-05-03,252.45741271972656,265.0799865722656,267.94000244140625,258.010009765625,260.8500061035156,373400
2022-05-04,267.3717041015625,280.739990234375,283.4599914550781,264.8900146484375,266.3800048828125,711900
2022-05-05,262.8288879394531,275.9700012207031,282.1600036621094,270.9700012207031,276.8399963378906,498200
2022-05-06,252.4193115234375,265.0400085449219,274.0,262.5,274.0,354100
2022-05-09,244.771728515625,257.010009765625,264.3800048828125,255.8699951171875,260.7300109863281,599900
2022-05-10,243.3526611328125,255.52000427246094,260.9100036621094,249.88999938964844,260.0,315800
2022-05-11,240.924072265625,252.97000122070312,258.8699951171875,250.41000366210938,254.10000610351562,231900
2022-05-12,245.00979614257812,257.260009765625,259.79998779296875,250.10000610351562,251.47000122070312,238600
2022-05-13,250.83839416503906,263.3800048828125,265.75,259.1300048828125,260.2099914550781,290000
2022-05-16,245.6193084716797,257.8999938964844,264.3900146484375,256.7099914550781,261.4599914550781,328700
2022-05-17,247.91456604003906,260.30999755859375,262.04998779296875,256.1000061035156,259.8800048828125,199800
2022-05-18,238.26693725585938,250.17999267578125,258.989990234375,249.00999450683594,257.0799865722656,297800
2022-05-19,255.18125915527344,267.94000244140625,270.8900146484375,249.97000122070312,250.17999267578125,425800
2022-05-20,266.0098571777344,279.30999755859375,279.67999267578125,268.79998779296875,269.0400085449219,396100
2022-05-23,269.3812561035156,282.8500061035156,286.45001220703125,273.54998779296875,280.25,503000
2022-05-24,265.73358154296875,279.0199890136719,281.1499938964844,272.5899963378906,280.2799987792969,340400
2022-05-25,263.3717346191406,276.5400085449219,279.80999755859375,273.3800048828125,276.2799987792969,312600
2022-05-26,268.68603515625,282.1199951171875,283.04998779296875,276.70001220703125,278.75,216000
2022-05-27,274.1812744140625,287.8900146484375,290.5899963378906,284.5400085449219,284.54998779296875,203500
2022-05-31,268.2669982910156,281.67999267578125,286.17999267578125,275.29998779296875,284.3399963378906,607200
2022-06-01,263.7241516113281,276.9100036621094,285.7699890136719,275.29998779296875,279.67999267578125,317900
2022-06-02,273.705078125,287.3900146484375,287.6400146484375,275.0400085449219,278.2900085449219,227400
2022-06-03,265.2193908691406,278.4800109863281,285.4800109863281,277.3599853515625,285.4800109863281,253500
2022-06-06,268.02880859375,281.42999267578125,288.7900085449219,280.8599853515625,283.8999938964844,164500
2022-06-07,270.9431457519531,284.489990234375,285.2300109863281,277.6600036621094,278.94000244140625,140800
2022-06-08,267.62890625,281.010009765625,283.6300048828125,278.510009765625,282.7200012207031,251200
2022-06-09,260.962158203125,274.010009765625,281.6499938964844,273.92999267578125,281.6499938964844,183100
2022-06-10,260.847900390625,273.8900146484375,274.82000732421875,265.8900146484375,269.6499938964844,219600
2022-06-13,255.0288543701172,267.7799987792969,270.9700012207031,265.0299987792969,266.1000061035156,236500
2022-06-14,255.69552612304688,268.4800109863281,271.3999938964844,267.20001220703125,268.1600036621094,169200
2022-06-15,257.1813049316406,270.0400085449219,273.9100036621094,266.3800048828125,270.2200012207031,181100
2022-06-16,256.3050842285156,269.1199951171875,270.2099914550781,259.9599914550781,264.1499938964844,219100
2022-06-17,251.62884521484375,264.2099914550781,273.260009765625,263.3399963378906,269.0,510900
2022-06-21,253.08604431152344,265.739990234375,269.239990234375,263.07000732421875,267.19000244140625,205600
2022-06-22,256.2288818359375,269.0400085449219,271.80999755859375,262.0400085449219,265.1600036621094,195700
2022-06-23,259.7431945800781,272.7300109863281,274.6000061035156,269.25,270.6099853515625,224200
2022-06-24,264.4193420410156,277.6400146484375,280.2699890136719,272.3699951171875,275.44000244140625,999500
2022-06-27,259.0479431152344,272.0,278.07000732421875,270.1499938964844,278.07000732421875,271300
2022-06-28,252.98123168945312,265.6300048828125,273.92999267578125,260.6000061035156,272.5299987792969,403400
2022-06-29,248.08599853515625,260.489990234375,268.3299865722656,259.5,266.8699951171875,312200
2022-06-30,243.81935119628906,256.010009765625,263.1400146484375,254.77000427246094,259.8800048828125,385100
2022-07-01,245.4955291748047,257.7699890136719,258.7900085449219,249.6999969482422,257.5,383800
2022-07-05,252.16217041015625,264.7699890136719,264.7900085449219,254.27000427246094,257.95001220703125,384400
2022-07-06,247.26695251464844,259.6300048828125,267.1199951171875,258.3599853515625,266.42999267578125,386200
2022-07-07,254.8384246826172,267.5799865722656,268.0400085449219,258.2799987792969,258.2799987792969,296500
2022-07-08,253.43838500976562,266.1099853515625,271.5400085449219,263.7200012207031,266.5199890136719,203600
2022-07-11,249.39076232910156,261.8599853515625,265.510009765625,260.6499938964844,263.510009765625,175000
2022-07-12,244.44790649414062,256.6700134277344,267.3699951171875,256.07000732421875,263.6199951171875,238300
2022-07-13,247.10499572753906,259.4599914550781,262.69000244140625,252.1999969482422,253.47000122070312,239500
2022-07-14,247.905029296875,260.29998779296875,261.04998779296875,254.72000122070312,257.7900085449219,311800
2022-07-15,253.8765106201172,266.57000732421875,267.3900146484375,260.2200012207031,261.9100036621094,256500
2022-07-18,254.20985412597656,266.9200134277344,273.0899963378906,265.30999755859375,267.5899963378906,271300
2022-07-19,261.65740966796875,274.739990234375,275.1400146484375,264.2799987792969,268.4700012207031,509800
2022-07-20,254.6764678955078,267.4100036621094,273.92999267578125,261.3999938964844,266.510009765625,532600
2022-07-21,257.7812194824219,270.6700134277344,272.45001220703125,262.3500061035156,268.94000244140625,560000
2022-07-22,257.94317626953125,270.8399963378906,277.8299865722656,268.94000244140625,272.80999755859375,394700
2022-07-25,252.10499572753906,264.7099914550781,271.17999267578125,261.95001220703125,270.7799987792969,465400
2022-07-26,244.16217041015625,256.3699951171875,263.6199951171875,256.0799865722656,262.20001220703125,277100
2022-07-27,245.93360900878906,258.2300109863281,260.5899963378906,255.6199951171875,258.1000061035156,306000
2022-07-28,254.65740966796875,267.3900146484375,268.7799987792969,256.7300109863281,259.3299865722656,405000
2022-07-29,257.8860778808594,270.7799987792969,271.0400085449219,264.94000244140625,266.7300109863281,308100
2022-08-01,256.5716857910156,269.3999938964844,274.1499938964844,266.67999267578125,269.8800048828125,302100
2022-08-02,259.5222473144531,271.7900085449219,277.489990234375,267.3900146484375,268.989990234375,224100
2022-08-03,254.36598205566406,266.3900146484375,270.1499938964844,259.010009765625,270.04998779296875,387300
2022-08-04,257.26873779296875,269.42999267578125,273.2699890136719,264.3999938964844,266.4100036621094,349700
2022-08-05,252.303466796875,264.2300109863281,269.760009765625,262.8399963378906,268.3699951171875,198900
2022-08-08,256.7721862792969,268.9100036621094,270.2200012207031,264.8399963378906,266.0,351700
2022-08-09,253.2583465576172,265.2300109863281,270.6300048828125,261.489990234375,268.9100036621094,401300
2022-08-10,257.55523681640625,269.7300109863281,272.8500061035156,267.30999755859375,269.95001220703125,308700
2022-08-11,253.98402404785156,265.989990234375,273.0,265.739990234375,271.7900085449219,165300
2022-08-12,258.63421630859375,270.8599853515625,271.1700134277344,266.4599914550781,268.1300048828125,162000
2022-08-15,264.0960693359375,276.5799865722656,279.75,271.1300048828125,272.19000244140625,247800
2022-08-16,264.99359130859375,277.5199890136719,278.8699951171875,271.6600036621094,274.2900085449219,132800
2022-08-17,261.8712158203125,274.25,274.7300109863281,266.54998779296875,273.7900085449219,209100
2022-08-18,260.22882080078125,272.5299987792969,275.3299865722656,270.7799987792969,274.57000732421875,131600
2022-08-19,250.4701385498047,262.30999755859375,269.82000732421875,261.239990234375,269.82000732421875,169400
2022-08-22,246.42152404785156,258.07000732421875,260.32000732421875,256.4599914550781,260.0,251500
2022-08-23,240.3867950439453,251.75,257.2900085449219,251.33999633789062,257.2900085449219,270500
2022-08-24,242.5638885498047,254.02999877929688,255.69000244140625,250.0,251.91000366210938,410300
2022-08-25,244.43539428710938,255.99000549316406,256.3399963378906,252.64999389648438,255.1300048828125,316700
2022-08-26,233.89370727539062,244.9499969482422,257.260009765625,244.88999938964844,256.7900085449219,273800
2022-08-29,231.5352020263672,242.47999572753906,246.27000427246094,241.7100067138672,244.2100067138672,513000
2022-08-30,232.98660278320312,244.0,246.3800048828125,239.50999450683594,244.97999572753906,857600
2022-08-31,237.36944580078125,248.58999633789062,249.8699951171875,244.05999755859375,246.64999389648438,416400
2022-09-01,239.97618103027344,251.32000732421875,251.5399932861328,240.32000732421875,247.22000122070312,355200
2022-09-02,238.62986755371094,249.91000366210938,257.0799865722656,249.24000549316406,253.83999633789062,346300
2022-09-06,231.6306915283203,242.5800018310547,252.27000427246094,241.85000610351562,250.8300018310547,453300
2022-09-07,236.53868103027344,247.72000122070312,248.39999389648438,235.4199981689453,241.41000366210938,449100
2022-09-08,245.342529296875,256.94000244140625,257.1000061035156,243.41000366210938,246.00999450683594,328000
2022-09-09,253.92669677734375,265.92999267578125,266.1300048828125,256.260009765625,257.8999938964844,363400
2022-09-12,252.11253356933594,264.0299987792969,273.1600036621094,263.5,267.5400085449219,405400
2022-09-13,249.73487854003906,261.5400085449219,265.739990234375,255.08999633789062,258.44000244140625,382900
2022-09-14,251.06211853027344,262.92999267578125,265.5899963378906,258.44000244140625,261.5,391900
2022-09-15,245.21839904785156,256.80999755859375,265.95001220703125,254.13999938964844,262.1600036621094,352500
2022-09-16,240.7210235595703,252.10000610351562,260.8900146484375,251.4199981689453,256.0,1155700
2022-09-19,227.7634735107422,238.52999877929688,248.97999572753906,236.33999633789062,248.24000549316406,536900
2022-09-20,225.15673828125,235.8000030517578,238.25,231.25999450683594,236.57000732421875,430300
2022-09-21,223.81039428710938,234.38999938964844,242.89999389648438,233.25999450683594,238.60000610351562,338800
2022-09-22,217.6133270263672,227.89999389648438,233.3699951171875,227.6300048828125,233.3699951171875,343500
2022-09-23,217.2122344970703,227.47999572753906,229.4499969482422,225.02000427246094,227.33999633789062,312700
2022-09-26,215.2165985107422,225.38999938964844,229.3699951171875,223.7899932861328,226.74000549316406,236600
2022-09-27,209.1723175048828,219.05999755859375,228.19000244140625,218.36000061035156,227.02000427246094,211900
2022-09-28,213.08724975585938,223.16000366210938,225.2899932861328,217.44000244140625,221.1300048828125,277900
2022-09-29,214.4622802734375,224.60000610351562,226.9199981689453,219.41000366210938,221.94000244140625,367600
2022-09-30,212.44749450683594,222.49000549316406,229.0800018310547,221.27999877929688,223.66000366210938,414100
2022-10-03,221.13674926757812,231.58999633789062,231.72999572753906,220.5,223.27000427246094,411300
2022-10-04,225.4813690185547,236.13999938964844,236.47999572753906,233.85000610351562,234.3699951171875,287300
2022-10-05,228.72787475585938,239.5399932861328,241.00999450683594,233.36000061035156,234.24000549316406,337800
2022-10-06,227.49615478515625,238.25,241.4199981689453,236.97000122070312,239.69000244140625,230100
2022-10-07,224.98484802246094,235.6199951171875,236.14999389648438,233.35000610351562,235.3000030517578,278300
2022-10-10,222.30169677734375,232.80999755859375,236.8000030517578,231.17999267578125,236.8000030517578,260300
2022-10-11,221.14630126953125,231.60000610351562,234.97000122070312,228.64999389648438,231.94000244140625,333300
2022-10-12,226.44580078125,237.14999389648438,239.80999755859375,230.60000610351562,233.16000366210938,273800
2022-10-13,228.11679077148438,238.89999389648438,239.9199981689453,228.72999572753906,230.77999877929688,273300
2022-10-14,219.39891052246094,229.77000427246094,243.72999572753906,229.32000732421875,242.11000061035156,276900
2022-10-17,225.21400451660156,235.86000061035156,237.9600067138672,233.47000122070312,233.47000122070312,270000
2022-10-18,230.27481079101562,241.16000366210938,243.5800018310547,238.5,241.97000122070312,387000
2022-10-19,222.931884765625,233.47000122070312,244.9199981689453,231.0399932861328,239.0,442200
2022-10-20,221.03172302246094,231.47999572753906,238.97999572753906,230.47999572753906,234.69000244140625,336300
2022-10-21,232.05081176757812,243.02000427246094,243.5,230.69000244140625,231.39999389648438,374000
2022-10-24,230.9527130126953,241.8699951171875,244.69000244140625,238.83999633789062,242.75,288400
2022-10-25,235.63156127929688,246.77000427246094,247.97999572753906,242.4199981689453,242.6199951171875,767300
2022-10-26,227.5438690185547,238.3000030517578,247.61000061035156,238.0399932861328,247.58999633789062,488100
2022-10-27,227.0664825439453,237.8000030517578,242.67999267578125,234.7899932861328,238.86000061035156,368500
2022-10-28,233.5308837890625,244.57000732421875,245.94000244140625,233.52000427246094,236.5,474400
2022-10-31,233.0247802734375,244.0399932861328,246.6300048828125,241.72000122070312,244.13999938964844,276400
2022-11-01,228.4569854736328,238.57000732421875,246.16000366210938,238.5399932861328,244.88999938964844,310800
2022-11-02,222.25169372558594,232.08999633789062,238.9199981689453,228.38999938964844,238.57000732421875,441500
2022-11-03,219.16815185546875,228.8699951171875,232.50999450683594,227.99000549316406,230.1699981689453,269100
2022-11-04,224.0711212158203,233.99000549316406,235.50999450683594,227.3800048828125,230.47000122070312,616000
2022-11-07,228.09307861328125,238.19000244140625,238.44000244140625,233.52999877929688,235.33999633789062,220600
2022-11-08,236.42430114746094,246.88999938964844,250.35000610351562,238.0399932861328,238.8300018310547,515900
2022-11-09,241.24107360839844,251.9199981689453,254.17999267578125,244.6199951171875,245.9600067138672,592000
2022-11-10,265.7079772949219,277.4700012207031,277.55999755859375,261.54998779296875,261.54998779296875,678800
2022-11-11,271.2908935546875,283.29998779296875,284.489990234375,270.6099853515625,276.989990234375,508200
2022-11-14,255.28927612304688,266.5899963378906,283.3599853515625,266.45001220703125,283.1499938964844,552700
2022-11-15,253.47938537597656,264.70001220703125,270.75,260.3999938964844,270.75,262000
2022-11-16,251.12364196777344,262.239990234375,265.1000061035156,261.5899963378906,265.1000061035156,256900
2022-11-17,245.6365203857422,256.510009765625,259.2900085449219,253.14999389648438,258.3500061035156,221200
2022-11-18,248.7774658203125,259.7900085449219,263.05999755859375,257.0799865722656,259.8900146484375,284300
2022-11-21,245.03321838378906,255.8800048828125,262.70001220703125,254.50999450683594,259.7699890136719,213300
2022-11-22,245.41627502441406,256.2799987792969,257.8800048828125,254.36000061035156,256.8999938964844,184100
2022-11-23,245.92379760742188,256.80999755859375,259.1199951171875,252.0500030517578,257.1499938964844,175800
2022-11-25,245.95248413085938,256.8399963378906,257.6600036621094,255.2899932861328,256.80999755859375,62900
2022-11-28,243.8266143798828,254.6199951171875,256.7200012207031,254.07000732421875,255.92999267578125,167100
2022-11-29,245.22470092773438,256.0799865722656,260.19000244140625,252.77999877929688,254.55999755859375,195500
2022-11-30,256.5628356933594,267.9200134277344,269.07000732421875,253.9600067138672,257.3399963378906,590500
2022-12-01,261.68603515625,273.2699890136719,277.29998779296875,268.5799865722656,269.3699951171875,429800
2022-12-02,269.2416076660156,281.1600036621094,281.6300048828125,268.1099853515625,268.9800109863281,456500
2022-12-05,272.70806884765625,284.7799987792969,286.8900146484375,278.6199951171875,279.8900146484375,567600
2022-12-06,272.9666748046875,285.04998779296875,288.3699951171875,281.5899963378906,283.9100036621094,464300
2022-12-07,263.4767761230469,275.1400146484375,287.0,271.7699890136719,284.1700134277344,391800
2022-12-08,271.1568298339844,283.1600036621094,285.0199890136719,275.3500061035156,277.07000732421875,364100
2022-12-09,269.0213317871094,280.92999267578125,284.8800048828125,278.8699951171875,283.1600036621094,273600
2022-12-12,274.5946350097656,286.75,287.80999755859375,276.94000244140625,280.0,425900
2022-12-13,277.1706237792969,289.44000244140625,295.8900146484375,285.8500061035156,295.05999755859375,412100
2022-12-14,273.4263610839844,285.5299987792969,293.4200134277344,284.6300048828125,288.0,308700
2022-12-15,266.73260498046875,278.5400085449219,284.54998779296875,277.489990234375,282.75,345700
2022-12-16,266.7804870605469,278.5899963378906,280.7799987792969,274.9100036621094,277.0,597700
2022-12-19,259.9719543457031,271.4800109863281,279.8800048828125,270.8999938964844,277.3299865722656,338200
2022-12-20,255.34664916992188,266.6499938964844,270.3999938964844,264.94000244140625,270.19000244140625,218900
2022-12-21,266.1963806152344,277.9800109863281,278.75,267.95001220703125,269.75,381600
2022-12-22,269.81622314453125,281.760009765625,281.8399963378906,274.6499938964844,274.80999755859375,314100
2022-12-23,268.94476318359375,280.8500061035156,282.6000061035156,277.239990234375,280.6700134277344,243100
2022-12-27,267.98712158203125,279.8500061035156,281.5400085449219,277.55999755859375,280.45001220703125,161200
2022-12-28,264.7312316894531,276.45001220703125,281.6300048828125,275.8800048828125,279.80999755859375,139200
2022-12-29,271.3196105957031,283.3299865722656,285.57000732421875,278.6000061035156,278.6300048828125,108300
2022-12-30,267.06781005859375,278.8900146484375,282.2200012207031,275.8299865722656,279.70001220703125,124800
2023-01-03,272.7943420410156,284.8699951171875,285.8999938964844,277.7900085449219,281.8699951171875,199700
2023-01-04,274.61376953125,286.7699890136719,290.9700012207031,282.3699951171875,288.1099853515625,230500
2023-01-05,285.5880126953125,298.2300109863281,298.4800109863281,284.4700012207031,284.8999938964844,466500
2023-01-06,300.689453125,314.0,315.1000061035156,297.9100036621094,300.4100036621094,464000
2023-01-09,305.57330322265625,319.1000061035156,324.07000732421875,313.5400085449219,314.3399963378906,582500
2023-01-10,307.50762939453125,321.1199951171875,322.3999938964844,317.8599853515625,318.54998779296875,304200
2023-01-11,313.3874206542969,327.260009765625,327.5,317.04998779296875,322.8299865722656,343100
2023-01-12,309.89208984375,323.6099853515625,329.260009765625,321.2900085449219,328.8999938964844,337700
2023-01-13,315.0728454589844,329.0199890136719,330.1700134277344,322.0,322.0,289000
2023-01-17,314.13433837890625,328.0400085449219,333.2300109863281,326.6400146484375,329.0199890136719,326100
2023-01-18,314.8429870605469,328.7799987792969,331.6700134277344,327.6600036621094,329.17999267578125,226900
2023-01-19,313.2629699707031,327.1300048828125,332.3900146484375,326.8299865722656,326.9800109863281,228200
2023-01-20,321.7377624511719,335.9800109863281,336.989990234375,325.989990234375,328.9700012207031,271200
2023-01-23,319.8799743652344,334.0400085449219,337.25,330.8500061035156,335.8699951171875,265600
2023-01-24,315.5516357421875,329.5199890136719,335.67999267578125,324.57000732421875,333.8699951171875,433500
2023-01-25,347.8805236816406,363.2799987792969,364.7200012207031,325.0799865722656,327.0799865722656,838300
2023-01-26,353.6932067871094,369.3500061035156,369.9599914550781,361.1099853515625,368.6499938964844,493400
2023-01-27,356.5851745605469,372.3699951171875,375.7300109863281,364.44000244140625,368.7200012207031,315200
2023-01-30,351.5960388183594,367.1600036621094,371.5299987792969,363.7300109863281,370.92999267578125,379400
2023-01-31,348.4263610839844,363.8500061035156,368.5400085449219,362.2799987792969,365.94000244140625,766200
2023-02-01,361.0189208984375,377.0,377.1000061035156,363.6300048828125,363.8500061035156,350500
2023-02-02,363.83428955078125,379.94000244140625,389.57000732421875,375.260009765625,379.9700012207031,368900
2023-02-03,331.2372131347656,345.8999938964844,370.0,344.739990234375,369.1000061035156,709700
2023-02-06,335.8529357910156,350.7200012207031,354.1199951171875,341.510009765625,342.69000244140625,365600
2023-02-07,341.45684814453125,355.8399963378906,357.6400146484375,347.67999267578125,349.760009765625,322500
2023-02-08,340.6795654296875,355.0299987792969,356.7900085449219,349.239990234375,353.6600036621094,274300
2023-02-09,338.069580078125,352.30999755859375,359.20001220703125,351.44000244140625,356.95001220703125,294000
2023-02-10,336.0351867675781,350.19000244140625,352.6000061035156,344.04998779296875,349.75,338900
2023-02-13,339.5664978027344,353.8699951171875,356.3299865722656,349.8900146484375,352.2300109863281,248700
2023-02-14,341.6871643066406,356.0799865722656,359.2900085449219,353.260009765625,353.260009765625,152500
2023-02-15,344.0381164550781,358.5299987792969,359.6099853515625,353.57000732421875,353.57000732421875,194000
2023-02-16,345.0072937011719,359.5400085449219,362.1600036621094,353.6199951171875,354.2900085449219,237200
2023-02-17,340.8139343261719,355.1700134277344,361.3299865722656,353.9700012207031,357.55999755859375,232800
2023-02-21,340.8907470703125,355.25,359.2900085449219,352.0299987792969,352.8800048828125,231500
2023-02-22,337.23468017578125,351.44000244140625,359.44000244140625,349.8800048828125,357.4599914550781,196300
2023-02-23,333.79937744140625,347.8599853515625,355.17999267578125,346.7799987792969,355.17999267578125,184000
2023-02-24,332.609619140625,346.6199951171875,354.6400146484375,344.95001220703125,346.7799987792969,257800
2023-02-27,328.53131103515625,342.3699951171875,353.0,342.19000244140625,349.7099914550781,269500
2023-02-28,327.6485290527344,341.45001220703125,346.2699890136719,340.1099853515625,343.3999938964844,462600
2023-03-01,333.2333068847656,347.2699890136719,347.2699890136719,335.75,340.3399963378906,296500
2023-03-02,340.4397277832031,354.7799987792969,355.510009765625,347.32000732421875,347.94000244140625,202700
2023-03-03,354.5838928222656,369.5199890136719,369.989990234375,356.2900085449219,356.5,349600
2023-03-06,352.0890197753906,366.9200134277344,375.07000732421875,365.510009765625,368.54998779296875,286400
2023-03-07,344.78662109375,359.30999755859375,368.0199890136719,357.67999267578125,367.5899963378906,300000
2023-03-08,344.5754699707031,359.0899963378906,362.2200012207031,357.94000244140625,358.04998779296875,188400
2023-03-09,339.0675048828125,353.3500061035156,361.30999755859375,351.4700012207031,358.8999938964844,233600
2023-03-10,332.715087890625,346.7300109863281,359.9700012207031,345.57000732421875,353.0899963378906,374400
2023-03-13,349.60369873046875,364.3299865722656,368.5400085449219,341.07000732421875,342.3399963378906,618800
2023-03-14,356.5030822753906,371.5199890136719,371.94000244140625,364.1300048828125,367.5299987792969,416300
2023-03-15,364.51556396484375,379.8699951171875,381.2200012207031,367.79998779296875,367.79998779296875,604700
2023-03-16,372.65283203125,388.3500061035156,390.42999267578125,375.3800048828125,380.3500061035156,541600
2023-03-17,374.015380859375,389.7699890136719,397.2699890136719,386.54998779296875,388.70001220703125,1374000
2023-03-20,370.9638977050781,386.5899963378906,391.94000244140625,382.07000732421875,389.0400085449219,404900
2023-03-21,368.95843505859375,384.5,394.6099853515625,381.6400146484375,390.0,352000
2023-03-22,362.2030029296875,377.4599914550781,388.3999938964844,377.1099853515625,384.5,319000
2023-03-23,367.72052001953125,383.2099914550781,386.1400146484375,375.0400085449219,378.3699951171875,290800
2023-03-24,370.38818359375,385.989990234375,386.0,379.3999938964844,380.9100036621094,172900
2023-03-27,365.686279296875,381.0899963378906,390.0,378.8599853515625,387.70001220703125,261300
2023-03-28,367.07763671875,382.5400085449219,390.0,381.1499938964844,382.2900085449219,238000
2023-03-29,368.9775695800781,384.5199890136719,387.5400085449219,379.010009765625,385.2900085449219,200500
2023-03-30,372.1826171875,387.8599853515625,392.67999267578125,387.44000244140625,387.92999267578125,357400
2023-03-31,375.4739685058594,391.2900085449219,392.07000732421875,383.4200134277344,389.5199890136719,376500
2023-04-03,373.43011474609375,389.1600036621094,390.70001220703125,387.5299987792969,388.07000732421875,206500
2023-04-04,376.43359375,392.2900085449219,399.7799987792969,386.1400146484375,388.17999267578125,381200
2023-04-05,324.08843994140625,337.739990234375,387.8699951171875,335.5899963378906,386.75,1042200
2023-04-06,329.4140930175781,343.2900085449219,345.0899963378906,332.29998779296875,334.5899963378906,477300
2023-04-10,322.1309509277344,335.70001220703125,343.1300048828125,333.7699890136719,339.8999938964844,420600
2023-04-11,324.6929931640625,338.3699951171875,340.9200134277344,333.8999938964844,335.70001220703125,296800
2023-04-12,323.9444580078125,337.5899963378906,342.29998779296875,334.17999267578125,340.1499938964844,365100
2023-04-13,326.7369384765625,340.5,343.3999938964844,337.3900146484375,339.7200012207031,315500
2023-04-14,322.41888427734375,336.0,344.44000244140625,334.92999267578125,340.5,279500
2023-04-17,326.4394836425781,340.19000244140625,340.5199890136719,334.45001220703125,334.70001220703125,264700
2023-04-18,323.2248229980469,336.8399963378906,341.9200134277344,335.0,340.4800109863281,312700
2023-04-19,322.2364501953125,335.80999755859375,339.42999267578125,332.989990234375,334.3800048828125,356500
2023-04-20,319.252197265625,332.70001220703125,336.55999755859375,330.8500061035156,335.3699951171875,320500
2023-04-21,313.7921447753906,327.010009765625,333.05999755859375,326.04998779296875,331.8900146484375,394800
2023-04-24,307.2286376953125,320.1700134277344,329.1499938964844,318.55999755859375,327.1000061035156,434900
2023-04-25,302.9969787597656,315.760009765625,319.05999755859375,311.9700012207031,318.1300048828125,516800
2023-04-26,297.9879455566406,310.5400085449219,324.9700012207031,308.04998779296875,324.9700012207031,357500
2023-04-27,300.5020446777344,313.1600036621094,314.989990234375,301.9200134277344,312.20001220703125,297700
2023-04-28,305.5013732910156,318.3699951171875,318.9800109863281,311.2799987792969,312.989990234375,297400
2023-05-01,304.4650573730469,317.2900085449219,322.25,315.7300109863281,318.1600036621094,297200
2023-05-02,306.1731262207031,319.07000732421875,320.2300109863281,312.760009765625,316.6300048828125,277400
2023-05-03,286.49212646484375,298.55999755859375,316.07000732421875,297.239990234375,316.07000732421875,510000
2023-05-04,285.08154296875,297.0899963378906,301.2699890136719,294.25,298.4800109863281,347300
2023-05-05,288.1905822753906,300.3299865722656,300.4200134277344,296.3299865722656,298.7099914550781,246200
2023-05-08,287.38458251953125,299.489990234375,301.1700134277344,297.8299865722656,299.7699890136719,224900
2023-05-09,288.346435546875,299.7699890136719,301.3299865722656,297.239990234375,297.6199951171875,231300
2023-05-10,289.7027282714844,301.17999267578125,303.7699890136719,299.0,302.3399963378906,265000
2023-05-11,288.80810546875,300.25,302.8999938964844,297.0400085449219,300.80999755859375,184300
2023-05-12,287.8269958496094,299.2300109863281,303.8500061035156,297.95001220703125,300.7200012207031,138400
2023-05-15,282.38275146484375,293.57000732421875,301.2200012207031,293.3800048828125,299.30999755859375,252500
2023-05-16,280.3530578613281,291.4599914550781,292.8599853515625,288.8699951171875,291.3399963378906,285400
2023-05-17,278.6217346191406,289.6600036621094,292.0,287.3900146484375,290.2699890136719,161000
2023-05-18,277.0538024902344,288.0299987792969,289.8800048828125,283.8999938964844,288.0899963378906,218600
2023-05-19,273.74493408203125,284.5899963378906,289.2200012207031,282.7900085449219,289.2200012207031,513700
2023-05-22,275.6783447265625,286.6000061035156,289.6199951171875,284.4100036621094,285.4800109863281,304100
2023-05-23,267.8773498535156,278.489990234375,284.79998779296875,277.3599853515625,284.04998779296875,364400
2023-05-24,265.6264953613281,276.1499938964844,279.2799987792969,275.0799865722656,278.3500061035156,215600
2023-05-25,264.174072265625,274.6400146484375,276.3299865722656,271.95001220703125,276.3299865722656,213500
2023-05-26,268.6372375488281,279.2799987792969,279.44000244140625,273.6300048828125,274.3500061035156,234300
2023-05-30,268.2909851074219,278.9200134277344,281.7900085449219,277.8299865722656,279.3299865722656,354600
2023-05-31,262.0290832519531,272.4100036621094,278.5799865722656,270.5899963378906,277.9700012207031,905300
2023-06-01,266.7615966796875,277.3299865722656,277.42999267578125,272.8500061035156,273.70001220703125,270700
2023-06-02,270.7823181152344,281.510009765625,282.8900146484375,275.1700134277344,277.5899963378906,287100
2023-06-05,263.45269775390625,273.8900146484375,279.1400146484375,268.489990234375,279.1400146484375,469100
2023-06-06,256.18072509765625,266.3299865722656,275.19000244140625,264.5299987792969,271.7300109863281,632700
2023-06-07,261.2113952636719,271.55999755859375,272.8699951171875,264.6600036621094,265.9599914550781,312800
2023-06-08,265.8958740234375,276.42999267578125,278.0199890136719,269.6499938964844,270.5400085449219,330500
2023-06-09,266.10748291015625,276.6499938964844,278.8699951171875,273.0299987792969,276.239990234375,322200
2023-06-12,260.00909423828125,270.30999755859375,276.55999755859375,267.510009765625,276.55999755859375,326000
2023-06-13,257.7679138183594,267.9800109863281,274.1499938964844,267.3399963378906,273.17999267578125,371600
2023-06-14,265.6264953613281,276.1499938964844,276.3699951171875,266.6199951171875,268.80999755859375,430800
2023-06-15,269.5318298339844,280.2099914550781,282.6700134277344,274.25,274.5199890136719,384600
2023-06-16,266.58843994140625,277.1499938964844,282.9100036621094,274.3399963378906,282.9100036621094,1206700
2023-06-20,264.01055908203125,274.4700012207031,275.92999267578125,270.2799987792969,274.9700012207031,327000
2023-06-21,256.72906494140625,266.8999938964844,274.4599914550781,266.7200012207031,272.67999267578125,349400
2023-06-22,255.3246612548828,265.44000244140625,268.95001220703125,263.3999938964844,267.4800109863281,335800
2023-06-23,252.9777069091797,263.0,265.8399963378906,262.5400085449219,263.0,311800
2023-06-26,252.74681091308594,262.760009765625,264.94000244140625,261.0299987792969,262.6199951171875,221300
2023-06-27,249.48599243164062,259.3699951171875,266.1400146484375,259.32000732421875,263.6099853515625,277400
2023-06-28,248.06240844726562,257.8900146484375,261.1400146484375,257.239990234375,260.239990234375,317300
2023-06-29,251.9965362548828,261.9800109863281,263.7200012207031,255.3800048828125,256.8999938964844,557400
2023-06-30,251.4578857421875,261.4200134277344,264.6099853515625,259.2699890136719,263.5199890136719,303400
2023-07-03,252.16004943847656,262.1499938964844,264.0400085449219,260.6700134277344,261.8399963378906,167500
2023-07-05,248.53372192382812,258.3800048828125,261.7799987792969,255.02000427246094,261.7799987792969,338100
2023-07-06,241.05020141601562,250.60000610351562,256.70001220703125,247.69000244140625,255.3800048828125,648200
2023-07-07,238.64547729492188,248.10000610351562,252.02000427246094,247.35000610351562,250.5,298500
2023-07-10,237.77975463867188,247.1999969482422,249.75,245.24000549316406,246.72999572753906,513000
2023-07-11,237.54891967773438,246.9600067138672,249.67999267578125,244.97000122070312,246.6999969482422,308300
2023-07-12,241.22332763671875,250.77999877929688,250.92999267578125,246.17999267578125,249.38999938964844,387300
2023-07-13,242.52188110351562,252.1300048828125,253.97999572753906,249.38999938964844,251.33999633789062,450600
2023-07-14,240.9924774169922,250.5399932861328,253.64999389648438,249.99000549316406,252.88999938964844,339300
2023-07-17,245.5710906982422,255.3000030517578,255.55999755859375,247.0,249.5500030517578,486900
2023-07-18,247.15826416015625,256.95001220703125,258.6199951171875,254.4199981689453,254.75999450683594,415700
2023-07-19,251.1885528564453,261.1400146484375,261.239990234375,257.3800048828125,258.2900085449219,587000
2023-07-20,256.72906494140625,266.8999938964844,278.8500061035156,260.8999938964844,260.8999938964844,817700
2023-07-21,260.2976379394531,270.6099853515625,272.9599914550781,264.29998779296875,267.80999755859375,441800
2023-07-24,260.9709777832031,271.30999755859375,274.07000732421875,266.94000244140625,270.07000732421875,345400
2023-07-25,259.1723327636719,269.44000244140625,272.5,267.25,269.8299865722656,244600
2023-07-26,263.9239807128906,274.3800048828125,275.1400146484375,267.45001220703125,269.0400085449219,232100
2023-07-27,259.2299499511719,269.5,276.30999755859375,268.5,273.9800109863281,285400
2023-07-28,260.64398193359375,270.9700012207031,275.0899963378906,270.5799865722656,273.95001220703125,269700
2023-07-31,258.9606018066406,269.2200012207031,271.7099914550781,267.6000061035156,271.0,304800
2023-08-01,253.27024841308594,262.6000061035156,269.3299865722656,260.44000244140625,268.239990234375,234200
2023-08-02,252.01644897460938,261.29998779296875,263.8399963378906,259.2799987792969,261.2300109863281,324200
2023-08-03,239.8544464111328,248.69000244140625,258.6700134277344,248.58999633789062,257.989990234375,506000
2023-08-04,234.22193908691406,242.85000610351562,250.97999572753906,242.42999267578125,248.75,591200
2023-08-07,235.6975555419922,244.3800048828125,246.36000061035156,242.05999755859375,246.36000061035156,307600
2023-08-08,228.6087188720703,237.02999877929688,241.11000061035156,235.67999267578125,241.11000061035156,379500
2023-08-09,230.1036376953125,238.5800018310547,241.5,237.94000244140625,238.2899932861328,181200
2023-08-10,228.2229461669922,236.6300048828125,240.8000030517578,235.7100067138672,238.75,286300
2023-08-11,225.92747497558594,234.25,239.10000610351562,233.5,237.1300048828125,216700
2023-08-14,228.57012939453125,236.99000549316406,241.5,234.1300048828125,234.88999938964844,392300
2023-08-15,224.3072052001953,232.57000732421875,238.05999755859375,232.16000366210938,235.69000244140625,258700
2023-08-16,236.61383056640625,245.3300018310547,245.6199951171875,235.47999572753906,235.49000549316406,429900
2023-08-17,240.32705688476562,249.17999267578125,250.49000549316406,240.75999450683594,245.33999633789062,464700
2023-08-18,239.38186645507812,248.1999969482422,250.77000427246094,246.85000610351562,247.4199981689453,322700
2023-08-21,241.44583129882812,250.33999633789062,253.11000061035156,244.1999969482422,247.1699981689453,372000
2023-08-22,240.4620819091797,249.32000732421875,251.0800018310547,245.7899932861328,249.77999877929688,254800
2023-08-23,241.5326385498047,250.42999267578125,252.91000366210938,249.3000030517578,249.5500030517578,226400
2023-08-24,236.58489990234375,245.3000030517578,250.63999938964844,244.6999969482422,250.42999267578125,534100
2023-08-25,235.86154174804688,244.5500030517578,246.6300048828125,242.8000030517578,245.27000427246094,367700
2023-08-28,237.144287109375,245.8800048828125,246.58999633789062,242.8000030517578,245.24000549316406,259700
2023-08-29,237.5976104736328,246.35000610351562,246.44000244140625,243.1999969482422,246.00999450683594,251800
2023-08-30,234.62701416015625,243.27000427246094,246.74000549316406,242.60000610351562,246.00999450683594,205100
2023-08-31,232.37014770507812,240.92999267578125,244.05999755859375,240.2899932861328,243.6699981689453,482100
2023-09-01,230.35440063476562,238.83999633789062,243.30999755859375,237.02000427246094,243.30999755859375,237100
2023-09-05,233.4214324951172,242.02000427246094,246.39999389648438,237.66000366210938,237.77999877929688,331300
2023-09-06,220.72897338867188,228.86000061035156,240.8300018310547,227.97000122070312,239.77999877929688,829800
2023-09-07,219.21473693847656,227.2899932861328,228.16000366210938,223.22000122070312,226.72999572753906,600200
2023-09-08,218.5782012939453,226.6300048828125,228.74000549316406,223.8699951171875,227.6699981689453,359400
2023-09-11,216.7843017578125,224.77000427246094,231.00999450683594,223.83999633789062,228.49000549316406,579100
2023-09-12,214.17056274414062,222.05999755859375,228.9199981689453,221.2899932861328,224.67999267578125,499700
2023-09-13,212.6273956298828,220.4600067138672,226.4600067138672,218.6999969482422,221.64999389648438,552300
2023-09-14,220.90255737304688,229.0399932861328,230.4499969482422,219.99000549316406,219.99000549316406,528100
2023-09-15,216.64926147460938,224.6300048828125,233.50999450683594,222.27999877929688,230.4199981689453,1483000
2023-09-18,219.05079650878906,227.1199951171875,227.4499969482422,222.35000610351562,223.57000732421875,325200
2023-09-19,216.18629455566406,224.14999389648438,228.55999755859375,223.91000366210938,227.44000244140625,359400
2023-09-20,215.3375701904297,223.27000427246094,226.05999755859375,221.89999389648438,224.61000061035156,290800
2023-09-21,207.38070678710938,215.02000427246094,223.8800048828125,214.99000549316406,222.10000610351562,376200
2023-09-22,208.2969512939453,215.97000122070312,218.86000061035156,215.1300048828125,215.61000061035156,407000
2023-09-25,203.78318786621094,211.2899932861328,214.35000610351562,210.08999633789062,213.89999389648438,327700
2023-09-26,198.3917999267578,205.6999969482422,210.72000122070312,205.4499969482422,210.36000061035156,473700
2023-09-27,194.611083984375,201.77999877929688,207.07000732421875,201.75999450683594,206.41000366210938,487400
2023-09-28,201.9893035888672,209.42999267578125,209.49000549316406,200.00999450683594,202.83999633789062,585700
2023-09-29,206.0497283935547,213.63999938964844,216.80999755859375,210.07000732421875,212.14999389648438,950200
2023-10-02,202.49081420898438,209.9499969482422,213.77000427246094,208.25999450683594,212.9600067138672,363900
2023-10-03,197.48521423339844,204.75999450683594,211.38999938964844,204.08999633789062,208.41000366210938,298000
2023-10-04,205.70249938964844,213.27999877929688,214.13999938964844,204.4199981689453,205.0500030517578,714400
2023-10-05,217.5944366455078,225.61000061035156,226.58999633789062,210.82000732421875,210.82000732421875,787600
2023-10-06,230.24832153320312,238.72999572753906,240.25,231.91000366210938,233.5,885000
2023-10-09,228.78233337402344,237.2100067138672,239.1300048828125,234.6699981689453,234.9199981689453,542600
2023-10-10,225.36807250976562,233.6699981689453,240.0399932861328,232.99000549316406,237.3300018310547,397800
2023-10-11,228.18435668945312,236.58999633789062,236.8000030517578,231.9199981689453,233.86000061035156,359100
2023-10-12,231.90721130371094,240.4499969482422,241.61000061035156,235.9600067138672,237.36000061035156,593800
2023-10-13,230.29652404785156,238.77999877929688,241.39999389648438,235.52000427246094,241.39999389648438,294200
2023-10-16,233.44073486328125,242.0399932861328,245.97999572753906,239.75999450683594,241.30999755859375,451600
2023-10-17,232.14833068847656,240.6999969482422,243.1699981689453,239.5,240.97000122070312,247300
2023-10-18,228.03968811035156,236.44000244140625,239.85000610351562,236.14999389648438,239.80999755859375,304900
2023-10-19,226.48690795898438,234.8300018310547,238.17999267578125,234.33999633789062,236.32000732421875,348900
2023-10-20,227.017333984375,235.3800048828125,237.85000610351562,233.22000122070312,235.3000030517578,473200
2023-10-23,226.93051147460938,235.2899932861328,239.14999389648438,232.39999389648438,234.27999877929688,474100
2023-10-24,227.5381622314453,235.9199981689453,238.0800018310547,233.97999572753906,235.55999755859375,360100
2023-10-25,206.47410583496094,214.0800018310547,234.22000122070312,203.2100067138672,230.22000122070312,1343800
2023-10-26,205.0466766357422,212.60000610351562,223.89999389648438,208.58999633789062,215.58999633789062,720700
2023-10-27,198.69081115722656,206.00999450683594,219.97999572753906,204.5,214.3699951171875,553200
2023-10-30,206.54159545898438,214.14999389648438,215.5500030517578,208.6699981689453,208.75,625800
2023-10-31,206.15582275390625,213.75,214.05999755859375,208.66000366210938,213.5500030517578,362600
2023-11-01,209.52182006835938,217.24000549316406,218.07000732421875,213.1300048828125,213.75999450683594,454700
2023-11-02,213.5340118408203,221.39999389648438,223.61000061035156,218.8300018310547,219.64999389648438,389900
2023-11-03,212.25128173828125,220.07000732421875,224.8300018310547,218.77999877929688,224.8300018310547,449700
2023-11-06,212.2802276611328,220.10000610351562,225.55999755859375,219.4600067138672,222.8000030517578,369500
2023-11-07,209.52244567871094,216.52999877929688,220.02999877929688,215.72000122070312,220.02999877929688,223400
2023-11-08,215.79275512695312,223.00999450683594,224.88999938964844,214.6199951171875,216.05999755859375,377700
2023-11-09,219.5181121826172,226.86000061035156,227.5500030517578,222.69000244140625,223.99000549316406,358800
2023-11-10,215.72499084472656,222.94000244140625,226.0,220.47000122070312,226.0,338400
2023-11-13,214.33157348632812,221.5,224.86000061035156,218.91000366210938,222.5500030517578,189200
2023-11-14,220.78573608398438,228.1699981689453,231.27999877929688,225.7100067138672,226.3699951171875,278900
2023-11-15,220.18580627441406,227.5500030517578,229.75,226.10000610351562,227.85000610351562,259300
2023-11-16,219.36326599121094,226.6999969482422,230.2899932861328,226.33999633789062,228.47000122070312,229700
2023-11-17,220.79541015625,228.17999267578125,230.5800018310547,225.67999267578125,229.00999450683594,229100
2023-11-20,221.15342712402344,228.5500030517578,230.32000732421875,225.08999633789062,226.6699981689453,283000
2023-11-21,226.17547607421875,233.74000549316406,233.91000366210938,226.97000122070312,229.2899932861328,264500
2023-11-22,226.6399383544922,234.22000122070312,235.85000610351562,230.91000366210938,233.74000549316406,166900
2023-11-24,223.9112091064453,231.39999389648438,233.61000061035156,230.57000732421875,232.69000244140625,108300
2023-11-27,222.82745361328125,230.27999877929688,231.49000549316406,228.92999267578125,231.14999389648438,212400
2023-11-28,223.51449584960938,230.99000549316406,232.80999755859375,230.0,230.3800048828125,243500
2023-11-29,229.4170379638672,237.08999633789062,238.63999938964844,230.8300018310547,230.99000549316406,337400
2023-11-30,232.34896850585938,240.1199951171875,241.57000732421875,236.94000244140625,238.8300018310547,601800
2023-12-01,232.39735412597656,240.1699981689453,244.17999267578125,236.39999389648438,240.02000427246094,268000
2023-12-04,230.8394775390625,238.55999755859375,242.25999450683594,236.61000061035156,239.5399932861328,364900
2023-12-05,243.13812255859375,251.27000427246094,253.91000366210938,238.55999755859375,238.55999755859375,503700
2023-12-06,253.56924438476562,262.04998779296875,265.0799865722656,253.4499969482422,253.4499969482422,805600
2023-12-07,252.43716430664062,260.8800048828125,270.3299865722656,258.510009765625,264.1400146484375,395000
2023-12-08,253.2112274169922,261.67999267578125,262.1099853515625,259.04998779296875,260.0,402700
2023-12-11,254.749755859375,263.2699890136719,263.8599853515625,260.9599914550781,261.760009765625,317900
2023-12-12,255.23355102539062,263.7699890136719,264.260009765625,260.7699890136719,263.42999267578125,294700
2023-12-13,262.35546875,271.1300048828125,271.3599853515625,263.0400085449219,264.5299987792969,242200
2023-12-14,274.9637145996094,284.1600036621094,287.989990234375,272.3599853515625,273.29998779296875,626300
2023-12-15,270.1642761230469,279.20001220703125,282.55999755859375,275.9200134277344,282.55999755859375,771000
2023-12-18,272.8252258300781,281.95001220703125,285.8599853515625,275.8299865722656,284.54998779296875,284100
2023-12-19,272.7768249511719,281.8999938964844,283.7099914550781,277.8699951171875,282.44000244140625,322300
2023-12-20,269.4288635253906,278.44000244140625,286.6400146484375,275.9599914550781,281.489990234375,337700
2023-12-21,276.4344787597656,285.67999267578125,286.1700134277344,278.489990234375,281.489990234375,204300
2023-12-22,278.8633117675781,288.19000244140625,289.3800048828125,283.44000244140625,286.2200012207031,220000
2023-12-26,282.1629333496094,291.6000061035156,292.010009765625,288.0799865722656,288.0799865722656,116900
2023-12-27,286.2560119628906,295.8299865722656,296.1199951171875,291.0,291.0,147800
2023-12-28,286.8270263671875,296.4200134277344,297.3500061035156,293.8699951171875,295.1499938964844,143200
2023-12-29,283.37249755859375,292.8500061035156,297.9700012207031,290.1000061035156,295.1400146484375,216200
2024-01-02,277.1796569824219,286.45001220703125,291.70001220703125,279.1000061035156,291.70001220703125,356600
2024-01-03,269.94171142578125,278.9700012207031,285.82000732421875,277.2900085449219,285.82000732421875,372000
2024-01-04,266.4775390625,275.3900146484375,277.6700134277344,267.260009765625,277.6700134277344,553200
2024-01-05,267.2323303222656,276.1700134277344,281.17999267578125,273.4800109863281,275.010009765625,303800
2024-01-08,268.4998779296875,277.4800109863281,279.3599853515625,275.3399963378906,276.5400085449219,268000
2024-01-09,263.5649719238281,272.3800048828125,276.9800109863281,272.0400085449219,274.6000061035156,191600
2024-01-10,263.197265625,272.0,273.1499938964844,269.45001220703125,271.8699951171875,292700
2024-01-11,261.4748840332031,270.2200012207031,272.989990234375,266.260009765625,272.989990234375,270600
2024-01-12,260.2750244140625,268.9800109863281,272.9700012207031,268.8500061035156,272.9700012207031,204300
2024-01-16,260.2943115234375,269.0,269.3800048828125,265.760009765625,268.7099914550781,250300
2024-01-17,256.0367736816406,264.6000061035156,267.0,262.32000732421875,265.1700134277344,195100
2024-01-18,256.1528625488281,264.7200012207031,265.1300048828125,262.8800048828125,265.010009765625,226800
2024-01-19,257.3236999511719,265.92999267578125,266.5400085449219,262.0,265.6199951171875,257500
2024-01-22,257.7494812011719,266.3699951171875,267.94000244140625,264.70001220703125,267.0,246000
2024-01-23,263.6036376953125,272.4200134277344,272.6300048828125,266.92999267578125,267.7099914550781,318900
2024-01-24,265.9937744140625,274.8900146484375,278.4200134277344,274.1300048828125,274.20001220703125,366300
2024-01-25,264.5229187011719,273.3699951171875,276.57000732421875,269.1700134277344,276.57000732421875,239300
2024-01-26,267.5516357421875,276.5,277.2799987792969,274.75,276.239990234375,224200
2024-01-29,269.35137939453125,278.3599853515625,279.3299865722656,276.0,276.0,296500
2024-01-30,265.45184326171875,274.3299865722656,278.1400146484375,272.7699890136719,278.010009765625,475600
2024-01-31,218.21182250976562,225.50999450683594,280.8999938964844,224.8699951171875,280.8999938964844,1904300
2024-02-01,211.87379455566406,218.9600067138672,226.5500030517578,214.38999938964844,223.4199981689453,1376700
2024-02-02,217.4376983642578,224.7100067138672,225.3000030517578,215.14999389648438,217.55999755859375,1065200
2024-02-05,214.12840270996094,221.2899932861328,225.13999938964844,214.92999267578125,223.63999938964844,1076400
2024-02-06,214.09933471679688,221.25999450683594,221.63999938964844,214.85000610351562,220.16000366210938,827300
2024-02-07,219.0827178955078,226.41000366210938,227.4499969482422,220.1999969482422,222.5,518200
2024-02-08,216.9345245361328,224.19000244140625,229.86000061035156,223.5,224.0800018310547,392100
2024-02-09,216.0926971435547,223.32000732421875,226.61000061035156,220.11000061035156,224.17999267578125,284200
2024-02-12,219.35362243652344,226.69000244140625,228.30999755859375,222.0800018310547,223.35000610351562,325800
2024-02-13,212.9463348388672,219.35000610351562,224.5500030517578,216.55999755859375,222.75,645800
2024-02-14,209.8979949951172,216.2100067138672,222.89999389648438,215.7100067138672,221.52999877929688,383700
2024-02-15,214.062744140625,220.5,222.27000427246094,217.92999267578125,217.92999267578125,286100
2024-02-16,212.64537048339844,219.0399932861328,221.50999450683594,217.25,220.60000610351562,251300
2024-02-20,207.73309326171875,213.97999572753906,217.3699951171875,211.97999572753906,216.5,394000
2024-02-21,208.7233123779297,215.0,215.38999938964844,211.17999267578125,213.4499969482422,296100
2024-02-22,207.31564331054688,213.5500030517578,216.88999938964844,211.6999969482422,216.88999938964844,389000
2024-02-23,208.64564514160156,214.9199981689453,215.8000030517578,213.3000030517578,214.0,337400
2024-02-26,207.67486572265625,213.9199981689453,215.61000061035156,213.02999877929688,214.6300048828125,359200
2024-02-27,207.72335815429688,213.97000122070312,215.0,210.16000366210938,215.0,395500
2024-02-28,206.38365173339844,212.58999633789062,215.25999450683594,212.4499969482422,212.77000427246094,316500
2024-02-29,207.1797332763672,213.41000366210938,214.36000061035156,211.00999450683594,213.0,448900
2024-03-01,211.7716522216797,218.13999938964844,222.82000732421875,210.19000244140625,212.75999450683594,418500
2024-03-04,208.50003051757812,214.77000427246094,218.82000732421875,213.8000030517578,218.0,414000
2024-03-05,205.12159729003906,211.2899932861328,214.64999389648438,200.3699951171875,212.36000061035156,903500
2024-03-06,201.7043914794922,207.77000427246094,213.44000244140625,207.17999267578125,212.6199951171875,387500
2024-03-07,202.97613525390625,209.0800018310547,212.41000366210938,207.02999877929688,210.5,321400
2024-03-08,208.8397979736328,215.1199951171875,215.39999389648438,207.52999877929688,209.25,458500
2024-03-11,216.66448974609375,223.17999267578125,225.39999389648438,216.0,216.0,712500
2024-03-12,216.1790771484375,222.67999267578125,227.30999755859375,221.25999450683594,223.1699981689453,523800
2024-03-13,218.37310791015625,224.94000244140625,226.8699951171875,221.60000610351562,222.69000244140625,367000
2024-03-14,210.30569458007812,216.6300048828125,227.00999450683594,212.3000030517578,225.1199951171875,480000
2024-03-15,212.0725555419922,218.4499969482422,220.7100067138672,215.5399932861328,215.5399932861328,970500
2024-03-18,213.0627899169922,219.47000122070312,222.02000427246094,217.58999633789062,218.24000549316406,306100
2024-03-19,212.14053344726562,218.52000427246094,221.4600067138672,216.85000610351562,218.9199981689453,270500
2024-03-20,210.38339233398438,216.7100067138672,218.74000549316406,215.61000061035156,217.66000366210938,255900
2024-03-21,217.27609252929688,223.80999755859375,224.52000427246094,217.00999450683594,219.42999267578125,379300
2024-03-22,215.22769165039062,221.6999969482422,222.85000610351562,219.3699951171875,222.85000610351562,293200
2024-03-25,213.20840454101562,219.6199951171875,224.77999877929688,217.72999572753906,222.55999755859375,250100
2024-03-26,208.25732421875,214.52000427246094,220.88999938964844,214.3000030517578,220.88999938964844,341500
2024-03-27,211.39303588867188,217.75,217.9499969482422,213.0500030517578,216.2100067138672,333900
2024-03-28,212.84922790527344,219.25,221.8800048828125,217.1300048828125,218.0,258800
2024-04-01,210.2377471923828,216.55999755859375,219.60000610351562,213.47999572753906,219.44000244140625,243400
2024-04-02,208.10198974609375,214.36000061035156,217.41000366210938,212.27999877929688,215.42999267578125,247100
2024-04-03,208.66506958007812,214.94000244140625,215.8300018310547,210.6999969482422,213.24000549316406,316000
2024-04-04,218.2274932861328,224.7899932861328,226.41000366210938,217.85000610351562,217.85000610351562,546500
2024-04-05,218.8099822998047,225.38999938964844,225.72000122070312,220.72999572753906,222.8699951171875,427800
2024-04-08,217.77120971679688,224.32000732421875,229.50999450683594,223.75,228.22999572753906,496000
2024-04-09,219.8875732421875,226.5,228.10000610351562,224.75,226.49000549316406,407100
2024-04-10,215.70339965820312,222.19000244140625,226.5500030517578,220.64999389648438,220.8000030517578,367100
2024-04-11,211.42214965820312,217.77999877929688,222.3800048828125,216.3000030517578,221.0399932861328,303000
2024-04-12,206.78167724609375,213.0,216.5500030517578,211.6699981689453,216.5500030517578,347800
2024-04-15,198.95700073242188,204.94000244140625,213.6699981689453,204.77999877929688,213.6699981689453,391700
2024-04-16,196.850341796875,202.77000427246094,206.52000427246094,201.9600067138672,204.52000427246094,443600
2024-04-17,196.03488159179688,201.92999267578125,205.17999267578125,201.35000610351562,205.0399932861328,467800
2024-04-18,197.21923828125,203.14999389648438,204.66000366210938,199.33999633789062,202.19000244140625,281600
2024-04-19,198.05416870117188,204.00999450683594,207.1199951171875,200.94000244140625,202.9600067138672,359600
2024-04-22,198.4618682861328,204.42999267578125,206.60000610351562,202.7100067138672,204.60000610351562,278200
2024-04-23,198.79197692871094,204.77000427246094,206.22000122070312,202.64999389648438,203.83999633789062,267000
2024-04-24,198.2580108642578,204.22000122070312,205.22999572753906,201.3300018310547,203.22999572753906,253000
2024-04-25,195.69508361816406,201.5800018310547,204.0800018310547,200.9199981689453,203.24000549316406,241000
2024-04-26,195.89895629882812,201.7899932861328,203.8800048828125,201.16000366210938,201.3000030517578,253600
2024-04-29,198.14151000976562,204.10000610351562,205.2100067138672,202.42999267578125,203.67999267578125,510600
2024-04-30,194.24856567382812,200.08999633789062,203.3699951171875,199.99000549316406,201.1199951171875,434100
2024-05-01,200.21905517578125,206.24000549316406,209.8800048828125,199.3300018310547,200.08999633789062,466300
2024-05-02,203.01495361328125,209.1199951171875,209.25,203.75999450683594,208.25999450683594,358900
2024-05-03,197.86968994140625,203.82000732421875,211.4600067138672,202.44000244140625,211.4600067138672,505800
2024-05-06,199.79188537597656,205.8000030517578,207.9499969482422,203.6699981689453,205.94000244140625,568500
2024-05-07,195.02523803710938,200.88999938964844,210.3000030517578,198.00999450683594,208.6699981689453,687000
2024-05-08,196.30670166015625,202.2100067138672,202.88999938964844,198.17999267578125,199.77000427246094,400400
2024-05-09,198.84051513671875,204.82000732421875,205.72999572753906,201.85000610351562,202.10000610351562,306700
2024-05-10,200.0928497314453,206.11000061035156,206.6199951171875,202.99000549316406,205.24000549316406,447800
2024-05-13,199.91806030273438,205.92999267578125,212.75999450683594,205.8699951171875,206.99000549316406,335900
2024-05-14,198.45217895507812,204.4199981689453,207.75,202.36000061035156,206.85000610351562,373300
2024-05-15,210.57754516601562,216.91000366210938,217.4600067138672,208.41000366210938,208.41000366210938,754400
2024-05-16,210.27659606933594,216.60000610351562,218.9600067138672,214.25999450683594,216.4600067138672,337600
2024-05-17,208.44178771972656,214.7100067138672,217.7100067138672,211.47999572753906,217.7100067138672,279200
2024-05-20,209.41256713867188,215.7100067138672,217.2100067138672,213.88999938964844,214.7899932861328,294600
2024-05-21,211.9356231689453,217.55999755859375,218.0800018310547,213.41000366210938,214.22999572753906,302300
2024-05-22,213.73777770996094,219.41000366210938,221.0,217.0500030517578,217.5,192200
2024-05-23,208.94500732421875,214.49000549316406,219.0399932861328,213.69000244140625,218.25999450683594,251400
2024-05-24,211.28294372558594,216.88999938964844,217.32000732421875,213.13999938964844,214.3300018310547,215900
2024-05-28,201.0154266357422,206.35000610351562,215.77999877929688,205.3300018310547,215.60000610351562,448400
2024-05-29,195.22898864746094,200.41000366210938,204.6199951171875,200.2100067138672,203.9499969482422,444800
2024-05-30,192.569580078125,197.67999267578125,202.25999450683594,197.30999755859375,200.7100067138672,646800
2024-05-31,193.78726196289062,198.92999267578125,199.75,196.4600067138672,198.35000610351562,1540600
2024-06-03,193.85543823242188,199.0,201.10000610351562,197.14999389648438,199.00999450683594,701700
2024-06-04,194.342529296875,199.5,203.41000366210938,197.47999572753906,197.47999572753906,757600
2024-06-05,191.34214782714844,196.4199981689453,202.16000366210938,195.94000244140625,200.0,448500
2024-06-06,200.64523315429688,205.97000122070312,206.85000610351562,195.00999450683594,195.00999450683594,762400
2024-06-07,193.6216278076172,198.75999450683594,205.49000549316406,197.52999877929688,204.6699981689453,510400
2024-06-10,191.98509216308594,197.0800018310547,200.5,196.3300018310547,198.11000061035156,361700
2024-06-11,190.4264373779297,195.47999572753906,197.00999450683594,192.5399932861328,195.88999938964844,349300
2024-06-12,195.910888671875,201.11000061035156,204.6999969482422,198.08999633789062,198.08999633789062,312300
2024-06-13,194.1574249267578,199.30999755859375,201.2100067138672,197.99000549316406,200.30999755859375,255200
2024-06-14,195.0438995361328,200.22000122070312,200.32000732421875,196.0,198.89999389648438,291700
2024-06-17,194.2061309814453,199.36000061035156,202.27000427246094,194.3300018310547,199.72999572753906,328100
2024-06-18,190.55307006835938,195.61000061035156,199.8800048828125,194.19000244140625,198.3699951171875,360700
2024-06-20,193.94309997558594,199.08999633789062,201.69000244140625,194.52000427246094,194.52000427246094,324000
2024-06-21,189.3841094970703,194.41000366210938,198.77000427246094,194.16000366210938,198.77000427246094,953600
2024-06-24,191.21548461914062,196.2899932861328,199.5,194.6699981689453,195.44000244140625,305500
2024-06-25,189.03341674804688,194.0500030517578,196.17999267578125,192.4199981689453,195.32000732421875,415200
2024-06-26,191.03041076660156,196.10000610351562,196.5,193.0,193.1699981689453,336000
2024-06-27,194.51785278320312,199.67999267578125,200.22000122070312,194.05999755859375,195.72000122070312,265000
2024-06-28,195.34588623046875,200.52999877929688,202.80999755859375,198.0,200.52999877929688,1209000
2024-07-01,188.3904571533203,193.38999938964844,200.7100067138672,192.67999267578125,200.5500030517578,450000
2024-07-02,188.7898712158203,193.8000030517578,196.61000061035156,193.0500030517578,195.2899932861328,324900
2024-07-03,195.81346130371094,201.00999450683594,202.58999633789062,195.5,196.02000427246094,331900
2024-07-05,199.35935974121094,204.64999389648438,205.9499969482422,199.6300048828125,199.69000244140625,325400
2024-07-08,199.11582946777344,204.39999389648438,204.9600067138672,201.27999877929688,204.5,284700
2024-07-09,199.11582946777344,204.39999389648438,205.25999450683594,201.6300048828125,203.55999755859375,330700
2024-07-10,201.5901641845703,206.94000244140625,207.0500030517578,203.13999938964844,204.49000549316406,261800
2024-07-11,208.3994598388672,213.92999267578125,215.13999938964844,207.27999877929688,208.99000549316406,375600
2024-07-12,207.34738159179688,212.85000610351562,216.41000366210938,212.3300018310547,214.16000366210938,282100
2024-07-15,213.96185302734375,219.63999938964844,219.8000030517578,213.64999389648438,213.64999389648438,419000
2024-07-16,215.91012573242188,221.63999938964844,222.77000427246094,217.16000366210938,218.97999572753906,356300
2024-07-17,218.80337524414062,224.61000061035156,225.2899932861328,221.27999877929688,221.27999877929688,408400
2024-07-18,215.56919860839844,221.2899932861328,226.77000427246094,220.3699951171875,223.9499969482422,389700
2024-07-19,213.49427795410156,219.16000366210938,222.0500030517578,216.64999389648438,221.82000732421875,486600
2024-07-22,216.8258514404297,222.5800018310547,223.32000732421875,219.39999389648438,220.92999267578125,283000
2024-07-23,215.53021240234375,221.25,224.91000366210938,221.0500030517578,222.1699981689453,259100
2024-07-24,212.4031982421875,218.0399932861328,222.94000244140625,216.50999450683594,221.5399932861328,374100
2024-07-25,215.15029907226562,220.86000061035156,226.99000549316406,218.27999877929688,218.32000732421875,354700
2024-07-26,219.79701232910156,225.6300048828125,225.8699951171875,220.5800018310547,221.77000427246094,300600
2024-07-29,217.45904541015625,223.22999572753906,226.8800048828125,221.66000366210938,226.30999755859375,222500
2024-07-30,218.22860717773438,224.02000427246094,225.9499969482422,222.42999267578125,224.25999450683594,218500
2024-07-31,217.75128173828125,223.52999877929688,227.6199951171875,222.83999633789062,224.83999633789062,389300
2024-08-01,215.50100708007812,221.22000122070312,224.75,219.07000732421875,222.83999633789062,282200
2024-08-02,228.56434631347656,234.6300048828125,237.69000244140625,218.60000610351562,219.35000610351562,736400
2024-08-05,217.13755798339844,222.89999389648438,231.0399932861328,221.6300048828125,231.0399932861328,762100
2024-08-06,228.51560974121094,234.5800018310547,238.86000061035156,228.86000061035156,233.75,629800
2024-08-07,223.4013671875,229.3300018310547,236.72000122070312,228.5500030517578,235.8699951171875,356300
2024-08-08,225.89515686035156,231.88999938964844,235.22000122070312,227.6699981689453,227.99000549316406,300500
2024-08-09,229.95736694335938,236.05999755859375,236.97999572753906,230.16000366210938,231.88999938964844,255800
2024-08-12,228.87603759765625,234.9499969482422,237.57000732421875,233.0800018310547,234.74000549316406,247700
2024-08-13,234.80860900878906,241.0399932861328,242.00999450683594,236.72000122070312,236.72000122070312,383100
2024-08-14,234.72096252441406,240.9499969482422,242.14999389648438,239.27000427246094,240.86000061035156,306600
2024-08-15,227.8531951904297,233.89999389648438,242.9600067138672,233.57000732421875,242.55999755859375,458200
2024-08-16,227.95062255859375,234.0,235.9600067138672,232.1999969482422,233.89999389648438,355800
2024-08-19,229.11961364746094,235.1999969482422,237.30999755859375,233.74000549316406,234.08999633789062,261300
2024-08-20,225.2132568359375,231.19000244140625,235.52000427246094,230.7100067138672,235.52000427246094,219100
2024-08-21,227.3339385986328,232.6199951171875,232.85000610351562,228.94000244140625,231.27999877929688,321800
2024-08-22,230.16807556152344,235.52000427246094,235.60000610351562,231.14999389648438,232.6199951171875,271800
2024-08-23,230.46124267578125,235.82000732421875,237.86000061035156,234.08999633789062,236.3699951171875,184500
2024-08-26,231.38963317871094,236.77000427246094,238.4199981689453,234.39999389648438,237.08999633789062,210000
2024-08-27,230.24624633789062,235.60000610351562,236.75999450683594,234.22999572753906,236.24000549316406,120300
2024-08-28,232.2203369140625,237.6199951171875,238.5800018310547,235.75999450683594,235.75999450683594,263700
2024-08-29,240.439208984375,246.02999877929688,247.5399932861328,240.1699981689453,241.9199981689453,438900
2024-08-30,236.88192749023438,242.38999938964844,248.32000732421875,240.2899932861328,246.02000427246094,394200
2024-09-03,235.6700897216797,241.14999389648438,241.72999572753906,235.55999755859375,240.72999572753906,352200
2024-09-04,236.36398315429688,241.86000061035156,242.58999633789062,238.8300018310547,241.22000122070312,387700
2024-09-05,252.15675354003906,258.0199890136719,260.2200012207031,246.89999389648438,250.0,887200
2024-09-06,251.0133514404297,256.8500061035156,263.8500061035156,254.47000122070312,259.3900146484375,594900
2024-09-09,251.94175720214844,257.79998779296875,261.4599914550781,256.0,256.94000244140625,390200
2024-09-10,252.08834838867188,257.95001220703125,259.8599853515625,255.27999877929688,258.2300109863281,382700
2024-09-11,249.6060791015625,255.41000366210938,256.29998779296875,251.3300018310547,255.60000610351562,290000
2024-09-12,250.5833282470703,256.4100036621094,256.8599853515625,252.4600067138672,256.32000732421875,255200
2024-09-13,251.28697204589844,257.1300048828125,258.2200012207031,253.91000366210938,257.80999755859375,211000
2024-09-16,253.114501953125,259.0,259.1000061035156,255.25999450683594,256.5400085449219,200400
2024-09-17,252.5085906982422,258.3800048828125,259.17999267578125,255.0500030517578,259.17999267578125,300000
2024-09-18,253.9256134033203,259.8299865722656,264.1000061035156,257.07000732421875,259.17999267578125,465000
2024-09-19,253.4369659423828,259.3299865722656,263.4599914550781,255.4600067138672,262.4200134277344,507900
2024-09-20,251.42381286621094,257.2699890136719,259.6600036621094,255.41000366210938,258.3999938964844,1608800
2024-09-23,251.63876342773438,257.489990234375,259.0400085449219,255.64999389648438,258.989990234375,299200
2024-09-24,255.02015686035156,260.95001220703125,260.9599914550781,255.82000732421875,257.5899963378906,314400
2024-09-25,248.59945678710938,254.3800048828125,260.7200012207031,253.75999450683594,260.2799987792969,271400
2024-09-26,248.41380310058594,254.19000244140625,256.95001220703125,252.1300048828125,256.1099853515625,374700
2024-09-27,249.0489959716797,254.83999633789062,257.6199951171875,254.02999877929688,256.3800048828125,306100
2024-09-30,250.37811279296875,256.20001220703125,257.7099914550781,253.0399932861328,255.02000427246094,444700
2024-10-01,250.0360870361328,255.85000610351562,257.6000061035156,253.2100067138672,255.74000549316406,366800
2024-10-02,249.12722778320312,254.9199981689453,257.2900085449219,253.1199951171875,255.5500030517578,345200
2024-10-03,267.7149963378906,273.94000244140625,274.57000732421875,256.32000732421875,256.32000732421875,736900
2024-10-04,267.43157958984375,273.6499938964844,276.2699890136719,271.1300048828125,275.2699890136719,482400
2024-10-07,267.5390625,273.760009765625,275.94000244140625,271.7900085449219,275.3299865722656,266200
2024-10-08,269.6206970214844,275.8900146484375,279.54998779296875,275.70001220703125,275.760009765625,239400
2024-10-09,269.1515808105469,275.4100036621094,276.7200012207031,273.17999267578125,274.2099914550781,189900
2024-10-10,270.1483459472656,276.42999267578125,276.92999267578125,273.17999267578125,275.260009765625,367100
2024-10-11,271.7804870605469,278.1000061035156,280.7799987792969,276.9800109863281,277.739990234375,313500
2024-10-14,278.0350341796875,284.5,285.6400146484375,278.3299865722656,279.05999755859375,335800
2024-10-15,281.7095947265625,288.260009765625,289.9700012207031,285.30999755859375,285.6600036621094,332200
2024-10-16,285.81414794921875,292.4599914550781,293.0899963378906,288.260009765625,288.260009765625,312200
2024-10-17,284.17230224609375,290.7799987792969,292.70001220703125,289.70001220703125,292.5899963378906,342500
2024-10-18,282.2666320800781,288.8299865722656,293.42999267578125,288.07000732421875,292.8800048828125,390900
2024-10-21,280.575927734375,287.1000061035156,288.8399963378906,285.6000061035156,288.8399963378906,400500
2024-10-22,283.63482666015625,290.2300109863281,291.79998779296875,282.989990234375,284.44000244140625,395100
2024-10-23,282.3253173828125,288.8900146484375,290.2200012207031,286.3599853515625,288.5799865722656,207700
2024-10-24,283.6934509277344,290.2900085449219,292.0799865722656,288.8999938964844,289.2699890136719,201000
2024-10-25,279.94073486328125,286.45001220703125,291.7099914550781,285.32000732421875,291.0199890136719,186300
2024-10-28,282.2275390625,288.7900085449219,291.2200012207031,287.9599914550781,287.9800109863281,298100
2024-10-29,285.68707275390625,292.3299865722656,294.8800048828125,287.29998779296875,287.8500061035156,355900
2024-10-30,286.93798828125,293.6099853515625,296.67999267578125,291.9200134277344,291.9200134277344,266100
2024-10-31,282.84326171875,289.4200134277344,292.8599853515625,286.510009765625,292.3800048828125,286800
2024-11-01,280.86907958984375,287.3999938964844,291.07000732421875,285.3800048828125,287.9100036621094,271700
2024-11-04,281.0645751953125,287.6000061035156,290.69000244140625,286.1199951171875,288.57000732421875,340400
2024-11-05,272.80657958984375,279.1499938964844,281.1499938964844,272.82000732421875,278.1400146484375,662100
2024-11-06,268.6238708496094,274.8699951171875,284.2300109863281,264.80999755859375,284.2300109863281,869000
2024-11-07,268.17431640625,274.4100036621094,274.70001220703125,270.55999755859375,274.6700134277344,407900
2024-11-08,268.4381408691406,274.67999267578125,276.70001220703125,273.6499938964844,276.1000061035156,386700
2024-11-11,268.0081787109375,274.239990234375,277.8399963378906,273.8500061035156,273.8500061035156,248200
2024-11-12,265.45751953125,271.6300048828125,275.1700134277344,270.260009765625,272.3399963378906,350900
2024-11-13,261.0597229003906,267.1300048828125,273.8999938964844,266.7300109863281,272.0199890136719,319000
2024-11-14,258.9586181640625,264.9800109863281,269.010009765625,264.7200012207031,268.54998779296875,287400
2024-11-15,255.70423889160156,261.6499938964844,265.2699890136719,260.55999755859375,263.3900146484375,378400
2024-11-18,261.25518798828125,267.3299865722656,267.8599853515625,261.510009765625,262.0,274300
2024-11-19,261.7242736816406,267.80999755859375,268.1199951171875,264.70001220703125,266.0299987792969,352500
2024-11-20,260.12689208984375,265.44000244140625,267.8699951171875,263.1099853515625,266.44000244140625,323400
2024-11-21,255.09957885742188,260.30999755859375,267.239990234375,257.0899963378906,267.239990234375,508900
2024-11-22,255.13885498046875,260.3500061035156,263.9200134277344,258.05999755859375,260.7300109863281,352700
2024-11-25,258.51971435546875,263.79998779296875,265.1199951171875,259.4200134277344,261.2200012207031,638200
2024-11-26,255.79534912109375,261.0199890136719,264.6300048828125,260.8900146484375,263.8500061035156,248100
2024-11-27,256.4715270996094,261.7099914550781,266.2099914550781,260.19000244140625,263.57000732421875,217900
2024-11-29,253.51202392578125,258.69000244140625,262.1400146484375,257.9100036621094,261.95001220703125,230200
2024-12-02,258.19635009765625,263.4700012207031,264.29998779296875,258.8399963378906,259.54998779296875,412000
2024-12-03,257.5299987792969,262.7900085449219,265.739990234375,260.3999938964844,260.9700012207031,326200
2024-12-04,243.41819763183594,248.38999938964844,249.9199981689453,242.38999938964844,246.8000030517578,1006800
2024-12-05,239.07688903808594,243.9600067138672,248.0,238.10000610351562,248.0,868200
2024-12-06,235.1275177001953,239.92999267578125,246.75,237.7100067138672,245.0,573600
2024-12-09,236.146728515625,240.97000122070312,245.85000610351562,240.4600067138672,240.57000732421875,491300
2024-12-10,235.2647247314453,240.07000732421875,244.0500030517578,237.38999938964844,240.52999877929688,450100
2024-12-11,230.1590118408203,234.86000061035156,241.77000427246094,234.64999389648438,241.77000427246094,567500
2024-12-12,231.4820098876953,236.2100067138672,239.99000549316406,234.64999389648438,237.63999938964844,575400
2024-12-13,229.05160522460938,233.72999572753906,236.10000610351562,232.41000366210938,235.0,292500
2024-12-16,228.2578582763672,232.9199981689453,236.82000732421875,232.0,235.35000610351562,358400
2024-12-17,230.1981964111328,234.89999389648438,236.47000122070312,231.74000549316406,232.9199981689453,461600
2024-12-18,227.85604858398438,232.50999450683594,235.30999755859375,228.86000061035156,234.0399932861328,541900
2024-12-19,223.93609619140625,228.50999450683594,235.64999389648438,228.0800018310547,232.2100067138672,456300
2024-12-20,225.5432891845703,230.14999389648438,230.92999267578125,227.08999633789062,228.25999450683594,1100000
2024-12-23,224.8671112060547,229.4600067138672,230.58999633789062,226.5399932861328,228.97999572753906,286500
2024-12-24,224.80828857421875,229.39999389648438,231.00999450683594,227.9600067138672,228.97000122070312,131300
2024-12-26,225.6118927001953,230.22000122070312,230.42999267578125,227.4499969482422,227.4499969482422,179200
2024-12-27,224.44569396972656,229.02999877929688,231.44000244140625,228.36000061035156,228.52999877929688,229200
2024-12-30,220.7903594970703,225.3000030517578,227.32000732421875,224.5800018310547,227.22999572753906,250700
2024-12-31,221.51553344726562,226.0399932861328,227.1999969482422,224.7899932861328,226.7899932861328,218200
2025-01-02,220.7903594970703,225.3000030517578,228.83999633789062,224.1300048828125,227.35000610351562,281000
2025-01-03,221.93695068359375,226.47000122070312,228.1699981689453,225.3000030517578,226.39999389648438,308600
2025-01-06,217.88961791992188,222.33999633789062,228.25,220.72000122070312,228.25,560900
2025-01-07,214.83206176757812,219.22000122070312,224.5500030517578,218.82000732421875,221.7100067138672,480200
2025-01-08,215.20445251464844,219.60000610351562,219.89999389648438,213.2899932861328,217.0399932861328,595800
2025-01-10,211.14730834960938,215.4600067138672,217.7100067138672,214.2100067138672,217.1699981689453,480700
2025-01-13,212.5487060546875,216.88999938964844,217.4199981689453,210.77000427246094,214.17999267578125,375300
2025-01-14,212.29391479492188,216.6300048828125,218.4199981689453,215.42999267578125,215.6699981689453,418700
2025-01-15,213.46006774902344,217.82000732421875,221.19000244140625,215.83999633789062,219.88999938964844,531200
2025-01-16,217.26242065429688,221.6999969482422,222.47000122070312,218.0,218.07000732421875,399200
2025-01-17,216.08644104003906,220.5,224.05999755859375,220.02000427246094,222.25,348400
2025-01-21,217.51722717285156,221.9600067138672,222.07000732421875,218.7899932861328,222.07000732421875,351200
2025-01-22,221.36856079101562,225.88999938964844,226.2100067138672,219.6999969482422,219.6999969482422,428500
2025-01-23,221.31956481933594,225.83999633789062,226.1199951171875,221.0399932861328,226.0399932861328,316000
2025-01-24,219.93775939941406,224.42999267578125,226.83999633789062,223.33999633789062,226.49000549316406,364400
2025-01-27,220.8883514404297,225.39999389648438,228.38999938964844,224.0500030517578,227.13999938964844,337900
2025-01-28,218.82058715820312,223.2899932861328,225.1199951171875,222.02000427246094,224.0800018310547,340700
2025-01-29,214.60665893554688,218.99000549316406,221.64999389648438,217.89999389648438,220.77999877929688,429700
2025-01-30,213.4110870361328,217.77000427246094,221.88999938964844,215.91000366210938,218.47000122070312,566500
2025-01-31,216.21385192871094,220.6300048828125,221.52999877929688,216.66000366210938,217.08999633789062,817100
2025-02-03,213.8226776123047,218.19000244140625,222.9600067138672,216.4199981689453,219.7100067138672,643400
2025-02-04,212.9602813720703,217.30999755859375,218.4499969482422,215.97000122070312,217.5500030517578,403700
2025-02-05,194.10540771484375,198.07000732421875,207.0,196.4600067138672,207.0,1293100
2025-02-06,197.28054809570312,201.30999755859375,209.00999450683594,196.49000549316406,209.00999450683594,1024900
2025-02-07,197.33935546875,201.3699951171875,203.08999633789062,197.64999389648438,200.0,767800
2025-02-10,192.2728271484375,196.1999969482422,202.5399932861328,196.0399932861328,201.1300048828125,591600
2025-02-11,191.3614501953125,195.27000427246094,197.5,191.91000366210938,196.07000732421875,557400
2025-02-12,189.0487060546875,192.91000366210938,194.0,188.8800048828125,194.0,1180300
2025-02-13,187.5885009765625,191.4199981689453,193.9600067138672,190.55999755859375,193.5500030517578,431000
2025-02-14,189.61708068847656,193.49000549316406,195.47000122070312,191.9499969482422,192.6300048828125,642700
2025-02-18,190.20504760742188,194.08999633789062,194.25999450683594,191.9199981689453,193.99000549316406,475700
2025-02-19,188.44400024414062,191.5399932861328,195.19000244140625,190.47999572753906,192.58999633789062,683500
2025-02-20,186.74195861816406,189.80999755859375,192.0,188.57000732421875,191.6300048828125,508000
2025-02-21,190.82489013671875,193.9600067138672,195.02999877929688,186.83999633789062,190.1300048828125,799400
2025-02-24,191.1200408935547,194.25999450683594,198.5500030517578,192.27999877929688,194.13999938964844,797300
2025-02-25,193.58949279785156,196.77000427246094,198.8800048828125,192.24000549316406,193.5500030517578,900600
2025-02-26,188.7096405029297,191.80999755859375,197.3000030517578,190.77000427246094,196.77999877929688,616100
2025-02-27,188.257080078125,191.35000610351562,194.9600067138672,190.91000366210938,190.91000366210938,826300
2025-02-28,189.67379760742188,192.7899932861328,193.35000610351562,190.0,190.3800048828125,3564000
2025-03-03,190.90357971191406,194.0399932861328,195.72000122070312,191.94000244140625,193.60000610351562,650400
2025-03-04,194.6913604736328,197.88999938964844,199.69000244140625,192.99000549316406,193.99000549316406,1341900
2025-03-05,192.68434143066406,195.85000610351562,197.64999389648438,193.77000427246094,196.42999267578125,1185600
2025-03-06,202.81785583496094,206.14999389648438,206.99000549316406,195.85000610351562,195.85000610351562,1423800
2025-03-07,205.56275939941406,208.94000244140625,210.92999267578125,205.72999572753906,206.14999389648438,920700
2025-03-10,209.13409423828125,212.57000732421875,216.22000122070312,207.00999450683594,207.00999450683594,876300
2025-03-11,206.56626892089844,209.9600067138672,215.00999450683594,208.91000366210938,213.41000366210938,860100
2025-03-12,203.60491943359375,206.9499969482422,210.8300018310547,205.27000427246094,209.9600067138672,504100
2025-03-13,208.58311462402344,212.00999450683594,212.33999633789062,206.9499969482422,206.9499969482422,526300
2025-03-14,208.9471435546875,212.3800048828125,214.77999877929688,210.5399932861328,212.69000244140625,518300
2025-03-17,213.81715393066406,217.3300018310547,218.7100067138672,213.39999389648438,213.39999389648438,600000
2025-03-18,213.84664916992188,217.36000061035156,218.5500030517578,215.4499969482422,217.11000061035156,329800
2025-03-19,213.2465057373047,216.75,218.77000427246094,216.27000427246094,216.8800048828125,392200
2025-03-20,214.29922485351562,217.82000732421875,218.3800048828125,215.6699981689453,215.94000244140625,327100
2025-03-21,213.3645782470703,216.8699951171875,219.1699981689453,216.6699981689453,217.32000732421875,797000
2025-03-24,208.35684204101562,211.77999877929688,217.0,210.86000061035156,216.88999938964844,502800
2025-03-25,209.97035217285156,213.4199981689453,214.05999755859375,210.47999572753906,211.6300048828125,356600
2025-03-26,211.40675354003906,214.8800048828125,215.19000244140625,213.42999267578125,213.77999877929688,385700
2025-03-27,215.46998596191406,219.00999450683594,221.13999938964844,215.0,215.61000061035156,473800
2025-03-28,213.2465057373047,216.75,219.52999877929688,216.14999389648438,219.52999877929688,365000
2025-03-31,212.85299682617188,216.35000610351562,219.10000610351562,215.61000061035156,217.4600067138672,669900
2025-04-01,212.42991638183594,215.9199981689453,217.19000244140625,214.24000549316406,216.10000610351562,541500
2025-04-02,207.42221069335938,210.8300018310547,215.25999450683594,209.77999877929688,215.02000427246094,614900
2025-04-03,212.6562042236328,216.14999389648438,223.27000427246094,211.61000061035156,214.35000610351562,867300
2025-04-04,209.4981231689453,212.94000244140625,229.83999633789062,212.27999877929688,227.35000610351562,1502700
2025-04-07,204.55923461914062,207.9199981689453,219.9600067138672,207.32000732421875,211.4600067138672,1154400
2025-04-08,202.93592834472656,206.27000427246094,212.0,204.1999969482422,211.6999969482422,811100
2025-04-09,199.90570068359375,203.19000244140625,215.08999633789062,194.0,203.72999572753906,1822000
2025-04-10,206.9204559326172,210.32000732421875,212.36000061035156,202.8000030517578,204.13999938964844,790300
2025-04-11,218.2247314453125,221.80999755859375,223.42999267578125,209.50999450683594,211.00999450683594,1218900
2025-04-14,218.8248748779297,222.4199981689453,223.72999572753906,219.4499969482422,220.35000610351562,510600
2025-04-15,220.35963439941406,223.97999572753906,226.58999633789062,221.2100067138672,222.27000427246094,497000
2025-04-16,219.12985229492188,222.72999572753906,226.69000244140625,222.32000732421875,224.89999389648438,460200
2025-04-17,221.52059936523438,225.16000366210938,226.6300048828125,222.3699951171875,222.3699951171875,351900
2025-04-21,218.57891845703125,222.1699981689453,225.94000244140625,219.58999633789062,224.89999389648438,367600
2025-04-22,218.81503295898438,222.41000366210938,223.91000366210938,220.2100067138672,221.8300018310547,466700
2025-04-23,214.07293701171875,217.58999633789062,220.50999450683594,215.50999450683594,220.3000030517578,619800
2025-04-24,214.6632537841797,218.19000244140625,220.94000244140625,216.91000366210938,219.99000549316406,483200
2025-04-25,215.46014404296875,219.0,220.24000549316406,215.92999267578125,217.4499969482422,402400
2025-04-28,215.09613037109375,218.6300048828125,219.58999633789062,217.1699981689453,218.66000366210938,320700
2025-04-29,218.10667419433594,221.69000244140625,222.47000122070312,218.05999755859375,219.02000427246094,431700
2025-04-30,218.00827026367188,221.58999633789062,222.75999450683594,215.64999389648438,221.52999877929688,669200
2025-05-01,220.3498077392578,223.97000122070312,225.05999755859375,220.05999755859375,220.27999877929688,429900
2025-05-02,222.03216552734375,225.67999267578125,226.9199981689453,223.50999450683594,224.16000366210938,366400
2025-05-05,223.1340789794922,226.8000030517578,227.89999389648438,223.5,226.33999633789062,556000
2025-05-06,225.18045043945312,228.8800048828125,231.27999877929688,224.9199981689453,228.57000732421875,739000
2025-05-07,224.45240783691406,228.13999938964844,229.99000549316406,218.0,218.0,514800
2025-05-08,222.5831298828125,226.24000549316406,232.83999633789062,225.97999572753906,231.8000030517578,394900
2025-05-09,227.35472106933594,231.08999633789062,232.27000427246094,225.42999267578125,227.0800018310547,379400
2025-05-12,214.56484985351562,218.08999633789062,230.52000427246094,216.9499969482422,228.2100067138672,899800
2025-05-13,209.68502807617188,213.1300048828125,219.58999633789062,211.63999938964844,218.8800048828125,1262300
2025-05-14,207.41238403320312,210.82000732421875,213.7100067138672,209.8000030517578,213.7100067138672,791200
2025-05-15,210.07855224609375,213.52999877929688,214.5,210.58999633789062,211.0,378700
2025-05-16,212.5184783935547,216.00999450683594,216.1699981689453,212.0800018310547,215.02999877929688,530900
2025-05-19,215.8733673095703,219.4199981689453,220.27000427246094,214.5,214.8300018310547,471300
2025-05-20,219.0904998779297,222.69000244140625,223.08999633789062,219.02999877929688,219.02999877929688,512700
2025-05-21,216.82980346679688,219.63999938964844,222.75,219.17999267578125,220.08999633789062,445700
2025-05-22,213.64114379882812,216.41000366210938,222.0,215.47999572753906,218.7899932861328,446800
2025-05-23,215.06271362304688,217.85000610351562,219.22999572753906,214.61000061035156,216.8300018310547,317900
2025-05-27,215.08245849609375,217.8699951171875,218.55999755859375,215.49000549316406,218.08999633789062,379000
2025-05-28,211.88392639160156,214.6300048828125,218.1999969482422,214.47999572753906,217.2100067138672,595900
2025-05-29,211.3409423828125,214.0800018310547,215.50999450683594,212.92999267578125,214.42999267578125,559000
2025-05-30,213.64114379882812,216.41000366210938,216.82000732421875,213.0399932861328,214.0800018310547,1175800
2025-06-02,216.21775817871094,219.02000427246094,219.07000732421875,214.83999633789062,215.58999633789062,468800
2025-06-03,212.0023651123047,214.75,220.14999389648438,212.8800048828125,217.92999267578125,635300
2025-06-04,215.99069213867188,218.7899932861328,222.35000610351562,212.8300018310547,215.0,652900
2025-06-05,223.2367706298828,226.1300048828125,227.1300048828125,219.25999450683594,221.0,755800
2025-06-06,219.37680053710938,222.22000122070312,226.5399932861328,221.6300048828125,226.2899932861328,460000
2025-06-09,220.39361572265625,223.25,224.02999877929688,220.16000366210938,222.55999755859375,558900
2025-06-10,221.5684051513672,224.44000244140625,225.0,221.47999572753906,223.3000030517578,312200
2025-06-11,222.1409912109375,225.02000427246094,225.80999755859375,223.0399932861328,224.38999938964844,418400
2025-06-12,223.98704528808594,226.88999938964844,227.66000366210938,224.14999389648438,225.67999267578125,377700
2025-06-13,222.3680419921875,225.25,228.16000366210938,224.7100067138672,226.9499969482422,296700
2025-06-16,222.00277709960938,224.8800048828125,226.63999938964844,223.3800048828125,225.44000244140625,286900
2025-06-17,220.64041137695312,223.5,225.58999633789062,222.19000244140625,225.00999450683594,307900
2025-06-18,217.98483276367188,220.80999755859375,224.77000427246094,219.86000061035156,223.5,409200
2025-06-20,216.968017578125,219.77999877929688,222.0800018310547,217.19000244140625,219.75999450683594,773300
2025-06-23,217.98483276367188,220.80999755859375,223.9199981689453,219.9499969482422,222.0,355600
2025-06-24,219.88026428222656,222.72999572753906,222.8699951171875,218.97000122070312,221.86000061035156,354900
2025-06-25,220.3047637939453,223.16000366210938,223.49000549316406,220.22999572753906,221.97999572753906,317700
2025-06-26,217.72817993164062,220.5500030517578,224.0399932861328,218.77000427246094,223.16000366210938,394500
2025-06-27,216.740966796875,219.5500030517578,220.88999938964844,218.74000549316406,219.97000122070312,425500
2025-06-30,220.48248291015625,223.33999633789062,223.4499969482422,217.17999267578125,219.91000366210938,355100
2025-07-01,220.2554168701172,223.11000061035156,225.07000732421875,220.9499969482422,223.14999389648438,454600
2025-07-02,216.36581420898438,219.1699981689453,222.47000122070312,218.58999633789062,221.94000244140625,435700
2025-07-03,213.95703125,216.72999572753906,218.05999755859375,214.4199981689453,217.91000366210938,302200
2025-07-07,219.11026000976562,221.9499969482422,222.41000366210938,215.1699981689453,217.10000610351562,411900
2025-07-08,214.0458984375,216.82000732421875,221.6300048828125,216.77999877929688,220.00999450683594,475000
2025-07-09,216.4744110107422,219.27999877929688,219.3699951171875,215.60000610351562,217.99000549316406,371000
2025-07-10,216.1683807373047,218.97000122070312,220.4199981689453,217.63999938964844,218.00999450683594,291900
2025-07-11,213.28575134277344,216.0500030517578,219.0,214.8699951171875,219.0,284000
2025-07-14,214.4703826904297,217.25,219.17999267578125,215.41000366210938,216.02999877929688,289400
2025-07-15,211.80494689941406,214.5500030517578,217.52000427246094,214.4199981689453,216.4199981689453,304800
2025-07-16,212.7723846435547,215.52999877929688,216.1699981689453,212.52999877929688,214.52000427246094,263800
2025-07-17,207.73764038085938,210.42999267578125,216.19000244140625,210.3300018310547,215.72000122070312,510100
2025-07-18,206.16798400878906,208.83999633789062,211.67999267578125,208.02000427246094,210.42999267578125,368600
2025-07-21,205.101806640625,207.75999450683594,209.74000549316406,206.75,208.83999633789062,391600
2025-07-22,207.9745635986328,210.6699981689453,211.19000244140625,208.4499969482422,208.50999450683594,299600
2025-07-23,209.35667419433594,212.07000732421875,212.32000732421875,209.10000610351562,209.83999633789062,330300
2025-07-24,211.0052947998047,213.74000549316406,214.97999572753906,211.6699981689453,211.9199981689453,267600
2025-07-25,208.7445831298828,211.4499969482422,214.4199981689453,210.6300048828125,213.6699981689453,214800
2025-07-28,205.01295471191406,207.6699981689453,211.16000366210938,207.33999633789062,210.3000030517578,345500
2025-07-29,204.5193634033203,207.1699981689453,209.3300018310547,206.25999450683594,208.1199951171875,342200
2025-07-30,207.40200805664062,210.08999633789062,210.94000244140625,206.0399932861328,207.60000610351562,471200
2025-07-31,202.8707275390625,205.5,209.10000610351562,205.32000732421875,208.27999877929688,454700
2025-08-01,205.09194946289062,207.75,209.9499969482422,205.75,207.1199951171875,416300
2025-08-04,206.7504425048828,209.42999267578125,209.89999389648438,207.50999450683594,208.5399932861328,334900
2025-08-05,205.15115356445312,207.80999755859375,210.0500030517578,207.44000244140625,209.16000366210938,428400
2025-08-06,184.40997314453125,186.8000030517578,200.89999389648438,186.13999938964844,200.89999389648438,1903100
2025-08-07,182.0703125,184.42999267578125,190.4499969482422,183.0,186.3800048828125,1348700
2025-08-08,184.61729431152344,187.00999450683594,187.5399932861328,183.0,184.42999267578125,707700
2025-08-11,186.848388671875,189.27000427246094,190.5500030517578,185.41000366210938,187.91000366210938,937200
2025-08-12,185.81179809570312,188.22000122070312,190.8699951171875,186.32000732421875,189.27000427246094,632400
2025-08-13,186.5818328857422,189.0,192.2899932861328,187.5,188.02999877929688,655300
2025-08-14,185.22935485839844,187.6300048828125,190.7899932861328,187.0500030517578,189.49000549316406,528800
2025-08-15,187.60850524902344,190.0399932861328,191.52000427246094,187.7899932861328,188.3000030517578,687000
2025-08-18,184.222412109375,186.61000061035156,191.49000549316406,186.47999572753906,191.49000549316406,470800
2025-08-19,184.4593505859375,186.85000610351562,188.5500030517578,186.30999755859375,187.5500030517578,346600
2025-08-20,187.46278381347656,189.1199951171875,189.1300048828125,186.4499969482422,186.99000549316406,605200
2025-08-21,185.2126922607422,186.85000610351562,190.50999450683594,184.83999633789062,188.11000061035156,754300
2025-08-22,187.07620239257812,188.72999572753906,189.3300018310547,186.8699951171875,187.9600067138672,589600
2025-08-25,188.4837646484375,190.14999389648438,192.9600067138672,189.75,190.77000427246094,818500
2025-08-26,188.11700439453125,189.77999877929688,191.6199951171875,189.02000427246094,189.33999633789062,551900
2025-08-27,185.8668975830078,187.50999450683594,191.0,187.3800048828125,189.75999450683594,452300
2025-08-28,180.9503631591797,182.5500030517578,188.0,182.14999389648438,187.44000244140625,648100
2025-08-29,182.22906494140625,183.83999633789062,184.33999633789062,182.35000610351562,184.22000122070312,592400
2025-09-02,178.62095642089844,180.1999969482422,184.99000549316406,179.10000610351562,184.6699981689453,611300
2025-09-03,179.998779296875,181.58999633789062,181.69000244140625,179.25999450683594,179.6999969482422,1103300
2025-09-04,178.55157470703125,180.1300048828125,182.74000549316406,178.1999969482422,182.0,716200
2025-09-05,185.85699462890625,187.5,189.5399932861328,183.6699981689453,185.0,758300
2025-09-08,185.52987670898438,187.1699981689453,188.19000244140625,184.27000427246094,188.00999450683594,867900
2025-09-09,186.5211181640625,188.1699981689453,188.52999877929688,186.25,187.4499969482422,680700
2025-09-10,183.0121307373047,184.6300048828125,187.85000610351562,183.19000244140625,186.61000061035156,820900
2025-09-11,186.80857849121094,188.4600067138672,190.47000122070312,185.05999755859375,185.77000427246094,777200
2025-09-12,183.23020935058594,184.85000610351562,189.38999938964844,184.6199951171875,188.32000732421875,648600
2025-09-15,180.08798217773438,181.67999267578125,186.19000244140625,180.9499969482422,186.19000244140625,737100
2025-09-16,181.33694458007812,182.94000244140625,185.1699981689453,179.8699951171875,181.27999877929688,530400
2025-09-17,181.92176818847656,183.52999877929688,185.2100067138672,182.52000427246094,183.1300048828125,593400
2025-09-18,178.13525390625,179.7100067138672,183.55999755859375,179.60000610351562,183.16000366210938,674700
2025-09-19,176.75743103027344,178.32000732421875,180.3000030517578,177.83999633789062,180.3000030517578,9702700
2025-09-22,176.85653686523438,178.4199981689453,181.32000732421875,176.57000732421875,179.99000549316406,891400
2025-09-23,177.54051208496094,179.11000061035156,181.3800048828125,177.91000366210938,178.6999969482422,576500
2025-09-24,177.4711151123047,179.0399932861328,180.10000610351562,177.0,178.83999633789062,664600
2025-09-25,176.60873413085938,178.1699981689453,180.52999877929688,177.64999389648438,178.9600067138672,574900
2025-09-26,178.5614776611328,180.13999938964844,181.24000549316406,177.60000610351562,179.4499969482422,574200
2025-09-29,176.073486328125,177.6300048828125,182.0800018310547,176.97999572753906,182.0800018310547,710000
2025-09-30,172.72308349609375,174.25,177.5,174.0399932861328,176.52999877929688,680900
2025-10-01,169.3429718017578,170.83999633789062,175.77999877929688,169.58999633789062,175.5399932861328,859600
2025-10-02,168.1039276123047,169.58999633789062,171.63999938964844,168.74000549316406,170.36000061035156,2428400
2025-10-03,169.00595092773438,170.5,171.97999572753906,169.0,169.58999633789062,794800
2025-10-06,166.40890502929688,167.8800048828125,168.00999450683594,161.61000061035156,166.4499969482422,1640900
2025-10-07,166.66664123535156,168.13999938964844,170.52000427246094,167.35000610351562,167.89999389648438,1201000
2025-10-08,170.62167358398438,172.1300048828125,172.1699981689453,165.7100067138672,167.67999267578125,736500
2025-10-09,170.72079467773438,172.22999572753906,173.41000366210938,170.50999450683594,171.88999938964844,462700
2025-10-10,175.84547424316406,177.39999389648438,177.6300048828125,171.5500030517578,171.9499969482422,852200
2025-10-13,171.38491821289062,172.89999389648438,179.05999755859375,172.39999389648438,176.25999450683594,947600
2025-10-14,169.58087158203125,171.0800018310547,173.69000244140625,170.1300048828125,172.10000610351562,525200
2025-10-15,170.0467529296875,171.5500030517578,172.6699981689453,169.11000061035156,170.00999450683594,440300
2025-10-16,169.5709686279297,171.07000732421875,172.13999938964844,170.0,171.5800018310547,546100
2025-10-17,169.75927734375,171.25999450683594,172.75999450683594,170.13999938964844,171.4199981689453,470100
2025-10-20,169.4420928955078,170.94000244140625,173.64999389648438,168.8300018310547,172.92999267578125,843100
2025-10-21,171.41464233398438,172.92999267578125,173.16000366210938,170.22000122070312,170.41000366210938,394200
2025-10-22,170.34413146972656,171.85000610351562,174.9499969482422,171.14999389648438,171.97000122070312,514800
2025-10-23,170.02691650390625,171.52999877929688,172.25999450683594,169.0500030517578,171.64999389648438,312300
2025-10-24,169.05552673339844,170.5500030517578,172.72000122070312,170.49000549316406,171.27000427246094,295500
2025-10-27,166.08180236816406,167.5500030517578,172.74000549316406,166.49000549316406,172.74000549316406,641300
2025-10-28,161.94834899902344,163.3800048828125,167.24000549316406,163.08999633789062,166.97000122070312,536200
2025-10-29,157.4580535888672,158.85000610351562,162.8000030517578,158.4199981689453,161.80999755859375,704700
2025-10-30,158.578125,159.97999572753906,161.36000061035156,158.27999877929688,158.27999877929688,819100
2025-10-31,158.6574249267578,160.05999755859375,162.0500030517578,158.66000366210938,159.8800048828125,528700
2025-11-03,157.76531982421875,159.16000366210938,159.4600067138672,156.1699981689453,158.3800048828125,680900
2025-11-04,159.88656616210938,161.3000030517578,161.47999572753906,158.92999267578125,160.1999969482422,485000
2025-11-05,159.58920288085938,161.0,163.85000610351562,160.33999633789062,160.33999633789062,714200
2025-11-06,164.29757690429688,165.75,167.3300018310547,161.88999938964844,163.0,1145200
2025-11-07,165.80426025390625,167.27000427246094,173.0,166.11000061035156,168.39999389648438,1110500
2025-11-10,167.70742797851562,169.19000244140625,170.80999755859375,165.0,170.3800048828125,656700
2025-11-11,169.89805603027344,171.39999389648438,174.52000427246094,169.30999755859375,169.6999969482422,675100
2025-11-12,168.24270629882812,169.72999572753906,171.8000030517578,169.39999389648438,171.44000244140625,685200
2025-11-13,172.47528076171875,174.0,174.61000061035156,169.02000427246094,169.75,606300
2025-11-14,173.43678283691406,174.97000122070312,176.22999572753906,173.17999267578125,175.25999450683594,574300
2025-11-17,171.94993591308594,173.47000122070312,175.35000610351562,173.3800048828125,173.9499969482422,468300
2025-11-18,171.45431518554688,172.97000122070312,175.7899932861328,172.8300018310547,173.3800048828125,513700
2025-11-19,166.4563446044922,167.19000244140625,172.00999450683594,167.16000366210938,170.3800048828125,599800
2025-11-20,160.98046875,161.69000244140625,166.33999633789062,161.27000427246094,165.4199981689453,989200
2025-11-21,161.01034545898438,161.72000122070312,164.67999267578125,161.32000732421875,163.66000366210938,608500
2025-11-24,161.08999633789062,161.8000030517578,162.44000244140625,159.83999633789062,161.47999572753906,522100
2025-11-25,163.16085815429688,163.8800048828125,164.5,161.02000427246094,161.9199981689453,629100
2025-11-26,163.4794464111328,164.1999969482422,165.86000061035156,163.6699981689453,164.47999572753906,626500
2025-11-28,163.1708221435547,163.88999938964844,165.08999633789062,163.0500030517578,164.82000732421875,260800
2025-12-01,159.28793334960938,159.99000549316406,164.32000732421875,158.9600067138672,162.16000366210938,706200
2025-12-02,160.05455017089844,160.75999450683594,161.10000610351562,158.0500030517578,160.05999755859375,447500
2025-12-03,159.00917053222656,159.7100067138672,163.57000732421875,159.42999267578125,161.27999877929688,542800
2025-12-04,166.5160675048828,167.25,169.49000549316406,163.89999389648438,163.89999389648438,821600
2025-12-05,166.50611877441406,167.24000549316406,168.50999450683594,165.97000122070312,167.35000610351562,528800
2025-12-08,164.33567810058594,165.05999755859375,167.52000427246094,163.3300018310547,166.91000366210938,581200
2025-12-09,172.400146484375,173.16000366210938,175.3300018310547,170.3300018310547,174.08999633789062,859300
2025-12-10,174.44114685058594,175.2100067138672,176.0,171.50999450683594,171.50999450683594,797700
2025-12-11,177.06956481933594,177.85000610351562,178.89999389648438,174.50999450683594,174.50999450683594,853500
2025-12-12,178.20455932617188,178.99000549316406,179.7899932861328,177.22000122070312,177.85000610351562,957500
2025-12-15,178.41363525390625,179.1999969482422,179.8800048828125,177.60000610351562,178.44000244140625,691200
2025-12-16,178.6824493408203,179.47000122070312,182.07000732421875,179.35000610351562,179.5,809500
2025-12-17,181.08187866210938,181.8800048828125,183.39999389648438,179.1999969482422,179.25999450683594,588000
2025-12-18,180.25552368164062,181.0500030517578,184.0,180.67999267578125,181.88999938964844,648100
2025-12-19,177.99546813964844,178.77999877929688,181.2899932861328,177.99000549316406,179.8800048828125,2903000
2025-12-22,180.3849334716797,181.17999267578125,181.58999633789062,179.72999572753906,180.47999572753906,690100
2025-12-23,182.4359130859375,183.24000549316406,183.5399932861328,180.1999969482422,181.08999633789062,514000
2025-12-24,181.7389678955078,182.5399932861328,183.52999877929688,181.85000610351562,182.22000122070312,200400
2025-12-26,182.0575714111328,182.86000061035156,182.91000366210938,181.22000122070312,181.72999572753906,309700
2025-12-29,183.04322814941406,183.85000610351562,184.27999877929688,182.41000366210938,182.41000366210938,347600
2025-12-30,181.7091064453125,182.50999450683594,184.38999938964844,182.38999938964844,182.82000732421875,285300
