Price,Adj Close,Close,High,Low,Open,Volume
Ticker,PG,PG,PG,PG,PG,PG
Date,,,,,,
2015-01-02,66.04936218261719,90.44000244140625,91.0,89.91999816894531,90.83999633789062,7251400
2015-01-05,65.7353515625,90.01000213623047,91.0,89.8499984741211,90.2300033569336,8626100
2015-01-06,65.4358901977539,89.5999984741211,90.55999755859375,89.26000213623047,90.30999755859375,7791200
2015-01-07,65.7791748046875,90.06999969482422,90.37000274658203,89.55999755859375,89.94000244140625,5986600
2015-01-08,66.5313949584961,91.0999984741211,91.2300033569336,90.12999725341797,90.4800033569336,6823300
2015-01-09,65.91061401367188,90.25,91.18000030517578,90.12000274658203,91.18000030517578,4872800
2015-01-12,65.66962432861328,89.91999816894531,90.62000274658203,89.51000213623047,90.4800033569336,5250900
2015-01-13,65.94715118408203,90.30000305175781,91.5,89.7699966430664,90.77999877929688,6727100
2015-01-14,65.72073364257812,89.98999786376953,90.16000366210938,89.43000030517578,89.7300033569336,6418200
2015-01-15,65.62580108642578,89.86000061035156,90.5,89.33999633789062,90.48999786376953,6768200
2015-01-16,66.64094543457031,91.25,91.33999633789062,89.87000274658203,89.94999694824219,8815700
2015-01-20,66.59715270996094,91.19000244140625,91.79000091552734,90.5,91.25,9869900
2015-01-21,66.73246765136719,90.7300033569336,91.19000244140625,89.62999725341797,90.4000015258789,6974500
2015-01-22,67.3870620727539,91.62000274658203,91.69000244140625,89.87000274658203,91.04000091552734,7211200
2015-01-23,66.25437927246094,90.08000183105469,91.19000244140625,89.94999694824219,91.16999816894531,6745700
2015-01-26,65.88662719726562,89.58000183105469,89.94999694824219,88.73999786376953,89.94999694824219,9371700
2015-01-27,63.61391067504883,86.48999786376953,87.20999908447266,86.0199966430664,87.0999984741211,14417400
2015-01-28,62.628334045410156,85.1500015258789,86.91000366210938,85.01000213623047,86.62999725341797,14033400
2015-01-29,63.01076889038086,85.66999816894531,86.11000061035156,85.1500015258789,85.77999877929688,12054500
2015-01-30,61.995792388916016,84.29000091552734,85.22000122070312,84.25,85.08999633789062,14685300
2015-02-02,62.60627365112305,85.12000274658203,85.13999938964844,83.68000030517578,84.58000183105469,10278700
2015-02-03,63.21675491333008,85.94999694824219,86.0,85.12000274658203,85.94999694824219,10747900
2015-02-04,63.09904479980469,85.79000091552734,86.4800033569336,85.55000305175781,85.88999938964844,9212800
2015-02-05,63.768348693847656,86.69999694824219,86.77999877929688,86.0999984741211,86.23999786376953,6531300
2015-02-06,62.96666717529297,85.61000061035156,86.61000061035156,85.1500015258789,86.55999755859375,8429800
2015-02-09,62.55477523803711,85.05000305175781,85.43000030517578,84.58999633789062,85.30999755859375,8811500
2015-02-10,62.80486297607422,85.38999938964844,85.56999969482422,84.81999969482422,85.33000183105469,7059300
2015-02-11,62.98872375488281,85.63999938964844,86.19999694824219,85.1500015258789,85.94999694824219,7184600
2015-02-12,63.275569915771484,86.02999877929688,86.1500015258789,85.41000366210938,86.05999755859375,6074600
2015-02-13,63.17995071411133,85.9000015258789,86.1500015258789,85.5,86.02999877929688,6272000
2015-02-17,62.87842559814453,85.48999786376953,86.05999755859375,85.0,86.05999755859375,10310400
2015-02-18,63.44473648071289,86.26000213623047,86.38999938964844,85.5199966430664,85.76000213623047,8132300
2015-02-19,62.67247009277344,85.20999908447266,86.30000305175781,85.05000305175781,86.11000061035156,7271600
2015-02-20,62.42238235473633,84.87000274658203,85.05000305175781,84.19000244140625,84.94999694824219,9581300
2015-02-23,62.80486297607422,85.38999938964844,85.5,84.6500015258789,84.95999908447266,7919200
2015-02-24,62.88573455810547,85.5,85.73999786376953,85.01000213623047,85.51000213623047,6502200
2015-02-25,62.85633087158203,85.45999908447266,85.80000305175781,85.23999786376953,85.69999694824219,5975800
2015-02-26,62.643035888671875,85.16999816894531,85.76000213623047,84.88999938964844,85.41999816894531,7964500
2015-02-27,62.61360168457031,85.12999725341797,85.37999725341797,84.56999969482422,85.0199966430664,7685000
2015-03-02,62.81956481933594,85.41000366210938,85.41000366210938,84.83999633789062,85.12999725341797,7235200
2015-03-03,62.63569641113281,85.16000366210938,85.44000244140625,84.54000091552734,85.3499984741211,6095600
2015-03-04,62.039939880371094,84.3499984741211,85.23999786376953,84.20999908447266,85.04000091552734,7370000
2015-03-05,62.245887756347656,84.62999725341797,84.76000213623047,84.08999633789062,84.62000274658203,5914200
2015-03-06,60.796932220458984,82.66000366210938,84.37000274658203,82.37000274658203,84.33999633789062,11338700
2015-03-09,61.11320114135742,83.08999633789062,83.20999908447266,82.68000030517578,82.79000091552734,7326700
2015-03-10,59.9731559753418,81.54000091552734,82.87999725341797,81.54000091552734,82.47000122070312,9681400
2015-03-11,59.862823486328125,81.38999938964844,81.77999877929688,80.80999755859375,81.52999877929688,10066600
2015-03-12,60.37767791748047,82.08999633789062,82.12000274658203,81.51000213623047,81.58999633789062,6951100
2015-03-13,60.186431884765625,81.83000183105469,82.27999877929688,81.1500015258789,81.9800033569336,7492500
2015-03-16,61.458831787109375,83.55999755859375,83.94999694824219,81.98999786376953,82.08000183105469,15618300
2015-03-17,60.93666458129883,82.8499984741211,83.37000274658203,82.43000030517578,83.36000061035156,7509300
2015-03-18,61.5986328125,83.75,84.05000305175781,82.0199966430664,82.86000061035156,12607900
2015-03-19,61.32647705078125,83.37999725341797,83.75,83.12000274658203,83.45999908447266,9257500
2015-03-20,62.326751708984375,84.73999786376953,84.79000091552734,83.7699966430664,83.98999786376953,22580300
2015-03-23,62.41503143310547,84.86000061035156,85.05000305175781,84.36000061035156,84.37000274658203,9891100
2015-03-24,61.7236328125,83.91999816894531,85.11000061035156,83.87000274658203,84.88999938964844,7478800
2015-03-25,61.05434036254883,83.01000213623047,84.37000274658203,82.86000061035156,84.37000274658203,8482200
2015-03-26,60.421810150146484,82.1500015258789,82.61000061035156,81.94999694824219,82.58000183105469,7311600
2015-03-27,60.53950119018555,82.30999755859375,82.54000091552734,81.98999786376953,82.08000183105469,6440600
2015-03-30,60.84103775024414,82.72000122070312,82.94999694824219,82.1500015258789,82.62999725341797,6416800
2015-03-31,60.26735305786133,81.94000244140625,82.93000030517578,81.94000244140625,82.76000213623047,8649700
2015-04-01,60.5468635559082,82.31999969482422,82.44999694824219,81.44999694824219,82.44000244140625,7395300
2015-04-02,60.627769470214844,82.43000030517578,82.58999633789062,81.91999816894531,82.16999816894531,6169800
2015-04-06,61.07642364501953,83.04000091552734,83.2300033569336,81.51000213623047,81.91999816894531,6856300
2015-04-07,60.59834671020508,82.38999938964844,83.29000091552734,82.33000183105469,82.93000030517578,6329900
2015-04-08,60.87781524658203,82.7699966430664,83.18000030517578,82.2699966430664,82.30000305175781,6523400
2015-04-09,60.96611404418945,82.88999938964844,82.94999694824219,82.01000213623047,82.62999725341797,6185000
2015-04-10,61.304412841796875,83.3499984741211,83.62999725341797,82.72000122070312,82.80000305175781,7001700
2015-04-13,61.36326217651367,83.43000030517578,83.94999694824219,82.94000244140625,83.0,8290500
2015-04-14,61.488304138183594,83.5999984741211,83.87999725341797,83.05000305175781,83.38999938964844,6792600
2015-04-15,61.422115325927734,83.51000213623047,84.19999694824219,83.4800033569336,83.8499984741211,7006400
2015-04-16,61.41472244262695,83.5,84.06999969482422,83.3499984741211,83.55999755859375,7615900
2015-04-17,60.701297760009766,82.52999877929688,83.22000122070312,82.02999877929688,83.0,9533800
2015-04-20,60.95136642456055,82.87000274658203,83.9800033569336,82.80000305175781,83.08999633789062,7416000
2015-04-21,61.1058235168457,83.08000183105469,83.80000305175781,82.9000015258789,83.38999938964844,7696400
2015-04-22,61.11320114135742,83.08999633789062,83.33999633789062,82.5999984741211,83.22000122070312,6753100
2015-04-23,60.01810073852539,80.94999694824219,82.0999984741211,80.9000015258789,81.41999816894531,14569500
2015-04-24,60.0551872253418,81.0,81.52999877929688,80.9000015258789,81.04000091552734,8785500
2015-04-27,59.75861358642578,80.5999984741211,81.19999694824219,80.47000122070312,80.91000366210938,9192300
2015-04-28,59.625152587890625,80.41999816894531,80.81999969482422,80.19000244140625,80.7300033569336,8395500
2015-04-29,59.2025260925293,79.8499984741211,80.30999755859375,79.72000122070312,80.0,11858500
2015-04-30,58.95046615600586,79.51000213623047,80.1500015258789,79.06999969482422,79.94999694824219,9409300
2015-05-01,59.528778076171875,80.29000091552734,80.31999969482422,79.62999725341797,79.76000213623047,8193000
2015-05-04,59.57324981689453,80.3499984741211,80.97000122070312,80.30000305175781,80.4800033569336,7203800
2015-05-05,59.365665435791016,80.06999969482422,80.6500015258789,79.77999877929688,80.5,6589400
2015-05-06,59.610321044921875,80.4000015258789,80.58000183105469,79.5199966430664,80.33999633789062,7335700
2015-05-07,59.4620475769043,80.19999694824219,80.55000305175781,80.0,80.37000274658203,7224300
2015-05-08,60.025516510009766,80.95999908447266,81.20999908447266,80.81999969482422,80.88999938964844,6929400
2015-05-11,59.51393508911133,80.2699966430664,80.98999786376953,80.26000213623047,80.94999694824219,5237800
2015-05-12,59.27668762207031,79.94999694824219,80.29000091552734,79.36000061035156,80.02999877929688,6305800
2015-05-13,59.09131622314453,79.69999694824219,80.58999633789062,79.55000305175781,80.16000366210938,6459900
2015-05-14,59.73637008666992,80.56999969482422,80.69000244140625,80.08999633789062,80.11000061035156,5634200
2015-05-15,60.09225845336914,81.05000305175781,81.12000274658203,80.7300033569336,80.83000183105469,7454800
2015-05-18,59.862422943115234,80.73999786376953,81.12999725341797,80.5,80.97000122070312,5590800
2015-05-19,59.92912673950195,80.83000183105469,80.94999694824219,80.33000183105469,80.75,5729500
2015-05-20,59.669654846191406,80.4800033569336,81.0,80.44999694824219,80.93000030517578,5487000
2015-05-21,59.617733001708984,80.41000366210938,80.58000183105469,79.83999633789062,80.16999816894531,6054700
2015-05-22,59.27668762207031,79.94999694824219,80.4000015258789,79.91999816894531,80.23999786376953,6003600
2015-05-26,58.6761360168457,79.13999938964844,80.06999969482422,78.94000244140625,79.97000122070312,6698300
2015-05-27,58.86148452758789,79.38999938964844,79.94000244140625,79.08999633789062,79.22000122070312,8094600
2015-05-28,58.81700134277344,79.33000183105469,79.44999694824219,79.0199966430664,79.43000030517578,5803400
2015-05-29,58.12007141113281,78.38999938964844,79.23999786376953,78.19000244140625,79.18000030517578,12551700
2015-06-01,58.461143493652344,78.8499984741211,79.06999969482422,78.2699966430664,78.6500015258789,7588000
2015-06-02,58.23126983642578,78.54000091552734,78.72000122070312,78.16999816894531,78.45999908447266,7380800
2015-06-03,58.24610900878906,78.55999755859375,78.93000030517578,78.2699966430664,78.91000366210938,5985800
2015-06-04,57.94211959838867,78.1500015258789,78.83999633789062,78.05999755859375,78.41000366210938,7714600
2015-06-05,57.408287048339844,77.43000030517578,78.12000274658203,77.37000274658203,78.04000091552734,9439700
2015-06-08,57.61588668823242,77.70999908447266,77.9800033569336,77.0999984741211,77.4800033569336,10916200
2015-06-09,58.498191833496094,78.9000015258789,79.33000183105469,77.81999969482422,77.97000122070312,11528900
2015-06-10,58.972713470458984,79.54000091552734,79.79000091552734,79.01000213623047,79.2300033569336,9483500
2015-06-11,58.87631607055664,79.41000366210938,79.93000030517578,79.23999786376953,79.93000030517578,7633300
2015-06-12,58.475929260253906,78.87000274658203,79.31999969482422,78.56999969482422,79.16999816894531,6508600
2015-06-15,57.91989517211914,78.12000274658203,78.45999908447266,77.93000030517578,78.33000183105469,7527900
2015-06-16,58.64645767211914,79.0999984741211,79.5999984741211,78.54000091552734,79.5999984741211,8285700
2015-06-17,59.373077392578125,80.08000183105469,80.19000244140625,79.16000366210938,79.19999694824219,9305800
2015-06-18,59.92172622680664,80.81999969482422,81.22000122070312,80.30000305175781,80.33000183105469,10712500
2015-06-19,59.714149475097656,80.54000091552734,81.19999694824219,80.4800033569336,80.70999908447266,15598800
2015-06-22,59.647403717041016,80.44999694824219,81.18000030517578,80.33000183105469,80.91999816894531,6907900
2015-06-23,59.1580696105957,79.79000091552734,80.44999694824219,79.62000274658203,80.33000183105469,7190600
2015-06-24,58.95046615600586,79.51000213623047,79.8499984741211,79.5,79.80000305175781,8843700
2015-06-25,58.86148452758789,79.38999938964844,79.9000015258789,79.38999938964844,79.70999908447266,5855700
2015-06-26,58.82441711425781,79.33999633789062,79.73999786376953,79.27999877929688,79.54000091552734,7703200
2015-06-29,58.06816864013672,78.31999969482422,79.37000274658203,78.26000213623047,78.94999694824219,7966200
2015-06-30,58.008853912353516,78.23999786376953,79.01000213623047,78.12999725341797,78.91999816894531,8451400
2015-07-01,59.106163024902344,79.72000122070312,79.7699966430664,78.12000274658203,78.38999938964844,8868000
2015-07-02,59.26183319091797,79.93000030517578,80.3499984741211,79.7699966430664,80.01000213623047,6602500
2015-07-06,59.3508186340332,80.05000305175781,80.22000122070312,79.5,79.61000061035156,6601200
2015-07-07,60.589019775390625,81.72000122070312,81.83000183105469,80.05999755859375,80.05999755859375,11690400
2015-07-08,60.047760009765625,80.98999786376953,81.69000244140625,80.88999938964844,81.20999908447266,6724700
2015-07-09,59.8031005859375,80.66000366210938,82.0,80.5199966430664,81.75,10419800
2015-07-10,60.01810073852539,80.94999694824219,81.36000061035156,80.76000213623047,81.2300033569336,6892500
2015-07-13,60.72989273071289,81.91000366210938,82.04000091552734,81.33999633789062,81.5199966430664,7332900
2015-07-14,60.826263427734375,82.04000091552734,82.45999908447266,81.9800033569336,82.04000091552734,6119500
2015-07-15,60.90781021118164,82.1500015258789,82.31999969482422,81.83999633789062,81.91000366210938,6673700
2015-07-16,61.0190315246582,82.30000305175781,82.55000305175781,82.0999984741211,82.44999694824219,6623400
2015-07-17,60.97452163696289,82.23999786376953,82.37999725341797,81.5999984741211,81.88999938964844,5827300
2015-07-20,60.93747329711914,82.19000244140625,82.3499984741211,82.0,82.08999633789062,5012900
2015-07-21,60.52226638793945,81.62999725341797,82.12999725341797,81.37000274658203,82.01000213623047,7512400
2015-07-22,60.41985321044922,80.83000183105469,81.30000305175781,80.66999816894531,81.02999877929688,6106400
2015-07-23,60.32271957397461,80.69999694824219,80.88999938964844,80.13999938964844,80.83000183105469,5380900
2015-07-24,60.01622772216797,80.29000091552734,80.7300033569336,80.2300033569336,80.51000213623047,5660800
2015-07-27,59.777015686035156,79.97000122070312,80.06999969482422,79.43000030517578,79.83000183105469,8613600
2015-07-28,59.971378326416016,80.2300033569336,80.66000366210938,79.91000366210938,80.13999938964844,8649900
2015-07-29,60.26289749145508,80.62000274658203,80.98999786376953,80.16000366210938,80.26000213623047,8921500
2015-07-30,57.84849548339844,77.38999938964844,79.4800033569336,77.1500015258789,79.4000015258789,22067800
2015-07-31,57.332706451416016,76.69999694824219,77.73999786376953,76.66000366210938,77.62999725341797,11877200
2015-08-03,57.10847473144531,76.4000015258789,77.08999633789062,76.01000213623047,76.51000213623047,9511300
2015-08-04,56.742210388183594,75.91000366210938,76.33999633789062,75.75,76.02999877929688,13369100
2015-08-05,56.6375617980957,75.7699966430664,76.54000091552734,75.75,76.05000305175781,10895400
2015-08-06,56.61513137817383,75.73999786376953,76.01000213623047,75.25,76.01000213623047,9353300
2015-08-07,56.4207763671875,75.4800033569336,75.72000122070312,75.33999633789062,75.58999633789062,10045400
2015-08-10,57.09351348876953,76.37999725341797,76.5,75.80000305175781,75.94999694824219,9165900
2015-08-11,56.97391128540039,76.22000122070312,76.44999694824219,75.80999755859375,76.04000091552734,7491900
2015-08-12,57.101009368896484,76.38999938964844,76.43000030517578,75.33999633789062,75.88999938964844,10397700
2015-08-13,56.64501953125,75.77999877929688,76.51000213623047,75.62999725341797,76.48999786376953,5948000
2015-08-14,56.52542495727539,75.62000274658203,75.80999755859375,75.37999725341797,75.73999786376953,5586900
2015-08-17,56.458152770996094,75.52999877929688,75.80999755859375,74.75,75.80999755859375,8683900
2015-08-18,56.159149169921875,75.12999725341797,75.80000305175781,75.0,75.58000183105469,7445900
2015-08-19,55.40420150756836,74.12000274658203,74.93000030517578,74.0199966430664,74.93000030517578,9865300
2015-08-20,55.247215270996094,73.91000366210938,74.72000122070312,73.45999908447266,73.75,10696500
2015-08-21,53.69990539550781,71.83999633789062,73.9000015258789,71.83000183105469,73.55000305175781,15763900
2015-08-24,51.68166732788086,69.13999938964844,71.06999969482422,65.0199966430664,68.56999969482422,23696300
2015-08-25,51.143489837646484,68.41999816894531,72.2300033569336,68.30000305175781,72.18000030517578,21476900
2015-08-26,52.99727249145508,70.9000015258789,71.0,68.94999694824219,69.9000015258789,17464700
2015-08-27,53.43080139160156,71.4800033569336,71.75,70.0199966430664,71.4000015258789,13434000
2015-08-28,53.228973388671875,71.20999908447266,71.2699966430664,70.58999633789062,71.16999816894531,10020000
2015-08-31,52.82533645629883,70.66999816894531,71.0,70.30000305175781,71.0,9520900
2015-09-01,51.50227355957031,68.9000015258789,69.87999725341797,68.5199966430664,69.37000274658203,15437700
2015-09-02,52.18248748779297,69.80999755859375,69.8499984741211,69.22000122070312,69.6500015258789,8903700
2015-09-03,52.2722053527832,69.93000030517578,70.45999908447266,69.69999694824219,70.18000030517578,8468300
2015-09-04,51.39763259887695,68.76000213623047,69.27999877929688,68.5,69.27999877929688,11497500
2015-09-08,52.309566497802734,69.9800033569336,70.44000244140625,69.55999755859375,70.30999755859375,9182300
2015-09-09,51.188323974609375,68.4800033569336,70.54000091552734,68.37000274658203,70.44000244140625,11070600
2015-09-10,51.06873321533203,68.31999969482422,68.94999694824219,67.75,68.12000274658203,12591100
2015-09-11,51.143489837646484,68.41999816894531,68.51000213623047,67.7300033569336,68.05999755859375,11291400
2015-09-14,50.87437057495117,68.05999755859375,68.30000305175781,67.33000183105469,68.2300033569336,9712800
2015-09-15,51.91341018676758,69.44999694824219,69.73999786376953,67.9000015258789,68.0199966430664,11043700
2015-09-16,52.3992805480957,70.0999984741211,70.36000061035156,69.69999694824219,70.12000274658203,8704200
2015-09-17,52.503902435302734,70.23999786376953,71.2699966430664,69.86000061035156,70.0,11029600
2015-09-18,52.279685974121094,69.94000244140625,70.77999877929688,69.37000274658203,69.44000244140625,18210200
2015-09-21,52.810394287109375,70.6500015258789,70.87999725341797,70.01000213623047,70.1500015258789,7742800
2015-09-22,52.466552734375,70.19000244140625,70.6500015258789,69.9800033569336,70.05999755859375,10207800
2015-09-23,52.51887512207031,70.26000213623047,70.48999786376953,69.95999908447266,70.18000030517578,6294200
2015-09-24,53.341121673583984,71.36000061035156,71.58000183105469,69.73999786376953,69.81999969482422,13423500
2015-09-25,54.32030487060547,72.66999816894531,73.37999725341797,71.94999694824219,72.38999938964844,15080700
2015-09-28,53.647586822509766,71.7699966430664,72.66999816894531,71.75,72.30999755859375,9207300
2015-09-29,54.028812408447266,72.27999877929688,72.41000366210938,71.3499984741211,71.7699966430664,9033300
2015-09-30,53.774654388427734,71.94000244140625,73.05999755859375,71.55000305175781,72.86000061035156,11041900
2015-10-01,53.78213119506836,71.94999694824219,72.18000030517578,71.4000015258789,71.76000213623047,8547600
2015-10-02,54.13346481323242,72.41999816894531,72.41999816894531,71.29000091552734,71.36000061035156,9085600
2015-10-05,54.731449127197266,73.22000122070312,73.43000030517578,72.5,72.97000122070312,9187700
2015-10-06,54.865997314453125,73.4000015258789,73.77999877929688,72.58999633789062,73.33999633789062,8851500
2015-10-07,55.105201721191406,73.72000122070312,73.87000274658203,73.31999969482422,73.72000122070312,8013200
2015-10-08,55.61347579956055,74.4000015258789,74.44000244140625,73.48999786376953,73.68000030517578,6856600
2015-10-09,55.67327880859375,74.4800033569336,74.91000366210938,74.31999969482422,74.58999633789062,6880100
2015-10-12,55.56117248535156,74.33000183105469,74.76000213623047,73.91000366210938,74.69000244140625,6255900
2015-10-13,55.3967170715332,74.11000061035156,74.27999877929688,73.66000366210938,74.23999786376953,8390200
2015-10-14,55.4714469909668,74.20999908447266,74.61000061035156,73.9000015258789,74.20999908447266,8479200
2015-10-15,55.51629638671875,74.2699966430664,74.83999633789062,74.02999877929688,74.63999938964844,8607400
2015-10-16,55.987220764160156,74.9000015258789,75.04000091552734,74.33999633789062,74.72000122070312,9578900
2015-10-19,56.18158721923828,75.16000366210938,75.19000244140625,74.52999877929688,74.6500015258789,7292200
2015-10-20,55.635929107666016,74.43000030517578,75.05000305175781,74.16000366210938,74.87000274658203,8531900
2015-10-21,55.502418518066406,73.58999633789062,74.54000091552734,73.5,73.75,8302100
2015-10-22,56.45271301269531,74.8499984741211,75.61000061035156,73.61000061035156,73.86000061035156,14080900
2015-10-23,58.09690475463867,77.02999877929688,78.44999694824219,76.30999755859375,76.76000213623047,16451200
2015-10-26,58.443843841552734,77.48999786376953,77.9000015258789,77.0,77.0,11464700
2015-10-27,58.29300308227539,77.29000091552734,77.36000061035156,76.80999755859375,77.12000274658203,9423400
2015-10-28,57.70472717285156,76.51000213623047,77.54000091552734,75.69000244140625,77.38999938964844,10178400
2015-10-29,58.089351654052734,77.0199966430664,77.19000244140625,76.23999786376953,76.75,8230700
2015-10-30,57.60666275024414,76.37999725341797,77.13999938964844,76.37999725341797,76.9800033569336,9547700
2015-11-02,57.77260208129883,76.5999984741211,76.7699966430664,76.05000305175781,76.56999969482422,7152900
2015-11-03,58.11200714111328,77.05000305175781,77.41999816894531,75.95999908447266,76.30000305175781,8013200
2015-11-04,58.119529724121094,77.05999755859375,77.13999938964844,76.51000213623047,77.02999877929688,6375400
2015-11-05,57.61420440673828,76.38999938964844,77.26000213623047,75.95999908447266,77.08999633789062,6860900
2015-11-06,56.99576187133789,75.56999969482422,76.0,74.69000244140625,75.87999725341797,9483500
2015-11-09,56.86753463745117,75.4000015258789,75.62999725341797,74.93000030517578,75.19000244140625,8607200
2015-11-10,57.146583557128906,75.7699966430664,76.23999786376953,75.2300033569336,75.37999725341797,6551000
2015-11-11,57.289886474609375,75.95999908447266,76.43000030517578,75.91999816894531,76.0199966430664,5295900
2015-11-12,56.30943298339844,74.66000366210938,76.01000213623047,74.66000366210938,75.66999816894531,7678600
2015-11-13,55.78148651123047,73.95999908447266,74.9800033569336,73.94999694824219,74.63999938964844,8468800
2015-11-16,56.7921142578125,75.30000305175781,75.33000183105469,74.01000213623047,74.25,7410600
2015-11-17,56.618629455566406,75.06999969482422,76.01000213623047,74.87000274658203,75.33000183105469,8761800
2015-11-18,57.244651794433594,75.9000015258789,75.95999908447266,74.80999755859375,74.9800033569336,6447100
2015-11-19,57.485984802246094,76.22000122070312,76.95999908447266,76.0199966430664,76.13999938964844,7899500
2015-11-20,57.18429946899414,75.81999969482422,76.86000061035156,75.68000030517578,76.55000305175781,9533200
2015-11-23,57.29743194580078,75.97000122070312,76.05999755859375,75.4000015258789,75.81999969482422,9421300
2015-11-24,57.65944290161133,76.44999694824219,76.69000244140625,75.61000061035156,75.62000274658203,7086800
2015-11-25,57.244651794433594,75.9000015258789,76.73999786376953,75.87999725341797,76.52999877929688,4266500
2015-11-27,57.09380340576172,75.69999694824219,76.37000274658203,75.5,75.88999938964844,2390100
2015-11-30,56.44517517089844,74.83999633789062,75.80999755859375,74.83999633789062,75.58000183105469,8935700
2015-12-01,57.27482223510742,75.94000244140625,76.22000122070312,74.87000274658203,74.87000274658203,8391700
2015-12-02,57.16170120239258,75.79000091552734,76.45999908447266,75.6500015258789,75.7300033569336,8104200
2015-12-03,57.123966217041016,75.73999786376953,76.19999694824219,75.16999816894531,75.83000183105469,11177800
2015-12-04,58.70028305053711,77.83000183105469,77.9000015258789,75.91999816894531,75.9800033569336,11961000
2015-12-07,59.107566833496094,78.37000274658203,78.5,77.54000091552734,77.54000091552734,9460000
2015-12-08,58.639930725097656,77.75,78.5,77.3499984741211,77.68000030517578,8312700
2015-12-09,58.60221862792969,77.69999694824219,78.98999786376953,77.44000244140625,77.5999984741211,10081900
2015-12-10,58.67011260986328,77.79000091552734,78.54000091552734,77.56999969482422,77.91000366210938,8984200
2015-12-11,58.66255569458008,77.77999877929688,78.33000183105469,77.11000061035156,77.51000213623047,12280500
2015-12-14,59.04722213745117,78.29000091552734,78.52999877929688,77.44000244140625,77.62999725341797,12179000
2015-12-15,60.095584869384766,79.68000030517578,80.0,78.4800033569336,78.70999908447266,14113400
2015-12-16,61.0836067199707,80.98999786376953,81.2300033569336,79.80000305175781,79.9800033569336,14102600
2015-12-17,60.55563735961914,80.29000091552734,81.02999877929688,80.19999694824219,80.9800033569336,9864200
2015-12-18,58.9265251159668,78.12999725341797,80.12000274658203,78.12999725341797,79.94999694824219,21342100
2015-12-21,59.54499053955078,78.94999694824219,78.9800033569336,78.1500015258789,78.62999725341797,9105800
2015-12-22,60.03522872924805,79.5999984741211,79.75,78.87999725341797,79.16000366210938,9872200
2015-12-23,60.27656173706055,79.91999816894531,80.43000030517578,79.5,79.94999694824219,8254600
2015-12-24,60.178531646728516,79.79000091552734,80.1500015258789,79.5999984741211,79.66000366210938,2498000
2015-12-28,60.27656173706055,79.91999816894531,79.97000122070312,79.47000122070312,79.73999786376953,4150000
2015-12-29,60.608428955078125,80.36000061035156,80.61000061035156,79.8499984741211,80.22000122070312,4406100
2015-12-30,60.38973617553711,80.06999969482422,80.5,80.0,80.45999908447266,3793200
2015-12-31,59.89192199707031,79.41000366210938,80.04000091552734,79.30999755859375,79.91000366210938,5077700
2016-01-04,59.107566833496094,78.37000274658203,78.5,77.54000091552734,78.36000061035156,11529800
2016-01-05,59.296104431152344,78.62000274658203,78.95999908447266,78.20999908447266,78.44000244140625,8133700
2016-01-06,58.722900390625,77.86000061035156,78.29000091552734,77.12000274658203,77.66999816894531,9551000
2016-01-07,58.210025787353516,77.18000030517578,77.5999984741211,76.06999969482422,76.8499984741211,11973900
2016-01-08,57.29743194580078,75.97000122070312,77.4800033569336,75.66999816894531,77.36000061035156,9676400
2016-01-11,57.82540512084961,76.66999816894531,77.04000091552734,75.5999984741211,76.16999816894531,10209200
2016-01-12,57.70472717285156,76.51000213623047,77.0199966430664,75.75,77.0,8774700
2016-01-13,57.20692443847656,75.8499984741211,76.98999786376953,75.79000091552734,76.97000122070312,9310100
2016-01-14,57.433189392089844,76.1500015258789,76.94999694824219,75.87999725341797,76.0999984741211,12835100
2016-01-15,56.55078125,74.9800033569336,75.68000030517578,74.47000122070312,74.5,17023900
2016-01-19,57.87063217163086,76.7300033569336,76.91000366210938,75.72000122070312,75.80000305175781,13457300
2016-01-20,57.69033432006836,75.83000183105469,76.08999633789062,74.45999908447266,75.29000091552734,17795000
2016-01-21,58.367427825927734,76.72000122070312,77.18000030517578,75.41000366210938,76.0199966430664,12712900
2016-01-22,58.854331970214844,77.36000061035156,77.97000122070312,76.55000305175781,77.4000015258789,9465800
2016-01-25,58.466346740722656,76.8499984741211,77.36000061035156,76.55999755859375,77.19999694824219,9870400
2016-01-26,59.957489013671875,78.80999755859375,79.58000183105469,77.54000091552734,78.0,16374800
2016-01-27,59.949859619140625,78.80000305175781,79.8499984741211,78.1500015258789,78.52999877929688,10816100
2016-01-28,60.725860595703125,79.81999969482422,80.0,78.61000061035156,79.4000015258789,9895100
2016-01-29,62.148536682128906,81.69000244140625,82.0,79.83000183105469,79.9800033569336,19895000
2016-02-01,61.71489715576172,81.12000274658203,81.4000015258789,80.52999877929688,81.20999908447266,9657200
2016-02-02,61.03017807006836,80.22000122070312,80.54000091552734,79.80999755859375,80.08999633789062,9116400
2016-02-03,61.69968032836914,81.0999984741211,81.23999786376953,80.0199966430664,80.4800033569336,10149600
2016-02-04,61.39536666870117,80.69999694824219,81.0999984741211,80.33000183105469,80.8499984741211,8295100
2016-02-05,61.77573776245117,81.19999694824219,81.19999694824219,80.56999969482422,80.58000183105469,9957600
2016-02-08,62.85608673095703,82.62000274658203,82.72000122070312,80.29000091552734,80.29000091552734,16530200
2016-02-09,62.87126922607422,82.63999938964844,83.0,81.0199966430664,81.83000183105469,14308900
2016-02-10,62.09528350830078,81.62000274658203,83.0,81.45999908447266,82.91000366210938,10585400
2016-02-11,60.7867546081543,79.9000015258789,80.98999786376953,79.62999725341797,80.38999938964844,12343900
2016-02-12,61.6159782409668,80.98999786376953,81.0199966430664,79.79000091552734,80.36000061035156,9306100
2016-02-16,61.98117446899414,81.47000122070312,81.98999786376953,80.83999633789062,81.98999786376953,9352600
2016-02-17,62.72672653198242,82.44999694824219,82.83000183105469,81.51000213623047,81.6500015258789,10892900
2016-02-18,62.36915969848633,81.9800033569336,82.31999969482422,81.20999908447266,82.2300033569336,7702600
2016-02-19,62.224613189697266,81.79000091552734,82.26000213623047,81.4000015258789,81.95999908447266,7709600
2016-02-22,62.48328399658203,82.12999725341797,82.66999816894531,81.70999908447266,81.79000091552734,6916500
2016-02-23,62.23981475830078,81.80999755859375,82.45999908447266,81.61000061035156,82.0,5840600
2016-02-24,62.049644470214844,81.55999755859375,81.63999938964844,80.66000366210938,81.26000213623047,6759800
2016-02-25,62.64302444458008,82.33999633789062,82.33999633789062,81.47000122070312,81.69999694824219,6789700
2016-02-26,61.69968032836914,81.0999984741211,82.6500015258789,80.94999694824219,82.5199966430664,9281100
2016-02-29,61.08344268798828,80.29000091552734,81.3499984741211,80.20999908447266,81.0999984741211,11065300
2016-03-01,61.798580169677734,81.2300033569336,81.36000061035156,80.52999877929688,80.54000091552734,9483900
2016-03-02,62.802825927734375,82.55000305175781,82.66000366210938,80.8499984741211,81.58000183105469,12096600
2016-03-03,63.0234260559082,82.83999633789062,82.93000030517578,82.18000030517578,82.54000091552734,8747100
2016-03-04,63.51795196533203,83.48999786376953,83.73999786376953,82.26000213623047,82.62000274658203,9406700
2016-03-07,63.22125244140625,83.0999984741211,83.69999694824219,83.0,83.18000030517578,6792400
2016-03-08,63.19078826904297,83.05999755859375,83.75,82.66999816894531,82.97000122070312,7788400
2016-03-09,63.114723205566406,82.95999908447266,83.69000244140625,82.68000030517578,83.30000305175781,8954800
2016-03-10,62.5974006652832,82.27999877929688,83.2300033569336,81.75,83.12999725341797,10385600
2016-03-11,62.194183349609375,81.75,82.80000305175781,81.44000244140625,82.75,11109500
2016-03-14,61.7529296875,81.16999816894531,81.8499984741211,80.68000030517578,81.56999969482422,12389300
2016-03-15,61.85942840576172,81.30999755859375,81.45999908447266,80.76000213623047,81.0,9297800
2016-03-16,61.88225555419922,81.33999633789062,81.80000305175781,80.4800033569336,81.30999755859375,9490300
2016-03-17,62.954959869384766,82.75,83.2300033569336,81.27999877929688,81.29000091552734,12061500
2016-03-18,63.25929260253906,83.1500015258789,83.5,82.44000244140625,82.86000061035156,33635200
2016-03-21,63.388607025146484,83.31999969482422,83.87000274658203,82.91000366210938,83.12000274658203,8625600
2016-03-22,62.94736862182617,82.73999786376953,83.31999969482422,82.48999786376953,83.27999877929688,7205900
2016-03-23,63.00822067260742,82.81999969482422,83.48999786376953,82.58000183105469,82.72000122070312,5594600
2016-03-24,63.06148910522461,82.88999938964844,83.12000274658203,82.43000030517578,82.45999908447266,6645700
2016-03-28,62.85608673095703,82.62000274658203,83.44999694824219,82.5199966430664,82.98999786376953,4988500
2016-03-29,62.99300765991211,82.80000305175781,83.08999633789062,82.16000366210938,82.66000366210938,6731400
2016-03-30,62.901737213134766,82.68000030517578,83.36000061035156,82.6500015258789,83.08999633789062,6925400
2016-03-31,62.62022399902344,82.30999755859375,83.0,82.1500015258789,82.75,6819200
2016-04-01,63.54838180541992,83.52999877929688,83.62000274658203,81.93000030517578,82.0,8028600
2016-04-04,63.30491256713867,83.20999908447266,83.6500015258789,83.02999877929688,83.6500015258789,5593400
2016-04-05,63.26691818237305,83.16000366210938,83.55999755859375,82.98999786376953,83.16000366210938,5259100
2016-04-06,63.76138687133789,83.80999755859375,83.83999633789062,83.08000183105469,83.13999938964844,6292100
2016-04-07,63.32777404785156,83.23999786376953,83.68000030517578,82.87000274658203,83.23999786376953,6655900
2016-04-08,63.29729461669922,83.19999694824219,83.44999694824219,82.7699966430664,83.44000244140625,5453000
2016-04-11,62.939762115478516,82.7300033569336,83.33999633789062,82.66000366210938,83.02999877929688,7081500
2016-04-12,63.015804290771484,82.83000183105469,83.20999908447266,82.44999694824219,82.70999908447266,7081600
2016-04-13,62.73431396484375,82.45999908447266,83.43000030517578,81.83999633789062,83.05000305175781,11738600
2016-04-14,62.9030876159668,82.01000213623047,82.37000274658203,81.54000091552734,81.94999694824219,6904400
2016-04-15,63.12552261352539,82.30000305175781,82.43000030517578,81.8499984741211,82.05000305175781,7299300
2016-04-18,63.53203582763672,82.83000183105469,82.98999786376953,82.0199966430664,82.30000305175781,5628000
2016-04-19,63.8771858215332,83.27999877929688,83.69999694824219,82.8499984741211,82.91000366210938,6606100
2016-04-20,62.55025100708008,81.55000305175781,83.33999633789062,81.4800033569336,83.29000091552734,9124200
2016-04-21,61.97500991821289,80.80000305175781,81.30999755859375,80.55000305175781,81.04000091552734,8802100
2016-04-22,62.09003829956055,80.94999694824219,80.94999694824219,79.91000366210938,80.4000015258789,8027700
2016-04-25,62.442893981933594,81.41000366210938,81.4800033569336,80.41999816894531,80.91999816894531,7672800
2016-04-26,61.016212463378906,79.55000305175781,81.5,79.20999908447266,81.5,13742300
2016-04-27,61.27700424194336,79.88999938964844,80.1500015258789,79.0999984741211,79.47000122070312,7689700
2016-04-28,61.177303314208984,79.76000213623047,80.2699966430664,79.38999938964844,79.4800033569336,7615900
2016-04-29,61.453426361083984,80.12000274658203,80.1500015258789,79.37000274658203,79.66999816894531,9391000
2016-05-02,62.105377197265625,80.97000122070312,81.30000305175781,80.0199966430664,80.0199966430664,7862600
2016-05-03,62.205108642578125,81.0999984741211,81.69999694824219,80.69000244140625,80.80000305175781,7617500
2016-05-04,62.588626861572266,81.5999984741211,81.7699966430664,80.87000274658203,80.87000274658203,7365900
2016-05-05,62.35848617553711,81.30000305175781,82.08999633789062,80.91999816894531,81.5999984741211,6399500
2016-05-06,62.99512481689453,82.12999725341797,82.25,81.16999816894531,81.41999816894531,6297200
2016-05-09,62.98745346069336,82.12000274658203,82.7300033569336,81.97000122070312,82.20999908447266,6718800
2016-05-10,63.26356887817383,82.4800033569336,82.68000030517578,82.12000274658203,82.1500015258789,6222400
2016-05-11,63.010494232177734,82.1500015258789,82.88999938964844,82.12999725341797,82.5,5975000
2016-05-12,63.209896087646484,82.41000366210938,82.73999786376953,82.11000061035156,82.4800033569336,4925000
2016-05-13,62.30482482910156,81.2300033569336,82.41999816894531,81.0,82.41999816894531,6579000
2016-05-16,62.61161422729492,81.62999725341797,81.88999938964844,80.75,81.01000213623047,6497200
2016-05-17,61.8369255065918,80.62000274658203,82.05999755859375,80.33000183105469,81.63999938964844,10188200
2016-05-18,61.24632263183594,79.8499984741211,80.7699966430664,79.41000366210938,80.58999633789062,8344100
2016-05-19,61.50710678100586,80.19000244140625,80.22000122070312,79.44999694824219,79.63999938964844,6242500
2016-05-20,61.376712799072266,80.0199966430664,80.5,79.79000091552734,80.44000244140625,6526800
2016-05-23,61.5147705078125,80.19999694824219,80.33000183105469,79.8499984741211,80.05000305175781,5620600
2016-05-24,62.105377197265625,80.97000122070312,81.37999725341797,80.30000305175781,80.30000305175781,6293300
2016-05-25,62.496559143066406,81.4800033569336,81.7699966430664,81.01000213623047,81.08000183105469,6049800
2016-05-26,62.297149658203125,81.22000122070312,81.5999984741211,81.08999633789062,81.4800033569336,4622300
2016-05-27,62.45819854736328,81.43000030517578,81.66000366210938,81.16000366210938,81.2699966430664,4322200
2016-05-31,62.15908432006836,81.04000091552734,81.81999969482422,80.73999786376953,81.58000183105469,6705000
2016-06-01,62.73432159423828,81.79000091552734,81.80000305175781,80.86000061035156,80.94999694824219,6184100
2016-06-02,62.857078552246094,81.94999694824219,81.94999694824219,81.33000183105469,81.52999877929688,5186300
2016-06-03,63.25591278076172,82.47000122070312,82.48999786376953,81.77999877929688,81.93000030517578,6306700
2016-06-06,63.48603439331055,82.7699966430664,82.83000183105469,82.2300033569336,82.4000015258789,5292300
2016-06-07,63.140865325927734,82.31999969482422,82.88999938964844,82.25,82.76000213623047,6327500
2016-06-08,63.39397430419922,82.6500015258789,82.75,82.0199966430664,82.37000274658203,4712600
2016-06-09,63.79279327392578,83.16999816894531,83.26000213623047,82.43000030517578,82.58000183105469,6144900
2016-06-10,63.815826416015625,83.19999694824219,83.33999633789062,82.61000061035156,82.7699966430664,6840800
2016-06-13,63.332611083984375,82.56999969482422,83.4000015258789,82.52999877929688,82.95999908447266,6167400
2016-06-14,63.93089294433594,83.3499984741211,83.37000274658203,82.2699966430664,82.55000305175781,6868600
2016-06-15,63.62406921386719,82.94999694824219,83.5,82.81999969482422,83.4000015258789,7082200
2016-06-16,63.97691345214844,83.41000366210938,83.61000061035156,82.66000366210938,82.66999816894531,6630100
2016-06-17,63.76213455200195,83.12999725341797,83.44000244140625,82.3499984741211,83.30999755859375,11741700
2016-06-20,63.69309997558594,83.04000091552734,83.69999694824219,83.02999877929688,83.5199966430664,6164300
2016-06-21,63.97691345214844,83.41000366210938,83.77999877929688,83.08999633789062,83.08999633789062,6594700
2016-06-22,64.09961700439453,83.56999969482422,83.76000213623047,83.29000091552734,83.5,4940100
2016-06-23,64.59052276611328,84.20999908447266,84.20999908447266,83.56999969482422,83.80999755859375,7361300
2016-06-24,63.09482955932617,82.26000213623047,83.81999969482422,81.98999786376953,82.61000061035156,12401100
2016-06-27,62.30482482910156,81.2300033569336,81.88999938964844,81.0,81.83000183105469,9601800
2016-06-28,63.24822235107422,82.45999908447266,82.48999786376953,80.94999694824219,81.44000244140625,9257100
2016-06-29,64.36041259765625,83.91000366210938,83.91000366210938,82.91000366210938,82.95999908447266,7927500
2016-06-30,64.94335174560547,84.66999816894531,84.80000305175781,83.81999969482422,83.91000366210938,10969300
2016-07-01,65.0277099609375,84.77999877929688,84.98999786376953,84.51000213623047,84.5199966430664,9531100
2016-07-05,65.53397369384766,85.44000244140625,85.94999694824219,84.44999694824219,84.4800033569336,11403100
2016-07-06,65.21946716308594,85.02999877929688,85.5,84.73999786376953,85.37000274658203,8356500
2016-07-07,65.06607818603516,84.83000183105469,85.23999786376953,84.52999877929688,85.2300033569336,7905700
2016-07-08,65.78707122802734,85.7699966430664,85.9000015258789,84.7699966430664,84.9800033569336,6827300
2016-07-11,65.77172088623047,85.75,85.94999694824219,84.91000366210938,85.61000061035156,6156800
2016-07-12,65.77172088623047,85.75,85.94000244140625,85.19000244140625,85.48999786376953,6649800
2016-07-13,65.8791275024414,85.88999938964844,86.1500015258789,85.41000366210938,85.80999755859375,7572100
2016-07-14,65.86376953125,85.87000274658203,86.88999938964844,85.8499984741211,86.44000244140625,11342600
2016-07-15,65.97116088867188,86.01000213623047,86.4800033569336,85.79000091552734,86.25,8491300
2016-07-18,65.90978240966797,85.93000030517578,86.05000305175781,85.69999694824219,86.0199966430664,4781300
2016-07-19,66.09388732910156,86.16999816894531,86.18000030517578,85.55999755859375,85.66999816894531,6078200
2016-07-20,65.95472717285156,85.31999969482422,85.7300033569336,85.12999725341797,85.37999725341797,6289000
2016-07-21,65.90834045410156,85.26000213623047,85.37000274658203,84.87999725341797,85.0199966430664,5407000
2016-07-22,66.2639389038086,85.72000122070312,85.9800033569336,85.44999694824219,85.5,6165600
2016-07-25,66.32576751708984,85.80000305175781,85.80000305175781,85.1500015258789,85.52999877929688,5605300
2016-07-26,65.91606903076172,85.2699966430664,86.08000183105469,85.16999816894531,85.68000030517578,5379300
2016-07-27,65.28993225097656,84.45999908447266,85.30000305175781,84.31999969482422,85.23999786376953,7744700
2016-07-28,65.56047821044922,84.80999755859375,84.9800033569336,84.4000015258789,84.41999816894531,5911600
2016-07-29,66.1634292602539,85.58999633789062,85.79000091552734,84.80000305175781,84.88999938964844,7520900
2016-08-01,66.79732513427734,86.41000366210938,86.58000183105469,85.41999816894531,85.44000244140625,10420600
2016-08-02,67.0678939819336,86.76000213623047,87.1500015258789,86.23999786376953,87.0199966430664,13083200
2016-08-03,66.45720672607422,85.97000122070312,86.72000122070312,85.45999908447266,86.51000213623047,8192100
2016-08-04,66.51903533935547,86.05000305175781,86.52999877929688,85.80000305175781,86.12000274658203,5564100
2016-08-05,66.31029510498047,85.77999877929688,86.44000244140625,85.52999877929688,86.08000183105469,6729700
2016-08-08,66.29485321044922,85.76000213623047,85.9000015258789,85.12999725341797,85.61000061035156,5388200
2016-08-09,66.47264862060547,85.98999786376953,86.33999633789062,85.68000030517578,85.86000061035156,4158800
2016-08-10,66.72002410888672,86.30999755859375,86.81999969482422,86.0,86.26000213623047,5981400
2016-08-11,67.0447006225586,86.7300033569336,87.0,86.4000015258789,86.69999694824219,7387100
2016-08-12,67.2843246459961,87.04000091552734,87.44999694824219,86.77999877929688,86.91999816894531,8063400
2016-08-15,67.26885986328125,87.0199966430664,87.56999969482422,86.98999786376953,87.5199966430664,6871200
2016-08-16,66.9287338256836,86.58000183105469,87.4000015258789,86.47000122070312,86.9800033569336,8071100
2016-08-17,67.22249603271484,86.95999908447266,87.11000061035156,85.97000122070312,86.44999694824219,6762100
2016-08-18,67.59355926513672,87.44000244140625,87.45999908447266,86.94000244140625,86.94000244140625,7082800
2016-08-19,67.4930419921875,87.30999755859375,87.41000366210938,87.05000305175781,87.19999694824219,6199900
2016-08-22,67.137451171875,86.8499984741211,87.20999908447266,86.58000183105469,87.13999938964844,5921100
2016-08-23,67.56261444091797,87.4000015258789,87.5,87.04000091552734,87.12999725341797,5420100
2016-08-24,67.4930419921875,87.30999755859375,87.44999694824219,86.55999755859375,87.31999969482422,5713300
2016-08-25,67.94915008544922,87.9000015258789,87.94000244140625,87.04000091552734,87.30000305175781,10595500
2016-08-26,67.70175170898438,87.58000183105469,88.5,87.16999816894531,87.87000274658203,16408200
2016-08-29,68.25835418701172,88.30000305175781,88.4000015258789,87.31999969482422,87.38999938964844,8934500
2016-08-30,67.67086791992188,87.54000091552734,88.30000305175781,87.45999908447266,87.72000122070312,11619400
2016-08-31,67.4930419921875,87.30999755859375,87.8499984741211,87.02999877929688,87.75,11407800
2016-09-01,68.26607513427734,88.30999755859375,88.30999755859375,86.9800033569336,87.36000061035156,29793300
2016-09-02,68.1810531616211,88.19999694824219,88.87000274658203,88.04000091552734,88.4800033569336,17470400
2016-09-06,68.52117156982422,88.63999938964844,88.63999938964844,87.87999725341797,88.25,14472100
2016-09-07,67.9877700805664,87.94999694824219,88.41000366210938,87.70999908447266,88.30999755859375,17556400
2016-09-08,67.85636901855469,87.77999877929688,88.18000030517578,87.62999725341797,87.94999694824219,23465700
2016-09-09,66.66592407226562,86.23999786376953,87.16999816894531,86.23999786376953,87.0999984741211,21955000
2016-09-12,68.2197036743164,88.25,88.37999725341797,85.95999908447266,86.04000091552734,16105700
2016-09-13,67.2920913696289,87.05000305175781,87.91000366210938,87.01000213623047,87.55000305175781,19682700
2016-09-14,67.26114654541016,87.01000213623047,87.5999984741211,86.87000274658203,87.12000274658203,25397900
2016-09-15,68.07283020019531,88.05999755859375,88.2699966430664,86.75,86.75,13833600
2016-09-16,68.06509399414062,88.05000305175781,88.11000061035156,87.30000305175781,87.62000274658203,23518300
2016-09-19,68.31246948242188,88.37000274658203,88.94999694824219,87.25,87.91999816894531,19173900
2016-09-20,68.47480773925781,88.58000183105469,88.94999694824219,88.18000030517578,88.5,33986500
2016-09-21,67.87184143066406,87.80000305175781,88.79000091552734,86.44000244140625,88.54000091552734,55409800
2016-09-22,68.7917251586914,88.98999786376953,89.30000305175781,87.7699966430664,87.7699966430664,52692700
2016-09-23,67.84090423583984,87.76000213623047,88.94000244140625,87.48999786376953,88.62999725341797,48281400
2016-09-26,67.9104995727539,87.8499984741211,88.43000030517578,86.61000061035156,87.41999816894531,60276600
2016-09-27,68.30471801757812,88.36000061035156,88.80999755859375,87.66000366210938,88.05999755859375,65150800
2016-09-28,69.15506744384766,89.45999908447266,89.7300033569336,88.47000122070312,88.9800033569336,89806000
2016-09-29,68.20423126220703,88.2300033569336,89.2699966430664,87.54000091552734,89.16000366210938,74587500
2016-09-30,69.37924194335938,89.75,90.22000122070312,88.29000091552734,88.30000305175781,123735700
2016-10-03,68.53663635253906,88.66000366210938,89.44999694824219,88.41000366210938,89.3499984741211,26789500
2016-10-04,68.29700469970703,88.3499984741211,88.68000030517578,87.94999694824219,88.29000091552734,23317600
2016-10-05,68.68350219726562,88.8499984741211,89.0,88.20999908447266,88.4800033569336,64580300
2016-10-06,68.96952819824219,89.22000122070312,89.7300033569336,88.47000122070312,88.61000061035156,61462800
2016-10-07,69.5724868774414,90.0,90.05000305175781,88.30000305175781,89.01000213623047,20518800
2016-10-10,68.84583282470703,89.05999755859375,90.33000183105469,88.77999877929688,90.19000244140625,15492400
2016-10-11,68.44388580322266,88.54000091552734,89.12000274658203,88.19999694824219,88.83000183105469,11723100
2016-10-12,68.4670639038086,88.56999969482422,89.01000213623047,88.33000183105469,88.73999786376953,17118000
2016-10-13,68.21196746826172,88.23999786376953,88.56999969482422,87.5999984741211,88.05000305175781,11158100
2016-10-14,68.35884094238281,88.43000030517578,88.95999908447266,88.22000122070312,88.5,7369000
2016-10-17,67.89503479003906,87.83000183105469,88.6500015258789,87.70999908447266,88.43000030517578,7610600
2016-10-18,67.60128021240234,87.44999694824219,88.2699966430664,87.44000244140625,88.20999908447266,10749500
2016-10-19,66.63531494140625,85.54000091552734,86.81999969482422,85.44000244140625,86.6500015258789,12788800
2016-10-20,66.16014862060547,84.93000030517578,85.5199966430664,84.79000091552734,85.37999725341797,10175100
2016-10-21,65.6927261352539,84.33000183105469,84.86000061035156,84.23999786376953,84.41000366210938,13974100
2016-10-24,65.51356506347656,84.0999984741211,84.69999694824219,84.05999755859375,84.38999938964844,10573200
2016-10-25,67.74929809570312,86.97000122070312,88.08000183105469,86.97000122070312,87.48999786376953,20761200
2016-10-26,68.08424377441406,87.4000015258789,87.73999786376953,86.77999877929688,86.91000366210938,8464100
2016-10-27,67.44549560546875,86.58000183105469,87.5999984741211,86.44999694824219,87.51000213623047,6598300
2016-10-28,67.64801788330078,86.83999633789062,87.2300033569336,86.44999694824219,86.87000274658203,7021100
2016-10-31,67.61683654785156,86.80000305175781,87.47000122070312,86.69000244140625,87.01000213623047,8207100
2016-11-01,67.65579223632812,86.8499984741211,86.98999786376953,86.4800033569336,86.58000183105469,8564500
2016-11-02,67.57011413574219,86.73999786376953,87.41000366210938,86.55999755859375,86.7699966430664,7773200
2016-11-03,67.46105194091797,86.5999984741211,86.9800033569336,86.47000122070312,86.80000305175781,6899900
2016-11-04,66.27699279785156,85.08000183105469,86.7300033569336,85.06999969482422,86.69000244140625,9378100
2016-11-07,67.42990112304688,86.55999755859375,86.56999969482422,85.5999984741211,86.0199966430664,8878500
2016-11-08,68.13101959228516,87.45999908447266,87.69000244140625,86.58999633789062,86.7699966430664,7674600
2016-11-09,66.93914031982422,85.93000030517578,86.54000091552734,84.30999755859375,85.26000213623047,11972500
2016-11-10,64.62552642822266,82.95999908447266,85.69999694824219,82.18000030517578,85.51000213623047,22095000
2016-11-11,65.10850524902344,83.58000183105469,84.05999755859375,82.6500015258789,82.66999816894531,8905700
2016-11-14,64.65669250488281,83.0,83.77999877929688,82.76000213623047,83.55999755859375,12862500
2016-11-15,65.13965606689453,83.62000274658203,84.58000183105469,82.87999725341797,84.58000183105469,9464000
2016-11-16,64.8046875,83.19000244140625,84.19999694824219,83.16999816894531,83.9800033569336,8542900
2016-11-17,64.71119689941406,83.06999969482422,83.5,82.93000030517578,83.2699966430664,9083700
2016-11-18,63.877681732177734,82.0,83.0999984741211,81.98999786376953,82.91999816894531,14565500
2016-11-21,64.37622833251953,82.63999938964844,82.75,81.70999908447266,82.0,11482100
2016-11-22,64.4697265625,82.76000213623047,83.18000030517578,82.66000366210938,83.01000213623047,7426500
2016-11-23,64.40739440917969,82.68000030517578,82.93000030517578,82.5199966430664,82.58999633789062,7693300
2016-11-25,65.01500701904297,83.45999908447266,83.45999908447266,82.94999694824219,82.98999786376953,3882900
2016-11-28,64.71119689941406,83.06999969482422,83.36000061035156,82.76000213623047,83.12999725341797,6990100
2016-11-29,64.57097625732422,82.88999938964844,83.4800033569336,82.69000244140625,83.41999816894531,6183100
2016-11-30,64.23600006103516,82.45999908447266,82.83000183105469,82.26000213623047,82.5199966430664,12115500
2016-12-01,63.768619537353516,81.86000061035156,82.31999969482422,81.18000030517578,82.20999908447266,12516900
2016-12-02,64.18927764892578,82.4000015258789,82.68000030517578,82.06999969482422,82.3499984741211,9079400
2016-12-05,64.64889526367188,82.98999786376953,83.08000183105469,82.4800033569336,82.55999755859375,8597500
2016-12-06,64.5865707397461,82.91000366210938,83.25,82.61000061035156,83.23999786376953,7327200
2016-12-07,65.57589721679688,84.18000030517578,84.27999877929688,82.70999908447266,82.73999786376953,8567700
2016-12-08,65.04617309570312,83.5,84.18000030517578,83.5,83.79000091552734,7522800
2016-12-09,65.72389221191406,84.37000274658203,84.4000015258789,83.47000122070312,83.5199966430664,8004500
2016-12-12,66.31592559814453,85.12999725341797,85.18000030517578,84.20999908447266,84.20999908447266,7494100
2016-12-13,66.35487365722656,85.18000030517578,85.36000061035156,84.52999877929688,84.66999816894531,11795900
2016-12-14,65.72389221191406,84.37000274658203,85.73999786376953,84.16999816894531,85.29000091552734,12292200
2016-12-15,65.96540069580078,84.68000030517578,84.80000305175781,83.61000061035156,84.1500015258789,8768100
2016-12-16,65.96540069580078,84.68000030517578,85.12000274658203,84.1500015258789,84.9000015258789,21172400
2016-12-19,65.98875427246094,84.70999908447266,84.9800033569336,84.31999969482422,84.75,6431200
2016-12-20,65.87968444824219,84.56999969482422,84.70999908447266,84.19000244140625,84.56999969482422,7485400
2016-12-21,65.65379333496094,84.27999877929688,84.7300033569336,84.12000274658203,84.19000244140625,6099300
2016-12-22,65.80181121826172,84.47000122070312,84.61000061035156,83.87000274658203,84.0,7864800
2016-12-23,66.1834945678711,84.95999908447266,85.18000030517578,84.55000305175781,84.68000030517578,5284200
2016-12-27,65.90303802490234,84.5999984741211,84.94000244140625,84.41999816894531,84.9000015258789,3782600
2016-12-28,65.49019622802734,84.06999969482422,84.62999725341797,83.94999694824219,84.4000015258789,4298800
2016-12-29,65.70829010009766,84.3499984741211,84.48999786376953,84.0999984741211,84.23999786376953,3718300
2016-12-30,65.49800872802734,84.08000183105469,84.44999694824219,83.91999816894531,84.16999816894531,6209800
2017-01-03,65.59146118164062,84.19999694824219,84.38999938964844,83.5,83.87999725341797,8792700
2017-01-04,65.82518005371094,84.5,84.5999984741211,84.23999786376953,84.44999694824219,8096700
2017-01-05,66.26141357421875,85.05999755859375,85.43000030517578,84.37999725341797,84.41000366210938,6852400
2017-01-06,66.23802947998047,85.02999877929688,85.25,84.62000274658203,84.94000244140625,4799900
2017-01-09,65.74728393554688,84.4000015258789,84.66000366210938,83.75,84.05999755859375,11000600
2017-01-10,65.03839111328125,83.48999786376953,84.43000030517578,83.23999786376953,84.33999633789062,10918200
2017-01-11,65.24091339111328,83.75,83.75,83.27999877929688,83.38999938964844,9572300
2017-01-12,65.31101989746094,83.83999633789062,83.87999725341797,83.37000274658203,83.70999908447266,6545400
2017-01-13,65.4434814453125,84.01000213623047,84.0199966430664,83.44000244140625,83.8499984741211,6762800
2017-01-17,66.37824249267578,85.20999908447266,85.58000183105469,83.87999725341797,83.9000015258789,13145100
2017-01-18,66.6844711303711,84.93000030517578,85.30000305175781,84.58999633789062,84.80000305175781,10520400
2017-01-19,66.50387573242188,84.69999694824219,85.0,84.27999877929688,84.62999725341797,14074500
2017-01-20,68.6631088256836,87.44999694824219,87.9800033569336,86.41999816894531,86.88999938964844,22944400
2017-01-23,68.27837371826172,86.95999908447266,87.3499984741211,86.8499984741211,87.08999633789062,9408900
2017-01-24,68.98502349853516,87.86000061035156,87.94999694824219,87.22000122070312,87.22000122070312,8704700
2017-01-25,68.4354019165039,87.16000366210938,87.9000015258789,87.05999755859375,87.83999633789062,8082900
2017-01-26,67.99568939208984,86.5999984741211,87.2300033569336,86.58999633789062,87.12000274658203,6542300
2017-01-27,68.08988952636719,86.72000122070312,86.8499984741211,86.0199966430664,86.44999694824219,9332300
2017-01-30,68.11345672607422,86.75,86.86000061035156,86.5,86.77999877929688,7350000
2017-01-31,68.7808837890625,87.5999984741211,87.66000366210938,86.52999877929688,86.62999725341797,9712400
2017-02-01,68.5688705444336,87.33000183105469,87.58999633789062,86.75,87.02999877929688,8291000
2017-02-02,68.90648651123047,87.76000213623047,88.3499984741211,87.25,87.61000061035156,8997200
2017-02-03,68.63168334960938,87.41000366210938,88.16999816894531,87.38999938964844,88.12000274658203,7161900
2017-02-06,68.62381744384766,87.4000015258789,87.79000091552734,87.12999725341797,87.5,7483000
2017-02-07,69.10277557373047,88.01000213623047,88.27999877929688,87.4800033569336,87.63999938964844,6646100
2017-02-08,69.35404968261719,88.33000183105469,88.33999633789062,87.80999755859375,88.06999969482422,6815800
2017-02-09,69.6209945678711,88.66999816894531,88.77999877929688,88.02999877929688,88.33000183105469,9914100
2017-02-10,69.07138061523438,87.97000122070312,88.7300033569336,87.97000122070312,88.55999755859375,11057600
2017-02-13,69.33834075927734,88.30999755859375,88.36000061035156,87.63999938964844,88.04000091552734,6905100
2017-02-14,68.98502349853516,87.86000061035156,88.22000122070312,87.2300033569336,88.0,20123400
2017-02-15,71.54467010498047,91.12000274658203,91.1500015258789,89.80999755859375,89.80999755859375,25847700
2017-02-16,71.28556823730469,90.79000091552734,91.12000274658203,90.54000091552734,90.91999816894531,12408500
2017-02-17,71.5211181640625,91.08999633789062,91.36000061035156,90.44999694824219,90.61000061035156,12152400
2017-02-21,71.97651672363281,91.66999816894531,91.80000305175781,90.58000183105469,90.58000183105469,9018700
2017-02-22,71.7959213256836,91.44000244140625,91.80000305175781,91.25,91.44999694824219,6749900
2017-02-23,71.5525131225586,91.12999725341797,91.80000305175781,90.91000366210938,91.61000061035156,7611600
2017-02-24,71.48971557617188,91.05000305175781,91.33999633789062,90.66999816894531,90.97000122070312,6643400
2017-02-27,71.36408996582031,90.88999938964844,90.91000366210938,90.05999755859375,90.52999877929688,11840300
2017-02-28,71.50540924072266,91.06999969482422,91.79000091552734,90.6500015258789,90.9000015258789,10535600
2017-03-01,71.9686508178711,91.66000366210938,91.88999938964844,90.70999908447266,91.05000305175781,8792200
2017-03-02,71.37979888916016,90.91000366210938,91.58999633789062,90.87999725341797,91.4000015258789,7031200
2017-03-03,71.05785369873047,90.5,90.91000366210938,89.88999938964844,90.91000366210938,8334900
2017-03-06,70.95581817626953,90.37000274658203,90.51000213623047,89.58999633789062,89.88999938964844,9533800
2017-03-07,70.89298248291016,90.29000091552734,90.48999786376953,90.05999755859375,90.13999938964844,5363000
2017-03-08,70.77521514892578,90.13999938964844,90.3499984741211,89.76000213623047,90.0199966430664,5503700
2017-03-09,70.93220520019531,90.33999633789062,90.48999786376953,90.0999984741211,90.13999938964844,5587400
2017-03-10,71.50540924072266,91.06999969482422,91.16000366210938,90.6500015258789,90.80000305175781,6797800
2017-03-13,71.6938705444336,91.30999755859375,91.48999786376953,90.8499984741211,91.05999755859375,7397500
2017-03-14,71.45044708251953,91.0,91.58999633789062,90.81999969482422,91.26000213623047,6686400
2017-03-15,71.76451110839844,91.4000015258789,91.77999877929688,90.7300033569336,91.0,7855300
2017-03-16,71.7959213256836,91.44000244140625,91.72000122070312,91.0999984741211,91.44000244140625,6601200
2017-03-17,71.45044708251953,91.0,92.0,90.91999816894531,91.44999694824219,37010100
2017-03-20,71.6231689453125,91.22000122070312,91.41000366210938,90.94000244140625,90.95999908447266,7772900
2017-03-21,71.59962463378906,91.19000244140625,91.75,91.02999877929688,91.30000305175781,8211000
2017-03-22,71.44258880615234,90.98999786376953,91.80000305175781,90.75,91.30999755859375,7798000
2017-03-23,71.26985168457031,90.7699966430664,91.45999908447266,90.5999984741211,90.91000366210938,6831400
2017-03-24,71.11282348632812,90.56999969482422,90.91999816894531,90.20999908447266,90.7699966430664,9252000
2017-03-27,71.05001068115234,90.48999786376953,90.72000122070312,90.18000030517578,90.44999694824219,10072000
2017-03-28,71.26200866699219,90.76000213623047,91.05999755859375,90.12999725341797,90.16999816894531,11855800
2017-03-29,71.13639068603516,90.5999984741211,90.87000274658203,90.38999938964844,90.55999755859375,4252800
2017-03-30,70.82230377197266,90.19999694824219,90.56999969482422,90.0999984741211,90.5,3691900
2017-03-31,70.54747772216797,89.8499984741211,90.33999633789062,89.83999633789062,90.02999877929688,6942400
2017-04-03,70.41403198242188,89.68000030517578,90.05999755859375,89.44999694824219,89.86000061035156,6967400
2017-04-04,70.59461212158203,89.91000366210938,89.95999908447266,89.41999816894531,89.75,5680800
2017-04-05,70.64170837402344,89.97000122070312,90.5,89.76000213623047,90.0,6320100
2017-04-06,70.1941909790039,89.4000015258789,89.80999755859375,89.30999755859375,89.7699966430664,7231500
2017-04-07,70.06069946289062,89.2300033569336,89.61000061035156,89.18000030517578,89.45999908447266,4739100
2017-04-10,70.26486206054688,89.48999786376953,89.68000030517578,88.75,89.12999725341797,5956000
2017-04-11,70.50825500488281,89.80000305175781,89.81999969482422,89.29000091552734,89.66000366210938,5186000
2017-04-12,70.90869140625,90.30999755859375,90.41999816894531,89.55999755859375,89.69999694824219,6286300
2017-04-13,70.68885040283203,90.02999877929688,90.54000091552734,89.79000091552734,90.05000305175781,5040100
2017-04-17,70.97149658203125,90.38999938964844,90.58999633789062,90.12999725341797,90.2300033569336,6931700
2017-04-18,71.29339599609375,90.80000305175781,91.12999725341797,90.33999633789062,90.4000015258789,7087800
2017-04-19,70.88990783691406,89.5999984741211,90.44999694824219,89.5,90.0999984741211,6919000
2017-04-20,70.67630767822266,89.33000183105469,89.69999694824219,89.30999755859375,89.69999694824219,6983500
2017-04-21,70.11454772949219,88.62000274658203,89.27999877929688,88.61000061035156,89.16999816894531,9061200
2017-04-24,70.85035705566406,89.55000305175781,89.66000366210938,89.01000213623047,89.12000274658203,8338500
2017-04-25,71.20638275146484,90.0,90.25,89.47000122070312,89.58000183105469,9088400
2017-04-26,69.41831970214844,87.73999786376953,90.0,87.61000061035156,89.8499984741211,11951300
2017-04-27,69.37875366210938,87.69000244140625,88.23999786376953,87.2300033569336,87.58000183105469,8517500
2017-04-28,69.09392547607422,87.33000183105469,87.58999633789062,87.1500015258789,87.5199966430664,8295400
2017-05-01,68.904052734375,87.08999633789062,87.5999984741211,87.08000183105469,87.37999725341797,4546600
2017-05-02,68.21573638916016,86.22000122070312,87.29000091552734,86.0199966430664,87.29000091552734,13197500
2017-05-03,68.38186645507812,86.43000030517578,86.62999725341797,85.9000015258789,86.30000305175781,6122000
2017-05-04,68.39766693115234,86.44999694824219,87.23999786376953,86.30000305175781,86.8499984741211,5986200
2017-05-05,68.43724060058594,86.5,86.61000061035156,86.12999725341797,86.54000091552734,4506200
2017-05-08,68.47679901123047,86.55000305175781,86.62000274658203,86.23999786376953,86.33000183105469,4634600
2017-05-09,68.35810089111328,86.4000015258789,86.81999969482422,86.22000122070312,86.80000305175781,9577600
2017-05-10,68.42933654785156,86.48999786376953,86.79000091552734,86.38999938964844,86.4800033569336,6178500
2017-05-11,68.1761703491211,86.16999816894531,86.62999725341797,85.87999725341797,86.61000061035156,6064700
2017-05-12,68.19198608398438,86.19000244140625,86.31999969482422,85.91999816894531,86.23999786376953,5892400
2017-05-15,68.30276489257812,86.33000183105469,86.70999908447266,86.25,86.6500015258789,5820700
2017-05-16,68.2315444946289,86.23999786376953,87.0,86.19000244140625,86.87999725341797,6554500
2017-05-17,68.24736022949219,86.26000213623047,86.62999725341797,85.93000030517578,86.23999786376953,7805800
2017-05-18,67.93881225585938,85.87000274658203,86.22000122070312,85.5199966430664,86.18000030517578,6985600
2017-05-19,68.2315444946289,86.23999786376953,86.37999725341797,85.66999816894531,86.0,7320700
2017-05-22,68.20780181884766,86.20999908447266,86.4000015258789,86.02999877929688,86.25,4260000
2017-05-23,68.10494995117188,86.08000183105469,86.54000091552734,85.9800033569336,86.27999877929688,4394200
2017-05-24,68.43724060058594,86.5,86.6500015258789,86.20999908447266,86.44999694824219,4878800
2017-05-25,68.72206115722656,86.86000061035156,86.9800033569336,86.55000305175781,86.58000183105469,4368000
2017-05-26,69.03063201904297,87.25,87.37999725341797,86.81999969482422,86.93000030517578,4337000
2017-05-30,69.14929962158203,87.4000015258789,87.61000061035156,87.0999984741211,87.25,4594500
2017-05-31,69.69523620605469,88.08999633789062,88.3499984741211,87.44999694824219,87.66999816894531,10146600
2017-06-01,69.72688293457031,88.12999725341797,88.13999938964844,87.37000274658203,88.0199966430664,6251300
2017-06-02,70.09080505371094,88.58999633789062,88.68000030517578,88.01000213623047,88.4000015258789,6136400
2017-06-05,70.20950317382812,88.73999786376953,88.76000213623047,88.0,88.30000305175781,4115300
2017-06-06,70.25697326660156,88.80000305175781,88.97000122070312,88.44999694824219,88.76000213623047,6503000
2017-06-07,70.23323822021484,88.7699966430664,88.88999938964844,88.4000015258789,88.68000030517578,4781600
2017-06-08,69.50534057617188,87.8499984741211,88.80000305175781,87.36000061035156,88.7699966430664,7712100
2017-06-09,69.7505874633789,88.16000366210938,88.20999908447266,87.55000305175781,87.8499984741211,9696900
2017-06-12,69.81391143798828,88.23999786376953,88.66000366210938,88.08999633789062,88.16000366210938,7867700
2017-06-13,69.67150115966797,88.05999755859375,88.4000015258789,87.7699966430664,88.36000061035156,6419300
2017-06-14,69.97215270996094,88.44000244140625,88.75,88.05999755859375,88.48999786376953,6183900
2017-06-15,70.71587371826172,89.37999725341797,89.62000274658203,88.2300033569336,88.2300033569336,7047500
2017-06-16,70.93736267089844,89.66000366210938,89.7699966430664,88.80999755859375,89.72000122070312,13855000
2017-06-19,71.09563446044922,89.86000061035156,89.86000061035156,89.19999694824219,89.5999984741211,5246200
2017-06-20,70.91365051269531,89.62999725341797,90.20999908447266,89.61000061035156,89.7699966430664,5674200
2017-06-21,70.73168182373047,89.4000015258789,89.94999694824219,89.29000091552734,89.62000274658203,4164500
2017-06-22,70.43892669677734,89.02999877929688,89.41000366210938,88.9000015258789,89.2699966430664,4536700
2017-06-23,70.74749755859375,89.41999816894531,89.80000305175781,88.9000015258789,89.02999877929688,8782100
2017-06-26,70.70002746582031,89.36000061035156,89.68000030517578,89.2699966430664,89.62999725341797,4373300
2017-06-27,70.10662078857422,88.61000061035156,89.36000061035156,88.61000061035156,89.36000061035156,5180400
2017-06-28,69.91676330566406,88.37000274658203,89.20999908447266,88.26000213623047,89.08000183105469,4875000
2017-06-29,68.82493591308594,86.98999786376953,88.22000122070312,86.93000030517578,88.0199966430664,8123500
2017-06-30,68.95152282714844,87.1500015258789,87.47000122070312,87.0,87.05000305175781,6070300
2017-07-03,69.41831970214844,87.73999786376953,88.0,87.18000030517578,87.4000015258789,3607400
2017-07-05,69.3629150390625,87.66999816894531,88.0,87.48999786376953,87.86000061035156,4974300
2017-07-06,69.1255874633789,87.37000274658203,87.94999694824219,87.36000061035156,87.6500015258789,6038900
2017-07-07,69.34711456298828,87.6500015258789,87.81999969482422,87.27999877929688,87.69000244140625,5142200
2017-07-10,68.904052734375,87.08999633789062,87.87000274658203,86.88999938964844,87.62999725341797,5356400
2017-07-11,68.65084838867188,86.7699966430664,87.44999694824219,86.30999755859375,87.2300033569336,5838600
2017-07-12,68.80120086669922,86.95999908447266,87.47000122070312,86.83000183105469,87.23999786376953,4374200
2017-07-13,68.59548950195312,86.69999694824219,87.05000305175781,86.5,86.7699966430664,5448900
2017-07-14,68.9119644165039,87.0999984741211,87.29000091552734,86.7300033569336,86.95999908447266,4577700
2017-07-17,69.26797485351562,87.55000305175781,87.91000366210938,86.73999786376953,87.06999969482422,5227800
2017-07-18,70.13037109375,88.63999938964844,88.76000213623047,87.45999908447266,87.61000061035156,7492300
2017-07-19,70.44932556152344,88.3499984741211,88.41000366210938,87.5999984741211,87.87000274658203,6008500
2017-07-20,70.64868927001953,88.5999984741211,89.30999755859375,88.30999755859375,88.31999969482422,7285000
2017-07-21,70.65664672851562,88.61000061035156,88.68000030517578,87.80999755859375,88.16000366210938,5714800
2017-07-24,70.31376647949219,88.18000030517578,88.5999984741211,87.97000122070312,88.55000305175781,6202000
2017-07-25,71.07926177978516,89.13999938964844,89.19999694824219,88.54000091552734,88.66999816894531,6766700
2017-07-26,71.20685577392578,89.30000305175781,89.41999816894531,88.87000274658203,89.0,6987000
2017-07-27,72.3072738647461,90.68000030517578,90.75,89.0,90.29000091552734,11089200
2017-07-28,71.9324722290039,90.20999908447266,91.0,89.95999908447266,90.55999755859375,6137500
2017-07-31,72.41887664794922,90.81999969482422,91.06999969482422,90.20999908447266,90.20999908447266,7835700
2017-08-01,72.64215087890625,91.0999984741211,91.7300033569336,90.72000122070312,91.02999877929688,8662100
2017-08-02,72.5943374633789,91.04000091552734,91.30000305175781,90.52999877929688,90.97000122070312,7167700
2017-08-03,72.45079803466797,90.86000061035156,91.75,90.81999969482422,90.86000061035156,6413200
2017-08-04,72.29926300048828,90.66999816894531,91.08000183105469,90.52999877929688,90.69000244140625,5824400
2017-08-07,72.91326904296875,91.44000244140625,91.55999755859375,90.5199966430664,90.66999816894531,5011300
2017-08-08,73.02489471435547,91.58000183105469,91.94000244140625,91.2300033569336,91.4000015258789,5623400
2017-08-09,73.2960205078125,91.91999816894531,91.94000244140625,91.5199966430664,91.5199966430664,5572800
2017-08-10,73.15247344970703,91.73999786376953,92.0,91.69000244140625,91.86000061035156,6338200
2017-08-11,72.83351135253906,91.33999633789062,92.08000183105469,91.29000091552734,91.94000244140625,7094200
2017-08-14,73.0807113647461,91.6500015258789,91.94999694824219,91.25,91.54000091552734,5398400
2017-08-15,73.5192642211914,92.19999694824219,92.36000061035156,91.87999725341797,91.91000366210938,5293400
2017-08-16,73.71066284179688,92.44000244140625,92.94999694824219,92.19000244140625,92.29000091552734,7965500
2017-08-17,73.41561126708984,92.06999969482422,92.66999816894531,92.06999969482422,92.4000015258789,5711400
2017-08-18,73.73460388183594,92.47000122070312,92.77999877929688,91.8499984741211,91.9800033569336,6815000
2017-08-21,74.0455551147461,92.86000061035156,92.95999908447266,92.36000061035156,92.37999725341797,4334300
2017-08-22,73.98974609375,92.79000091552734,92.95999908447266,92.58999633789062,92.91000366210938,4731500
2017-08-23,73.71066284179688,92.44000244140625,92.66000366210938,92.27999877929688,92.5,3631900
2017-08-24,73.57508087158203,92.2699966430664,92.56999969482422,92.04000091552734,92.44000244140625,5173700
2017-08-25,73.76646423339844,92.51000213623047,92.86000061035156,92.41000366210938,92.6500015258789,4933000
2017-08-28,73.73460388183594,92.47000122070312,92.70999908447266,91.9800033569336,92.5199966430664,5386500
2017-08-29,73.6149673461914,92.31999969482422,92.69000244140625,92.23999786376953,92.4800033569336,3676300
2017-08-30,73.25613403320312,91.87000274658203,92.08000183105469,91.66000366210938,92.08000183105469,4709600
2017-08-31,73.57508087158203,92.2699966430664,92.38999938964844,91.83999633789062,91.88999938964844,5864400
2017-09-01,73.78241729736328,92.52999877929688,92.66000366210938,92.26000213623047,92.41999816894531,4960700
2017-09-05,73.93391418457031,92.72000122070312,92.73999786376953,92.04000091552734,92.18000030517578,6532100
2017-09-06,73.93391418457031,92.72000122070312,92.91000366210938,92.36000061035156,92.79000091552734,6747200
2017-09-07,74.13327026367188,92.97000122070312,93.36000061035156,92.33000183105469,92.73999786376953,7735400
2017-09-08,74.02959442138672,92.83999633789062,93.1500015258789,92.51000213623047,92.76000213623047,6070100
2017-09-11,74.94660186767578,93.98999786376953,94.19000244140625,92.9000015258789,93.08999633789062,10177300
2017-09-12,74.56385040283203,93.51000213623047,93.9800033569336,93.20999908447266,93.72000122070312,5804000
2017-09-13,74.59577178955078,93.55000305175781,93.7699966430664,93.44999694824219,93.5,5369300
2017-09-14,74.59577178955078,93.55000305175781,93.6500015258789,93.18000030517578,93.2300033569336,5492300
2017-09-15,74.37248992919922,93.2699966430664,93.81999969482422,92.81999969482422,93.81999969482422,12428800
2017-09-18,74.27679443359375,93.1500015258789,93.5,92.86000061035156,93.16999816894531,6177700
2017-09-19,75.09013366699219,94.16999816894531,94.44999694824219,93.33999633789062,93.33999633789062,6587200
2017-09-20,75.27352905273438,94.4000015258789,94.66999816894531,93.83000183105469,94.16999816894531,5941500
2017-09-21,73.8701400756836,92.63999938964844,94.5,92.44999694824219,94.1500015258789,9376700
2017-09-22,73.55116271972656,92.23999786376953,93.0,92.08000183105469,92.55000305175781,6837700
2017-09-25,73.93391418457031,92.72000122070312,93.08999633789062,92.33000183105469,92.43000030517578,6436200
2017-09-26,73.87809753417969,92.6500015258789,92.8499984741211,92.19999694824219,92.81999969482422,4885200
2017-09-27,72.45874786376953,90.87000274658203,92.5199966430664,90.33999633789062,92.5199966430664,9631200
2017-09-28,72.47468566894531,90.88999938964844,91.12000274658203,90.62999725341797,90.86000061035156,4999800
2017-09-29,72.54645538330078,90.9800033569336,91.43000030517578,90.69999694824219,90.97000122070312,6634500
2017-10-02,73.17640686035156,91.7699966430664,92.4000015258789,91.23999786376953,91.26000213623047,7302400
2017-10-03,73.45551300048828,92.12000274658203,92.33999633789062,91.55999755859375,91.95999908447266,5909900
2017-10-04,73.6947021484375,92.41999816894531,92.80000305175781,92.0199966430664,92.12000274658203,6140700
2017-10-05,73.38373565673828,92.02999877929688,92.6500015258789,91.94000244140625,92.48999786376953,6912800
2017-10-06,73.6229248046875,92.33000183105469,92.3499984741211,91.87999725341797,92.0,5241900
2017-10-09,73.45551300048828,92.12000274658203,92.62000274658203,91.93000030517578,92.4000015258789,5149000
2017-10-10,73.05680084228516,91.62000274658203,93.04000091552734,89.86000061035156,92.37000274658203,17125600
2017-10-11,72.9292221069336,91.45999908447266,91.7300033569336,91.06999969482422,91.08999633789062,7115400
2017-10-12,73.47942352294922,92.1500015258789,92.30999755859375,91.38999938964844,91.41000366210938,5984900
2017-10-13,74.18909454345703,93.04000091552734,93.51000213623047,92.58999633789062,92.69999694824219,6956700
2017-10-16,74.26882934570312,93.13999938964844,93.37000274658203,92.70999908447266,92.97000122070312,4159100
2017-10-17,73.99771881103516,92.80000305175781,93.08999633789062,92.4000015258789,93.04000091552734,5316100
2017-10-18,73.97379302978516,92.7699966430664,92.94999694824219,92.01000213623047,92.77999877929688,7399700
2017-10-19,73.58015441894531,91.58999633789062,91.98999786376953,91.13999938964844,91.69999694824219,8585000
2017-10-20,70.89693450927734,88.25,89.95999908447266,87.58999633789062,89.72000122070312,19997800
2017-10-23,70.13371276855469,87.30000305175781,88.86000061035156,86.87000274658203,88.62999725341797,13358200
2017-10-24,69.87663269042969,86.9800033569336,87.41999816894531,86.77999877929688,87.37000274658203,11519000
2017-10-25,69.78024291992188,86.86000061035156,87.11000061035156,86.27999877929688,86.9000015258789,9024300
2017-10-26,70.29438018798828,87.5,87.7699966430664,87.0999984741211,87.19000244140625,6233800
2017-10-27,69.92484283447266,87.04000091552734,87.52999877929688,86.44999694824219,87.52999877929688,7433800
2017-10-30,69.30625915527344,86.2699966430664,87.08000183105469,86.16000366210938,86.91000366210938,5387100
2017-10-31,69.36248016357422,86.33999633789062,86.5,85.72000122070312,86.48999786376953,7119000
2017-11-01,69.80435180664062,86.88999938964844,87.13999938964844,86.11000061035156,86.33000183105469,4884100
2017-11-02,69.49905395507812,86.51000213623047,87.04000091552734,86.2300033569336,86.77999877929688,5021200
2017-11-03,69.55530548095703,86.58000183105469,87.16000366210938,86.45999908447266,86.77999877929688,5106500
2017-11-06,69.12952423095703,86.05000305175781,86.63999938964844,86.02999877929688,86.55000305175781,5186700
2017-11-07,69.87663269042969,86.9800033569336,87.0,85.41999816894531,86.04000091552734,6875100
2017-11-08,70.35867309570312,87.58000183105469,87.5999984741211,86.80000305175781,86.98999786376953,6910000
2017-11-09,70.51933288574219,87.77999877929688,88.16999816894531,87.30000305175781,87.3499984741211,5280000
2017-11-10,70.8246078491211,88.16000366210938,88.38999938964844,87.77999877929688,87.98999786376953,7227300
2017-11-13,71.49942016601562,89.0,89.41000366210938,88.62999725341797,88.66999816894531,6873500
2017-11-14,71.39500427246094,88.87000274658203,89.05000305175781,88.47000122070312,88.73999786376953,5035500
2017-11-15,70.8808364868164,88.2300033569336,88.94000244140625,88.0,88.7300033569336,6688100
2017-11-16,71.70026397705078,89.25,89.9000015258789,88.7699966430664,89.83999633789062,7205100
2017-11-17,71.04153442382812,88.43000030517578,89.08999633789062,88.08000183105469,88.94999694824219,5941800
2017-11-20,70.91300201416016,88.2699966430664,88.55999755859375,87.70999908447266,88.43000030517578,4926200
2017-11-21,71.27449035644531,88.72000122070312,89.20999908447266,88.0199966430664,88.18000030517578,6196400
2017-11-22,70.96117401123047,88.33000183105469,88.91000366210938,88.05999755859375,88.5,6006900
2017-11-24,71.05757904052734,88.44999694824219,88.95999908447266,88.41999816894531,88.58999633789062,2196700
2017-11-27,71.46729278564453,88.95999908447266,89.0999984741211,88.1500015258789,88.33000183105469,6199700
2017-11-28,71.82078552246094,89.4000015258789,89.5199966430664,88.91000366210938,89.4800033569336,4841300
2017-11-29,71.8047103881836,89.37999725341797,89.80999755859375,89.02999877929688,89.4000015258789,5158900
2017-11-30,72.29476928710938,89.98999786376953,90.37000274658203,89.20999908447266,89.3499984741211,9789900
2017-12-01,72.5920181274414,90.36000061035156,90.52999877929688,89.12000274658203,90.18000030517578,7953200
2017-12-04,73.435546875,91.41000366210938,91.91000366210938,89.83000183105469,91.76000213623047,9003700
2017-12-05,73.42750549316406,91.4000015258789,91.83999633789062,91.06999969482422,91.5199966430664,8683000
2017-12-06,73.3070068359375,91.25,91.77999877929688,91.06999969482422,91.38999938964844,6737400
2017-12-07,72.38311767578125,90.0999984741211,91.06999969482422,89.88999938964844,91.05000305175781,7273600
2017-12-08,72.60005187988281,90.37000274658203,90.37000274658203,89.58000183105469,90.0199966430664,5883400
2017-12-11,72.4875717163086,90.2300033569336,90.33000183105469,89.75,90.2300033569336,4856000
2017-12-12,72.18228912353516,89.8499984741211,90.51000213623047,89.81999969482422,90.44999694824219,6558900
2017-12-13,73.00975036621094,90.87999725341797,91.41000366210938,89.97000122070312,90.0199966430664,7141000
2017-12-14,73.10615539550781,91.0,91.43000030517578,90.9000015258789,90.94000244140625,5853500
2017-12-15,73.8211669921875,91.88999938964844,92.2699966430664,91.4800033569336,91.56999969482422,15924000
2017-12-18,73.81314086914062,91.87999725341797,93.13999938964844,91.80999755859375,91.9800033569336,7405700
2017-12-19,73.65245056152344,91.68000030517578,92.12999725341797,91.58000183105469,92.0,5644400
2017-12-20,73.53197479248047,91.52999877929688,91.97000122070312,91.3499984741211,91.80000305175781,6938500
2017-12-21,73.64441680908203,91.66999816894531,92.08000183105469,91.52999877929688,91.66000366210938,4860400
2017-12-22,74.01393127441406,92.12999725341797,92.43000030517578,91.72000122070312,91.87999725341797,4919400
2017-12-26,74.29512786865234,92.4800033569336,92.7699966430664,92.1500015258789,92.3499984741211,3431900
2017-12-27,73.98986053466797,92.0999984741211,92.75,91.93000030517578,92.48999786376953,4276700
2017-12-28,73.96577453613281,92.06999969482422,92.54000091552734,91.91000366210938,92.30000305175781,3005400
2017-12-29,73.81314086914062,91.87999725341797,92.45999908447266,91.87999725341797,92.23999786376953,4346700
2018-01-02,72.82496643066406,90.6500015258789,91.93000030517578,90.55000305175781,91.91999816894531,7558900
2018-01-03,72.73661804199219,90.54000091552734,91.08999633789062,90.5199966430664,90.7300033569336,5863600
2018-01-04,73.25076293945312,91.18000030517578,91.7699966430664,90.61000061035156,90.83000183105469,6322500
2018-01-05,73.29898071289062,91.23999786376953,91.30000305175781,90.56999969482422,91.2699966430664,5949700
2018-01-08,73.68460845947266,91.72000122070312,91.7699966430664,90.93000030517578,90.93000030517578,4860700
2018-01-09,73.14635467529297,91.05000305175781,91.6500015258789,91.01000213623047,91.47000122070312,6630100
2018-01-10,72.68038177490234,90.47000122070312,90.91000366210938,90.01000213623047,90.91000366210938,6564700
2018-01-11,72.42330169677734,90.1500015258789,90.5199966430664,89.91999816894531,90.4000015258789,5469700
2018-01-12,71.98948669433594,89.61000061035156,90.33999633789062,89.3499984741211,90.05000305175781,8111000
2018-01-16,72.47953796386719,90.22000122070312,90.7699966430664,89.63999938964844,90.13999938964844,9465300
2018-01-17,73.26683807373047,91.19999694824219,91.7300033569336,90.43000030517578,90.55999755859375,8345500
2018-01-18,72.99972534179688,90.18000030517578,90.6500015258789,89.66999816894531,90.23999786376953,7699800
2018-01-19,73.72014617919922,91.06999969482422,91.26000213623047,90.23999786376953,90.27999877929688,9364000
2018-01-22,74.38392639160156,91.88999938964844,91.91999816894531,90.7699966430664,90.87999725341797,8658000
2018-01-23,72.0849838256836,89.05000305175781,90.20999908447266,88.5999984741211,89.81999969482422,18756300
2018-01-24,71.4859619140625,88.30999755859375,89.16000366210938,87.69999694824219,89.05999755859375,15141900
2018-01-25,71.51023864746094,88.33999633789062,89.05000305175781,88.01000213623047,88.68000030517578,11264400
2018-01-26,71.0164566040039,87.7300033569336,88.16999816894531,87.2300033569336,88.16999816894531,11503100
2018-01-29,70.31221008300781,86.86000061035156,87.73999786376953,86.69000244140625,87.69000244140625,11685800
2018-01-30,70.38506317138672,86.94999694824219,87.44000244140625,86.62999725341797,86.81999969482422,9662900
2018-01-31,69.89126586914062,86.33999633789062,87.41000366210938,86.08000183105469,86.80999755859375,11798100
2018-02-01,69.49459838867188,85.8499984741211,86.5,85.55999755859375,86.1500015258789,8606300
2018-02-02,68.19943237304688,84.25,85.61000061035156,84.20999908447266,85.55999755859375,12846300
2018-02-05,65.61715698242188,81.05999755859375,84.37000274658203,80.0999984741211,83.98999786376953,17462200
2018-02-06,66.68568420410156,82.37999725341797,82.44999694824219,80.12000274658203,80.52999877929688,19955500
2018-02-07,66.24857330322266,81.83999633789062,83.38999938964844,81.81999969482422,82.30000305175781,11851800
2018-02-08,64.93719482421875,80.22000122070312,82.22000122070312,80.1500015258789,82.02999877929688,14596100
2018-02-09,64.6943588256836,79.91999816894531,81.02999877929688,78.58999633789062,80.9800033569336,18838800
2018-02-12,65.83573150634766,81.33000183105469,81.66999816894531,80.58000183105469,80.61000061035156,10769000
2018-02-13,65.97335052490234,81.5,81.83000183105469,80.91000366210938,81.1500015258789,9278700
2018-02-14,65.30953979492188,80.68000030517578,81.26000213623047,80.2699966430664,81.05999755859375,9412000
2018-02-15,66.7099609375,82.41000366210938,82.41000366210938,80.5,80.97000122070312,8910700
2018-02-16,66.8637924194336,82.5999984741211,83.25,82.12999725341797,82.20999908447266,10371700
2018-02-20,65.84383392333984,81.33999633789062,82.22000122070312,81.06999969482422,82.19000244140625,7087700
2018-02-21,64.95337677001953,80.23999786376953,81.80999755859375,80.19000244140625,81.30999755859375,9134500
2018-02-22,65.43909454345703,80.83999633789062,81.27999877929688,80.16999816894531,80.47000122070312,10277700
2018-02-23,65.60908508300781,81.05000305175781,81.12000274658203,80.4800033569336,81.01000213623047,10321800
2018-02-26,66.07856750488281,81.62999725341797,81.69000244140625,81.05000305175781,81.44999694824219,9422200
2018-02-27,65.19622802734375,80.54000091552734,82.0,80.51000213623047,81.88999938964844,8919600
2018-02-28,63.561065673828125,78.5199966430664,80.79000091552734,78.5,80.68000030517578,16862000
2018-03-01,63.70677185058594,78.69999694824219,79.27999877929688,77.9000015258789,78.4000015258789,13504200
2018-03-02,64.35437774658203,79.5,79.66000366210938,78.41999816894531,78.4800033569336,9317700
2018-03-05,64.99385833740234,80.29000091552734,80.38999938964844,79.1500015258789,79.27999877929688,8177000
2018-03-06,64.77529907226562,80.0199966430664,80.41999816894531,79.37000274658203,80.41000366210938,9085300
2018-03-07,64.07915496826172,79.16000366210938,79.63999938964844,78.9000015258789,79.52999877929688,9089500
2018-03-08,64.73481750488281,79.97000122070312,79.98999786376953,79.0199966430664,79.16999816894531,7951700
2018-03-09,64.99385833740234,80.29000091552734,80.75,79.9000015258789,80.18000030517578,7662200
2018-03-12,64.64576721191406,79.86000061035156,80.62000274658203,79.76000213623047,80.2300033569336,7182000
2018-03-13,64.5324478149414,79.72000122070312,80.19000244140625,79.36000061035156,80.0,9620200
2018-03-14,63.94963455200195,79.0,79.83999633789062,78.86000061035156,79.69000244140625,8898100
2018-03-15,63.6824951171875,78.66999816894531,79.13999938964844,78.54000091552734,79.08999633789062,6996900
2018-03-16,63.925323486328125,78.97000122070312,79.38999938964844,78.83999633789062,78.93000030517578,17715400
2018-03-19,63.67439651489258,78.66000366210938,79.56999969482422,78.2699966430664,78.97000122070312,8368200
2018-03-20,63.39107131958008,78.30999755859375,79.0999984741211,77.95999908447266,78.73999786376953,8465500
2018-03-21,62.36301803588867,77.04000091552734,78.23999786376953,76.87999725341797,78.05000305175781,9822800
2018-03-22,61.8530387878418,76.41000366210938,77.5199966430664,76.37000274658203,76.83000183105469,10481600
2018-03-23,61.44829559326172,75.91000366210938,77.18000030517578,75.80999755859375,76.79000091552734,11728300
2018-03-26,61.8530387878418,76.41000366210938,76.87000274658203,76.0199966430664,76.56999969482422,12937000
2018-03-27,62.97013473510742,77.79000091552734,78.44000244140625,76.30000305175781,76.52999877929688,11288200
2018-03-28,63.820098876953125,78.83999633789062,79.13999938964844,77.94999694824219,77.94999694824219,12857800
2018-03-29,64.17626953125,79.27999877929688,80.48999786376953,79.18000030517578,79.43000030517578,10036400
2018-04-02,62.6544189453125,77.4000015258789,79.37000274658203,77.05999755859375,79.26000213623047,12017200
2018-04-03,63.512508392333984,78.45999908447266,78.80000305175781,77.18000030517578,77.55999755859375,11933100
2018-04-04,63.99008560180664,79.05000305175781,79.5199966430664,77.58999633789062,77.81999969482422,9030800
2018-04-05,63.78771209716797,78.80000305175781,79.31999969482422,78.51000213623047,79.08999633789062,7864700
2018-04-06,63.488189697265625,78.43000030517578,79.36000061035156,77.9000015258789,78.37000274658203,8300800
2018-04-09,63.269657135009766,78.16000366210938,78.8499984741211,77.56999969482422,78.80000305175781,9031200
2018-04-10,63.439632415771484,78.37000274658203,78.83999633789062,77.94000244140625,78.70999908447266,6779000
2018-04-11,63.35867691040039,78.2699966430664,78.69000244140625,78.04000091552734,78.19000244140625,7143500
2018-04-12,62.97013473510742,77.79000091552734,78.69999694824219,77.79000091552734,78.63999938964844,8282300
2018-04-13,63.439632415771484,78.37000274658203,78.44000244140625,77.72000122070312,78.05999755859375,6198500
2018-04-16,63.6339111328125,78.61000061035156,78.86000061035156,78.04000091552734,78.55999755859375,5962200
2018-04-17,63.488189697265625,78.43000030517578,78.94000244140625,78.0999984741211,78.93000030517578,6492400
2018-04-18,63.30202102661133,78.19999694824219,78.68000030517578,78.0199966430664,78.58000183105469,7349400
2018-04-19,61.23261260986328,74.94999694824219,75.72000122070312,74.19999694824219,75.38999938964844,16955600
2018-04-20,60.29308319091797,73.80000305175781,74.91999816894531,73.73999786376953,74.04000091552734,14085000
2018-04-23,59.63948440551758,73.0,73.9800033569336,72.76000213623047,73.58999633789062,13653400
2018-04-24,59.23101043701172,72.5,73.33000183105469,72.1500015258789,73.05999755859375,16551700
2018-04-25,59.067623138427734,72.30000305175781,72.75,71.94999694824219,72.41000366210938,14208800
2018-04-26,59.435272216796875,72.75,73.01000213623047,72.37000274658203,72.56999969482422,11204300
2018-04-27,59.48429870605469,72.80999755859375,73.08000183105469,72.20999908447266,72.52999877929688,8144800
2018-04-30,59.10029602050781,72.33999633789062,72.91999816894531,72.16000366210938,72.91000366210938,13076500
2018-05-01,58.78984451293945,71.95999908447266,72.33000183105469,71.66000366210938,72.05000305175781,8103800
2018-05-02,57.95652389526367,70.94000244140625,72.01000213623047,70.7300033569336,71.94000244140625,10830900
2018-05-03,58.2996711730957,71.36000061035156,71.72000122070312,70.73999786376953,70.80999755859375,9386500
2018-05-04,59.173831939697266,72.43000030517578,72.62000274658203,71.33999633789062,71.37999725341797,8107400
2018-05-07,58.80619430541992,71.9800033569336,73.22000122070312,71.88999938964844,72.66999816894531,6633600
2018-05-08,58.365020751953125,71.44000244140625,72.12000274658203,71.11000061035156,72.05000305175781,8084100
2018-05-09,59.124813079833984,72.37000274658203,72.55000305175781,71.73999786376953,71.7699966430664,7528400
2018-05-10,59.762062072753906,73.1500015258789,73.33999633789062,72.69000244140625,72.94000244140625,7618500
2018-05-11,59.941795349121094,73.37000274658203,74.0999984741211,73.05000305175781,73.62999725341797,7586200
2018-05-14,59.86826705932617,73.27999877929688,73.77999877929688,73.08999633789062,73.77999877929688,8646900
2018-05-15,59.598655700683594,72.94999694824219,73.41000366210938,72.5999984741211,73.30999755859375,11502800
2018-05-16,60.072509765625,73.52999877929688,73.93000030517578,72.95999908447266,72.9800033569336,8325000
2018-05-17,60.4238166809082,73.95999908447266,74.0,73.4000015258789,73.5199966430664,8053600
2018-05-18,60.007144927978516,73.44999694824219,74.06999969482422,73.11000061035156,73.9800033569336,7042700
2018-05-21,60.505516052246094,74.05999755859375,74.25,73.41999816894531,73.75,6428400
2018-05-22,60.48098373413086,74.02999877929688,74.94000244140625,73.83000183105469,74.45999908447266,7744200
2018-05-23,60.603553771972656,74.18000030517578,74.30000305175781,73.72000122070312,74.0199966430664,6592500
2018-05-24,60.268592834472656,73.7699966430664,74.3499984741211,73.58999633789062,74.08000183105469,6508900
2018-05-25,60.70975112915039,74.30999755859375,74.62000274658203,73.75,73.9000015258789,7546500
2018-05-29,60.49733352661133,74.05000305175781,74.69999694824219,73.7699966430664,74.05999755859375,8905600
2018-05-30,61.18358612060547,74.88999938964844,75.0199966430664,74.05000305175781,74.33000183105469,8128600
2018-05-31,59.778385162353516,73.16999816894531,74.69000244140625,72.80000305175781,74.66999816894531,15526000
2018-06-01,60.007144927978516,73.44999694824219,73.73999786376953,72.86000061035156,73.33000183105469,7209300
2018-06-04,60.603553771972656,74.18000030517578,74.62000274658203,73.44999694824219,73.54000091552734,8743800
2018-06-05,60.431983947753906,73.97000122070312,74.37999725341797,73.5999984741211,74.27999877929688,6910100
2018-06-06,60.7424201965332,74.3499984741211,74.41999816894531,73.72000122070312,74.06999969482422,7002900
2018-06-07,61.89438247680664,75.76000213623047,76.38999938964844,74.0999984741211,74.18000030517578,13476100
2018-06-08,63.05447769165039,77.18000030517578,77.20999908447266,75.73999786376953,75.8499984741211,13625300
2018-06-11,63.340431213378906,77.52999877929688,77.69000244140625,76.87999725341797,76.97000122070312,9049400
2018-06-12,63.10348129272461,77.23999786376953,77.88999938964844,77.11000061035156,77.81999969482422,8786000
2018-06-13,62.474449157714844,76.47000122070312,77.4000015258789,76.19999694824219,77.4000015258789,8022400
2018-06-14,62.08228302001953,75.98999786376953,76.55999755859375,75.69999694824219,76.55999755859375,8895200
2018-06-15,63.217872619628906,77.37999725341797,77.51000213623047,75.91999816894531,76.16000366210938,14943500
2018-06-18,61.959720611572266,75.83999633789062,77.0999984741211,75.38999938964844,76.86000061035156,7384900
2018-06-19,62.36005401611328,76.33000183105469,76.68000030517578,75.56999969482422,75.58999633789062,8514000
2018-06-20,61.9679069519043,75.8499984741211,76.3499984741211,75.54000091552734,76.3499984741211,6603500
2018-06-21,62.44990921020508,76.44000244140625,77.05000305175781,75.52999877929688,75.52999877929688,8691200
2018-06-22,63.258705139160156,77.43000030517578,77.62999725341797,76.7699966430664,76.79000091552734,11446400
2018-06-25,63.55282211303711,77.79000091552734,77.94000244140625,77.18000030517578,77.27999877929688,11300500
2018-06-26,63.72441864013672,78.0,78.30999755859375,77.36000061035156,77.79000091552734,9558500
2018-06-27,63.47115707397461,77.69000244140625,78.70999908447266,77.55999755859375,78.11000061035156,7873300
2018-06-28,63.765281677246094,78.05000305175781,78.31999969482422,77.66000366210938,77.86000061035156,5714400
2018-06-29,63.77342987060547,78.05999755859375,78.54000091552734,77.29000091552734,77.93000030517578,7679900
2018-07-02,63.830604553222656,78.12999725341797,78.30999755859375,77.41999816894531,77.5,6092800
2018-07-03,63.64271545410156,77.9000015258789,78.76000213623047,77.77999877929688,78.54000091552734,5897200
2018-07-05,64.71295928955078,79.20999908447266,79.25,78.12000274658203,78.13999938964844,7956100
2018-07-06,64.79463958740234,79.30999755859375,79.62000274658203,78.9000015258789,79.37999725341797,7244000
2018-07-09,63.61003112792969,77.86000061035156,78.83000183105469,77.77999877929688,78.45999908447266,9095900
2018-07-10,65.21131134033203,79.81999969482422,79.94000244140625,77.98999786376953,78.06999969482422,12773500
2018-07-11,64.67210388183594,79.16000366210938,79.83999633789062,79.02999877929688,79.62999725341797,7851600
2018-07-12,64.45149993896484,78.88999938964844,79.5199966430664,78.56999969482422,79.33999633789062,8556800
2018-07-13,64.79463958740234,79.30999755859375,79.47000122070312,78.9000015258789,79.08000183105469,6021300
2018-07-16,64.97440338134766,79.52999877929688,79.62999725341797,78.83000183105469,79.20999908447266,6931200
2018-07-17,65.38288879394531,80.02999877929688,80.5,79.55000305175781,79.66000366210938,8983400
2018-07-18,65.12962341308594,79.72000122070312,80.20999908447266,79.33000183105469,79.72000122070312,9105100
2018-07-19,64.9045639038086,78.7300033569336,79.19000244140625,77.88999938964844,78.41999816894531,8010600
2018-07-20,64.86334228515625,78.68000030517578,79.05999755859375,78.31999969482422,78.31999969482422,8234700
2018-07-23,64.72319793701172,78.51000213623047,78.94000244140625,78.23999786376953,78.48999786376953,5881600
2018-07-24,65.11888885498047,78.98999786376953,79.01000213623047,77.54000091552734,77.54000091552734,8297100
2018-07-25,65.51460266113281,79.47000122070312,79.5999984741211,78.72000122070312,78.72000122070312,6208400
2018-07-26,66.02571105957031,80.08999633789062,80.7699966430664,79.47000122070312,79.55999755859375,9771100
2018-07-27,66.4296875,80.58000183105469,80.83000183105469,79.45999908447266,79.66999816894531,7492900
2018-07-30,66.11641693115234,80.19999694824219,80.5,79.83999633789062,80.06999969482422,7090700
2018-07-31,66.67699432373047,80.87999725341797,80.9800033569336,79.43000030517578,80.38999938964844,9878200
2018-08-01,66.4874038696289,80.6500015258789,80.81999969482422,80.11000061035156,80.41999816894531,7556700
2018-08-02,67.60033416748047,82.0,82.22000122070312,80.58999633789062,80.80000305175781,9261700
2018-08-03,67.87236785888672,82.33000183105469,83.0999984741211,81.91999816894531,82.13999938964844,7102800
2018-08-06,68.02901458740234,82.5199966430664,82.93000030517578,82.1500015258789,82.19999694824219,5669200
2018-08-07,68.12793731689453,82.63999938964844,82.68000030517578,81.7300033569336,82.41000366210938,6418000
2018-08-08,67.88886260986328,82.3499984741211,82.80000305175781,82.0999984741211,82.0999984741211,4891300
2018-08-09,67.1056900024414,81.4000015258789,82.44000244140625,81.30000305175781,82.44000244140625,5167400
2018-08-10,67.13043212890625,81.43000030517578,81.76000213623047,81.0,81.30000305175781,5566000
2018-08-13,67.2046127319336,81.5199966430664,82.08000183105469,81.1500015258789,81.69999694824219,5068100
2018-08-14,67.03150177001953,81.30999755859375,81.72000122070312,81.2300033569336,81.38999938964844,6226900
2018-08-15,67.8476333618164,82.30000305175781,82.37000274658203,80.80999755859375,81.30000305175781,8753500
2018-08-16,68.99354553222656,83.69000244140625,84.0,82.30999755859375,82.45999908447266,12368000
2018-08-17,68.99354553222656,83.69000244140625,84.19999694824219,83.5999984741211,83.7300033569336,8409300
2018-08-20,68.95230865478516,83.63999938964844,83.94999694824219,83.30999755859375,83.88999938964844,6795800
2018-08-21,69.16666412353516,83.9000015258789,84.0,83.08999633789062,83.56999969482422,8534500
2018-08-22,68.7462158203125,83.38999938964844,83.8499984741211,83.05999755859375,83.80999755859375,5132600
2018-08-23,68.62257385253906,83.23999786376953,83.5999984741211,82.83999633789062,83.01000213623047,4323200
2018-08-24,68.72150421142578,83.36000061035156,83.55000305175781,83.02999877929688,83.22000122070312,5356000
2018-08-27,68.78746032714844,83.44000244140625,83.81999969482422,83.0199966430664,83.5,3941500
2018-08-28,68.82042694091797,83.4800033569336,83.86000061035156,83.31999969482422,83.72000122070312,5405200
2018-08-29,68.82866668701172,83.48999786376953,83.76000213623047,83.29000091552734,83.51000213623047,4520400
2018-08-30,68.76272583007812,83.41000366210938,83.73999786376953,83.19000244140625,83.38999938964844,4549700
2018-08-31,68.38350677490234,82.94999694824219,83.52999877929688,82.38999938964844,83.3499984741211,6674900
2018-09-04,68.17740631103516,82.69999694824219,82.95999908447266,82.06999969482422,82.4800033569336,5800700
2018-09-05,68.6637954711914,83.29000091552734,83.47000122070312,82.11000061035156,82.11000061035156,7651900
2018-09-06,68.13617706298828,82.6500015258789,83.30999755859375,82.48999786376953,82.91000366210938,7541100
2018-09-07,67.52616119384766,81.91000366210938,82.19999694824219,81.25,82.0999984741211,11110900
2018-09-10,67.91358947753906,82.37999725341797,83.0999984741211,82.33999633789062,82.58000183105469,6783000
2018-09-11,67.60855865478516,82.01000213623047,82.41999816894531,81.62999725341797,82.12999725341797,5210300
2018-09-12,68.5154037475586,83.11000061035156,83.18000030517578,81.69999694824219,81.9000015258789,5925200
2018-09-13,68.79570770263672,83.44999694824219,83.48999786376953,82.6500015258789,83.2699966430664,5328400
2018-09-14,68.9275894165039,83.61000061035156,83.66999816894531,82.97000122070312,83.47000122070312,5004100
2018-09-17,69.45519256591797,84.25,84.2699966430664,83.33999633789062,83.5,7098800
2018-09-18,69.24910736083984,84.0,84.29000091552734,83.58000183105469,84.29000091552734,6022800
2018-09-19,69.24910736083984,84.0,84.29000091552734,83.7699966430664,83.91999816894531,6157600
2018-09-20,70.3702621459961,85.36000061035156,85.63999938964844,84.2300033569336,84.29000091552734,10053000
2018-09-21,70.74951934814453,85.81999969482422,86.27999877929688,85.5199966430664,85.80999755859375,17402500
2018-09-24,69.47171020507812,84.2699966430664,85.70999908447266,84.2300033569336,85.62999725341797,6389400
2018-09-25,68.52364349365234,83.12000274658203,84.41000366210938,83.08000183105469,84.27999877929688,5657200
2018-09-26,68.63904571533203,83.26000213623047,83.98999786376953,83.02999877929688,83.25,6581000
2018-09-27,68.30931091308594,82.86000061035156,83.62999725341797,82.80999755859375,83.04000091552734,6277600
2018-09-28,68.61434936523438,83.2300033569336,83.29000091552734,82.79000091552734,83.02999877929688,5125800
2018-10-01,68.97704315185547,83.66999816894531,83.72000122070312,83.16999816894531,83.30999755859375,4899900
2018-10-02,69.5458984375,84.36000061035156,84.44000244140625,83.37000274658203,83.4800033569336,7390900
2018-10-03,68.44947814941406,83.02999877929688,84.5199966430664,82.8499984741211,84.44000244140625,7958700
2018-10-04,67.53437805175781,81.91999816894531,82.5,81.0999984741211,82.5,7029900
2018-10-05,67.72398376464844,82.1500015258789,82.44999694824219,81.9800033569336,81.9800033569336,5454600
2018-10-08,67.9300765991211,82.4000015258789,82.73999786376953,81.75,81.9800033569336,7192300
2018-10-09,67.76519775390625,82.19999694824219,82.72000122070312,82.05999755859375,82.38999938964844,6268100
2018-10-10,67.13865661621094,81.44000244140625,82.68000030517578,81.44000244140625,81.80999755859375,9295800
2018-10-11,65.01998901367188,78.87000274658203,81.97000122070312,78.66999816894531,81.63999938964844,12560300
2018-10-12,65.17659759521484,79.05999755859375,79.37999725341797,78.48999786376953,79.37000274658203,9878700
2018-10-15,66.05870056152344,80.12999725341797,80.54000091552734,78.91999816894531,79.01000213623047,9691500
2018-10-16,66.7841567993164,81.01000213623047,81.08999633789062,79.9000015258789,79.91000366210938,9462600
2018-10-17,67.48490905761719,81.86000061035156,82.18000030517578,80.37999725341797,80.76000213623047,10375300
2018-10-18,66.73390197753906,80.23999786376953,81.33999633789062,80.0,80.70999908447266,9869500
2018-10-19,72.60555267333984,87.30000305175781,87.76000213623047,84.86000061035156,84.86000061035156,30276400
2018-10-22,72.02336120605469,86.5999984741211,87.23999786376953,85.2300033569336,86.7300033569336,14124100
2018-10-23,72.48912811279297,87.16000366210938,87.30000305175781,86.01000213623047,86.01000213623047,16269500
2018-10-24,74.40199279785156,89.45999908447266,90.69999694824219,87.22000122070312,87.27999877929688,26703500
2018-10-25,74.01941680908203,89.0,89.33000183105469,87.30999755859375,88.11000061035156,14647000
2018-10-26,73.07128143310547,87.86000061035156,89.16999816894531,87.38999938964844,88.69000244140625,14335900
2018-10-29,73.38732147216797,88.23999786376953,89.41999816894531,87.44000244140625,88.29000091552734,12878900
2018-10-30,74.17741394042969,89.19000244140625,89.43000030517578,88.20999908447266,88.8499984741211,13844000
2018-10-31,73.75326538085938,88.68000030517578,89.31999969482422,87.2699966430664,88.7699966430664,13362400
2018-11-01,74.51010131835938,89.58999633789062,89.83000183105469,88.18000030517578,88.80999755859375,9732400
2018-11-02,74.69305419921875,89.80999755859375,89.94999694824219,88.9800033569336,89.87999725341797,11336000
2018-11-05,75.8490982055664,91.19999694824219,91.44000244140625,89.81999969482422,89.88999938964844,12270100
2018-11-06,76.1069107055664,91.51000213623047,91.52999877929688,90.43000030517578,90.86000061035156,8857800
2018-11-07,75.9239273071289,91.29000091552734,91.62000274658203,90.62000274658203,91.58999633789062,9019800
2018-11-08,75.98219299316406,91.36000061035156,91.52999877929688,90.66999816894531,90.94999694824219,6614400
2018-11-09,76.85543060302734,92.41000366210938,92.66999816894531,91.16999816894531,91.3499984741211,10713500
2018-11-12,77.09661865234375,92.69999694824219,93.44999694824219,91.75,92.20999908447266,12522100
2018-11-13,77.73700714111328,93.47000122070312,93.56999969482422,91.58999633789062,91.97000122070312,13438700
2018-11-14,77.7536392211914,93.48999786376953,93.9000015258789,92.98999786376953,93.41999816894531,11623000
2018-11-15,78.03640747070312,93.83000183105469,93.9000015258789,92.72000122070312,93.33000183105469,12506000
2018-11-16,78.02810668945312,93.81999969482422,94.80999755859375,93.66999816894531,93.81999969482422,13013500
2018-11-19,77.58729553222656,93.29000091552734,94.19000244140625,92.91000366210938,93.72000122070312,9458300
2018-11-20,76.59761047363281,92.0999984741211,93.79000091552734,91.86000061035156,93.23999786376953,12074000
2018-11-21,76.02373504638672,91.41000366210938,92.37000274658203,91.23999786376953,91.66000366210938,8911800
2018-11-23,76.13186645507812,91.54000091552734,91.98999786376953,90.62999725341797,91.25,4399600
2018-11-26,76.46455383300781,91.94000244140625,92.4000015258789,91.1500015258789,91.1500015258789,8171400
2018-11-27,77.11323547363281,92.72000122070312,92.86000061035156,91.8499984741211,91.93000030517578,9023400
2018-11-28,77.35441589355469,93.01000213623047,93.22000122070312,92.20999908447266,92.62999725341797,8093700
2018-11-29,77.19644165039062,92.81999969482422,93.30000305175781,92.66000366210938,92.86000061035156,6126900
2018-11-30,78.60196685791016,94.51000213623047,94.6500015258789,92.75,93.18000030517578,16291800
2018-12-03,77.61225128173828,93.31999969482422,94.66999816894531,92.26000213623047,94.66999816894531,13934700
2018-12-04,77.60394287109375,93.30999755859375,94.86000061035156,93.16999816894531,93.48999786376953,11123600
2018-12-06,77.80355834960938,93.55000305175781,93.62999725341797,91.08000183105469,92.69999694824219,14199200
2018-12-07,76.88868713378906,92.44999694824219,93.77999877929688,92.13999938964844,93.58999633789062,7996800
2018-12-10,77.3710708618164,93.02999877929688,93.4000015258789,91.37000274658203,93.25,9307600
2018-12-11,78.10295104980469,93.91000366210938,94.5199966430664,93.4000015258789,93.72000122070312,8743800
2018-12-12,78.20274353027344,94.02999877929688,94.55000305175781,93.0999984741211,94.20999908447266,9644000
2018-12-13,80.24867248535156,96.48999786376953,96.79000091552734,94.80000305175781,94.87000274658203,18541300
2018-12-14,80.3734359741211,96.63999938964844,96.9000015258789,96.0199966430664,96.44999694824219,12657300
2018-12-17,77.15483093261719,92.7699966430664,96.5,92.4000015258789,96.0,12427600
2018-12-18,76.9219741821289,92.48999786376953,93.30999755859375,91.86000061035156,93.12999725341797,12250600
2018-12-19,76.3148422241211,91.76000213623047,93.3499984741211,91.29000091552734,92.55000305175781,10825600
2018-12-20,75.66613006591797,90.9800033569336,92.2300033569336,90.12999725341797,91.51000213623047,14439200
2018-12-21,75.65779876708984,90.97000122070312,93.16999816894531,90.36000061035156,90.61000061035156,24030000
2018-12-24,72.65545654296875,87.36000061035156,90.66000366210938,86.87999725341797,90.44999694824219,7396300
2018-12-26,74.92594146728516,90.08999633789062,90.08999633789062,86.73999786376953,87.41999816894531,8630900
2018-12-27,76.53105926513672,92.0199966430664,92.05000305175781,88.19999694824219,89.61000061035156,11360100
2018-12-28,75.83248901367188,91.18000030517578,93.27999877929688,90.83999633789062,92.55999755859375,9611800
2018-12-31,76.44790649414062,91.91999816894531,92.18000030517578,91.1500015258789,91.62999725341797,7239500
2019-01-02,75.9156265258789,91.27999877929688,91.38999938964844,89.93000030517578,91.02999877929688,9843900
2019-01-03,75.38337707519531,90.63999938964844,92.5,90.37999725341797,90.94000244140625,9820200
2019-01-04,76.9219741821289,92.48999786376953,92.48999786376953,90.37000274658203,90.83999633789062,10565700
2019-01-07,76.61425018310547,92.12000274658203,92.5,91.4000015258789,91.91000366210938,9012500
2019-01-08,76.89701843261719,92.45999908447266,93.08999633789062,91.81999969482422,92.69999694824219,9551300
2019-01-09,75.64118194580078,90.94999694824219,92.95999908447266,90.80999755859375,92.69000244140625,15015600
2019-01-10,75.82415008544922,91.16999816894531,91.54000091552734,90.61000061035156,90.88999938964844,11102300
2019-01-11,76.32315063476562,91.7699966430664,91.9800033569336,91.11000061035156,91.66999816894531,7166600
2019-01-14,75.80751037597656,91.1500015258789,91.91000366210938,90.8499984741211,91.5,7952000
2019-01-15,76.52275085449219,92.01000213623047,92.61000061035156,91.13999938964844,91.1500015258789,7834500
2019-01-16,75.99049377441406,91.37000274658203,92.1500015258789,90.98999786376953,91.73999786376953,7964500
2019-01-17,75.97958374023438,90.63999938964844,91.55999755859375,90.3499984741211,90.70999908447266,8044500
2019-01-18,76.63343048095703,91.41999816894531,91.83999633789062,91.04000091552734,91.37000274658203,9100300
2019-01-22,75.81194305419922,90.44000244140625,91.75,89.08000183105469,91.38999938964844,13518500
2019-01-23,79.5002670288086,94.83999633789062,96.41000366210938,93.62999725341797,94.18000030517578,22869000
2019-01-24,79.04761505126953,94.30000305175781,94.55999755859375,93.19000244140625,94.29000091552734,12146400
2019-01-25,78.46082305908203,93.5999984741211,94.88999938964844,93.05999755859375,94.41999816894531,10618000
2019-01-28,78.39375305175781,93.5199966430664,93.97000122070312,92.97000122070312,93.31999969482422,9765600
2019-01-29,78.41053009033203,93.54000091552734,94.12000274658203,93.0999984741211,93.79000091552734,9769800
2019-01-30,79.23200225830078,94.5199966430664,94.66000366210938,93.56999969482422,93.61000061035156,7750200
2019-01-31,80.86662292480469,96.47000122070312,96.80999755859375,94.08000183105469,94.43000030517578,16044400
2019-02-01,81.70488739013672,97.47000122070312,97.61000061035156,95.98999786376953,96.3499984741211,12720800
2019-02-04,82.17430114746094,98.02999877929688,98.22000122070312,96.72000122070312,97.20999908447266,11887500
2019-02-05,81.67972564697266,97.44000244140625,98.0199966430664,97.20999908447266,97.98999786376953,9772300
2019-02-06,82.08208465576172,97.91999816894531,98.31999969482422,97.12000274658203,97.25,8693900
2019-02-07,81.42825317382812,97.13999938964844,97.5999984741211,96.33999633789062,97.5199966430664,8732500
2019-02-08,81.90605926513672,97.70999908447266,97.72000122070312,96.69999694824219,97.01000213623047,7483200
2019-02-11,82.37545776367188,98.2699966430664,98.38999938964844,97.43000030517578,97.48999786376953,8494100
2019-02-12,83.20536804199219,99.26000213623047,99.33999633789062,97.9800033569336,98.37999725341797,11238800
2019-02-13,83.1885986328125,99.23999786376953,99.69999694824219,99.01000213623047,99.29000091552734,11587200
2019-02-14,82.53474426269531,98.45999908447266,98.81999969482422,97.83999633789062,98.69999694824219,7930100
2019-02-15,82.55152130126953,98.4800033569336,99.19999694824219,98.25,98.94999694824219,12069100
2019-02-19,83.81727600097656,99.98999786376953,100.0,98.47000122070312,98.55999755859375,10098200
2019-02-20,83.22212219238281,99.27999877929688,100.22000122070312,98.94000244140625,99.77999877929688,8947400
2019-02-21,83.6412582397461,99.77999877929688,99.86000061035156,98.58999633789062,99.0999984741211,7444800
2019-02-22,84.03521728515625,100.25,100.4000015258789,99.4000015258789,99.69000244140625,7925400
2019-02-25,83.4652099609375,99.56999969482422,100.44999694824219,99.33000183105469,100.36000061035156,7436100
2019-02-26,83.68315124511719,99.83000183105469,100.18000030517578,99.62999725341797,99.83999633789062,7115300
2019-02-27,82.91197204589844,98.91000366210938,99.62999725341797,98.81999969482422,99.33999633789062,6013600
2019-02-28,82.6102066040039,98.55000305175781,99.19999694824219,98.08000183105469,98.91000366210938,10575400
2019-03-01,82.51798248291016,98.44000244140625,98.77999877929688,97.83000183105469,98.61000061035156,7733200
2019-03-04,82.87844848632812,98.87000274658203,98.87999725341797,97.87999725341797,98.56999969482422,6895300
2019-03-05,83.06285095214844,99.08999633789062,99.68000030517578,98.91000366210938,98.91000366210938,6274600
2019-03-06,82.9287338256836,98.93000030517578,99.0999984741211,98.4000015258789,98.86000061035156,4622300
2019-03-07,82.6102066040039,98.55000305175781,99.5999984741211,98.25,98.97000122070312,8408600
2019-03-08,82.49285125732422,98.41000366210938,99.18000030517578,97.75,98.81999969482422,5144500
2019-03-11,83.47360229492188,99.58000183105469,99.68000030517578,98.51000213623047,98.79000091552734,7544400
2019-03-12,83.8675765991211,100.05000305175781,100.5199966430664,99.7300033569336,99.77999877929688,7597500
2019-03-13,84.81481170654297,101.18000030517578,101.58999633789062,99.95999908447266,99.98999786376953,9883300
2019-03-14,84.93218231201172,101.31999969482422,101.77999877929688,100.72000122070312,100.94000244140625,8590200
2019-03-15,85.87102508544922,102.44000244140625,102.88999938964844,101.7300033569336,101.76000213623047,30802700
2019-03-18,85.0914306640625,101.51000213623047,102.29000091552734,101.19999694824219,102.05999755859375,8442800
2019-03-19,85.4183578491211,101.9000015258789,102.13999938964844,101.29000091552734,101.91000366210938,7334100
2019-03-20,85.26746368408203,101.72000122070312,102.30999755859375,101.05000305175781,101.7300033569336,7513800
2019-03-21,85.91291809082031,102.48999786376953,102.91000366210938,101.27999877929688,101.27999877929688,8221000
2019-03-22,85.21717834472656,101.66000366210938,103.1500015258789,99.01000213623047,102.4800033569336,11035900
2019-03-25,85.46863555908203,101.95999908447266,102.33999633789062,101.26000213623047,101.66000366210938,6955500
2019-03-26,86.3572006225586,103.0199966430664,103.4800033569336,102.4000015258789,102.44000244140625,6909400
2019-03-27,86.25660705566406,102.9000015258789,103.0199966430664,102.04000091552734,102.76000213623047,6037100
2019-03-28,86.80147552490234,103.55000305175781,103.68000030517578,103.11000061035156,103.30999755859375,6793700
2019-03-29,87.22059631347656,104.05000305175781,104.1500015258789,103.11000061035156,103.86000061035156,7535400
2019-04-01,86.87693786621094,103.63999938964844,104.2300033569336,103.13999938964844,104.2300033569336,6626500
2019-04-02,86.96912384033203,103.75,104.0199966430664,103.26000213623047,103.61000061035156,6088800
2019-04-03,86.91883087158203,103.69000244140625,103.88999938964844,102.75,103.58000183105469,5226500
2019-04-04,86.70089721679688,103.43000030517578,103.66999816894531,102.79000091552734,103.4800033569336,4786100
2019-04-05,86.88529968261719,103.6500015258789,103.69000244140625,103.16999816894531,103.61000061035156,4281800
2019-04-08,87.99181365966797,104.97000122070312,105.13999938964844,103.5,103.93000030517578,8468600
2019-04-09,87.7319564819336,104.66000366210938,104.76000213623047,104.13999938964844,104.55000305175781,5820300
2019-04-10,87.72355651855469,104.6500015258789,105.0,104.23999786376953,104.66000366210938,5394300
2019-04-11,87.80738830566406,104.75,105.05000305175781,104.37000274658203,104.58000183105469,5078400
2019-04-12,88.06724548339844,105.05999755859375,105.05999755859375,104.16999816894531,104.75,6707900
2019-04-15,88.62885284423828,105.7300033569336,105.77999877929688,104.79000091552734,104.9800033569336,5639200
2019-04-16,89.20728302001953,106.41999816894531,106.5,105.6500015258789,105.9800033569336,8136100
2019-04-17,89.35586547851562,105.8499984741211,106.51000213623047,105.3499984741211,106.2699966430664,6778100
2019-04-18,89.52468872070312,106.05000305175781,106.70999908447266,105.83000183105469,106.0199966430664,7248900
2019-04-22,89.49091339111328,106.01000213623047,107.19999694824219,105.73999786376953,106.12999725341797,9057200
2019-04-23,87.08501434326172,103.16000366210938,104.11000061035156,102.12999725341797,104.01000213623047,15979800
2019-04-24,87.53244018554688,103.69000244140625,104.6500015258789,102.79000091552734,103.31999969482422,10094800
2019-04-25,87.18632507324219,103.27999877929688,103.56999969482422,102.58999633789062,103.0999984741211,6085300
2019-04-26,89.36430358886719,105.86000061035156,105.87999725341797,103.91000366210938,103.94999694824219,7747400
2019-04-29,88.45256805419922,104.77999877929688,105.75,104.72000122070312,105.56999969482422,4787600
2019-04-30,89.88768005371094,106.4800033569336,106.62000274658203,104.66000366210938,104.86000061035156,8251300
2019-05-01,88.57921600341797,104.93000030517578,106.38999938964844,104.80999755859375,106.1500015258789,6733800
2019-05-02,89.11103820800781,105.55999755859375,105.76000213623047,105.05000305175781,105.19999694824219,6270300
2019-05-03,89.5500259399414,106.08000183105469,106.41000366210938,105.58000183105469,105.98999786376953,4793400
2019-05-06,89.21235656738281,105.68000030517578,105.81999969482422,105.04000091552734,105.12000274658203,4890400
2019-05-07,88.3850326538086,104.69999694824219,105.58000183105469,104.0999984741211,105.02999877929688,6021700
2019-05-08,88.69739532470703,105.06999969482422,105.7699966430664,104.16000366210938,104.98999786376953,5392600
2019-05-09,87.99671936035156,104.23999786376953,105.04000091552734,103.77999877929688,104.66999816894531,6901700
2019-05-10,89.49091339111328,106.01000213623047,106.1500015258789,103.91999816894531,103.9800033569336,5815800
2019-05-13,89.57533264160156,106.11000061035156,106.58999633789062,104.8499984741211,105.13999938964844,7575500
2019-05-14,89.14481353759766,105.5999984741211,106.5,105.56999969482422,105.7699966430664,7004000
2019-05-15,90.07341003417969,106.69999694824219,107.0,105.5,105.61000061035156,5535600
2019-05-16,91.26366424560547,108.11000061035156,108.68000030517578,106.58999633789062,106.73999786376953,9284200
2019-05-17,90.70653533935547,107.44999694824219,108.0,107.26000213623047,107.2699966430664,6370200
2019-05-20,90.60523986816406,107.33000183105469,108.12999725341797,107.13999938964844,107.44000244140625,6565300
2019-05-21,89.7948226928711,106.37000274658203,107.54000091552734,106.29000091552734,107.47000122070312,5226400
2019-05-22,90.09027862548828,106.72000122070312,107.05000305175781,105.94000244140625,106.08999633789062,4889700
2019-05-23,90.12406158447266,106.76000213623047,107.02999877929688,105.88999938964844,106.68000030517578,6175600
2019-05-24,90.06497192382812,106.69000244140625,107.44000244140625,106.54000091552734,107.1500015258789,4372100
2019-05-28,88.18245697021484,104.45999908447266,107.25,104.41999816894531,106.69999694824219,7615500
2019-05-29,87.95452117919922,104.19000244140625,104.80999755859375,103.69999694824219,103.95999908447266,7137300
2019-05-30,88.91688537597656,105.33000183105469,105.37000274658203,104.37000274658203,104.37000274658203,4729200
2019-05-31,86.87398529052734,102.91000366210938,104.9000015258789,102.41000366210938,104.88999938964844,10282300
2019-06-03,87.62529754638672,103.80000305175781,103.95999908447266,102.4000015258789,103.1500015258789,8532900
2019-06-04,88.36817932128906,104.68000030517578,105.0999984741211,103.8499984741211,104.01000213623047,6906400
2019-06-05,90.09872436523438,106.7300033569336,106.75,104.88999938964844,105.23999786376953,6481700
2019-06-06,90.64743041992188,107.37999725341797,107.68000030517578,106.33000183105469,106.8499984741211,6681600
2019-06-07,91.82083129882812,108.7699966430664,109.37999725341797,107.73999786376953,107.73999786376953,8063400
2019-06-10,91.77864074707031,108.72000122070312,109.0199966430664,107.45999908447266,108.31999969482422,4767000
2019-06-11,92.33578491210938,109.37999725341797,109.5999984741211,108.87000274658203,108.94000244140625,8074400
2019-06-12,92.58904266357422,109.68000030517578,110.66000366210938,109.58000183105469,109.5999984741211,7687800
2019-06-13,93.62736511230469,110.91000366210938,110.94999694824219,109.86000061035156,109.9800033569336,8611400
2019-06-14,93.87218475341797,111.19999694824219,111.75,110.6500015258789,110.97000122070312,6438100
2019-06-17,93.69490814208984,110.98999786376953,111.20999908447266,110.23999786376953,111.16000366210938,6020000
2019-06-18,92.5215072631836,109.5999984741211,111.55999755859375,109.43000030517578,111.44999694824219,7731200
2019-06-19,93.21371459960938,110.41999816894531,110.7300033569336,109.26000213623047,109.5,7028000
2019-06-20,94.32804107666016,111.73999786376953,112.0199966430664,110.5,110.77999877929688,7044200
2019-06-21,93.87218475341797,111.19999694824219,112.47000122070312,111.0199966430664,111.62000274658203,13799400
2019-06-24,94.82609558105469,112.33000183105469,112.5,111.4000015258789,111.81999969482422,5518100
2019-06-25,94.31114959716797,111.72000122070312,112.62999725341797,111.30999755859375,112.11000061035156,6805600
2019-06-26,92.63123321533203,109.7300033569336,111.44000244140625,109.66000366210938,111.38999938964844,7170300
2019-06-27,92.67344665527344,109.77999877929688,110.2699966430664,109.29000091552734,109.91999816894531,5613300
2019-06-28,92.56369018554688,109.6500015258789,111.95999908447266,109.0199966430664,111.86000061035156,12152000
2019-07-01,93.27281951904297,110.48999786376953,110.69999694824219,109.61000061035156,109.91999816894531,6775900
2019-07-02,94.10855865478516,111.4800033569336,111.5,110.29000091552734,110.61000061035156,6578200
2019-07-03,96.30339813232422,114.08000183105469,114.2699966430664,111.83999633789062,111.95999908447266,6223300
2019-07-05,95.5183334350586,113.1500015258789,113.44999694824219,112.2300033569336,112.97000122070312,8694800
2019-07-08,96.2780990600586,114.05000305175781,114.2300033569336,113.30000305175781,113.33999633789062,5317800
2019-07-09,95.31572723388672,112.91000366210938,113.91000366210938,112.31999969482422,113.9000015258789,7537700
2019-07-10,96.02483367919922,113.75,114.5,113.4000015258789,113.45999908447266,5600700
2019-07-11,96.55667114257812,114.37999725341797,114.4000015258789,113.44000244140625,113.66000366210938,4625300
2019-07-12,97.07159423828125,114.98999786376953,115.20999908447266,114.06999969482422,114.06999969482422,7058600
2019-07-15,97.48527526855469,115.4800033569336,115.87999725341797,114.79000091552734,115.06999969482422,6240700
2019-07-16,97.83135223388672,115.88999938964844,116.5199966430664,115.44999694824219,115.72000122070312,7644300
2019-07-17,97.87356567382812,115.94000244140625,116.29000091552734,115.7300033569336,115.7300033569336,7861700
2019-07-18,98.08258056640625,115.44000244140625,115.7699966430664,114.79000091552734,114.93000030517578,5828700
2019-07-19,97.71724700927734,115.01000213623047,115.94999694824219,115.01000213623047,115.5,6547000
2019-07-22,97.96363067626953,115.30000305175781,115.44999694824219,114.58000183105469,115.04000091552734,4018800
2019-07-23,96.73164367675781,113.8499984741211,116.05000305175781,113.83999633789062,115.70999908447266,8194600
2019-07-24,95.66960144042969,112.5999984741211,113.87999725341797,112.27999877929688,113.8499984741211,9635900
2019-07-25,95.81403350830078,112.7699966430664,112.9800033569336,111.37999725341797,111.4800033569336,7809400
2019-07-26,97.4793472290039,114.7300033569336,114.87999725341797,112.87999725341797,113.20999908447266,5559600
2019-07-29,98.55838012695312,116.0,116.20999908447266,114.62000274658203,114.7300033569336,7768700
2019-07-30,102.3052978515625,120.41000366210938,121.76000213623047,118.80000305175781,119.81999969482422,18788800
2019-07-31,100.29166412353516,118.04000091552734,120.68000030517578,117.06999969482422,119.66000366210938,12641800
2019-08-01,99.1786117553711,116.7300033569336,119.16999816894531,116.7300033569336,118.55999755859375,11308600
2019-08-02,98.9322280883789,116.44000244140625,117.08000183105469,115.69000244140625,116.51000213623047,12266100
2019-08-05,96.0774154663086,113.08000183105469,116.30000305175781,112.83000183105469,116.08999633789062,12974800
2019-08-06,97.09699249267578,114.27999877929688,115.0,113.18000030517578,113.6500015258789,9490600
2019-08-07,98.15056610107422,115.5199966430664,116.23999786376953,112.68000030517578,113.75,9507600
2019-08-08,99.78187561035156,117.44000244140625,117.48999786376953,115.33999633789062,115.5199966430664,7416600
2019-08-09,99.2210922241211,116.77999877929688,118.04000091552734,115.8499984741211,117.62000274658203,6939500
2019-08-12,98.5838623046875,116.02999877929688,117.66999816894531,115.58999633789062,116.77999877929688,4996200
2019-08-13,99.62045288085938,117.25,118.06999969482422,116.33999633789062,116.51000213623047,6722000
2019-08-14,98.37996673583984,115.79000091552734,117.94000244140625,115.66000366210938,116.45999908447266,10148300
2019-08-15,99.73938751220703,117.38999938964844,118.08999633789062,116.44000244140625,116.80000305175781,7758000
2019-08-16,101.2602310180664,119.18000030517578,119.54000091552734,117.5999984741211,118.05999755859375,8302400
2019-08-19,102.1608657836914,120.23999786376953,120.44999694824219,119.11000061035156,119.97000122070312,5867100
2019-08-20,101.02234649658203,118.9000015258789,120.26000213623047,118.79000091552734,120.05000305175781,6744300
2019-08-21,101.27722930908203,119.19999694824219,119.6500015258789,118.68000030517578,119.2699966430664,4037400
2019-08-22,101.46416473388672,119.41999816894531,119.79000091552734,118.69999694824219,119.08000183105469,4558400
2019-08-23,99.67990112304688,117.31999969482422,120.11000061035156,116.43000030517578,119.13999938964844,7336800
2019-08-26,101.37918090820312,119.31999969482422,119.5999984741211,117.22000122070312,117.75,5661500
2019-08-27,102.42425537109375,120.55000305175781,121.05000305175781,119.77999877929688,119.98999786376953,6996300
2019-08-28,103.14645385742188,121.4000015258789,121.43000030517578,119.62999725341797,120.45999908447266,4600300
2019-08-29,102.95950317382812,121.18000030517578,122.0,120.31999969482422,121.79000091552734,5011500
2019-08-30,102.15235137939453,120.2300033569336,122.0,119.51000213623047,121.95999908447266,6007100
2019-09-03,103.11248016357422,121.36000061035156,121.54000091552734,119.62999725341797,119.79000091552734,4959300
2019-09-04,104.68428039550781,123.20999908447266,123.27999877929688,121.45999908447266,121.8499984741211,5586900
2019-09-05,104.30194091796875,122.76000213623047,123.43000030517578,122.18000030517578,123.23999786376953,7491900
2019-09-06,104.39543151855469,122.87000274658203,123.37999725341797,122.54000091552734,123.0,5306900
2019-09-09,103.80066680908203,122.16999816894531,122.77999877929688,121.77999877929688,122.70999908447266,7662400
2019-09-10,101.85499572753906,119.87999725341797,121.18000030517578,119.58000183105469,121.02999877929688,9582200
2019-09-11,103.03600311279297,121.2699966430664,121.33999633789062,119.36000061035156,119.86000061035156,7565500
2019-09-12,104.3104476928711,122.7699966430664,123.20999908447266,121.62000274658203,122.6500015258789,6194300
2019-09-13,103.75817108154297,122.12000274658203,122.58000183105469,121.5,121.81999969482422,6777400
2019-09-16,101.74453735351562,119.75,121.95999908447266,119.0199966430664,121.80999755859375,9626700
2019-09-17,102.94255065917969,121.16000366210938,121.98999786376953,119.44000244140625,119.62999725341797,6377100
2019-09-18,103.15495300292969,121.41000366210938,121.95999908447266,120.7699966430664,121.2699966430664,5684200
2019-09-19,103.5712661743164,121.9000015258789,122.2300033569336,121.23999786376953,121.38999938964844,4525800
2019-09-20,103.86016082763672,122.23999786376953,122.5999984741211,121.75,122.12999725341797,15362000
2019-09-23,104.69279479980469,123.22000122070312,123.7699966430664,121.97000122070312,122.19999694824219,6060400
2019-09-24,105.02415466308594,123.61000061035156,124.7300033569336,123.36000061035156,123.69999694824219,7633200
2019-09-25,104.52284240722656,123.0199966430664,123.83000183105469,122.94999694824219,123.55999755859375,5812600
2019-09-26,105.61890411376953,124.30999755859375,125.0,123.52999877929688,123.63999938964844,6984800
2019-09-27,105.83981323242188,124.56999969482422,124.87999725341797,123.72000122070312,124.41000366210938,5589800
2019-09-30,105.67837524414062,124.37999725341797,125.36000061035156,124.12999725341797,124.56999969482422,5206900
2019-10-01,105.22808074951172,123.8499984741211,124.63999938964844,123.19999694824219,124.36000061035156,5415700
2019-10-02,102.87455749511719,121.08000183105469,123.6500015258789,120.20999908447266,123.19999694824219,6755100
2019-10-03,103.43531799316406,121.73999786376953,122.54000091552734,120.83999633789062,121.66999816894531,5171000
2019-10-04,105.35550689697266,124.0,124.05999755859375,121.98999786376953,122.19000244140625,4377900
2019-10-07,104.36993408203125,122.83999633789062,123.88999938964844,122.68000030517578,123.52999877929688,4749700
2019-10-08,102.74711608886719,120.93000030517578,122.93000030517578,120.87999725341797,122.66000366210938,5545300
2019-10-09,103.63924407958984,121.9800033569336,122.38999938964844,121.43000030517578,121.80999755859375,3775600
2019-10-10,103.60525512695312,121.94000244140625,122.19000244140625,120.80000305175781,121.33000183105469,3943400
2019-10-11,102.88304901123047,121.08999633789062,122.05999755859375,120.81999969482422,122.04000091552734,6292200
2019-10-14,101.99942779541016,120.05000305175781,121.62000274658203,119.58000183105469,121.62000274658203,7360200
2019-10-15,99.57796478271484,117.19999694824219,120.55999755859375,116.69999694824219,120.19000244140625,11113900
2019-10-16,99.85832977294922,117.52999877929688,117.7699966430664,116.51000213623047,117.66999816894531,7973100
2019-10-17,99.72664642333984,116.62999725341797,117.63999938964844,116.55000305175781,117.30999755859375,5956900
2019-10-18,100.44490051269531,117.47000122070312,117.75,116.16999816894531,116.55000305175781,9016700
2019-10-21,101.82157897949219,119.08000183105469,119.12000274658203,117.3499984741211,117.41999816894531,6731600
2019-10-22,104.47228240966797,122.18000030517578,124.22000122070312,121.5999984741211,124.0,14410500
2019-10-23,105.17345428466797,123.0,123.7300033569336,121.83999633789062,121.98999786376953,8249300
2019-10-24,106.70401763916016,124.79000091552734,125.7699966430664,123.33999633789062,123.76000213623047,6725600
2019-10-25,105.38721466064453,123.25,124.81999969482422,123.16999816894531,124.81999969482422,6093300
2019-10-28,105.58387756347656,123.4800033569336,124.12000274658203,122.5999984741211,123.4800033569336,5459500
2019-10-29,105.68647003173828,123.5999984741211,124.55999755859375,123.0999984741211,123.19999694824219,5659800
2019-10-30,106.83228302001953,124.94000244140625,125.16999816894531,123.5,123.98999786376953,4734500
2019-10-31,106.46458435058594,124.51000213623047,125.44999694824219,123.36000061035156,124.79000091552734,6399500
2019-11-01,105.91735076904297,123.87000274658203,125.13999938964844,123.25,124.83000183105469,6010200
2019-11-04,101.8130111694336,119.06999969482422,123.91999816894531,118.63999938964844,123.91999816894531,10351400
2019-11-05,101.66765594482422,118.9000015258789,119.58999633789062,118.23999786376953,118.83000183105469,9239600
2019-11-06,102.88185119628906,120.31999969482422,120.3499984741211,118.66000366210938,119.0999984741211,6756300
2019-11-07,102.2833023071289,119.62000274658203,120.33999633789062,118.80999755859375,120.33999633789062,8909700
2019-11-08,102.35169982910156,119.69999694824219,120.58999633789062,119.16000366210938,119.8499984741211,4249900
2019-11-11,102.03533935546875,119.33000183105469,120.0,119.08999633789062,119.4800033569336,3850400
2019-11-12,101.98402404785156,119.2699966430664,119.5999984741211,118.55000305175781,119.48999786376953,4759600
2019-11-13,103.16402435302734,120.6500015258789,121.05000305175781,119.87000274658203,119.9000015258789,7262800
2019-11-14,103.0357666015625,120.5,121.16999816894531,120.11000061035156,120.62000274658203,5188300
2019-11-15,103.06995391845703,120.54000091552734,120.98999786376953,119.97000122070312,120.98999786376953,7108600
2019-11-18,104.22432708740234,121.88999938964844,122.55999755859375,120.16999816894531,120.25,7493700
2019-11-19,103.82243347167969,121.41999816894531,122.77999877929688,121.12999725341797,121.93000030517578,5989000
2019-11-20,104.56632995605469,122.29000091552734,122.37999725341797,120.93000030517578,121.41999816894531,6480000
2019-11-21,102.8989486694336,120.33999633789062,122.54000091552734,120.27999877929688,121.77999877929688,7094200
2019-11-22,102.856201171875,120.29000091552734,120.61000061035156,119.38999938964844,120.2300033569336,4414900
2019-11-25,103.04431915283203,120.51000213623047,120.91999816894531,120.0199966430664,120.44000244140625,5134300
2019-11-26,104.54067993164062,122.26000213623047,122.3499984741211,120.41000366210938,120.7300033569336,8235200
2019-11-27,104.11316680908203,121.76000213623047,122.44000244140625,120.95999908447266,122.41999816894531,3751400
2019-11-29,104.36967468261719,122.05999755859375,122.62999725341797,121.70999908447266,121.98999786376953,2927300
2019-12-02,104.93402099609375,122.72000122070312,122.77999877929688,120.95999908447266,121.94000244140625,6146200
2019-12-03,105.13066864013672,122.94999694824219,122.95999908447266,121.80000305175781,122.30999755859375,6396200
2019-12-04,106.48169708251953,124.52999877929688,124.58000183105469,122.69000244140625,122.75,6857300
2019-12-05,106.55866241455078,124.62000274658203,124.62999725341797,123.66000366210938,124.2699966430664,7029200
2019-12-06,106.19098663330078,124.19000244140625,125.44999694824219,123.88999938964844,124.7300033569336,7150900
2019-12-09,106.77240753173828,124.87000274658203,125.13999938964844,124.18000030517578,124.30999755859375,7452800
2019-12-10,106.25935363769531,124.2699966430664,124.87000274658203,124.12000274658203,124.77999877929688,4740100
2019-12-11,106.59286499023438,124.66000366210938,125.2699966430664,124.06999969482422,124.2699966430664,4823300
2019-12-12,106.51589965820312,124.56999969482422,125.76000213623047,123.87999725341797,124.77999877929688,5897800
2019-12-13,107.28547668457031,125.47000122070312,125.73999786376953,123.79000091552734,124.20999908447266,5471600
2019-12-16,107.3624038696289,125.55999755859375,126.3499984741211,125.3499984741211,125.47000122070312,8281900
2019-12-17,107.14863586425781,125.30999755859375,125.9800033569336,124.30999755859375,125.58999633789062,8832200
2019-12-18,106.03706359863281,124.01000213623047,125.87000274658203,123.69000244140625,125.30999755859375,8607600
2019-12-19,106.8151626586914,124.91999816894531,125.19999694824219,123.9000015258789,124.16000366210938,6629100
2019-12-20,107.19139099121094,125.36000061035156,126.5999984741211,125.02999877929688,126.1500015258789,16250500
2019-12-23,106.7980728149414,124.9000015258789,125.81999969482422,124.69000244140625,125.5199966430664,6619500
2019-12-24,107.07170104980469,125.22000122070312,125.30999755859375,124.58000183105469,124.79000091552734,2022100
2019-12-26,107.07170104980469,125.22000122070312,125.75,124.87000274658203,125.0999984741211,4760400
2019-12-27,107.81558990478516,126.08999633789062,126.30000305175781,125.38999938964844,125.55999755859375,5192000
2019-12-30,106.43038177490234,124.47000122070312,125.9800033569336,124.13999938964844,125.76000213623047,3884300
2019-12-31,106.7980728149414,124.9000015258789,124.98999786376953,123.94999694824219,124.43000030517578,4798900
2020-01-02,105.5240249633789,123.41000366210938,124.7300033569336,122.94000244140625,124.5,8130800
2020-01-03,104.81432342529297,122.58000183105469,123.52999877929688,121.86000061035156,122.16000366210938,7970500
2020-01-06,104.95967102050781,122.75,123.19000244140625,122.37999725341797,122.56999969482422,6674400
2020-01-07,104.30982971191406,121.98999786376953,123.20999908447266,121.87000274658203,122.87999725341797,7583400
2020-01-08,104.75444793701172,122.51000213623047,123.43000030517578,122.0,122.19000244140625,5385100
2020-01-09,105.90025329589844,123.8499984741211,123.87999725341797,122.51000213623047,122.51000213623047,5944000
2020-01-10,106.00285339355469,123.97000122070312,124.31999969482422,123.30000305175781,123.9000015258789,3927100
2020-01-13,106.78097534179688,124.87999725341797,124.9000015258789,123.80999755859375,124.0,8409200
2020-01-14,106.61849212646484,124.69000244140625,125.19999694824219,124.4800033569336,124.6500015258789,7829700
2020-01-15,107.70442199707031,125.95999908447266,126.12000274658203,125.01000213623047,125.05999755859375,4843700
2020-01-16,107.79850769042969,126.06999969482422,126.77999877929688,125.58999633789062,126.11000061035156,6233700
2020-01-17,108.0892333984375,126.41000366210938,127.0,125.87999725341797,126.3499984741211,11315200
2020-01-21,107.81558990478516,126.08999633789062,126.62000274658203,124.83999633789062,126.41000366210938,8553100
2020-01-22,108.00371551513672,126.30999755859375,126.68000030517578,125.83000183105469,126.33000183105469,7396700
2020-01-23,107.50999450683594,124.98999786376953,126.55000305175781,123.6500015258789,124.30000305175781,11096500
2020-01-24,107.63900756835938,125.13999938964844,126.79000091552734,124.7699966430664,125.22000122070312,9508600
2020-01-27,108.11210632324219,125.69000244140625,126.38999938964844,124.75,124.75,9338400
2020-01-28,108.40454864501953,126.02999877929688,126.9800033569336,125.72000122070312,125.93000030517578,6200200
2020-01-29,107.5701904296875,125.05999755859375,126.06999969482422,125.02999877929688,125.91000366210938,5271000
2020-01-30,108.33575439453125,125.94999694824219,126.05999755859375,124.41999816894531,124.79000091552734,5894400
2020-01-31,107.19175720214844,124.62000274658203,126.94999694824219,124.45999908447266,125.98999786376953,6612900
2020-02-03,107.61320495605469,125.11000061035156,125.94999694824219,124.48999786376953,124.66000366210938,6052300
2020-02-04,108.08629608154297,125.66000366210938,127.3499984741211,125.36000061035156,125.70999908447266,6512200
2020-02-05,109.07545471191406,126.80999755859375,127.05999755859375,125.4000015258789,125.91000366210938,6125400
2020-02-06,109.35931396484375,127.13999938964844,128.08999633789062,126.5999984741211,126.9000015258789,9102700
2020-02-07,108.44754791259766,126.08000183105469,127.2699966430664,126.05000305175781,127.19000244140625,5915100
2020-02-10,108.52497100830078,126.16999816894531,126.83000183105469,125.76000213623047,126.45999908447266,5216100
2020-02-11,106.79607391357422,124.16000366210938,126.2699966430664,124.02999877929688,126.2699966430664,6105700
2020-02-12,106.18535614013672,123.44999694824219,123.97000122070312,122.8499984741211,123.68000030517578,6031700
2020-02-13,107.48417663574219,124.95999908447266,125.27999877929688,123.5199966430664,123.7300033569336,7159000
2020-02-14,108.4991683959961,126.13999938964844,126.1500015258789,124.79000091552734,125.29000091552734,5889100
2020-02-18,107.40676879882812,124.87000274658203,126.18000030517578,124.83000183105469,125.83000183105469,6767600
2020-02-19,107.89706420898438,125.44000244140625,126.47000122070312,124.6500015258789,124.8499984741211,4734000
2020-02-20,108.87762451171875,126.58000183105469,126.76000213623047,125.12999725341797,125.47000122070312,6094600
2020-02-21,108.9808578491211,126.69999694824219,128.07000732421875,125.9800033569336,126.12999725341797,8723900
2020-02-24,106.05634307861328,123.30000305175781,126.58999633789062,123.13999938964844,125.26000213623047,7533900
2020-02-25,104.44786071777344,121.43000030517578,123.95999908447266,120.87999725341797,123.0199966430664,8903200
2020-02-26,103.35547637939453,120.16000366210938,122.38999938964844,119.8499984741211,121.41999816894531,6894200
2020-02-27,97.62687683105469,113.5,119.91999816894531,113.43000030517578,119.12000274658203,13298900
2020-02-28,97.3946533203125,113.2300033569336,113.2300033569336,106.66999816894531,109.45999908447266,22784300
2020-03-02,102.83938598632812,119.55999755859375,119.79000091552734,112.55000305175781,113.19000244140625,12399800
2020-03-03,101.64379119873047,118.16999816894531,121.83999633789062,117.13999938964844,119.7300033569336,12510900
2020-03-04,107.0885238647461,124.5,124.69000244140625,119.5999984741211,119.87999725341797,9459300
2020-03-05,104.61988067626953,121.62999725341797,122.9000015258789,120.27999877929688,121.30000305175781,9363500
2020-03-06,104.64569091796875,121.66000366210938,122.61000061035156,117.55000305175781,118.02999877929688,9817400
2020-03-09,99.82886505126953,116.05999755859375,120.02999877929688,115.12000274658203,115.2699966430664,13116500
2020-03-10,103.69092559814453,120.55000305175781,120.81999969482422,114.44000244140625,118.95999908447266,11419100
2020-03-11,95.98399353027344,111.58999633789062,118.44000244140625,110.68000030517578,117.5999984741211,16456000
2020-03-12,87.59754180908203,101.83999633789062,111.58000183105469,101.0,103.0,20988000
2020-03-13,98.11714935302734,114.06999969482422,114.62999725341797,105.41000366210938,106.5,17378700
2020-03-16,93.32615661621094,108.5,115.94999694824219,101.0,101.75,17367400
2020-03-17,101.7039794921875,118.23999786376953,119.69999694824219,110.7699966430664,111.44999694824219,19451400
2020-03-18,101.02445983886719,117.44999694824219,121.5,112.08999633789062,113.0199966430664,23139200
2020-03-19,95.33029174804688,110.83000183105469,118.0,109.79000091552734,116.61000061035156,16428100
2020-03-20,88.10505676269531,102.43000030517578,109.69999694824219,101.58999633789062,109.19000244140625,19922900
2020-03-23,84.0365219116211,97.69999694824219,103.75,94.33999633789062,100.19000244140625,17776800
2020-03-24,88.82755279541016,103.2699966430664,104.0,96.06999969482422,101.2300033569336,14625500
2020-03-25,86.80620574951172,100.91999816894531,104.69999694824219,98.5999984741211,100.51000213623047,13789100
2020-03-26,92.36276245117188,107.37999725341797,108.30999755859375,102.52999877929688,103.87999725341797,15796000
2020-03-27,94.76258850097656,110.16999816894531,114.29000091552734,106.48999786376953,106.48999786376953,16073100
2020-03-30,98.91712188720703,115.0,115.79000091552734,110.19999694824219,113.9000015258789,14571600
2020-03-31,94.61637115478516,110.0,114.29000091552734,108.94999694824219,113.5,21691000
2020-04-01,94.04006958007812,109.33000183105469,112.18000030517578,107.0,107.94999694824219,11095800
2020-04-02,98.40100860595703,114.4000015258789,114.98999786376953,107.5,107.69000244140625,9168800
2020-04-03,98.98592376708984,115.08000183105469,115.9000015258789,113.01000213623047,113.73999786376953,7768700
2020-04-06,101.3341293334961,117.80999755859375,119.0,114.58000183105469,117.0,16848400
2020-04-07,96.99895477294922,112.7699966430664,120.05999755859375,112.5,116.70999908447266,14438400
2020-04-08,99.00310516357422,115.0999984741211,117.30000305175781,111.86000061035156,114.38999938964844,12564500
2020-04-09,98.62464904785156,114.66000366210938,118.66000366210938,114.19999694824219,115.26000213623047,12747300
2020-04-13,99.7342300415039,115.94999694824219,116.75,113.16000366210938,113.61000061035156,7926700
2020-04-14,104.04358673095703,120.95999908447266,121.47000122070312,116.25,118.76000213623047,10474200
2020-04-15,104.26722717285156,121.22000122070312,123.41999816894531,119.58999633789062,120.86000061035156,14192900
2020-04-16,104.5080795288086,121.5,122.5,119.9000015258789,122.3499984741211,12020200
2020-04-17,107.25193786621094,124.69000244140625,124.98999786376953,120.54000091552734,122.44999694824219,15899800
2020-04-20,103.73393249511719,120.5999984741211,123.2300033569336,120.54000091552734,121.47000122070312,10832000
2020-04-21,102.94258117675781,119.68000030517578,120.30000305175781,118.43000030517578,119.5,9465400
2020-04-22,102.7017593383789,119.4000015258789,120.27999877929688,118.77999877929688,119.98999786376953,10259400
2020-04-23,103.38668823242188,119.4000015258789,119.66999816894531,118.05000305175781,118.6500015258789,17277000
2020-04-24,102.84981536865234,118.77999877929688,119.76000213623047,118.62000274658203,119.0999984741211,12751100
2020-04-27,101.69818115234375,117.44999694824219,119.19000244140625,116.9000015258789,119.19000244140625,10635700
2020-04-28,101.21331024169922,116.88999938964844,117.91000366210938,116.16999816894531,117.0999984741211,9958000
2020-04-29,101.37782287597656,117.08000183105469,118.05000305175781,115.08000183105469,117.5199966430664,8707900
2020-04-30,102.06187438964844,117.87000274658203,118.27999877929688,115.66000366210938,115.91999816894531,10026400
2020-05-01,101.15269470214844,116.81999969482422,118.37000274658203,116.31999969482422,117.5999984741211,7366400
2020-05-04,100.24349975585938,115.7699966430664,117.19999694824219,115.0,117.08999633789062,5636000
2020-05-05,100.45130920410156,116.01000213623047,117.26000213623047,115.20999908447266,115.80000305175781,5425200
2020-05-06,97.93160247802734,113.0999984741211,116.13999938964844,112.88999938964844,115.54000091552734,7892200
2020-05-07,97.12632751464844,112.16999816894531,114.13999938964844,111.81999969482422,114.05999755859375,8762800
2020-05-08,100.39936828613281,115.94999694824219,116.30000305175781,113.38999938964844,113.5199966430664,9279900
2020-05-11,99.84520721435547,115.30999755859375,116.01000213623047,114.91999816894531,115.75,6947500
2020-05-12,99.1871337890625,114.55000305175781,115.9000015258789,114.13999938964844,115.19999694824219,6734400
2020-05-13,98.6416244506836,113.91999816894531,115.3499984741211,113.7300033569336,114.27999877929688,9312600
2020-05-14,98.54638671875,113.80999755859375,114.44999694824219,111.25,113.54000091552734,9310000
2020-05-15,99.23908996582031,114.61000061035156,114.79000091552734,112.05000305175781,113.93000030517578,10694800
2020-05-18,100.62451934814453,116.20999908447266,116.98999786376953,114.70999908447266,116.02999877929688,10020800
2020-05-19,97.36011505126953,112.44000244140625,115.63999938964844,112.33999633789062,115.08999633789062,8047600
2020-05-20,98.08746337890625,113.27999877929688,113.7699966430664,112.12999725341797,113.0,6593800
2020-05-21,96.65007781982422,111.62000274658203,113.19999694824219,111.43000030517578,112.80000305175781,6552700
2020-05-22,97.49864959716797,112.5999984741211,113.5999984741211,111.76000213623047,112.29000091552734,5571900
2020-05-26,97.00511932373047,112.02999877929688,114.1500015258789,111.68000030517578,114.1500015258789,10432400
2020-05-27,98.61566162109375,113.88999938964844,113.97000122070312,111.81999969482422,112.5,8279700
2020-05-28,100.49461364746094,116.05999755859375,116.98999786376953,114.9000015258789,115.52999877929688,6586700
2020-05-29,100.37339782714844,115.91999816894531,116.72000122070312,114.62000274658203,116.12999725341797,7868000
2020-06-01,101.52503204345703,117.25,117.5,115.26000213623047,116.0,5105600
2020-06-02,102.22639465332031,118.05999755859375,118.13999938964844,116.81999969482422,117.06999969482422,6327900
2020-06-03,102.63336944580078,118.52999877929688,119.19000244140625,117.94999694824219,118.0999984741211,6171000
2020-06-04,100.48596954345703,116.05000305175781,118.83000183105469,115.56999969482422,118.0,6895800
2020-06-05,102.460205078125,118.33000183105469,118.83000183105469,116.05000305175781,116.25,7337800
2020-06-08,103.08360290527344,119.05000305175781,119.12000274658203,116.83999633789062,117.44000244140625,6926700
2020-06-09,102.46882629394531,118.33999633789062,119.76000213623047,118.1500015258789,119.4000015258789,5563200
2020-06-10,103.23946380615234,119.2300033569336,119.88999938964844,118.11000061035156,119.0,6678200
2020-06-11,100.66780853271484,116.26000213623047,119.56999969482422,116.0,118.80999755859375,8937500
2020-06-12,100.11363983154297,115.62000274658203,118.05000305175781,115.26000213623047,116.58999633789062,7998500
2020-06-15,101.0401382446289,116.69000244140625,117.27999877929688,113.76000213623047,114.55000305175781,8786000
2020-06-16,102.28699493408203,118.12999725341797,118.97000122070312,116.93000030517578,118.52999877929688,8165200
2020-06-17,102.11383056640625,117.93000030517578,119.11000061035156,117.44000244140625,118.38999938964844,6320800
2020-06-18,103.28276824951172,119.27999877929688,119.95999908447266,117.37000274658203,117.45999908447266,6274400
2020-06-19,102.97106170654297,118.91999816894531,121.81999969482422,118.83000183105469,120.48999786376953,17506200
2020-06-22,101.95796203613281,117.75,119.08000183105469,117.33999633789062,118.77999877929688,5695600
2020-06-23,101.9406509399414,117.7300033569336,119.19000244140625,117.6500015258789,118.66999816894531,5340400
2020-06-24,100.80634307861328,116.41999816894531,117.95999908447266,116.27999877929688,117.22000122070312,6547800
2020-06-25,102.07919311523438,117.88999938964844,118.02999877929688,116.02999877929688,116.98999786376953,5489300
2020-06-26,99.77593994140625,115.2300033569336,118.47000122070312,115.04000091552734,117.58999633789062,23201700
2020-06-29,101.88004302978516,117.66000366210938,118.05000305175781,116.3499984741211,116.51000213623047,6866900
2020-06-30,103.53389739990234,119.56999969482422,119.98999786376953,117.80000305175781,117.97000122070312,7818000
2020-07-01,103.88888549804688,119.9800033569336,120.38999938964844,118.9000015258789,119.6500015258789,6501200
2020-07-02,104.66817474365234,120.87999725341797,122.56999969482422,120.52999877929688,121.0,6150900
2020-07-06,105.31759643554688,121.62999725341797,122.41000366210938,120.87999725341797,121.7699966430664,6023300
2020-07-07,105.82848358154297,122.22000122070312,123.25,120.88999938964844,121.30000305175781,6866300
2020-07-08,106.40861511230469,122.88999938964844,123.23999786376953,122.0,122.1500015258789,6494100
2020-07-09,106.0535888671875,122.4800033569336,123.9800033569336,121.80999755859375,122.81999969482422,5341000
2020-07-10,107.27449798583984,123.88999938964844,124.5,122.47000122070312,122.56999969482422,6752600
2020-07-13,107.41304779052734,124.05000305175781,125.58999633789062,123.33999633789062,124.0,7681500
2020-07-14,108.3135757446289,125.08999633789062,125.66000366210938,123.5,123.98999786376953,6272100
2020-07-15,107.80270385742188,124.5,126.9000015258789,124.26000213623047,125.9800033569336,8145000
2020-07-16,108.02783203125,124.76000213623047,125.5199966430664,123.91000366210938,125.08000183105469,3959300
2020-07-17,108.78116607666016,125.62999725341797,126.06999969482422,124.83000183105469,125.08999633789062,4868600
2020-07-20,108.44345092773438,125.23999786376953,125.83999633789062,124.79000091552734,125.47000122070312,4242100
2020-07-21,108.29623413085938,125.06999969482422,126.63999938964844,124.91999816894531,125.48999786376953,5162300
2020-07-22,109.2227554321289,126.13999938964844,126.4000015258789,124.20999908447266,125.5,5929200
2020-07-23,109.92941284179688,126.16000366210938,127.18000030517578,125.5999984741211,126.12000274658203,6664800
2020-07-24,109.7551498413086,125.95999908447266,127.7699966430664,125.31999969482422,126.98999786376953,6014200
2020-07-27,110.06881713867188,126.31999969482422,126.63999938964844,125.54000091552734,125.70999908447266,6464600
2020-07-28,111.42813110351562,127.87999725341797,128.4600067138672,126.29000091552734,126.37000274658203,7644400
2020-07-29,111.80281829833984,128.30999755859375,129.24000549316406,127.36000061035156,127.55999755859375,6702000
2020-07-30,114.51271057128906,131.4199981689453,132.02999877929688,129.64999389648438,130.66000366210938,10400700
2020-07-31,114.25127410888672,131.1199951171875,131.2100067138672,129.27000427246094,130.66000366210938,8487000
2020-08-03,114.39942932128906,131.2899932861328,131.9199981689453,130.47000122070312,130.47000122070312,7769400
2020-08-04,116.57780456542969,133.7899932861328,133.92999267578125,130.6999969482422,130.77000427246094,7773700
2020-08-05,116.27281188964844,133.44000244140625,134.64999389648438,133.1199951171875,133.58999633789062,5680000
2020-08-06,115.63672637939453,132.7100067138672,133.3699951171875,132.1199951171875,132.85000610351562,3974100
2020-08-07,116.36866760253906,133.5500030517578,133.63999938964844,132.4499969482422,132.88999938964844,4934900
2020-08-10,116.84793090820312,134.10000610351562,134.44000244140625,133.19000244140625,133.6999969482422,5812700
2020-08-11,116.08983612060547,133.22999572753906,134.74000549316406,132.7899932861328,134.27000427246094,5329900
2020-08-12,118.0329818725586,135.4600067138672,135.97000122070312,133.6999969482422,133.77000427246094,5920400
2020-08-13,118.31180572509766,135.77999877929688,135.8699951171875,134.92999267578125,135.0800018310547,4989500
2020-08-14,117.71927642822266,135.10000610351562,135.63999938964844,134.5500030517578,135.61000061035156,5845200
2020-08-17,118.06781005859375,135.5,135.6999969482422,134.66000366210938,134.94000244140625,5603800
2020-08-18,118.9478759765625,136.50999450683594,137.52000427246094,135.4199981689453,135.80999755859375,8670700
2020-08-19,118.3031005859375,135.77000427246094,136.32000732421875,135.5,135.5399932861328,6827700
2020-08-20,119.24414825439453,136.85000610351562,136.97999572753906,135.19000244140625,135.24000549316406,4352200
2020-08-21,119.75823974609375,137.44000244140625,138.10000610351562,135.91000366210938,136.60000610351562,5706600
2020-08-24,120.69056701660156,138.50999450683594,138.77999877929688,137.1999969482422,137.49000549316406,7420500
2020-08-25,121.16980743408203,139.05999755859375,139.14999389648438,137.8000030517578,139.0,4718300
2020-08-26,120.58600616455078,138.38999938964844,139.32000732421875,138.25,138.57000732421875,4746200
2020-08-27,120.42916870117188,138.2100067138672,139.69000244140625,138.17999267578125,138.83999633789062,6156100
2020-08-28,120.91712951660156,138.77000427246094,138.91000366210938,136.9499969482422,138.32000732421875,4166300
2020-08-31,120.53372192382812,138.3300018310547,138.72999572753906,137.82000732421875,138.19000244140625,5596800
2020-09-01,120.40301513671875,138.17999267578125,138.22000122070312,137.07000732421875,137.86000061035156,5671800
2020-09-02,122.43326568603516,140.50999450683594,141.44000244140625,137.61000061035156,138.11000061035156,8384800
2020-09-03,120.47270965576172,138.25999450683594,141.6999969482422,137.08999633789062,140.74000549316406,7277900
2020-09-04,120.21131134033203,137.9600067138672,139.19000244140625,136.1199951171875,137.80999755859375,7437700
2020-09-08,118.45120239257812,135.94000244140625,138.63999938964844,135.0399932861328,138.52000427246094,6847500
2020-09-09,120.37687683105469,138.14999389648438,139.55999755859375,136.27000427246094,136.4199981689453,6002900
2020-09-10,119.11343383789062,136.6999969482422,138.72000122070312,136.50999450683594,138.1199951171875,5242500
2020-09-11,120.36817169189453,138.13999938964844,138.66000366210938,137.16000366210938,137.69000244140625,4398000
2020-09-14,120.79513549804688,138.6300048828125,139.5800018310547,138.3300018310547,138.44000244140625,4767400
2020-09-15,120.79513549804688,138.6300048828125,139.77000427246094,138.38999938964844,138.7899932861328,4046500
2020-09-16,119.98478698730469,137.6999969482422,140.1699981689453,137.60000610351562,139.57000732421875,6049900
2020-09-17,119.82794189453125,137.52000427246094,137.8800048828125,136.19000244140625,137.05999755859375,4648500
2020-09-18,119.69722747802734,137.3699951171875,137.92999267578125,136.25999450683594,136.91000366210938,10192800
2020-09-21,119.12214660644531,136.7100067138672,137.47000122070312,134.6999969482422,137.0,7092600
2020-09-22,120.21131134033203,137.9600067138672,139.02999877929688,136.24000549316406,136.49000549316406,4722800
2020-09-23,118.77359008789062,136.30999755859375,138.4199981689453,136.08999633789062,138.4199981689453,6373700
2020-09-24,119.30513763427734,136.9199981689453,137.14999389648438,135.7100067138672,136.6699981689453,5708200
2020-09-25,119.91504669189453,137.6199951171875,137.99000549316406,135.88999938964844,135.88999938964844,4969900
2020-09-28,120.25489044189453,138.00999450683594,139.94000244140625,137.77999877929688,138.55999755859375,5810800
2020-09-29,119.60137176513672,137.25999450683594,138.4199981689453,136.66000366210938,138.38999938964844,4492100
2020-09-30,121.10882568359375,138.99000549316406,139.85000610351562,137.80999755859375,138.16000366210938,8727800
2020-10-01,121.3266830444336,139.24000549316406,139.99000549316406,138.2100067138672,139.5800018310547,5713400
2020-10-02,120.35073852539062,138.1199951171875,139.1199951171875,136.9499969482422,137.92999267578125,6077900
2020-10-05,121.45735168457031,139.38999938964844,139.64999389648438,138.3000030517578,138.72000122070312,6333900
2020-10-06,121.64907836914062,139.61000061035156,140.77000427246094,138.80999755859375,139.4199981689453,6042900
2020-10-07,122.59882354736328,140.6999969482422,141.38999938964844,139.3699951171875,140.0800018310547,4640900
2020-10-08,123.42665100097656,141.64999389648438,141.92999267578125,140.36000061035156,140.55999755859375,4569800
2020-10-09,124.533203125,142.9199981689453,143.63999938964844,141.6999969482422,141.83999633789062,6551700
2020-10-12,125.90123748779297,144.49000549316406,145.3300018310547,143.3300018310547,143.3300018310547,5791500
2020-10-13,125.65727233886719,144.2100067138672,144.83999633789062,143.4600067138672,143.82000732421875,4509400
2020-10-14,125.5091323852539,144.0399932861328,145.10000610351562,143.0800018310547,144.17999267578125,3860700
2020-10-15,125.3261489868164,143.8300018310547,144.38999938964844,142.88999938964844,143.05999755859375,4997100
2020-10-16,125.81409454345703,144.38999938964844,145.8699951171875,143.9199981689453,144.4199981689453,6806100
2020-10-19,123.65315246582031,141.91000366210938,145.38999938964844,141.1300048828125,144.47000122070312,6427600
2020-10-20,124.14979553222656,142.47999572753906,145.69000244140625,141.89999389648438,145.61000061035156,7582100
2020-10-21,124.82073974609375,143.25,144.33999633789062,142.47000122070312,142.49000549316406,5649700
2020-10-22,123.93670654296875,141.4499969482422,142.75,141.0800018310547,141.49000549316406,4502900
2020-10-23,124.75154113769531,142.3800048828125,142.8800048828125,141.75999450683594,141.75999450683594,4278100
2020-10-26,123.80524444580078,141.3000030517578,142.0500030517578,140.00999450683594,141.5,5315500
2020-10-27,124.73401641845703,142.36000061035156,143.33999633789062,141.64999389648438,141.94000244140625,6806700
2020-10-28,120.61597442626953,137.66000366210938,140.94000244140625,137.30999755859375,140.4499969482422,8192200
2020-10-29,120.53709411621094,137.57000732421875,139.08999633789062,135.8000030517578,137.35000610351562,5476900
2020-10-30,120.12528991699219,137.10000610351562,137.99000549316406,134.67999267578125,137.17999267578125,6422000
2020-11-02,121.35193634033203,138.5,140.0,137.44000244140625,138.50999450683594,6682800
2020-11-03,123.73515319824219,141.22000122070312,142.66000366210938,139.32000732421875,139.32000732421875,6244200
2020-11-04,123.22698211669922,140.63999938964844,143.0,140.27000427246094,140.4600067138672,5820600
2020-11-05,124.75154113769531,142.3800048828125,143.52999877929688,141.77999877929688,142.44000244140625,5673100
2020-11-06,125.49629974365234,143.22999572753906,144.07000732421875,142.3800048828125,142.6699981689453,4702300
2020-11-09,120.90507507324219,137.99000549316406,146.9199981689453,137.60000610351562,146.14999389648438,12664700
2020-11-10,122.89400482177734,140.25999450683594,140.6199951171875,137.14999389648438,138.10000610351562,7854000
2020-11-11,124.47990417480469,142.07000732421875,143.0,140.64999389648438,141.85000610351562,5554300
2020-11-12,124.55000305175781,142.14999389648438,142.5500030517578,141.07000732421875,142.2899932861328,5631700
2020-11-13,126.41629791259766,144.27999877929688,144.47999572753906,141.8800048828125,142.2100067138672,6466800
2020-11-16,124.79535675048828,142.42999267578125,144.77999877929688,141.25999450683594,144.77999877929688,7976600
2020-11-17,124.31343841552734,141.8800048828125,143.47000122070312,141.75,141.88999938964844,6396800
2020-11-18,122.40336608886719,139.6999969482422,142.10000610351562,139.66000366210938,141.99000549316406,6097100
2020-11-19,122.25439453125,139.52999877929688,140.1199951171875,138.4499969482422,139.8699951171875,5284100
2020-11-20,122.05286407470703,139.3000030517578,140.35000610351562,138.6300048828125,139.52999877929688,4726900
2020-11-23,121.5797348022461,138.75999450683594,139.9499969482422,137.86000061035156,139.32000732421875,4770600
2020-11-24,121.18547821044922,138.30999755859375,139.83999633789062,138.07000732421875,138.8300018310547,7101800
2020-11-25,121.50965881347656,138.67999267578125,139.38999938964844,138.0399932861328,138.16000366210938,8411300
2020-11-27,121.44834899902344,138.61000061035156,138.88999938964844,137.52999877929688,138.58999633789062,4252200
2020-11-30,121.67610931396484,138.8699951171875,139.1999969482422,136.74000549316406,138.0,11640400
2020-12-01,122.11418914794922,139.3699951171875,139.5399932861328,138.16000366210938,139.16000366210938,7169700
2020-12-02,121.2292709350586,138.36000061035156,139.94000244140625,137.49000549316406,139.3699951171875,6963000
2020-12-03,120.33557891845703,137.33999633789062,138.35000610351562,135.5399932861328,138.08999633789062,8742500
2020-12-04,120.4494400024414,137.47000122070312,137.86000061035156,135.8699951171875,137.2100067138672,6617200
2020-12-07,120.63346862792969,137.67999267578125,137.74000549316406,136.55999755859375,136.61000061035156,6918000
2020-12-08,120.95764923095703,138.0500030517578,138.77999877929688,136.42999267578125,137.02000427246094,6493500
2020-12-09,119.52070617675781,136.41000366210938,138.0399932861328,136.25,137.8300018310547,6773400
2020-12-10,118.7321548461914,135.50999450683594,136.9199981689453,135.0399932861328,136.52000427246094,6800500
2020-12-11,119.60832977294922,136.50999450683594,136.8000030517578,134.1999969482422,134.4600067138672,6548000
2020-12-14,119.03004455566406,135.85000610351562,137.92999267578125,135.77000427246094,137.02000427246094,6485300
2020-12-15,119.73099517822266,136.64999389648438,137.5399932861328,136.24000549316406,136.38999938964844,5397000
2020-12-16,120.27425384521484,137.27000427246094,138.27000427246094,136.7100067138672,136.7100067138672,5382500
2020-12-17,121.13285827636719,138.25,139.1199951171875,137.9499969482422,138.00999450683594,7405300
2020-12-18,121.82508087158203,139.0399932861328,140.07000732421875,137.4499969482422,138.25999450683594,19988800
2020-12-21,120.49327850341797,137.52000427246094,138.42999267578125,136.22000122070312,137.9600067138672,6732400
2020-12-22,119.64337921142578,136.5500030517578,138.07000732421875,136.3800048828125,137.2899932861328,5023100
2020-12-23,119.45938873291016,136.33999633789062,137.5500030517578,136.1300048828125,137.38999938964844,6004200
2020-12-24,120.66851806640625,137.72000122070312,138.1300048828125,136.1999969482422,136.1999969482422,2588200
2020-12-28,121.50965881347656,138.67999267578125,139.38999938964844,137.9499969482422,138.14999389648438,3714700
2020-12-29,121.28185272216797,138.4199981689453,139.94000244140625,138.1999969482422,139.22000122070312,5139300
2020-12-30,120.71231079101562,137.77000427246094,138.9199981689453,137.5500030517578,138.60000610351562,3261400
2020-12-31,121.91268920898438,139.13999938964844,139.2899932861328,137.38999938964844,138.30999755859375,4076400
2021-01-04,120.75615692138672,137.82000732421875,139.86000061035156,136.35000610351562,139.66000366210938,8330900
2021-01-05,121.52718353271484,138.6999969482422,138.9199981689453,136.27000427246094,137.99000549316406,6856400
2021-01-06,122.80638885498047,140.16000366210938,141.0399932861328,138.60000610351562,138.77000427246094,10578000
2021-01-07,121.65862274169922,138.85000610351562,140.1300048828125,138.0399932861328,139.75,7355400
2021-01-08,121.60604095458984,138.7899932861328,139.05999755859375,137.0,138.47000122070312,7448500
2021-01-11,120.78242492675781,137.85000610351562,139.44000244140625,137.60000610351562,138.75,7239900
2021-01-12,120.08149719238281,137.0500030517578,138.25,136.24000549316406,137.85000610351562,6333500
2021-01-13,120.26546478271484,137.25999450683594,138.07000732421875,137.10000610351562,137.10000610351562,6078800
2021-01-14,118.98625946044922,135.8000030517578,137.64999389648438,135.27999877929688,137.42999267578125,6172800
2021-01-15,118.09253692626953,134.77999877929688,136.1999969482422,134.66000366210938,135.25,7757600
2021-01-19,117.05863952636719,133.60000610351562,136.36000061035156,133.55999755859375,135.6999969482422,9184900
2021-01-20,115.59538269042969,131.92999267578125,133.8000030517578,131.25999450683594,132.52999877929688,12506600
2021-01-21,115.48167419433594,131.00999450683594,131.99000549316406,130.50999450683594,130.64999389648438,8761600
2021-01-22,114.59139251708984,130.0,131.47000122070312,129.99000549316406,131.02000427246094,7202800
2021-01-25,116.56590270996094,132.24000549316406,133.0,129.89999389648438,129.9499969482422,9640000
2021-01-26,117.31513977050781,133.08999633789062,133.47000122070312,131.42999267578125,132.25,5996700
2021-01-27,113.16342163085938,128.3800048828125,133.10000610351562,127.69999694824219,132.38999938964844,10826700
2021-01-28,114.90872192382812,130.36000061035156,131.64999389648438,127.44000244140625,127.83999633789062,8242000
2021-01-29,113.01355743408203,128.2100067138672,130.2899932861328,128.07000732421875,130.19000244140625,8344100
2021-02-01,113.68348693847656,128.97000122070312,129.66000366210938,128.1999969482422,129.0,6534200
2021-02-02,113.52481842041016,128.7899932861328,130.72000122070312,128.69000244140625,129.60000610351562,6825600
2021-02-03,113.66584777832031,128.9499969482422,129.1999969482422,127.75,128.9499969482422,7309400
2021-02-04,113.73638153076172,129.02999877929688,129.4600067138672,128.5800018310547,129.3800048828125,6613700
2021-02-05,114.21237182617188,129.57000732421875,130.10000610351562,129.02999877929688,129.1199951171875,5063700
2021-02-08,113.85977172851562,129.1699981689453,130.10000610351562,128.11000061035156,129.92999267578125,7011200
2021-02-09,113.41902923583984,128.6699981689453,129.94000244140625,128.22999572753906,129.4600067138672,5917800
2021-02-10,113.02237701416016,128.22000122070312,129.16000366210938,127.95999908447266,128.75,8594100
2021-02-11,113.11933135986328,128.3300018310547,129.3300018310547,128.2100067138672,128.5399932861328,6139200
2021-02-12,112.4935073852539,127.62000274658203,128.1300048828125,126.58000183105469,128.0,8407300
2021-02-16,112.75791931152344,127.91999816894531,128.1699981689453,126.98999786376953,127.97000122070312,8246000
2021-02-17,113.23394012451172,128.4600067138672,129.49000549316406,127.11000061035156,127.19000244140625,8845200
2021-02-18,114.17711639404297,129.52999877929688,129.85000610351562,127.58999633789062,127.80999755859375,6936400
2021-02-19,112.05274200439453,127.12000274658203,129.44000244140625,127.0199966430664,129.35000610351562,8277900
2021-02-22,111.57676696777344,126.58000183105469,127.23999786376953,126.37999725341797,126.79000091552734,6975500
2021-02-23,112.40534210205078,127.5199966430664,129.92999267578125,127.19000244140625,127.77999877929688,10145300
2021-02-24,112.52874755859375,127.66000366210938,128.24000549316406,126.91000366210938,127.3499984741211,7263000
2021-02-25,111.57676696777344,126.58000183105469,128.99000549316406,126.29000091552734,127.48999786376953,7790800
2021-02-26,108.88827514648438,123.52999877929688,126.93000030517578,121.81999969482422,126.54000091552734,17718800
2021-03-01,109.55818176269531,124.29000091552734,125.48999786376953,124.0,124.16000366210938,7740200
2021-03-02,109.21442413330078,123.9000015258789,124.86000061035156,123.43000030517578,123.87000274658203,10206500
2021-03-03,108.5621337890625,123.16000366210938,124.19999694824219,122.79000091552734,123.7699966430664,7537000
2021-03-04,107.67182922363281,122.1500015258789,124.7699966430664,121.54000091552734,123.0999984741211,10228100
2021-03-05,111.0478744506836,125.9800033569336,126.33000183105469,122.55000305175781,122.76000213623047,10490900
2021-03-08,112.22024536132812,127.30999755859375,128.89999389648438,125.31999969482422,125.76000213623047,9224700
2021-03-09,111.22416687011719,126.18000030517578,128.9199981689453,126.05999755859375,127.6500015258789,8859700
2021-03-10,112.24666595458984,127.33999633789062,128.4199981689453,125.47000122070312,126.1500015258789,9070900
2021-03-11,111.86766052246094,126.91000366210938,127.8499984741211,126.72000122070312,127.12999725341797,6941500
2021-03-12,112.95185089111328,128.13999938964844,128.82000732421875,127.6500015258789,127.6500015258789,6521900
2021-03-15,113.32207489013672,128.55999755859375,129.0399932861328,127.19000244140625,128.38999938964844,7172600
2021-03-16,113.65704345703125,128.94000244140625,129.97999572753906,128.50999450683594,128.50999450683594,6485200
2021-03-17,113.19869232177734,128.4199981689453,129.83999633789062,128.35000610351562,129.11000061035156,6192900
2021-03-18,113.44547271728516,128.6999969482422,129.0399932861328,127.04000091552734,128.2100067138672,6871300
2021-03-19,112.83727264404297,128.00999450683594,129.74000549316406,127.9000015258789,129.10000610351562,20262100
2021-03-22,114.75006866455078,130.17999267578125,130.88999938964844,128.00999450683594,128.00999450683594,8077600
2021-03-23,116.88322448730469,132.60000610351562,133.2899932861328,129.99000549316406,130.41000366210938,9503800
2021-03-24,116.84796905517578,132.55999755859375,133.13999938964844,130.6199951171875,130.94000244140625,8318000
2021-03-25,117.65890502929688,133.47999572753906,133.6199951171875,132.0500030517578,133.08999633789062,7517300
2021-03-26,119.3954086303711,135.4499969482422,135.61000061035156,132.47999572753906,133.22000122070312,10821200
2021-03-29,121.26414489746094,137.57000732421875,137.60000610351562,135.0,135.0,11176000
2021-03-30,119.3954086303711,135.4499969482422,137.0,135.13999938964844,136.61000061035156,8090600
2021-03-31,119.3777847290039,135.42999267578125,136.75,135.25999450683594,135.67999267578125,9202600
2021-04-01,118.36408233642578,134.27999877929688,135.47999572753906,133.3300018310547,135.0500030517578,9117800
2021-04-05,120.27688598632812,136.4499969482422,137.25,134.72999572753906,134.9600067138672,8279100
2021-04-06,120.32096862792969,136.5,137.02000427246094,135.63999938964844,136.0,6180600
2021-04-07,120.53251647949219,136.74000549316406,137.3300018310547,136.25,137.1199951171875,10244500
2021-04-08,120.99088287353516,137.25999450683594,137.6300048828125,136.58999633789062,136.89999389648438,6190300
2021-04-09,120.20636749267578,136.3699951171875,137.27000427246094,135.55999755859375,136.50999450683594,5855400
2021-04-12,120.69121551513672,136.9199981689453,137.0399932861328,135.7100067138672,136.5,6440900
2021-04-13,119.09573364257812,135.11000061035156,136.38999938964844,134.83999633789062,136.02000427246094,9161200
2021-04-14,119.52765655517578,135.60000610351562,135.7899932861328,134.5800018310547,135.52000427246094,7584000
2021-04-15,120.97323608398438,137.24000549316406,137.75999450683594,135.8699951171875,135.97000122070312,7945300
2021-04-16,120.9820556640625,137.25,137.89999389648438,136.8800048828125,137.61000061035156,7708500
2021-04-19,120.41793060302734,136.61000061035156,137.0800018310547,135.38999938964844,136.94000244140625,9149400
2021-04-20,121.42280578613281,137.75,138.58999633789062,133.52999877929688,134.83999633789062,10040500
2021-04-21,120.62950134277344,136.85000610351562,138.57000732421875,136.60000610351562,137.88999938964844,8465900
2021-04-22,119.43186950683594,134.6300048828125,135.7899932861328,134.05999755859375,135.3699951171875,7338300
2021-04-23,118.81979370117188,133.94000244140625,135.0800018310547,133.25,134.92999267578125,6708300
2021-04-26,116.44230651855469,131.25999450683594,133.75999450683594,131.1699981689453,133.49000549316406,9910600
2021-04-27,116.371337890625,131.17999267578125,131.88999938964844,130.2899932861328,131.24000549316406,8296800
2021-04-28,116.56649780273438,131.39999389648438,131.85000610351562,130.8800048828125,131.7100067138672,6262800
2021-04-29,117.55118560791016,132.50999450683594,132.99000549316406,131.30999755859375,131.30999755859375,6786800
2021-04-30,118.35845184326172,133.4199981689453,133.6699981689453,132.25999450683594,132.75,9188600
2021-05-03,119.76011657714844,135.0,135.67999267578125,134.02999877929688,134.02999877929688,8070300
2021-05-04,119.3520278930664,134.5399932861328,135.8300018310547,134.2100067138672,134.97999572753906,9624000
2021-05-05,118.39396667480469,133.4600067138672,134.97000122070312,133.3699951171875,134.3699951171875,8295900
2021-05-06,119.88427734375,135.13999938964844,135.3699951171875,133.9199981689453,134.00999450683594,9771100
2021-05-07,119.89318084716797,135.14999389648438,136.02999877929688,134.75999450683594,135.0800018310547,6299100
2021-05-10,122.12872314453125,137.6699981689453,138.4199981689453,135.69000244140625,135.88999938964844,8852700
2021-05-11,121.52548217773438,136.99000549316406,138.7899932861328,136.47000122070312,138.49000549316406,10973700
2021-05-12,120.23912811279297,135.5399932861328,137.0,135.49000549316406,136.49000549316406,8853700
2021-05-13,122.17308044433594,137.72000122070312,138.52999877929688,135.38999938964844,135.88999938964844,8753600
2021-05-14,122.43030548095703,138.00999450683594,139.10000610351562,137.6699981689453,137.6699981689453,5989500
2021-05-17,122.1819076538086,137.72999572753906,139.07000732421875,137.61000061035156,137.97000122070312,7690700
2021-05-18,120.93107604980469,136.32000732421875,137.8300018310547,136.14999389648438,136.4600067138672,9239100
2021-05-19,121.17948913574219,136.60000610351562,136.8300018310547,135.58999633789062,136.05999755859375,9806800
2021-05-20,122.42146301269531,138.0,138.7100067138672,136.72000122070312,136.7899932861328,8768200
2021-05-21,122.42146301269531,138.0,138.94000244140625,137.77999877929688,138.1999969482422,10161000
2021-05-24,122.38594818115234,137.9600067138672,138.8000030517578,137.72999572753906,138.0,6981300
2021-05-25,122.80290985107422,138.42999267578125,138.47999572753906,136.75,138.0500030517578,8142400
2021-05-26,122.52788543701172,138.1199951171875,138.86000061035156,137.8699951171875,138.7899932861328,8122900
2021-05-27,119.74234008789062,134.97999572753906,138.27999877929688,134.66000366210938,138.1199951171875,33095700
2021-05-28,119.6270523071289,134.85000610351562,136.1300048828125,134.63999938964844,135.14999389648438,10477100
2021-06-01,117.87942504882812,132.8800048828125,136.0,132.47999572753906,135.7899932861328,9993900
2021-06-02,118.39396667480469,133.4600067138672,133.6300048828125,132.52000427246094,133.0,8254100
2021-06-03,120.51415252685547,135.85000610351562,135.91000366210938,133.1999969482422,133.22999572753906,11249800
2021-06-04,120.60286712646484,135.9499969482422,136.6199951171875,135.39999389648438,135.6999969482422,6894400
2021-06-07,121.01980590820312,136.4199981689453,136.83999633789062,135.67999267578125,136.36000061035156,8418000
2021-06-08,119.61817932128906,134.83999633789062,136.75,134.75,136.67999267578125,6911500
2021-06-09,119.5738296508789,134.7899932861328,136.44000244140625,134.74000549316406,135.5500030517578,6200700
2021-06-10,120.46092987060547,135.7899932861328,136.35000610351562,134.6199951171875,135.02000427246094,6515500
2021-06-11,119.63590240478516,134.86000061035156,135.8699951171875,133.89999389648438,135.75,10641400
2021-06-14,119.68026733398438,134.91000366210938,135.02999877929688,133.9600067138672,134.97999572753906,6302000
2021-06-15,119.44962310791016,134.64999389648438,135.63999938964844,134.5500030517578,135.1999969482422,5543400
2021-06-16,117.79071807861328,132.77999877929688,135.5800018310547,132.64999389648438,135.17999267578125,8936400
2021-06-17,118.8641357421875,133.99000549316406,134.16000366210938,132.64999389648438,132.82000732421875,7875600
2021-06-18,117.1253890991211,132.02999877929688,133.35000610351562,131.94000244140625,133.33999633789062,13997600
2021-06-21,118.04800415039062,133.07000732421875,133.25999450683594,132.39999389648438,132.69000244140625,8014800
2021-06-22,118.09233093261719,133.1199951171875,134.02000427246094,132.8800048828125,133.0399932861328,6550900
2021-06-23,117.92378997802734,132.92999267578125,133.36000061035156,132.32000732421875,132.9499969482422,5796000
2021-06-24,118.00364685058594,133.02000427246094,133.30999755859375,132.6999969482422,132.9499969482422,6056700
2021-06-25,119.68914031982422,134.9199981689453,135.5399932861328,132.9499969482422,133.25999450683594,24504900
2021-06-28,120.04398345947266,135.32000732421875,136.16000366210938,134.75999450683594,134.89999389648438,6065400
2021-06-29,119.22785186767578,134.39999389648438,135.8300018310547,133.82000732421875,135.50999450683594,5792300
2021-06-30,119.69801330566406,134.92999267578125,135.2899932861328,134.2899932861328,134.5800018310547,5776600
2021-07-01,119.97300720214844,135.24000549316406,136.13999938964844,134.9199981689453,135.42999267578125,5922300
2021-07-02,120.55850982666016,135.89999389648438,136.63999938964844,135.4199981689453,135.60000610351562,5572000
2021-07-06,120.62948608398438,135.97999572753906,136.3000030517578,135.36000061035156,135.52000427246094,6534400
2021-07-07,121.53430938720703,137.0,137.58999633789062,136.02999877929688,136.02999877929688,5532700
2021-07-08,121.5165786743164,136.97999572753906,137.39999389648438,135.88999938964844,136.99000549316406,7585200
2021-07-09,121.5609359741211,137.02999877929688,137.64999389648438,136.83999633789062,137.24000549316406,5948700
2021-07-12,121.65853881835938,137.13999938964844,137.47000122070312,136.42999267578125,136.89999389648438,6807300
2021-07-13,121.50772857666016,136.97000122070312,137.57000732421875,136.38999938964844,136.38999938964844,5603800
2021-07-14,122.4037094116211,137.97999572753906,138.22999572753906,136.3699951171875,137.00999450683594,5903600
2021-07-15,123.4505386352539,139.16000366210938,139.25999450683594,137.6999969482422,138.00999450683594,7357100
2021-07-16,124.6480941772461,140.50999450683594,140.77999877929688,139.11000061035156,139.3000030517578,9346300
2021-07-19,124.58600616455078,140.44000244140625,141.8699951171875,138.80999755859375,140.32000732421875,9544100
2021-07-20,123.92066192626953,139.69000244140625,141.97999572753906,139.63999938964844,140.44000244140625,8136300
2021-07-21,123.48596954345703,139.1999969482422,140.1999969482422,138.99000549316406,139.9499969482422,6954700
2021-07-22,123.01284790039062,137.8000030517578,138.3300018310547,136.7100067138672,137.2899932861328,6013800
2021-07-23,124.78929901123047,139.7899932861328,139.97999572753906,137.0800018310547,137.47999572753906,7906000
2021-07-26,125.22674560546875,140.27999877929688,140.82000732421875,139.22000122070312,139.6199951171875,5925800
2021-07-27,125.73556518554688,140.85000610351562,141.6199951171875,140.0,140.14999389648438,7075400
2021-07-28,123.86983489990234,138.75999450683594,140.6699981689453,138.7100067138672,140.6699981689453,8520000
2021-07-29,124.5125961303711,139.47999572753906,140.17999267578125,138.72999572753906,139.75999450683594,5430500
2021-07-30,126.96747589111328,142.22999572753906,144.5399932861328,141.5500030517578,142.0,14394300
2021-08-02,126.65499877929688,141.8800048828125,142.42999267578125,140.8000030517578,141.77000427246094,7009500
2021-08-03,128.50289916992188,143.9499969482422,144.2100067138672,141.52000427246094,141.86000061035156,8455700
2021-08-04,127.14603424072266,142.42999267578125,144.08999633789062,142.35000610351562,143.0399932861328,6628000
2021-08-05,127.2085189819336,142.5,143.5500030517578,141.47000122070312,143.35000610351562,5363300
2021-08-06,126.23548126220703,141.41000366210938,143.1199951171875,141.22000122070312,143.02999877929688,6030100
2021-08-09,126.92282104492188,142.17999267578125,142.58999633789062,141.6999969482422,141.9499969482422,4743800
2021-08-10,127.00320434570312,142.27000427246094,142.50999450683594,141.66000366210938,141.91000366210938,5253500
2021-08-11,127.31565856933594,142.6199951171875,143.24000549316406,142.47000122070312,142.74000549316406,4205000
2021-08-12,127.61024475097656,142.9499969482422,143.14999389648438,142.35000610351562,143.14999389648438,4956100
2021-08-13,128.2261505126953,143.63999938964844,143.99000549316406,142.69000244140625,142.9499969482422,4888800
2021-08-16,129.1188507080078,144.63999938964844,144.69000244140625,143.3800048828125,143.6699981689453,6040800
2021-08-17,129.3331298828125,144.8800048828125,145.60000610351562,143.88999938964844,144.39999389648438,7577000
2021-08-18,127.92266082763672,143.3000030517578,144.8800048828125,143.17999267578125,144.6999969482422,7162000
2021-08-19,129.43128967285156,144.99000549316406,145.27999877929688,143.16000366210938,143.16000366210938,5787200
2021-08-20,129.5205535888672,145.08999633789062,145.97999572753906,144.77999877929688,145.25,5273800
2021-08-23,128.86000061035156,144.35000610351562,145.33999633789062,144.22999572753906,144.2899932861328,4522200
2021-08-24,127.81554412841797,143.17999267578125,144.14999389648438,142.97999572753906,144.00999450683594,4560400
2021-08-25,127.36027526855469,142.6699981689453,143.1300048828125,142.25,143.07000732421875,3861500
2021-08-26,127.1370849609375,142.4199981689453,142.7100067138672,141.47000122070312,142.55999755859375,4749400
2021-08-27,127.03889465332031,142.30999755859375,142.77000427246094,141.63999938964844,142.47999572753906,4741200
2021-08-30,127.59233093261719,142.92999267578125,142.99000549316406,142.0500030517578,142.60000610351562,3845800
2021-08-31,127.11031341552734,142.38999938964844,143.52999877929688,142.0500030517578,143.0399932861328,9642400
2021-09-01,128.40472412109375,143.83999633789062,144.19000244140625,142.22999572753906,142.3300018310547,6214200
2021-09-02,128.50289916992188,143.9499969482422,144.72999572753906,143.5800018310547,143.97000122070312,5392500
2021-09-03,128.5921630859375,144.0500030517578,144.3699951171875,143.52000427246094,143.75999450683594,5466400
2021-09-07,128.11013793945312,143.50999450683594,144.5,143.2899932861328,144.32000732421875,6520600
2021-09-08,129.08316040039062,144.60000610351562,144.94000244140625,143.00999450683594,143.0800018310547,6897800
2021-09-09,128.53863525390625,143.99000549316406,144.8800048828125,143.64999389648438,144.57000732421875,6354700
2021-09-10,128.66358947753906,144.1300048828125,144.4600067138672,143.32000732421875,144.05999755859375,5750000
2021-09-13,130.04727172851562,145.67999267578125,147.22999572753906,144.85000610351562,144.85000610351562,9952500
2021-09-14,129.82406616210938,145.42999267578125,146.36000061035156,144.9499969482422,146.1300048828125,5831800
2021-09-15,129.54737854003906,145.1199951171875,145.77000427246094,144.74000549316406,145.35000610351562,6237100
2021-09-16,128.645751953125,144.11000061035156,145.19000244140625,142.82000732421875,144.83999633789062,6142100
2021-09-17,128.85104370117188,144.33999633789062,146.27999877929688,144.22999572753906,144.3699951171875,18737400
2021-09-20,127.55664825439453,142.88999938964844,144.85000610351562,141.97000122070312,144.22000122070312,10238700
2021-09-21,127.75304412841797,143.11000061035156,144.52999877929688,142.8800048828125,142.97999572753906,6651300
2021-09-22,128.19046020507812,143.60000610351562,144.35000610351562,142.86000061035156,143.82000732421875,6332500
2021-09-23,128.7171630859375,144.19000244140625,144.69000244140625,143.49000549316406,144.05999755859375,5171200
2021-09-24,128.14585876464844,143.5500030517578,144.4499969482422,143.08999633789062,143.8000030517578,5009400
2021-09-27,126.45867156982422,141.66000366210938,143.1699981689453,141.52000427246094,143.14999389648438,5749700
2021-09-28,125.50345611572266,140.58999633789062,141.3699951171875,139.55999755859375,141.0500030517578,7015300
2021-09-29,126.78003692626953,142.02000427246094,142.67999267578125,140.17999267578125,140.27000427246094,5460000
2021-09-30,124.7982406616211,139.8000030517578,142.74000549316406,139.52999877929688,142.63999938964844,6934900
2021-10-01,124.60185241699219,139.5800018310547,140.22999572753906,138.32000732421875,139.92999267578125,5587200
2021-10-04,123.89662170410156,138.7899932861328,140.39999389648438,137.60000610351562,139.38999938964844,5816000
2021-10-05,124.37866973876953,139.3300018310547,140.52000427246094,138.72000122070312,138.8000030517578,6902700
2021-10-06,126.03910827636719,141.19000244140625,141.25999450683594,138.6199951171875,138.99000549316406,5332900
2021-10-07,127.04782104492188,142.32000732421875,143.02999877929688,141.75,141.75,5334600
2021-10-08,126.52114868164062,141.72999572753906,142.6199951171875,141.0399932861328,142.2899932861328,6131800
2021-10-11,127.04782104492188,142.32000732421875,142.77000427246094,141.77000427246094,142.3699951171875,5995600
2021-10-12,126.86031341552734,142.11000061035156,143.0399932861328,141.6999969482422,142.60000610351562,6734800
2021-10-13,127.15494537353516,142.44000244140625,142.75999450683594,141.02999877929688,142.39999389648438,5689800
2021-10-14,128.5921630859375,144.0500030517578,144.30999755859375,142.80999755859375,142.8300018310547,6777800
2021-10-15,128.9224395751953,144.4199981689453,144.8699951171875,143.67999267578125,144.52000427246094,6923700
2021-10-18,127.06565856933594,142.33999633789062,143.6999969482422,142.10000610351562,143.5500030517578,9119000
2021-10-19,125.56595611572266,140.66000366210938,140.82000732421875,138.8000030517578,139.0800018310547,9555300
2021-10-20,126.05693817138672,141.2100067138672,141.9600067138672,139.85000610351562,140.14999389648438,7352700
2021-10-21,125.14971160888672,139.3300018310547,141.16000366210938,139.17999267578125,140.86000061035156,6545500
2021-10-22,126.4970703125,140.8300018310547,141.00999450683594,139.32000732421875,139.38999938964844,5265000
2021-10-25,126.51502990722656,140.85000610351562,140.9199981689453,139.0500030517578,140.41000366210938,5382100
2021-10-26,128.31150817871094,142.85000610351562,143.17999267578125,141.24000549316406,141.6199951171875,6234900
2021-10-27,127.3952865600586,141.8300018310547,143.67999267578125,141.69000244140625,143.13999938964844,9643500
2021-10-28,128.1587371826172,142.67999267578125,142.8800048828125,141.7100067138672,141.88999938964844,4538500
2021-10-29,128.4372100830078,142.99000549316406,143.47999572753906,142.02000427246094,142.16000366210938,6239500
2021-11-01,128.12286376953125,142.63999938964844,143.8000030517578,142.49000549316406,143.36000061035156,5038900
2021-11-02,129.3983612060547,144.05999755859375,144.5800018310547,142.27999877929688,142.72000122070312,9954300
2021-11-03,130.28758239746094,145.0500030517578,145.11000061035156,143.52000427246094,144.1300048828125,7620100
2021-11-04,130.5300750732422,145.32000732421875,145.38999938964844,142.33999633789062,142.83999633789062,6402500
2021-11-05,131.1768341064453,146.0399932861328,146.3699951171875,144.8000030517578,145.44000244140625,6062700
2021-11-08,130.19775390625,144.9499969482422,146.10000610351562,144.02000427246094,145.5,5854400
2021-11-09,130.59295654296875,145.38999938964844,145.8300018310547,144.5800018310547,145.02999877929688,4873100
2021-11-10,131.87741088867188,146.82000732421875,147.30999755859375,145.58999633789062,145.74000549316406,7334900
2021-11-11,131.5001678466797,146.39999389648438,146.97000122070312,146.2100067138672,146.86000061035156,4096300
2021-11-12,131.6438751220703,146.55999755859375,147.0800018310547,145.97999572753906,146.74000549316406,5687400
2021-11-15,132.39840698242188,147.39999389648438,147.75,146.47000122070312,147.02999877929688,5510200
2021-11-16,132.20977783203125,147.19000244140625,148.58999633789062,147.00999450683594,147.38999938964844,7603900
2021-11-17,132.12893676757812,147.10000610351562,147.77999877929688,146.4199981689453,146.97000122070312,4900200
2021-11-18,132.14695739746094,147.1199951171875,148.0800018310547,146.50999450683594,147.0399932861328,5509300
2021-11-19,131.87741088867188,146.82000732421875,148.22999572753906,146.7899932861328,147.9499969482422,6274300
2021-11-22,132.75772094726562,147.8000030517578,148.94000244140625,146.8300018310547,146.97000122070312,6625400
2021-11-23,134.23077392578125,149.44000244140625,149.5,147.6699981689453,147.8300018310547,7912800
2021-11-24,133.5301513671875,148.66000366210938,148.8800048828125,147.67999267578125,148.77000427246094,5665200
2021-11-26,132.4613037109375,147.47000122070312,149.72000122070312,147.30999755859375,148.5800018310547,6299800
2021-11-29,133.85354614257812,149.02000427246094,149.66000366210938,146.7899932861328,147.7899932861328,7113300
2021-11-30,129.86538696289062,144.5800018310547,148.5399932861328,144.1199951171875,147.80999755859375,11696400
2021-12-01,131.5001678466797,146.39999389648438,147.8699951171875,144.85000610351562,144.85000610351562,8313500
2021-12-02,132.2726287841797,147.25999450683594,148.4600067138672,146.94000244140625,147.00999450683594,9468800
2021-12-03,134.62600708007812,149.8800048828125,150.0,147.66000366210938,148.02000427246094,11200800
2021-12-06,136.66494750976562,152.14999389648438,152.38999938964844,150.19000244140625,150.19000244140625,11935100
2021-12-07,136.30567932128906,151.75,152.5800018310547,151.27000427246094,151.9499969482422,7913400
2021-12-08,136.91647338867188,152.42999267578125,152.66000366210938,150.27999877929688,151.6699981689453,8329300
2021-12-09,137.71591186523438,153.32000732421875,154.19000244140625,151.60000610351562,152.30999755859375,8334300
2021-12-10,139.63809204101562,155.4600067138672,155.8000030517578,153.42999267578125,153.85000610351562,7172300
2021-12-13,141.62319946289062,157.6699981689453,158.3300018310547,154.91000366210938,155.3000030517578,8944000
2021-12-14,142.14413452148438,158.25,158.6300048828125,156.66000366210938,157.89999389648438,8677500
2021-12-15,142.6920623779297,158.86000061035156,159.63999938964844,157.63999938964844,157.63999938964844,9152600
2021-12-16,144.71307373046875,161.11000061035156,161.32000732421875,158.4199981689453,158.72999572753906,10852900
2021-12-17,141.4345703125,157.4600067138672,161.72000122070312,157.30999755859375,160.66000366210938,24349400
2021-12-20,141.79385375976562,157.86000061035156,158.4600067138672,156.57000732421875,156.60000610351562,9202600
2021-12-21,141.70401000976562,157.75999450683594,158.14999389648438,156.7899932861328,157.64999389648438,6946000
2021-12-22,143.10523986816406,159.32000732421875,159.5800018310547,157.27000427246094,157.77000427246094,6626300
2021-12-23,143.8058624267578,160.10000610351562,160.9199981689453,159.44000244140625,159.5,5640900
2021-12-27,145.48553466796875,161.97000122070312,161.99000549316406,160.61000061035156,160.6699981689453,4548600
2021-12-28,146.26699829101562,162.83999633789062,163.3800048828125,161.94000244140625,161.9600067138672,5929400
2021-12-29,147.47959899902344,164.19000244140625,164.97999572753906,163.0800018310547,163.2100067138672,5346100
2021-12-30,146.2041473388672,162.77000427246094,164.58999633789062,162.61000061035156,164.39999389648438,5911500
2021-12-31,146.93170166015625,163.5800018310547,163.72999572753906,162.4600067138672,162.86000061035156,5327000
2022-01-03,146.32089233398438,162.89999389648438,162.94000244140625,159.8800048828125,161.69000244140625,9317300
2022-01-04,146.83287048339844,163.47000122070312,164.38999938964844,162.17999267578125,162.2899932861328,9253800
2022-01-05,147.49758911132812,164.2100067138672,165.32000732421875,163.39999389648438,163.44000244140625,9330200
2022-01-06,146.25807189941406,162.8300018310547,165.1999969482422,162.61000061035156,164.33999633789062,7556000
2022-01-07,146.1771697998047,162.74000549316406,163.52999877929688,161.9499969482422,163.1300048828125,6098500
2022-01-10,144.18313598632812,160.52000427246094,163.1199951171875,160.1699981689453,162.50999450683594,8055000
2022-01-11,142.51239013671875,158.66000366210938,160.22000122070312,156.91000366210938,160.22000122070312,11957900
2022-01-12,142.82676696777344,159.00999450683594,159.36000061035156,157.8300018310547,158.25999450683594,7127500
2022-01-13,142.1800994873047,158.2899932861328,159.4499969482422,157.77999877929688,159.30999755859375,6551000
2022-01-14,143.54534912109375,159.80999755859375,160.49000549316406,157.55999755859375,158.07000732421875,10708000
2022-01-18,140.77883911132812,156.72999572753906,158.52999877929688,156.0399932861328,158.52999877929688,10988400
2022-01-19,145.5124969482422,162.0,164.19000244140625,156.97000122070312,157.61000061035156,14088300
2022-01-20,146.29820251464844,162.0,164.3300018310547,160.1199951171875,160.1199951171875,10799100
2022-01-21,146.85806274414062,162.6199951171875,165.35000610351562,162.10000610351562,163.0,10900400
2022-01-24,145.66603088378906,161.3000030517578,164.1199951171875,158.72000122070312,163.42999267578125,14838100
2022-01-25,144.0765838623047,159.5399932861328,161.3000030517578,157.88999938964844,160.4499969482422,9369600
2022-01-26,142.8213348388672,158.14999389648438,159.57000732421875,156.3800048828125,157.33999633789062,10707100
2022-01-27,143.70632934570312,159.1300048828125,161.35000610351562,158.5800018310547,158.72999572753906,9083000
2022-01-28,144.94357299804688,160.5,160.9499969482422,157.32000732421875,158.61000061035156,9494200
2022-01-31,144.89840698242188,160.4499969482422,160.64999389648438,158.8699951171875,159.35000610351562,8950100
2022-02-01,144.25723266601562,159.74000549316406,161.3000030517578,157.72999572753906,160.7899932861328,6284100
2022-02-02,146.83999633789062,162.60000610351562,162.83999633789062,159.47000122070312,160.13999938964844,7558800
2022-02-03,148.23074340820312,164.13999938964844,164.97999572753906,161.6199951171875,161.97999572753906,10474500
2022-02-04,145.8737335205078,161.52999877929688,164.49000549316406,161.41000366210938,163.1300048828125,8959900
2022-02-07,144.781005859375,160.32000732421875,162.25999450683594,159.6699981689453,161.8699951171875,6430500
2022-02-08,144.45591735839844,159.9600067138672,161.27000427246094,159.64999389648438,161.1199951171875,5048700
2022-02-09,144.13075256347656,159.60000610351562,160.63999938964844,159.27000427246094,160.36000061035156,8077400
2022-02-10,141.93630981445312,157.1699981689453,159.5,156.64999389648438,159.08999633789062,7033000
2022-02-11,141.14158630371094,156.2899932861328,158.5800018310547,155.5800018310547,158.00999450683594,9341400
2022-02-14,141.54795837402344,156.74000549316406,157.05999755859375,153.36000061035156,156.13999938964844,9472200
2022-02-15,141.6202392578125,156.82000732421875,159.32000732421875,156.11000061035156,157.77000427246094,6659200
2022-02-16,142.6948699951172,158.00999450683594,158.77999877929688,156.27000427246094,156.8300018310547,9315700
2022-02-17,144.32943725585938,159.82000732421875,160.3800048828125,157.35000610351562,158.3800048828125,7925500
2022-02-18,144.40170288085938,159.89999389648438,161.05999755859375,158.82000732421875,159.5,8063200
2022-02-22,142.62265014648438,157.92999267578125,160.8800048828125,156.66000366210938,160.11000061035156,8179500
2022-02-23,140.84359741210938,155.9600067138672,158.60000610351562,155.60000610351562,158.3000030517578,6273000
2022-02-24,137.0506591796875,151.75999450683594,155.97999572753906,150.55999755859375,155.63999938964844,13145100
2022-02-25,142.90261840820312,158.24000549316406,158.94000244140625,152.25,152.3300018310547,8888800
2022-02-28,140.7803497314453,155.88999938964844,157.19000244140625,153.82000732421875,156.2899932861328,8669200
2022-03-01,138.450439453125,153.30999755859375,155.39999389648438,152.33999633789062,154.30999755859375,8311900
2022-03-02,138.8839111328125,153.7899932861328,155.0800018310547,152.60000610351562,152.9600067138672,6111300
2022-03-03,139.398681640625,154.36000061035156,155.86000061035156,153.77000427246094,153.77000427246094,7451200
2022-03-04,140.10308837890625,155.13999938964844,155.35000610351562,152.5500030517578,153.1199951171875,8639100
2022-03-07,138.0260009765625,152.83999633789062,154.52000427246094,151.13999938964844,154.49000549316406,8374500
2022-03-08,132.56236267089844,146.7899932861328,152.9499969482422,146.5800018310547,152.17999267578125,9517200
2022-03-09,134.3504638671875,148.77000427246094,150.47000122070312,147.80999755859375,148.8300018310547,7044100
2022-03-10,130.8917236328125,144.94000244140625,148.27999877929688,143.94000244140625,147.8000030517578,9221000
2022-03-11,129.33839416503906,143.22000122070312,146.16000366210938,143.02999877929688,145.39999389648438,7086100
2022-03-14,130.9910430908203,145.0500030517578,146.0399932861328,143.35000610351562,144.4499969482422,7964600
2022-03-15,135.70509338378906,150.27000427246094,150.5399932861328,146.88999938964844,147.00999450683594,9868400
2022-03-16,135.24453735351562,149.75999450683594,151.7899932861328,148.0399932861328,150.6300048828125,6908900
2022-03-17,135.66896057128906,150.22999572753906,150.47000122070312,148.5,149.99000549316406,6003800
2022-03-18,135.5967559814453,150.14999389648438,150.8699951171875,148.24000549316406,150.8699951171875,15570300
2022-03-21,136.1114959716797,150.72000122070312,151.4199981689453,149.24000549316406,150.44000244140625,6937500
2022-03-22,137.15907287597656,151.8800048828125,153.60000610351562,150.52000427246094,153.42999267578125,7292100
2022-03-23,136.20181274414062,150.82000732421875,153.00999450683594,150.69000244140625,152.1999969482422,5531900
2022-03-24,136.43661499023438,151.0800018310547,151.55999755859375,150.16000366210938,150.88999938964844,4203100
2022-03-25,138.01698303222656,152.8300018310547,153.9199981689453,151.50999450683594,151.6300048828125,5047700
2022-03-28,138.9652099609375,153.8800048828125,153.89999389648438,152.6300048828125,153.63999938964844,4234000
2022-03-29,140.39205932617188,155.4600067138672,156.47000122070312,154.02000427246094,155.3699951171875,5643400
2022-03-30,139.42575073242188,154.38999938964844,154.42999267578125,151.94000244140625,152.5,5779300
2022-03-31,137.98985290527344,152.8000030517578,154.33999633789062,152.39999389648438,154.10000610351562,7538600
2022-04-01,140.05789184570312,155.08999633789062,155.4600067138672,152.05999755859375,153.52000427246094,5742600
2022-04-04,139.14581298828125,154.0800018310547,154.35000610351562,151.25999450683594,153.80999755859375,5992000
2022-04-05,139.6334686279297,154.6199951171875,157.3699951171875,153.5399932861328,153.61000061035156,7653000
2022-04-06,141.6292724609375,156.8300018310547,157.2899932861328,153.94000244140625,154.4199981689453,8884700
2022-04-07,143.4625244140625,158.86000061035156,159.38999938964844,156.97000122070312,157.8699951171875,6889700
2022-04-08,144.5823211669922,160.10000610351562,160.52999877929688,158.9199981689453,159.6999969482422,6045400
2022-04-11,144.03147888183594,159.49000549316406,161.2100067138672,158.6300048828125,159.9499969482422,6158400
2022-04-12,143.59796142578125,159.00999450683594,160.6300048828125,158.6999969482422,159.30999755859375,7221500
2022-04-13,144.00436401367188,159.4600067138672,160.41000366210938,158.7100067138672,159.0800018310547,5247700
2022-04-14,143.2006378173828,158.57000732421875,160.3000030517578,158.4499969482422,159.97999572753906,7806500
2022-04-18,141.8369598388672,157.05999755859375,158.97999572753906,156.52999877929688,158.47999572753906,6034500
2022-04-19,143.959228515625,159.41000366210938,160.02999877929688,156.3000030517578,156.77000427246094,7897000
2022-04-20,147.78823852539062,163.64999389648438,164.47999572753906,160.0,160.5,10196100
2022-04-21,147.67291259765625,162.61000061035156,164.89999389648438,162.42999267578125,163.82000732421875,9365700
2022-04-22,146.4378662109375,161.25,163.52000427246094,160.91000366210938,163.24000549316406,9394600
2022-04-25,147.6184539794922,162.5500030517578,163.2899932861328,159.8000030517578,161.6999969482422,6986800
2022-04-26,145.11195373535156,159.7899932861328,163.63999938964844,159.75,162.67999267578125,7769500
2022-04-27,144.721435546875,159.36000061035156,161.4499969482422,159.11000061035156,160.2100067138672,6754900
2022-04-28,148.3994140625,163.41000366210938,163.7100067138672,159.27000427246094,160.5399932861328,9306800
2022-04-29,145.80215454101562,160.5500030517578,162.9499969482422,160.1999969482422,162.47000122070312,10637000
2022-05-02,143.8314971923828,158.3800048828125,162.0,156.19000244140625,161.60000610351562,10351600
2022-05-03,141.86080932617188,156.2100067138672,158.99000549316406,155.00999450683594,158.22000122070312,10344000
2022-05-04,142.90516662597656,157.36000061035156,157.5500030517578,155.14999389648438,155.8300018310547,7771000
2022-05-05,140.2716064453125,154.4600067138672,157.2899932861328,153.13999938964844,156.3000030517578,8217100
2022-05-06,141.6701202392578,156.0,156.24000549316406,153.8699951171875,154.77000427246094,7304800
2022-05-09,141.31591796875,155.61000061035156,156.75999450683594,152.75,153.9600067138672,8540800
2022-05-10,140.5712432861328,154.7899932861328,156.6199951171875,153.94000244140625,155.5500030517578,7447400
2022-05-11,138.59146118164062,152.61000061035156,155.89999389648438,152.35000610351562,154.02999877929688,7692200
2022-05-12,138.02847290039062,151.99000549316406,153.61000061035156,149.8800048828125,153.52000427246094,9600800
2022-05-13,139.50872802734375,153.6199951171875,153.72999572753906,150.4199981689453,152.5800018310547,5675500
2022-05-16,140.8709259033203,155.1199951171875,155.89999389648438,152.02999877929688,153.47000122070312,5971000
2022-05-17,140.47134399414062,154.67999267578125,156.75,153.07000732421875,155.1300048828125,6509100
2022-05-18,131.71685791015625,145.0399932861328,154.75999450683594,144.5399932861328,154.6699981689453,9670700
2022-05-19,128.68365478515625,141.6999969482422,143.4199981689453,140.60000610351562,143.41000366210938,9694100
2022-05-20,128.76539611816406,141.7899932861328,142.4499969482422,139.17999267578125,142.14999389648438,7786900
2022-05-23,131.7259521484375,145.0500030517578,145.6300048828125,142.0800018310547,142.83999633789062,7134500
2022-05-24,134.0689239501953,147.6300048828125,147.94000244140625,144.82000732421875,144.88999938964844,7207400
2022-05-25,131.87127685546875,145.2100067138672,147.13999938964844,143.5,147.11000061035156,8217800
2022-05-26,133.02456665039062,146.47999572753906,147.3800048828125,145.0399932861328,146.47999572753906,5702600
2022-05-27,135.058837890625,148.72000122070312,148.72000122070312,146.6300048828125,146.97000122070312,6028800
2022-05-31,134.29598999023438,147.8800048828125,148.99000549316406,146.16000366210938,147.2899932861328,12416700
2022-06-01,132.26170349121094,145.63999938964844,148.1199951171875,144.7100067138672,148.0,7036000
2022-06-02,133.6875457763672,147.2100067138672,147.25999450683594,142.6300048828125,145.97000122070312,6479800
2022-06-03,132.48876953125,145.88999938964844,147.2100067138672,145.1199951171875,146.36000061035156,4720700
2022-06-06,131.97113037109375,145.32000732421875,147.63999938964844,144.58999633789062,147.3699951171875,4751100
2022-06-07,133.4423370361328,146.94000244140625,147.17999267578125,143.42999267578125,143.6699981689453,4918600
2022-06-08,131.78042602539062,145.11000061035156,146.42999267578125,144.99000549316406,146.3000030517578,4369600
2022-06-09,129.4010772705078,142.49000549316406,146.88999938964844,142.33999633789062,145.41000366210938,4625700
2022-06-10,128.91070556640625,141.9499969482422,143.14999389648438,139.4499969482422,140.88999938964844,6630800
2022-06-13,125.45975494384766,138.14999389648438,140.49000549316406,137.6300048828125,139.5,8549500
2022-06-14,121.54569244384766,133.83999633789062,137.5800018310547,132.5399932861328,137.50999450683594,9980200
2022-06-15,120.33782958984375,132.50999450683594,134.89999389648438,129.5,134.44000244140625,12178100
2022-06-16,121.07344818115234,133.32000732421875,135.07000732421875,130.60000610351562,131.02999877929688,9683300
2022-06-17,120.20162963867188,132.36000061035156,134.25999450683594,131.42999267578125,132.55999755859375,17113300
2022-06-21,123.84325408935547,136.3699951171875,137.0,133.42999267578125,134.6199951171875,9017000
2022-06-22,125.7776107788086,138.5,139.69000244140625,135.6699981689453,135.67999267578125,8374500
2022-06-23,129.22854614257812,142.3000030517578,142.47999572753906,138.89999389648438,139.0500030517578,6418300
2022-06-24,131.0902557373047,144.35000610351562,145.24000549316406,143.1199951171875,144.1999969482422,19440600
2022-06-27,130.09127807617188,143.25,144.75999450683594,142.7100067138672,144.1199951171875,5618500
2022-06-28,127.97528076171875,140.9199981689453,144.08999633789062,140.5800018310547,143.5399932861328,6077300
2022-06-29,129.13771057128906,142.1999969482422,142.86000061035156,141.14999389648438,141.60000610351562,5174600
2022-06-30,130.58172607421875,143.7899932861328,144.44000244140625,141.22999572753906,141.69000244140625,7410100
2022-07-01,132.68858337402344,146.11000061035156,146.25,143.39999389648438,144.24000549316406,5937200
2022-07-05,131.40809631347656,144.6999969482422,146.10000610351562,142.5399932861328,144.5800018310547,5760900
2022-07-06,132.63409423828125,146.0500030517578,147.49000549316406,144.97000122070312,145.50999450683594,5485200
2022-07-07,132.5886688232422,146.0,146.19000244140625,144.60000610351562,145.2899932861328,6623400
2022-07-08,131.69869995117188,145.02000427246094,146.80999755859375,144.57000732421875,145.99000549316406,4294200
2022-07-11,132.625,146.0399932861328,146.5800018310547,144.67999267578125,145.14999389648438,5482900
2022-07-12,131.45347595214844,144.75,146.9199981689453,144.3699951171875,145.86000061035156,5204400
2022-07-13,132.31622314453125,145.6999969482422,146.9600067138672,144.2100067138672,144.41000366210938,5075600
2022-07-14,131.92578125,145.27000427246094,145.52999877929688,143.47000122070312,143.75999450683594,4867000
2022-07-15,131.7440948486328,145.07000732421875,145.6999969482422,144.10000610351562,145.33999633789062,6264600
2022-07-18,130.145751953125,143.30999755859375,145.08999633789062,143.1699981689453,144.94000244140625,6047500
2022-07-19,130.8087158203125,144.0399932861328,145.00999450683594,143.63999938964844,144.57000732421875,5943600
2022-07-20,128.54745483398438,141.5500030517578,144.22000122070312,140.63999938964844,144.0,8635300
2022-07-21,128.6689910888672,140.77000427246094,141.36000061035156,138.9499969482422,140.60000610351562,8310200
2022-07-22,130.7255859375,143.02000427246094,143.1699981689453,140.6699981689453,140.75999450683594,5292700
2022-07-25,131.61221313476562,143.99000549316406,144.4199981689453,142.52999877929688,142.8000030517578,5262100
2022-07-26,131.8681182861328,144.27000427246094,144.49000549316406,141.7100067138672,142.69000244140625,5375700
2022-07-27,133.12033081054688,145.63999938964844,146.2100067138672,143.52999877929688,143.8800048828125,5500000
2022-07-28,135.3323516845703,148.05999755859375,148.61000061035156,145.0800018310547,146.13999938964844,7115700
2022-07-29,126.96890258789062,138.91000366210938,142.5,138.22999572753906,141.42999267578125,18694700
2022-08-01,130.6159210205078,142.89999389648438,143.94000244140625,138.27000427246094,138.33999633789062,12590000
2022-08-02,129.74757385253906,141.9499969482422,143.72000122070312,141.77000427246094,143.11000061035156,7495000
2022-08-03,132.42568969726562,144.8800048828125,145.27000427246094,140.91000366210938,141.66000366210938,6811000
2022-08-04,132.2154541015625,144.64999389648438,146.4600067138672,144.00999450683594,144.85000610351562,6124700
2022-08-05,132.27947998046875,144.72000122070312,144.83999633789062,142.77000427246094,143.75,4580300
2022-08-08,132.78221130371094,145.27000427246094,146.47000122070312,144.72999572753906,145.02999877929688,4486800
2022-08-09,132.47140502929688,144.92999267578125,145.94000244140625,144.49000549316406,145.57000732421875,3977300
2022-08-10,133.72360229492188,146.3000030517578,146.5,145.38999938964844,145.88999938964844,4641300
2022-08-11,132.77304077148438,145.25999450683594,147.2899932861328,144.92999267578125,146.80999755859375,5954300
2022-08-12,134.06182861328125,146.6699981689453,146.72999572753906,144.9600067138672,145.91000366210938,5038700
2022-08-15,135.78936767578125,148.55999755859375,148.77000427246094,146.75,146.8699951171875,6008000
2022-08-16,137.0415802001953,149.92999267578125,150.60000610351562,148.36000061035156,148.36000061035156,7093000
2022-08-17,136.41091918945312,149.24000549316406,149.75,148.8800048828125,149.10000610351562,4834600
2022-08-18,136.89535522460938,149.77000427246094,149.99000549316406,148.52000427246094,148.8699951171875,3829000
2022-08-19,136.85877990722656,149.72999572753906,150.6300048828125,148.72000122070312,149.2100067138672,6502500
2022-08-22,136.4931640625,149.3300018310547,150.1300048828125,148.83999633789062,148.97999572753906,6380700
2022-08-23,133.8607177734375,146.4499969482422,148.44000244140625,145.8300018310547,148.42999267578125,5268200
2022-08-24,133.28489685058594,145.82000732421875,147.25999450683594,145.1199951171875,146.61000061035156,5903200
2022-08-25,133.17520141601562,145.6999969482422,145.77999877929688,144.49000549316406,145.22999572753906,5097600
2022-08-26,130.058349609375,142.2899932861328,146.52999877929688,142.02000427246094,146.0,6086600
2022-08-29,129.5099334716797,141.69000244140625,142.69000244140625,141.02000427246094,141.3000030517578,5272100
2022-08-30,128.12973022460938,140.17999267578125,142.41000366210938,139.91000366210938,142.41000366210938,5203700
2022-08-31,126.0822982788086,137.94000244140625,140.8800048828125,137.86000061035156,140.39999389648438,8406900
2022-09-01,127.63616180419922,139.63999938964844,139.75999450683594,136.75999450683594,137.8300018310547,7446500
2022-09-02,125.36934661865234,137.16000366210938,141.14999389648438,136.5500030517578,140.4199981689453,7077800
2022-09-06,123.97086334228516,135.6300048828125,137.94000244140625,135.2899932861328,135.8800048828125,8217200
2022-09-07,125.84465789794922,137.67999267578125,137.75999450683594,136.02000427246094,136.02999877929688,6609400
2022-09-08,126.00918579101562,137.86000061035156,138.49000549316406,136.05999755859375,137.00999450683594,7380500
2022-09-09,127.92867279052734,139.9600067138672,141.08999633789062,137.3000030517578,137.9499969482422,6434300
2022-09-12,128.9706573486328,141.10000610351562,141.8000030517578,139.11000061035156,139.41000366210938,5818700
2022-09-13,126.30166625976562,138.17999267578125,141.42999267578125,137.86000061035156,140.77999877929688,6350200
2022-09-14,126.603271484375,138.50999450683594,139.66000366210938,137.6699981689453,138.66000366210938,6137800
2022-09-15,125.62528991699219,137.44000244140625,138.88999938964844,136.63999938964844,138.77999877929688,5320700
2022-09-16,126.39305877685547,138.27999877929688,139.05999755859375,137.11000061035156,137.44000244140625,9321500
2022-09-19,126.12799072265625,137.99000549316406,138.4600067138672,137.22999572753906,138.1999969482422,6056000
2022-09-20,125.68012237548828,137.5,137.97000122070312,136.52999877929688,137.41000366210938,5589800
2022-09-21,124.06224060058594,135.72999572753906,138.1999969482422,135.7100067138672,138.0800018310547,6413900
2022-09-22,124.50102233886719,136.2100067138672,137.07000732421875,135.24000549316406,135.74000549316406,5061600
2022-09-23,123.9251708984375,135.5800018310547,136.5,133.9499969482422,135.67999267578125,6523600
2022-09-26,124.04397583007812,135.7100067138672,136.82000732421875,134.99000549316406,135.5800018310547,7396400
2022-09-27,120.63460540771484,131.97999572753906,136.94000244140625,131.7100067138672,135.9600067138672,7722200
2022-09-28,120.63460540771484,131.97999572753906,133.02000427246094,131.19000244140625,133.02000427246094,10455100
2022-09-29,117.6365737915039,128.6999969482422,131.8699951171875,128.25999450683594,131.8699951171875,7128500
2022-09-30,115.3971939086914,126.25,129.0399932861328,126.20999908447266,129.0,9431900
2022-10-03,117.46290588378906,128.50999450683594,129.10000610351562,126.68000030517578,127.25,8477700
2022-10-04,118.91624450683594,130.10000610351562,130.8699951171875,128.6999969482422,129.10000610351562,7211600
2022-10-05,118.09362030029297,129.1999969482422,130.08999633789062,128.08999633789062,129.1999969482422,5071100
2022-10-06,115.607421875,126.4800033569336,129.05999755859375,126.3499984741211,128.88999938964844,5530800
2022-10-07,113.58741760253906,124.2699966430664,126.58000183105469,123.76000213623047,126.5,6095400
2022-10-10,113.1212387084961,123.76000213623047,124.25,122.18000030517578,123.37000274658203,6923300
2022-10-11,113.55083465576172,124.2300033569336,125.69999694824219,123.5999984741211,123.69000244140625,5516200
2022-10-12,113.73365783691406,124.43000030517578,125.80999755859375,124.41000366210938,124.83999633789062,6823500
2022-10-13,115.45203399658203,126.30999755859375,126.75,122.91999816894531,123.51000213623047,6910500
2022-10-14,114.3277587890625,125.08000183105469,127.0199966430664,124.7699966430664,126.75,5516800
2022-10-17,116.39349365234375,127.33999633789062,128.27999877929688,125.86000061035156,126.01000213623047,6664600
2022-10-18,117.3349609375,128.3699951171875,130.07000732421875,127.66000366210938,129.3300018310547,7114200
2022-10-19,118.42266082763672,129.55999755859375,133.0,129.50999450683594,131.63999938964844,9993700
2022-10-20,116.89734649658203,126.98999786376953,129.77000427246094,126.68000030517578,128.6199951171875,8168000
2022-10-21,118.36097717285156,128.5800018310547,128.9499969482422,126.4800033569336,126.54000091552734,6394600
2022-10-24,119.08820343017578,129.3699951171875,130.44000244140625,128.35000610351562,129.49000549316406,6946000
2022-10-25,120.45978546142578,130.86000061035156,131.17999267578125,128.47000122070312,129.60000610351562,6776000
2022-10-26,121.3066635131836,131.77999877929688,132.57000732421875,130.39999389648438,130.64999389648438,6612800
2022-10-27,121.39871215820312,131.8800048828125,133.1199951171875,131.5,132.0,6676700
2022-10-28,124.47327423095703,135.22000122070312,135.50999450683594,132.9199981689453,133.1699981689453,6996400
2022-10-31,123.96698760986328,134.6699981689453,135.6699981689453,134.25999450683594,135.1999969482422,8346300
2022-11-01,124.16028594970703,134.8800048828125,136.27999877929688,133.83999633789062,134.6999969482422,6428300
2022-11-02,122.37445831298828,132.94000244140625,136.5399932861328,132.80999755859375,134.72000122070312,7318100
2022-11-03,121.53678131103516,132.02999877929688,132.63999938964844,130.9600067138672,131.72999572753906,5204000
2022-11-04,123.75525665283203,134.44000244140625,135.0,132.52000427246094,133.32000732421875,5555400
2022-11-07,125.65154266357422,136.5,137.19000244140625,135.05999755859375,135.35000610351562,6746800
2022-11-08,125.9368896484375,136.80999755859375,137.52000427246094,135.8000030517578,136.82000732421875,5266200
2022-11-09,125.63311004638672,136.47999572753906,137.97000122070312,136.33999633789062,136.8699951171875,5690700
2022-11-10,129.95957946777344,141.17999267578125,141.6300048828125,138.1999969482422,139.4600067138672,8068700
2022-11-11,129.7662811279297,140.97000122070312,141.6300048828125,139.11000061035156,141.1999969482422,7175200
2022-11-14,129.77549743652344,140.97999572753906,143.55999755859375,140.25999450683594,140.50999450683594,8516200
2022-11-15,129.32444763183594,140.49000549316406,143.1999969482422,139.6999969482422,142.08999633789062,7732400
2022-11-16,130.47509765625,141.74000549316406,142.91000366210938,140.97999572753906,141.5,6193700
2022-11-17,129.67422485351562,140.8699951171875,141.69000244140625,139.86000061035156,141.11000061035156,5186300
2022-11-18,131.23912048339844,142.57000732421875,142.75999450683594,141.27000427246094,141.9199981689453,5671400
2022-11-21,132.90525817871094,144.3800048828125,145.19000244140625,142.8300018310547,143.05999755859375,6377200
2022-11-22,134.04669189453125,145.6199951171875,145.7899932861328,144.83999633789062,145.42999267578125,5372900
2022-11-23,134.8107147216797,146.4499969482422,146.6300048828125,145.57000732421875,145.89999389648438,4296000
2022-11-25,135.05929565429688,146.72000122070312,147.1999969482422,146.39999389648438,146.7899932861328,2411100
2022-11-28,134.94882202148438,146.60000610351562,147.33999633789062,146.13999938964844,146.38999938964844,6628200
2022-11-29,133.91786193847656,145.47999572753906,146.05999755859375,144.52999877929688,145.75,5634200
2022-11-30,137.3053741455078,149.16000366210938,149.16000366210938,145.1300048828125,145.64999389648438,12396800
2022-12-01,137.38821411132812,149.25,150.36000061035156,148.57000732421875,149.52999877929688,6927400
2022-12-02,138.64010620117188,150.61000061035156,150.77000427246094,148.0800018310547,148.47000122070312,4938300
2022-12-05,137.24090576171875,149.08999633789062,149.6699981689453,148.27000427246094,148.7100067138672,5402500
2022-12-06,137.41580200195312,149.27999877929688,150.0800018310547,148.27999877929688,149.72000122070312,6866700
2022-12-07,138.29954528808594,150.24000549316406,150.42999267578125,149.00999450683594,149.00999450683594,6175500
2022-12-08,139.29371643066406,151.32000732421875,151.3800048828125,149.00999450683594,149.4600067138672,5187100
2022-12-09,138.92552185058594,150.9199981689453,151.9499969482422,150.22000122070312,150.6999969482422,5868200
2022-12-12,140.35231018066406,152.47000122070312,152.55999755859375,151.0399932861328,151.22000122070312,6142400
2022-12-13,140.14059448242188,152.24000549316406,154.22999572753906,150.7899932861328,153.41000366210938,7680600
2022-12-14,140.69290161132812,152.83999633789062,154.44000244140625,152.1699981689453,152.7899932861328,7385600
2022-12-15,139.1004180908203,151.11000061035156,152.0,149.74000549316406,151.72000122070312,7117200
2022-12-16,138.4836883544922,150.44000244140625,151.07000732421875,149.02000427246094,150.36000061035156,19966400
2022-12-19,138.44679260253906,150.39999389648438,151.3800048828125,149.24000549316406,150.22000122070312,5881800
2022-12-20,138.50209045410156,150.4600067138672,150.89999389648438,149.27000427246094,149.32000732421875,5646100
2022-12-21,139.77236938476562,151.83999633789062,152.6300048828125,150.72000122070312,150.75,5024700
2022-12-22,140.0945587158203,152.19000244140625,152.41000366210938,150.8800048828125,151.1300048828125,5904900
2022-12-23,140.49037170410156,152.6199951171875,152.9199981689453,151.6699981689453,152.30999755859375,3401800
2022-12-27,141.7146759033203,153.9499969482422,154.32000732421875,152.66000366210938,152.6999969482422,4215100
2022-12-28,139.88284301757812,151.9600067138672,154.64999389648438,151.89999389648438,154.27999877929688,4197500
2022-12-29,140.4627685546875,152.58999633789062,153.24000549316406,152.13999938964844,152.80999755859375,3809100
2022-12-30,139.51463317871094,151.55999755859375,152.67999267578125,150.44000244140625,152.42999267578125,4532000
2023-01-03,139.52383422851562,151.57000732421875,151.7100067138672,149.1199951171875,150.9499969482422,6447300
2023-01-04,140.13137817382812,152.22999572753906,153.38999938964844,151.22999572753906,151.99000549316406,7313400
2023-01-05,138.39157104492188,150.33999633789062,152.47999572753906,150.1300048828125,152.2100067138672,5373800
2023-01-06,141.68707275390625,153.9199981689453,154.4600067138672,151.75,151.85000610351562,7882200
2023-01-09,139.95643615722656,152.0399932861328,154.8000030517578,152.0,153.44000244140625,5727000
2023-01-10,139.8184051513672,151.88999938964844,152.6999969482422,150.94000244140625,152.10000610351562,4716400
2023-01-11,138.68614196777344,150.66000366210938,152.55999755859375,149.35000610351562,152.32000732421875,8691300
2023-01-12,137.90370178222656,149.80999755859375,151.72999572753906,149.52000427246094,151.6999969482422,7801600
2023-01-13,138.88868713378906,150.8800048828125,151.0500030517578,149.4199981689453,149.61000061035156,5535800
2023-01-17,138.4836883544922,150.44000244140625,152.1300048828125,150.39999389648438,150.7899932861328,9611800
2023-01-18,134.77392578125,146.41000366210938,149.92999267578125,146.0399932861328,149.66000366210938,10461200
2023-01-19,131.92373657226562,142.4199981689453,146.22000122070312,142.24000549316406,143.30999755859375,12683700
2023-01-20,132.43316650390625,142.97000122070312,143.14999389648438,140.14999389648438,142.32000732421875,8603300
2023-01-23,130.65467834472656,141.0500030517578,143.6999969482422,140.69000244140625,143.36000061035156,7473100
2023-01-24,131.367919921875,141.82000732421875,142.3800048828125,139.80999755859375,140.69000244140625,6822500
2023-01-25,131.27528381347656,141.72000122070312,141.75,138.72999572753906,140.38999938964844,6902600
2023-01-26,130.74725341796875,141.14999389648438,141.74000549316406,140.74000549316406,141.72999572753906,5398600
2023-01-27,130.21005249023438,140.57000732421875,141.36000061035156,139.2899932861328,141.07000732421875,6870800
2023-01-30,130.61758422851562,141.00999450683594,142.1199951171875,140.27999877929688,140.9600067138672,6369300
2023-01-31,131.88665771484375,142.3800048828125,142.47000122070312,140.75999450683594,141.22999572753906,9373400
2023-02-01,132.636962890625,143.19000244140625,144.10000610351562,141.35000610351562,142.0800018310547,7207900
2023-02-02,131.69215393066406,142.1699981689453,142.7100067138672,141.2100067138672,142.1699981689453,6444300
2023-02-03,132.09971618652344,142.61000061035156,143.3800048828125,141.1699981689453,142.77999877929688,5993100
2023-02-06,130.97885131835938,141.39999389648438,142.63999938964844,141.00999450683594,142.00999450683594,6108100
2023-02-07,129.70057678222656,140.02000427246094,140.7899932861328,138.77999877929688,139.97000122070312,6278300
2023-02-08,128.3574676513672,138.57000732421875,139.5399932861328,138.41000366210938,139.05999755859375,7123800
2023-02-09,126.94947814941406,137.0500030517578,139.3300018310547,137.0,138.8800048828125,6547400
2023-02-10,128.07028198242188,138.25999450683594,138.3000030517578,135.8300018310547,136.9499969482422,8108900
2023-02-13,129.7469024658203,140.07000732421875,140.4499969482422,138.74000549316406,138.94000244140625,5081600
2023-02-14,129.0150909423828,139.27999877929688,140.24000549316406,138.6199951171875,140.13999938964844,5253500
2023-02-15,128.71871948242188,138.9600067138672,139.32000732421875,138.07000732421875,139.11000061035156,5530300
2023-02-16,127.0328369140625,137.13999938964844,138.1999969482422,136.5500030517578,137.38999938964844,7595700
2023-02-17,129.6912841796875,140.00999450683594,140.0399932861328,136.58999633789062,136.58999633789062,8034700
2023-02-21,129.59866333007812,139.91000366210938,140.88999938964844,138.8699951171875,138.8699951171875,6899500
2023-02-22,130.1451873779297,140.5,141.5800018310547,139.8800048828125,139.97999572753906,6126300
2023-02-23,129.72837829589844,140.0500030517578,141.13999938964844,139.10000610351562,140.22999572753906,5835400
2023-02-24,128.99659729003906,139.25999450683594,139.42999267578125,138.0800018310547,138.92999267578125,5260700
2023-02-27,128.88540649414062,139.13999938964844,140.47000122070312,138.52999877929688,139.61000061035156,5820900
2023-02-28,127.4218978881836,137.55999755859375,138.58999633789062,137.27999877929688,138.4499969482422,6709900
2023-03-01,127.51451873779297,137.66000366210938,138.3300018310547,136.50999450683594,138.0500030517578,7101800
2023-03-02,129.61720275878906,139.92999267578125,140.42999267578125,137.77999877929688,138.0,5924600
2023-03-03,130.56201171875,140.9499969482422,141.24000549316406,139.97000122070312,141.19000244140625,5259400
2023-03-06,130.0062713623047,140.35000610351562,141.13999938964844,139.94000244140625,140.72999572753906,4943100
2023-03-07,127.4218978881836,137.55999755859375,140.6199951171875,137.33999633789062,140.42999267578125,5606800
2023-03-08,127.4404296875,137.5800018310547,137.69000244140625,136.60000610351562,137.1999969482422,5518800
2023-03-09,126.50485229492188,136.57000732421875,138.55999755859375,136.10000610351562,138.14999389648438,4467200
2023-03-10,127.07916259765625,137.19000244140625,137.99000549316406,136.35000610351562,136.9499969482422,5928000
2023-03-13,127.9591293334961,138.13999938964844,141.32000732421875,137.0399932861328,137.0399932861328,8337100
2023-03-14,129.54312133789062,139.85000610351562,140.11000061035156,137.39999389648438,138.2899932861328,9219700
2023-03-15,131.37718200683594,141.8300018310547,142.14999389648438,138.80999755859375,138.80999755859375,8823500
2023-03-16,132.35903930664062,142.88999938964844,143.1199951171875,141.61000061035156,141.94000244140625,7063400
2023-03-17,132.39613342285156,142.92999267578125,143.38999938964844,141.52999877929688,142.5,16018800
2023-03-20,134.4339599609375,145.1300048828125,145.39999389648438,143.22999572753906,143.5,8379200
2023-03-21,133.46136474609375,144.0800018310547,145.22999572753906,142.83999633789062,144.91000366210938,7753200
2023-03-22,133.3779754638672,143.99000549316406,145.75,143.8300018310547,144.0399932861328,5729100
2023-03-23,133.19273376464844,143.7899932861328,145.1199951171875,143.19000244140625,144.24000549316406,5788400
2023-03-24,135.9068145751953,146.72000122070312,146.75999450683594,144.3000030517578,144.3000030517578,6144800
2023-03-27,135.1935272216797,145.9499969482422,147.4199981689453,145.8699951171875,146.88999938964844,5917200
2023-03-28,135.5733184814453,146.36000061035156,146.82000732421875,145.8000030517578,146.5500030517578,4213800
2023-03-29,135.99017333984375,146.80999755859375,147.2899932861328,146.25999450683594,147.0800018310547,4987700
2023-03-30,136.58297729492188,147.4499969482422,147.5399932861328,146.3000030517578,146.9199981689453,4117700
2023-03-31,137.73159790039062,148.69000244140625,148.69000244140625,147.57000732421875,147.74000549316406,7685900
2023-04-03,138.4911346435547,149.50999450683594,150.07000732421875,147.08999633789062,148.42999267578125,5721700
2023-04-04,139.15811157226562,150.22999572753906,151.7100067138672,150.0800018310547,150.0800018310547,6714300
2023-04-05,140.11216735839844,151.25999450683594,152.35000610351562,151.14999389648438,151.3300018310547,6094800
2023-04-06,141.00143432617188,152.22000122070312,152.9600067138672,151.4199981689453,151.8699951171875,5399700
2023-04-10,139.8343048095703,150.9600067138672,151.6699981689453,149.50999450683594,151.64999389648438,4891800
2023-04-11,139.5564422607422,150.66000366210938,151.44000244140625,150.52000427246094,151.25999450683594,6311800
2023-04-12,139.93618774414062,151.07000732421875,152.41000366210938,149.92999267578125,150.30999755859375,6137900
2023-04-13,140.58462524414062,151.77000427246094,151.8699951171875,149.82000732421875,150.89999389648438,5489500
2023-04-14,139.871337890625,151.0,151.58999633789062,150.50999450683594,151.35000610351562,4478800
2023-04-17,139.91769409179688,151.0500030517578,151.47000122070312,150.33999633789062,151.1699981689453,4296400
2023-04-18,140.0658721923828,151.2100067138672,151.58999633789062,150.10000610351562,150.97999572753906,4158400
2023-04-19,140.0936737060547,151.24000549316406,151.89999389648438,150.7100067138672,151.1699981689453,3837600
2023-04-20,140.6072540283203,150.85000610351562,151.36000061035156,150.3699951171875,150.3699951171875,5370900
2023-04-21,145.4728240966797,156.07000732421875,158.11000061035156,154.5,154.94000244140625,14876900
2023-04-24,145.7338409423828,156.35000610351562,157.25,155.22000122070312,155.22000122070312,8109800
2023-04-25,145.77108764648438,156.38999938964844,157.94000244140625,155.7899932861328,156.50999450683594,8341800
2023-04-26,144.08396911621094,154.5800018310547,156.0,154.33999633789062,155.3000030517578,4843700
2023-04-27,145.84567260742188,156.47000122070312,156.61000061035156,155.00999450683594,155.3000030517578,4805600
2023-04-28,145.76177978515625,156.3800048828125,157.3699951171875,155.75999450683594,156.27999877929688,5754700
2023-05-01,145.93890380859375,156.57000732421875,157.39999389648438,155.8000030517578,156.02999877929688,3844600
2023-05-02,145.80833435058594,156.42999267578125,156.92999267578125,155.6699981689453,156.58999633789062,5262900
2023-05-03,145.62193298339844,156.22999572753906,157.57000732421875,155.42999267578125,156.63999938964844,5775000
2023-05-04,144.9508514404297,155.50999450683594,156.60000610351562,155.08999633789062,156.10000610351562,4892600
2023-05-05,145.43553161621094,156.02999877929688,156.30999755859375,154.69000244140625,155.39999389648438,3989200
2023-05-08,144.75511169433594,155.3000030517578,155.72999572753906,154.8699951171875,155.35000610351562,4950700
2023-05-09,143.27305603027344,153.7100067138672,155.97999572753906,153.5800018310547,155.85000610351562,4472100
2023-05-10,143.5713348388672,154.02999877929688,154.32000732421875,152.44000244140625,153.4499969482422,4754900
2023-05-11,143.9069061279297,154.38999938964844,154.88999938964844,153.38999938964844,154.80999755859375,3495300
2023-05-12,145.3702850341797,155.9600067138672,156.0500030517578,154.38999938964844,154.6999969482422,5252900
2023-05-15,145.41690063476562,156.00999450683594,156.75,154.63999938964844,156.61000061035156,5414900
2023-05-16,145.1652069091797,155.74000549316406,156.9199981689453,154.92999267578125,155.8699951171875,5591500
2023-05-17,144.55001831054688,155.0800018310547,156.55999755859375,153.89999389648438,156.25999450683594,4286900
2023-05-18,142.1731719970703,152.52999877929688,153.64999389648438,151.60000610351562,153.30999755859375,6997600
2023-05-19,142.7697296142578,153.1699981689453,153.32000732421875,151.83999633789062,152.47000122070312,4754100
2023-05-22,139.03199768066406,149.16000366210938,152.60000610351562,148.8300018310547,152.5,7876200
2023-05-23,137.53134155273438,147.5500030517578,148.8800048828125,147.07000732421875,148.7899932861328,6116000
2023-05-24,136.39413452148438,146.3300018310547,148.1999969482422,146.08999633789062,147.58999633789062,5755400
2023-05-25,135.51800537109375,145.38999938964844,146.2100067138672,144.35000610351562,145.49000549316406,6510300
2023-05-26,135.52731323242188,145.39999389648438,146.00999450683594,144.72999572753906,145.3300018310547,4716400
2023-05-30,133.45803833007812,143.17999267578125,144.0399932861328,142.35000610351562,143.86000061035156,5561000
2023-05-31,132.82423400878906,142.5,143.97999572753906,141.89999389648438,143.16000366210938,19854800
2023-06-01,134.18511962890625,143.9600067138672,144.1199951171875,142.4499969482422,143.25,6091100
2023-06-02,136.57125854492188,146.52000427246094,146.67999267578125,144.38999938964844,144.50999450683594,6124400
2023-06-05,136.03065490722656,145.94000244140625,147.85000610351562,145.72999572753906,146.0500030517578,4753700
2023-06-06,134.67909240722656,144.49000549316406,146.30999755859375,143.5500030517578,146.07000732421875,4635900
2023-06-07,134.96804809570312,144.8000030517578,145.1199951171875,143.47000122070312,144.00999450683594,6194400
2023-06-08,136.4967041015625,146.44000244140625,146.64999389648438,144.9199981689453,145.33999633789062,4863700
2023-06-09,136.60853576660156,146.55999755859375,146.77999877929688,144.72999572753906,145.67999267578125,5569500
2023-06-12,135.53662109375,145.41000366210938,147.00999450683594,144.5500030517578,147.0,5354000
2023-06-13,135.21038818359375,145.05999755859375,145.67999267578125,144.27999877929688,144.50999450683594,5321200
2023-06-14,136.47804260253906,146.4199981689453,146.88999938964844,144.8300018310547,145.30999755859375,5693300
2023-06-15,138.37020874023438,148.4499969482422,148.97000122070312,146.5399932861328,147.1699981689453,5863000
2023-06-16,139.3861846923828,149.5399932861328,150.08999633789062,148.89999389648438,148.9199981689453,11244900
2023-06-20,138.0998992919922,148.16000366210938,150.27999877929688,148.11000061035156,149.75,5340700
2023-06-21,139.29298400878906,149.44000244140625,149.60000610351562,147.8699951171875,148.25999450683594,4649700
2023-06-22,139.7683563232422,149.9499969482422,151.10000610351562,149.47999572753906,150.35000610351562,6666800
2023-06-23,138.37954711914062,148.4600067138672,150.52999877929688,147.9600067138672,150.25,13843300
2023-06-26,138.5193634033203,148.61000061035156,148.97000122070312,146.72000122070312,148.10000610351562,4353100
2023-06-27,139.8336181640625,150.02000427246094,150.1699981689453,148.38999938964844,148.44000244140625,5445400
2023-06-28,139.80564880371094,149.99000549316406,150.3000030517578,147.9600067138672,149.3300018310547,6733300
2023-06-29,139.23707580566406,149.3800048828125,149.6999969482422,147.10000610351562,148.47999572753906,7343000
2023-06-30,141.4368133544922,151.74000549316406,152.07000732421875,149.7899932861328,149.8300018310547,7058300
2023-07-03,142.14523315429688,152.5,152.52999877929688,150.47000122070312,151.47999572753906,3996100
2023-07-05,141.9028778076172,152.24000549316406,152.4600067138672,151.44000244140625,151.6300048828125,8279800
2023-07-06,141.66986083984375,151.99000549316406,152.19000244140625,150.75999450683594,151.1999969482422,7958300
2023-07-07,138.69647216796875,148.8000030517578,151.9199981689453,148.75,151.7100067138672,9169500
2023-07-10,138.75238037109375,148.86000061035156,150.32000732421875,148.74000549316406,148.94000244140625,5529200
2023-07-11,138.02532958984375,148.0800018310547,149.0500030517578,146.9600067138672,148.72999572753906,5150300
2023-07-12,138.7430419921875,148.85000610351562,149.39999389648438,147.63999938964844,148.02999877929688,6764600
2023-07-13,138.83627319335938,148.9499969482422,149.52000427246094,148.1999969482422,149.0,5561400
2023-07-14,139.861572265625,150.0500030517578,150.6300048828125,148.72999572753906,149.27000427246094,6128900
2023-07-17,138.87356567382812,148.99000549316406,150.16000366210938,148.97000122070312,149.64999389648438,4625300
2023-07-18,139.13455200195312,149.27000427246094,150.47999572753906,148.3800048828125,148.63999938964844,5351200
2023-07-19,140.0852813720703,150.2899932861328,150.82000732421875,148.86000061035156,149.5500030517578,6203600
2023-07-20,141.2211456298828,150.55999755859375,150.75,148.13999938964844,149.5500030517578,6445400
2023-07-21,143.44415283203125,152.92999267578125,153.6699981689453,150.6999969482422,151.14999389648438,9938400
2023-07-24,143.9037628173828,153.4199981689453,153.9499969482422,152.3000030517578,152.83999633789062,5549500
2023-07-25,144.241455078125,153.77999877929688,153.86000061035156,152.4499969482422,153.47999572753906,5883800
2023-07-26,144.3915252685547,153.94000244140625,154.83999633789062,152.88999938964844,153.1199951171875,7013800
2023-07-27,142.67503356933594,152.11000061035156,154.60000610351562,151.9199981689453,154.16000366210938,7191600
2023-07-28,146.7082977294922,156.41000366210938,157.47999572753906,154.60000610351562,154.66000366210938,9397300
2023-07-31,146.60513305664062,156.3000030517578,157.67999267578125,155.05999755859375,156.39999389648438,7955200
2023-08-01,146.5582275390625,156.25,157.1699981689453,155.8699951171875,155.8800048828125,5718800
2023-08-02,146.8771514892578,156.58999633789062,157.72999572753906,155.97000122070312,155.97000122070312,5636000
2023-08-03,147.26170349121094,157.0,157.6999969482422,156.2100067138672,156.75999450683594,5792700
2023-08-04,145.6483917236328,155.27999877929688,157.72999572753906,155.14999389648438,157.42999267578125,4785900
2023-08-07,147.1866455078125,156.9199981689453,157.14999389648438,155.49000549316406,155.6699981689453,4107400
2023-08-08,147.3461151123047,157.08999633789062,157.6300048828125,156.52999877929688,157.27999877929688,4625500
2023-08-09,147.15853881835938,156.88999938964844,158.08999633789062,156.77000427246094,157.30999755859375,4293200
2023-08-10,146.42689514160156,156.11000061035156,158.3800048828125,155.8000030517578,157.1699981689453,4307800
2023-08-11,147.2804718017578,157.02000427246094,157.4600067138672,155.7899932861328,156.42999267578125,3862300
2023-08-14,146.1267547607422,155.7899932861328,157.52999877929688,155.5,157.1300048828125,4297600
2023-08-15,145.1887969970703,154.7899932861328,155.97000122070312,154.4600067138672,155.7899932861328,6921100
2023-08-16,143.70680236816406,153.2100067138672,155.72999572753906,152.8699951171875,154.75999450683594,6356800
2023-08-17,142.67503356933594,152.11000061035156,153.55999755859375,151.7899932861328,153.2100067138672,6419500
2023-08-18,143.07835388183594,152.5399932861328,152.88999938964844,151.1699981689453,151.6199951171875,5448200
2023-08-21,142.35609436035156,151.77000427246094,152.77999877929688,151.25999450683594,152.08999633789062,4504700
2023-08-22,142.4123992919922,151.8300018310547,152.14999389648438,150.92999267578125,151.4199981689453,4195600
2023-08-23,143.74429321289062,153.25,153.47999572753906,152.47000122070312,152.47000122070312,4522500
2023-08-24,143.07835388183594,152.5399932861328,154.67999267578125,152.47999572753906,152.5500030517578,4088900
2023-08-25,144.0163116455078,153.5399932861328,154.0800018310547,152.4600067138672,153.39999389648438,3541500
2023-08-28,144.241455078125,153.77999877929688,154.3699951171875,153.0500030517578,153.7100067138672,3614700
2023-08-29,144.32582092285156,153.8699951171875,154.0399932861328,152.02999877929688,153.9499969482422,4034600
2023-08-30,144.4853057861328,154.0399932861328,154.8699951171875,153.7100067138672,154.10000610351562,3712200
2023-08-31,144.76670837402344,154.33999633789062,155.16000366210938,153.8300018310547,154.1199951171875,5451400
2023-09-01,144.92616271972656,154.50999450683594,155.27999877929688,153.55999755859375,154.89999389648438,4126300
2023-09-05,142.9845428466797,152.44000244140625,154.85000610351562,152.39999389648438,153.8000030517578,5097000
2023-09-06,142.7031707763672,152.13999938964844,152.4499969482422,151.5399932861328,152.2899932861328,3877400
2023-09-07,144.063232421875,153.58999633789062,154.19000244140625,152.3699951171875,152.49000549316406,4824800
2023-09-08,143.44415283203125,152.92999267578125,153.4600067138672,152.35000610351562,153.4199981689453,3384700
2023-09-11,145.15126037597656,154.75,155.10000610351562,153.0800018310547,153.3300018310547,4288500
2023-09-12,142.59999084472656,152.02999877929688,155.14999389648438,151.57000732421875,154.99000549316406,4537800
2023-09-13,143.59423828125,153.08999633789062,153.58999633789062,151.66000366210938,151.97999572753906,4040600
2023-09-14,145.17002868652344,154.77000427246094,154.9199981689453,153.3699951171875,153.85000610351562,4606800
2023-09-15,143.95068359375,153.47000122070312,155.32000732421875,153.22999572753906,154.02999877929688,10262400
2023-09-18,144.49468994140625,154.0500030517578,154.47999572753906,153.50999450683594,154.4499969482422,3536500
2023-09-19,144.0726318359375,153.60000610351562,154.05999755859375,151.74000549316406,153.75,4704200
2023-09-20,143.95068359375,153.47000122070312,154.77999877929688,153.36000061035156,153.77000427246094,5446400
2023-09-21,142.7031707763672,152.13999938964844,153.7100067138672,152.07000732421875,153.4499969482422,5096400
2023-09-22,142.1779022216797,151.5800018310547,153.33999633789062,151.3800048828125,152.44000244140625,6327000
2023-09-25,141.31495666503906,150.66000366210938,151.27999877929688,150.02000427246094,151.17999267578125,5527000
2023-09-26,140.05809020996094,149.32000732421875,150.36000061035156,148.7899932861328,149.97999572753906,6366500
2023-09-27,138.2008819580078,147.33999633789062,149.6999969482422,146.6300048828125,149.4199981689453,5403700
2023-09-28,137.26290893554688,146.33999633789062,147.97999572753906,145.67999267578125,147.82000732421875,6237100
2023-09-29,136.81268310546875,145.86000061035156,146.77000427246094,144.82000732421875,146.5399932861328,6683300
2023-10-02,136.18426513671875,145.19000244140625,145.60000610351562,143.89999389648438,144.77999877929688,5153800
2023-10-03,136.46566772460938,145.49000549316406,146.49000549316406,145.00999450683594,145.1699981689453,4670600
2023-10-04,136.91586303710938,145.97000122070312,146.30999755859375,144.92999267578125,145.58999633789062,4727800
2023-10-05,134.88046264648438,143.8000030517578,146.08999633789062,143.69000244140625,145.67999267578125,5205700
2023-10-06,135.1524658203125,144.08999633789062,144.55999755859375,141.4499969482422,143.60000610351562,7406700
2023-10-09,134.46774291992188,143.36000061035156,143.97000122070312,141.60000610351562,143.36000061035156,5062200
2023-10-10,135.7996826171875,144.77999877929688,145.22000122070312,143.72000122070312,143.97999572753906,5988900
2023-10-11,134.1300811767578,143.0,145.55999755859375,142.55999755859375,145.13999938964844,5469100
2023-10-12,134.4302520751953,143.32000732421875,143.92999267578125,141.66000366210938,142.7899932861328,5965600
2023-10-13,135.7152557373047,144.69000244140625,145.02999877929688,143.19000244140625,143.19000244140625,7078900
2023-10-16,137.00967407226562,146.07000732421875,147.05999755859375,145.4600067138672,145.86000061035156,6509800
2023-10-17,137.18788146972656,146.25999450683594,146.82000732421875,145.24000549316406,146.11000061035156,6160100
2023-10-18,140.72402954101562,150.02999877929688,151.3000030517578,148.77000427246094,150.05999755859375,10508500
2023-10-19,139.93212890625,148.25,150.27999877929688,147.17999267578125,149.61000061035156,8146000
2023-10-20,139.74331665039062,148.0500030517578,149.8800048828125,147.9199981689453,149.0500030517578,7284200
2023-10-23,139.83773803710938,148.14999389648438,149.5,147.55999755859375,147.86000061035156,5981800
2023-10-24,141.48953247070312,149.89999389648438,150.07000732421875,148.07000732421875,148.1199951171875,6322000
2023-10-25,142.15025329589844,150.60000610351562,151.19000244140625,149.1199951171875,149.63999938964844,6172900
2023-10-26,141.39517211914062,149.8000030517578,151.3800048828125,149.74000549316406,151.0500030517578,7582100
2023-10-27,138.90325927734375,147.16000366210938,149.9499969482422,146.27999877929688,148.97999572753906,8131800
2023-10-30,140.88543701171875,149.25999450683594,149.5500030517578,147.5399932861328,147.89999389648438,5412800
2023-10-31,141.6122283935547,150.02999877929688,150.25999450683594,148.63999938964844,149.4600067138672,6762100
2023-11-01,141.21580505371094,149.61000061035156,150.67999267578125,149.2100067138672,150.67999267578125,5896900
2023-11-02,142.94313049316406,151.44000244140625,151.64999389648438,148.91000366210938,149.5399932861328,5859200
2023-11-03,141.64999389648438,150.07000732421875,152.2899932861328,149.6199951171875,151.7899932861328,6587700
2023-11-06,142.47119140625,150.94000244140625,151.25,150.10000610351562,150.36000061035156,6480800
2023-11-07,142.1408233642578,150.58999633789062,151.25,150.1199951171875,150.9199981689453,6003800
2023-11-08,141.59335327148438,150.00999450683594,151.1999969482422,149.50999450683594,150.9600067138672,4832600
2023-11-09,141.914306640625,150.35000610351562,150.35000610351562,149.1199951171875,149.74000549316406,6581500
2023-11-10,142.91481018066406,151.41000366210938,151.44000244140625,149.9199981689453,150.83999633789062,5387200
2023-11-13,143.90589904785156,152.4600067138672,152.89999389648438,151.4499969482422,151.4499969482422,6297500
2023-11-14,143.58499145507812,152.1199951171875,153.5,151.67999267578125,152.5500030517578,7982600
2023-11-15,142.92425537109375,151.4199981689453,152.38999938964844,150.3800048828125,152.05999755859375,7672600
2023-11-16,144.25515747070312,152.8300018310547,152.88999938964844,151.30999755859375,151.99000549316406,7590500
2023-11-17,142.59388732910156,151.07000732421875,152.83999633789062,150.88999938964844,152.72000122070312,8495600
2023-11-20,141.8387908935547,150.27000427246094,151.02999877929688,149.66000366210938,150.2100067138672,6856500
2023-11-21,141.21580505371094,149.61000061035156,150.00999450683594,148.8300018310547,149.85000610351562,7310400
2023-11-22,142.5466766357422,151.02000427246094,151.47999572753906,150.10000610351562,150.10000610351562,4372700
2023-11-24,142.88648986816406,151.3800048828125,151.74000549316406,151.02999877929688,151.17999267578125,2132500
2023-11-27,142.75433349609375,151.24000549316406,151.63999938964844,150.74000549316406,151.52000427246094,6021300
2023-11-28,143.7454376220703,152.2899932861328,152.77000427246094,151.14999389648438,151.14999389648438,6110400
2023-11-29,142.65052795410156,151.1300048828125,152.4499969482422,150.99000549316406,152.2899932861328,5342700
2023-11-30,144.90643310546875,153.52000427246094,153.6300048828125,150.0800018310547,150.89999389648438,9771300
2023-12-01,144.09466552734375,152.66000366210938,153.49000549316406,152.22999572753906,153.3300018310547,5685400
2023-12-04,143.5283203125,152.05999755859375,152.52999877929688,151.66000366210938,151.77000427246094,6578300
2023-12-05,138.52569580078125,146.75999450683594,152.61000061035156,146.17999267578125,152.13999938964844,11895800
2023-12-06,138.42190551757812,146.64999389648438,147.16000366210938,145.63999938964844,147.00999450683594,7610000
2023-12-07,138.28030395507812,146.5,147.10000610351562,146.02000427246094,146.57000732421875,6119600
2023-12-08,137.0060577392578,145.14999389648438,146.24000549316406,144.52000427246094,145.9199981689453,6385300
2023-12-11,137.63845825195312,145.82000732421875,145.8699951171875,144.64999389648438,144.8000030517578,8471200
2023-12-12,137.75173950195312,145.94000244140625,146.22999572753906,145.0800018310547,145.86000061035156,6069200
2023-12-13,140.2436065673828,148.5800018310547,148.64999389648438,145.4499969482422,145.86000061035156,9055500
2023-12-14,136.5435333251953,144.66000366210938,148.5500030517578,144.3800048828125,148.4600067138672,10565200
2023-12-15,135.8828125,143.9600067138672,144.25,142.5,143.17999267578125,14550000
2023-12-18,137.9687957763672,146.1699981689453,147.49000549316406,144.14999389648438,144.1699981689453,8421800
2023-12-19,137.9687957763672,146.1699981689453,146.33999633789062,145.38999938964844,145.6699981689453,5233600
2023-12-20,135.83563232421875,143.91000366210938,146.07000732421875,143.83999633789062,145.57000732421875,7663800
2023-12-21,136.1659698486328,144.25999450683594,144.7899932861328,143.1300048828125,144.52000427246094,6104700
2023-12-22,137.12875366210938,145.27999877929688,145.6300048828125,144.2899932861328,144.5,4413800
2023-12-26,137.75173950195312,145.94000244140625,146.1699981689453,144.97000122070312,145.08999633789062,3634900
2023-12-27,137.864990234375,146.05999755859375,146.30999755859375,145.36000061035156,145.64999389648438,4569400
2023-12-28,137.55349731445312,145.72999572753906,146.00999450683594,145.0399932861328,146.0,5023000
2023-12-29,138.31805419921875,146.5399932861328,146.9600067138672,145.72999572753906,146.0,5300900
2024-01-02,140.39463806152344,148.74000549316406,149.41000366210938,146.30999755859375,146.36000061035156,7238400
2024-01-03,139.54510498046875,147.83999633789062,149.1999969482422,147.17999267578125,148.33999633789062,7697500
2024-01-04,140.3096466064453,148.64999389648438,149.27000427246094,147.77000427246094,148.0500030517578,7067400
2024-01-05,139.14866638183594,147.4199981689453,148.8699951171875,146.5500030517578,148.72000122070312,5294200
2024-01-08,140.347412109375,148.69000244140625,148.9199981689453,147.64999389648438,147.91000366210938,8255300
2024-01-09,140.92320251464844,149.3000030517578,149.39999389648438,148.0500030517578,148.57000732421875,9786800
2024-01-10,141.5272979736328,149.94000244140625,150.0,149.25999450683594,149.35000610351562,8591100
2024-01-11,142.06529235839844,150.50999450683594,150.8000030517578,149.2899932861328,150.0500030517578,6659400
2024-01-12,142.15025329589844,150.60000610351562,151.3000030517578,149.88999938964844,150.9499969482422,5684700
2024-01-16,141.38571166992188,149.7899932861328,151.5,148.8800048828125,150.14999389648438,8120100
2024-01-17,141.5272979736328,149.94000244140625,150.60000610351562,149.00999450683594,149.16000366210938,6541400
2024-01-18,140.71136474609375,148.13999938964844,148.39999389648438,146.9199981689453,148.22999572753906,6526200
2024-01-19,140.16995239257812,147.57000732421875,148.6199951171875,147.30999755859375,148.25,7848100
2024-01-22,140.44537353515625,147.86000061035156,148.2100067138672,146.27999877929688,146.97000122070312,11084100
2024-01-23,146.25851440429688,153.97999572753906,156.39999389648438,152.88999938964844,153.11000061035156,19101600
2024-01-24,144.49179077148438,152.1199951171875,154.22999572753906,152.08999633789062,153.92999267578125,11592700
2024-01-25,147.81626892089844,155.6199951171875,155.66000366210938,152.05999755859375,152.39999389648438,10352500
2024-01-26,148.31019592285156,156.13999938964844,156.16000366210938,155.33999633789062,155.80999755859375,8356600
2024-01-29,148.32919311523438,156.16000366210938,157.3300018310547,155.39999389648438,156.67999267578125,8987400
2024-01-30,149.59249877929688,157.49000549316406,157.9199981689453,155.82000732421875,156.33999633789062,7794700
2024-01-31,149.26004028320312,157.13999938964844,158.5,156.6999969482422,157.99000549316406,8870000
2024-02-01,151.19775390625,159.17999267578125,159.3000030517578,156.6199951171875,156.77000427246094,7601100
2024-02-02,150.1623992919922,158.08999633789062,159.60000610351562,157.52999877929688,158.97000122070312,7937700
2024-02-05,150.27639770507812,158.2100067138672,159.0,157.55999755859375,158.1699981689453,6931900
2024-02-06,150.98880004882812,158.9600067138672,159.07000732421875,157.8699951171875,158.30999755859375,6185400
2024-02-07,151.14076232910156,159.1199951171875,159.8300018310547,158.74000549316406,159.10000610351562,7209300
2024-02-08,150.68482971191406,158.63999938964844,159.10000610351562,157.77000427246094,158.8000030517578,6121600
2024-02-09,149.52601623535156,157.4199981689453,158.33999633789062,156.9600067138672,158.25999450683594,5978000
2024-02-12,149.23153686523438,157.11000061035156,157.61000061035156,155.49000549316406,157.36000061035156,5482000
2024-02-13,148.43368530273438,156.27000427246094,158.97000122070312,155.47999572753906,157.75,6046800
2024-02-14,147.8257598876953,155.6300048828125,156.16000366210938,154.91000366210938,156.16000366210938,5727300
2024-02-15,149.13656616210938,157.00999450683594,157.4199981689453,156.14999389648438,156.3000030517578,6249200
2024-02-16,149.6114959716797,157.50999450683594,158.4499969482422,156.6699981689453,157.0399932861328,6617600
2024-02-20,150.5613555908203,158.50999450683594,159.7899932861328,158.1300048828125,158.6999969482422,6622100
2024-02-21,152.35655212402344,160.39999389648438,160.39999389648438,159.19000244140625,159.19000244140625,7121000
2024-02-22,152.508544921875,160.55999755859375,161.08999633789062,158.6300048828125,159.4600067138672,6619500
2024-02-23,152.95498657226562,161.02999877929688,161.74000549316406,160.16000366210938,160.60000610351562,5486500
2024-02-26,152.18560791015625,160.22000122070312,161.1699981689453,160.07000732421875,161.02999877929688,4531900
2024-02-27,151.3117218017578,159.3000030517578,159.8000030517578,158.9600067138672,159.41000366210938,3868200
2024-02-28,152.0241241455078,160.0500030517578,160.1199951171875,158.63999938964844,159.07000732421875,3802900
2024-02-29,150.96978759765625,158.94000244140625,160.11000061035156,158.17999267578125,159.92999267578125,8348100
2024-03-01,150.88430786132812,158.85000610351562,159.02999877929688,157.61000061035156,158.0500030517578,4819800
2024-03-04,151.5587158203125,159.55999755859375,159.75999450683594,157.6699981689453,157.74000549316406,3841600
2024-03-05,151.3307342529297,159.32000732421875,159.99000549316406,158.77999877929688,159.4600067138672,4481600
2024-03-06,151.56820678710938,159.57000732421875,159.99000549316406,158.91000366210938,159.67999267578125,5405700
2024-03-07,152.56553649902344,160.6199951171875,160.91000366210938,159.47000122070312,159.9499969482422,4783900
2024-03-08,152.30908203125,160.35000610351562,161.25,158.2899932861328,159.85000610351562,5080200
2024-03-11,153.44888305664062,161.5500030517578,162.6199951171875,160.82000732421875,161.33999633789062,5170900
2024-03-12,153.80984497070312,161.92999267578125,162.52000427246094,161.22999572753906,161.82000732421875,4229100
2024-03-13,154.16128540039062,162.3000030517578,162.72999572753906,161.3300018310547,162.3800048828125,5410500
2024-03-14,153.40142822265625,161.5,162.6199951171875,161.1300048828125,162.24000549316406,5848100
2024-03-15,153.2874298095703,161.3800048828125,161.5,160.3000030517578,160.6999969482422,10956900
2024-03-18,153.12596130371094,161.2100067138672,162.72000122070312,161.0,161.47999572753906,6086300
2024-03-19,153.71485900878906,161.8300018310547,162.1699981689453,161.1699981689453,161.8000030517578,6148100
2024-03-20,153.86685180664062,161.99000549316406,162.39999389648438,161.47000122070312,162.00999450683594,4870300
2024-03-21,153.7433624267578,161.86000061035156,162.4600067138672,161.1199951171875,162.08999633789062,5211500
2024-03-22,153.55340576171875,161.66000366210938,162.41000366210938,161.47000122070312,162.1999969482422,6393200
2024-03-25,152.15708923339844,160.19000244140625,161.66000366210938,159.72999572753906,161.1699981689453,7145600
2024-03-26,152.4990692138672,160.5500030517578,161.13999938964844,160.13999938964844,160.36000061035156,5842700
2024-03-27,154.45574951171875,162.61000061035156,162.74000549316406,161.33999633789062,161.36000061035156,6599700
2024-03-28,154.11380004882812,162.25,163.13999938964844,161.6999969482422,162.82000732421875,7191500
2024-04-01,152.5275421142578,160.5800018310547,162.07000732421875,159.8000030517578,161.77999877929688,5971900
2024-04-02,152.51805114746094,160.57000732421875,160.7100067138672,159.63999938964844,159.63999938964844,6771200
2024-04-03,148.31968688964844,156.14999389648438,160.8800048828125,155.67999267578125,160.6300048828125,9601800
2024-04-04,147.65481567382812,155.4499969482422,157.0800018310547,155.41000366210938,156.8800048828125,6801700
2024-04-05,148.27220153808594,156.10000610351562,157.05999755859375,154.69000244140625,155.2899932861328,5121200
2024-04-08,148.21519470214844,156.0399932861328,156.6999969482422,155.6300048828125,155.97000122070312,5476800
2024-04-09,148.8041229248047,156.66000366210938,156.75,155.6999969482422,156.27000427246094,4608100
2024-04-10,149.35504150390625,157.24000549316406,157.5800018310547,155.64999389648438,155.64999389648438,7784900
2024-04-11,148.02523803710938,155.83999633789062,157.60000610351562,155.77000427246094,157.5500030517578,8209800
2024-04-12,147.54083251953125,155.3300018310547,155.97000122070312,154.74000549316406,155.22000122070312,6770500
2024-04-15,147.65481567382812,155.4499969482422,156.82000732421875,155.3300018310547,156.4199981689453,5754000
2024-04-16,148.1297149658203,155.9499969482422,156.94000244140625,155.6699981689453,155.85000610351562,6103300
2024-04-17,149.08908081054688,156.9600067138672,157.1199951171875,155.74000549316406,156.3000030517578,6621900
2024-04-18,150.3672332763672,157.2899932861328,157.6300048828125,155.9600067138672,156.33999633789062,7819300
2024-04-19,151.17984008789062,158.13999938964844,158.17999267578125,153.52000427246094,154.97999572753906,12034200
2024-04-22,153.4741973876953,160.5399932861328,161.2899932861328,157.25,158.42999267578125,8926300
2024-04-23,154.39195251464844,161.5,162.10000610351562,160.4199981689453,161.67999267578125,7707300
2024-04-24,155.44354248046875,162.60000610351562,162.86000061035156,159.4199981689453,161.1999969482422,7217600
2024-04-25,155.39573669433594,162.5500030517578,164.32000732421875,162.0800018310547,162.97000122070312,7094600
2024-04-26,154.191162109375,161.2899932861328,163.32000732421875,160.49000549316406,162.5,5659800
2024-04-29,154.54490661621094,161.66000366210938,161.7899932861328,160.41000366210938,161.1699981689453,4621000
2024-04-30,156.01710510253906,163.1999969482422,163.35000610351562,161.60000610351562,161.83999633789062,8106100
2024-05-01,156.20828247070312,163.39999389648438,164.24000549316406,162.22000122070312,163.27999877929688,7543000
2024-05-02,156.6289520263672,163.83999633789062,164.49000549316406,162.63999938964844,163.5399932861328,5647500
2024-05-03,157.22166442871094,164.4600067138672,164.7100067138672,162.16000366210938,163.5399932861328,5581500
2024-05-06,157.20252990722656,164.44000244140625,164.97999572753906,163.25999450683594,164.77999877929688,5472400
2024-05-07,158.46444702148438,165.75999450683594,166.0399932861328,164.58999633789062,164.97999572753906,6433000
2024-05-08,157.8048095703125,165.07000732421875,166.3699951171875,164.92999267578125,165.97999572753906,4579400
2024-05-09,158.7321319580078,166.0399932861328,166.3300018310547,165.0500030517578,165.0500030517578,4671100
2024-05-10,159.50648498535156,166.85000610351562,167.36000061035156,165.6999969482422,166.08999633789062,4879400
2024-05-13,158.56959533691406,165.8699951171875,167.64999389648438,165.36000061035156,166.85000610351562,5725500
2024-05-14,158.46444702148438,165.75999450683594,166.07000732421875,163.9499969482422,165.52999877929688,6009800
2024-05-15,159.18142700195312,166.50999450683594,166.67999267578125,165.1199951171875,165.30999755859375,5102700
2024-05-16,160.47203063964844,167.86000061035156,168.33999633789062,166.58999633789062,166.92999267578125,6793600
2024-05-17,160.26168823242188,167.63999938964844,168.0,166.8800048828125,167.6699981689453,4700800
2024-05-20,159.94622802734375,167.30999755859375,167.8800048828125,166.7899932861328,167.5500030517578,3804600
2024-05-21,160.9404754638672,168.35000610351562,168.5399932861328,167.2899932861328,167.75999450683594,5147100
2024-05-22,160.42420959472656,167.80999755859375,168.42999267578125,167.6300048828125,168.00999450683594,4536700
2024-05-23,158.20632934570312,165.49000549316406,168.11000061035156,165.32000732421875,167.2899932861328,4729800
2024-05-24,158.05335998535156,165.3300018310547,166.30999755859375,165.14999389648438,165.85000610351562,3820100
2024-05-28,155.9310760498047,163.11000061035156,164.75999450683594,162.25999450683594,164.49000549316406,6466200
2024-05-29,154.5353546142578,161.64999389648438,162.74000549316406,161.4199981689453,162.64999389648438,4360400
2024-05-30,155.42440795898438,162.5800018310547,162.6999969482422,161.47999572753906,161.64999389648438,4748200
2024-05-31,157.29812622070312,164.5399932861328,164.77000427246094,161.97000122070312,162.44000244140625,10341400
2024-06-03,157.40330505371094,164.64999389648438,166.24000549316406,163.6300048828125,163.92999267578125,5828400
2024-06-04,159.65943908691406,167.00999450683594,167.1199951171875,164.39999389648438,164.7899932861328,6277000
2024-06-05,158.74169921875,166.0500030517578,167.00999450683594,164.97999572753906,167.00999450683594,5243300
2024-06-06,161.05516052246094,168.47000122070312,168.5800018310547,165.0800018310547,165.8300018310547,6302000
2024-06-07,159.7072296142578,167.05999755859375,168.97000122070312,166.83999633789062,168.39999389648438,4558200
2024-06-10,159.98446655273438,167.35000610351562,167.72000122070312,166.0800018310547,166.77999877929688,4110600
2024-06-11,160.10874938964844,167.47999572753906,167.5,166.02000427246094,166.97000122070312,3947700
2024-06-12,157.9099578857422,165.17999267578125,167.63999938964844,164.22000122070312,167.5,5474500
2024-06-13,159.08583068847656,166.41000366210938,167.0,164.47000122070312,164.47000122070312,4902200
2024-06-14,159.4490966796875,166.7899932861328,166.92999267578125,165.25,165.99000549316406,3695000
2024-06-17,160.12786865234375,167.5,168.7100067138672,165.39999389648438,165.85000610351562,6759400
2024-06-18,161.14120483398438,168.55999755859375,168.64999389648438,166.94000244140625,167.02999877929688,5112600
2024-06-20,160.29037475585938,167.6699981689453,168.77999877929688,166.86000061035156,168.3699951171875,8483600
2024-06-21,160.85438537597656,168.25999450683594,168.8800048828125,167.17999267578125,167.47999572753906,14682000
2024-06-24,161.03604125976562,168.4499969482422,169.41000366210938,167.47999572753906,168.75999450683594,7565200
2024-06-25,159.50648498535156,166.85000610351562,168.91000366210938,165.89999389648438,168.6300048828125,7968200
2024-06-26,160.0800323486328,167.4499969482422,167.80999755859375,165.66000366210938,166.0500030517578,5164000
2024-06-27,159.2865753173828,166.6199951171875,168.10000610351562,165.5,167.49000549316406,5007000
2024-06-28,157.66140747070312,164.9199981689453,167.24000549316406,164.5800018310547,166.0,9253100
2024-07-01,155.55824279785156,162.72000122070312,166.2100067138672,162.1999969482422,165.58999633789062,7638600
2024-07-02,156.68630981445312,163.89999389648438,164.0399932861328,161.7100067138672,162.5800018310547,5449200
2024-07-03,156.61940002441406,163.8300018310547,164.2100067138672,162.97999572753906,163.2100067138672,2980500
2024-07-05,157.9386444091797,165.2100067138672,165.6300048828125,163.5,164.00999450683594,6509200
2024-07-08,159.19100952148438,166.52000427246094,166.6699981689453,165.6199951171875,165.9499969482422,5144500
2024-07-09,158.3688507080078,165.66000366210938,166.75999450683594,165.13999938964844,166.6300048828125,4393100
2024-07-10,159.4586944580078,166.8000030517578,166.9199981689453,165.5399932861328,165.89999389648438,5037100
2024-07-11,158.25411987304688,165.5399932861328,166.6300048828125,164.77999877929688,166.3000030517578,5831500
2024-07-12,159.27703857421875,166.61000061035156,167.63999938964844,166.02000427246094,166.22000122070312,4684600
2024-07-15,157.33636474609375,164.5800018310547,166.6199951171875,164.4600067138672,166.47000122070312,5752500
2024-07-16,159.60206604003906,166.9499969482422,167.07000732421875,164.61000061035156,164.91000366210938,6378300
2024-07-17,161.9824676513672,169.44000244140625,170.1699981689453,167.3300018310547,167.75,7982300
2024-07-18,161.02647399902344,168.44000244140625,170.9199981689453,168.27999877929688,168.8000030517578,5926300
2024-07-19,161.5333251953125,167.9600067138672,169.0399932861328,167.1300048828125,167.97000122070312,6597100
2024-07-22,161.81222534179688,168.25,168.6999969482422,167.6999969482422,167.92999267578125,6383000
2024-07-23,160.2445831298828,166.6199951171875,168.4199981689453,166.32000732421875,168.11000061035156,4863400
2024-07-24,161.57179260253906,168.0,168.27999877929688,165.5800018310547,166.32000732421875,5907000
2024-07-25,160.51388549804688,166.89999389648438,170.08999633789062,166.8699951171875,168.32000732421875,7338300
2024-07-26,162.6393280029297,169.11000061035156,169.32000732421875,167.02999877929688,167.25,5581600
2024-07-29,163.4279327392578,169.92999267578125,170.5399932861328,168.11000061035156,168.85000610351562,6797800
2024-07-30,155.51284790039062,161.6999969482422,162.3800048828125,158.0399932861328,161.7899932861328,15746300
2024-07-31,154.6088104248047,160.75999450683594,162.86000061035156,159.2100067138672,160.80999755859375,9660900
2024-08-01,159.35018920898438,165.69000244140625,166.30999755859375,160.67999267578125,160.8800048828125,12532700
2024-08-02,163.57223510742188,170.0800018310547,170.35000610351562,165.14999389648438,167.44000244140625,11899000
2024-08-05,161.62950134277344,168.05999755859375,170.8800048828125,166.6699981689453,170.8800048828125,10338800
2024-08-06,161.65834045410156,168.08999633789062,170.3300018310547,167.85000610351562,167.89999389648438,7454900
2024-08-07,163.51451110839844,170.02000427246094,171.72000122070312,168.00999450683594,168.57000732421875,8385500
2024-08-08,164.33197021484375,170.8699951171875,171.55999755859375,169.0,169.4199981689453,6386900
2024-08-09,164.0146026611328,170.5399932861328,171.25999450683594,169.64999389648438,170.1199951171875,5377300
2024-08-12,160.4273223876953,166.80999755859375,169.64999389648438,166.1999969482422,169.39999389648438,7208100
2024-08-13,160.88894653320312,167.2899932861328,167.8000030517578,166.4600067138672,167.33999633789062,3770000
2024-08-14,162.34120178222656,168.8000030517578,169.47000122070312,165.82000732421875,166.5,5476600
2024-08-15,161.49484252929688,167.9199981689453,169.67999267578125,166.75,169.4600067138672,9491400
2024-08-16,161.46600341796875,167.88999938964844,168.35000610351562,166.8000030517578,167.82000732421875,5640800
2024-08-19,161.9757080078125,168.4199981689453,169.24000549316406,168.1699981689453,168.17999267578125,3885300
2024-08-20,163.88958740234375,170.41000366210938,170.55999755859375,168.11000061035156,168.77000427246094,4513600
2024-08-21,163.64915466308594,170.16000366210938,171.88999938964844,169.60000610351562,170.19000244140625,4082000
2024-08-22,163.63954162597656,170.14999389648438,171.24000549316406,169.13999938964844,170.8800048828125,4097300
2024-08-23,162.697021484375,169.1699981689453,170.11000061035156,168.25,170.0500030517578,4771300
2024-08-26,163.83187866210938,170.35000610351562,170.97000122070312,168.6999969482422,168.6999969482422,6472400
2024-08-27,162.77395629882812,169.25,171.10000610351562,169.0800018310547,170.8300018310547,4456400
2024-08-28,162.59124755859375,169.05999755859375,171.1999969482422,168.5800018310547,169.4199981689453,5644800
2024-08-29,163.5241241455078,170.02999877929688,170.60000610351562,168.94000244140625,169.75,4413200
2024-08-30,164.97634887695312,171.5399932861328,171.8800048828125,169.69000244140625,170.16000366210938,7301600
2024-09-03,167.84231567382812,174.52000427246094,175.0,170.99000549316406,171.02999877929688,10101400
2024-09-04,169.1695098876953,175.89999389648438,176.0,173.6300048828125,173.6300048828125,7517500
2024-09-05,168.75595092773438,175.47000122070312,176.5500030517578,174.6699981689453,175.99000549316406,6061900
2024-09-06,168.8713836669922,175.58999633789062,177.0399932861328,175.33999633789062,175.75999450683594,5785700
2024-09-09,169.32339477539062,176.05999755859375,176.83999633789062,174.66000366210938,175.5399932861328,6450200
2024-09-10,170.9871826171875,177.7899932861328,177.94000244140625,175.91000366210938,175.91000366210938,6396300
2024-09-11,167.26528930664062,173.9199981689453,177.0,173.6300048828125,176.60000610351562,6828200
2024-09-12,166.83248901367188,173.47000122070312,174.61000061035156,172.44000244140625,173.89999389648438,4838900
2024-09-13,167.41915893554688,174.0800018310547,174.5399932861328,172.8000030517578,173.3699951171875,3918000
2024-09-16,170.458251953125,177.24000549316406,177.30999755859375,174.32000732421875,174.7100067138672,6892300
2024-09-17,169.15029907226562,175.8800048828125,176.97000122070312,175.36000061035156,176.6300048828125,4757100
2024-09-18,167.26528930664062,173.9199981689453,175.89999389648438,172.57000732421875,175.0500030517578,5102900
2024-09-19,164.97634887695312,171.5399932861328,173.16000366210938,170.3800048828125,172.8800048828125,8692000
2024-09-20,167.5537872314453,174.22000122070312,174.5399932861328,171.5,171.50999450683594,28647500
2024-09-23,167.12100219726562,173.77000427246094,175.19000244140625,172.58999633789062,174.00999450683594,10265000
2024-09-24,166.61131286621094,173.24000549316406,174.5,172.6199951171875,172.8800048828125,5422400
2024-09-25,165.6687774658203,172.25999450683594,174.67999267578125,172.05999755859375,174.07000732421875,8916500
2024-09-26,166.5824737548828,173.2100067138672,174.61000061035156,171.36000061035156,171.5,4957200
2024-09-27,166.90945434570312,173.5500030517578,174.4499969482422,172.5800018310547,173.00999450683594,4599500
2024-09-30,166.5728302001953,173.1999969482422,174.0,172.7100067138672,173.72999572753906,6296600
2024-10-01,166.4189453125,173.0399932861328,174.0,172.1999969482422,173.24000549316406,7130600
2024-10-02,165.34181213378906,171.9199981689453,172.4499969482422,171.0800018310547,172.00999450683594,6212700
2024-10-03,163.6106719970703,170.1199951171875,171.3699951171875,169.77000427246094,171.3699951171875,4794300
2024-10-04,162.41815185546875,168.8800048828125,170.08999633789062,168.25999450683594,168.85000610351562,6002800
2024-10-07,160.72544860839844,167.1199951171875,169.5800018310547,166.8699951171875,169.16000366210938,6325300
2024-10-08,161.72567749023438,168.16000366210938,168.58999633789062,166.27000427246094,166.85000610351562,7473000
2024-10-09,162.793212890625,169.27000427246094,169.80999755859375,168.0,168.3800048828125,8758800
2024-10-10,162.48544311523438,168.9499969482422,169.7899932861328,168.3699951171875,168.8000030517578,6932300
2024-10-11,164.54354858398438,171.08999633789062,171.41000366210938,168.97000122070312,169.4600067138672,7036500
2024-10-14,165.9092254638672,172.50999450683594,172.83999633789062,170.74000549316406,171.02000427246094,5909000
2024-10-15,166.92869567871094,173.57000732421875,174.91000366210938,172.82000732421875,172.88999938964844,7172200
2024-10-16,165.78421020507812,172.3800048828125,172.58999633789062,170.88999938964844,171.8800048828125,6117000
2024-10-17,165.68801879882812,172.27999877929688,173.67999267578125,171.75999450683594,172.17999267578125,7045600
2024-10-18,165.69480895996094,171.27999877929688,172.2100067138672,168.4600067138672,170.3000030517578,8372500
2024-10-21,164.0115509033203,169.5399932861328,171.47999572753906,168.4499969482422,170.97999572753906,5522500
2024-10-22,164.16632080078125,169.6999969482422,170.72999572753906,168.57000732421875,168.57000732421875,7511400
2024-10-23,164.05023193359375,169.5800018310547,170.1699981689453,168.72999572753906,169.5500030517578,4837800
2024-10-24,164.08892822265625,169.6199951171875,169.9600067138672,168.92999267578125,169.4199981689453,5861200
2024-10-25,162.73460388183594,168.22000122070312,169.39999389648438,168.0399932861328,168.9199981689453,4877900
2024-10-28,163.77935791015625,169.3000030517578,169.66000366210938,168.3800048828125,169.27999877929688,5753800
2024-10-29,161.7188262939453,167.1699981689453,168.86000061035156,166.8300018310547,168.86000061035156,5681000
2024-10-30,160.7417755126953,166.16000366210938,167.32000732421875,165.9600067138672,167.08999633789062,5518100
2024-10-31,159.793701171875,165.17999267578125,167.0399932861328,165.08999633789062,165.75999450683594,6056500
2024-11-01,159.71633911132812,165.10000610351562,166.35000610351562,164.99000549316406,165.30999755859375,5454800
2024-11-04,159.69699096679688,165.0800018310547,166.27000427246094,164.5800018310547,165.72000122070312,5130200
2024-11-05,160.35479736328125,165.75999450683594,166.32000732421875,164.3300018310547,164.3300018310547,4397400
2024-11-06,155.7983856201172,161.0500030517578,166.0399932861328,159.80999755859375,165.61000061035156,11473700
2024-11-07,158.0814208984375,163.41000366210938,163.9499969482422,161.47999572753906,161.9600067138672,9056700
2024-11-08,162.24122619628906,167.7100067138672,167.75,163.92999267578125,164.02000427246094,7506200
2024-11-11,160.61598205566406,166.02999877929688,168.52000427246094,165.77999877929688,167.0,6364400
2024-11-12,160.4321746826172,165.83999633789062,167.05999755859375,165.57000732421875,166.13999938964844,6507500
2024-11-13,161.14805603027344,166.5800018310547,166.8000030517578,165.67999267578125,166.05999755859375,5412300
2024-11-14,161.6317596435547,167.0800018310547,168.0399932861328,166.50999450683594,166.7100067138672,7444300
2024-11-15,164.0115509033203,169.5399932861328,170.57000732421875,166.8800048828125,167.94000244140625,9939400
2024-11-18,165.18209838867188,170.75,171.4499969482422,168.8300018310547,169.11000061035156,6681000
2024-11-19,165.19174194335938,170.75999450683594,171.1699981689453,169.66000366210938,170.69000244140625,5683700
2024-11-20,165.31752014160156,170.88999938964844,171.07000732421875,169.50999450683594,170.00999450683594,7081100
2024-11-21,167.11688232421875,172.75,173.50999450683594,170.22000122070312,171.66000366210938,6240400
2024-11-22,170.53175354003906,176.27999877929688,177.39999389648438,173.8800048828125,174.14999389648438,10609800
2024-11-25,171.60557556152344,177.38999938964844,178.82000732421875,176.89999389648438,177.47999572753906,19357000
2024-11-26,173.46295166015625,179.30999755859375,179.4600067138672,177.1999969482422,177.1999969482422,6276700
2024-11-27,173.51133728027344,179.36000061035156,180.42999267578125,178.72999572753906,180.0,5522900
2024-11-29,173.4145965576172,179.25999450683594,179.6300048828125,178.27999877929688,178.6999969482422,3823700
2024-12-02,173.84024047851562,179.6999969482422,180.16000366210938,178.00999450683594,179.1199951171875,5728200
2024-12-03,169.69981384277344,175.4199981689453,179.6199951171875,175.1999969482422,178.77000427246094,8127300
2024-12-04,169.39990234375,175.11000061035156,175.14999389648438,173.4600067138672,174.1699981689453,6823500
2024-12-05,170.28993225097656,176.02999877929688,176.4600067138672,174.4499969482422,174.86000061035156,5022200
2024-12-06,168.1519775390625,173.82000732421875,176.74000549316406,173.75,175.3699951171875,5741200
2024-12-09,165.2207794189453,170.7899932861328,173.75999450683594,170.42999267578125,173.63999938964844,7164300
2024-12-10,166.6621856689453,172.27999877929688,172.92999267578125,169.92999267578125,170.4199981689453,6219900
2024-12-11,165.0659942626953,170.6300048828125,173.38999938964844,170.39999389648438,173.00999450683594,5237500
2024-12-12,165.27883911132812,170.85000610351562,171.82000732421875,170.02000427246094,171.42999267578125,4072800
2024-12-13,165.48196411132812,171.05999755859375,171.7899932861328,170.1199951171875,170.77000427246094,3884500
2024-12-16,165.55935668945312,171.13999938964844,172.77999877929688,171.10000610351562,171.4499969482422,5943600
2024-12-17,164.77577209472656,170.3300018310547,171.9499969482422,170.02000427246094,170.6699981689453,6069200
2024-12-18,163.5665283203125,169.0800018310547,170.55999755859375,169.02000427246094,169.75999450683594,7517100
2024-12-19,163.67295837402344,169.19000244140625,170.10000610351562,167.35000610351562,169.00999450683594,8585200
2024-12-20,162.57980346679688,168.05999755859375,169.8699951171875,167.5,168.8699951171875,21999300
2024-12-23,162.62815856933594,168.11000061035156,168.67999267578125,166.36000061035156,168.05999755859375,6983900
2024-12-24,163.4311065673828,168.94000244140625,169.17999267578125,167.4199981689453,167.6199951171875,2460800
2024-12-26,164.611328125,170.16000366210938,170.3000030517578,168.07000732421875,168.30999755859375,3629400
2024-12-27,164.00186157226562,169.52999877929688,170.75999450683594,169.25999450683594,169.4199981689453,4367900
2024-12-30,161.6414337158203,167.08999633789062,168.97999572753906,166.7100067138672,168.6699981689453,4354500
2024-12-31,162.18316650390625,167.64999389648438,168.0800018310547,166.58999633789062,167.36000061035156,3957600
2025-01-02,160.567626953125,165.97999572753906,168.7100067138672,165.91000366210938,168.08999633789062,5401700
2025-01-03,159.74534606933594,165.1300048828125,166.5,164.25,166.25,5256600
2025-01-06,155.3630828857422,160.60000610351562,163.5,160.44000244140625,162.80999755859375,8731700
2025-01-07,156.04025268554688,161.3000030517578,162.61000061035156,160.74000549316406,161.4600067138672,8447400
2025-01-08,156.81414794921875,162.10000610351562,162.39999389648438,160.57000732421875,160.99000549316406,4974800
2025-01-10,153.3895721435547,158.55999755859375,161.2100067138672,157.47000122070312,160.14999389648438,8501500
2025-01-13,153.66046142578125,158.83999633789062,160.08999633789062,158.41000366210938,159.35000610351562,6772200
2025-01-14,154.53111267089844,159.74000549316406,160.07000732421875,158.30999755859375,158.85000610351562,5982200
2025-01-15,154.4440460205078,159.64999389648438,161.14999389648438,159.33999633789062,160.58999633789062,8059200
2025-01-16,155.26632690429688,160.5,160.5800018310547,159.13999938964844,159.6199951171875,5774400
2025-01-17,155.87579345703125,161.1300048828125,161.75,159.60000610351562,159.74000549316406,7262700
2025-01-21,156.446533203125,161.72000122070312,162.35000610351562,160.9600067138672,160.9600067138672,13914700
2025-01-22,159.36805725097656,164.74000549316406,168.13999938964844,164.44000244140625,167.10000610351562,14356700
2025-01-23,160.73207092285156,166.14999389648438,166.47999572753906,163.32000732421875,163.8800048828125,7614300
2025-01-24,159.73638916015625,164.1199951171875,165.91000366210938,163.1999969482422,165.91000366210938,6199800
2025-01-27,165.12843322753906,169.66000366210938,169.94000244140625,166.11000061035156,166.72000122070312,9170800
2025-01-28,161.75112915039062,166.19000244140625,169.58999633789062,166.11000061035156,168.91000366210938,6716300
2025-01-29,161.79005432128906,166.22999572753906,167.2899932861328,165.8800048828125,166.72000122070312,4850300
2025-01-30,162.9385223388672,167.41000366210938,167.60000610351562,165.92999267578125,167.47999572753906,4136500
2025-01-31,161.5564727783203,165.99000549316406,166.6199951171875,165.2100067138672,166.0,5464700
2025-02-03,164.25247192382812,168.75999450683594,169.3800048828125,165.22999572753906,165.47000122070312,8668600
2025-02-04,163.63929748535156,168.1300048828125,169.2899932861328,166.27999877929688,169.2899932861328,6410900
2025-02-05,164.49578857421875,169.00999450683594,169.13999938964844,166.61000061035156,168.08999633789062,7536800
2025-02-06,164.36929321289062,168.8800048828125,169.92999267578125,168.02999877929688,169.3699951171875,4957900
2025-02-07,163.4835662841797,167.97000122070312,169.1199951171875,167.8699951171875,169.08999633789062,4535600
2025-02-10,163.05532836914062,167.52999877929688,168.47999572753906,166.39999389648438,167.69000244140625,7062900
2025-02-11,164.90457153320312,169.42999267578125,169.57000732421875,166.5,167.69000244140625,5438100
2025-02-12,165.05056762695312,169.5800018310547,170.0800018310547,167.97000122070312,168.35000610351562,6037400
2025-02-13,166.45211791992188,171.02000427246094,171.3800048828125,169.13999938964844,169.6300048828125,6328300
2025-02-14,158.53924560546875,162.88999938964844,170.0,162.3000030517578,169.7899932861328,13179500
2025-02-18,161.0113983154297,165.42999267578125,165.75999450683594,162.1999969482422,163.35000610351562,7075300
2025-02-19,162.04310607910156,166.49000549316406,166.8699951171875,165.24000549316406,166.10000610351562,7910700
2025-02-20,162.74388122558594,167.2100067138672,167.77999877929688,162.8000030517578,163.14999389648438,6162600
2025-02-21,165.68319702148438,170.22999572753906,170.5500030517578,165.9199981689453,167.44000244140625,9813700
2025-02-24,165.98492431640625,170.5399932861328,172.97999572753906,169.7899932861328,170.22000122070312,8564100
2025-02-25,168.03855895996094,172.64999389648438,173.9499969482422,170.8000030517578,171.27999877929688,7314900
2025-02-26,166.72463989257812,171.3000030517578,172.64999389648438,170.64999389648438,172.27999877929688,5519000
2025-02-27,167.37673950195312,171.97000122070312,173.08999633789062,170.6300048828125,170.85000610351562,5467000
2025-02-28,169.19677734375,173.83999633789062,174.64999389648438,171.85000610351562,173.5800018310547,10240100
2025-03-03,170.90003967285156,175.58999633789062,176.2899932861328,173.50999450683594,173.5800018310547,7615300
2025-03-04,168.5543975830078,173.17999267578125,179.99000549316406,172.91000366210938,176.75,12117600
2025-03-05,169.94622802734375,174.61000061035156,175.8699951171875,173.02000427246094,173.3800048828125,6989100
2025-03-06,169.99488830566406,174.66000366210938,175.83999633789062,172.83999633789062,174.88999938964844,6702500
2025-03-07,171.25042724609375,175.9499969482422,178.88999938964844,174.0500030517578,174.08999633789062,9566700
2025-03-10,171.55215454101562,176.25999450683594,179.99000549316406,175.8300018310547,176.75999450683594,11047000
2025-03-11,168.4960174560547,173.1199951171875,175.99000549316406,172.32000732421875,175.8300018310547,11032300
2025-03-12,163.87289428710938,168.3699951171875,171.8300018310547,167.77000427246094,169.6999969482422,10158800
2025-03-13,164.08700561523438,168.58999633789062,169.2899932861328,167.27999877929688,167.6999969482422,6609000
2025-03-14,163.4835662841797,167.97000122070312,168.58999633789062,166.6199951171875,167.7899932861328,6790500
2025-03-17,165.22573852539062,169.75999450683594,171.08999633789062,168.1300048828125,168.3699951171875,9931700
2025-03-18,163.23052978515625,167.7100067138672,170.25999450683594,167.5800018310547,170.07000732421875,6099900
2025-03-19,164.06756591796875,168.57000732421875,168.75,167.11000061035156,167.8699951171875,7569200
2025-03-20,163.07479858398438,167.5500030517578,169.2100067138672,166.02999877929688,168.88999938964844,8789200
2025-03-21,162.23776245117188,166.69000244140625,168.13999938964844,164.1199951171875,167.13999938964844,16027300
2025-03-24,161.22555541992188,165.64999389648438,166.8699951171875,165.36000061035156,166.42999267578125,6102100
2025-03-25,158.50033569335938,162.85000610351562,165.3699951171875,162.1999969482422,165.3000030517578,8366700
2025-03-26,162.1306915283203,166.5800018310547,166.82000732421875,162.99000549316406,163.35000610351562,7756000
2025-03-27,164.20382690429688,168.7100067138672,169.02999877929688,166.6199951171875,167.8699951171875,6211700
2025-03-28,163.5419921875,168.02999877929688,169.7100067138672,167.6199951171875,169.3800048828125,5479100
2025-03-31,165.8681182861328,170.4199981689453,171.13999938964844,168.10000610351562,168.10000610351562,11520100
2025-04-01,166.00439453125,170.55999755859375,171.0500030517578,169.05999755859375,170.57000732421875,7021100
2025-04-02,164.9727020263672,169.5,170.8800048828125,168.30999755859375,170.07000732421875,6274500
2025-04-03,167.7855224609375,172.38999938964844,174.8000030517578,170.72999572753906,174.22999572753906,9393300
2025-04-04,159.37628173828125,163.75,173.60000610351562,163.47000122070312,171.77000427246094,13454200
2025-04-07,155.95028686523438,160.22999572753906,164.6999969482422,159.19000244140625,163.66000366210938,15708000
2025-04-08,154.15943908691406,158.38999938964844,163.27999877929688,156.7100067138672,162.30999755859375,11541100
2025-04-09,157.98451232910156,162.32000732421875,164.67999267578125,156.69000244140625,157.36000061035156,10670200
2025-04-10,159.1913604736328,163.55999755859375,165.07000732421875,160.75,162.89999389648438,10581600
2025-04-11,162.45188903808594,166.91000366210938,168.02000427246094,162.6199951171875,163.3699951171875,8602800
2025-04-14,164.61257934570312,169.1300048828125,170.11000061035156,165.77999877929688,167.0399932861328,9877300
2025-04-15,163.97021484375,168.47000122070312,170.16000366210938,168.27999877929688,169.13999938964844,8765000
2025-04-16,161.94577026367188,166.38999938964844,169.67999267578125,165.7899932861328,169.2899932861328,5897500
2025-04-17,166.07252502441406,170.6300048828125,171.64999389648438,167.35000610351562,167.52999877929688,7227100
2025-04-21,162.3284454345703,165.75,169.9499969482422,164.27999877929688,169.88999938964844,8062400
2025-04-22,164.41448974609375,167.8800048828125,168.77000427246094,164.5399932861328,165.86000061035156,7907400
2025-04-23,162.30885314941406,165.72999572753906,166.61000061035156,163.11000061035156,166.39999389648438,9309200
2025-04-24,156.23684692382812,159.52999877929688,160.9600067138672,156.5800018310547,160.5,20077700
2025-04-25,157.69610595703125,161.02000427246094,161.8000030517578,157.77000427246094,159.8800048828125,12892800
2025-04-28,158.5089569091797,161.85000610351562,162.55999755859375,160.38999938964844,161.0399932861328,8127000
2025-04-29,158.91049194335938,162.25999450683594,162.38999938964844,159.1999969482422,161.2899932861328,8266200
2025-04-30,159.21409606933594,162.57000732421875,163.16000366210938,159.9499969482422,162.4499969482422,12475500
2025-05-01,156.6775665283203,159.97999572753906,161.35000610351562,159.0500030517578,160.66000366210938,6792800
2025-05-02,157.2064208984375,160.52000427246094,161.80999755859375,159.89999389648438,160.92999267578125,5750200
2025-05-05,155.5513153076172,158.8300018310547,160.91000366210938,158.02000427246094,160.88999938964844,7576200
2025-05-06,155.96263122558594,159.25,159.7100067138672,157.64999389648438,158.0399932861328,7703800
2025-05-07,156.00180053710938,159.2899932861328,160.0500030517578,158.5399932861328,159.02000427246094,6430000
2025-05-08,155.37501525878906,158.64999389648438,160.0,158.00999450683594,158.3800048828125,7230800
2025-05-09,154.4054412841797,157.66000366210938,159.1300048828125,157.41000366210938,158.02000427246094,6453200
2025-05-12,157.57855224609375,160.89999389648438,161.0500030517578,156.69000244140625,157.42999267578125,7378400
2025-05-13,155.45335388183594,158.72999572753906,160.72000122070312,157.36000061035156,160.02000427246094,7780800
2025-05-14,154.75802612304688,158.02000427246094,159.16000366210938,157.57000732421875,158.1199951171875,5988900
2025-05-15,159.05738830566406,162.41000366210938,162.91000366210938,158.6999969482422,159.58999633789062,8727300
2025-05-16,159.90943908691406,163.27999877929688,163.42999267578125,161.85000610351562,162.64999389648438,7100800
2025-05-19,161.36868286132812,164.77000427246094,165.14999389648438,163.41000366210938,163.47000122070312,8119900
2025-05-20,162.220703125,165.63999938964844,166.0,164.60000610351562,164.61000061035156,5576600
2025-05-21,162.01504516601562,165.42999267578125,166.3699951171875,164.6199951171875,164.82000732421875,6424200
2025-05-22,161.62330627441406,165.02999877929688,166.1999969482422,164.02000427246094,164.44000244140625,6245600
2025-05-23,162.43617248535156,165.86000061035156,166.22000122070312,163.47999572753906,164.8300018310547,5349800
2025-05-27,164.2969512939453,167.75999450683594,167.97999572753906,165.27000427246094,165.27000427246094,11423800
2025-05-28,163.9052276611328,167.36000061035156,168.83999633789062,167.05999755859375,167.64999389648438,5385900
2025-05-29,165.08042907714844,168.55999755859375,168.99000549316406,166.44000244140625,166.74000549316406,4842500
2025-05-30,166.3829803466797,169.88999938964844,170.99000549316406,168.60000610351562,168.75,12587500
2025-06-02,164.31654357910156,167.77999877929688,169.0399932861328,166.22999572753906,169.02000427246094,7574400
2025-06-03,163.40574645996094,166.85000610351562,167.41000366210938,165.89999389648438,166.77999877929688,6223000
2025-06-04,162.52430725097656,165.9499969482422,168.0500030517578,165.9199981689453,166.69000244140625,4939000
2025-06-05,159.43934631347656,162.8000030517578,165.44000244140625,162.50999450683594,165.42999267578125,10351800
2025-06-06,160.63417053222656,164.02000427246094,165.24000549316406,163.27999877929688,163.2899932861328,5697700
2025-06-09,159.2042999267578,162.55999755859375,164.02000427246094,162.07000732421875,163.38999938964844,6544200
2025-06-10,159.478515625,162.83999633789062,163.50999450683594,161.9199981689453,162.69000244140625,7680000
2025-06-11,158.7635955810547,162.11000061035156,162.77000427246094,161.69000244140625,162.6300048828125,5960100
2025-06-12,159.8114776611328,163.17999267578125,163.30999755859375,161.67999267578125,161.97000122070312,6509900
2025-06-13,156.9713592529297,160.27999877929688,163.02999877929688,159.91000366210938,162.75999450683594,7104500
2025-06-16,157.55899047851562,160.8800048828125,161.9499969482422,160.00999450683594,160.8800048828125,6332000
2025-06-17,155.24771118164062,158.52000427246094,160.3699951171875,158.30999755859375,160.05999755859375,6809700
2025-06-18,154.75802612304688,158.02000427246094,158.64999389648438,157.66000366210938,158.5500030517578,7211200
2025-06-20,155.796142578125,159.0800018310547,159.33999633789062,157.85000610351562,158.02999877929688,16173400
2025-06-23,157.70587158203125,161.02999877929688,161.19000244140625,159.0,159.07000732421875,6588200
2025-06-24,157.0497283935547,160.36000061035156,161.74000549316406,159.64999389648438,161.17999267578125,7470100
2025-06-25,155.6884002685547,158.97000122070312,160.33999633789062,158.7100067138672,159.82000732421875,5933700
2025-06-26,155.35543823242188,158.6300048828125,159.55999755859375,157.1699981689453,159.5500030517578,7410400
2025-06-27,156.56002807617188,159.86000061035156,160.1300048828125,158.2899932861328,158.67999267578125,19257000
2025-06-30,156.0311737060547,159.32000732421875,159.89999389648438,158.1300048828125,159.25999450683594,11238200
2025-07-01,157.8919677734375,161.22000122070312,162.52999877929688,159.3800048828125,159.8800048828125,10664900
2025-07-02,157.87237548828125,161.1999969482422,161.35000610351562,159.86000061035156,161.13999938964844,8848700
2025-07-03,157.510009765625,160.8300018310547,162.02000427246094,159.7899932861328,161.7899932861328,6999600
2025-07-07,157.18682861328125,160.5,161.17999267578125,159.2899932861328,160.88999938964844,7225700
2025-07-08,154.6306915283203,157.88999938964844,159.77999877929688,157.44000244140625,159.52000427246094,12034800
2025-07-09,154.2683563232422,157.52000427246094,158.1999969482422,155.9499969482422,158.10000610351562,18770900
2025-07-10,155.21832275390625,158.49000549316406,159.61000061035156,157.0399932861328,157.75999450683594,7200500
2025-07-11,153.80804443359375,157.0500030517578,158.0500030517578,156.44000244140625,158.0500030517578,8053800
2025-07-14,150.5859375,153.75999450683594,155.8000030517578,152.86000061035156,155.5800018310547,11491700
2025-07-15,149.52822875976562,152.67999267578125,154.0500030517578,151.89999389648438,153.55999755859375,9142600
2025-07-16,150.55657958984375,153.72999572753906,153.75999450683594,152.27000427246094,152.74000549316406,8479000
2025-07-17,152.40756225585938,155.6199951171875,155.75,153.8800048828125,154.0399932861328,8320000
2025-07-18,152.93707275390625,155.10000610351562,155.57000732421875,153.6300048828125,153.77999877929688,7337300
2025-07-21,152.8680419921875,155.02999877929688,155.94000244140625,154.88999938964844,155.07000732421875,6328400
2025-07-22,156.1121826171875,158.32000732421875,158.3699951171875,154.89999389648438,154.9199981689453,8187000
2025-07-23,156.07272338867188,158.27999877929688,158.8800048828125,157.67999267578125,158.22000122070312,4804800
2025-07-24,156.5953369140625,158.80999755859375,159.02000427246094,158.0500030517578,158.8699951171875,7027400
2025-07-25,156.0924530029297,158.3000030517578,158.44000244140625,157.02000427246094,157.33999633789062,5799900
2025-07-28,154.91903686523438,157.11000061035156,158.08999633789062,156.22999572753906,157.6300048828125,7885000
2025-07-29,154.42601013183594,156.61000061035156,158.64999389648438,154.83999633789062,158.64999389648438,11466100
2025-07-30,150.74803161621094,152.8800048828125,157.0,152.0500030517578,157.0,8162900
2025-07-31,148.37164306640625,150.47000122070312,152.0,149.91000366210938,151.8000030517578,11845400
2025-08-01,148.5491180419922,150.64999389648438,153.49000549316406,150.52000427246094,151.77999877929688,8594200
2025-08-04,148.65757751464844,150.75999450683594,151.4600067138672,150.02000427246094,150.25,7679400
2025-08-05,148.41107177734375,150.50999450683594,152.0800018310547,150.32000732421875,150.7100067138672,6670100
2025-08-06,150.7283172607422,152.86000061035156,153.47999572753906,150.2100067138672,150.86000061035156,7376200
2025-08-07,151.3495330810547,153.49000549316406,154.00999450683594,152.6999969482422,153.1199951171875,6719000
2025-08-08,151.36924743652344,153.50999450683594,153.7899932861328,152.57000732421875,152.77000427246094,5811000
2025-08-11,152.81874084472656,154.97999572753906,155.38999938964844,153.30999755859375,153.5399932861328,7331700
2025-08-12,152.92721557617188,155.08999633789062,155.5399932861328,154.30999755859375,155.05999755859375,6938000
2025-08-13,153.2427520751953,155.41000366210938,157.00999450683594,154.9499969482422,155.2100067138672,5812400
2025-08-14,151.59603881835938,153.74000549316406,154.6999969482422,153.27000427246094,154.63999938964844,6343700
2025-08-15,152.2073974609375,154.36000061035156,155.60000610351562,154.2100067138672,154.47000122070312,7121700
2025-08-18,153.54843139648438,155.72000122070312,156.9199981689453,154.1699981689453,154.4199981689453,8274500
2025-08-19,156.1910400390625,158.39999389648438,158.6999969482422,155.6699981689453,155.72999572753906,7868100
2025-08-20,157.2855682373047,159.50999450683594,161.02999877929688,158.41000366210938,158.5800018310547,7840400
2025-08-21,156.51644897460938,158.72999572753906,159.05999755859375,157.17999267578125,157.92999267578125,6417500
2025-08-22,156.457275390625,158.6699981689453,160.67999267578125,158.30999755859375,159.3800048828125,5797300
2025-08-25,153.972412109375,156.14999389648438,158.6999969482422,155.88999938964844,158.38999938964844,4692500
2025-08-26,153.79493713378906,155.97000122070312,156.6999969482422,155.33999633789062,155.9199981689453,6338000
2025-08-27,154.77114868164062,156.9600067138672,157.1300048828125,155.7899932861328,156.14999389648438,4551200
2025-08-28,153.47940063476562,155.64999389648438,157.00999450683594,155.02999877929688,157.0,5857400
2025-08-29,154.85000610351562,157.0399932861328,157.55999755859375,155.64999389648438,156.08999633789062,5318200
2025-09-02,155.78677368164062,157.99000549316406,158.86000061035156,156.97999572753906,157.36000061035156,6432800
2025-09-03,155.96426391601562,158.1699981689453,158.63999938964844,156.5,157.64999389648438,6592500
2025-09-04,156.9700469970703,159.19000244140625,159.75,157.80999755859375,158.52000427246094,6934900
2025-09-05,157.78846740722656,160.02000427246094,160.55999755859375,158.41000366210938,158.5500030517578,6436200
2025-09-08,156.79254150390625,159.00999450683594,160.27000427246094,158.25,159.61000061035156,7178400
2025-09-09,157.2362823486328,159.4600067138672,159.8699951171875,158.1999969482422,158.61000061035156,4984900
2025-09-10,155.15570068359375,157.35000610351562,158.94000244140625,155.88999938964844,158.60000610351562,6205500
2025-09-11,156.41786193847656,158.6300048828125,159.35000610351562,157.38999938964844,157.72000122070312,5819500
2025-09-12,155.69802856445312,157.89999389648438,159.1300048828125,157.77999877929688,157.92999267578125,5957000
2025-09-15,154.6429443359375,156.8300018310547,158.52000427246094,156.1999969482422,157.8800048828125,5995000
2025-09-16,155.845947265625,158.0500030517578,158.38999938964844,156.88999938964844,157.13999938964844,6559600
2025-09-17,158.09414672851562,160.3300018310547,161.6699981689453,158.42999267578125,158.42999267578125,6764200
2025-09-18,155.12612915039062,157.32000732421875,159.02000427246094,157.16000366210938,158.14999389648438,7651500
2025-09-19,153.86395263671875,156.0399932861328,157.6199951171875,155.97000122070312,157.61000061035156,17224800
2025-09-22,150.93539428710938,153.07000732421875,156.0800018310547,153.0500030517578,156.0800018310547,8712900
2025-09-23,150.37332153320312,152.5,153.2899932861328,150.97000122070312,153.1999969482422,8853400
2025-09-24,150.29444885253906,152.4199981689453,153.6300048828125,151.7899932861328,152.0500030517578,6483300
2025-09-25,150.02821350097656,152.14999389648438,153.8800048828125,151.77999877929688,153.22999572753906,7511400
2025-09-26,150.37332153320312,152.5,152.67999267578125,151.52999877929688,152.22999572753906,5721100
2025-09-29,151.38897705078125,153.52999877929688,153.72000122070312,151.7899932861328,152.4199981689453,8139700
2025-09-30,151.5072784423828,153.64999389648438,154.3800048828125,152.83999633789062,153.4600067138672,7762600
2025-10-01,151.04383850097656,153.17999267578125,153.88999938964844,151.41000366210938,153.6999969482422,7566000
2025-10-02,149.9296112060547,152.0500030517578,152.8000030517578,151.6300048828125,152.72000122070312,6892100
2025-10-03,150.14654541015625,152.27000427246094,153.42999267578125,152.0,152.0,5212600
2025-10-06,148.31248474121094,150.41000366210938,152.32000732421875,150.39999389648438,151.5,6737000
2025-10-07,150.4127655029297,152.5399932861328,153.1699981689453,150.0500030517578,150.75999450683594,6844400
2025-10-08,148.5885772705078,150.69000244140625,152.7899932861328,150.6300048828125,152.7899932861328,5254700
2025-10-09,148.4801025390625,150.5800018310547,150.8699951171875,149.5800018310547,150.74000549316406,6134500
2025-10-10,147.60250854492188,149.69000244140625,151.50999450683594,149.4499969482422,150.94000244140625,7374000
2025-10-13,145.43319702148438,147.49000549316406,149.42999267578125,146.97000122070312,149.0,7511100
2025-10-14,147.0799102783203,149.16000366210938,149.25,147.0800018310547,147.57000732421875,8585300
2025-10-15,145.36416625976562,147.4199981689453,149.41000366210938,147.27000427246094,148.52999877929688,10003100
2025-10-16,147.51377868652344,149.60000610351562,150.39999389648438,147.9199981689453,148.00999450683594,8809700
2025-10-17,149.28866577148438,151.39999389648438,152.02999877929688,150.42999267578125,150.57000732421875,8612900
2025-10-20,149.8408660888672,151.9600067138672,152.38999938964844,151.3000030517578,151.58999633789062,5601300
2025-10-21,149.50559997558594,151.6199951171875,152.27999877929688,150.8699951171875,151.9600067138672,6013400
2025-10-22,150.0775146484375,152.1999969482422,153.4600067138672,150.7899932861328,151.3000030517578,6394400
2025-10-23,150.08737182617188,152.2100067138672,153.3000030517578,150.5800018310547,152.35000610351562,8205400
2025-10-24,151.41494750976562,152.49000549316406,157.39999389648438,151.52999877929688,156.39999389648438,11968500
2025-10-27,150.6702423095703,151.74000549316406,151.75999450683594,150.1300048828125,151.61000061035156,7775300
2025-10-28,150.30284118652344,151.3699951171875,153.1699981689453,150.6199951171875,151.1199951171875,5819300
2025-10-29,147.72117614746094,148.77000427246094,150.97000122070312,148.47000122070312,150.66000366210938,7405500
2025-10-30,148.5254669189453,149.5800018310547,150.8000030517578,149.33999633789062,149.47000122070312,6760700
2025-10-31,149.3098907470703,150.3699951171875,151.10000610351562,148.52999877929688,148.7100067138672,7930300
2025-11-03,146.97647094726562,148.02000427246094,150.22000122070312,147.77000427246094,150.10000610351562,8946400
2025-11-04,146.1324462890625,147.1699981689453,149.5,146.25,148.60000610351562,9295400
2025-11-05,144.76217651367188,145.7899932861328,147.4199981689453,145.64999389648438,146.8699951171875,11199900
2025-11-06,145.09979248046875,146.1300048828125,146.67999267578125,144.4600067138672,145.8800048828125,10024500
2025-11-07,145.94378662109375,146.97999572753906,147.94000244140625,146.0,146.9499969482422,8500100
2025-11-10,144.47422790527344,145.5,146.6199951171875,144.08999633789062,146.3800048828125,10208100
2025-11-11,147.49278259277344,148.5399932861328,148.64999389648438,145.6699981689453,145.9600067138672,7332500
2025-11-12,146.96652221679688,148.00999450683594,149.14999389648438,147.50999450683594,148.52999877929688,7851100
2025-11-13,146.91688537597656,147.9600067138672,149.0,147.63999938964844,148.17999267578125,7566800
2025-11-14,146.62892150878906,147.6699981689453,149.3800048828125,147.61000061035156,149.10000610351562,9150800
2025-11-17,144.79197692871094,145.82000732421875,147.97999572753906,145.00999450683594,147.75,9902300
2025-11-18,145.9537353515625,146.99000549316406,147.38999938964844,145.50999450683594,146.3300018310547,10735200
2025-11-19,145.9537353515625,146.99000549316406,147.5399932861328,145.86000061035156,146.9600067138672,6367000
2025-11-20,147.145263671875,148.19000244140625,148.66000366210938,146.1300048828125,146.63999938964844,9021300
2025-11-21,149.85601806640625,150.9199981689453,151.5,148.3000030517578,148.3800048828125,12018000
2025-11-24,145.94378662109375,146.97999572753906,150.41000366210938,146.5399932861328,150.10000610351562,13846900
2025-11-25,147.4431610107422,148.49000549316406,148.64999389648438,147.22000122070312,147.32000732421875,10477700
2025-11-26,147.204833984375,148.25,148.97000122070312,147.61000061035156,147.9199981689453,9238500
2025-11-28,147.115478515625,148.16000366210938,148.7100067138672,147.17999267578125,147.8000030517578,4707200
2025-12-01,146.4005584716797,147.44000244140625,148.88999938964844,147.35000610351562,148.10000610351562,8240700
2025-12-02,144.83169555664062,145.86000061035156,146.19000244140625,142.50999450683594,145.2899932861328,16376800
2025-12-03,145.6757049560547,146.7100067138672,148.2899932861328,145.86000061035156,145.9199981689453,9125300
2025-12-04,144.33522033691406,145.36000061035156,147.4199981689453,144.5,146.6699981689453,10479300
2025-12-05,142.4386749267578,143.4499969482422,145.6300048828125,143.25,145.16000366210938,12791700
2025-12-08,137.3647003173828,138.33999633789062,142.91000366210938,138.13999938964844,142.91000366210938,17507500
2025-12-09,138.64561462402344,139.6300048828125,140.8800048828125,139.0,139.19000244140625,10375700
2025-12-10,138.8342742919922,139.82000732421875,141.27999877929688,139.5399932861328,139.64999389648438,13650400
2025-12-11,139.76763916015625,140.75999450683594,141.83999633789062,140.36000061035156,141.0,11798000
2025-12-12,141.83297729492188,142.83999633789062,143.11000061035156,140.83999633789062,141.0,10268800
2025-12-15,144.10684204101562,145.1300048828125,145.32000732421875,143.1999969482422,143.27000427246094,13877700
2025-12-16,144.186279296875,145.2100067138672,146.5399932861328,144.64999389648438,146.10000610351562,10251700
2025-12-17,146.7679443359375,147.80999755859375,148.4499969482422,146.4499969482422,146.69000244140625,9833300
2025-12-18,144.4940948486328,145.52000427246094,147.5,145.35000610351562,146.6199951171875,12239900
2025-12-19,143.4415740966797,144.4600067138672,146.0500030517578,143.94000244140625,145.50999450683594,19345600
2025-12-22,141.6840362548828,142.69000244140625,144.39999389648438,142.4199981689453,143.7100067138672,11731400
2025-12-23,142.1705780029297,143.17999267578125,143.72999572753906,142.0800018310547,142.49000549316406,9541600
2025-12-24,143.4713592529297,144.49000549316406,144.74000549316406,142.8300018310547,142.89999389648438,3259200
2025-12-26,143.71958923339844,144.74000549316406,145.63999938964844,144.30999755859375,144.30999755859375,4711500
2025-12-29,143.55079650878906,144.57000732421875,145.07000732421875,143.9499969482422,144.8000030517578,7662100
2025-12-30,143.03445434570312,144.0500030517578,144.4600067138672,143.57000732421875,144.2899932861328,6006400
