Price,Adj Close,Close,High,Low,Open,Volume
Ticker,SHEL,SHEL,SHEL,SHEL,SHEL,SHEL
Date,,,,,,
2015-01-02,37.86665725708008,66.9800033569336,67.16000366210938,66.2699966430664,67.0199966430664,4496666
2015-01-05,36.06886672973633,63.79999923706055,65.02999877929688,63.439998626708984,64.88999938964844,7235318
2015-01-06,35.627906799316406,63.02000045776367,64.68000030517578,63.0,63.599998474121094,7664435
2015-01-07,36.04058837890625,63.75,64.4000015258789,63.22999954223633,63.470001220703125,4969365
2015-01-08,36.7698974609375,65.04000091552734,65.33999633789062,63.97999954223633,64.2699966430664,4673947
2015-01-09,36.306312561035156,64.22000122070312,64.73739624023438,63.650001525878906,64.5999984741211,3734329
2015-01-12,35.5770149230957,62.93000030517578,63.380001068115234,62.29999923706055,63.2400016784668,4648799
2015-01-13,35.60528564453125,62.97999954223633,63.54999923706055,62.36000061035156,63.20000076293945,2628551
2015-01-14,35.2151985168457,62.290000915527344,62.529998779296875,61.04999923706055,61.59000015258789,6697948
2015-01-15,35.339569091796875,62.5099983215332,63.40999984741211,62.29999923706055,63.02000045776367,8532366
2015-01-16,36.402408599853516,64.38999938964844,64.52999877929688,63.029998779296875,63.04999923706055,4195103
2015-01-20,36.5154914855957,64.58999633789062,64.91999816894531,64.02420043945312,64.86000061035156,3356073
2015-01-21,37.0977897644043,65.62000274658203,65.87999725341797,65.18000030517578,65.38999938964844,3503008
2015-01-22,37.23347473144531,65.86000061035156,66.27989959716797,65.19999694824219,65.55999755859375,3521010
2015-01-23,36.85469436645508,65.19000244140625,65.94999694824219,64.72000122070312,64.80000305175781,8150396
2015-01-26,37.5670280456543,66.44999694824219,66.87000274658203,65.45999908447266,65.79000091552734,3415227
2015-01-27,37.70270919799805,66.69000244140625,66.95999908447266,65.94000244140625,66.0,3894255
2015-01-28,36.24413299560547,64.11000061035156,65.88999938964844,64.02999877929688,65.83999633789062,3602848
2015-01-29,35.226497650146484,62.310001373291016,62.86000061035156,61.810001373291016,62.79999923706055,5425884
2015-01-30,34.74031066894531,61.45000076293945,61.77000045776367,60.66999816894531,61.16999816894531,6676020
2015-02-02,35.58266830444336,62.939998626708984,63.02000045776367,62.060001373291016,62.56999969482422,5789622
2015-02-03,37.877960205078125,67.0,67.05000305175781,65.05000305175781,65.06999969482422,10603030
2015-02-04,36.9847297668457,65.41999816894531,66.08999633789062,64.91000366210938,65.1094970703125,8858332
2015-02-05,37.77054214477539,66.80999755859375,67.0199966430664,66.02999877929688,66.12999725341797,5306936
2015-02-06,37.448299407958984,66.23999786376953,66.69999694824219,65.94000244140625,66.19000244140625,4870901
2015-02-09,37.71965026855469,66.72000122070312,67.15799713134766,66.22000122070312,66.22000122070312,4728350
2015-02-10,37.35784149169922,66.08000183105469,66.19000244140625,65.25,66.05000305175781,3968508
2015-02-11,37.08256530761719,64.66000366210938,64.77999877929688,63.970001220703125,64.26000213623047,2555342
2015-02-12,37.4782829284668,65.3499984741211,65.88999938964844,64.88999938964844,65.04000091552734,3490878
2015-02-13,38.034576416015625,66.31999969482422,66.44999694824219,65.80999755859375,65.80999755859375,2950908
2015-02-17,38.08045959472656,66.4000015258789,66.62999725341797,65.37999725341797,65.87000274658203,2615810
2015-02-18,38.16074752807617,66.54000091552734,66.80999755859375,66.18000030517578,66.33999633789062,2384102
2015-02-19,37.32344055175781,65.08000183105469,65.61380004882812,65.06999969482422,65.37000274658203,2586496
2015-02-20,37.73636245727539,65.80000305175781,65.86000061035156,65.01000213623047,65.05999755859375,2027032
2015-02-23,37.37504959106445,65.16999816894531,65.62000274658203,64.88999938964844,65.31999969482422,2506710
2015-02-24,37.7879638671875,65.88999938964844,66.0199966430664,65.31999969482422,66.01000213623047,2618076
2015-02-25,37.82811737060547,65.95999908447266,65.9800033569336,65.16000366210938,65.4000015258789,2253696
2015-02-26,37.17433547973633,64.81999969482422,65.19000244140625,64.63999938964844,65.08999633789062,2700369
2015-02-27,37.48976516723633,65.37000274658203,65.82319641113281,65.16999816894531,65.22000122070312,2488013
2015-03-02,36.8760986328125,64.30000305175781,64.94000244140625,63.900001525878906,64.87999725341797,4226585
2015-03-03,36.3026123046875,63.29999923706055,63.53499984741211,63.029998779296875,63.15999984741211,7895542
2015-03-04,36.084678649902344,62.91999816894531,63.05500030517578,62.220001220703125,62.84000015258789,3720261
2015-03-05,35.75204849243164,62.34000015258789,62.61000061035156,62.209999084472656,62.540000915527344,2632006
2015-03-06,35.00648880004883,61.040000915527344,61.65999984741211,61.0099983215332,61.47999954223633,3335327
2015-03-09,35.069576263427734,61.150001525878906,61.70000076293945,61.09550094604492,61.34000015258789,2991803
2015-03-10,33.68170928955078,58.72999954223633,60.09000015258789,58.65999984741211,59.90999984741211,6947076
2015-03-11,33.320396423339844,58.099998474121094,58.650001525878906,57.95000076293945,58.54999923706055,4596895
2015-03-12,33.641563415527344,58.65999984741211,59.81999969482422,58.53499984741211,59.810001373291016,4534142
2015-03-13,32.83866500854492,57.2599983215332,57.5,56.81999969482422,57.5,4974712
2015-03-16,33.13114547729492,57.77000045776367,57.86000061035156,57.130001068115234,57.61000061035156,3166055
2015-03-17,33.50965881347656,58.43000030517578,58.77000045776367,58.16640090942383,58.45000076293945,3803137
2015-03-18,34.83442687988281,60.7400016784668,60.90999984741211,58.630001068115234,59.04999923706055,5267388
2015-03-19,34.524749755859375,60.20000076293945,60.400001525878906,59.529998779296875,60.130001068115234,3617332
2015-03-20,35.28750228881836,61.529998779296875,61.90999984741211,61.20000076293945,61.41999816894531,3321630
2015-03-23,35.87821960449219,62.560001373291016,62.880001068115234,62.27000045776367,62.790000915527344,3573721
2015-03-24,35.367794036865234,61.66999816894531,62.59000015258789,61.66999816894531,62.59000015258789,2686633
2015-03-25,35.80366134643555,62.43000030517578,62.900001525878906,62.31639862060547,62.68000030517578,2866301
2015-03-26,35.19001388549805,61.36000061035156,62.470001220703125,61.18000030517578,62.290000915527344,2946525
2015-03-27,34.685340881347656,60.47999954223633,60.849998474121094,60.33000183105469,60.790000915527344,2870528
2015-03-30,34.94341278076172,60.93000030517578,61.415199279785156,60.81999969482422,61.250099182128906,1788820
2015-03-31,34.209320068359375,59.650001525878906,60.099998474121094,59.47999954223633,59.650001525878906,3103805
2015-04-01,34.51900100708008,60.189998626708984,60.720001220703125,60.0,60.45000076293945,4380059
2015-04-02,34.599308013916016,60.33000183105469,60.488399505615234,59.970001220703125,60.369998931884766,3050833
2015-04-06,35.27029800415039,61.5,61.939998626708984,60.779998779296875,61.27000045776367,2015460
2015-04-07,35.528377532958984,61.95000076293945,62.52009963989258,61.88999938964844,62.04999923706055,2438767
2015-04-08,34.31256103515625,59.83000183105469,60.68000030517578,59.03499984741211,60.66999816894531,10456969
2015-04-09,34.065940856933594,59.400001525878906,59.70000076293945,58.709999084472656,58.72999954223633,8933628
2015-04-10,34.25520706176758,59.72999954223633,59.86000061035156,59.290000915527344,59.29999923706055,4529368
2015-04-13,34.29535675048828,59.79999923706055,60.209999084472656,59.77000045776367,60.02000045776367,2769151
2015-04-14,34.668128967285156,60.45000076293945,60.880001068115234,60.45000076293945,60.81999969482422,8755345
2015-04-15,35.6545524597168,62.16999816894531,62.279998779296875,61.25699996948242,61.68000030517578,4951927
2015-04-16,36.279666900634766,63.2599983215332,63.7400016784668,62.61000061035156,63.060001373291016,3961887
2015-04-17,35.98145294189453,62.7400016784668,62.7400016784668,62.220001220703125,62.36000061035156,2678825
2015-04-20,36.044532775878906,62.849998474121094,63.36000061035156,62.70000076293945,62.939998626708984,2493491
2015-04-21,35.79792404174805,62.41999816894531,62.95289993286133,62.2599983215332,62.709999084472656,3371366
2015-04-22,35.76351547241211,62.36000061035156,62.529998779296875,62.0099983215332,62.47999954223633,3053322
2015-04-23,36.10761260986328,62.959999084472656,63.25,62.66999816894531,62.79999923706055,2497302
2015-04-24,35.9929084777832,62.7599983215332,63.04999923706055,62.560001373291016,63.0099983215332,2033646
2015-04-27,36.18216323852539,63.09000015258789,63.49449920654297,63.09000015258789,63.25,2110386
2015-04-28,36.34849548339844,63.380001068115234,63.58539962768555,62.97999954223633,63.25,2416947
2015-04-29,36.41729736328125,63.5,63.971900939941406,63.01499938964844,63.130001068115234,3014746
2015-04-30,36.377166748046875,63.43000030517578,63.849998474121094,63.2400016784668,63.619998931884766,3188580
2015-05-01,36.44024658203125,63.540000915527344,63.599998474121094,62.41999816894531,63.31999969482422,3661755
2015-05-04,36.56640625,63.7599983215332,64.30999755859375,63.709999084472656,64.04000091552734,3271516
2015-05-05,36.45744705200195,63.56999969482422,64.45999908447266,63.47999954223633,64.19999694824219,2531476
2015-05-06,36.40583419799805,63.47999954223633,64.12000274658203,63.2599983215332,63.91999816894531,2085132
2015-05-07,35.62587356567383,62.119998931884766,62.7400016784668,61.65999984741211,62.54999923706055,5123669
2015-05-08,36.84169006347656,64.23999786376953,64.26000213623047,63.25,64.19999694824219,5928003
2015-05-11,36.84742736816406,64.25,64.36000061035156,63.81999969482422,64.18000030517578,4417231
2015-05-12,36.497596740722656,63.63999938964844,64.04000091552734,63.5099983215332,63.599998474121094,3019946
2015-05-13,36.84686279296875,63.29999923706055,63.619998931884766,63.060001373291016,63.310001373291016,2557610
2015-05-14,36.998191833496094,63.560001373291016,64.16999816894531,63.40999984741211,64.02999877929688,2417087
2015-05-15,36.80610275268555,63.22999954223633,63.459999084472656,62.599998474121094,62.970001220703125,1932135
2015-05-18,36.17743682861328,62.150001525878906,62.5099983215332,62.04999923706055,62.29999923706055,2061094
2015-05-19,35.6535530090332,61.25,61.86000061035156,61.150001525878906,61.84000015258789,2670751
2015-05-20,35.7467041015625,61.40999984741211,61.68000030517578,61.205501556396484,61.58000183105469,2109252
2015-05-21,36.2647590637207,62.29999923706055,62.540000915527344,61.97999954223633,62.13999938964844,2267194
2015-05-22,35.624446868896484,61.20000076293945,61.59000015258789,61.13999938964844,61.54999923706055,1862432
2015-05-26,34.73965835571289,59.68000030517578,60.279998779296875,59.357200622558594,60.099998474121094,3170341
2015-05-27,34.99577331542969,60.119998931884766,60.36000061035156,59.61000061035156,59.709999084472656,1822831
2015-05-28,34.99577331542969,60.119998931884766,60.16999816894531,59.5099983215332,59.970001220703125,2269130
2015-05-29,34.762939453125,59.720001220703125,60.27000045776367,59.540000915527344,59.9900016784668,1959171
2015-06-01,34.29144287109375,58.90999984741211,59.2400016784668,58.33000183105469,59.18000030517578,3131997
2015-06-02,34.70473861694336,59.619998931884766,59.91999816894531,59.310001373291016,59.43000030517578,2134856
2015-06-03,34.658164978027344,59.540000915527344,59.99100112915039,59.41999816894531,59.720001220703125,3504928
2015-06-04,34.081886291503906,58.54999923706055,59.18000030517578,58.459999084472656,58.83000183105469,4516057
2015-06-05,33.95964431762695,58.34000015258789,58.75,57.690101623535156,57.7599983215332,4344138
2015-06-08,33.947994232177734,58.31999969482422,58.709999084472656,58.105499267578125,58.380001068115234,2766317
2015-06-09,33.720977783203125,57.93000030517578,58.31999969482422,57.529998779296875,58.02000045776367,4657263
2015-06-10,34.419498443603516,59.130001068115234,59.38999938964844,58.893798828125,59.08000183105469,3394422
2015-06-11,34.3962287902832,59.09000015258789,59.290000915527344,58.790000915527344,59.15999984741211,1424383
2015-06-12,33.773372650146484,58.02000045776367,58.36000061035156,57.72999954223633,58.25,2293754
2015-06-15,33.76172637939453,58.0,58.2400016784668,57.40999984741211,57.439998626708984,2067174
2015-06-16,33.9305419921875,58.290000915527344,58.33000183105469,57.58000183105469,57.61000061035156,2843430
2015-06-17,33.94218063354492,58.310001373291016,58.54999923706055,57.81999969482422,58.27000045776367,4859543
2015-06-18,34.140098571777344,58.650001525878906,59.16999816894531,58.369998931884766,58.619998931884766,2702744
2015-06-19,34.081886291503906,58.54999923706055,59.119998931884766,58.54999923706055,58.88999938964844,1462607
2015-06-22,34.40786361694336,59.11000061035156,59.540000915527344,59.095001220703125,59.41999816894531,2033766
2015-06-23,34.34382629394531,59.0,59.119998931884766,58.619998931884766,58.619998931884766,3364657
2015-06-24,34.652339935302734,59.529998779296875,59.97999954223633,59.525001525878906,59.58000183105469,3556297
2015-06-25,34.47771072387695,59.22999954223633,59.97999954223633,59.189998626708984,59.97999954223633,1825908
2015-06-26,34.46607971191406,59.209999084472656,59.209999084472656,58.70000076293945,58.939998626708984,2054242
2015-06-29,33.61039352416992,57.7400016784668,58.04999923706055,57.4900016784668,57.4900016784668,4401080
2015-06-30,33.18544387817383,57.0099983215332,57.33000183105469,56.5,57.2400016784668,5295801
2015-07-01,32.76634216308594,56.290000915527344,57.02000045776367,56.15999984741211,57.0,3858757
2015-07-02,33.138893127441406,56.93000030517578,57.310001373291016,56.91999816894531,57.0,3501430
2015-07-06,32.591712951660156,55.9900016784668,56.33000183105469,55.7599983215332,56.0,3938863
2015-07-07,32.49858093261719,55.83000183105469,55.88999938964844,54.310001373291016,55.0,5760323
2015-07-08,32.09110641479492,55.130001068115234,56.0099983215332,55.029998779296875,55.86000061035156,5455480
2015-07-09,32.25990676879883,55.41999816894531,56.08000183105469,55.2400016784668,55.97999954223633,3567654
2015-07-10,33.08649826049805,56.84000015258789,57.029998779296875,56.34000015258789,56.9900016784668,3451331
2015-07-13,33.05738830566406,56.790000915527344,56.900001525878906,56.334598541259766,56.56999969482422,3282239
2015-07-14,33.55217361450195,57.63999938964844,57.720001220703125,56.81999969482422,56.91999816894531,5782323
2015-07-15,33.162166595458984,56.970001220703125,57.349998474121094,56.81999969482422,57.349998474121094,4124195
2015-07-16,33.23783874511719,57.099998474121094,57.540000915527344,57.099998474121094,57.20000076293945,3189349
2015-07-17,33.19126892089844,57.02000045776367,57.22999954223633,56.689998626708984,57.220001220703125,3343599
2015-07-20,32.99335861206055,56.68000030517578,56.91999816894531,56.439998626708984,56.75,3270115
2015-07-21,33.19708251953125,57.029998779296875,57.400001525878906,56.849998474121094,56.91999816894531,3325686
2015-07-22,32.69065856933594,56.15999984741211,56.2599983215332,55.79999923706055,56.13999938964844,5828630
2015-07-23,32.49275588989258,55.81999969482422,55.939998626708984,55.290000915527344,55.66999816894531,6975359
2015-07-24,31.654531478881836,54.380001068115234,55.220001220703125,54.34000015258789,54.93000030517578,4345155
2015-07-27,31.369314193725586,53.88999938964844,54.459999084472656,53.755001068115234,54.459999084472656,4570744
2015-07-28,31.922292709350586,54.84000015258789,55.06999969482422,54.04999923706055,54.369998931884766,4306140
2015-07-29,32.2482795715332,55.400001525878906,55.58000183105469,54.43000030517578,54.45000076293945,3004838
2015-07-30,33.3950080871582,57.369998931884766,57.97999954223633,57.13999938964844,57.75,5935700
2015-07-31,33.45904541015625,57.47999954223633,58.4900016784668,57.2400016784668,58.47999954223633,7711651
2015-08-03,33.29605484008789,57.20000076293945,57.60200119018555,56.97999954223633,57.52000045776367,6626111
2015-08-04,33.23783874511719,57.099998474121094,57.619998931884766,56.900001525878906,57.380001068115234,2785918
2015-08-05,33.592926025390625,57.709999084472656,58.41999816894531,57.70500183105469,58.15999984741211,3431737
2015-08-06,34.10517501831055,58.59000015258789,58.619998931884766,57.564998626708984,57.88999938964844,3501924
2015-08-07,33.85487365722656,58.15999984741211,58.90999984741211,58.099998474121094,58.68000030517578,4137798
2015-08-10,34.279788970947266,58.88999938964844,58.88999938964844,57.68000030517578,57.79999923706055,3362145
2015-08-11,34.3962287902832,59.09000015258789,59.15999984741211,58.38999938964844,58.849998474121094,2915559
2015-08-12,34.650577545166016,58.58000183105469,58.59550094604492,57.54999923706055,57.869998931884766,3511333
2015-08-13,33.674583435058594,56.93000030517578,57.88999938964844,56.7599983215332,57.880001068115234,2888509
2015-08-14,33.39065933227539,56.45000076293945,56.849998474121094,56.32500076293945,56.47999954223633,2187100
2015-08-17,33.18362808227539,56.099998474121094,56.41999816894531,55.88999938964844,56.2400016784668,2741008
2015-08-18,32.97069549560547,55.7400016784668,55.849998474121094,55.4900016784668,55.560001373291016,1853834
2015-08-19,32.27861404418945,54.56999969482422,55.18000030517578,54.20000076293945,55.150001525878906,3418774
2015-08-20,32.053836822509766,54.189998626708984,55.16999816894531,54.189998626708984,54.790000915527344,5155943
2015-08-21,31.01871109008789,52.439998626708984,54.0,52.439998626708984,53.91999816894531,7829612
2015-08-24,29.41571617126465,49.72999954223633,51.209999084472656,48.880001068115234,49.83000183105469,6373392
2015-08-25,29.362485885620117,49.63999938964844,51.720001220703125,49.630001068115234,51.720001220703125,4911971
2015-08-26,29.273761749267578,49.4900016784668,50.75,48.77000045776367,50.75,8783938
2015-08-27,30.722949981689453,51.939998626708984,52.060001373291016,50.45000076293945,50.5099983215332,7164759
2015-08-28,31.113344192504883,52.599998474121094,52.88999938964844,51.65999984741211,51.65999984741211,5060142
2015-08-31,31.302631378173828,52.91999816894531,52.91999816894531,51.33000183105469,51.849998474121094,4733726
2015-09-01,29.894853591918945,50.540000915527344,51.5,50.22999954223633,51.08000183105469,5516366
2015-09-02,30.15510368347168,50.97999954223633,51.279998779296875,50.0,51.20000076293945,6690189
2015-09-03,30.048627853393555,50.79999923706055,51.66999816894531,50.689998626708984,50.86000061035156,4546177
2015-09-04,29.285581588745117,49.5099983215332,49.775001525878906,49.20000076293945,49.470001220703125,3460048
2015-09-08,30.05455207824707,50.810001373291016,50.810001373291016,50.16999816894531,50.529998779296875,3178031
2015-09-09,29.658241271972656,50.13999938964844,51.68000030517578,50.09000015258789,51.400001525878906,3934053
2015-09-10,29.912593841552734,50.56999969482422,50.855499267578125,49.70000076293945,50.27000045776367,3747184
2015-09-11,29.735139846801758,50.27000045776367,50.27000045776367,49.744998931884766,50.11000061035156,2995864
2015-09-14,29.528099060058594,49.91999816894531,50.150001525878906,49.36000061035156,49.79999923706055,2815538
2015-09-15,29.746957778930664,50.290000915527344,50.59000015258789,50.0,50.02000045776367,2689345
2015-09-16,30.580989837646484,51.70000076293945,51.86000061035156,50.900001525878906,50.90999984741211,3722215
2015-09-17,30.47452163696289,51.52000045776367,52.2599983215332,51.16999816894531,51.290000915527344,3640324
2015-09-18,29.29151153564453,49.52000045776367,50.310001373291016,49.209999084472656,50.130001068115234,5136428
2015-09-21,29.232349395751953,49.41999816894531,49.54999923706055,49.15999984741211,49.290000915527344,3164224
2015-09-22,28.262277603149414,47.779998779296875,48.22999954223633,47.5,47.880001068115234,5909844
2015-09-23,28.002004623413086,47.34000015258789,48.63999938964844,47.279998779296875,48.599998474121094,4885883
2015-09-24,27.789066314697266,46.97999954223633,47.349998474121094,46.630001068115234,47.290000915527344,7612870
2015-09-25,27.97835922241211,47.29999923706055,47.61000061035156,47.04999923706055,47.529998779296875,3520411
2015-09-28,27.132492065429688,45.869998931884766,46.650001525878906,45.810001373291016,46.630001068115234,3847250
2015-09-29,27.53472137451172,46.54999923706055,47.06999969482422,46.47999954223633,46.93000030517578,6476195
2015-09-30,28.031593322753906,47.38999938964844,47.47999954223633,46.849998474121094,47.029998779296875,4472544
2015-10-01,28.498882293701172,48.18000030517578,49.36000061035156,47.880001068115234,49.119998931884766,3628329
2015-10-02,29.4748592376709,49.83000183105469,49.83000183105469,48.59000015258789,48.86000061035156,5275951
2015-10-05,30.55141258239746,51.650001525878906,51.81999969482422,50.86000061035156,51.02000045776367,3961186
2015-10-06,31.62796401977539,53.470001220703125,53.61000061035156,52.36000061035156,52.439998626708984,6179526
2015-10-07,32.51523208618164,54.970001220703125,55.4900016784668,54.5099983215332,55.119998931884766,6188436
2015-10-08,33.053489685058594,55.880001068115234,55.880001068115234,54.84000015258789,54.90999984741211,3460830
2015-10-09,32.69267654418945,55.27000045776367,55.970001220703125,54.9900016784668,55.68000030517578,4042068
2015-10-12,32.574371337890625,55.06999969482422,55.52000045776367,54.7599983215332,55.4900016784668,3026138
2015-10-13,32.01836013793945,54.130001068115234,54.619998931884766,53.439998626708984,53.470001220703125,2792285
2015-10-14,32.71042251586914,55.29999923706055,55.380001068115234,54.72999954223633,54.86000061035156,3092397
2015-10-15,33.08306884765625,55.93000030517578,56.04999923706055,54.86000061035156,55.0099983215332,3522656
2015-10-16,33.33149719238281,56.349998474121094,56.404998779296875,55.625,56.189998626708984,2517191
2015-10-19,32.426483154296875,54.81999969482422,55.630001068115234,54.59000015258789,55.58000183105469,2429268
2015-10-20,32.461971282958984,54.880001068115234,55.0,54.099998474121094,54.34000015258789,2828971
2015-10-21,32.58028793334961,55.08000183105469,55.68000030517578,54.893798828125,55.43000030517578,3015878
2015-10-22,32.7636604309082,55.38999938964844,55.470001220703125,54.86000061035156,54.91999816894531,3830111
2015-10-23,32.178062438964844,54.400001525878906,54.810001373291016,53.88999938964844,54.7400016784668,4511970
2015-10-26,31.574722290039062,53.380001068115234,54.349998474121094,53.33000183105469,54.33000183105469,2947534
2015-10-27,31.036455154418945,52.470001220703125,52.75550079345703,52.040000915527344,52.22999954223633,3914037
2015-10-28,31.361778259277344,53.02000045776367,53.90999984741211,52.56999969482422,52.83000183105469,3343457
2015-10-29,31.089691162109375,52.560001373291016,52.84000015258789,52.0,52.119998931884766,3858258
2015-10-30,31.030534744262695,52.459999084472656,52.90999984741211,52.02000045776367,52.29999923706055,2931439
2015-11-02,31.752168655395508,53.68000030517578,53.79499816894531,52.34000015258789,52.439998626708984,5619192
2015-11-03,32.39692306518555,54.77000045776367,55.220001220703125,53.61000061035156,53.68000030517578,6607669
2015-11-04,32.18989944458008,54.41999816894531,55.0,54.0,54.869998931884766,4326128
2015-11-05,31.184329986572266,52.720001220703125,53.20000076293945,52.5099983215332,52.79999923706055,4895950
2015-11-06,30.835336685180664,52.130001068115234,52.27000045776367,51.61000061035156,51.849998474121094,3854519
2015-11-09,30.711122512817383,51.91999816894531,52.59000015258789,50.75,52.36000061035156,4988645
2015-11-10,30.446063995361328,50.540000915527344,50.810001373291016,50.27000045776367,50.349998474121094,3122659
2015-11-11,29.897859573364258,49.630001068115234,50.720001220703125,49.5099983215332,50.61000061035156,3929437
2015-11-12,29.301471710205078,48.63999938964844,49.459999084472656,48.459999084472656,48.97999954223633,3970219
2015-11-13,29.120752334594727,48.34000015258789,48.5,47.790000915527344,48.2400016784668,3212568
2015-11-16,29.873762130737305,49.59000015258789,49.599998474121094,48.27000045776367,48.43000030517578,4530046
2015-11-17,29.68099021911621,49.27000045776367,49.91999816894531,49.220001220703125,49.75,4949302
2015-11-18,30.458112716674805,50.560001373291016,50.66999816894531,49.880001068115234,50.27000045776367,4037184
2015-11-19,30.753286361694336,51.04999923706055,51.40999984741211,50.829898834228516,51.0099983215332,3375220
2015-11-20,29.92799186706543,49.68000030517578,50.90999984741211,49.61000061035156,50.880001068115234,3934226
2015-11-23,29.65689468383789,49.22999954223633,49.869998931884766,49.0,49.63999938964844,3891724
2015-11-24,30.187021255493164,50.11000061035156,50.29999923706055,49.41999816894531,49.470001220703125,3119937
2015-11-25,30.078580856323242,49.93000030517578,50.349998474121094,49.650001525878906,50.099998474121094,2218222
2015-11-27,30.162925720214844,50.06999969482422,50.279998779296875,49.95000076293945,50.18000030517578,2062601
2015-11-30,29.976171493530273,49.7599983215332,50.40999984741211,49.689998626708984,50.36000061035156,3031679
2015-12-01,30.180999755859375,50.099998474121094,50.26499938964844,49.79999923706055,49.959999084472656,2445709
2015-12-02,29.87978744506836,49.599998474121094,50.72999954223633,49.41999816894531,50.18000030517578,4214464
2015-12-03,29.614727020263672,49.15999984741211,50.290000915527344,49.02000045776367,50.25,5107485
2015-12-04,29.174959182739258,48.43000030517578,48.900001525878906,47.82500076293945,48.880001068115234,5370100
2015-12-07,27.891813278198242,46.29999923706055,46.79499816894531,45.9900016784668,46.75,5936781
2015-12-08,27.5845890045166,45.790000915527344,46.43000030517578,45.09000015258789,45.47999954223633,4902147
2015-12-09,28.21712875366211,46.84000015258789,47.78099822998047,46.40999984741211,46.70000076293945,5294159
2015-12-10,27.825557708740234,46.189998626708984,47.125,46.119998931884766,46.380001068115234,4470816
2015-12-11,26.831567764282227,44.540000915527344,45.279998779296875,44.52000045776367,45.2400016784668,5575074
2015-12-14,26.476146697998047,43.95000076293945,44.34000015258789,43.2599983215332,44.0,7128793
2015-12-15,26.915904998779297,44.68000030517578,44.98099899291992,44.435001373291016,44.56999969482422,5303372
2015-12-16,26.897842407226562,44.650001525878906,44.97999954223633,44.18000030517578,44.47999954223633,5152138
2015-12-17,26.211074829101562,43.5099983215332,44.25,43.459999084472656,44.209999084472656,4719439
2015-12-18,26.33156967163086,43.709999084472656,44.150001525878906,43.52000045776367,44.150001525878906,4375733
2015-12-21,26.211074829101562,43.5099983215332,44.279998779296875,43.31999969482422,43.86000061035156,4408527
2015-12-22,26.765304565429688,44.43000030517578,44.619998931884766,43.880001068115234,44.08000183105469,4870403
2015-12-23,28.325563430786133,47.02000045776367,47.04999923706055,46.189998626708984,46.40999984741211,6395172
2015-12-24,27.86772346496582,46.2599983215332,47.029998779296875,46.25,46.79999923706055,2493560
2015-12-28,27.608688354492188,45.83000183105469,46.029998779296875,45.435001373291016,45.939998626708984,3970613
2015-12-29,28.00627899169922,46.4900016784668,46.7599983215332,46.204498291015625,46.40999984741211,3923143
2015-12-30,27.7050724029541,45.9900016784668,46.459999084472656,45.92499923706055,46.34000015258789,3294254
2015-12-31,27.5845890045166,45.790000915527344,46.13999938964844,45.540000915527344,45.599998474121094,2264668
2016-01-04,27.608688354492188,45.83000183105469,45.915000915527344,44.790000915527344,45.40999984741211,6460086
2016-01-05,27.47615623474121,45.61000061035156,45.619998931884766,44.880001068115234,45.5,5508939
2016-01-06,26.518312454223633,44.02000045776367,44.43899917602539,43.83000183105469,43.93000030517578,5030144
2016-01-07,25.37371826171875,42.119998931884766,43.22999954223633,42.029998779296875,42.099998474121094,9801354
2016-01-08,24.325519561767578,40.380001068115234,41.540000915527344,40.27000045776367,41.45000076293945,12770304
2016-01-11,24.120698928833008,40.040000915527344,40.52000045776367,39.720001220703125,40.47999954223633,9059469
2016-01-12,24.0544376373291,39.93000030517578,40.48500061035156,39.14400100708008,40.38999938964844,5362583
2016-01-13,23.458038330078125,38.939998626708984,40.63999938964844,38.79499816894531,40.43000030517578,7707532
2016-01-14,24.909860610961914,41.349998474121094,41.630001068115234,39.540000915527344,39.939998626708984,9447486
2016-01-15,23.584550857543945,39.150001525878906,39.7599983215332,38.790000915527344,39.22999954223633,11244100
2016-01-19,23.18695831298828,38.4900016784668,39.68000030517578,38.130001068115234,39.56999969482422,9378959
2016-01-20,22.211044311523438,36.869998931884766,37.189998626708984,35.79999923706055,36.95000076293945,11416697
2016-01-21,23.006235122680664,38.189998626708984,38.42720031738281,36.529998779296875,36.75,9881513
2016-01-22,24.35563850402832,40.43000030517578,40.56999969482422,39.720001220703125,40.33000183105469,8405424
2016-01-25,23.801422119140625,39.5099983215332,40.40999984741211,39.38010025024414,39.63999938964844,5363708
2016-01-26,24.84961700439453,41.25,41.55500030517578,40.130001068115234,40.689998626708984,6455513
2016-01-27,25.180946350097656,41.79999923706055,42.5099983215332,40.630001068115234,40.779998779296875,8114290
2016-01-28,26.102649688720703,43.33000183105469,43.900001525878906,42.779998779296875,43.880001068115234,6751525
2016-01-29,26.464094161987305,43.93000030517578,43.93000030517578,42.7515983581543,42.83000183105469,6247578
2016-02-01,26.132762908935547,43.380001068115234,43.630001068115234,42.592201232910156,43.02000045776367,5168692
2016-02-02,25.012279510498047,41.52000045776367,41.650001525878906,41.04999923706055,41.43000030517578,8184504
2016-02-03,25.90384292602539,43.0,43.150001525878906,41.2599983215332,42.4900016784668,7000947
2016-02-04,26.83759117126465,44.54999923706055,45.32500076293945,44.33000183105469,44.790000915527344,8924574
2016-02-05,26.915904998779297,44.68000030517578,45.25,44.279998779296875,44.90999984741211,10761028
2016-02-08,26.807464599609375,44.5,44.650001525878906,43.53499984741211,44.08000183105469,5695153
2016-02-09,25.68699073791504,42.63999938964844,43.279998779296875,42.25,43.02000045776367,8753081
2016-02-10,25.482160568237305,42.29999923706055,43.16999816894531,42.02000045776367,42.279998779296875,4367096
2016-02-11,25.590595245361328,42.47999954223633,42.7400016784668,41.61000061035156,41.970001220703125,6931481
2016-02-12,26.554460525512695,44.08000183105469,44.400001525878906,43.15829849243164,43.380001068115234,5041977
2016-02-16,27.34964370727539,45.400001525878906,45.487998962402344,44.41999816894531,45.20000076293945,6449313
2016-02-17,28.364641189575195,46.11000061035156,46.380001068115234,44.709999084472656,44.709999084472656,5945688
2016-02-18,28.149330139160156,45.7599983215332,46.5,45.61000061035156,46.439998626708984,5659913
2016-02-19,27.847932815551758,45.27000045776367,45.27000045776367,44.47100067138672,44.959999084472656,5586420
2016-02-22,28.42615509033203,46.209999084472656,46.33000183105469,45.650001525878906,45.720001220703125,4207867
2016-02-23,27.269678115844727,44.33000183105469,45.6150016784668,44.209999084472656,45.31999969482422,4265072
2016-02-24,27.220468521118164,44.25,44.27000045776367,42.849998474121094,42.97999954223633,6563559
2016-02-25,27.718732833862305,45.060001373291016,45.279998779296875,44.209999084472656,45.099998474121094,5527874
2016-02-26,28.007863998413086,45.529998779296875,45.90999984741211,45.41999816894531,45.779998779296875,4582028
2016-02-29,27.97709846496582,45.47999954223633,46.060001373291016,45.41999816894531,45.83000183105469,3279781
2016-03-01,28.56764793395996,46.439998626708984,46.5,45.58000183105469,46.02000045776367,4717063
2016-03-02,28.973642349243164,47.099998474121094,47.11000061035156,45.81999969482422,46.04999923706055,4861243
2016-03-03,29.281213760375977,47.599998474121094,47.70000076293945,46.65999984741211,46.7599983215332,4437910
2016-03-04,29.521137237548828,47.9900016784668,48.349998474121094,47.2599983215332,47.279998779296875,4371663
2016-03-07,29.69337272644043,48.27000045776367,48.65999984741211,46.709999084472656,46.7599983215332,7754218
2016-03-08,28.98594856262207,47.119998931884766,47.88999938964844,46.7599983215332,47.86000061035156,7511466
2016-03-09,29.662616729736328,48.220001220703125,48.4900016784668,47.16999816894531,47.47999954223633,9315584
2016-03-10,29.115131378173828,47.33000183105469,47.76499938964844,47.01499938964844,47.5,6648209
2016-03-11,29.70568084716797,48.290000915527344,48.529998779296875,47.90999984741211,48.08000183105469,8743009
2016-03-14,29.582639694213867,48.09000015258789,48.2599983215332,47.369998931884766,47.68000030517578,4161694
2016-03-15,29.404254913330078,47.79999923706055,47.83000183105469,47.040000915527344,47.2400016784668,3412659
2016-03-16,30.117828369140625,48.959999084472656,49.040000915527344,47.84000015258789,47.84000015258789,4502166
2016-03-17,30.81294822692871,50.09000015258789,50.31999969482422,49.310001373291016,49.66999816894531,3929901
2016-03-18,30.42540168762207,49.459999084472656,50.15999984741211,49.275001525878906,49.9900016784668,5048538
2016-03-21,30.173189163208008,49.04999923706055,49.29999923706055,48.52130126953125,49.0,2847577
2016-03-22,29.810256958007812,48.459999084472656,48.7400016784668,48.02000045776367,48.09000015258789,3429809
2016-03-23,29.34273338317871,47.70000076293945,48.31999969482422,47.650001525878906,48.20000076293945,2579536
2016-03-24,29.699525833129883,48.279998779296875,48.310001373291016,46.77000045776367,46.93000030517578,4684648
2016-03-28,29.6134033203125,48.13999938964844,48.439998626708984,47.880001068115234,48.400001525878906,2777794
2016-03-29,29.56418228149414,48.060001373291016,48.060001373291016,47.040000915527344,47.279998779296875,3707732
2016-03-30,30.19780921936035,49.09000015258789,50.02000045776367,48.88999938964844,49.54999923706055,6301458
2016-03-31,29.80409812927246,48.45000076293945,48.970001220703125,48.439998626708984,48.68000030517578,2985935
2016-04-01,29.31197738647461,47.650001525878906,47.7599983215332,46.849998474121094,46.93000030517578,3699347
2016-04-04,29.367353439331055,47.7400016784668,48.29999923706055,47.650001525878906,47.959999084472656,3436485
2016-04-05,28.739891052246094,46.720001220703125,47.02000045776367,46.41550064086914,46.56999969482422,3604410
2016-04-06,29.32428741455078,47.66999816894531,47.709999084472656,46.59000015258789,46.75,6021708
2016-04-07,29.06592559814453,47.25,47.56999969482422,46.91999816894531,47.09000015258789,4797317
2016-04-08,30.283918380737305,49.22999954223633,49.470001220703125,48.709999084472656,48.79999923706055,7418562
2016-04-11,30.634552001953125,49.79999923706055,50.060001373291016,49.5099983215332,49.56999969482422,5845997
2016-04-12,31.286619186401367,50.86000061035156,51.1150016784668,49.599998474121094,49.63999938964844,8726861
2016-04-13,31.569583892822266,51.31999969482422,51.59000015258789,50.9739990234375,51.349998474121094,7918764
2016-04-14,31.8033504486084,51.70000076293945,52.03499984741211,51.45000076293945,51.5099983215332,5983284
2016-04-15,31.815654754638672,51.720001220703125,51.9900016784668,51.5099983215332,51.86000061035156,5197994
2016-04-18,31.926362991333008,51.900001525878906,52.099998474121094,50.400001525878906,50.439998626708984,4868188
2016-04-19,32.203189849853516,52.349998474121094,52.53499984741211,51.52000045776367,51.560001373291016,5180152
2016-04-20,32.32007598876953,52.540000915527344,53.06999969482422,51.890499114990234,52.02000045776367,3670715
2016-04-21,32.37544250488281,52.630001068115234,53.11000061035156,52.40999984741211,52.95000076293945,5452402
2016-04-22,32.504615783691406,52.84000015258789,52.880001068115234,52.13999938964844,52.13999938964844,4150348
2016-04-25,31.772584915161133,51.650001525878906,52.09000015258789,51.34000015258789,51.9900016784668,4298484
2016-04-26,32.19704818725586,52.34000015258789,52.494998931884766,51.720001220703125,51.83000183105469,5626736
2016-04-27,32.89832305908203,53.47999954223633,53.720001220703125,52.720001220703125,52.72999954223633,5470113
2016-04-28,32.652252197265625,53.08000183105469,53.7400016784668,52.8650016784668,53.13999938964844,3814470
2016-04-29,32.53537368774414,52.88999938964844,53.34000015258789,52.474998474121094,53.209999084472656,4385171
2016-05-02,32.56614303588867,52.939998626708984,53.0099983215332,52.41999816894531,52.959999084472656,4011739
2016-05-03,31.674156188964844,51.4900016784668,51.939998626708984,51.369998931884766,51.7599983215332,4986959
2016-05-04,30.89291763305664,50.220001220703125,50.78219985961914,49.900001525878906,50.529998779296875,7356376
2016-05-05,31.071313858032227,50.5099983215332,51.04999923706055,50.040000915527344,50.33000183105469,5268136
2016-05-06,31.218957901000977,50.75,51.130001068115234,49.709999084472656,49.709999084472656,5786051
2016-05-09,30.511524200439453,49.599998474121094,50.29999923706055,49.400001525878906,50.2599983215332,5227363
2016-05-10,31.145122528076172,50.630001068115234,50.630001068115234,49.630001068115234,49.66999816894531,4089909
2016-05-11,31.126680374145508,50.599998474121094,50.970001220703125,49.959999084472656,50.29999923706055,4287833
2016-05-12,31.225101470947266,50.7599983215332,51.849998474121094,50.36000061035156,51.720001220703125,3690733
2016-05-13,30.5361328125,49.63999938964844,50.16999816894531,49.40399932861328,49.7599983215332,4663406
2016-05-16,31.37887954711914,51.0099983215332,51.10499954223633,50.52000045776367,50.540000915527344,3562565
2016-05-17,31.268169403076172,50.83000183105469,51.40999984741211,50.599998474121094,50.77000045776367,4002529
2016-05-18,31.092674255371094,49.61000061035156,50.2599983215332,49.439998626708984,49.9900016784668,4237629
2016-05-19,30.835710525512695,49.20000076293945,49.35499954223633,48.47999954223633,48.7599983215332,6499331
2016-05-20,30.848236083984375,49.220001220703125,49.459999084472656,48.88999938964844,49.09000015258789,4324797
2016-05-23,30.503543853759766,48.66999816894531,49.0,48.40999984741211,48.45000076293945,3269844
2016-05-24,30.72288703918457,49.02000045776367,49.28630065917969,48.7400016784668,48.939998626708984,3151533
2016-05-25,31.556459426879883,50.349998474121094,50.435001373291016,49.56999969482422,49.59000015258789,5387579
2016-05-26,31.243087768554688,49.849998474121094,50.41999816894531,49.709999084472656,50.20000076293945,3953626
2016-05-27,31.055070877075195,49.54999923706055,49.689998626708984,49.25,49.68000030517578,1963299
2016-05-31,30.39072608947754,48.4900016784668,49.709999084472656,48.349998474121094,49.36000061035156,5235930
2016-06-01,30.635154724121094,48.880001068115234,49.02000045776367,47.97999954223633,48.150001525878906,4694439
2016-06-02,30.616355895996094,48.849998474121094,48.900001525878906,48.38999938964844,48.4900016784668,2722965
2016-06-03,30.998659133911133,49.459999084472656,49.66999816894531,49.02000045776367,49.459999084472656,3226458
2016-06-06,31.186677932739258,49.7599983215332,50.189998626708984,49.650001525878906,49.95000076293945,3935700
2016-06-07,32.34615707397461,51.61000061035156,51.72999954223633,51.11000061035156,51.220001220703125,5346615
2016-06-08,33.19226837158203,52.959999084472656,53.22999954223633,52.70000076293945,52.91999816894531,4977745
2016-06-09,32.791141510009766,52.31999969482422,52.3650016784668,51.72999954223633,51.75,3281329
2016-06-10,32.15814208984375,51.310001373291016,51.832801818847656,51.10499954223633,51.540000915527344,4771271
2016-06-13,31.70061492919922,50.58000183105469,51.41999816894531,50.43000030517578,50.45000076293945,3376289
2016-06-14,30.967323303222656,49.40999984741211,50.220001220703125,48.93000030517578,49.970001220703125,6422607
2016-06-15,30.948530197143555,49.380001068115234,49.67169952392578,48.88999938964844,48.959999084472656,5212502
2016-06-16,31.412302017211914,50.119998931884766,50.22999954223633,48.32500076293945,48.81999969482422,7021625
2016-06-17,32.37749099731445,51.65999984741211,51.709999084472656,50.689998626708984,50.81999969482422,5860487
2016-06-20,32.97917556762695,52.619998931884766,53.22999954223633,52.560001373291016,53.150001525878906,5073738
2016-06-21,33.69364929199219,53.7599983215332,53.834999084472656,52.709999084472656,53.119998931884766,4777496
2016-06-22,33.53697204589844,53.5099983215332,54.29999923706055,53.38999938964844,54.11000061035156,4988183
2016-06-23,34.577354431152344,55.16999816894531,55.20000076293945,54.409000396728516,55.0099983215332,5345641
2016-06-24,32.3524169921875,51.619998931884766,53.20000076293945,50.599998474121094,50.619998931884766,14573399
2016-06-27,31.951324462890625,50.97999954223633,51.7400016784668,50.709999084472656,51.619998931884766,7329673
2016-06-28,32.74727249145508,52.25,52.279998779296875,51.630001068115234,51.849998474121094,6323393
2016-06-29,33.994483947753906,54.2400016784668,54.599998474121094,53.27000045776367,53.599998474121094,5585007
2016-06-30,34.60870361328125,55.220001220703125,55.220001220703125,54.11000061035156,54.369998931884766,6186998
2016-07-01,34.8217887878418,55.560001373291016,55.66999816894531,55.160099029541016,55.220001220703125,2624171
2016-07-05,34.40814208984375,54.900001525878906,55.540000915527344,54.66999816894531,55.36000061035156,5381277
2016-07-06,34.3642692565918,54.83000183105469,54.88999938964844,53.54999923706055,53.7599983215332,4968064
2016-07-07,34.007022857666016,54.2599983215332,55.08000183105469,53.93000030517578,54.849998474121094,5088194
2016-07-08,34.207584381103516,54.58000183105469,54.790000915527344,54.255001068115234,54.380001068115234,7415512
2016-07-11,34.39560317993164,54.880001068115234,55.150001525878906,54.68000030517578,54.779998779296875,6392853
2016-07-12,34.97847366333008,55.810001373291016,56.130001068115234,55.58000183105469,55.75,5490536
2016-07-13,34.802982330322266,55.529998779296875,56.2400016784668,55.029998779296875,56.06999969482422,5302521
2016-07-14,34.765377044677734,55.470001220703125,56.290000915527344,55.41999816894531,56.2599983215332,3949903
2016-07-15,34.60243225097656,55.209999084472656,55.369998931884766,54.97999954223633,55.31999969482422,3258561
2016-07-18,34.915794372558594,55.709999084472656,55.720001220703125,54.790000915527344,55.130001068115234,4620603
2016-07-19,34.677635192871094,55.33000183105469,55.529998779296875,55.150001525878906,55.33000183105469,4053111
2016-07-20,34.57109069824219,55.15999984741211,55.4900016784668,54.349998474121094,54.599998474121094,6696999
2016-07-21,34.49588394165039,55.040000915527344,55.540000915527344,54.720001220703125,54.7599983215332,5816746
2016-07-22,34.53974151611328,55.11000061035156,55.15999984741211,54.79499816894531,55.06999969482422,3434232
2016-07-25,33.562034606933594,53.54999923706055,54.15999984741211,53.41999816894531,54.02000045776367,3967154
2016-07-26,34.069698333740234,54.36000061035156,54.40999984741211,53.68000030517578,53.709999084472656,4970106
2016-07-27,33.8127326965332,53.95000076293945,54.720001220703125,53.66999816894531,54.5099983215332,5348084
2016-07-28,32.80994415283203,52.349998474121094,52.435001373291016,51.959999084472656,52.36000061035156,8067348
2016-07-29,32.4589729309082,51.790000915527344,51.880001068115234,51.02000045776367,51.06999969482422,10576503
2016-08-01,31.073871612548828,49.58000183105469,50.630001068115234,49.349998474121094,50.619998931884766,9873975
2016-08-02,31.15534782409668,49.709999084472656,50.0,49.09579849243164,49.88999938964844,5861412
2016-08-03,31.192949295043945,49.77000045776367,49.79999923706055,48.79999923706055,49.0099983215332,8218439
2016-08-04,31.406049728393555,50.11000061035156,50.470001220703125,49.810001373291016,50.18000030517578,5740023
2016-08-05,31.4373779296875,50.15999984741211,50.189998626708984,49.75320053100586,50.0,4134448
2016-08-08,31.556459426879883,50.349998474121094,50.41999816894531,49.939998626708984,49.97999954223633,4426748
2016-08-09,31.4749813079834,50.220001220703125,50.435001373291016,49.97999954223633,50.34000015258789,4131136
2016-08-10,31.257831573486328,48.939998626708984,49.25,48.900001525878906,49.130001068115234,4647487
2016-08-11,31.902925491333008,49.95000076293945,50.27000045776367,49.16999816894531,49.20000076293945,5541563
2016-08-12,31.832658767700195,49.84000015258789,50.29999923706055,49.720001220703125,50.2599983215332,3251352
2016-08-15,31.94762420654297,50.02000045776367,50.650001525878906,49.900001525878906,50.5,2674212
2016-08-16,32.381935119628906,50.70000076293945,50.834999084472656,50.279998779296875,50.529998779296875,3259767
2016-08-17,32.4649658203125,50.83000183105469,50.900001525878906,50.19499969482422,50.5099983215332,4194481
2016-08-18,32.80347442626953,51.36000061035156,51.36000061035156,50.625,50.63999938964844,3291930
2016-08-19,32.32445526123047,50.61000061035156,50.86000061035156,50.470001220703125,50.83000183105469,2507642
2016-08-22,32.00511169433594,50.11000061035156,50.309898376464844,49.790000915527344,50.08000183105469,3309751
2016-08-23,31.973180770874023,50.060001373291016,50.380001068115234,49.90999984741211,50.0,6063631
2016-08-24,31.730470657348633,49.68000030517578,50.189998626708984,49.630001068115234,50.02000045776367,4086261
2016-08-25,31.74962043762207,49.709999084472656,49.85499954223633,49.529998779296875,49.720001220703125,3229622
2016-08-26,31.743240356445312,49.70000076293945,50.79999923706055,49.529998779296875,50.189998626708984,3536067
2016-08-29,31.781558990478516,49.7599983215332,49.84000015258789,49.5,49.529998779296875,3059778
2016-08-30,31.81350326538086,49.810001373291016,50.18000030517578,49.77000045776367,50.0,3250190
2016-08-31,31.23228645324707,48.900001525878906,49.45500183105469,48.724998474121094,49.400001525878906,4589251
2016-09-01,31.059839248657227,48.630001068115234,48.845001220703125,48.380001068115234,48.66999816894531,3837341
2016-09-02,31.704912185668945,49.63999938964844,50.119998931884766,49.27000045776367,49.650001525878906,5798186
2016-09-06,32.113677978515625,50.279998779296875,50.34000015258789,49.724998474121094,50.0,3491646
2016-09-07,32.33083724975586,50.619998931884766,50.88999938964844,50.59000015258789,50.880001068115234,3015841
2016-09-08,32.66935729980469,51.150001525878906,51.31999969482422,50.630001068115234,51.040000915527344,4399323
2016-09-09,31.666597366333008,49.58000183105469,50.5,49.529998779296875,50.5,6113092
2016-09-12,31.775178909301758,49.75,49.86000061035156,48.939998626708984,49.119998931884766,4618763
2016-09-13,30.797969818115234,48.220001220703125,49.029998779296875,48.095001220703125,48.959999084472656,7424777
2016-09-14,30.491397857666016,47.7400016784668,48.540000915527344,47.61000061035156,48.09000015258789,5553866
2016-09-15,30.66383934020996,48.0099983215332,48.27000045776367,47.43000030517578,47.70000076293945,5220358
2016-09-16,30.152881622314453,47.209999084472656,47.380001068115234,47.029998779296875,47.150001525878906,5921059
2016-09-19,30.28700828552246,47.41999816894531,48.099998474121094,47.34000015258789,48.04999923706055,5392562
2016-09-20,30.057077407836914,47.060001373291016,47.59000015258789,47.04999923706055,47.560001373291016,3920427
2016-09-21,30.657445907592773,48.0,48.060001373291016,47.34000015258789,47.560001373291016,3689069
2016-09-22,30.9576473236084,48.470001220703125,49.18000030517578,48.40999984741211,49.11000061035156,4717660
2016-09-23,30.638296127319336,47.970001220703125,48.58000183105469,47.75,48.400001525878906,3883608
2016-09-26,30.318944931030273,47.470001220703125,48.0099983215332,47.439998626708984,47.65999984741211,3958087
2016-09-27,30.082622528076172,47.099998474121094,47.130001068115234,46.56999969482422,46.79999923706055,5481209
2016-09-28,31.117321014404297,48.720001220703125,48.790000915527344,46.86000061035156,47.36000061035156,7350740
2016-09-29,31.76240348815918,49.72999954223633,50.18000030517578,49.25,49.75,8097890
2016-09-30,31.97956085205078,50.06999969482422,50.34000015258789,49.65999984741211,49.939998626708984,5996694
2016-10-03,32.15838623046875,50.349998474121094,50.439998626708984,50.040000915527344,50.40999984741211,3283296
2016-10-04,32.369163513183594,50.68000030517578,51.36000061035156,50.34000015258789,51.20000076293945,7462435
2016-10-05,32.89927673339844,51.5099983215332,51.689998626708984,50.9900016784668,51.369998931884766,3864378
2016-10-06,32.66294860839844,51.13999938964844,51.4900016784668,51.099998474121094,51.40999984741211,3609563
2016-10-07,32.7651481628418,51.29999923706055,51.65999984741211,51.06999969482422,51.630001068115234,2852313
2016-10-10,33.33998107910156,52.20000076293945,52.41999816894531,51.959999084472656,52.0099983215332,4454921
2016-10-11,32.71406936645508,51.220001220703125,52.040000915527344,51.040000915527344,52.0,3741531
2016-10-12,32.52883529663086,50.93000030517578,51.27000045776367,50.795501708984375,51.15999984741211,3313491
2016-10-13,32.28614044189453,50.54999923706055,50.77899932861328,50.029998779296875,50.13999938964844,3451204
2016-10-14,32.41386795043945,50.75,51.560001373291016,50.720001220703125,51.38999938964844,3375986
2016-10-17,32.09453201293945,50.25,50.41999816894531,49.880001068115234,50.27000045776367,2803363
2016-10-18,32.33083724975586,50.619998931884766,50.85499954223633,50.41999816894531,50.84000015258789,2094203
2016-10-19,32.58633041381836,51.02000045776367,51.3650016784668,50.459999084472656,50.560001373291016,3251384
2016-10-20,32.56716537475586,50.9900016784668,51.11000061035156,50.54999923706055,50.900001525878906,2613661
2016-10-21,32.45857620239258,50.81999969482422,50.849998474121094,50.47999954223633,50.540000915527344,2255927
2016-10-24,32.311683654785156,50.59000015258789,51.09000015258789,50.10710144042969,51.04999923706055,2257607
2016-10-25,32.26058578491211,50.5099983215332,50.81999969482422,50.31999969482422,50.630001068115234,2562972
2016-10-26,31.9859561920166,50.08000183105469,50.189998626708984,49.560699462890625,49.77000045776367,3122312
2016-10-27,32.2669792175293,50.52000045776367,50.81999969482422,50.15999984741211,50.279998779296875,3615778
2016-10-28,31.851821899414062,49.869998931884766,50.35499954223633,49.77000045776367,50.02000045776367,4687364
2016-10-31,31.81350326538086,49.810001373291016,49.904998779296875,49.34000015258789,49.61000061035156,4172947
2016-11-01,33.32082748413086,52.16999816894531,52.20000076293945,51.5,51.709999084472656,8811902
2016-11-02,32.57355499267578,51.0,51.380001068115234,50.540000915527344,51.2400016784668,5890965
2016-11-03,32.50328826904297,50.88999938964844,51.11000061035156,50.529998779296875,50.86000061035156,4078452
2016-11-04,32.113677978515625,50.279998779296875,50.7400016784668,50.17499923706055,50.25,5067691
2016-11-07,32.80347442626953,51.36000061035156,51.380001068115234,50.869998931884766,50.900001525878906,3790208
2016-11-08,32.86204147338867,50.5099983215332,50.97480010986328,50.31999969482422,50.33000183105469,3945975
2016-11-09,33.102760314941406,50.880001068115234,51.189998626708984,49.939998626708984,49.9900016784668,3859170
2016-11-10,33.27841567993164,51.150001525878906,51.65999984741211,50.90999984741211,51.52000045776367,4150885
2016-11-11,32.06179428100586,49.279998779296875,49.88999938964844,48.86000061035156,49.720001220703125,5559351
2016-11-14,31.736488342285156,48.779998779296875,48.810001373291016,48.06999969482422,48.369998931884766,6882764
2016-11-15,32.46515655517578,49.900001525878906,49.97990036010742,49.11000061035156,49.11000061035156,6521191
2016-11-16,32.05529022216797,49.27000045776367,49.7400016784668,49.119998931884766,49.2599983215332,5505716
2016-11-17,32.172401428222656,49.45000076293945,50.0255012512207,49.38999938964844,49.72999954223633,3166882
2016-11-18,32.022743225097656,49.220001220703125,49.45000076293945,48.83000183105469,49.25,3618058
2016-11-21,32.87504959106445,50.529998779296875,50.58000183105469,50.220001220703125,50.2400016784668,3665758
2016-11-22,33.02467346191406,50.7599983215332,50.93000030517578,50.29899978637695,50.72999954223633,3896874
2016-11-23,32.725406646728516,50.29999923706055,50.51100158691406,49.9900016784668,50.0,3314885
2016-11-25,32.647335052490234,50.18000030517578,50.29999923706055,50.029998779296875,50.150001525878906,1504274
2016-11-28,32.00973129272461,49.20000076293945,49.66999816894531,49.1150016784668,49.63999938964844,4228085
2016-11-29,31.918659210205078,49.060001373291016,49.209999084472656,48.34000015258789,48.58000183105469,3981835
2016-11-30,33.245887756347656,51.099998474121094,51.5,50.59000015258789,50.61000061035156,8517364
2016-12-01,33.68829345703125,51.779998779296875,52.45500183105469,51.58000183105469,52.060001373291016,6271183
2016-12-02,33.779388427734375,51.91999816894531,52.130001068115234,51.44129943847656,51.58000183105469,3315328
2016-12-05,33.96156311035156,52.20000076293945,52.529998779296875,52.189998626708984,52.5099983215332,3631680
2016-12-06,34.0721549987793,52.369998931884766,52.52000045776367,51.970001220703125,52.20000076293945,5202692
2016-12-07,34.38443374633789,52.849998474121094,52.970001220703125,52.540000915527344,52.77000045776367,3859633
2016-12-08,34.325889587402344,52.7599983215332,52.970001220703125,52.2400016784668,52.79999923706055,3316016
2016-12-09,34.358421325683594,52.810001373291016,52.83000183105469,52.4900016784668,52.63999938964844,3286963
2016-12-12,34.74878692626953,53.40999984741211,54.33000183105469,53.25130081176758,54.16999816894531,5052480
2016-12-13,35.32132339477539,54.290000915527344,54.439998626708984,53.720001220703125,54.0,4343307
2016-12-14,34.68372344970703,53.310001373291016,54.56999969482422,53.220001220703125,54.34000015258789,4811930
2016-12-15,34.93095779418945,53.689998626708984,53.779998779296875,53.09550094604492,53.27000045776367,3165425
2016-12-16,35.269264221191406,54.209999084472656,54.380001068115234,53.66999816894531,53.720001220703125,3403428
2016-12-19,35.18468475341797,54.08000183105469,54.5,54.040000915527344,54.380001068115234,3097325
2016-12-20,35.23673629760742,54.15999984741211,54.59000015258789,54.11000061035156,54.58000183105469,4433231
2016-12-21,35.210716247558594,54.119998931884766,54.310001373291016,54.0,54.220001220703125,2407662
2016-12-22,35.25625991821289,54.189998626708984,54.41999816894531,54.099998474121094,54.25,4211650
2016-12-23,35.2042121887207,54.11000061035156,54.220001220703125,53.97999954223633,54.040000915527344,2479153
2016-12-27,35.34082794189453,54.31999969482422,54.470001220703125,54.2400016784668,54.25,1922030
2016-12-28,35.2757682800293,54.220001220703125,54.70000076293945,54.18000030517578,54.54999923706055,2782152
2016-12-29,35.49698257446289,54.560001373291016,54.91999816894531,54.5,54.7400016784668,3511867
2016-12-30,35.37986755371094,54.380001068115234,54.97999954223633,54.33000183105469,54.880001068115234,2692788
2017-01-03,35.92637634277344,55.220001220703125,55.5,54.8650016784668,55.2400016784668,5647968
2017-01-04,36.29072189331055,55.779998779296875,55.93000030517578,55.61000061035156,55.75,3916628
2017-01-05,36.60951614379883,56.27000045776367,56.38999938964844,55.88999938964844,55.95000076293945,3310273
2017-01-06,36.29722213745117,55.790000915527344,55.939998626708984,55.58000183105469,55.61000061035156,2235492
2017-01-09,35.52300262451172,54.599998474121094,55.15999984741211,54.56010055541992,55.08000183105469,3618892
2017-01-10,35.37336349487305,54.369998931884766,54.849998474121094,54.31999969482422,54.65999984741211,2893282
2017-01-11,36.08903121948242,55.470001220703125,55.599998474121094,54.65999984741211,54.810001373291016,3742909
2017-01-12,36.24517822265625,55.709999084472656,56.040000915527344,55.68000030517578,55.9900016784668,3084622
2017-01-13,36.095542907714844,55.47999954223633,55.630001068115234,55.34000015258789,55.56999969482422,2316055
2017-01-17,36.134578704833984,55.540000915527344,55.810001373291016,55.5099983215332,55.59000015258789,2533356
2017-01-18,35.67914581298828,54.84000015258789,55.29999923706055,54.77000045776367,55.13999938964844,3138436
2017-01-19,35.47095489501953,54.52000045776367,54.619998931884766,54.127899169921875,54.540000915527344,3566476
2017-01-20,35.698665618896484,54.869998931884766,55.099998474121094,54.70000076293945,55.0,2392577
2017-01-23,35.62710189819336,54.7599983215332,54.959999084472656,54.540000915527344,54.95000076293945,3126897
2017-01-24,36.0174674987793,55.36000061035156,55.40999984741211,54.95000076293945,54.970001220703125,2536818
2017-01-25,36.206138610839844,55.650001525878906,55.78499984741211,55.459999084472656,55.650001525878906,3760466
2017-01-26,35.84180450439453,55.09000015258789,55.34000015258789,54.849998474121094,55.150001525878906,2779371
2017-01-27,35.75071334838867,54.95000076293945,55.040000915527344,54.7599983215332,54.9900016784668,3371977
2017-01-30,34.9439697265625,53.709999084472656,54.22990036010742,53.54999923706055,54.09000015258789,3466891
2017-01-31,35.386375427246094,54.38999938964844,54.63010025024414,54.01499938964844,54.619998931884766,4025914
2017-02-01,35.30829620361328,54.27000045776367,54.54999923706055,53.7599983215332,54.5,3960890
2017-02-02,35.503482818603516,54.56999969482422,55.150001525878906,54.20000076293945,55.11000061035156,4927777
2017-02-03,35.76373291015625,54.970001220703125,55.220001220703125,54.709999084472656,54.869998931884766,3513161
2017-02-06,35.32132339477539,54.290000915527344,54.52000045776367,54.130001068115234,54.29999923706055,4071183
2017-02-07,34.91794204711914,53.66999816894531,54.07600021362305,53.40999984741211,53.97999954223633,4209037
2017-02-08,34.59914779663086,53.18000030517578,53.27000045776367,52.529998779296875,52.88999938964844,4179834
2017-02-09,34.9439697265625,53.709999084472656,53.90999984741211,53.56999969482422,53.849998474121094,3468079
2017-02-10,35.25625991821289,54.189998626708984,54.349998474121094,54.02000045776367,54.040000915527344,3348696
2017-02-13,35.41891098022461,54.439998626708984,54.54999923706055,54.25,54.38999938964844,3780726
2017-02-14,35.425418853759766,54.45000076293945,54.66999816894531,54.0099983215332,54.599998474121094,3385528
2017-02-15,35.33272933959961,53.369998931884766,53.40999984741211,52.98400115966797,53.02000045776367,2984866
2017-02-16,35.06129837036133,52.959999084472656,53.5099983215332,52.900001525878906,53.349998474121094,4768946
2017-02-17,34.55815505981445,52.20000076293945,52.4900016784668,52.040000915527344,52.33000183105469,3908191
2017-02-21,34.75013732910156,52.4900016784668,52.619998931884766,52.15999984741211,52.22999954223633,8704400
2017-02-22,34.412498474121094,51.97999954223633,52.38209915161133,51.779998779296875,51.88999938964844,4247487
2017-02-23,34.7435188293457,52.47999954223633,52.67919921875,52.209999084472656,52.54999923706055,4452217
2017-02-24,34.240379333496094,51.720001220703125,51.95000076293945,51.543800354003906,51.709999084472656,2468291
2017-02-27,34.34629821777344,51.880001068115234,52.04999923706055,51.75,51.75,2843701
2017-02-28,34.352909088134766,51.88999938964844,51.95500183105469,51.63999938964844,51.7400016784668,2699305
2017-03-01,34.65745162963867,52.349998474121094,52.47999954223633,52.125,52.13999938964844,3110204
2017-03-02,34.578006744384766,52.22999954223633,52.494998931884766,52.22999954223633,52.33000183105469,2223812
2017-03-03,34.730281829833984,52.459999084472656,52.650001525878906,52.27000045776367,52.29999923706055,2397915
2017-03-06,34.88254165649414,52.689998626708984,52.70000076293945,52.18479919433594,52.290000915527344,2251487
2017-03-07,34.72365188598633,52.45000076293945,52.66999816894531,52.369998931884766,52.58000183105469,2469834
2017-03-08,33.796817779541016,51.04999923706055,52.00659942626953,51.04999923706055,51.95000076293945,4165034
2017-03-09,33.98880386352539,51.34000015258789,51.349998474121094,50.319000244140625,50.43000030517578,4537488
2017-03-10,34.25361633300781,51.7400016784668,52.0099983215332,51.439998626708984,51.97999954223633,3718242
2017-03-13,34.41911315917969,51.9900016784668,52.15999984741211,51.80500030517578,51.939998626708984,3443018
2017-03-14,33.7306022644043,50.95000076293945,51.43000030517578,50.75,51.41999816894531,3848026
2017-03-15,34.47870635986328,52.08000183105469,52.13999938964844,51.2400016784668,51.40999984741211,3276773
2017-03-16,34.70379638671875,52.41999816894531,52.650001525878906,52.21500015258789,52.650001525878906,3299761
2017-03-17,34.88917922973633,52.70000076293945,52.95000076293945,52.65999984741211,52.900001525878906,2668723
2017-03-20,34.69717788696289,52.40999984741211,52.61000061035156,52.20000076293945,52.599998474121094,2885517
2017-03-21,34.90903091430664,52.72999954223633,53.0,52.47999954223633,52.95000076293945,2923971
2017-03-22,34.78984832763672,52.54999923706055,52.72999954223633,52.02000045776367,52.209999084472656,2836602
2017-03-23,34.730281829833984,52.459999084472656,52.70000076293945,52.22999954223633,52.29999923706055,2242319
2017-03-24,34.4654655456543,52.060001373291016,52.27000045776367,52.02000045776367,52.119998931884766,2831087
2017-03-27,34.6044921875,52.27000045776367,52.43560028076172,52.0099983215332,52.119998931884766,2657874
2017-03-28,34.98845672607422,52.849998474121094,53.06999969482422,52.459999084472656,52.540000915527344,3235281
2017-03-29,35.24004364013672,53.22999954223633,53.27000045776367,52.38999938964844,52.40999984741211,3556179
2017-03-30,35.08778762817383,53.0,53.33000183105469,52.970001220703125,53.290000915527344,2786831
2017-03-31,34.90903091430664,52.72999954223633,52.85499954223633,52.564998626708984,52.7400016784668,1923725
2017-04-03,34.6640739440918,52.36000061035156,52.67499923706055,51.79999923706055,52.599998474121094,2830508
2017-04-04,34.98845672607422,52.849998474121094,52.88750076293945,52.06999969482422,52.34000015258789,5152180
2017-04-05,34.85606384277344,52.650001525878906,53.51499938964844,52.619998931884766,53.16999816894531,4335207
2017-04-06,35.15398406982422,53.099998474121094,53.290000915527344,52.83000183105469,52.880001068115234,2756754
2017-04-07,35.26652908325195,53.27000045776367,53.529998779296875,53.095699310302734,53.150001525878906,3125463
2017-04-10,35.365821838378906,53.41999816894531,53.51499938964844,53.09000015258789,53.09000015258789,2416604
2017-04-11,35.557823181152344,53.709999084472656,53.755001068115234,53.099998474121094,53.560001373291016,2806435
2017-04-12,35.37907028198242,53.439998626708984,53.7599983215332,53.2599983215332,53.58000183105469,2661160
2017-04-13,34.69717788696289,52.40999984741211,52.95500183105469,52.33000183105469,52.900001525878906,4455088
2017-04-17,35.04804992675781,52.939998626708984,52.959999084472656,52.5,52.58000183105469,2437231
2017-04-18,34.730281829833984,52.459999084472656,52.65999984741211,52.27000045776367,52.380001068115234,3513911
2017-04-19,33.902740478515625,51.209999084472656,52.13999938964844,51.099998474121094,52.0099983215332,5458014
2017-04-20,33.96894454956055,51.310001373291016,51.70000076293945,51.310001373291016,51.529998779296875,3879750
2017-04-21,34.0351448059082,51.40999984741211,51.560001373291016,51.08000183105469,51.15999984741211,2947231
2017-04-24,34.6044921875,52.27000045776367,52.44960021972656,52.13999938964844,52.40999984741211,3626630
2017-04-25,34.92225646972656,52.75,52.790000915527344,52.5099983215332,52.68000030517578,4037675
2017-04-26,34.690555572509766,52.400001525878906,53.0,52.400001525878906,52.58000183105469,4177500
2017-04-27,34.51180648803711,52.130001068115234,52.22999954223633,51.689998626708984,52.22999954223633,3869826
2017-04-28,34.5515251159668,52.189998626708984,52.380001068115234,51.95000076293945,52.15999984741211,3386084
2017-05-01,34.42573547363281,52.0,52.400001525878906,52.0,52.279998779296875,2036265
2017-05-02,34.386016845703125,51.939998626708984,52.31999969482422,51.849998474121094,52.18000030517578,3740664
2017-05-03,34.61111831665039,52.279998779296875,52.5,51.8650016784668,51.970001220703125,4300178
2017-05-04,34.87593078613281,52.68000030517578,52.75,52.09000015258789,52.65999984741211,6325335
2017-05-05,35.90208053588867,54.22999954223633,54.2400016784668,52.90999984741211,52.93000030517578,5543422
2017-05-08,36.06758499145508,54.47999954223633,54.599998474121094,54.0,54.34000015258789,4309376
2017-05-09,35.86233901977539,54.16999816894531,54.79999923706055,54.119998931884766,54.529998779296875,3845644
2017-05-10,36.36549758911133,54.93000030517578,55.209999084472656,54.63990020751953,54.689998626708984,4231812
2017-05-11,36.391990661621094,54.970001220703125,55.23550033569336,54.790000915527344,55.029998779296875,4358991
2017-05-12,36.61708068847656,55.310001373291016,55.404998779296875,54.90999984741211,55.0,4005493
2017-05-15,36.842159271240234,55.650001525878906,56.13999938964844,55.54999923706055,56.099998474121094,3012394
2017-05-16,37.1798095703125,56.15999984741211,56.255001068115234,55.90999984741211,56.15999984741211,3577136
2017-05-17,37.173072814941406,55.209999084472656,55.8650016784668,55.209999084472656,55.33000183105469,3865466
2017-05-18,37.06535339355469,55.04999923706055,55.2599983215332,54.72999954223633,54.93000030517578,3537844
2017-05-19,37.361595153808594,55.4900016784668,55.560001373291016,55.22999954223633,55.33000183105469,2938815
2017-05-22,37.21346664428711,55.27000045776367,55.6609992980957,55.029998779296875,55.650001525878906,2479783
2017-05-23,37.139404296875,55.15999984741211,55.4900016784668,55.08000183105469,55.380001068115234,2119382
2017-05-24,37.0518684387207,55.029998779296875,55.27000045776367,54.83000183105469,54.84000015258789,2716003
2017-05-25,36.594032287597656,54.349998474121094,55.18000030517578,54.220001220703125,54.72999954223633,3514555
2017-05-26,36.63442611694336,54.40999984741211,54.599998474121094,54.279998779296875,54.439998626708984,2356507
2017-05-30,36.708492279052734,54.52000045776367,54.80500030517578,54.439998626708984,54.56999969482422,2537857
2017-05-31,36.63442611694336,54.40999984741211,54.615299224853516,54.2400016784668,54.439998626708984,2251259
2017-06-01,36.66136169433594,54.45000076293945,54.68000030517578,54.1885986328125,54.2400016784668,2133074
2017-06-02,36.33818435668945,53.970001220703125,54.20000076293945,53.7400016784668,54.189998626708984,2396378
2017-06-05,36.51322937011719,54.22999954223633,54.369998931884766,53.900001525878906,53.97999954223633,1874625
2017-06-06,36.614219665527344,54.380001068115234,54.5,53.83000183105469,53.869998931884766,2138210
2017-06-07,36.163124084472656,53.709999084472656,54.415000915527344,53.369998931884766,54.279998779296875,2831370
2017-06-08,35.98806381225586,53.45000076293945,53.54999923706055,53.2599983215332,53.439998626708984,3410518
2017-06-09,36.270843505859375,53.869998931884766,54.029998779296875,53.310001373291016,53.380001068115234,2751665
2017-06-12,36.41897201538086,54.09000015258789,54.650001525878906,53.970001220703125,54.45000076293945,3773638
2017-06-13,36.69502258300781,54.5,54.52000045776367,54.13999938964844,54.33000183105469,2444939
2017-06-14,36.21697998046875,53.790000915527344,54.65999984741211,53.685001373291016,54.63999938964844,2987126
2017-06-15,35.75240707397461,53.099998474121094,53.24549865722656,52.90999984741211,53.0,3550444
2017-06-16,36.66136169433594,54.45000076293945,54.47999954223633,53.66999816894531,53.77000045776367,2667775
2017-06-19,36.4459114074707,54.130001068115234,54.61000061035156,54.04899978637695,54.45000076293945,1942661
2017-06-20,35.637943267822266,52.93000030517578,53.22999954223633,52.65999984741211,53.209999084472656,4875444
2017-06-21,35.166622161865234,52.22999954223633,52.709999084472656,52.0099983215332,52.68000030517578,5497643
2017-06-22,35.17335510253906,52.2400016784668,52.459999084472656,51.9119987487793,52.0,2617215
2017-06-23,35.4224739074707,52.61000061035156,52.776798248291016,52.349998474121094,52.45000076293945,1972577
2017-06-26,35.32148361206055,52.459999084472656,53.0,52.459999084472656,52.959999084472656,3161291
2017-06-27,35.866859436035156,53.27000045776367,53.63999938964844,53.04999923706055,53.220001220703125,3253198
2017-06-28,36.122718811035156,53.650001525878906,53.88999938964844,53.452999114990234,53.56999969482422,3428384
2017-06-29,35.81299591064453,53.189998626708984,53.84000015258789,53.13999938964844,53.77000045776367,2978771
2017-06-30,35.81299591064453,53.189998626708984,53.31999969482422,52.86000061035156,53.279998779296875,2387739
2017-07-03,36.13618469238281,53.66999816894531,53.880001068115234,53.404998779296875,53.40999984741211,1702897
2017-07-05,35.624473571777344,52.90999984741211,53.36000061035156,52.8047981262207,53.349998474121094,3215385
2017-07-06,35.75240707397461,53.099998474121094,53.560001373291016,52.95000076293945,53.060001373291016,3303577
2017-07-07,35.64466857910156,52.939998626708984,53.02000045776367,52.435001373291016,52.91999816894531,3315091
2017-07-10,35.550411224365234,52.79999923706055,52.939998626708984,52.599998474121094,52.63999938964844,2316319
2017-07-11,35.705265045166016,53.029998779296875,53.060001373291016,52.47999954223633,52.619998931884766,2225470
2017-07-12,36.008262634277344,53.47999954223633,53.939998626708984,53.40999984741211,53.65999984741211,2725536
2017-07-13,36.008262634277344,53.47999954223633,53.5099983215332,53.22999954223633,53.5,2421542
2017-07-14,36.19004440307617,53.75,54.22999954223633,53.71500015258789,54.150001525878906,3047826
2017-07-17,36.1092529296875,53.630001068115234,54.025001525878906,53.56999969482422,53.849998474121094,2400125
2017-07-18,36.34490966796875,53.97999954223633,54.099998474121094,53.73500061035156,54.099998474121094,2970427
2017-07-19,36.39204406738281,54.04999923706055,54.119998931884766,53.790000915527344,53.84000015258789,3482430
2017-07-20,36.58729934692383,54.34000015258789,54.630001068115234,54.290000915527344,54.529998779296875,5593380
2017-07-21,36.398773193359375,54.060001373291016,54.61000061035156,53.939998626708984,54.560001373291016,4069670
2017-07-24,36.29777526855469,53.90999984741211,54.029998779296875,53.63999938964844,54.029998779296875,3256637
2017-07-25,36.60749816894531,54.369998931884766,54.83000183105469,54.29410171508789,54.689998626708984,2387985
2017-07-26,36.708492279052734,54.52000045776367,54.869998931884766,54.52000045776367,54.79999923706055,3246588
2017-07-27,37.2202033996582,55.279998779296875,55.29999923706055,54.845001220703125,55.2400016784668,2677431
2017-07-28,37.529930114746094,55.7400016784668,55.970001220703125,55.25,55.279998779296875,2808865
2017-07-31,38.06182861328125,56.529998779296875,56.84000015258789,56.16999816894531,56.36000061035156,4269620
2017-08-01,38.243629455566406,56.79999923706055,56.93000030517578,56.5,56.61000061035156,3774312
2017-08-02,38.6341438293457,57.380001068115234,57.529998779296875,56.810001373291016,56.869998931884766,3170988
2017-08-03,38.40522003173828,57.040000915527344,57.45000076293945,56.939998626708984,57.36000061035156,2219633
2017-08-04,38.60721206665039,57.34000015258789,57.3650016784668,56.939998626708984,57.27000045776367,1983156
2017-08-07,38.6341438293457,57.380001068115234,57.45000076293945,57.20000076293945,57.380001068115234,2291365
2017-08-08,38.54660415649414,57.25,57.75,57.209999084472656,57.63999938964844,2939074
2017-08-09,38.86151123046875,56.77000045776367,56.810001373291016,56.45000076293945,56.5099983215332,2553086
2017-08-10,38.33440017700195,56.0,56.63999938964844,55.91999816894531,56.56999969482422,2678560
2017-08-11,38.08795928955078,55.63999938964844,55.775001525878906,55.459999084472656,55.58000183105469,2422928
2017-08-14,37.786766052246094,55.20000076293945,55.81999969482422,55.189998626708984,55.52000045776367,2247791
2017-08-15,37.69093322753906,55.060001373291016,55.16999816894531,54.5900993347168,54.95000076293945,2456981
2017-08-16,37.478721618652344,54.75,55.220001220703125,54.59000015258789,55.060001373291016,2510630
2017-08-17,37.307579040527344,54.5,54.90999984741211,54.459999084472656,54.7400016784668,4041038
2017-08-18,37.4102668762207,54.650001525878906,54.83000183105469,54.27009963989258,54.40999984741211,3860040
2017-08-21,37.184364318847656,54.31999969482422,54.709999084472656,54.29999923706055,54.709999084472656,2429895
2017-08-22,37.45817947387695,54.720001220703125,54.79999923706055,54.540000915527344,54.72999954223633,3360097
2017-08-23,37.786766052246094,55.20000076293945,55.21500015258789,54.5,54.52000045776367,3956808
2017-08-24,37.718299865722656,55.099998474121094,55.16999816894531,54.8650016784668,55.099998474121094,4333350
2017-08-25,38.10849380493164,55.66999816894531,55.70000076293945,55.2400016784668,55.2400016784668,2725872
2017-08-28,37.9510498046875,55.439998626708984,55.630001068115234,55.290000915527344,55.619998931884766,2488600
2017-08-29,37.9510498046875,55.439998626708984,55.5099983215332,55.040000915527344,55.06999969482422,2238566
2017-08-30,37.76622009277344,55.16999816894531,55.38999938964844,55.060001373291016,55.099998474121094,4247862
2017-08-31,37.77307891845703,55.18000030517578,55.279998779296875,54.8650016784668,54.97999954223633,2616530
2017-09-01,37.88945007324219,55.349998474121094,55.529998779296875,54.95000076293945,55.11000061035156,2332127
2017-09-05,38.12904357910156,55.70000076293945,55.779998779296875,55.45000076293945,55.5,3098389
2017-09-06,38.71089553833008,56.54999923706055,56.599998474121094,55.45000076293945,55.45000076293945,4783718
2017-09-07,38.97787094116211,56.939998626708984,56.970001220703125,56.689998626708984,56.70000076293945,4061873
2017-09-08,38.71089553833008,56.54999923706055,56.939998626708984,56.40999984741211,56.86000061035156,2589497
2017-09-11,38.916263580322266,56.849998474121094,57.0,56.540000915527344,56.599998474121094,3033300
2017-09-12,38.94363784790039,56.88999938964844,57.11000061035156,56.630001068115234,56.63999938964844,3240300
2017-09-13,39.32014846801758,57.439998626708984,57.54999923706055,57.119998931884766,57.310001373291016,4879998
2017-09-14,39.559730529785156,57.790000915527344,57.900001525878906,57.43000030517578,57.560001373291016,3680680
2017-09-15,39.443359375,57.619998931884766,57.70000076293945,57.354400634765625,57.5,3411813
2017-09-18,39.33383560180664,57.459999084472656,57.65999984741211,57.279998779296875,57.38999938964844,3540490
2017-09-19,39.7993278503418,58.13999938964844,58.150001525878906,57.83449935913086,57.970001220703125,2583283
2017-09-20,40.27165985107422,58.83000183105469,58.900001525878906,58.150001525878906,58.15999984741211,5085045
2017-09-21,40.394866943359375,59.0099983215332,59.275001525878906,58.77000045776367,58.880001068115234,3838229
2017-09-22,40.71659851074219,59.47999954223633,59.59000015258789,59.20000076293945,59.220001220703125,2358488
2017-09-25,40.98358154296875,59.869998931884766,60.0099983215332,59.560001373291016,59.56999969482422,3128077
2017-09-26,41.15472412109375,60.119998931884766,60.14500045776367,59.765499114990234,59.91999816894531,4435965
2017-09-27,41.072574615478516,60.0,60.01499938964844,59.51499938964844,59.65999984741211,7972641
2017-09-28,41.32585144042969,60.369998931884766,60.65999984741211,60.19499969482422,60.38999938964844,5680148
2017-09-29,41.469600677490234,60.58000183105469,60.619998931884766,60.25,60.470001220703125,2586316
2017-10-02,41.44906997680664,60.54999923706055,60.56999969482422,60.069801330566406,60.189998626708984,2012792
2017-10-03,41.68865966796875,60.900001525878906,61.08000183105469,60.58000183105469,60.599998474121094,2851954
2017-10-04,41.68865966796875,60.900001525878906,60.900001525878906,60.529998779296875,60.7599983215332,4342052
2017-10-05,41.777652740478516,61.029998779296875,61.125,60.7400016784668,60.939998626708984,3733663
2017-10-06,41.175254821777344,60.150001525878906,60.459999084472656,60.04999923706055,60.439998626708984,2657293
2017-10-09,41.3806266784668,60.45000076293945,60.589900970458984,60.31999969482422,60.41999816894531,1594208
2017-10-10,41.78449249267578,61.040000915527344,61.09000015258789,60.81999969482422,60.959999084472656,2791135
2017-10-11,41.91455841064453,61.22999954223633,61.27000045776367,60.93000030517578,61.18000030517578,2885366
2017-10-12,41.572288513183594,60.72999954223633,60.90999984741211,60.65999984741211,60.84000015258789,2106335
2017-10-13,41.70235824584961,60.91999816894531,61.41999816894531,60.90999984741211,61.29999923706055,2721877
2017-10-16,41.668128967285156,60.869998931884766,61.290000915527344,60.869998931884766,61.2400016784668,2612716
2017-10-17,41.551753997802734,60.70000076293945,60.9900016784668,60.4900016784668,60.97999954223633,2841696
2017-10-18,41.43537902832031,60.529998779296875,60.959999084472656,60.43000030517578,60.81999969482422,3464806
2017-10-19,41.777652740478516,61.029998779296875,61.29999923706055,60.810001373291016,60.86000061035156,3547815
2017-10-20,41.805030822753906,61.06999969482422,61.150001525878906,60.91999816894531,60.97999954223633,2437658
2017-10-23,41.763954162597656,61.0099983215332,61.43000030517578,61.005001068115234,61.119998931884766,4635327
2017-10-24,42.024085998535156,61.38999938964844,61.84000015258789,61.29499816894531,61.58000183105469,4749449
2017-10-25,41.79133605957031,61.04999923706055,61.720001220703125,60.880001068115234,61.70000076293945,6863141
2017-10-26,41.68865966796875,60.900001525878906,61.150001525878906,60.709999084472656,61.13999938964844,2783571
2017-10-27,41.94194030761719,61.27000045776367,61.3849983215332,60.619998931884766,60.79999923706055,5554408
2017-10-30,42.57171630859375,62.189998626708984,62.22999954223633,61.665000915527344,61.7400016784668,8022459
2017-10-31,43.146724700927734,63.029998779296875,63.275001525878906,62.52000045776367,62.72999954223633,9233483
2017-11-01,43.15359878540039,63.040000915527344,63.16999816894531,62.63999938964844,62.91999816894531,5853202
2017-11-02,43.961334228515625,64.22000122070312,64.23999786376953,62.93000030517578,62.93000030517578,8200074
2017-11-03,43.87919235229492,64.0999984741211,64.22000122070312,63.61000061035156,64.1500015258789,3742853
2017-11-06,44.85124588012695,65.5199966430664,65.83000183105469,64.22000122070312,64.25,9346581
2017-11-07,44.180389404296875,64.54000091552734,65.33000183105469,64.48999786376953,65.31999969482422,8912335
2017-11-08,44.050323486328125,64.3499984741211,64.83100128173828,64.23999786376953,64.6500015258789,5182379
2017-11-09,43.99557113647461,64.2699966430664,64.6500015258789,64.12999725341797,64.58999633789062,6453369
2017-11-10,43.74229431152344,63.900001525878906,64.37999725341797,63.65999984741211,64.33000183105469,9237945
2017-11-13,43.74229431152344,63.900001525878906,64.12999725341797,63.65999984741211,63.790000915527344,3071842
2017-11-14,43.673831939697266,63.79999923706055,64.12000274658203,63.63100051879883,64.0999984741211,2930591
2017-11-15,43.235721588134766,63.15999984741211,63.380001068115234,63.01499938964844,63.08000183105469,4353405
2017-11-16,42.77710723876953,61.560001373291016,62.11000061035156,61.45899963378906,62.040000915527344,4419445
2017-11-17,43.01336669921875,61.900001525878906,62.06999969482422,61.599998474121094,61.86000061035156,2507582
2017-11-20,42.88829040527344,61.720001220703125,62.13999938964844,61.65999984741211,62.099998474121094,2702517
2017-11-21,42.72150421142578,61.47999954223633,62.28499984741211,61.45500183105469,62.189998626708984,3359036
2017-11-22,43.18708419799805,62.150001525878906,62.34000015258789,61.994998931884766,62.08000183105469,3215854
2017-11-24,43.38860321044922,62.439998626708984,62.650001525878906,62.36000061035156,62.38999938964844,2044686
2017-11-27,42.978633880615234,61.849998474121094,62.36000061035156,61.70500183105469,62.29999923706055,4710970
2017-11-28,44.42398452758789,63.93000030517578,64.4000015258789,63.72999954223633,64.12999725341797,6115664
2017-11-29,44.257205963134766,63.689998626708984,64.16999816894531,63.41999816894531,63.81999969482422,2672631
2017-11-30,44.55602264404297,64.12000274658203,64.44999694824219,63.564998626708984,64.12999725341797,3929457
2017-12-01,44.59075927734375,64.16999816894531,64.48999786376953,63.83000183105469,63.849998474121094,3672152
2017-12-04,44.57685852050781,64.1500015258789,64.47000122070312,63.959999084472656,64.0999984741211,4026783
2017-12-05,44.465667724609375,63.9900016784668,64.2699966430664,63.83000183105469,64.1500015258789,2357710
2017-12-06,44.125179290771484,63.5,63.849998474121094,63.36000061035156,63.63999938964844,2487625
2017-12-07,43.97925567626953,63.290000915527344,63.59000015258789,63.099998474121094,63.16999816894531,2931379
2017-12-08,44.097389221191406,63.459999084472656,63.52000045776367,63.09989929199219,63.290000915527344,2812618
2017-12-11,44.430931091308594,63.939998626708984,64.16000366210938,63.790000915527344,63.81999969482422,2688123
2017-12-12,44.82006072998047,64.5,64.79499816894531,64.44000244140625,64.72000122070312,4763802
2017-12-13,45.14665985107422,64.97000122070312,65.02999877929688,64.43000030517578,64.75,4217761
2017-12-14,44.85481643676758,64.55000305175781,64.97000122070312,64.51000213623047,64.66999816894531,2426171
2017-12-15,44.959041595458984,64.69999694824219,64.98999786376953,64.51000213623047,64.87000274658203,4241385
2017-12-18,45.06326675415039,64.8499984741211,65.33000183105469,64.8499984741211,65.0,5402951
2017-12-19,45.0980110168457,64.9000015258789,64.91999816894531,64.5999984741211,64.86000061035156,2772565
2017-12-20,45.236995697021484,65.0999984741211,65.125,64.5250015258789,64.83999633789062,2948607
2017-12-21,45.98747634887695,66.18000030517578,66.20999908447266,65.12000274658203,65.19999694824219,3243185
2017-12-22,45.68867111206055,65.75,66.0199966430664,65.66000366210938,65.69999694824219,2826669
2017-12-26,46.23762512207031,66.54000091552734,66.55000305175781,65.75,65.83999633789062,1443801
2017-12-27,46.022216796875,66.2300033569336,66.47000122070312,66.19000244140625,66.3499984741211,3229761
2017-12-28,46.209842681884766,66.5,66.62999725341797,66.23999786376953,66.37999725341797,1672733
2017-12-29,46.35575866699219,66.70999908447266,66.91999816894531,66.56999969482422,66.61000061035156,1586815
2018-01-02,47.27996063232422,68.04000091552734,68.08999633789062,66.91000366210938,67.0,3470654
2018-01-03,47.66214370727539,68.58999633789062,68.69000244140625,67.91999816894531,67.91999816894531,3483320
2018-01-04,47.870609283447266,68.88999938964844,69.06999969482422,68.5999984741211,68.62000274658203,2638891
2018-01-05,47.97483825683594,69.04000091552734,69.11000061035156,68.57749938964844,68.79000091552734,2562434
2018-01-08,47.988746643066406,69.05999755859375,69.08000183105469,68.69000244140625,68.80000305175781,2741832
2018-01-09,47.787227630615234,68.7699966430664,69.02999877929688,68.62000274658203,68.94999694824219,1914482
2018-01-10,47.97483825683594,69.04000091552734,69.31999969482422,68.91000366210938,69.02999877929688,2307027
2018-01-11,48.53073501586914,69.83999633789062,70.0199966430664,69.33000183105469,69.37000274658203,2732077
2018-01-12,49.25343322753906,70.87999725341797,70.94000244140625,70.31999969482422,70.47000122070312,2918010
2018-01-16,48.62803649902344,69.9800033569336,70.6500015258789,69.94000244140625,70.52999877929688,3226964
2018-01-17,48.78091049194336,70.19999694824219,70.56999969482422,69.44000244140625,69.91999816894531,2245723
2018-01-18,48.66972732543945,70.04000091552734,70.29000091552734,69.93000030517578,70.11000061035156,2385232
2018-01-19,48.5238037109375,69.83000183105469,70.16999816894531,69.61000061035156,69.95999908447266,2008710
2018-01-22,49.3646125793457,71.04000091552734,71.05999755859375,70.2300033569336,70.30999755859375,1988756
2018-01-23,49.350704193115234,71.0199966430664,71.16500091552734,70.73999786376953,70.9800033569336,1936822
2018-01-24,49.59392547607422,71.37000274658203,71.75,70.94000244140625,71.63999938964844,2811540
2018-01-25,49.56611633300781,71.33000183105469,72.43000030517578,71.2699966430664,72.41000366210938,2880842
2018-01-26,49.62867736816406,71.41999816894531,71.80000305175781,71.27999877929688,71.58000183105469,1945404
2018-01-29,49.21173095703125,70.81999969482422,71.44999694824219,70.77999877929688,71.27999877929688,2047480
2018-01-30,48.69057083129883,70.06999969482422,71.08000183105469,70.05999755859375,71.08000183105469,4589203
2018-01-31,48.80870819091797,70.23999786376953,70.51000213623047,69.91999816894531,70.44000244140625,3064660
2018-02-01,48.273643493652344,69.47000122070312,69.69000244140625,68.58000183105469,68.9000015258789,4074185
2018-02-02,46.765743255615234,67.30000305175781,69.05999755859375,67.16000366210938,69.05999755859375,3554054
2018-02-05,44.84785842895508,64.54000091552734,67.08000183105469,63.810001373291016,66.83000183105469,6929582
2018-02-06,45.674774169921875,65.7300033569336,65.94999694824219,64.05000305175781,64.27999877929688,7085321
2018-02-07,44.93125534057617,64.66000366210938,66.02999877929688,64.59329986572266,65.30000305175781,4568898
2018-02-08,43.937557220458984,63.22999954223633,65.25,63.20000076293945,65.02999877929688,5243706
2018-02-09,43.798580169677734,63.029998779296875,63.540000915527344,61.01499938964844,63.060001373291016,5927180
2018-02-12,44.6324462890625,64.2300033569336,64.51599884033203,63.61000061035156,63.869998931884766,3810886
2018-02-13,44.76446533203125,64.41999816894531,64.7061996459961,64.2249984741211,64.44000244140625,2688992
2018-02-14,45.5496940612793,65.55000305175781,65.6500015258789,63.5099983215332,63.650001525878906,4532430
2018-02-15,45.6342887878418,64.7300033569336,64.80999755859375,63.599998474121094,64.68000030517578,3786775
2018-02-16,45.0421028137207,63.88999938964844,64.48999786376953,63.779998779296875,63.880001068115234,3468641
2018-02-20,44.62615966796875,63.29999923706055,64.08200073242188,63.09000015258789,63.939998626708984,4713763
2018-02-21,43.98460006713867,62.38999938964844,63.7599983215332,62.369998931884766,63.47999954223633,4119232
2018-02-22,44.59090805053711,63.25,63.779998779296875,62.59000015258789,62.84000015258789,4303009
2018-02-23,45.07029724121094,63.93000030517578,63.97999954223633,63.380001068115234,63.56999969482422,3264116
2018-02-26,45.32410430908203,64.29000091552734,64.44999694824219,63.79999923706055,64.12999725341797,2741764
2018-02-27,45.07029724121094,63.93000030517578,64.69000244140625,63.91999816894531,64.44999694824219,6250324
2018-02-28,44.605003356933594,63.27000045776367,64.87000274658203,63.15999984741211,64.73999786376953,5481966
2018-03-01,44.52040100097656,63.150001525878906,63.755001068115234,62.5099983215332,63.150001525878906,5157959
2018-03-02,44.47809600830078,63.09000015258789,63.13999938964844,62.1349983215332,62.5099983215332,3571716
2018-03-05,44.83060073852539,63.59000015258789,63.709999084472656,62.35820007324219,62.36000061035156,2606968
2018-03-06,45.19719314575195,64.11000061035156,64.66000366210938,63.959999084472656,64.16000366210938,2462019
2018-03-07,44.70370864868164,63.40999984741211,64.0199966430664,62.96500015258789,63.619998931884766,2709337
2018-03-08,44.51334762573242,63.13999938964844,63.459999084472656,62.92380142211914,63.400001525878906,2472429
2018-03-09,44.59090805053711,63.25,63.39500045776367,62.939998626708984,62.97999954223633,4281285
2018-03-12,44.53449630737305,63.16999816894531,63.31999969482422,62.810001373291016,62.90999984741211,2839626
2018-03-13,44.16790008544922,62.650001525878906,63.880001068115234,62.529998779296875,63.59000015258789,3011839
2018-03-14,43.85065841674805,62.20000076293945,62.83000183105469,62.06999969482422,62.7599983215332,4526389
2018-03-15,43.63211441040039,61.88999938964844,62.2599983215332,61.64400100708008,61.81999969482422,3149445
2018-03-16,43.82951354980469,62.16999816894531,62.439998626708984,61.77000045776367,61.810001373291016,3585870
2018-03-19,43.53340148925781,61.75,61.970001220703125,61.29999923706055,61.970001220703125,2787312
2018-03-20,43.85771179199219,62.209999084472656,62.439998626708984,61.7599983215332,61.7599983215332,4703801
2018-03-21,44.75304412841797,63.47999954223633,63.75,62.119998931884766,62.220001220703125,6044052
2018-03-22,43.97050476074219,62.369998931884766,63.11000061035156,62.34000015258789,63.099998474121094,3020210
2018-03-23,43.99869918823242,62.40999984741211,63.345001220703125,62.380001068115234,62.869998931884766,3838523
2018-03-26,45.24654769897461,64.18000030517578,64.23999786376953,63.2599983215332,64.02999877929688,3448387
2018-03-27,45.169002532958984,64.06999969482422,65.12999725341797,63.81999969482422,64.91999816894531,4440048
2018-03-28,44.47105026245117,63.08000183105469,63.97999954223633,63.06999969482422,63.630001068115234,5244650
2018-03-29,44.985694885253906,63.810001373291016,64.01000213623047,63.34000015258789,63.5,3881906
2018-04-02,44.097415924072266,62.54999923706055,63.779998779296875,62.33000183105469,63.720001220703125,3535009
2018-04-03,45.02799606323242,63.869998931884766,63.95000076293945,63.09000015258789,63.689998626708984,5658732
2018-04-04,45.33819580078125,64.30999755859375,64.43000030517578,63.400001525878906,63.619998931884766,3858310
2018-04-05,46.62128448486328,66.12999725341797,66.31999969482422,65.08000183105469,65.1500015258789,4532896
2018-04-06,46.38864517211914,65.80000305175781,66.62000274658203,65.4000015258789,66.3499984741211,3047234
2018-04-09,46.90328598022461,66.52999877929688,66.8499984741211,66.25759887695312,66.5199966430664,3615294
2018-04-10,48.13702392578125,68.27999877929688,68.56999969482422,67.33999633789062,67.36000061035156,5010573
2018-04-11,48.2921257019043,68.5,68.87000274658203,68.22000122070312,68.44000244140625,3759867
2018-04-12,48.08768081665039,68.20999908447266,68.41000366210938,67.76000213623047,68.30000305175781,3698599
2018-04-13,48.059471130371094,68.16999816894531,68.45500183105469,67.94999694824219,68.0199966430664,4347220
2018-04-16,47.98191452026367,68.05999755859375,68.55000305175781,68.01499938964844,68.41000366210938,3683540
2018-04-17,48.482460021972656,68.7699966430664,68.91999816894531,68.44000244140625,68.69000244140625,4895324
2018-04-18,49.61750411987305,70.37999725341797,70.625,69.7300033569336,69.80999755859375,4235530
2018-04-19,50.04050827026367,70.9800033569336,71.33000183105469,70.6500015258789,70.69999694824219,3470790
2018-04-20,49.807857513427734,70.6500015258789,70.77999877929688,70.0199966430664,70.30999755859375,3081650
2018-04-23,50.12510681152344,71.0999984741211,71.16000366210938,70.4800033569336,70.62000274658203,3167853
2018-04-24,50.11101150512695,71.08000183105469,71.69000244140625,70.83670043945312,71.30999755859375,3180075
2018-04-25,50.13920974731445,71.12000274658203,71.27999877929688,70.30000305175781,70.63999938964844,2918536
2018-04-26,49.56109619140625,70.30000305175781,70.47000122070312,69.45020294189453,69.7699966430664,4036706
2018-04-27,49.18040466308594,69.76000213623047,70.16999816894531,69.5250015258789,69.91999816894531,2919508
2018-04-30,49.279109954833984,69.9000015258789,70.27999877929688,69.41000366210938,69.5,3050272
2018-05-01,48.67987060546875,69.05000305175781,69.7300033569336,68.7750015258789,69.7300033569336,2549722
2018-05-02,48.77153015136719,69.18000030517578,69.69999694824219,69.08000183105469,69.41000366210938,3086297
2018-05-03,49.07468032836914,69.61000061035156,69.69999694824219,68.8499984741211,69.30000305175781,2979342
2018-05-04,49.23680877685547,69.83999633789062,70.26000213623047,69.37999725341797,69.41999816894531,3583948
2018-05-07,49.159263610839844,69.7300033569336,70.68000030517578,69.625,70.16999816894531,3200361
2018-05-08,49.370758056640625,70.02999877929688,70.16000366210938,68.88999938964844,69.7699966430664,3846266
2018-05-09,50.555152893066406,71.70999908447266,71.9800033569336,70.76000213623047,70.76000213623047,4114011
2018-05-10,50.74089431762695,71.02999877929688,71.30000305175781,70.7249984741211,71.16000366210938,3881206
2018-05-11,51.42667007446289,71.98999786376953,72.30000305175781,71.58499908447266,71.69999694824219,3180093
2018-05-14,51.53382873535156,72.13999938964844,72.41999816894531,71.94000244140625,72.06999969482422,2359260
2018-05-15,51.89815139770508,72.6500015258789,73.0,72.01000213623047,72.11000061035156,3426579
2018-05-16,51.73384094238281,72.41999816894531,72.5199966430664,72.06999969482422,72.43000030517578,2490897
2018-05-17,52.3839111328125,73.33000183105469,73.70999908447266,72.87999725341797,72.88999938964844,3271397
2018-05-18,51.88385772705078,72.62999725341797,73.37000274658203,72.5999984741211,73.30000305175781,4134679
2018-05-21,52.60536193847656,73.63999938964844,73.8550033569336,73.2344970703125,73.2699966430664,4410826
2018-05-22,51.912437438964844,72.66999816894531,73.79000091552734,72.56999969482422,73.44999694824219,3042968
2018-05-23,50.64801025390625,70.9000015258789,71.11000061035156,70.31999969482422,70.91999816894531,5092494
2018-05-24,49.805084228515625,69.72000122070312,70.30010223388672,69.44000244140625,70.2300033569336,5319368
2018-05-25,48.69782257080078,68.16999816894531,68.2300033569336,67.62000274658203,68.19999694824219,4066902
2018-05-29,48.09061813354492,67.31999969482422,68.19999694824219,67.11100006103516,67.55999755859375,4277125
2018-05-30,49.68363571166992,69.55000305175781,69.66500091552734,68.4136962890625,68.8499984741211,4537933
2018-05-31,49.70505905151367,69.58000183105469,69.79499816894531,69.0999984741211,69.52999877929688,3240123
2018-06-01,49.790802001953125,69.69999694824219,70.05000305175781,69.5999984741211,69.86000061035156,3558223
2018-06-04,49.50505828857422,69.30000305175781,70.33999633789062,69.2699966430664,70.13999938964844,3385605
2018-06-05,49.147865295410156,68.80000305175781,69.48999786376953,68.79000091552734,69.0,5724096
2018-06-06,49.383609771728516,69.12999725341797,69.47000122070312,68.91500091552734,69.37000274658203,5926251
2018-06-07,50.06938171386719,70.08999633789062,70.71499633789062,69.93000030517578,70.2699966430664,9096246
2018-06-08,49.96225357055664,69.94000244140625,70.47000122070312,69.51000213623047,70.33999633789062,3412524
2018-06-11,50.2837028503418,70.38999938964844,70.6500015258789,69.91999816894531,70.0999984741211,3478976
2018-06-12,49.19072341918945,68.86000061035156,69.82099914550781,68.62999725341797,69.69999694824219,5064096
2018-06-13,48.94784164428711,68.5199966430664,69.0,68.29499816894531,68.94000244140625,4188140
2018-06-14,49.41218185424805,69.16999816894531,69.86000061035156,69.08000183105469,69.45999908447266,3100920
2018-06-15,48.03346633911133,67.23999786376953,68.12000274658203,66.97000122070312,68.0199966430664,4525726
2018-06-18,48.290626525878906,67.5999984741211,67.91999816894531,67.22109985351562,67.30000305175781,2836154
2018-06-19,48.219207763671875,67.5,67.66000366210938,66.8499984741211,67.1500015258789,2631217
2018-06-20,47.904876708984375,67.05999755859375,67.83999633789062,66.88999938964844,67.77999877929688,2830527
2018-06-21,47.454833984375,66.43000030517578,66.93000030517578,66.3550033569336,66.68000030517578,2839360
2018-06-22,49.54792022705078,69.36000061035156,69.61509704589844,68.69000244140625,68.8499984741211,6303557
2018-06-25,48.07634353637695,67.30000305175781,68.20999908447266,67.16000366210938,68.08000183105469,3007653
2018-06-26,48.754966735839844,68.25,68.48999786376953,67.72000122070312,68.36000061035156,3404692
2018-06-27,49.36217498779297,69.0999984741211,69.75,68.91999816894531,69.33000183105469,3263698
2018-06-28,49.469329833984375,69.25,69.40499877929688,68.36499786376953,68.66999816894531,2078007
2018-06-29,49.45504379272461,69.2300033569336,70.04000091552734,69.21499633789062,69.61000061035156,2355765
2018-07-02,48.86213684082031,68.4000015258789,68.54499816894531,67.97000122070312,68.37999725341797,2193298
2018-07-03,49.21216583251953,68.88999938964844,69.82499694824219,68.73999786376953,69.23999786376953,1631948
2018-07-05,49.340736389160156,69.06999969482422,69.6500015258789,68.91000366210938,69.56999969482422,1909436
2018-07-06,49.619354248046875,69.45999908447266,69.625,68.82499694824219,69.0,1692899
2018-07-09,50.58372497558594,70.80999755859375,70.83000183105469,70.2699966430664,70.41000366210938,2565770
2018-07-10,50.926631927490234,71.29000091552734,71.8499984741211,71.27999877929688,71.41999816894531,3390788
2018-07-11,49.48360824584961,69.2699966430664,70.55000305175781,68.9800033569336,70.22000122070312,3878139
2018-07-12,49.619354248046875,69.45999908447266,69.94999694824219,69.30999755859375,69.63999938964844,3436966
2018-07-13,50.005104064941406,70.0,70.15499877929688,69.37000274658203,69.48999786376953,1821366
2018-07-16,49.340736389160156,69.06999969482422,69.12000274658203,68.41000366210938,69.0,3125008
2018-07-17,49.12643051147461,68.7699966430664,69.12999725341797,68.3499984741211,68.37000274658203,2566770
2018-07-18,49.21930694580078,68.9000015258789,69.06999969482422,68.0199966430664,68.16999816894531,2240342
2018-07-19,49.41218185424805,69.16999816894531,69.5199966430664,68.9000015258789,69.05999755859375,2670109
2018-07-20,49.66935729980469,69.52999877929688,69.86000061035156,69.26000213623047,69.30000305175781,2569799
2018-07-23,49.57648849487305,69.4000015258789,70.16999816894531,69.37000274658203,69.83999633789062,2227275
2018-07-24,50.155120849609375,70.20999908447266,70.5999984741211,69.80999755859375,69.83000183105469,2660030
2018-07-25,50.24797058105469,70.33999633789062,70.46499633789062,69.47000122070312,69.5,2785542
2018-07-26,48.40493392944336,67.76000213623047,68.05999755859375,67.26000213623047,67.29000091552734,6513508
2018-07-27,48.59781265258789,68.02999877929688,68.55500030517578,67.83499908447266,68.19999694824219,3373975
2018-07-30,48.754966735839844,68.25,68.61000061035156,68.16999816894531,68.51000213623047,2073880
2018-07-31,48.8406982421875,68.37000274658203,69.31999969482422,68.30999755859375,69.19999694824219,2852543
2018-08-01,48.233489990234375,67.5199966430664,67.80000305175781,67.25,67.77999877929688,3853958
2018-08-02,47.24767303466797,66.13999938964844,66.41999816894531,65.69000244140625,66.0999984741211,3457975
2018-08-03,47.37625503540039,66.31999969482422,66.4000015258789,65.7699966430664,65.81999969482422,2711384
2018-08-06,47.28338623046875,66.19000244140625,66.43000030517578,65.83999633789062,66.19999694824219,3041112
2018-08-07,47.79059982299805,66.9000015258789,67.52989959716797,66.81999969482422,67.5199966430664,4160780
2018-08-08,48.02633285522461,67.2300033569336,67.41000366210938,66.7300033569336,67.41000366210938,3051139
2018-08-09,47.62061309814453,65.7300033569336,66.33000183105469,65.68000030517578,66.1500015258789,2077064
2018-08-10,46.99755859375,64.87000274658203,64.91000366210938,64.41000366210938,64.6500015258789,3526086
2018-08-13,46.454193115234375,64.12000274658203,64.79000091552734,64.0199966430664,64.66000366210938,2330074
2018-08-14,46.14265441894531,63.689998626708984,64.375,63.54999923706055,64.27999877929688,3159628
2018-08-15,45.08491134643555,62.22999954223633,62.86000061035156,61.61000061035156,62.86000061035156,4330072
2018-08-16,45.548580169677734,62.869998931884766,63.2400016784668,62.7599983215332,63.20000076293945,2764564
2018-08-17,45.78042221069336,63.189998626708984,63.36989974975586,62.52000045776367,62.77000045776367,3059671
2018-08-20,46.28030776977539,63.880001068115234,63.93000030517578,63.470001220703125,63.58000183105469,1909258
2018-08-21,46.570106506347656,64.27999877929688,64.58999633789062,64.20999908447266,64.27999877929688,2878353
2018-08-22,47.11347961425781,65.02999877929688,65.41000366210938,64.9800033569336,65.0999984741211,2409346
2018-08-23,47.004791259765625,64.87999725341797,65.52999877929688,64.81999969482422,65.48999786376953,2853062
2018-08-24,47.533668518066406,65.61000061035156,66.05999755859375,65.47000122070312,65.91999816894531,3182545
2018-08-27,47.85244369506836,66.05000305175781,66.16000366210938,65.875,66.05000305175781,2579445
2018-08-28,47.635108947753906,65.75,66.37999725341797,65.7300033569336,66.23999786376953,1890424
2018-08-29,48.0118293762207,66.2699966430664,66.37000274658203,65.66000366210938,65.80000305175781,2039642
2018-08-30,48.04806137084961,66.31999969482422,66.40499877929688,65.97000122070312,66.1500015258789,1907712
2018-08-31,47.25836181640625,65.2300033569336,65.61000061035156,64.81999969482422,65.58000183105469,2388999
2018-09-04,47.28010559082031,65.26000213623047,65.58000183105469,65.01000213623047,65.47000122070312,1642752
2018-09-05,47.0844841003418,64.98999786376953,65.08000183105469,64.47000122070312,65.0,2532486
2018-09-06,46.13542175292969,63.68000030517578,64.62000274658203,63.369998931884766,64.41000366210938,2793371
2018-09-07,45.903568267822266,63.36000061035156,63.369998931884766,62.459999084472656,62.70000076293945,2672178
2018-09-10,45.61376953125,62.959999084472656,63.439998626708984,62.93000030517578,63.130001068115234,2700354
2018-09-11,46.30928039550781,63.91999816894531,64.08499908447266,62.84000015258789,62.93000030517578,2172748
2018-09-12,46.63530731201172,64.37000274658203,64.91999816894531,64.31390380859375,64.51000213623047,2646530
2018-09-13,46.888877868652344,64.72000122070312,64.8949966430664,64.41000366210938,64.80999755859375,2586888
2018-09-14,46.71500015258789,64.4800033569336,64.93000030517578,64.37000274658203,64.80999755859375,1858096
2018-09-17,46.93234634399414,64.77999877929688,65.48999786376953,64.66000366210938,65.05000305175781,3487562
2018-09-18,47.83072280883789,66.0199966430664,66.25499725341797,65.69000244140625,65.70999908447266,3134714
2018-09-19,48.00460433959961,66.26000213623047,66.44999694824219,65.91999816894531,65.97000122070312,2852090
2018-09-20,48.41031265258789,66.81999969482422,67.02999877929688,66.2699966430664,66.87999725341797,2655063
2018-09-21,48.74357604980469,67.27999877929688,67.58000183105469,66.94999694824219,67.19000244140625,2538101
2018-09-24,49.38835906982422,68.16999816894531,68.83999633789062,68.0999984741211,68.44999694824219,2813736
2018-09-25,50.424381256103516,69.5999984741211,70.08999633789062,69.48999786376953,69.69000244140625,5812661
2018-09-26,49.9172477722168,68.9000015258789,69.5,68.82499694824219,69.05000305175781,4760651
2018-09-27,49.801334381103516,68.73999786376953,69.43000030517578,68.68000030517578,69.41999816894531,4661133
2018-09-28,49.36662673950195,68.13999938964844,68.9000015258789,68.01000213623047,68.0199966430664,6121883
2018-10-01,50.22153854370117,69.31999969482422,69.47000122070312,68.72000122070312,68.94000244140625,4376496
2018-10-02,50.0404052734375,69.06999969482422,69.2667007446289,68.57469940185547,68.93000030517578,4566727
2018-10-03,50.33744430541992,69.4800033569336,69.5999984741211,68.94999694824219,69.33999633789062,4205475
2018-10-04,50.15632629394531,69.2300033569336,69.31500244140625,68.76000213623047,69.2699966430664,5868249
2018-10-05,49.518775939941406,68.3499984741211,68.52999877929688,67.80000305175781,68.27999877929688,7634366
2018-10-08,49.033363342285156,67.68000030517578,67.7300033569336,66.83300018310547,66.86000061035156,5058048
2018-10-09,49.48979949951172,68.30999755859375,68.58999633789062,67.41000366210938,67.55000305175781,4487723
2018-10-10,48.48999786376953,66.93000030517578,68.58999633789062,66.8499984741211,68.55999755859375,4906096
2018-10-11,47.39602279663086,65.41999816894531,66.61000061035156,64.91000366210938,66.30999755859375,5619283
2018-10-12,47.28010559082031,65.26000213623047,66.04010009765625,64.66999816894531,66.02999877929688,3699378
2018-10-15,47.38878631591797,65.41000366210938,66.12999725341797,65.41000366210938,66.05000305175781,3721807
2018-10-16,47.81622314453125,66.0,66.31999969482422,65.44000244140625,65.52999877929688,2311247
2018-10-17,47.21490478515625,65.16999816894531,65.83999633789062,64.86000061035156,65.81999969482422,3237785
2018-10-18,46.874393463134766,64.69999694824219,65.62000274658203,64.44499969482422,64.9800033569336,3394496
2018-10-19,47.47571563720703,65.52999877929688,66.04000091552734,65.4000015258789,65.72000122070312,3245195
2018-10-22,47.019290924072266,64.9000015258789,65.3550033569336,64.68000030517578,65.30999755859375,2098450
2018-10-23,45.722450256347656,63.11000061035156,63.61000061035156,62.41999816894531,63.58000183105469,5248764
2018-10-24,44.44736099243164,61.349998474121094,63.31999969482422,61.31999969482422,63.209999084472656,4420249
2018-10-25,44.87480163574219,61.939998626708984,62.43000030517578,61.54499816894531,61.95000076293945,5366468
2018-10-26,44.85306930541992,61.90999984741211,62.435001373291016,60.709999084472656,60.869998931884766,6052144
2018-10-29,44.374916076660156,61.25,62.56999969482422,60.529998779296875,62.400001525878906,4525622
2018-10-30,45.33848190307617,62.58000183105469,62.59000015258789,61.290000915527344,61.56999969482422,4152885
2018-10-31,45.78042221069336,63.189998626708984,64.02999877929688,63.130001068115234,63.400001525878906,5830166
2018-11-01,45.73695373535156,63.130001068115234,63.650001525878906,62.5099983215332,63.529998779296875,3397099
2018-11-02,45.09939956665039,62.25,63.63999938964844,61.75,63.31999969482422,4184810
2018-11-05,45.92531204223633,63.38999938964844,63.66999816894531,62.970001220703125,63.5099983215332,2935440
2018-11-06,45.96878433227539,63.45000076293945,63.5,62.93000030517578,63.47999954223633,2743814
2018-11-07,46.454193115234375,64.12000274658203,64.55500030517578,63.650001525878906,64.48999786376953,3770832
2018-11-08,45.47613525390625,62.77000045776367,63.86000061035156,62.5,63.81999969482422,3585258
2018-11-09,45.64276885986328,63.0,63.17499923706055,62.220001220703125,62.380001068115234,2617119
2018-11-12,45.03419494628906,62.15999984741211,63.20349884033203,62.095001220703125,63.13999938964844,3377286
2018-11-13,43.99093246459961,60.720001220703125,62.0099983215332,60.58000183105469,61.5,4857859
2018-11-14,44.44011306762695,61.34000015258789,61.869998931884766,60.95000076293945,61.83000183105469,3478962
2018-11-15,45.36717224121094,61.65999984741211,61.72999954223633,60.27000045776367,60.77000045776367,4836434
2018-11-16,45.63204574584961,62.02000045776367,62.08000183105469,61.4900016784668,61.779998779296875,4359452
2018-11-19,45.38188171386719,61.68000030517578,61.825801849365234,61.209999084472656,61.66999816894531,2583574
2018-11-20,44.11637496948242,59.959999084472656,60.900001525878906,59.6349983215332,60.709999084472656,4511894
2018-11-21,45.35245132446289,61.63999938964844,62.06999969482422,61.06999969482422,61.27000045776367,3656569
2018-11-23,43.395320892333984,58.97999954223633,59.34000015258789,58.54999923706055,59.06999969482422,3729265
2018-11-26,44.4033203125,60.349998474121094,60.869998931884766,60.10499954223633,60.2400016784668,3749176
2018-11-27,43.96186828613281,59.75,59.97999954223633,59.435001373291016,59.58000183105469,3482100
2018-11-28,44.67555618286133,60.720001220703125,60.76499938964844,59.56999969482422,60.02000045776367,3075731
2018-11-29,44.58726119995117,60.599998474121094,60.95000076293945,60.474998474121094,60.63999938964844,3097540
2018-11-30,44.44010543823242,60.400001525878906,60.790000915527344,60.220001220703125,60.650001525878906,2741047
2018-12-03,45.49960708618164,61.84000015258789,62.119998931884766,61.38399887084961,61.93000030517578,3122805
2018-12-04,44.65348434448242,60.689998626708984,62.04899978637695,60.599998474121094,62.0099983215332,2762077
2018-12-06,43.549842834472656,59.189998626708984,59.189998626708984,57.650001525878906,58.790000915527344,6138221
2018-12-07,43.63813018798828,59.310001373291016,60.79999923706055,59.20500183105469,60.25,4802446
2018-12-10,43.2996826171875,58.849998474121094,59.01639938354492,57.779998779296875,58.77000045776367,4061143
2018-12-11,43.03480529785156,58.4900016784668,59.45000076293945,58.11000061035156,59.34000015258789,4228469
2018-12-12,43.395320892333984,58.97999954223633,59.76499938964844,58.88999938964844,59.310001373291016,3004016
2018-12-13,43.579254150390625,59.22999954223633,59.4900016784668,58.77000045776367,58.91999816894531,3814479
2018-12-14,42.843502044677734,58.22999954223633,59.310001373291016,58.119998931884766,59.08000183105469,3597037
2018-12-17,42.460906982421875,57.709999084472656,58.84000015258789,57.5099983215332,58.83000183105469,4390067
2018-12-18,41.94586181640625,57.0099983215332,57.75,56.790000915527344,57.720001220703125,5056546
2018-12-19,41.86494064331055,56.900001525878906,58.36000061035156,56.59000015258789,57.869998931884766,6182964
2018-12-20,41.519126892089844,56.43000030517578,57.85499954223633,56.27000045776367,57.349998474121094,7376405
2018-12-21,41.703067779541016,56.68000030517578,57.435001373291016,56.470001220703125,56.65999984741211,6377170
2018-12-24,40.80544662475586,55.459999084472656,57.060001373291016,55.44499969482422,56.810001373291016,3665466
2018-12-26,42.453556060791016,57.70000076293945,57.7599983215332,55.040000915527344,55.439998626708984,4234917
2018-12-27,42.52712631225586,57.79999923706055,57.9900016784668,56.20000076293945,56.91999816894531,4262084
2018-12-28,42.75521469116211,58.11000061035156,58.48500061035156,57.8849983215332,58.400001525878906,4103178
2018-12-31,42.8729362487793,58.27000045776367,58.829898834228516,58.05500030517578,58.36000061035156,2801995
2019-01-02,43.66020965576172,59.34000015258789,59.625,57.720001220703125,57.869998931884766,3918326
2019-01-03,43.564552307128906,59.209999084472656,59.564998626708984,58.810001373291016,59.400001525878906,3523203
2019-01-04,44.55046844482422,60.54999923706055,60.65409851074219,59.86000061035156,60.0,4106479
2019-01-07,44.609336853027344,60.630001068115234,60.810001373291016,59.7400016784668,60.0099983215332,3678599
2019-01-08,44.33710479736328,60.2599983215332,60.63999938964844,60.06999969482422,60.56999969482422,3134058
2019-01-09,44.85213851928711,60.959999084472656,61.081600189208984,60.5,60.63999938964844,3170379
2019-01-10,45.05815887451172,61.2400016784668,61.380001068115234,60.439998626708984,60.59000015258789,2014108
2019-01-11,44.54311752319336,60.540000915527344,60.880001068115234,60.290000915527344,60.58000183105469,3121436
2019-01-14,44.447471618652344,60.40999984741211,60.78499984741211,60.08000183105469,60.119998931884766,2487514
2019-01-15,44.45482635498047,60.41999816894531,60.939998626708984,60.13999938964844,60.5,1976413
2019-01-16,44.16787338256836,60.029998779296875,60.20000076293945,59.79999923706055,60.0,2873593
2019-01-17,44.27825164794922,60.18000030517578,60.290000915527344,59.43000030517578,59.47999954223633,1965974
2019-01-18,44.93307113647461,61.06999969482422,61.29999923706055,60.810001373291016,61.0,2808558
2019-01-22,43.86621856689453,59.619998931884766,60.14500045776367,59.40999984741211,59.900001525878906,3942260
2019-01-23,43.34381866455078,58.90999984741211,59.459999084472656,58.58000183105469,59.36000061035156,3959411
2019-01-24,43.29231262207031,58.84000015258789,59.43000030517578,58.66999816894531,58.79999923706055,2734366
2019-01-25,43.53512191772461,59.16999816894531,59.45000076293945,59.130001068115234,59.43000030517578,2296778
2019-01-28,43.12309265136719,58.61000061035156,58.68000030517578,58.119998931884766,58.34000015258789,2491139
2019-01-29,43.29231262207031,58.84000015258789,59.27000045776367,58.65999984741211,58.880001068115234,2878607
2019-01-30,43.82207107543945,59.560001373291016,59.810001373291016,59.26359939575195,59.79999923706055,3088062
2019-01-31,45.418670654296875,61.72999954223633,62.34000015258789,61.59000015258789,61.93000030517578,5630434
2019-02-01,46.23536682128906,62.84000015258789,62.84000015258789,61.98500061035156,62.2599983215332,3840111
2019-02-04,46.654762268066406,63.40999984741211,63.43000030517578,62.66999816894531,62.869998931884766,3097989
2019-02-05,46.85342025756836,63.68000030517578,63.790000915527344,63.459999084472656,63.540000915527344,2955374
2019-02-06,46.971126556396484,63.84000015258789,63.97650146484375,63.22999954223633,63.2599983215332,3249614
2019-02-07,46.23536682128906,62.84000015258789,63.4900016784668,62.55500030517578,63.349998474121094,3046841
2019-02-08,46.27951431274414,62.900001525878906,63.11000061035156,62.255001068115234,62.599998474121094,2893524
2019-02-11,45.963134765625,62.470001220703125,62.650001525878906,62.16999816894531,62.310001373291016,1982075
2019-02-12,46.47081756591797,63.15999984741211,63.44499969482422,62.88330078125,63.20000076293945,2396915
2019-02-13,46.389892578125,63.04999923706055,63.380001068115234,62.92530059814453,63.13999938964844,3071218
2019-02-14,46.382415771484375,62.099998474121094,62.494998931884766,61.970001220703125,62.060001373291016,2909083
2019-02-15,46.72599411010742,62.560001373291016,62.72999954223633,62.13999938964844,62.2599983215332,3340144
2019-02-19,47.166656494140625,63.150001525878906,63.27000045776367,62.25,62.27000045776367,1856112
2019-02-20,47.2712287902832,63.290000915527344,63.65999984741211,62.91999816894531,62.91999816894531,2317166
2019-02-21,46.576602935791016,62.36000061035156,63.119998931884766,62.209999084472656,62.900001525878906,2833490
2019-02-22,46.80815887451172,62.66999816894531,62.95000076293945,62.5,62.939998626708984,1667378
2019-02-25,46.718528747558594,62.54999923706055,62.869998931884766,62.34000015258789,62.68000030517578,1771881
2019-02-26,46.66622543334961,62.47999954223633,63.09000015258789,62.47999954223633,62.63999938964844,2345455
2019-02-27,46.688629150390625,62.5099983215332,62.95000076293945,62.4900016784668,62.849998474121094,3261046
2019-02-28,46.464576721191406,62.209999084472656,62.70000076293945,62.150001525878906,62.70000076293945,2679869
2019-03-01,46.54673385620117,62.31999969482422,62.59000015258789,62.04999923706055,62.22999954223633,2424535
2019-03-04,46.52432632446289,62.290000915527344,62.470001220703125,61.790000915527344,62.27000045776367,2292806
2019-03-05,46.591552734375,62.380001068115234,62.58000183105469,62.07500076293945,62.09000015258789,1847520
2019-03-06,46.59900665283203,62.38999938964844,62.59000015258789,62.189998626708984,62.459999084472656,1857363
2019-03-07,45.98656463623047,61.56999969482422,62.099998474121094,61.540000915527344,62.0,2558070
2019-03-08,45.41145324707031,60.79999923706055,60.84000015258789,60.29999923706055,60.41999816894531,5032897
2019-03-11,45.732608795166016,61.22999954223633,61.380001068115234,60.880001068115234,60.90999984741211,2527390
2019-03-12,45.81477355957031,61.34000015258789,61.650001525878906,61.09000015258789,61.09000015258789,2872824
2019-03-13,47.04716110229492,62.9900016784668,63.04499816894531,62.209999084472656,62.29999923706055,3832186
2019-03-14,47.091976165771484,63.04999923706055,63.325401306152344,63.0,63.11000061035156,2569023
2019-03-15,47.2712287902832,63.290000915527344,63.5,63.09000015258789,63.16999816894531,2893915
2019-03-18,47.86874771118164,64.08999633789062,64.19000244140625,63.65999984741211,63.709999084472656,2558726
2019-03-19,47.76417541503906,63.95000076293945,64.6500015258789,63.86000061035156,64.56999969482422,2922227
2019-03-20,48.160030364990234,64.4800033569336,64.73500061035156,63.70500183105469,63.970001220703125,2543331
2019-03-21,47.86126708984375,64.08000183105469,64.41000366210938,63.95000076293945,64.3499984741211,1966785
2019-03-22,46.964996337890625,62.880001068115234,63.689998626708984,62.7400016784668,63.63999938964844,3338121
2019-03-25,46.897769927978516,62.790000915527344,63.20000076293945,62.529998779296875,63.029998779296875,2329740
2019-03-26,47.20401382446289,63.20000076293945,63.78990173339844,63.130001068115234,63.41999816894531,2472962
2019-03-27,46.74093246459961,62.58000183105469,63.099998474121094,62.2400016784668,62.880001068115234,2942947
2019-03-28,46.785736083984375,62.63999938964844,62.71500015258789,62.310001373291016,62.43000030517578,1842493
2019-03-29,46.74839782714844,62.59000015258789,63.15999984741211,62.505001068115234,63.150001525878906,2355932
2019-04-01,47.26374816894531,63.279998779296875,63.45500183105469,63.16999816894531,63.41999816894531,2307460
2019-04-02,47.4355354309082,63.5099983215332,63.619998931884766,63.25,63.439998626708984,1947671
2019-04-03,47.66708755493164,63.81999969482422,64.16000366210938,63.619998931884766,63.9900016784668,2484852
2019-04-04,47.77912521362305,63.970001220703125,63.9900016784668,63.45000076293945,63.79999923706055,1574711
2019-04-05,48.189903259277344,64.5199966430664,64.62850189208984,64.05999755859375,64.19000244140625,3073580
2019-04-08,48.772491455078125,65.30000305175781,65.3499984741211,64.97000122070312,65.16000366210938,3245594
2019-04-09,48.22725296020508,64.56999969482422,65.05999755859375,64.54000091552734,65.05000305175781,2283091
2019-04-10,48.55588912963867,65.01000213623047,65.30999755859375,64.73999786376953,64.87000274658203,2505353
2019-04-11,48.488670349121094,64.91999816894531,65.06500244140625,64.68000030517578,65.0199966430664,2140053
2019-04-12,48.17496871948242,64.5,65.18000030517578,64.45999908447266,65.12000274658203,3135104
2019-04-15,48.23472213745117,64.58000183105469,64.83000183105469,64.27999877929688,64.80000305175781,2450572
2019-04-16,48.025596618652344,64.30000305175781,64.58999633789062,64.27999877929688,64.51000213623047,1700251
2019-04-17,48.242191314697266,64.58999633789062,64.80000305175781,64.44999694824219,64.73999786376953,2633930
2019-04-18,47.95089340209961,64.19999694824219,64.41320037841797,64.0248031616211,64.31999969482422,1835516
2019-04-22,48.7276725769043,65.23999786376953,65.41000366210938,64.55999755859375,64.55999755859375,1492297
2019-04-23,48.54841995239258,65.0,65.38999938964844,64.94000244140625,65.25,2110651
2019-04-24,47.398189544677734,63.459999084472656,64.29000091552734,63.43000030517578,64.29000091552734,2828984
2019-04-25,47.51770782470703,63.619998931884766,63.939998626708984,63.4900016784668,63.630001068115234,2044084
2019-04-26,47.09944152832031,63.060001373291016,63.33000183105469,62.6349983215332,63.33000183105469,2914082
2019-04-29,47.15172576904297,63.130001068115234,63.171600341796875,62.59000015258789,62.72999954223633,1532782
2019-04-30,47.45048522949219,63.529998779296875,63.81999969482422,63.369998931884766,63.70000076293945,2673200
2019-05-01,46.845489501953125,62.720001220703125,63.5099983215332,62.70000076293945,63.5,2342563
2019-05-02,47.577457427978516,63.70000076293945,64.47000122070312,63.68000030517578,64.36000061035156,3241198
2019-05-03,48.01812744140625,64.29000091552734,64.86000061035156,64.24349975585938,64.80000305175781,2345832
2019-05-06,47.88367462158203,64.11000061035156,64.37000274658203,63.49100112915039,63.560001373291016,2673378
2019-05-07,46.479515075683594,62.22999954223633,62.650001525878906,61.810001373291016,62.58000183105469,5245477
2019-05-08,46.8380241394043,62.709999084472656,63.13999938964844,62.43989944458008,62.59000015258789,3587182
2019-05-09,47.15172576904297,63.130001068115234,63.29999923706055,62.54999923706055,62.63999938964844,2092184
2019-05-10,47.465415954589844,63.54999923706055,63.63999938964844,62.810001373291016,62.959999084472656,1966369
2019-05-13,47.338443756103516,63.380001068115234,64.18990325927734,63.16680145263672,63.970001220703125,2330115
2019-05-14,47.88367462158203,64.11000061035156,64.48999786376953,63.849998474121094,63.90999984741211,1929627
2019-05-15,48.4438591003418,64.86000061035156,64.91999816894531,63.93000030517578,64.05000305175781,2753675
2019-05-16,48.701534271240234,64.26000213623047,64.55999755859375,64.08000183105469,64.19000244140625,1996193
2019-05-17,48.7091064453125,64.2699966430664,64.6500015258789,64.16000366210938,64.41000366210938,2278202
2019-05-20,48.83037567138672,64.43000030517578,64.69999694824219,64.1500015258789,64.44999694824219,1867374
2019-05-21,48.86068344116211,64.47000122070312,64.91999816894531,64.43229675292969,64.75,2916897
2019-05-22,48.29228591918945,63.720001220703125,64.5999984741211,63.70500183105469,64.44999694824219,2848252
2019-05-23,47.337345123291016,62.459999084472656,62.79999923706055,62.16999816894531,62.79999923706055,3338232
2019-05-24,47.97397232055664,63.29999923706055,63.349998474121094,62.790000915527344,63.130001068115234,1894382
2019-05-28,47.41313552856445,62.560001373291016,63.489898681640625,62.540000915527344,63.33000183105469,1832445
2019-05-29,47.26155090332031,62.36000061035156,62.38999938964844,61.779998779296875,61.84000015258789,2376756
2019-05-30,47.200931549072266,62.279998779296875,62.52000045776367,62.040000915527344,62.43000030517578,2633044
2019-05-31,46.84471130371094,61.810001373291016,62.31999969482422,61.66999816894531,61.75,2555950
2019-06-03,47.27671813964844,62.380001068115234,62.650001525878906,62.04499816894531,62.369998931884766,2311319
2019-06-04,47.35250473022461,62.47999954223633,62.4900016784668,61.810001373291016,62.09000015258789,3404408
2019-06-05,47.564701080322266,62.7599983215332,63.18000030517578,62.25,63.16999816894531,3493068
2019-06-06,48.216487884521484,63.619998931884766,63.7400016784668,63.130001068115234,63.130001068115234,2607814
2019-06-07,48.86827850341797,64.4800033569336,64.6500015258789,63.93000030517578,64.0199966430664,2327329
2019-06-10,48.71669387817383,64.27999877929688,64.63999938964844,64.22000122070312,64.4800033569336,1681522
2019-06-11,48.89101028442383,64.51000213623047,65.04000091552734,64.48999786376953,65.01000213623047,2347961
2019-06-12,48.11796569824219,63.4900016784668,64.19979858398438,63.380001068115234,64.0999984741211,1995924
2019-06-13,48.31501007080078,63.75,63.970001220703125,63.50339889526367,63.93000030517578,1678000
2019-06-14,48.07249069213867,63.43000030517578,63.599998474121094,63.310001373291016,63.459999084472656,1315112
2019-06-17,47.685970306396484,62.91999816894531,63.40999984741211,62.790000915527344,62.88999938964844,1930094
2019-06-18,48.443851470947266,63.91999816894531,64.04000091552734,63.601898193359375,63.70000076293945,1872775
2019-06-19,48.79248046875,64.37999725341797,64.5199966430664,64.06999969482422,64.19999694824219,1663762
2019-06-20,49.65646743774414,65.5199966430664,65.76000213623047,65.16000366210938,65.5,2520288
2019-06-21,49.792877197265625,65.69999694824219,66.02999877929688,65.38500213623047,65.83999633789062,2329346
2019-06-24,49.91413497924805,65.86000061035156,65.98999786376953,65.69490051269531,65.88999938964844,1687840
2019-06-25,49.83837127685547,65.76000213623047,66.11000061035156,65.72000122070312,66.0,1771362
2019-06-26,50.02782440185547,66.01000213623047,66.4800033569336,66.01000213623047,66.27999877929688,1986779
2019-06-27,49.33057403564453,65.08999633789062,65.75,65.06500244140625,65.72000122070312,3421829
2019-06-28,49.31541061401367,65.06999969482422,65.44719696044922,64.94000244140625,65.30999755859375,2172478
2019-07-01,49.413936614990234,65.19999694824219,66.36000061035156,65.19000244140625,66.36000061035156,2452699
2019-07-02,49.34573745727539,65.11000061035156,66.01000213623047,65.05000305175781,66.01000213623047,2388127
2019-07-03,49.01985549926758,64.68000030517578,64.93000030517578,64.5999984741211,64.87000274658203,1443456
2019-07-05,48.95162582397461,64.58999633789062,64.68000030517578,64.31500244140625,64.58999633789062,1721194
2019-07-08,48.822792053222656,64.41999816894531,64.72000122070312,64.33999633789062,64.44999694824219,2568148
2019-07-09,48.837955474853516,64.44000244140625,64.58000183105469,64.18499755859375,64.4000015258789,1350994
2019-07-10,49.444252014160156,65.23999786376953,65.31999969482422,64.91500091552734,65.04000091552734,1713304
2019-07-11,49.55036163330078,65.37999725341797,65.62000274658203,65.06999969482422,65.56999969482422,1691198
2019-07-12,49.307838439941406,65.05999755859375,65.22820281982422,64.91999816894531,65.11000061035156,1032558
2019-07-15,48.883419036865234,64.5,65.05999755859375,64.44999694824219,65.04000091552734,1626822
2019-07-16,48.368072509765625,63.81999969482422,64.33619689941406,63.650001525878906,64.0999984741211,2097617
2019-07-17,47.9967041015625,63.33000183105469,63.77000045776367,63.2599983215332,63.7599983215332,1833774
2019-07-18,47.84514236450195,63.130001068115234,63.290000915527344,62.77000045776367,63.16999816894531,1873981
2019-07-19,48.23922348022461,63.650001525878906,63.66999816894531,63.189998626708984,63.25,2346471
2019-07-22,48.42870330810547,63.900001525878906,63.95000076293945,63.630001068115234,63.68000030517578,1343707
2019-07-23,48.3453369140625,63.790000915527344,64.33000183105469,63.7599983215332,64.30999755859375,1911455
2019-07-24,47.87544250488281,63.16999816894531,63.810001373291016,63.15999984741211,63.43000030517578,1824215
2019-07-25,47.6480712890625,62.869998931884766,63.65999984741211,62.81999969482422,63.650001525878906,1996064
2019-07-26,47.76176071166992,63.02000045776367,63.380001068115234,62.95000076293945,63.380001068115234,2242146
2019-07-29,48.09522247314453,63.459999084472656,63.88999938964844,63.31999969482422,63.88999938964844,2140684
2019-07-30,48.35289764404297,63.79999923706055,63.810001373291016,63.22999954223633,63.58000183105469,2550969
2019-07-31,47.663230895996094,62.88999938964844,63.59000015258789,62.439998626708984,63.2599983215332,2970394
2019-08-01,44.54833984375,58.779998779296875,60.0,58.709999084472656,59.560001373291016,6373491
2019-08-02,44.267921447753906,58.40999984741211,58.904998779296875,58.02000045776367,58.779998779296875,4766854
2019-08-05,43.25236129760742,57.06999969482422,57.709999084472656,56.86000061035156,57.58000183105469,4741019
2019-08-06,43.42667007446289,57.29999923706055,57.439998626708984,56.689998626708984,57.279998779296875,5442571
2019-08-07,43.25236129760742,57.06999969482422,57.27579879760742,56.52000045776367,56.79999923706055,4529849
2019-08-08,43.97235107421875,58.02000045776367,58.04999923706055,57.119998931884766,57.43000030517578,3171885
2019-08-09,43.42667007446289,57.29999923706055,57.71900177001953,57.130001068115234,57.41999816894531,3782192
2019-08-12,43.32814407348633,57.16999816894531,57.63999938964844,57.13999938964844,57.4900016784668,2456260
2019-08-13,43.729827880859375,57.70000076293945,58.13999938964844,56.88999938964844,57.0099983215332,2823832
2019-08-14,42.72941970825195,56.380001068115234,56.64099884033203,56.09000015258789,56.439998626708984,3671340
2019-08-15,42.45966339111328,55.09000015258789,55.310001373291016,54.779998779296875,54.9900016784668,3445955
2019-08-16,42.8218994140625,55.560001373291016,55.65999984741211,54.97999954223633,55.209999084472656,2703758
2019-08-19,43.207271575927734,56.060001373291016,56.40999984741211,55.9900016784668,56.279998779296875,2628202
2019-08-20,42.898983001708984,55.65999984741211,55.880001068115234,55.29999923706055,55.599998474121094,2987138
2019-08-21,43.346004486083984,56.2400016784668,56.45000076293945,56.04999923706055,56.45000076293945,1822169
2019-08-22,43.07624435424805,55.88999938964844,56.310001373291016,55.709999084472656,56.2599983215332,2652079
2019-08-23,42.49049377441406,55.130001068115234,56.227901458740234,54.97999954223633,55.68000030517578,3429220
2019-08-26,42.62923812866211,55.310001373291016,55.869998931884766,55.15999984741211,55.869998931884766,2240404
2019-08-27,42.35175323486328,54.95000076293945,55.7400016784668,54.84000015258789,55.630001068115234,2298118
2019-08-28,42.91440200805664,55.68000030517578,55.880001068115234,55.15399932861328,55.34000015258789,2706412
2019-08-29,42.929813385009766,55.70000076293945,56.16999816894531,55.70000076293945,56.060001373291016,1962629
2019-08-30,42.85272979736328,55.599998474121094,55.84000015258789,55.244998931884766,55.7599983215332,2284806
2019-09-03,42.59839630126953,55.27000045776367,55.290000915527344,54.560001373291016,54.709999084472656,3875056
2019-09-04,43.07624435424805,55.88999938964844,56.029998779296875,55.72999954223633,55.7599983215332,1913737
2019-09-05,42.96064376831055,55.7400016784668,56.380001068115234,55.72999954223633,56.209999084472656,3218955
2019-09-06,42.85272979736328,55.599998474121094,55.657100677490234,55.30500030517578,55.54999923706055,4065948
2019-09-09,43.36141586303711,56.2599983215332,56.310001373291016,55.93000030517578,56.029998779296875,2523407
2019-09-10,43.78532791137695,56.810001373291016,57.573001861572266,56.689998626708984,57.06999969482422,3057636
2019-09-11,43.54639434814453,56.5,57.255001068115234,56.43000030517578,56.97999954223633,2638431
2019-09-12,43.58492660522461,56.54999923706055,56.685001373291016,55.93989944458008,56.18000030517578,2539925
2019-09-13,43.83156204223633,56.869998931884766,57.25,56.709999084472656,57.099998474121094,2742840
2019-09-16,44.694786071777344,57.9900016784668,58.68000030517578,57.790000915527344,58.630001068115234,5880565
2019-09-17,44.77186584472656,58.09000015258789,58.630001068115234,57.439998626708984,58.619998931884766,4372287
2019-09-18,44.87206268310547,58.220001220703125,58.47999954223633,57.959999084472656,58.040000915527344,2163379
2019-09-19,44.941429138183594,58.310001373291016,58.880001068115234,58.29999923706055,58.810001373291016,2319084
2019-09-20,45.07244110107422,58.47999954223633,58.7598991394043,58.314998626708984,58.56999969482422,2698793
2019-09-23,45.087860107421875,58.5,58.709999084472656,58.36000061035156,58.400001525878906,2180839
2019-09-24,44.61771011352539,57.88999938964844,58.209999084472656,57.68000030517578,58.209999084472656,3130626
2019-09-25,44.57147216796875,57.83000183105469,57.95000076293945,57.56999969482422,57.68000030517578,1953152
2019-09-26,45.126399993896484,58.54999923706055,58.650001525878906,58.25,58.439998626708984,2640574
2019-09-27,45.558006286621094,59.11000061035156,59.31999969482422,58.66999816894531,58.77000045776367,3081735
2019-09-30,45.35761642456055,58.849998474121094,59.0,58.54999923706055,58.54999923706055,2813966
2019-10-01,45.003074645996094,58.38999938964844,58.814998626708984,58.2849006652832,58.66999816894531,3175303
2019-10-02,43.63117980957031,56.61000061035156,57.209999084472656,56.47999954223633,57.099998474121094,3658952
2019-10-03,43.924049377441406,56.9900016784668,56.9900016784668,56.130001068115234,56.43000030517578,2290227
2019-10-04,44.16297912597656,57.29999923706055,57.349998474121094,56.869998931884766,57.0,1790065
2019-10-07,44.07048797607422,57.18000030517578,57.77000045776367,57.15999984741211,57.47999954223633,1984941
2019-10-08,43.500144958496094,56.439998626708984,57.10499954223633,56.43000030517578,57.04999923706055,3122372
2019-10-09,43.58492660522461,56.54999923706055,56.93000030517578,56.47999954223633,56.880001068115234,2023441
2019-10-10,44.13215637207031,57.2599983215332,57.34000015258789,56.939998626708984,57.04999923706055,2286482
2019-10-11,44.586883544921875,57.849998474121094,58.20500183105469,57.77000045776367,57.79999923706055,2365519
2019-10-14,44.56376266479492,57.81999969482422,57.959999084472656,57.470001220703125,57.54999923706055,1519791
2019-10-15,44.34795379638672,57.540000915527344,57.94499969482422,57.470001220703125,57.630001068115234,2400195
2019-10-16,44.23234176635742,57.38999938964844,57.880001068115234,57.38999938964844,57.630001068115234,2214485
2019-10-17,44.825801849365234,58.15999984741211,58.32500076293945,57.907100677490234,58.189998626708984,2543197
2019-10-18,44.486698150634766,57.720001220703125,58.119998931884766,57.619998931884766,58.0,2998276
2019-10-21,44.918304443359375,58.279998779296875,58.35499954223633,57.900001525878906,57.900001525878906,1663628
2019-10-22,45.42698669433594,58.939998626708984,59.34000015258789,58.5,58.56999969482422,3305027
2019-10-23,45.943363189697266,59.61000061035156,59.61000061035156,58.9900016784668,59.04999923706055,2220083
2019-10-24,45.912540435791016,59.56999969482422,60.040000915527344,59.325199127197266,60.02000045776367,1869687
2019-10-25,45.99732208251953,59.68000030517578,59.790000915527344,59.25,59.27000045776367,1494102
2019-10-28,46.18229675292969,59.91999816894531,60.19499969482422,59.81999969482422,60.09000015258789,2154271
2019-10-29,46.19000244140625,59.93000030517578,60.15999984741211,59.40999984741211,59.5,2471507
2019-10-30,46.28249740600586,60.04999923706055,60.060001373291016,59.540000915527344,59.95000076293945,2823024
2019-10-31,44.67938995361328,57.970001220703125,58.470001220703125,57.65999984741211,58.290000915527344,6078332
2019-11-01,45.19576644897461,58.63999938964844,58.83000183105469,58.189998626708984,58.220001220703125,3750211
2019-11-04,45.812355041503906,59.439998626708984,59.88999938964844,59.43000030517578,59.66999816894531,3281279
2019-11-05,46.36727523803711,60.15999984741211,60.15999984741211,59.73500061035156,60.150001525878906,3043519
2019-11-06,46.143768310546875,59.869998931884766,60.5099983215332,59.75,60.290000915527344,2170153
2019-11-07,46.52913284301758,60.369998931884766,60.41999816894531,59.95000076293945,60.2400016784668,2371048
2019-11-08,46.436649322509766,60.25,60.29999923706055,59.93000030517578,60.130001068115234,3064763
2019-11-11,46.382694244384766,60.18000030517578,60.32680130004883,59.720001220703125,59.779998779296875,1804630
2019-11-12,46.159175872802734,59.88999938964844,60.41999816894531,59.88999938964844,60.25,2294810
2019-11-13,46.46747970581055,60.290000915527344,60.380001068115234,59.81999969482422,59.84000015258789,2423276
2019-11-14,46.295223236083984,59.130001068115234,59.650001525878906,58.97999954223633,59.4900016784668,2030730
2019-11-15,46.63972473144531,59.56999969482422,59.71799850463867,59.2400016784668,59.29999923706055,1907934
2019-11-18,46.52226638793945,59.41999816894531,59.53499984741211,59.29999923706055,59.41999816894531,1861276
2019-11-19,45.982051849365234,58.72999954223633,59.68000030517578,58.689998626708984,59.65999984741211,2827115
2019-11-20,45.75499725341797,58.439998626708984,58.959999084472656,58.25,58.43000030517578,3864657
2019-11-21,45.93507385253906,58.66999816894531,58.75,58.33000183105469,58.560001373291016,6554404
2019-11-22,45.75499725341797,58.439998626708984,59.06999969482422,58.35499954223633,58.939998626708984,5777223
2019-11-25,45.911582946777344,58.63999938964844,58.88999938964844,58.52000045776367,58.869998931884766,5371089
2019-11-26,45.38700866699219,57.970001220703125,58.43000030517578,57.86000061035156,58.400001525878906,2683850
2019-11-27,45.25392150878906,57.79999923706055,58.02000045776367,57.6150016784668,58.0,2221957
2019-11-29,45.011207580566406,57.4900016784668,57.566898345947266,57.279998779296875,57.470001220703125,1478426
2019-12-02,44.729347229003906,57.130001068115234,57.65999984741211,57.060001373291016,57.630001068115234,3257465
2019-12-03,44.0090446472168,56.209999084472656,56.51499938964844,56.029998779296875,56.45000076293945,3528430
2019-12-04,44.502288818359375,56.84000015258789,56.959999084472656,56.68000030517578,56.81999969482422,2857057
2019-12-05,44.22826385498047,56.4900016784668,57.04999923706055,56.45500183105469,56.9900016784668,2321915
2019-12-06,44.854618072509766,57.290000915527344,57.529998779296875,57.060001373291016,57.08000183105469,2769454
2019-12-09,44.83896255493164,57.27000045776367,57.59000015258789,57.22999954223633,57.369998931884766,1950892
2019-12-10,44.909423828125,57.36000061035156,57.584999084472656,57.25,57.5,2066392
2019-12-11,44.94074249267578,57.400001525878906,57.543701171875,57.18000030517578,57.33000183105469,2044640
2019-12-12,45.22259521484375,57.7599983215332,57.95000076293945,57.314998626708984,57.369998931884766,2602211
2019-12-13,44.97205352783203,57.439998626708984,58.33000183105469,57.34000015258789,58.099998474121094,4002764
2019-12-16,45.5357780456543,58.15999984741211,58.5099983215332,58.060001373291016,58.380001068115234,2794717
2019-12-17,45.778480529785156,58.470001220703125,58.779998779296875,58.369998931884766,58.63999938964844,4058154
2019-12-18,45.817626953125,58.52000045776367,58.875,58.5,58.689998626708984,3437266
2019-12-19,46.115142822265625,58.900001525878906,59.11899948120117,58.75,59.04999923706055,3162848
2019-12-20,45.55143737792969,58.18000030517578,58.54999923706055,58.02000045776367,58.5,4836066
2019-12-23,46.036861419677734,58.79999923706055,58.79999923706055,58.099998474121094,58.130001068115234,2032364
2019-12-24,45.95854949951172,58.70000076293945,58.869998931884766,58.61000061035156,58.61000061035156,1128056
2019-12-26,46.091670989990234,58.869998931884766,59.06999969482422,58.84000015258789,58.849998474121094,1229020
2019-12-27,46.2639045715332,59.09000015258789,59.525001525878906,59.03499984741211,59.5,2486790
2019-12-30,45.942909240722656,58.68000030517578,59.18000030517578,58.650001525878906,59.119998931884766,2425954
2019-12-31,46.17778778076172,58.97999954223633,58.97999954223633,58.558998107910156,58.7400016784668,1866337
2020-01-02,46.772823333740234,59.7400016784668,59.77000045776367,59.2400016784668,59.459999084472656,3085246
2020-01-03,47.14078903198242,60.209999084472656,60.349998474121094,59.880001068115234,59.880001068115234,3713515
2020-01-06,47.728004455566406,60.959999084472656,61.16999816894531,60.689998626708984,60.959999084472656,3250736
2020-01-07,47.28955841064453,60.400001525878906,60.43000030517578,59.83000183105469,60.349998474121094,2683199
2020-01-08,46.73366165161133,59.689998626708984,59.93000030517578,59.400001525878906,59.810001373291016,2966175
2020-01-09,46.72583770751953,59.68000030517578,59.75,59.005001068115234,59.45000076293945,2835464
2020-01-10,46.20127487182617,59.0099983215332,59.345001220703125,58.9900016784668,59.33000183105469,2622597
2020-01-13,46.16212463378906,58.959999084472656,59.099998474121094,58.58000183105469,58.79999923706055,2981132
2020-01-14,46.13080596923828,58.91999816894531,58.95000076293945,58.599998474121094,58.79999923706055,2261293
2020-01-15,46.052513122558594,58.81999969482422,58.970001220703125,58.59000015258789,58.79999923706055,3500380
2020-01-16,46.01336669921875,58.77000045776367,59.23500061035156,58.66999816894531,59.18000030517578,2736435
2020-01-17,45.833290100097656,58.540000915527344,58.810001373291016,58.45000076293945,58.779998779296875,2478701
2020-01-21,44.98772048950195,57.459999084472656,57.90999984741211,57.459999084472656,57.880001068115234,2944677
2020-01-22,44.97205352783203,57.439998626708984,57.779998779296875,57.35499954223633,57.779998779296875,3301252
2020-01-23,44.94074249267578,57.400001525878906,57.42499923706055,56.779998779296875,57.08000183105469,2773075
2020-01-24,44.760658264160156,57.16999816894531,57.375,56.880001068115234,57.34000015258789,3016837
2020-01-27,43.91509246826172,56.09000015258789,56.380001068115234,55.88999938964844,56.150001525878906,3308707
2020-01-28,43.781982421875,55.91999816894531,56.060001373291016,55.7400016784668,55.79999923706055,3307906
2020-01-29,43.63322448730469,55.72999954223633,55.810001373291016,55.45000076293945,55.689998626708984,4032600
2020-01-30,42.153472900390625,53.84000015258789,54.0099983215332,52.93000030517578,53.95000076293945,13944094
2020-01-31,40.83030700683594,52.150001525878906,52.92499923706055,51.83000183105469,52.779998779296875,8655216
2020-02-03,40.11782455444336,51.2400016784668,51.677101135253906,51.04499816894531,51.380001068115234,9736379
2020-02-04,40.43883514404297,51.650001525878906,52.20830154418945,51.584999084472656,51.97999954223633,5738316
2020-02-05,41.45665740966797,52.95000076293945,53.09000015258789,52.72999954223633,52.97999954223633,5310501
2020-02-06,40.822479248046875,52.13999938964844,52.650001525878906,52.02000045776367,52.59000015258789,4213752
2020-02-07,40.54845428466797,51.790000915527344,52.02000045776367,51.630001068115234,51.72999954223633,3842225
2020-02-10,40.23527145385742,51.38999938964844,51.459999084472656,51.16999816894531,51.31999969482422,4003569
2020-02-11,40.70503234863281,51.9900016784668,52.03499984741211,51.630001068115234,51.83000183105469,4447370
2020-02-12,41.22178268432617,52.650001525878906,52.79499816894531,52.29999923706055,52.58000183105469,4404959
2020-02-13,40.64780807495117,50.9900016784668,51.36000061035156,50.779998779296875,51.15999984741211,5050422
2020-02-14,40.24922180175781,50.4900016784668,50.9900016784668,50.22999954223633,50.91999816894531,4830422
2020-02-18,40.02601623535156,50.209999084472656,50.310001373291016,49.95000076293945,50.02000045776367,3781807
2020-02-19,40.034000396728516,50.220001220703125,50.41999816894531,50.14500045776367,50.2599983215332,4629098
2020-02-20,39.55569076538086,49.619998931884766,50.20500183105469,49.52000045776367,50.06999969482422,6081295
2020-02-21,39.19695281982422,49.16999816894531,49.310001373291016,48.763301849365234,49.060001373291016,5516414
2020-02-24,37.690303802490234,47.279998779296875,47.630001068115234,46.88999938964844,46.88999938964844,8707360
2020-02-25,36.590206146240234,45.900001525878906,47.279998779296875,45.68000030517578,47.060001373291016,6950741
2020-02-26,36.47062301635742,45.75,46.58000183105469,45.7400016784668,46.13999938964844,5938633
2020-02-27,35.027740478515625,43.939998626708984,45.31999969482422,43.939998626708984,44.83000183105469,10497830
2020-02-28,35.099483489990234,44.029998779296875,44.03499984741211,42.11000061035156,42.90999984741211,12390357
2020-03-02,35.73722839355469,44.83000183105469,44.91999816894531,43.470001220703125,44.060001373291016,10208869
2020-03-03,35.04368591308594,43.959999084472656,46.02000045776367,43.744998931884766,45.58000183105469,10110309
2020-03-04,36.111900329589844,45.29999923706055,45.349998474121094,44.63999938964844,45.209999084472656,5387332
2020-03-05,34.8603401184082,43.72999954223633,44.41999816894531,43.470001220703125,44.27000045776367,7750334
2020-03-06,33.377601623535156,41.869998931884766,42.95000076293945,41.665000915527344,42.70000076293945,10366558
2020-03-09,27.645933151245117,34.68000030517578,36.83000183105469,34.404998779296875,36.25,19549452
2020-03-10,29.463489532470703,36.959999084472656,37.880001068115234,35.0,37.779998779296875,13552987
2020-03-11,27.494476318359375,34.4900016784668,35.7599983215332,34.10499954223633,35.380001068115234,11959627
2020-03-12,23.381059646606445,29.329999923706055,31.8700008392334,28.600000381469727,31.84000015258789,14541964
2020-03-13,23.97893524169922,30.079999923706055,31.684600830078125,27.66010093688965,31.65999984741211,17684604
2020-03-16,20.18440055847168,25.31999969482422,26.950000762939453,25.31999969482422,26.479999542236328,11075083
2020-03-17,20.45543670654297,25.65999984741211,26.639999389648438,25.31999969482422,26.09000015258789,12393676
2020-03-18,17.234867095947266,21.6200008392334,24.1200008392334,21.2549991607666,23.81999969482422,14234703
2020-03-19,19.16402244567871,24.040000915527344,25.155000686645508,22.299999237060547,23.170000076293945,14637882
2020-03-20,19.993080139160156,25.079999923706055,26.440000534057617,24.450000762939453,25.649999618530273,15077281
2020-03-23,21.38813018798828,26.829999923706055,27.23200035095215,25.90999984741211,26.639999389648438,21498957
2020-03-24,25.597200393676758,32.11000061035156,32.790000915527344,30.010000228881836,30.520000457763672,19496740
2020-03-25,27.374893188476562,34.34000015258789,35.75,32.33000183105469,33.68000030517578,14736153
2020-03-26,27.845230102539062,34.93000030517578,35.04999923706055,33.630001068115234,33.66999816894531,15115805
2020-03-27,25.22252655029297,31.639999389648438,32.720001220703125,31.559999465942383,32.689998626708984,9049543
2020-03-30,26.657438278198242,33.439998626708984,33.669898986816406,32.119998931884766,32.900001525878906,11144204
2020-03-31,27.813343048095703,34.88999938964844,35.84000015258789,34.084999084472656,35.150001525878906,11044882
2020-04-01,28.14815330505371,35.310001373291016,36.869998931884766,34.79999923706055,36.58000183105469,11609999
2020-04-02,31.057832717895508,38.959999084472656,40.349998474121094,37.33000183105469,38.630001068115234,14720705
2020-04-03,28.88951873779297,36.2400016784668,37.86000061035156,35.560001373291016,37.52000045776367,9524335
2020-04-06,29.75844955444336,37.33000183105469,37.45000076293945,36.13999938964844,36.709999084472656,7266605
2020-04-07,29.702634811401367,37.2599983215332,38.849998474121094,37.08000183105469,38.27000045776367,8946886
2020-04-08,30.348342895507812,38.06999969482422,38.09000015258789,36.959999084472656,37.459999084472656,5421277
2020-04-09,30.220796585083008,37.90999984741211,39.22999954223633,36.869998931884766,38.540000915527344,8286542
2020-04-13,29.790328979492188,37.369998931884766,39.040000915527344,37.01499938964844,38.869998931884766,4907726
2020-04-14,29.50333595275879,37.0099983215332,37.66999816894531,36.54499816894531,37.2400016784668,7802408
2020-04-15,27.390840530395508,34.36000061035156,34.90999984741211,33.63999938964844,34.88999938964844,11039676
2020-04-16,25.987812042236328,32.599998474121094,33.400001525878906,32.459999084472656,33.36000061035156,9723313
2020-04-17,28.283668518066406,35.47999954223633,35.4900016784668,34.060001373291016,34.130001068115234,8339049
2020-04-20,26.68932342529297,33.47999954223633,34.709999084472656,33.130001068115234,34.0099983215332,10342801
2020-04-21,26.25088119506836,32.93000030517578,33.209999084472656,31.959999084472656,32.27000045776367,10284615
2020-04-22,27.7894229888916,34.86000061035156,35.06999969482422,34.310001373291016,34.77000045776367,9121735
2020-04-23,28.028573989868164,35.15999984741211,36.11909866333008,34.92499923706055,35.119998931884766,6965352
2020-04-24,27.924938201904297,35.029998779296875,35.724998474121094,34.45000076293945,35.599998474121094,5907578
2020-04-27,28.55470848083496,35.81999969482422,36.0099983215332,34.29999923706055,34.63999938964844,5313193
2020-04-28,28.698200225830078,36.0,36.380001068115234,35.43000030517578,36.040000915527344,6132156
2020-04-29,30.30051040649414,38.0099983215332,38.06999969482422,37.099998474121094,37.189998626708984,5713906
2020-04-30,26.41031837463379,33.130001068115234,34.08000183105469,32.650001525878906,33.720001220703125,20540382
2020-05-01,24.94352149963379,31.290000915527344,32.07939910888672,31.110000610351562,31.850000381469727,11541531
2020-05-04,26.107389450073242,32.75,32.84000015258789,31.6299991607666,31.90999984741211,10794491
2020-05-05,26.362483978271484,33.06999969482422,34.81999969482422,32.959999084472656,34.279998779296875,13399929
2020-05-06,25.557344436645508,32.060001373291016,33.24800109863281,32.040000915527344,33.11000061035156,6073030
2020-05-07,25.9320125579834,32.529998779296875,33.38999938964844,32.432098388671875,32.97999954223633,5311117
2020-05-08,27.03211212158203,33.90999984741211,33.97999954223633,33.06999969482422,33.19499969482422,6002634
2020-05-11,26.115360260009766,32.7599983215332,33.255001068115234,32.69499969482422,33.15999984741211,4216453
2020-05-12,25.676916122436523,32.209999084472656,33.09000015258789,32.209999084472656,33.0,4359653
2020-05-13,24.744224548339844,31.040000915527344,32.16999816894531,30.770999908447266,32.15999984741211,7790224
2020-05-14,24.30121612548828,30.170000076293945,30.385000228881836,28.979999542236328,29.6200008392334,9756775
2020-05-15,24.26899528503418,30.1299991607666,30.739999771118164,29.910600662231445,30.290000915527344,7620615
2020-05-18,26.43572235107422,32.81999969482422,32.939998626708984,32.0,32.04999923706055,7927903
2020-05-19,25.90411376953125,32.15999984741211,32.91999816894531,32.15999984741211,32.90999984741211,6212994
2020-05-20,26.943180084228516,33.45000076293945,33.47999954223633,32.9900016784668,33.040000915527344,5273274
2020-05-21,26.1296443939209,32.439998626708984,33.43000030517578,32.20000076293945,33.150001525878906,6044443
2020-05-22,25.968555450439453,32.2400016784668,32.41999816894531,31.59000015258789,32.40999984741211,4179516
2020-05-26,26.331010818481445,32.689998626708984,33.08000183105469,32.529998779296875,32.939998626708984,4024723
2020-05-27,26.564599990844727,32.97999954223633,33.5,32.32210159301758,33.349998474121094,4987757
2020-05-28,26.266576766967773,32.61000061035156,33.36000061035156,32.51900100708008,33.36000061035156,4780582
2020-05-29,25.734962463378906,31.950000762939453,32.0099983215332,31.350000381469727,31.799999237060547,6304469
2020-06-01,26.7257022857666,33.18000030517578,33.25,31.96500015258789,32.150001525878906,5903335
2020-06-02,27.38618278503418,34.0,34.11000061035156,33.75859832763672,33.790000915527344,6139864
2020-06-03,28.715227127075195,35.650001525878906,35.790000915527344,35.130001068115234,35.22999954223633,6478724
2020-06-04,28.650781631469727,35.56999969482422,35.79999923706055,34.86000061035156,35.18000030517578,4767364
2020-06-05,30.422828674316406,37.77000045776367,38.154998779296875,37.5,37.52000045776367,8799758
2020-06-08,31.64716148376465,39.290000915527344,39.33000183105469,38.125,39.15999984741211,7255542
2020-06-09,30.012035369873047,37.2599983215332,37.650001525878906,36.849998474121094,37.439998626708984,8353103
2020-06-10,29.198511123657227,36.25,37.08000183105469,36.165000915527344,36.869998931884766,4827046
2020-06-11,26.733749389648438,33.189998626708984,35.060001373291016,33.08000183105469,34.54999923706055,6847059
2020-06-12,27.7486515045166,34.45000076293945,35.119998931884766,33.689998626708984,34.83000183105469,6526126
2020-06-15,27.80504035949707,34.52000045776367,34.84000015258789,32.941001892089844,33.20000076293945,5433698
2020-06-16,28.167495727539062,34.970001220703125,35.904998779296875,34.66999816894531,35.58000183105469,6556507
2020-06-17,27.53922462463379,34.189998626708984,34.98350143432617,34.11000061035156,34.900001525878906,3497603
2020-06-18,27.627832412719727,34.29999923706055,34.45000076293945,33.775001525878906,33.90999984741211,4216635
2020-06-19,27.337860107421875,33.939998626708984,34.88999938964844,33.810001373291016,34.869998931884766,4253648
2020-06-22,27.71643829345703,34.40999984741211,34.46839904785156,34.029998779296875,34.22999954223633,3623205
2020-06-23,28.07084083557129,34.849998474121094,35.435001373291016,34.79999923706055,35.22999954223633,4528754
2020-06-24,26.677366256713867,33.119998931884766,34.22999954223633,33.05500030517578,34.209999084472656,5215939
2020-06-25,27.297582626342773,33.88999938964844,33.900001525878906,33.040000915527344,33.16999816894531,4840499
2020-06-26,26.508216857910156,32.90999984741211,33.7400016784668,32.76499938964844,33.70000076293945,4920639
2020-06-29,26.935123443603516,33.439998626708984,33.63999938964844,33.040000915527344,33.18000030517578,4972718
2020-06-30,26.331010818481445,32.689998626708984,32.79999923706055,31.864999771118164,32.279998779296875,8178244
2020-07-01,26.395450592041016,32.77000045776367,33.37099838256836,32.7599983215332,32.81999969482422,5517942
2020-07-02,26.500164031982422,32.900001525878906,33.54999923706055,32.7599983215332,33.2599983215332,4228621
2020-07-06,26.943180084228516,33.45000076293945,33.81999969482422,33.15999984741211,33.630001068115234,4481450
2020-07-07,26.28268814086914,32.630001068115234,33.2599983215332,32.564998626708984,33.2599983215332,3758024
2020-07-08,26.37933921813965,32.75,33.0099983215332,32.380001068115234,32.529998779296875,3948239
2020-07-09,25.195293426513672,31.280000686645508,32.52000045776367,31.280000686645508,32.5,5623667
2020-07-10,25.94438362121582,32.209999084472656,32.220001220703125,31.6299991607666,31.760000228881836,6243871
2020-07-13,26.105478286743164,32.40999984741211,32.994998931884766,32.34000015258789,32.779998779296875,7151276
2020-07-14,26.99150276184082,33.5099983215332,33.54999923706055,32.4900016784668,32.61000061035156,5614488
2020-07-15,27.370080947875977,33.97999954223633,34.130001068115234,33.599998474121094,33.869998931884766,6038259
2020-07-16,26.96733283996582,33.47999954223633,33.775001525878906,33.29999923706055,33.599998474121094,3481162
2020-07-17,26.508216857910156,32.90999984741211,33.47999954223633,32.81999969482422,33.310001373291016,3616908
2020-07-20,26.105478286743164,32.40999984741211,32.9900016784668,32.34000015258789,32.790000915527344,4428253
2020-07-21,26.92706871032715,33.43000030517578,33.88010025024414,32.790000915527344,32.849998474121094,6851599
2020-07-22,26.37933921813965,32.75,32.91999816894531,32.42499923706055,32.91999816894531,5248364
2020-07-23,26.089370727539062,32.38999938964844,32.665000915527344,32.244998931884766,32.45000076293945,5887832
2020-07-24,26.008825302124023,32.290000915527344,32.599998474121094,32.13999938964844,32.29999923706055,4553120
2020-07-27,26.137697219848633,32.45000076293945,32.470001220703125,32.04999923706055,32.439998626708984,4390806
2020-07-28,25.855783462524414,32.099998474121094,32.56999969482422,32.01100158691406,32.29999923706055,4301053
2020-07-29,26.105478286743164,32.40999984741211,32.42499923706055,32.15999984741211,32.36000061035156,6410516
2020-07-30,24.840883255004883,30.84000015258789,31.3799991607666,30.170000076293945,31.229999542236328,11839841
2020-07-31,24.011240005493164,29.809999465942383,30.81999969482422,29.549999237060547,30.809999465942383,9047381
2020-08-03,24.405929565429688,30.299999237060547,30.3799991607666,29.780000686645508,29.959999084472656,6443493
2020-08-04,25.25167465209961,31.350000381469727,31.485000610351562,30.809999465942383,30.850000381469727,5737440
2020-08-05,25.388607025146484,31.520000457763672,32.05500030517578,31.385000228881836,31.959999084472656,4572046
2020-08-06,25.171127319335938,31.25,31.399999618530273,31.06999969482422,31.1299991607666,3633005
2020-08-07,24.840883255004883,30.84000015258789,30.860000610351562,30.459999084472656,30.670000076293945,3951120
2020-08-10,25.33222198486328,31.450000762939453,31.479999542236328,31.151399612426758,31.229999542236328,3528310
2020-08-11,25.6544132232666,31.850000381469727,32.560001373291016,31.760000228881836,32.4900016784668,5656384
2020-08-12,26.47599983215332,32.869998931884766,33.189998626708984,32.650001525878906,33.040000915527344,5308674
2020-08-13,25.760210037231445,31.670000076293945,32.314998626708984,31.571399688720703,32.290000915527344,3820813
2020-08-14,25.304710388183594,31.110000610351562,31.229999542236328,30.860000610351562,30.940000534057617,3795139
2020-08-17,25.16643524169922,30.940000534057617,31.270000457763672,30.804500579833984,31.190000534057617,4057804
2020-08-18,24.841075897216797,30.540000915527344,31.19499969482422,30.530000686645508,30.959999084472656,6547315
2020-08-19,24.743465423583984,30.420000076293945,30.889999389648438,30.350000381469727,30.6200008392334,3824757
2020-08-20,24.499452590942383,30.1200008392334,30.31999969482422,29.950000762939453,30.100000381469727,4721167
2020-08-21,24.100889205932617,29.6299991607666,29.709999084472656,29.450000762939453,29.579999923706055,4673192
2020-08-24,24.832944869995117,30.530000686645508,30.844999313354492,30.170000076293945,30.40999984741211,5080002
2020-08-25,24.450647354125977,30.059999465942383,30.81999969482422,29.809999465942383,30.770000457763672,4149134
2020-08-26,24.426244735717773,30.030000686645508,30.268400192260742,29.889999389648438,30.100000381469727,3992483
2020-08-27,24.2228946685791,29.780000686645508,30.165000915527344,29.542800903320312,30.06999969482422,5544677
2020-08-28,24.55638885498047,30.190000534057617,30.295000076293945,29.8799991607666,30.06999969482422,5251411
2020-08-31,24.141555786132812,29.68000030517578,30.350000381469727,29.670000076293945,30.350000381469727,4937139
2020-09-01,23.751127243041992,29.200000762939453,29.59000015258789,28.924999237060547,29.200000762939453,6213614
2020-09-02,23.62098503112793,29.040000915527344,29.25,28.93000030517578,29.209999084472656,5996161
2020-09-03,23.53964614868164,28.940000534057617,29.610000610351562,28.735000610351562,29.049999237060547,6178531
2020-09-04,23.51524543762207,28.90999984741211,29.5132999420166,28.584999084472656,29.479999542236328,7398020
2020-09-08,22.799457550048828,28.030000686645508,28.43000030517578,27.844999313354492,28.31999969482422,6149304
2020-09-09,23.198022842407227,28.520000457763672,29.030000686645508,28.43269920349121,28.920000076293945,5839572
2020-09-10,22.6693115234375,27.8700008392334,28.93000030517578,27.860000610351562,28.889999389648438,6583656
2020-09-11,22.840124130249023,28.079999923706055,28.31999969482422,27.739999771118164,28.15999984741211,6880587
2020-09-14,22.54730224609375,27.719999313354492,28.079999923706055,27.639999389648438,28.079999923706055,5963504
2020-09-15,22.64491081237793,27.84000015258789,28.399999618530273,27.780000686645508,28.170000076293945,6545371
2020-09-16,22.815725326538086,28.049999237060547,28.3799991607666,27.665000915527344,27.829999923706055,11434155
2020-09-17,22.44969367980957,27.600000381469727,27.84000015258789,27.350000381469727,27.649999618530273,10235336
2020-09-18,21.945390701293945,26.979999542236328,27.290000915527344,26.860000610351562,27.239999771118164,7042581
2020-09-21,21.400415420532227,26.309999465942383,26.399999618530273,25.920000076293945,26.299999237060547,8348456
2020-09-22,21.66883659362793,26.639999389648438,27.204999923706055,26.399999618530273,26.950000762939453,6777133
2020-09-23,21.245872497558594,26.1200008392334,27.147499084472656,26.049999237060547,27.100000381469727,8124938
2020-09-24,21.587495803833008,26.540000915527344,26.8799991607666,26.059999465942383,26.530000686645508,9533087
2020-09-25,20.936782836914062,25.739999771118164,26.075000762939453,25.549999237060547,25.889999389648438,9607179
2020-09-28,21.22146987915039,26.09000015258789,26.40999984741211,26.079999923706055,26.190000534057617,8440087
2020-09-29,20.863576889038086,25.649999618530273,25.93000030517578,25.420000076293945,25.90999984741211,7121182
2020-09-30,20.473142623901367,25.170000076293945,25.6200008392334,25.06999969482422,25.530000686645508,7345651
2020-10-01,19.716686248779297,24.239999771118164,24.75,24.110000610351562,24.6299991607666,8728720
2020-10-02,20.009511947631836,24.600000381469727,24.75,23.739999771118164,23.809999465942383,8151479
2020-10-05,20.668359756469727,25.40999984741211,25.43000030517578,24.860000610351562,25.1299991607666,6962014
2020-10-06,20.57888412475586,25.299999237060547,26.329999923706055,25.264999389648438,26.06999969482422,6744541
2020-10-07,20.81477165222168,25.59000015258789,25.610000610351562,25.165000915527344,25.43000030517578,8851622
2020-10-08,21.50615692138672,26.440000534057617,26.469999313354492,25.950000762939453,25.989999771118164,6181265
2020-10-09,21.68510627746582,26.65999984741211,27.19499969482422,26.579999923706055,27.100000381469727,10305656
2020-10-12,21.39228057861328,26.299999237060547,26.434999465942383,26.010000228881836,26.420000076293945,4889638
2020-10-13,21.00185203552246,25.81999969482422,26.15999984741211,25.6299991607666,26.1200008392334,4736456
2020-10-14,20.977453231811523,25.790000915527344,26.190000534057617,25.639999389648438,25.690000534057617,4767882
2020-10-15,20.635826110839844,25.3700008392334,25.399999618530273,24.6200008392334,24.739999771118164,5325005
2020-10-16,20.554485321044922,25.270000457763672,25.59000015258789,24.940000534057617,25.170000076293945,4770070
2020-10-19,20.36740493774414,25.040000915527344,25.735000610351562,25.040000915527344,25.299999237060547,4627761
2020-10-20,20.595155715942383,25.31999969482422,25.604999542236328,25.170000076293945,25.329999923706055,4062899
2020-10-21,20.196590423583984,24.829999923706055,25.235000610351562,24.799999237060547,25.110000610351562,4046687
2020-10-22,20.700899124145508,25.450000762939453,25.489999771118164,24.559999465942383,24.6299991607666,5203197
2020-10-23,20.83104133605957,25.610000610351562,25.975000381469727,25.295000076293945,25.899999618530273,4235291
2020-10-26,20.196590423583984,24.829999923706055,25.229999542236328,24.665000915527344,25.18000030517578,5347015
2020-10-27,19.6760196685791,24.190000534057617,24.5,24.170000076293945,24.440000534057617,6143508
2020-10-28,18.78942108154297,23.100000381469727,23.708900451660156,23.06999969482422,23.43000030517578,8483371
2020-10-29,20.033912658691406,24.6299991607666,24.7450008392334,23.59000015258789,23.829999923706055,11682777
2020-10-30,20.78223991394043,25.549999237060547,25.600000381469727,25.06999969482422,25.229999542236328,9439823
2020-11-02,21.6932373046875,26.670000076293945,26.8700008392334,25.899999618530273,26.329999923706055,8077173
2020-11-03,21.85592269897461,26.8700008392334,27.299999237060547,26.690000534057617,27.25,7717461
2020-11-04,21.880319595336914,26.899999618530273,27.2450008392334,26.329999923706055,26.790000915527344,7404175
2020-11-05,21.83151626586914,26.84000015258789,27.260000228881836,26.75,27.0,5926139
2020-11-06,21.6932373046875,26.670000076293945,27.209999084472656,26.579999923706055,26.90999984741211,5030635
2020-11-09,24.588926315307617,30.229999542236328,31.010000228881836,29.969999313354492,30.450000762939453,11753169
2020-11-10,25.833417892456055,31.760000228881836,31.77750015258789,31.034500122070312,31.479999542236328,10317788
2020-11-11,25.532459259033203,31.389999389648438,32.06999969482422,31.200000762939453,32.02000045776367,6114795
2020-11-12,25.18142318725586,30.6299991607666,31.43000030517578,30.350000381469727,30.809999465942383,5858630
2020-11-13,25.658245086669922,31.209999084472656,31.25,30.799999237060547,30.81999969482422,4762914
2020-11-16,27.294261932373047,33.20000076293945,33.20000076293945,32.400001525878906,33.04999923706055,7437126
2020-11-17,27.746421813964844,33.75,33.77000045776367,32.70500183105469,32.97999954223633,6099778
2020-11-18,27.121614456176758,32.9900016784668,34.08000183105469,32.9900016784668,33.880001068115234,4948519
2020-11-19,27.277812957763672,33.18000030517578,33.224998474121094,32.47999954223633,32.65999984741211,4333768
2020-11-20,27.67243194580078,33.65999984741211,33.709999084472656,33.165000915527344,33.380001068115234,4869829
2020-11-23,28.946704864501953,35.209999084472656,35.220001220703125,34.619998931884766,34.66999816894531,6213612
2020-11-24,30.508726119995117,37.11000061035156,37.224998474121094,36.744998931884766,36.849998474121094,7285970
2020-11-25,29.875701904296875,36.34000015258789,36.599998474121094,35.810001373291016,36.34000015258789,5255506
2020-11-27,29.818159103393555,36.27000045776367,36.36000061035156,35.91999816894531,35.95000076293945,2598848
2020-11-30,27.820411682128906,33.84000015258789,35.75,33.81999969482422,35.689998626708984,7388264
2020-12-01,28.82339859008789,35.060001373291016,35.494998931884766,34.88999938964844,35.22999954223633,5326353
2020-12-02,29.916805267333984,36.38999938964844,36.779998779296875,35.5099983215332,35.61000061035156,6286185
2020-12-03,30.17989158630371,36.709999084472656,37.255001068115234,36.38999938964844,36.66999816894531,4648399
2020-12-04,31.42949867248535,38.22999954223633,38.36000061035156,37.84000015258789,37.90999984741211,5367243
2020-12-07,30.763591766357422,37.41999816894531,38.0,37.334999084472656,37.91999816894531,4176276
2020-12-08,30.73893165588379,37.38999938964844,37.810001373291016,37.209999084472656,37.290000915527344,4120911
2020-12-09,30.895126342773438,37.58000183105469,38.32500076293945,37.11000061035156,38.13999938964844,6450576
2020-12-10,31.585704803466797,38.41999816894531,38.869998931884766,37.619998931884766,37.720001220703125,4965517
2020-12-11,31.084209442138672,37.810001373291016,37.970001220703125,37.15999984741211,37.95000076293945,4557049
2020-12-14,29.941469192504883,36.41999816894531,37.6150016784668,36.380001068115234,37.34000015258789,4630008
2020-12-15,30.895126342773438,37.58000183105469,37.6349983215332,36.619998931884766,36.900001525878906,5270395
2020-12-16,31.10066032409668,37.83000183105469,38.07500076293945,37.31999969482422,37.599998474121094,4279066
2020-12-17,31.322629928588867,38.099998474121094,38.34000015258789,37.869998931884766,38.04999923706055,3410801
2020-12-18,30.66493034362793,37.29999923706055,38.0099983215332,37.15999984741211,37.880001068115234,3782223
2020-12-21,29.218015670776367,35.540000915527344,35.790000915527344,34.709999084472656,34.959999084472656,7399731
2020-12-22,28.724733352661133,34.939998626708984,35.470001220703125,34.880001068115234,35.349998474121094,4389565
2020-12-23,29.546859741210938,35.939998626708984,36.5099983215332,35.849998474121094,35.880001068115234,5800646
2020-12-24,29.456418991088867,35.83000183105469,36.33000183105469,35.45500183105469,36.279998779296875,2081061
2020-12-28,29.513975143432617,35.900001525878906,36.619998931884766,35.775001525878906,36.40999984741211,5201155
2020-12-29,29.711278915405273,36.13999938964844,36.529998779296875,35.900001525878906,36.43000030517578,4728315
2020-12-30,29.620838165283203,36.029998779296875,36.439998626708984,35.95500183105469,36.150001525878906,3788926
2020-12-31,28.8891658782959,35.13999938964844,35.970001220703125,35.130001068115234,35.970001220703125,3789069
2021-01-04,29.620838165283203,36.029998779296875,36.36000061035156,35.494998931884766,36.25,6794599
2021-01-05,31.65968894958496,38.5099983215332,39.01499938964844,37.1150016784668,37.189998626708984,8518589
2021-01-06,33.12306594848633,40.290000915527344,40.68000030517578,39.564998626708984,39.90999984741211,9180332
2021-01-07,33.16416549682617,40.34000015258789,40.625,39.744998931884766,40.0,4829303
2021-01-08,33.08195877075195,40.2400016784668,40.41999816894531,39.77000045776367,40.36000061035156,5546750
2021-01-11,33.098388671875,40.2599983215332,40.31719970703125,39.040000915527344,39.150001525878906,5699062
2021-01-12,33.86296463012695,41.189998626708984,41.32500076293945,40.61000061035156,40.70000076293945,4737964
2021-01-13,33.4272346496582,40.65999984741211,40.939998626708984,40.310001373291016,40.91999816894531,3531505
2021-01-14,34.241146087646484,41.650001525878906,41.849998474121094,40.72999954223633,40.7400016784668,4177860
2021-01-15,33.04084014892578,40.189998626708984,40.900001525878906,39.83000183105469,40.7400016784668,4973155
2021-01-19,33.41902542114258,40.650001525878906,40.71500015258789,40.029998779296875,40.459999084472656,4130062
2021-01-20,33.50946044921875,40.7599983215332,40.939998626708984,40.33000183105469,40.72999954223633,2696298
2021-01-21,32.67912292480469,39.75,40.689998626708984,39.39500045776367,40.650001525878906,3495395
2021-01-22,32.29271697998047,39.279998779296875,39.404998779296875,38.68000030517578,38.90999984741211,3795510
2021-01-25,31.421283721923828,38.220001220703125,38.314998626708984,37.65999984741211,38.16999816894531,4152422
2021-01-26,31.56103515625,38.38999938964844,39.03499984741211,38.36000061035156,38.81999969482422,3597892
2021-01-27,31.22397232055664,37.97999954223633,38.77000045776367,37.369998931884766,38.02000045776367,4865827
2021-01-28,31.437725067138672,38.2400016784668,38.50320053100586,37.720001220703125,37.93000030517578,4479223
2021-01-29,30.327861785888672,36.88999938964844,37.79499816894531,36.720001220703125,37.619998931884766,4777888
2021-02-01,30.105894088745117,36.619998931884766,36.959999084472656,36.244998931884766,36.88999938964844,5965508
2021-02-02,29.735937118530273,36.16999816894531,37.099998474121094,36.040000915527344,36.91999816894531,8651487
2021-02-03,30.327861785888672,36.88999938964844,37.1349983215332,35.72999954223633,35.75,7443705
2021-02-04,30.08945083618164,36.599998474121094,36.70000076293945,35.78499984741211,36.310001373291016,6991247
2021-02-05,30.81292152404785,37.47999954223633,37.79499816894531,37.189998626708984,37.5,6950835
2021-02-08,31.676143646240234,38.529998779296875,38.599998474121094,37.66999816894531,37.66999816894531,6562795
2021-02-09,31.42949867248535,38.22999954223633,38.68000030517578,38.0099983215332,38.68000030517578,4530155
2021-02-10,31.519935607910156,38.34000015258789,38.439998626708984,37.529998779296875,37.88999938964844,4077347
2021-02-11,30.681371688842773,37.31999969482422,37.560001373291016,37.029998779296875,37.5,4616931
2021-02-12,31.65968894958496,38.5099983215332,38.54999923706055,37.18000030517578,37.209999084472656,4076934
2021-02-16,33.007965087890625,40.150001525878906,40.44499969482422,39.77000045776367,39.869998931884766,5631118
2021-02-17,33.34503173828125,40.560001373291016,40.61000061035156,39.790000915527344,40.25,3916612
2021-02-18,32.39426803588867,39.08000183105469,39.77000045776367,38.970001220703125,39.529998779296875,3542728
2021-02-19,32.78385925292969,39.54999923706055,39.77000045776367,39.11000061035156,39.15999984741211,3650577
2021-02-22,33.5050163269043,40.41999816894531,40.97999954223633,39.599998474121094,39.650001525878906,5382257
2021-02-23,34.0438232421875,41.06999969482422,41.189998626708984,39.93000030517578,40.900001525878906,5413532
2021-02-24,35.12969207763672,42.380001068115234,42.560001373291016,41.130001068115234,41.290000915527344,7325540
2021-02-25,35.005367279052734,42.22999954223633,43.189998626708984,42.01499938964844,42.959999084472656,7190286
2021-02-26,34.01066207885742,41.029998779296875,41.34000015258789,40.51499938964844,41.290000915527344,6386552
2021-03-01,33.99407958984375,41.0099983215332,41.66999816894531,40.8849983215332,41.08000183105469,4974612
2021-03-02,34.425113677978516,41.529998779296875,42.040000915527344,41.08000183105469,41.150001525878906,4066083
2021-03-03,34.86445236206055,42.060001373291016,42.779998779296875,41.630001068115234,41.66999816894531,5468191
2021-03-04,35.1711540222168,42.43000030517578,43.279998779296875,41.775001525878906,42.439998626708984,7670005
2021-03-05,36.34821319580078,43.849998474121094,44.130001068115234,43.119998931884766,43.720001220703125,6868982
2021-03-08,35.93375778198242,43.349998474121094,43.7400016784668,42.560001373291016,43.150001525878906,6300974
2021-03-09,35.80941390991211,43.20000076293945,43.95000076293945,43.029998779296875,43.689998626708984,5116723
2021-03-10,36.78754425048828,44.380001068115234,44.47999954223633,43.529998779296875,43.790000915527344,4928426
2021-03-11,36.41453170776367,43.93000030517578,44.474998474121094,43.779998779296875,44.189998626708984,3722584
2021-03-12,36.762672424316406,44.349998474121094,44.5,44.01499938964844,44.20000076293945,2942390
2021-03-15,36.182437896728516,43.650001525878906,44.20000076293945,43.220001220703125,44.060001373291016,4258505
2021-03-16,35.47785186767578,42.79999923706055,42.970001220703125,42.34000015258789,42.88999938964844,3554135
2021-03-17,35.82600021362305,43.220001220703125,43.27000045776367,42.2599983215332,42.2599983215332,3359238
2021-03-18,34.524593353271484,41.650001525878906,42.900001525878906,41.54999923706055,42.689998626708984,4190146
2021-03-19,34.781551361083984,41.959999084472656,42.27000045776367,41.16999816894531,41.63999938964844,4335357
2021-03-22,34.3090705871582,41.38999938964844,41.814998626708984,41.36000061035156,41.68000030517578,4425842
2021-03-23,32.60149383544922,39.33000183105469,40.36000061035156,39.15999984741211,40.119998931884766,6750032
2021-03-24,33.446983337402344,40.349998474121094,40.75,39.959999084472656,39.959999084472656,5508427
2021-03-25,33.049102783203125,39.869998931884766,39.880001068115234,38.790000915527344,39.34000015258789,5377251
2021-03-26,33.82000732421875,40.79999923706055,40.88999938964844,40.310001373291016,40.54999923706055,4517021
2021-03-29,33.58790588378906,40.52000045776367,40.70759963989258,40.18000030517578,40.38999938964844,5271681
2021-03-30,33.2397575378418,40.099998474121094,40.349998474121094,39.91999816894531,39.9900016784668,3263430
2021-03-31,32.502017974853516,39.209999084472656,39.7400016784668,39.20000076293945,39.619998931884766,5638771
2021-04-01,33.314361572265625,40.189998626708984,40.209999084472656,39.4900016784668,39.650001525878906,5062816
2021-04-05,32.99937057495117,39.810001373291016,40.400001525878906,39.54999923706055,40.20000076293945,3497821
2021-04-06,33.040809631347656,39.86000061035156,40.58000183105469,39.529998779296875,39.9900016784668,6137537
2021-04-07,33.48014831542969,40.38999938964844,40.5,39.790000915527344,39.79999923706055,7196085
2021-04-08,32.39426803588867,39.08000183105469,39.43000030517578,38.814998626708984,39.43000030517578,8390784
2021-04-09,32.25334548950195,38.90999984741211,39.029998779296875,38.689998626708984,38.869998931884766,5300374
2021-04-12,32.08755874633789,38.709999084472656,39.42499923706055,38.525001525878906,39.119998931884766,4705732
2021-04-13,32.03782653808594,38.650001525878906,38.88130187988281,38.56999969482422,38.70000076293945,4212661
2021-04-14,33.11542892456055,39.95000076293945,40.34000015258789,39.150001525878906,39.209999084472656,5761395
2021-04-15,32.949642181396484,39.75,40.029998779296875,39.56999969482422,39.959999084472656,4735100
2021-04-16,32.6429443359375,39.380001068115234,39.81999969482422,39.20000076293945,39.72999954223633,3766010
2021-04-19,32.684391021728516,39.43000030517578,39.77000045776367,39.233699798583984,39.529998779296875,3463741
2021-04-20,31.7642822265625,38.31999969482422,39.06999969482422,37.95000076293945,39.06999969482422,4530226
2021-04-21,32.02953338623047,38.63999938964844,38.68000030517578,37.970001220703125,38.08000183105469,4824136
2021-04-22,31.308374404907227,37.77000045776367,38.33000183105469,37.75,38.18000030517578,6303370
2021-04-23,31.523883819580078,38.029998779296875,38.11000061035156,37.73099899291992,37.869998931884766,3842605
2021-04-26,31.75598907470703,38.310001373291016,38.599998474121094,38.099998474121094,38.099998474121094,4538774
2021-04-27,31.930068969726562,38.52000045776367,38.540000915527344,37.970001220703125,38.2400016784668,3696840
2021-04-28,32.39426803588867,39.08000183105469,39.125,38.45000076293945,38.45000076293945,6477948
2021-04-29,32.03782653808594,38.650001525878906,39.5,38.45000076293945,39.439998626708984,6253321
2021-04-30,31.499027252197266,38.0,38.540000915527344,37.970001220703125,38.400001525878906,4616750
2021-05-03,32.24505615234375,38.900001525878906,38.93000030517578,37.98500061035156,38.040000915527344,5107671
2021-05-04,32.03782653808594,38.650001525878906,39.27000045776367,38.45000076293945,39.040000915527344,6640561
2021-05-05,32.97450637817383,39.779998779296875,39.839900970458984,39.44499969482422,39.060001373291016,3225346
2021-05-06,33.26463317871094,40.130001068115234,40.18000030517578,39.38999938964844,39.880001068115234,5053125
2021-05-07,33.89460372924805,40.88999938964844,40.88999938964844,39.75,39.869998931884766,3580857
2021-05-10,33.18172836303711,40.029998779296875,41.130001068115234,40.0,40.959999084472656,5485097
2021-05-11,32.526878356933594,39.2400016784668,39.790000915527344,38.88999938964844,39.09000015258789,9219405
2021-05-12,32.82530212402344,39.599998474121094,40.38999938964844,39.349998474121094,39.369998931884766,7112830
2021-05-13,32.672271728515625,39.06999969482422,39.502498626708984,38.5099983215332,38.959999084472656,6223576
2021-05-14,33.78447341918945,40.400001525878906,40.4718017578125,39.88999938964844,39.900001525878906,5988833
2021-05-17,34.27787399291992,40.9900016784668,41.0,40.099998474121094,40.119998931884766,4326617
2021-05-18,33.67576599121094,40.27000045776367,41.45000076293945,40.220001220703125,41.29999923706055,5073713
2021-05-19,32.847877502441406,39.279998779296875,39.755001068115234,39.0099983215332,39.56999969482422,5238512
2021-05-20,33.22418975830078,39.72999954223633,39.849998474121094,39.04999923706055,39.380001068115234,4598714
2021-05-21,33.32453918457031,39.849998474121094,40.10499954223633,39.77000045776367,39.84000015258789,5368628
2021-05-24,33.70921325683594,40.310001373291016,40.31999969482422,39.70000076293945,39.900001525878906,4987432
2021-05-25,32.597007751464844,38.97999954223633,40.06999969482422,38.94499969482422,39.95000076293945,6347769
2021-05-26,32.722442626953125,39.130001068115234,39.36000061035156,38.96099853515625,39.189998626708984,4782109
2021-05-27,32.45484161376953,38.810001373291016,39.130001068115234,38.564998626708984,38.83000183105469,4237716
2021-05-28,32.2875862121582,38.61000061035156,38.880001068115234,38.45000076293945,38.630001068115234,4117538
2021-06-01,33.107112884521484,39.59000015258789,39.654998779296875,39.2400016784668,39.33000183105469,7194877
2021-06-02,33.68412780761719,40.279998779296875,40.459999084472656,39.47999954223633,39.72999954223633,6649616
2021-06-03,33.617225646972656,40.20000076293945,40.3849983215332,39.63010025024414,39.790000915527344,4860971
2021-06-04,33.575416564941406,40.150001525878906,40.349998474121094,39.81999969482422,40.279998779296875,3476309
2021-06-07,33.182376861572266,39.68000030517578,40.119998931884766,39.66999816894531,39.939998626708984,2989744
2021-06-08,33.232547760009766,39.7400016784668,39.845001220703125,38.880001068115234,39.20000076293945,5133435
2021-06-09,33.29944610595703,39.81999969482422,40.209999084472656,39.775001525878906,39.90999984741211,4725702
2021-06-10,33.54196548461914,40.11000061035156,40.779998779296875,39.91999816894531,40.380001068115234,4640452
2021-06-11,33.801204681396484,40.41999816894531,40.59000015258789,40.290000915527344,40.540000915527344,3424050
2021-06-14,34.495277404785156,41.25,41.779998779296875,40.994998931884766,41.130001068115234,4783174
2021-06-15,35.423519134521484,42.36000061035156,42.380001068115234,41.58000183105469,41.59000015258789,5044791
2021-06-16,34.84651184082031,41.66999816894531,42.220001220703125,41.505001068115234,42.16999816894531,5137964
2021-06-17,34.495277404785156,41.25,42.27000045776367,40.63999938964844,41.939998626708984,11619902
2021-06-18,32.68062973022461,39.08000183105469,39.814998626708984,39.08000183105469,39.290000915527344,10899505
2021-06-21,33.85137939453125,40.47999954223633,40.54499816894531,39.5,39.54999923706055,5458991
2021-06-22,34.294586181640625,41.0099983215332,41.130001068115234,40.334999084472656,40.65999984741211,5647025
2021-06-23,34.52037811279297,41.279998779296875,42.28499984741211,41.20500183105469,41.959999084472656,4725531
2021-06-24,34.96358871459961,41.810001373291016,41.869998931884766,41.44499969482422,41.75,3928077
2021-06-25,35.030487060546875,41.88999938964844,42.22999954223633,41.665000915527344,42.08000183105469,4145389
2021-06-28,33.74266052246094,40.349998474121094,41.29999923706055,40.185001373291016,41.290000915527344,5031438
2021-06-29,33.525238037109375,40.09000015258789,40.88999938964844,40.06999969482422,40.68000030517578,3492554
2021-06-30,33.78447341918945,40.400001525878906,40.65999984741211,40.150001525878906,40.279998779296875,3475871
2021-07-01,34.654170989990234,41.439998626708984,41.630001068115234,41.14500045776367,41.34000015258789,4508802
2021-07-02,34.562191009521484,41.33000183105469,41.3650016784668,40.849998474121094,41.16999816894531,3473534
2021-07-06,34.07716751098633,40.75,41.66999816894531,40.349998474121094,41.66999816894531,5337430
2021-07-07,33.74266052246094,40.349998474121094,41.09000015258789,39.939998626708984,40.59000015258789,5659883
2021-07-08,33.77610778808594,40.38999938964844,40.650001525878906,39.665000915527344,39.7599983215332,5411285
2021-07-09,34.24441909790039,40.95000076293945,40.96500015258789,40.34000015258789,40.58000183105469,2878617
2021-07-12,33.91827392578125,40.560001373291016,40.97999954223633,40.2599983215332,40.470001220703125,3318297
2021-07-13,33.73430252075195,40.34000015258789,40.84000015258789,40.279998779296875,40.790000915527344,4011844
2021-07-14,33.42489242553711,39.970001220703125,41.16999816894531,39.86000061035156,40.90999984741211,3920482
2021-07-15,32.647178649902344,39.040000915527344,39.58000183105469,38.939998626708984,39.15999984741211,4901509
2021-07-16,32.095245361328125,38.380001068115234,39.45000076293945,38.279998779296875,39.349998474121094,6143016
2021-07-19,31.00813102722168,37.08000183105469,37.76499938964844,36.709999084472656,37.56999969482422,6520785
2021-07-20,31.06666374206543,37.150001525878906,37.279998779296875,36.31999969482422,36.59000015258789,5575205
2021-07-21,32.17887878417969,38.47999954223633,38.650001525878906,37.93000030517578,37.9900016784668,5126347
2021-07-22,31.852737426757812,38.09000015258789,38.439998626708984,37.79999923706055,38.439998626708984,4946128
2021-07-23,31.66876792907715,37.869998931884766,38.310001373291016,37.66999816894531,38.150001525878906,3112848
2021-07-26,32.822784423828125,39.25,39.27000045776367,38.5099983215332,38.529998779296875,4496757
2021-07-27,32.847877502441406,39.279998779296875,39.439998626708984,38.779998779296875,38.959999084472656,4434860
2021-07-28,33.040218353271484,39.5099983215332,39.599998474121094,39.02000045776367,39.279998779296875,4328139
2021-07-29,34.24441909790039,40.95000076293945,41.65999984741211,40.834999084472656,41.45000076293945,7483553
2021-07-30,33.96845626831055,40.619998931884766,41.08000183105469,40.380001068115234,41.029998779296875,4895324
2021-08-02,33.9266357421875,40.56999969482422,41.540000915527344,40.529998779296875,41.040000915527344,5048504
2021-08-03,34.8046989440918,41.619998931884766,41.689998626708984,40.650001525878906,41.220001220703125,6500606
2021-08-04,34.01026916503906,40.66999816894531,41.41999816894531,40.66999816894531,41.099998474121094,4527447
2021-08-05,34.45347595214844,41.20000076293945,41.65999984741211,41.150001525878906,41.43000030517578,4347757
2021-08-06,34.57891082763672,41.349998474121094,41.61000061035156,41.209999084472656,41.459999084472656,3848844
2021-08-09,34.319679260253906,41.040000915527344,41.275001525878906,40.810001373291016,41.08000183105469,4113970
2021-08-10,34.704345703125,41.5,41.540000915527344,40.790000915527344,40.915000915527344,4462006
2021-08-11,35.00540542602539,41.86000061035156,41.880001068115234,41.380001068115234,41.560001373291016,4311810
2021-08-12,34.76853942871094,41.099998474121094,41.25,40.7599983215332,41.189998626708984,3899282
2021-08-13,34.21866989135742,40.45000076293945,40.91999816894531,40.40999984741211,40.779998779296875,3133945
2021-08-16,33.59266662597656,39.709999084472656,39.84000015258789,39.380001068115234,39.810001373291016,4457970
2021-08-17,33.660343170166016,39.790000915527344,40.369998931884766,39.474998474121094,39.650001525878906,4722715
2021-08-18,33.186607360839844,39.22999954223633,39.9900016784668,39.220001220703125,39.810001373291016,4283798
2021-08-19,32.43370819091797,38.34000015258789,38.79999923706055,38.02000045776367,38.72999954223633,6197730
2021-08-20,32.29835891723633,38.18000030517578,38.375,37.96500015258789,38.08000183105469,4461573
2021-08-23,33.406551361083984,39.4900016784668,39.5099983215332,38.939998626708984,38.95000076293945,4420044
2021-08-24,33.609580993652344,39.72999954223633,39.84000015258789,39.38999938964844,39.4900016784668,3675550
2021-08-25,33.584205627441406,39.70000076293945,39.849998474121094,39.38999938964844,39.58000183105469,4088650
2021-08-26,33.347347259521484,39.41999816894531,39.904998779296875,39.38999938964844,39.790000915527344,3058263
2021-08-27,34.09177780151367,40.29999923706055,40.505001068115234,39.720001220703125,39.7400016784668,4245367
2021-08-30,33.7872314453125,39.939998626708984,40.29499816894531,39.935001373291016,40.2400016784668,3404506
2021-08-31,33.63496398925781,39.7599983215332,40.04999923706055,39.650001525878906,39.849998474121094,3473380
2021-09-01,33.49960708618164,39.599998474121094,40.040000915527344,39.47489929199219,39.970001220703125,4072820
2021-09-02,34.10022735595703,40.310001373291016,40.689998626708984,39.959999084472656,39.9900016784668,5691226
2021-09-03,33.96487808227539,40.150001525878906,40.41999816894531,39.939998626708984,40.27000045776367,3185750
2021-09-07,33.91412353515625,40.09000015258789,40.45000076293945,39.935001373291016,40.0,3110304
2021-09-08,33.44038391113281,39.529998779296875,40.290000915527344,39.5,40.06999969482422,3965063
2021-09-09,33.288124084472656,39.349998474121094,39.75,39.16999816894531,39.33000183105469,3886487
2021-09-10,33.38964080810547,39.470001220703125,39.81999969482422,39.439998626708984,39.720001220703125,3928830
2021-09-13,34.10869598388672,40.31999969482422,40.6150016784668,40.0,40.0,6071641
2021-09-14,33.93104553222656,40.11000061035156,41.03499984741211,40.025001525878906,41.02000045776367,5310356
2021-09-15,35.09846115112305,41.4900016784668,41.5099983215332,40.79999923706055,40.81999969482422,5699571
2021-09-16,34.56550216674805,40.86000061035156,41.400001525878906,40.584999084472656,41.400001525878906,3981661
2021-09-17,34.14253616333008,40.36000061035156,40.900001525878906,40.099998474121094,40.7599983215332,4509557
2021-09-20,33.406551361083984,39.4900016784668,39.83000183105469,39.0099983215332,39.63999938964844,5523782
2021-09-21,34.65856170654297,40.970001220703125,41.4900016784668,40.64500045776367,41.38999938964844,10815922
2021-09-22,34.88697052001953,41.2400016784668,41.959999084472656,41.224998474121094,41.779998779296875,6229359
2021-09-23,35.77521514892578,42.290000915527344,42.400001525878906,41.599998474121094,41.77000045776367,8434533
2021-09-24,35.512969970703125,41.97999954223633,42.22999954223633,41.790000915527344,41.849998474121094,5378687
2021-09-27,37.365596771240234,44.16999816894531,44.29499816894531,43.40999984741211,43.439998626708984,7267952
2021-09-28,37.619388580322266,44.470001220703125,45.40999984741211,44.41999816894531,45.36000061035156,9512505
2021-09-29,37.703975677490234,44.56999969482422,44.775699615478516,43.95500183105469,44.34000015258789,5864205
2021-09-30,37.703975677490234,44.56999969482422,45.165000915527344,44.400001525878906,44.880001068115234,6267877
2021-10-01,38.39765930175781,45.38999938964844,45.51900100708008,44.75,45.06999969482422,5399585
2021-10-04,38.64298629760742,45.68000030517578,46.48500061035156,45.56999969482422,45.84000015258789,8077445
2021-10-05,39.36204147338867,46.529998779296875,46.83000183105469,45.97999954223633,46.290000915527344,6626148
2021-10-06,38.456878662109375,45.459999084472656,45.810001373291016,45.08000183105469,45.51499938964844,7143435
2021-10-07,38.93906784057617,46.029998779296875,46.224998474121094,45.290000915527344,45.41999816894531,7115014
2021-10-08,39.395877838134766,46.56999969482422,47.130001068115234,46.56999969482422,46.59000015258789,8666390
2021-10-11,39.86114501953125,47.119998931884766,47.61000061035156,47.043399810791016,47.459999084472656,6026507
2021-10-12,39.76810073852539,47.0099983215332,47.54999923706055,46.93000030517578,47.2599983215332,5994923
2021-10-13,40.15723419189453,47.470001220703125,47.69499969482422,46.630001068115234,46.79999923706055,7010357
2021-10-14,40.68172836303711,48.09000015258789,48.45000076293945,47.83000183105469,48.40999984741211,5560309
2021-10-15,41.20621109008789,48.709999084472656,48.9900016784668,48.560001373291016,48.689998626708984,5178507
2021-10-18,41.113155364990234,48.599998474121094,48.939998626708984,48.47999954223633,48.709999084472656,5068382
2021-10-19,41.69686508178711,49.290000915527344,49.35499954223633,48.93000030517578,49.15999984741211,4475344
2021-10-20,41.82375717163086,49.439998626708984,49.77000045776367,48.869998931884766,49.040000915527344,6833117
2021-10-21,41.324642181396484,48.849998474121094,49.400001525878906,48.467098236083984,49.220001220703125,4566315
2021-10-22,41.189292907714844,48.689998626708984,48.86000061035156,48.16999816894531,48.63999938964844,4391622
2021-10-25,41.502296447753906,49.060001373291016,49.279998779296875,48.78499984741211,49.08000183105469,4869868
2021-10-26,41.33310317993164,48.86000061035156,49.310001373291016,48.625,49.209999084472656,3395254
2021-10-27,42.27210998535156,49.970001220703125,50.75,48.369998931884766,48.599998474121094,16960466
2021-10-28,40.131858825683594,47.439998626708984,48.06079864501953,46.8114013671875,48.0,14544797
2021-10-29,38.84600830078125,45.91999816894531,46.709999084472656,45.834999084472656,46.349998474121094,7518569
2021-11-01,39.049041748046875,46.15999984741211,46.5,45.904998779296875,46.369998931884766,4981495
2021-11-02,38.4061279296875,45.400001525878906,45.54999923706055,45.095001220703125,45.349998474121094,4611937
2021-11-03,37.89009475708008,44.790000915527344,44.970001220703125,44.45000076293945,44.529998779296875,6074660
2021-11-04,37.957763671875,44.869998931884766,45.540000915527344,44.6349983215332,45.439998626708984,6636011
2021-11-05,38.71065139770508,45.7599983215332,45.95000076293945,45.28499984741211,45.68000030517578,3898494
2021-11-08,38.73603820800781,45.790000915527344,46.16999816894531,45.59000015258789,45.88999938964844,3702953
2021-11-09,38.947532653808594,46.040000915527344,46.04999923706055,45.29499816894531,45.9900016784668,3490425
2021-11-10,37.99863052368164,44.45000076293945,45.59000015258789,44.28499984741211,45.439998626708984,4319005
2021-11-11,37.827659606933594,44.25,44.86000061035156,44.2400016784668,44.5,3845773
2021-11-12,37.7592658996582,44.16999816894531,44.310001373291016,43.970001220703125,44.04999923706055,2812039
2021-11-15,38.70816421508789,45.279998779296875,45.54499816894531,44.560001373291016,44.8849983215332,5912843
2021-11-16,38.97317886352539,45.59000015258789,45.91999816894531,45.53499984741211,45.70000076293945,4814834
2021-11-17,38.75946044921875,45.34000015258789,45.779998779296875,45.099998474121094,45.220001220703125,4750703
2021-11-18,38.52864456176758,45.06999969482422,45.130001068115234,44.45500183105469,44.709999084472656,4410293
2021-11-19,36.9385986328125,43.209999084472656,43.869998931884766,43.040000915527344,43.630001068115234,4642181
2021-11-22,36.870216369628906,43.130001068115234,43.56999969482422,42.709999084472656,42.72999954223633,5072671
2021-11-23,37.682334899902344,44.08000183105469,44.220001220703125,43.400001525878906,43.459999084472656,4515299
2021-11-24,37.81910705566406,44.2400016784668,44.28850173950195,43.599998474121094,43.599998474121094,3031828
2021-11-26,35.96405792236328,42.06999969482422,42.150001525878906,41.459999084472656,41.77000045776367,7174453
2021-11-29,36.288902282714844,42.45000076293945,43.4900016784668,42.400001525878906,43.209999084472656,4648172
2021-11-30,35.93840789794922,42.040000915527344,42.29999923706055,41.595001220703125,41.90999984741211,6551435
2021-12-01,35.553714752197266,41.59000015258789,43.1150016784668,41.560001373291016,43.02000045776367,6006255
2021-12-02,37.5028076171875,43.869998931884766,44.06999969482422,42.70000076293945,43.119998931884766,8238228
2021-12-03,37.25490188598633,43.58000183105469,44.41999816894531,43.314998626708984,44.25,5333061
2021-12-06,38.03282928466797,44.4900016784668,44.83000183105469,44.43000030517578,44.810001373291016,4270646
2021-12-07,37.99007034301758,44.439998626708984,45.10499954223633,44.29999923706055,44.65999984741211,5092649
2021-12-08,38.126861572265625,44.599998474121094,45.119998931884766,44.54999923706055,44.89500045776367,5591581
2021-12-09,37.639583587646484,44.029998779296875,44.18000030517578,43.70000076293945,44.130001068115234,3996704
2021-12-10,37.742164611816406,44.150001525878906,44.349998474121094,43.72999954223633,44.279998779296875,4575450
2021-12-13,36.61375427246094,42.83000183105469,43.345001220703125,42.70000076293945,43.220001220703125,4141180
2021-12-14,36.48552322387695,42.68000030517578,43.345001220703125,42.59000015258789,42.689998626708984,4931628
2021-12-15,36.61375427246094,42.83000183105469,42.96500015258789,42.03499984741211,42.58000183105469,4013304
2021-12-16,36.639400482177734,42.86000061035156,43.529998779296875,42.82500076293945,43.11000061035156,4744518
2021-12-17,35.99825668334961,42.11000061035156,42.75,42.095001220703125,42.68000030517578,5935715
2021-12-20,35.84437561035156,41.93000030517578,41.95000076293945,41.22999954223633,41.689998626708984,4125955
2021-12-21,36.801822662353516,43.04999923706055,43.17499923706055,42.38999938964844,42.38999938964844,4630759
2021-12-22,37.2036018371582,43.52000045776367,43.630001068115234,42.7599983215332,43.0,3264642
2021-12-23,37.477169036865234,43.84000015258789,44.43000030517578,43.779998779296875,44.0,3037950
2021-12-27,37.896053314208984,44.33000183105469,44.34000015258789,43.314998626708984,43.65999984741211,2860791
2021-12-28,37.63103103637695,44.02000045776367,44.45000076293945,43.849998474121094,44.189998626708984,3656423
2021-12-29,37.340389251708984,43.68000030517578,44.209999084472656,43.68000030517578,43.970001220703125,3319381
2021-12-30,37.10102462768555,43.400001525878906,44.06999969482422,43.38999938964844,43.91999816894531,3539821
2021-12-31,37.10102462768555,43.400001525878906,43.79999923706055,43.25,43.70000076293945,2348383
2022-01-03,38.161048889160156,44.63999938964844,44.72999954223633,43.959999084472656,44.040000915527344,7286049
2022-01-04,39.29801940917969,45.970001220703125,46.27000045776367,45.82500076293945,45.95000076293945,6062476
2022-01-05,39.31511688232422,45.9900016784668,46.94499969482422,45.970001220703125,46.720001220703125,5352739
2022-01-06,39.95626449584961,46.7400016784668,47.060001373291016,46.334999084472656,47.0,5412441
2022-01-07,40.409339904785156,47.27000045776367,47.31999969482422,46.4900016784668,46.81999969482422,4616054
2022-01-10,40.18707275390625,47.0099983215332,47.650001525878906,46.70500183105469,47.41999816894531,4283586
2022-01-11,41.452274322509766,48.4900016784668,48.52000045776367,47.18000030517578,47.349998474121094,5288449
2022-01-12,42.14470672607422,49.29999923706055,49.52000045776367,49.02000045776367,49.29999923706055,5405231
2022-01-13,42.09341812133789,49.2400016784668,49.720001220703125,49.084999084472656,49.4900016784668,4097965
2022-01-14,42.78585433959961,50.04999923706055,50.11000061035156,49.380001068115234,49.40999984741211,5490115
2022-01-18,43.55522918701172,50.95000076293945,51.27000045776367,50.314998626708984,51.0,6091297
2022-01-19,43.427005767822266,50.79999923706055,51.279998779296875,50.38999938964844,51.20000076293945,4590968
2022-01-20,42.307132720947266,49.4900016784668,50.40999984741211,49.47999954223633,49.54999923706055,5513072
2022-01-21,41.589046478271484,48.650001525878906,49.060001373291016,48.369998931884766,48.880001068115234,6755567
2022-01-24,41.033390045166016,48.0,48.040000915527344,46.369998931884766,47.25,6992372
2022-01-25,42.52085494995117,49.7400016784668,50.0,47.70000076293945,48.2400016784668,5846684
2022-01-26,43.52104187011719,50.90999984741211,51.689998626708984,50.584999084472656,51.27000045776367,6747433
2022-01-27,43.69200134277344,51.11000061035156,52.09000015258789,50.650001525878906,51.79999923706055,6007013
2022-01-28,43.63217544555664,51.040000915527344,51.20000076293945,50.30500030517578,50.900001525878906,6757736
2022-01-31,43.939910888671875,51.400001525878906,51.400001525878906,50.31999969482422,50.599998474121094,752914
2022-02-01,45.034141540527344,52.68000030517578,52.72999954223633,51.472999572753906,51.59000015258789,2426093
2022-02-02,45.52141189575195,53.25,53.290000915527344,52.34000015258789,52.7599983215332,4255632
2022-02-03,46.08562469482422,53.90999984741211,53.9900016784668,52.68000030517578,53.09000015258789,5748489
2022-02-04,47.1029052734375,55.099998474121094,55.279998779296875,54.630001068115234,54.77000045776367,6047876
2022-02-07,47.62437438964844,55.709999084472656,56.130001068115234,55.310001373291016,55.72999954223633,4494406
2022-02-08,46.71822738647461,54.650001525878906,55.459999084472656,53.97999954223633,55.380001068115234,4771449
2022-02-09,46.812255859375,54.7599983215332,55.27000045776367,54.279998779296875,54.41999816894531,3097417
2022-02-10,46.60708999633789,54.52000045776367,55.25,54.029998779296875,54.040000915527344,5972711
2022-02-11,47.19694137573242,55.209999084472656,55.72999954223633,54.72589874267578,54.849998474121094,4016099
2022-02-14,46.48741912841797,54.380001068115234,54.58000183105469,53.709999084472656,54.380001068115234,4360596
2022-02-15,45.70948028564453,53.470001220703125,53.72999954223633,52.59000015258789,52.83000183105469,3848897
2022-02-16,46.196754455566406,54.040000915527344,55.02000045776367,53.974998474121094,54.47999954223633,4217901
2022-02-17,45.84626388549805,53.630001068115234,54.0,53.130001068115234,53.81999969482422,2709933
2022-02-18,45.51287078857422,53.2400016784668,53.4900016784668,52.83000183105469,53.2400016784668,2874787
2022-02-22,45.025596618652344,52.66999816894531,53.900001525878906,52.09000015258789,53.650001525878906,3382529
2022-02-23,44.99140167236328,52.630001068115234,53.16350173950195,52.400001525878906,52.959999084472656,3805490
2022-02-24,44.10234451293945,51.59000015258789,53.709999084472656,50.68000030517578,53.4900016784668,7017532
2022-02-25,46.34208679199219,54.209999084472656,54.34000015258789,52.779998779296875,52.86000061035156,5797722
2022-02-28,44.786231994628906,52.38999938964844,53.33000183105469,51.630001068115234,52.16999816894531,8833744
2022-03-01,44.256221771240234,51.77000045776367,52.95000076293945,51.2932014465332,52.20000076293945,10689738
2022-03-02,46.69258117675781,54.619998931884766,55.119998931884766,54.15999984741211,54.4900016784668,9763061
2022-03-03,43.89718246459961,51.349998474121094,53.20000076293945,51.182701110839844,52.849998474121094,6765820
2022-03-04,42.221649169921875,49.38999938964844,50.369998931884766,48.27000045776367,50.20000076293945,8464598
2022-03-07,44.076698303222656,51.560001373291016,52.5099983215332,50.70000076293945,52.20000076293945,8597885
2022-03-08,45.25641632080078,52.939998626708984,53.79999923706055,51.2400016784668,53.029998779296875,8842615
2022-03-09,44.204925537109375,51.709999084472656,53.0,51.459999084472656,52.75,6690657
2022-03-10,44.187828063964844,51.689998626708984,51.970001220703125,51.09000015258789,51.619998931884766,4356648
2022-03-11,43.53813552856445,50.93000030517578,51.7400016784668,50.77000045776367,51.31999969482422,3223905
2022-03-14,42.70891571044922,49.959999084472656,52.209999084472656,49.65999984741211,50.595001220703125,4286894
2022-03-15,43.042320251464844,50.349998474121094,50.66999816894531,49.08000183105469,49.66999816894531,5137068
2022-03-16,42.939735412597656,50.22999954223633,50.38999938964844,49.529998779296875,50.20000076293945,4438390
2022-03-17,44.34170913696289,51.869998931884766,51.88999938964844,50.630001068115234,50.900001525878906,4129320
2022-03-18,43.73475646972656,51.15999984741211,51.439998626708984,50.380001068115234,50.869998931884766,4219642
2022-03-21,45.683837890625,53.439998626708984,53.5099983215332,52.68000030517578,52.70000076293945,6035040
2022-03-22,45.3675422668457,53.06999969482422,53.689998626708984,52.959999084472656,53.689998626708984,3774836
2022-03-23,46.795162200927734,54.7400016784668,55.150001525878906,54.32170104980469,54.47999954223633,6422804
2022-03-24,47.03452682495117,55.02000045776367,55.4900016784668,54.70000076293945,55.20000076293945,3481585
2022-03-25,47.52179718017578,55.59000015258789,55.93000030517578,54.95000076293945,54.970001220703125,3382397
2022-03-28,46.14546203613281,53.97999954223633,54.72999954223633,53.84000015258789,54.63999938964844,4470739
2022-03-29,45.69239044189453,53.45000076293945,53.584999084472656,52.720001220703125,53.380001068115234,4367057
2022-03-30,47.53889465332031,55.61000061035156,55.650001525878906,54.95000076293945,54.9900016784668,6248280
2022-03-31,46.95758056640625,54.93000030517578,55.7599983215332,54.91999816894531,55.41999816894531,4847557
2022-04-01,47.632930755615234,55.720001220703125,55.72999954223633,54.810001373291016,54.95000076293945,2749935
2022-04-04,47.718406677246094,55.81999969482422,55.9900016784668,55.150001525878906,55.81999969482422,4195180
2022-04-05,46.94049072265625,54.90999984741211,55.869998931884766,54.790000915527344,55.4900016784668,4109512
2022-04-06,47.27388381958008,55.29999923706055,55.939998626708984,54.959999084472656,55.720001220703125,4454857
2022-04-07,47.376468658447266,55.41999816894531,55.45000076293945,54.189998626708984,55.02000045776367,4027549
2022-04-08,47.94922637939453,56.09000015258789,56.474998474121094,55.599998474121094,55.61000061035156,5355716
2022-04-11,47.290977478027344,55.31999969482422,56.130001068115234,55.029998779296875,56.09000015258789,3854997
2022-04-12,47.86373519897461,55.9900016784668,56.72999954223633,55.720001220703125,56.2400016784668,4915839
2022-04-13,48.761348724365234,57.040000915527344,57.209999084472656,56.56999969482422,57.0,5328023
2022-04-14,48.8211784362793,57.11000061035156,57.474998474121094,56.879798889160156,57.040000915527344,4069957
2022-04-18,49.009254455566406,57.33000183105469,57.77000045776367,56.83000183105469,57.25,3278359
2022-04-19,49.65895462036133,58.09000015258789,58.68000030517578,57.72999954223633,57.88999938964844,5836152
2022-04-20,49.470882415771484,57.869998931884766,57.9900016784668,57.43000030517578,57.75,3312228
2022-04-21,48.47924041748047,56.709999084472656,58.1786003112793,56.58000183105469,57.880001068115234,4190512
2022-04-22,47.43631362915039,55.4900016784668,56.97999954223633,55.224998474121094,56.540000915527344,4946514
2022-04-25,45.9744873046875,53.779998779296875,54.09000015258789,52.2400016784668,53.70000076293945,6266597
2022-04-26,45.35044479370117,53.04999923706055,54.09000015258789,52.849998474121094,53.130001068115234,6852016
2022-04-27,45.9915885925293,53.79999923706055,54.04999923706055,52.79999923706055,53.2599983215332,4166169
2022-04-28,46.991790771484375,54.970001220703125,55.09000015258789,53.70000076293945,54.43000030517578,3690420
2022-04-29,45.675289154052734,53.43000030517578,54.880001068115234,53.275001525878906,54.58000183105469,4846395
2022-05-02,45.93175506591797,53.72999954223633,53.78499984741211,52.310001373291016,52.779998779296875,5134073
2022-05-03,47.56454086303711,55.63999938964844,55.77000045776367,54.59000015258789,54.68000030517578,5157360
2022-05-04,48.70150375366211,56.970001220703125,57.08000183105469,55.4900016784668,56.2599983215332,4293698
2022-05-05,48.675865173339844,56.939998626708984,57.560001373291016,55.86000061035156,57.400001525878906,5112479
2022-05-06,49.3255500793457,57.70000076293945,57.720001220703125,56.41999816894531,57.34000015258789,4531795
2022-05-09,46.461761474609375,54.349998474121094,56.0,54.20000076293945,55.959999084472656,6491645
2022-05-10,46.966129302978516,54.939998626708984,55.75,54.04999923706055,54.959999084472656,5537659
2022-05-11,47.76115798950195,55.869998931884766,57.33000183105469,55.709999084472656,56.36000061035156,4008574
2022-05-12,47.20549774169922,55.220001220703125,55.279998779296875,54.380001068115234,55.099998474121094,4931857
2022-05-13,48.4706916809082,56.70000076293945,56.81999969482422,55.529998779296875,55.529998779296875,3838356
2022-05-16,49.63330841064453,58.060001373291016,58.22999954223633,56.72999954223633,56.849998474121094,5929102
2022-05-17,50.043636322021484,58.540000915527344,58.86000061035156,58.20000076293945,58.630001068115234,5860757
2022-05-18,49.94105911254883,58.41999816894531,59.71910095214844,58.13999938964844,59.45000076293945,7162156
2022-05-19,50.48426818847656,58.54999923706055,59.209999084472656,57.63999938964844,57.720001220703125,6387759
2022-05-20,50.30319595336914,58.34000015258789,59.290000915527344,57.41999816894531,58.95000076293945,4415066
2022-05-23,51.74313735961914,60.0099983215332,60.18000030517578,59.36000061035156,59.5099983215332,7815063
2022-05-24,51.68278121948242,59.939998626708984,60.08000183105469,58.869998931884766,59.119998931884766,5028530
2022-05-25,52.0449333190918,60.36000061035156,60.65840148925781,59.38999938964844,59.83000183105469,5567944
2022-05-26,51.837982177734375,60.119998931884766,60.7400016784668,59.76499938964844,60.459999084472656,6775039
2022-05-27,51.75175476074219,60.02000045776367,60.26499938964844,59.45000076293945,59.70000076293945,3907640
2022-05-31,51.06197738647461,59.220001220703125,60.849998474121094,59.14500045776367,60.7400016784668,5117038
2022-06-01,51.501712799072266,59.72999954223633,60.02000045776367,58.916099548339844,59.630001068115234,4058887
2022-06-02,51.079219818115234,59.2400016784668,59.65999984741211,58.689998626708984,58.83000183105469,3395874
2022-06-03,51.44135665893555,59.65999984741211,59.720001220703125,58.93000030517578,58.93000030517578,2645475
2022-06-06,51.837982177734375,60.119998931884766,60.58000183105469,59.88130187988281,60.41999816894531,4211713
2022-06-07,53.07099533081055,61.54999923706055,61.67499923706055,60.16999816894531,60.20000076293945,5188308
2022-06-08,52.84680938720703,61.290000915527344,61.66999816894531,60.75,60.83000183105469,5538815
2022-06-09,51.32926559448242,59.529998779296875,60.86000061035156,59.5099983215332,60.7400016784668,3478023
2022-06-10,49.99279022216797,57.97999954223633,58.2400016784668,57.470001220703125,57.939998626708984,6548299
2022-06-13,48.21656799316406,55.91999816894531,56.880001068115234,55.0343017578125,56.0,9485021
2022-06-14,47.37156677246094,54.939998626708984,56.369998931884766,54.310001373291016,55.90999984741211,6042633
2022-06-15,47.388816833496094,54.959999084472656,55.52000045776367,53.84000015258789,55.22999954223633,4413440
2022-06-16,45.181480407714844,52.400001525878906,53.34939956665039,52.32500076293945,52.68000030517578,8441172
2022-06-17,43.05173873901367,49.93000030517578,51.9900016784668,49.520999908447266,51.77000045776367,10816456
2022-06-21,45.22459030151367,52.45000076293945,52.94990158081055,52.22999954223633,52.540000915527344,5114772
2022-06-22,43.82775115966797,50.83000183105469,51.43000030517578,50.369998931884766,50.709999084472656,5231164
2022-06-23,42.39643478393555,49.16999816894531,50.900001525878906,48.63999938964844,50.84000015258789,7500100
2022-06-24,43.8967399597168,50.90999984741211,51.36000061035156,50.2400016784668,50.470001220703125,4831652
2022-06-27,44.69861602783203,51.84000015258789,52.25,51.40999984741211,51.650001525878906,4882931
2022-06-28,45.828155517578125,53.150001525878906,53.65999984741211,52.599998474121094,53.439998626708984,5403257
2022-06-29,45.35392379760742,52.599998474121094,54.29999923706055,52.55500030517578,54.119998931884766,5708927
2022-06-30,45.086631774902344,52.290000915527344,52.400001525878906,51.220001220703125,52.099998474121094,6278638
2022-07-01,44.7503547668457,51.900001525878906,52.040000915527344,50.220001220703125,51.56999969482422,5051171
2022-07-05,41.90495681762695,48.599998474121094,50.10020065307617,47.75,50.0,9624618
2022-07-06,41.39623260498047,48.0099983215332,48.66999816894531,46.539100646972656,48.08000183105469,8138051
2022-07-07,42.20673751831055,48.95000076293945,49.21500015258789,48.654998779296875,48.880001068115234,6000652
2022-07-08,42.292964935302734,49.04999923706055,49.7599983215332,48.525001525878906,49.540000915527344,3199816
2022-07-11,41.6807746887207,48.34000015258789,48.68450164794922,47.86000061035156,48.310001373291016,3112642
2022-07-12,41.12031555175781,47.689998626708984,47.81999969482422,47.05500030517578,47.290000915527344,5053400
2022-07-13,41.19792556762695,47.779998779296875,48.15999984741211,47.029998779296875,47.029998779296875,3826933
2022-07-14,39.78384780883789,46.13999938964844,46.185001373291016,44.900001525878906,45.33000183105469,6488544
2022-07-15,40.93061828613281,47.470001220703125,47.70500183105469,46.91999816894531,47.380001068115234,3387771
2022-07-18,41.87046813964844,48.560001373291016,49.52519989013672,48.39500045776367,49.189998626708984,3784553
2022-07-19,42.70683670043945,49.529998779296875,49.584999084472656,48.63999938964844,48.720001220703125,4083954
2022-07-20,42.50852584838867,49.29999923706055,49.459999084472656,48.88999938964844,49.25,3487714
2022-07-21,42.23261260986328,48.97999954223633,49.00600051879883,47.75,48.099998474121094,2829536
2022-07-22,42.068782806396484,48.790000915527344,49.38999938964844,48.435001373291016,48.79999923706055,3076278
2022-07-25,43.27592468261719,50.189998626708984,50.2400016784668,48.81999969482422,49.09000015258789,3860029
2022-07-26,43.1638298034668,50.060001373291016,50.7400016784668,49.939998626708984,50.584999084472656,3320831
2022-07-27,44.336483001708984,51.41999816894531,51.685001373291016,50.334999084472656,50.779998779296875,4372980
2022-07-28,44.3968391418457,51.4900016784668,52.45000076293945,51.150001525878906,52.2599983215332,5117847
2022-07-29,46.0264778137207,53.380001068115234,53.5,51.86000061035156,51.900001525878906,6104532
2022-08-01,45.14699172973633,52.36000061035156,52.904998779296875,52.13999938964844,52.79999923706055,4318655
2022-08-02,45.45738983154297,52.720001220703125,53.255001068115234,52.41999816894531,53.02000045776367,4492498
2022-08-03,45.14699172973633,52.36000061035156,53.58000183105469,52.09000015258789,53.560001373291016,3641379
2022-08-04,44.051944732666016,51.09000015258789,52.209999084472656,50.93000030517578,52.150001525878906,5002827
2022-08-05,44.74174118041992,51.88999938964844,52.185001373291016,50.810001373291016,50.880001068115234,5334488
2022-08-08,44.81071090698242,51.970001220703125,52.86000061035156,51.93000030517578,52.689998626708984,3552307
2022-08-09,45.284950256347656,52.52000045776367,53.459999084472656,52.380001068115234,53.20000076293945,4099243
2022-08-10,45.8109130859375,53.130001068115234,53.2859992980957,52.3849983215332,53.16999816894531,4137914
2022-08-11,46.94247817993164,53.93000030517578,54.33000183105469,53.834999084472656,53.93000030517578,5705225
2022-08-12,47.255836486816406,54.290000915527344,54.29999923706055,53.27000045776367,53.52000045776367,3993983
2022-08-15,46.15908432006836,53.029998779296875,53.119998931884766,51.7599983215332,52.150001525878906,4377917
2022-08-16,45.90666961669922,52.7400016784668,53.130001068115234,52.369998931884766,52.810001373291016,3075603
2022-08-17,46.05463409423828,52.90999984741211,53.099998474121094,52.220001220703125,52.40999984741211,3311105
2022-08-18,46.73357391357422,53.689998626708984,53.79499816894531,52.75,52.77000045776367,8550633
2022-08-19,46.011112213134766,52.86000061035156,53.47999954223633,52.79999923706055,53.25,4321446
2022-08-22,46.00240707397461,52.849998474121094,53.18000030517578,52.275001525878906,52.84000015258789,4490994
2022-08-23,47.91736602783203,55.04999923706055,55.13999938964844,53.790000915527344,53.84000015258789,5418352
2022-08-24,47.386390686035156,54.439998626708984,54.57500076293945,53.93000030517578,54.15999984741211,6480483
2022-08-25,47.64753341674805,54.7400016784668,55.099998474121094,54.540000915527344,54.95000076293945,3636080
2022-08-26,47.769386291503906,54.880001068115234,55.58000183105469,54.71699905395508,55.18000030517578,3475573
2022-08-29,48.44832992553711,55.65999984741211,56.18000030517578,54.869998931884766,54.900001525878906,4905028
2022-08-30,47.3515739440918,54.400001525878906,54.70000076293945,54.05500030517578,54.650001525878906,7494213
2022-08-31,46.11557388305664,52.97999954223633,53.665000915527344,52.349998474121094,52.459999084472656,6568531
2022-09-01,45.6107177734375,52.400001525878906,52.86000061035156,52.1150016784668,52.79999923706055,6334794
2022-09-02,46.33317565917969,53.22999954223633,54.040000915527344,53.060001373291016,53.79999923706055,5595494
2022-09-06,45.95888137817383,52.79999923706055,53.59000015258789,52.70500183105469,53.459999084472656,5131494
2022-09-07,45.42792510986328,52.189998626708984,52.310001373291016,51.540000915527344,52.040000915527344,5655508
2022-09-08,45.40180969238281,52.15999984741211,52.38999938964844,51.75,51.81999969482422,6255961
2022-09-09,46.698760986328125,53.650001525878906,53.7400016784668,53.165000915527344,53.400001525878906,5154250
2022-09-12,46.977294921875,53.970001220703125,54.564998626708984,53.8849983215332,54.2599983215332,4736263
2022-09-13,46.280948638916016,53.16999816894531,54.21500015258789,52.9900016784668,53.70000076293945,4747975
2022-09-14,47.186195373535156,54.209999084472656,54.47999954223633,53.72999954223633,53.849998474121094,4348513
2022-09-15,46.22001647949219,53.099998474121094,53.54499816894531,52.88999938964844,53.27000045776367,5740218
2022-09-16,45.732574462890625,52.540000915527344,52.810001373291016,51.994998931884766,52.45000076293945,4879017
2022-09-19,45.68906021118164,52.4900016784668,52.88999938964844,51.880001068115234,51.939998626708984,4662563
2022-09-20,46.00240707397461,52.849998474121094,52.8650016784668,52.20500183105469,52.529998779296875,6354990
2022-09-21,45.549781799316406,52.33000183105469,53.59000015258789,52.29999923706055,53.45000076293945,5108911
2022-09-22,45.55849075317383,52.34000015258789,53.38999938964844,52.34000015258789,53.04999923706055,3480027
2022-09-23,41.876556396484375,48.11000061035156,49.59000015258789,47.939998626708984,49.560001373291016,9922917
2022-09-26,40.73628616333008,46.79999923706055,48.220001220703125,46.74100112915039,47.220001220703125,6456265
2022-09-27,41.841739654541016,48.06999969482422,49.0,47.6150016784668,48.0,7080110
2022-09-28,43.18220520019531,49.61000061035156,49.79999923706055,47.91999816894531,48.040000915527344,4654751
2022-09-29,43.59130859375,50.08000183105469,50.130001068115234,48.66999816894531,49.0,5373180
2022-09-30,43.31276321411133,49.7599983215332,50.404998779296875,49.5,49.66999816894531,5161419
2022-10-03,45.549781799316406,52.33000183105469,52.560001373291016,51.36000061035156,51.45000076293945,5853257
2022-10-04,46.72486877441406,53.68000030517578,53.94499969482422,52.65999984741211,52.810001373291016,6284299
2022-10-05,47.02081298828125,54.02000045776367,54.35499954223633,52.959999084472656,53.349998474121094,8350326
2022-10-06,44.97529602050781,51.66999816894531,52.029998779296875,50.880001068115234,51.040000915527344,12213514
2022-10-07,45.236419677734375,51.970001220703125,52.630001068115234,51.63999938964844,52.13999938964844,6085787
2022-10-10,44.53137969970703,51.15999984741211,52.029998779296875,51.119998931884766,51.790000915527344,3820625
2022-10-11,43.6783561706543,50.18000030517578,51.25,50.060001373291016,50.72999954223633,4254453
2022-10-12,43.800209045410156,50.31999969482422,50.724998474121094,49.72420120239258,50.0099983215332,4001576
2022-10-13,45.42792510986328,52.189998626708984,52.494998931884766,50.31999969482422,50.31999969482422,9291623
2022-10-14,43.98300552368164,50.529998779296875,51.59000015258789,50.470001220703125,51.43000030517578,5436625
2022-10-17,44.74898910522461,51.40999984741211,51.95000076293945,51.310001373291016,51.369998931884766,4588346
2022-10-18,44.77509307861328,51.439998626708984,51.70000076293945,50.810001373291016,51.599998474121094,3773047
2022-10-19,45.036224365234375,51.7400016784668,51.92499923706055,50.880001068115234,51.0,5001210
2022-10-20,45.279945373535156,52.02000045776367,52.72999954223633,51.7400016784668,52.369998931884766,4362973
2022-10-21,46.124271392822266,52.9900016784668,52.9900016784668,51.59000015258789,51.7599983215332,3219369
2022-10-24,46.08074951171875,52.939998626708984,53.470001220703125,52.4900016784668,52.61000061035156,3832212
2022-10-25,45.96759796142578,52.810001373291016,53.0099983215332,52.47999954223633,52.72999954223633,3074376
2022-10-26,46.402809143066406,53.310001373291016,53.7400016784668,52.59000015258789,52.59000015258789,5667610
2022-10-27,48.75297164916992,56.0099983215332,56.7307014465332,55.849998474121094,55.869998931884766,7316421
2022-10-28,48.900943756103516,56.18000030517578,56.68000030517578,55.83000183105469,56.47999954223633,5940751
2022-10-31,48.42222213745117,55.630001068115234,55.994998931884766,54.875,55.099998474121094,5838825
2022-11-01,48.60499954223633,55.84000015258789,56.95000076293945,55.79999923706055,56.91999816894531,4792770
2022-11-02,47.795501708984375,54.90999984741211,56.04499816894531,54.84000015258789,55.95000076293945,3919461
2022-11-03,48.50926208496094,55.72999954223633,55.869998931884766,54.5989990234375,54.779998779296875,3795150
2022-11-04,49.66693115234375,57.060001373291016,57.665000915527344,56.65999984741211,57.279998779296875,6535189
2022-11-07,49.49284744262695,56.86000061035156,57.439998626708984,56.84000015258789,57.279998779296875,4806178
2022-11-08,48.927059173583984,56.209999084472656,56.52000045776367,55.84000015258789,56.119998931884766,4022750
2022-11-09,46.643619537353516,53.11000061035156,54.52000045776367,53.03499984741211,54.29999923706055,5612875
2022-11-10,47.31987762451172,53.880001068115234,54.7400016784668,53.560001373291016,54.4900016784668,5155983
2022-11-11,48.97976303100586,55.77000045776367,55.994998931884766,55.17499923706055,55.59000015258789,5480342
2022-11-14,48.00490951538086,54.65999984741211,55.40999984741211,54.65999984741211,54.970001220703125,3393581
2022-11-15,49.42766189575195,56.279998779296875,56.66999816894531,55.95000076293945,56.27000045776367,4948655
2022-11-16,49.02366638183594,55.81999969482422,56.72999954223633,55.66889953613281,56.619998931884766,4272507
2022-11-17,49.787750244140625,56.689998626708984,56.75,55.5099983215332,55.709999084472656,4534539
2022-11-18,49.12905502319336,55.939998626708984,56.14500045776367,55.13999938964844,55.869998931884766,3367940
2022-11-21,48.03125762939453,54.689998626708984,54.83000183105469,53.510101318359375,54.709999084472656,4371219
2022-11-22,49.901912689208984,56.81999969482422,56.95000076293945,55.720001220703125,56.0,3419207
2022-11-23,49.91069793701172,56.83000183105469,57.0,56.11000061035156,56.31999969482422,3203577
2022-11-25,49.901912689208984,56.81999969482422,57.540000915527344,56.779998779296875,57.0,1500910
2022-11-28,49.61209487915039,56.4900016784668,57.05500030517578,56.255001068115234,56.4900016784668,3806189
2022-11-29,50.604515075683594,57.619998931884766,58.029998779296875,57.27000045776367,57.27000045776367,4289617
2022-11-30,51.35102844238281,58.470001220703125,58.7400016784668,57.856201171875,58.470001220703125,5377406
2022-12-01,50.98215866088867,58.04999923706055,58.77000045776367,57.90999984741211,58.689998626708984,4084642
2022-12-02,50.69234848022461,57.720001220703125,58.209999084472656,57.48500061035156,57.720001220703125,3510813
2022-12-05,50.41129684448242,57.400001525878906,58.970001220703125,57.10499954223633,58.77000045776367,5917006
2022-12-06,49.77896499633789,56.68000030517578,58.029998779296875,56.5099983215332,57.52000045776367,6428901
2022-12-07,49.4891357421875,56.349998474121094,57.31999969482422,56.349998474121094,56.959999084472656,5444943
2022-12-08,49.69992446899414,56.59000015258789,57.435001373291016,56.369998931884766,57.209999084472656,4571387
2022-12-09,48.839237213134766,55.61000061035156,56.779998779296875,55.61000061035156,56.27000045776367,4283357
2022-12-12,49.49793243408203,56.36000061035156,56.564998626708984,55.880001068115234,56.060001373291016,4491861
2022-12-13,50.393733978271484,57.380001068115234,57.744998931884766,57.150001525878906,57.369998931884766,5091499
2022-12-14,49.849220275878906,56.7599983215332,57.47999954223633,56.540000915527344,57.380001068115234,4325588
2022-12-15,49.31349182128906,56.150001525878906,56.900001525878906,55.779998779296875,56.7599983215332,6087661
2022-12-16,48.26838302612305,54.959999084472656,55.2599983215332,54.400001525878906,54.939998626708984,6956962
2022-12-19,48.760196685791016,55.52000045776367,56.34000015258789,55.290000915527344,56.2400016784668,5096775
2022-12-20,49.29592514038086,56.130001068115234,56.529998779296875,55.779998779296875,55.97999954223633,4430725
2022-12-21,50.586952209472656,57.599998474121094,57.7599983215332,56.720001220703125,57.2400016784668,4917419
2022-12-22,49.831661224365234,56.7400016784668,57.599998474121094,55.970001220703125,57.459999084472656,3748871
2022-12-23,50.74503707885742,57.779998779296875,57.779998779296875,56.95500183105469,57.15999984741211,2572147
2022-12-27,50.82406997680664,57.869998931884766,58.040000915527344,57.59000015258789,57.849998474121094,2395120
2022-12-28,49.67356872558594,56.560001373291016,57.93000030517578,56.38999938964844,57.93000030517578,4140448
2022-12-29,49.770179748535156,56.66999816894531,57.04999923706055,56.66999816894531,56.88999938964844,3415063
2022-12-30,50.016090393066406,56.95000076293945,56.970001220703125,56.459999084472656,56.47999954223633,2035233
2023-01-03,49.164188385009766,55.97999954223633,57.79499816894531,55.939998626708984,57.470001220703125,7766476
2023-01-04,48.681156158447266,55.43000030517578,55.970001220703125,55.130001068115234,55.810001373291016,5712988
2023-01-05,48.72507095336914,55.47999954223633,55.569698333740234,54.970001220703125,54.9900016784668,4266050
2023-01-06,50.27955627441406,57.25,57.28499984741211,56.040000915527344,56.119998931884766,5845518
2023-01-09,50.99972152709961,58.06999969482422,58.60100173950195,57.70000076293945,58.15999984741211,4939246
2023-01-10,51.2631950378418,58.369998931884766,58.476898193359375,57.689998626708984,57.95000076293945,3475500
2023-01-11,51.7550163269043,58.93000030517578,58.959999084472656,58.31999969482422,58.72999954223633,3113956
2023-01-12,52.36101150512695,59.619998931884766,59.775001525878906,58.689998626708984,59.130001068115234,3942425
2023-01-13,52.35221862792969,59.61000061035156,59.95000076293945,59.40999984741211,59.59000015258789,3619767
2023-01-17,52.16779327392578,59.400001525878906,60.119998931884766,59.244998931884766,59.630001068115234,3301583
2023-01-18,51.28076934814453,58.38999938964844,60.13999938964844,58.32500076293945,60.02000045776367,4893268
2023-01-19,51.9306640625,59.130001068115234,59.209999084472656,58.154998779296875,58.349998474121094,3563568
2023-01-20,51.728675842285156,58.900001525878906,58.9900016784668,58.154998779296875,58.4900016784668,4272295
2023-01-23,51.491539001464844,58.630001068115234,58.83000183105469,58.349998474121094,58.3650016784668,3219155
2023-01-24,50.929466247558594,57.9900016784668,58.400001525878906,56.2599983215332,51.2599983215332,3125185
2023-01-25,50.79773712158203,57.84000015258789,57.9900016784668,57.279998779296875,57.779998779296875,4033854
2023-01-26,51.39493179321289,58.52000045776367,58.66600036621094,57.63999938964844,58.22999954223633,3815540
2023-01-27,51.38615417480469,58.5099983215332,59.18000030517578,58.400001525878906,58.939998626708984,2599115
2023-01-30,51.298336029052734,58.40999984741211,58.902400970458984,58.30500030517578,58.720001220703125,3953046
2023-01-31,51.649627685546875,58.810001373291016,58.875,57.779998779296875,58.18000030517578,3360666
2023-02-01,51.21928787231445,58.31999969482422,58.88999938964844,57.5,58.68000030517578,5282193
2023-02-02,50.61329650878906,57.630001068115234,59.63999938964844,56.90999984741211,59.630001068115234,9676816
2023-02-03,51.201725006103516,58.29999923706055,59.130001068115234,57.959999084472656,58.15999984741211,5750011
2023-02-06,50.8065071105957,57.849998474121094,58.189998626708984,57.20500183105469,58.0,5409777
2023-02-07,52.35221862792969,59.61000061035156,59.720001220703125,58.2400016784668,58.310001373291016,4831599
2023-02-08,52.22927474975586,59.470001220703125,59.880001068115234,58.84000015258789,59.630001068115234,5212568
2023-02-09,52.51030731201172,59.790000915527344,60.3380012512207,59.724998474121094,60.16999816894531,4918346
2023-02-10,54.24045181274414,61.7599983215332,61.85499954223633,60.7599983215332,60.95000076293945,7372318
2023-02-13,54.30192947387695,61.83000183105469,61.9900016784668,61.369998931884766,61.54999923706055,4526171
2023-02-14,54.96061325073242,62.58000183105469,62.75,61.720001220703125,61.869998931884766,5795144
2023-02-15,54.855220794677734,62.459999084472656,62.56999969482422,61.6349983215332,62.0099983215332,6946412
2023-02-16,54.8685188293457,61.900001525878906,62.380001068115234,61.59000015258789,61.709999084472656,5075158
2023-02-17,53.769371032714844,60.65999984741211,61.220001220703125,60.5,61.130001068115234,5071012
2023-02-21,53.24639892578125,60.06999969482422,60.5,60.04999923706055,60.13999938964844,3071355
2023-02-22,52.25361251831055,58.95000076293945,59.724998474121094,58.67499923706055,59.61000061035156,4332574
2023-02-23,53.41481018066406,60.2599983215332,60.439998626708984,59.62350082397461,59.810001373291016,4144024
2023-02-24,53.7427864074707,60.630001068115234,60.689998626708984,59.34000015258789,59.56999969482422,5069046
2023-02-27,54.2480354309082,61.20000076293945,61.54499816894531,60.59000015258789,60.900001525878906,4710210
2023-02-28,53.866886138916016,60.77000045776367,61.599998474121094,60.75,61.58000183105469,5055244
2023-03-01,54.90397262573242,61.939998626708984,62.08000183105469,61.25,61.5,4300198
2023-03-02,55.32944869995117,62.41999816894531,62.494998931884766,61.369998931884766,61.52000045776367,4041439
2023-03-03,55.223079681396484,62.29999923706055,62.41659927368164,61.29999923706055,61.41999816894531,4237293
2023-03-06,55.462406158447266,62.56999969482422,62.72999954223633,62.15999984741211,62.310001373291016,3306147
2023-03-07,54.602603912353516,61.599998474121094,62.36000061035156,61.31999969482422,62.349998474121094,3146586
2023-03-08,54.39871597290039,61.369998931884766,61.93000030517578,61.02000045776367,61.5099983215332,2837335
2023-03-09,53.769371032714844,60.65999984741211,61.66999816894531,60.540000915527344,61.25,3348425
2023-03-10,53.50345230102539,60.36000061035156,61.69309997558594,60.189998626708984,61.25,4493262
2023-03-13,52.38657760620117,59.099998474121094,60.15999984741211,58.08000183105469,58.310001373291016,6706667
2023-03-14,52.65250015258789,59.400001525878906,60.380001068115234,58.834999084472656,59.38999938964844,4932262
2023-03-15,49.239845275878906,55.54999923706055,56.02000045776367,54.5099983215332,55.56999969482422,11421323
2023-03-16,48.4332160949707,54.63999938964844,54.709999084472656,52.470001220703125,53.06999969482422,12526152
2023-03-17,47.82160186767578,53.95000076293945,54.70500183105469,53.58000183105469,54.54999923706055,8845638
2023-03-20,48.96506118774414,55.2400016784668,55.630001068115234,54.47999954223633,54.7599983215332,5500597
2023-03-21,50.631500244140625,57.119998931884766,57.439998626708984,56.32500076293945,57.16999816894531,7023901
2023-03-22,50.39216232299805,56.849998474121094,57.95500183105469,56.83000183105469,56.97999954223633,7104574
2023-03-23,49.61213302612305,55.970001220703125,57.349998474121094,55.54499816894531,56.9900016784668,7498669
2023-03-24,48.37116241455078,54.56999969482422,54.82500076293945,53.7400016784668,53.95000076293945,9647766
2023-03-27,49.496891021728516,55.84000015258789,56.07699966430664,54.869998931884766,55.189998626708984,4769003
2023-03-28,49.78940963745117,56.16999816894531,56.560001373291016,55.529998779296875,55.599998474121094,5304799
2023-03-29,50.631500244140625,57.119998931884766,57.150001525878906,56.77000045776367,57.13999938964844,3250394
2023-03-30,51.35834884643555,57.939998626708984,58.130001068115234,57.529998779296875,58.11000061035156,3522244
2023-03-31,51.003787994384766,57.540000915527344,57.790000915527344,57.36000061035156,57.54999923706055,5167569
2023-04-03,53.63641357421875,60.5099983215332,61.13010025024414,60.0,60.75,7789641
2023-04-04,52.741146087646484,59.5,60.209999084472656,59.11000061035156,60.20000076293945,5158938
2023-04-05,53.069122314453125,59.869998931884766,59.90999984741211,59.0099983215332,59.70000076293945,3738038
2023-04-06,53.689598083496094,60.56999969482422,60.880001068115234,60.130001068115234,60.470001220703125,4338182
2023-04-10,53.893470764160156,60.79999923706055,60.95500183105469,60.22999954223633,60.22999954223633,2851074
2023-04-11,53.8757438659668,60.779998779296875,61.095001220703125,60.71500015258789,61.0,3807005
2023-04-12,54.40758514404297,61.380001068115234,61.84000015258789,61.255001068115234,61.689998626708984,4039765
2023-04-13,55.019203186035156,62.06999969482422,62.14500045776367,61.560001373291016,61.75,3582535
2023-04-14,55.010337829589844,62.060001373291016,62.310001373291016,61.650001525878906,62.11000061035156,3596442
2023-04-17,54.50509262084961,61.4900016784668,61.689998626708984,61.20000076293945,61.56999969482422,3913338
2023-04-18,54.87738037109375,61.90999984741211,61.950599670410156,61.2400016784668,61.400001525878906,3430240
2023-04-19,54.513954162597656,61.5,61.63999938964844,61.2599983215332,61.459999084472656,3729779
2023-04-20,54.64692306518555,61.650001525878906,61.65999984741211,60.83000183105469,60.849998474121094,4531069
2023-04-21,54.47850036621094,61.459999084472656,61.58000183105469,61.119998931884766,61.439998626708984,3703752
2023-04-24,54.95716094970703,62.0,62.06999969482422,61.22999954223633,61.2599983215332,3193965
2023-04-25,53.81369400024414,60.709999084472656,61.58000183105469,60.279998779296875,61.529998779296875,4815114
2023-04-26,53.618690490722656,60.4900016784668,61.45100021362305,60.279998779296875,61.29999923706055,3463368
2023-04-27,53.78710174560547,60.68000030517578,60.93000030517578,60.029998779296875,60.13999938964844,4111200
2023-04-28,54.93942642211914,61.97999954223633,62.22999954223633,60.61000061035156,60.810001373291016,4411813
2023-05-01,54.40758514404297,61.380001068115234,62.029998779296875,61.17499923706055,61.459999084472656,2492270
2023-05-02,52.5195426940918,59.25,60.58000183105469,58.625,60.560001373291016,8409357
2023-05-03,51.87247085571289,58.52000045776367,59.09000015258789,58.25,58.41999816894531,6056727
2023-05-04,52.59931945800781,59.34000015258789,60.150001525878906,59.09000015258789,59.33000183105469,6873805
2023-05-05,54.18598556518555,61.130001068115234,61.38999938964844,60.470001220703125,60.47999954223633,4957648
2023-05-08,53.9466552734375,60.86000061035156,61.97999954223633,60.77000045776367,61.880001068115234,4120153
2023-05-09,53.92892837524414,60.84000015258789,61.1349983215332,59.82500076293945,59.959999084472656,3929929
2023-05-10,54.07075119018555,61.0,61.59000015258789,60.630001068115234,61.560001373291016,3668686
2023-05-11,53.485721588134766,60.34000015258789,60.41999816894531,59.52000045776367,59.849998474121094,3202373
2023-05-12,53.50345230102539,60.36000061035156,61.06999969482422,60.13999938964844,60.7599983215332,3007570
2023-05-15,53.999839782714844,60.91999816894531,61.150001525878906,60.400001525878906,60.58000183105469,2691564
2023-05-16,53.10457992553711,59.90999984741211,60.72999954223633,59.85499954223633,60.34000015258789,3547073
2023-05-17,53.884605407714844,60.790000915527344,60.96500015258789,59.9900016784668,60.41999816894531,3782456
2023-05-18,53.74589920043945,60.060001373291016,60.439998626708984,59.58000183105469,60.43000030517578,5674548
2023-05-19,54.06805419921875,60.41999816894531,60.95500183105469,60.290000915527344,60.75,3615164
2023-05-22,53.719058990478516,60.029998779296875,60.439998626708984,59.98500061035156,60.119998931884766,2964172
2023-05-23,54.014366149902344,60.36000061035156,60.77000045776367,60.09000015258789,60.369998931884766,3265973
2023-05-24,53.280574798583984,59.540000915527344,60.040000915527344,59.290000915527344,59.93000030517578,4587894
2023-05-25,52.25146484375,58.38999938964844,58.599998474121094,57.939998626708984,58.459999084472656,5200606
2023-05-26,52.60047149658203,58.779998779296875,58.91999816894531,58.435001373291016,58.7599983215332,3448964
2023-05-30,51.44608688354492,57.4900016784668,57.939998626708984,57.21500015258789,57.5,3343556
2023-05-31,50.11272048950195,56.0,56.33000183105469,55.775001525878906,56.02000045776367,6159243
2023-06-01,51.088134765625,57.09000015258789,57.40999984741211,56.029998779296875,56.18000030517578,4418013
2023-06-02,52.13513946533203,58.2599983215332,58.45000076293945,57.77000045776367,57.86000061035156,4469082
2023-06-05,51.6429557800293,57.709999084472656,58.3849983215332,57.564998626708984,58.349998474121094,4556609
2023-06-06,51.634010314941406,57.70000076293945,57.72999954223633,56.310001373291016,56.36000061035156,5449934
2023-06-07,52.08143997192383,58.20000076293945,58.314998626708984,57.43000030517578,57.439998626708984,6636455
2023-06-08,52.6541633605957,58.84000015258789,59.0,58.060001373291016,58.40999984741211,6165899
2023-06-09,52.287269592285156,58.43000030517578,58.77000045776367,57.9900016784668,58.2599983215332,3693359
2023-06-12,51.741390228271484,57.81999969482422,58.400001525878906,57.54999923706055,58.0099983215332,4920785
2023-06-13,52.25146484375,58.38999938964844,59.099998474121094,58.279998779296875,58.38999938964844,5433135
2023-06-14,53.11949920654297,59.36000061035156,59.9900016784668,58.959999084472656,59.58000183105469,7493266
2023-06-15,54.300724029541016,60.68000030517578,61.09000015258789,59.81999969482422,59.900001525878906,8191054
2023-06-16,54.00541305541992,60.349998474121094,60.96500015258789,60.220001220703125,60.599998474121094,6410520
2023-06-20,53.987518310546875,60.33000183105469,60.380001068115234,59.58000183105469,60.33000183105469,4645056
2023-06-21,54.36336898803711,60.75,61.16999816894531,60.029998779296875,60.06999969482422,4866331
2023-06-22,53.772743225097656,60.09000015258789,60.47100067138672,60.060001373291016,60.27000045776367,3548701
2023-06-23,53.33426284790039,59.599998474121094,60.185001373291016,59.53499984741211,59.720001220703125,4421843
2023-06-26,53.87118911743164,60.20000076293945,60.540000915527344,60.09000015258789,60.119998931884766,3074750
2023-06-27,53.638511657714844,59.939998626708984,60.16999816894531,59.66999816894531,60.11000061035156,3459483
2023-06-28,53.37005615234375,59.63999938964844,59.755001068115234,58.86000061035156,59.34000015258789,3701046
2023-06-29,53.55797576904297,59.849998474121094,59.97999954223633,59.435001373291016,59.599998474121094,3848775
2023-06-30,54.032264709472656,60.380001068115234,60.56999969482422,60.02000045776367,60.31999969482422,4458981
2023-07-03,54.4618034362793,60.86000061035156,61.310001373291016,60.720001220703125,61.2599983215332,3121855
2023-07-05,53.56692886352539,59.86000061035156,60.72999954223633,59.72999954223633,60.68000030517578,4406581
2023-07-06,52.376747131347656,58.529998779296875,59.06999969482422,58.13999938964844,58.880001068115234,4478856
2023-07-07,53.37900161743164,59.650001525878906,59.91999816894531,58.58000183105469,58.61000061035156,4802897
2023-07-10,53.6206169128418,59.91999816894531,60.29499816894531,59.709999084472656,59.7599983215332,3409529
2023-07-11,54.47074508666992,60.869998931884766,60.88999938964844,60.20000076293945,60.20000076293945,4291898
2023-07-12,55.29402542114258,61.790000915527344,62.29999923706055,61.599998474121094,62.06999969482422,4888022
2023-07-13,55.58039093017578,62.11000061035156,62.599998474121094,61.920101165771484,62.310001373291016,5043050
2023-07-14,54.300724029541016,60.68000030517578,62.29999923706055,60.619998931884766,62.29999923706055,6420971
2023-07-17,54.41705322265625,60.810001373291016,61.31999969482422,60.810001373291016,61.220001220703125,5324870
2023-07-18,54.62288284301758,61.040000915527344,61.435001373291016,60.77000045776367,60.869998931884766,5030586
2023-07-19,55.24033737182617,61.72999954223633,61.89789962768555,61.39500045776367,61.459999084472656,4085140
2023-07-20,56.01887130737305,62.599998474121094,62.68000030517578,62.150001525878906,62.349998474121094,3701146
2023-07-21,56.3499755859375,62.970001220703125,62.97999954223633,62.58000183105469,62.81999969482422,4425165
2023-07-24,56.71686935424805,63.380001068115234,63.689998626708984,62.86000061035156,62.88999938964844,5758797
2023-07-25,56.40366744995117,63.029998779296875,63.22999954223633,62.29999923706055,62.66999816894531,4895979
2023-07-26,56.036766052246094,62.619998931884766,62.78499984741211,62.224998474121094,62.31999969482422,4484023
2023-07-27,54.40810775756836,60.79999923706055,61.880001068115234,60.68000030517578,61.59000015258789,7348255
2023-07-28,54.533390045166016,60.939998626708984,61.33000183105469,60.61000061035156,60.810001373291016,3903043
2023-07-31,55.150848388671875,61.630001068115234,61.91999816894531,61.310001373291016,61.400001525878906,5239894
2023-08-01,54.604976654052734,61.02000045776367,61.435001373291016,60.65999984741211,61.220001220703125,4749446
2023-08-02,53.6206169128418,59.91999816894531,60.43000030517578,59.505001068115234,60.36000061035156,5583412
2023-08-03,54.22018051147461,60.59000015258789,60.72990036010742,59.584999084472656,59.83000183105469,4607290
2023-08-04,54.7213134765625,61.150001525878906,61.98500061035156,61.09000015258789,61.20000076293945,4267497
2023-08-07,54.98081970214844,61.439998626708984,61.650001525878906,61.21500015258789,61.54999923706055,3972654
2023-08-08,55.19559097290039,61.68000030517578,61.7400016784668,60.34000015258789,60.70000076293945,3694454
2023-08-09,55.9472770690918,62.52000045776367,62.779998779296875,62.2400016784668,62.279998779296875,4999187
2023-08-10,56.36513900756836,62.31999969482422,63.095001220703125,62.20500183105469,62.63999938964844,3763521
2023-08-11,56.45558547973633,62.41999816894531,62.46500015258789,61.630001068115234,61.630001068115234,4513205
2023-08-14,55.677757263183594,61.560001373291016,61.720001220703125,61.099998474121094,61.439998626708984,4733411
2023-08-15,55.10795593261719,60.93000030517578,61.529998779296875,60.834999084472656,61.439998626708984,4170397
2023-08-16,54.88184356689453,60.68000030517578,61.189998626708984,60.650001525878906,60.70000076293945,5011595
2023-08-17,55.16222381591797,60.9900016784668,61.68000030517578,60.83100128173828,61.45000076293945,4099843
2023-08-18,55.35215759277344,61.20000076293945,61.22999954223633,60.26599884033203,60.38999938964844,3627689
2023-08-21,55.55113220214844,61.41999816894531,61.709999084472656,61.060001373291016,61.58000183105469,2906847
2023-08-22,55.10795593261719,60.93000030517578,61.529998779296875,60.880001068115234,61.470001220703125,2903838
2023-08-23,54.92706298828125,60.72999954223633,60.970001220703125,60.125,60.61000061035156,2818815
2023-08-24,54.682865142822266,60.459999084472656,60.939998626708984,60.41999816894531,60.470001220703125,2915432
2023-08-25,55.19839096069336,61.029998779296875,61.15999984741211,60.57500076293945,61.04999923706055,3417173
2023-08-28,55.55113220214844,61.41999816894531,61.630001068115234,61.11000061035156,61.2400016784668,2405541
2023-08-29,56.084754943847656,62.0099983215332,62.025001525878906,61.290000915527344,61.599998474121094,2925694
2023-08-30,56.292781829833984,62.2400016784668,62.560001373291016,62.13999938964844,62.439998626708984,2464087
2023-08-31,56.1571159362793,62.09000015258789,62.439998626708984,61.8849983215332,62.439998626708984,3051592
2023-09-01,56.8444938659668,62.849998474121094,63.15999984741211,62.474998474121094,63.0099983215332,2924792
2023-09-05,56.8444938659668,62.849998474121094,63.564998626708984,62.6349983215332,63.290000915527344,3944605
2023-09-06,57.33289337158203,63.38999938964844,63.58000183105469,62.940101623535156,63.029998779296875,3640134
2023-09-07,57.007293701171875,63.029998779296875,63.529998779296875,63.029998779296875,63.279998779296875,3041259
2023-09-08,57.161048889160156,63.20000076293945,63.63999938964844,62.90999984741211,63.0,4476333
2023-09-11,57.45047378540039,63.52000045776367,64.0199966430664,63.36000061035156,63.880001068115234,4328969
2023-09-12,57.94791793823242,64.06999969482422,64.1500015258789,63.58000183105469,63.58000183105469,5717953
2023-09-13,57.8212890625,63.93000030517578,64.26499938964844,63.650001525878906,64.23999786376953,4737805
2023-09-14,59.09656524658203,65.33999633789062,65.37000274658203,64.36000061035156,64.4000015258789,7459641
2023-09-15,58.47249984741211,64.6500015258789,65.33999633789062,64.61000061035156,64.94000244140625,4787592
2023-09-18,58.9970817565918,65.2300033569336,65.26000213623047,64.76000213623047,65.11000061035156,3410816
2023-09-19,58.942813873291016,65.16999816894531,65.7249984741211,65.08999633789062,65.5999984741211,5506664
2023-09-20,58.725738525390625,64.93000030517578,65.54000091552734,64.74259948730469,64.97000122070312,12779342
2023-09-21,58.3006477355957,64.45999908447266,65.375,64.43000030517578,65.12999725341797,6842505
2023-09-22,58.354915618896484,64.5199966430664,65.2699966430664,64.4800033569336,64.9800033569336,5412388
2023-09-25,58.526771545410156,64.70999908447266,64.81999969482422,64.05000305175781,64.41000366210938,2845251
2023-09-26,57.80320739746094,63.90999984741211,64.47000122070312,63.78499984741211,64.1500015258789,3187826
2023-09-27,58.71670150756836,64.91999816894531,65.03500366210938,64.33999633789062,64.5,5079809
2023-09-28,59.53069305419922,65.81999969482422,65.95999908447266,65.08999633789062,65.08999633789062,6326736
2023-09-29,58.228294372558594,64.37999725341797,65.44999694824219,64.13999938964844,65.41999816894531,7010794
2023-10-02,57.30576705932617,63.36000061035156,64.62000274658203,63.11000061035156,64.55000305175781,5976742
2023-10-03,57.31480026245117,63.369998931884766,63.44499969482422,62.84000015258789,63.29999923706055,4414530
2023-10-04,56.11188888549805,62.040000915527344,62.63999938964844,61.59000015258789,62.61000061035156,8040217
2023-10-05,56.67264938354492,62.65999984741211,62.65999984741211,61.650001525878906,61.65999984741211,5707383
2023-10-06,58.36396408081055,64.52999877929688,64.66999816894531,63.060001373291016,63.59000015258789,6938644
2023-10-09,59.80203628540039,66.12000274658203,66.12999725341797,65.33000183105469,65.4800033569336,7330905
2023-10-10,60.12763595581055,66.4800033569336,66.56999969482422,65.84500122070312,66.02999877929688,5700124
2023-10-11,60.01005172729492,66.3499984741211,66.66000366210938,65.80999755859375,66.4800033569336,6390396
2023-10-12,60.1818962097168,66.54000091552734,66.80000305175781,65.99500274658203,66.4800033569336,5893114
2023-10-13,60.9416389465332,67.37999725341797,67.61499786376953,66.93499755859375,67.13999938964844,8064370
2023-10-16,61.60188293457031,68.11000061035156,68.22000122070312,67.61000061035156,68.0199966430664,5770166
2023-10-17,61.93653869628906,68.4800033569336,68.72000122070312,68.08000183105469,68.0999984741211,6255736
2023-10-18,61.945579528808594,68.48999786376953,68.69999694824219,68.08999633789062,68.41999816894531,6260077
2023-10-19,61.59284973144531,68.0999984741211,68.41000366210938,67.44000244140625,67.76000213623047,6302041
2023-10-20,60.64316940307617,67.05000305175781,67.99500274658203,67.0199966430664,67.70999908447266,5387530
2023-10-23,60.661258697509766,67.06999969482422,67.72000122070312,66.94000244140625,67.69000244140625,9927224
2023-10-24,60.29948043823242,66.66999816894531,67.30500030517578,66.53500366210938,67.2699966430664,6852836
2023-10-25,60.471317291259766,66.86000061035156,67.18000030517578,66.69999694824219,66.88999938964844,4833452
2023-10-26,59.892486572265625,66.22000122070312,66.41000366210938,65.76499938964844,66.3499984741211,6078993
2023-10-27,60.01910400390625,66.36000061035156,67.43000030517578,66.08999633789062,67.30999755859375,6047687
2023-10-30,59.77489471435547,66.08999633789062,66.7479019165039,65.89320373535156,66.55000305175781,5004480
2023-10-31,58.91567611694336,65.13999938964844,65.81500244140625,64.6500015258789,65.19999694824219,8911754
2023-11-01,59.14178466796875,65.38999938964844,66.05999755859375,65.15499877929688,65.51000213623047,6488388
2023-11-02,61.99984359741211,68.55000305175781,68.73999786376953,67.2249984741211,67.38999938964844,6577759
2023-11-03,59.820125579833984,66.13999938964844,66.97000122070312,65.92500305175781,66.81999969482422,6737517
2023-11-06,60.4442024230957,66.83000183105469,67.44999694824219,66.80000305175781,67.37000274658203,4441875
2023-11-07,59.23222732543945,65.48999786376953,65.95999908447266,65.30500030517578,65.88999938964844,4288852
2023-11-08,58.264469146728516,64.41999816894531,65.1500015258789,64.30000305175781,64.91000366210938,6552348
2023-11-09,58.61720657348633,64.80999755859375,65.3949966430664,64.68499755859375,64.69000244140625,4520192
2023-11-10,59.33171844482422,65.5999984741211,65.67500305175781,64.81999969482422,65.4000015258789,4183932
2023-11-13,59.729679107666016,66.04000091552734,66.2699966430664,65.4749984741211,65.58999633789062,3929212
2023-11-14,60.02815246582031,66.37000274658203,66.62999725341797,65.9800033569336,66.02999877929688,3706054
2023-11-15,59.64827346801758,65.94999694824219,66.79139709472656,65.94000244140625,66.41000366210938,3920916
2023-11-16,59.019710540771484,64.5999984741211,64.81999969482422,64.19999694824219,64.66000366210938,5498582
2023-11-17,60.18000411987305,65.87000274658203,66.20999908447266,65.27999877929688,65.27999877929688,4783860
2023-11-20,60.92003631591797,66.68000030517578,67.2300033569336,66.45500183105469,66.5999984741211,4445579
2023-11-21,60.77385330200195,66.5199966430664,66.78500366210938,66.34500122070312,66.61000061035156,3786288
2023-11-22,59.76887512207031,65.41999816894531,65.53500366210938,64.19000244140625,64.47000122070312,6170963
2023-11-24,60.28963851928711,65.98999786376953,66.6500015258789,65.97000122070312,66.16000366210938,2036330
2023-11-27,60.125186920166016,65.80999755859375,66.2699966430664,65.66500091552734,66.16000366210938,3559317
2023-11-28,60.29877471923828,66.0,66.5,65.91500091552734,66.19999694824219,3074245
2023-11-29,60.1617317199707,65.8499984741211,66.08999633789062,65.52999877929688,66.04000091552734,7969490
2023-11-30,60.116050720214844,65.80000305175781,67.13790130615234,65.4749984741211,66.48999786376953,6604567
2023-12-01,59.77800750732422,65.43000030517578,66.23999786376953,65.3949966430664,65.70999908447266,6554278
2023-12-04,59.2846565246582,64.88999938964844,65.22000122070312,64.61000061035156,64.86000061035156,6188176
2023-12-05,58.61772155761719,64.16000366210938,64.90499877929688,64.13999938964844,64.68000030517578,6521106
2023-12-06,57.60359573364258,63.04999923706055,64.13999938964844,63.029998779296875,64.11000061035156,6464874
2023-12-07,57.80459976196289,63.27000045776367,63.650001525878906,63.05009841918945,63.38999938964844,5329522
2023-12-08,58.59944534301758,64.13999938964844,64.2750015258789,63.529998779296875,63.58000183105469,5831511
2023-12-11,58.36190414428711,63.880001068115234,64.48999786376953,63.79499816894531,64.12999725341797,4608888
2023-12-12,58.19745635986328,63.70000076293945,63.959999084472656,63.415000915527344,63.720001220703125,5417771
2023-12-13,58.67253494262695,64.22000122070312,64.2300033569336,63.08000183105469,63.619998931884766,5627025
2023-12-14,59.832828521728516,65.48999786376953,65.61000061035156,64.8949966430664,65.05999755859375,6924106
2023-12-15,58.54462814331055,64.08000183105469,64.83999633789062,64.05000305175781,64.69999694824219,6033068
2023-12-18,59.120208740234375,64.70999908447266,65.37000274658203,64.68000030517578,65.19000244140625,4674660
2023-12-19,59.84196853637695,65.5,65.59500122070312,65.1500015258789,65.37000274658203,4870480
2023-12-20,59.439971923828125,65.05999755859375,66.36000061035156,65.05999755859375,66.0199966430664,7623867
2023-12-21,59.97901153564453,65.6500015258789,65.95999908447266,65.30500030517578,65.56999969482422,8997217
2023-12-22,60.125186920166016,65.80999755859375,66.20500183105469,65.63999938964844,66.0199966430664,3487230
2023-12-26,60.399269104003906,66.11000061035156,66.36000061035156,65.8499984741211,65.91999816894531,2649997
2023-12-27,60.41754150390625,66.12999725341797,66.36000061035156,65.95700073242188,66.19999694824219,3402886
2023-12-28,59.79628372192383,65.44999694824219,66.19999694824219,65.44499969482422,66.04000091552734,3227686
2023-12-29,60.116050720214844,65.80000305175781,66.12000274658203,65.66000366210938,66.08999633789062,3041426
2024-01-02,60.216556549072266,65.91000366210938,66.41999816894531,65.66999816894531,65.86000061035156,4934145
2024-01-03,61.148441314697266,66.93000030517578,67.08999633789062,65.94000244140625,66.08999633789062,4389824
2024-01-04,60.62767028808594,66.36000061035156,67.6500015258789,66.31999969482422,67.33000183105469,3420027
2024-01-05,60.05209732055664,65.7300033569336,66.7699966430664,65.58000183105469,66.5999984741211,6441927
2024-01-08,59.03798294067383,64.62000274658203,64.91000366210938,64.17500305175781,64.91000366210938,8500321
2024-01-09,58.38018035888672,63.900001525878906,64.48999786376953,63.80500030517578,64.44000244140625,4761449
2024-01-10,57.62186813354492,63.06999969482422,63.76499938964844,62.89500045776367,63.70000076293945,5538011
2024-01-11,57.74065017700195,63.20000076293945,63.790000915527344,62.7599983215332,63.779998779296875,6864320
2024-01-12,58.288818359375,63.79999923706055,64.26499938964844,63.494998931884766,64.0999984741211,4422731
2024-01-16,56.425025939941406,61.7599983215332,63.08000183105469,61.75,62.91999816894531,5960886
2024-01-17,55.76722717285156,61.040000915527344,61.09000015258789,60.33700180053711,60.63999938964844,5755790
2024-01-18,56.050453186035156,61.349998474121094,61.38999938964844,60.755001068115234,61.209999084472656,6001278
2024-01-19,55.8311882019043,61.11000061035156,61.290000915527344,60.75,61.279998779296875,3884440
2024-01-22,55.8951416015625,61.18000030517578,61.290000915527344,60.435001373291016,60.689998626708984,4857336
2024-01-23,55.86772918701172,61.150001525878906,61.16999816894531,60.7400016784668,60.77000045776367,3955206
2024-01-24,56.150943756103516,61.459999084472656,61.70000076293945,61.2599983215332,61.43000030517578,5382358
2024-01-25,57.09197998046875,62.4900016784668,62.5099983215332,61.400001525878906,61.810001373291016,5787649
2024-01-26,57.71323013305664,63.16999816894531,63.22999954223633,62.470001220703125,62.70000076293945,5348091
2024-01-29,57.93250274658203,63.40999984741211,63.40999984741211,62.709999084472656,63.220001220703125,4660680
2024-01-30,58.37104034423828,63.88999938964844,64.05000305175781,63.0,63.2400016784668,4431459
2024-01-31,57.4756965637207,62.90999984741211,63.755001068115234,62.79999923706055,63.56999969482422,6776727
2024-02-01,58.54462814331055,64.08000183105469,64.9800033569336,63.83000183105469,64.25,10950785
2024-02-02,57.83200454711914,63.29999923706055,63.869998931884766,63.005001068115234,63.75,5547851
2024-02-05,57.53964614868164,62.97999954223633,63.165000915527344,62.560001373291016,63.0,4426312
2024-02-06,58.15177536010742,63.650001525878906,63.970001220703125,63.08000183105469,63.119998931884766,5139418
2024-02-07,58.069549560546875,63.560001373291016,63.619998931884766,62.900001525878906,63.290000915527344,4578603
2024-02-08,58.069549560546875,63.560001373291016,63.72999954223633,63.220001220703125,63.25,4720812
2024-02-09,58.23400115966797,63.7400016784668,64.16999816894531,63.564998626708984,63.880001068115234,3620567
2024-02-12,58.608577728271484,64.1500015258789,64.25499725341797,63.65010070800781,63.970001220703125,4204223
2024-02-13,57.9416389465332,63.41999816894531,64.19999694824219,63.130001068115234,64.12000274658203,4707926
2024-02-14,57.95077896118164,63.43000030517578,63.974998474121094,63.279998779296875,63.709999084472656,3777604
2024-02-15,58.72478485107422,63.58000183105469,63.625,62.029998779296875,62.060001373291016,5497231
2024-02-16,58.715553283691406,63.56999969482422,63.904998779296875,63.44879913330078,63.599998474121094,3977906
2024-02-20,58.7617301940918,63.619998931884766,63.939998626708984,63.29999923706055,63.939998626708984,7343288
2024-02-21,59.46369552612305,64.37999725341797,64.38999938964844,63.599998474121094,63.7599983215332,6747228
2024-02-22,59.232784271240234,64.12999725341797,64.46499633789062,63.810001373291016,64.33999633789062,5172043
2024-02-23,59.048057556152344,63.93000030517578,64.04000091552734,63.3849983215332,63.84000015258789,3176388
2024-02-26,58.540061950683594,63.380001068115234,63.52000045776367,63.02000045776367,63.189998626708984,6115259
2024-02-27,58.558528900146484,63.400001525878906,63.81999969482422,63.33000183105469,63.65999984741211,3225053
2024-02-28,57.80115509033203,62.58000183105469,63.459999084472656,62.54499816894531,63.209999084472656,4095859
2024-02-29,58.03205490112305,62.83000183105469,63.34000015258789,62.689998626708984,63.08000183105469,2914810
2024-03-01,58.7063102722168,63.560001373291016,63.900001525878906,63.189998626708984,63.38999938964844,4818352
2024-03-04,58.05052947998047,62.849998474121094,63.68000030517578,62.84000015258789,63.560001373291016,3194123
2024-03-05,58.06900405883789,62.869998931884766,63.27750015258789,62.68989944458008,62.77000045776367,3776959
2024-03-06,58.97416305541992,63.849998474121094,64.3198013305664,63.77000045776367,64.18000030517578,4168220
2024-03-07,59.343624114990234,64.25,64.4000015258789,63.810001373291016,63.93000030517578,4214556
2024-03-08,59.40827178955078,64.31999969482422,64.63999938964844,64.05000305175781,64.56999969482422,2200250
2024-03-11,59.38056182861328,64.29000091552734,64.3499984741211,63.71500015258789,64.01000213623047,3219491
2024-03-12,59.583770751953125,64.51000213623047,64.91999816894531,64.3499984741211,64.63999938964844,3379014
2024-03-13,60.69211959838867,65.70999908447266,65.76499938964844,64.9800033569336,65.0,4646860
2024-03-14,60.75679016113281,65.77999877929688,65.77999877929688,65.02999877929688,65.5199966430664,4606613
2024-03-15,60.8306770324707,65.86000061035156,65.98999786376953,65.44499969482422,65.68000030517578,4216901
2024-03-18,61.089290618896484,66.13999938964844,66.28500366210938,65.55000305175781,66.05999755859375,3716208
2024-03-19,61.39409637451172,66.47000122070312,66.73999786376953,66.25,66.27999877929688,2776339
2024-03-20,61.818965911865234,66.93000030517578,67.05999755859375,66.0999984741211,66.19999694824219,3904170
2024-03-21,61.74506759643555,66.8499984741211,67.4000015258789,66.83999633789062,67.25,4038391
2024-03-22,61.809730529785156,66.91999816894531,66.9800033569336,66.59500122070312,66.97000122070312,2962685
2024-03-25,62.271549224853516,67.41999816894531,67.72000122070312,67.20999908447266,67.20999908447266,2918439
2024-03-26,61.661949157714844,66.76000213623047,67.79000091552734,66.76000213623047,67.77999877929688,3678928
2024-03-27,61.661949157714844,66.76000213623047,66.80999755859375,66.29000091552734,66.38999938964844,2813776
2024-03-28,61.92056655883789,67.04000091552734,67.23750305175781,66.86000061035156,66.86000061035156,2876269
2024-04-01,62.733375549316406,67.91999816894531,68.01000213623047,66.59100341796875,67.04000091552734,3104385
2024-04-02,64.432861328125,69.76000213623047,69.77999877929688,68.53500366210938,68.62999725341797,8048802
2024-04-03,64.73765563964844,70.08999633789062,70.12000274658203,69.2699966430664,69.44000244140625,6214206
2024-04-04,64.88543701171875,70.25,70.66999816894531,69.98999786376953,70.48999786376953,5377096
2024-04-05,65.84602355957031,71.29000091552734,71.41000366210938,69.83999633789062,70.48999786376953,4968577
2024-04-08,66.3355484008789,71.81999969482422,72.02999877929688,71.19000244140625,71.4000015258789,5096694
2024-04-09,66.35401153564453,71.83999633789062,72.72000122070312,71.7300033569336,72.5,4663489
2024-04-10,67.1021728515625,72.6500015258789,72.66000366210938,71.91999816894531,72.30000305175781,4666561
2024-04-11,67.11141204833984,72.66000366210938,73.08999633789062,71.68000030517578,73.05999755859375,4996448
2024-04-12,66.90821075439453,72.44000244140625,73.94000244140625,72.2750015258789,73.44999694824219,7385441
2024-04-15,66.44638061523438,71.94000244140625,72.71499633789062,71.66500091552734,72.5199966430664,7277935
2024-04-16,65.63357543945312,71.05999755859375,71.77999877929688,70.83999633789062,71.54000091552734,5079860
2024-04-17,65.70747375488281,71.13999938964844,71.72000122070312,70.62000274658203,71.20999908447266,4047598
2024-04-18,65.60588073730469,71.02999877929688,71.54750061035156,70.7699966430664,71.30999755859375,3862612
2024-04-19,66.56644439697266,72.06999969482422,72.08499908447266,70.6500015258789,70.7300033569336,5567990
2024-04-22,66.86202239990234,72.38999938964844,72.77999877929688,71.56009674072266,71.98999786376953,3634539
2024-04-23,67.2129898071289,72.7699966430664,72.875,72.16000366210938,72.36000061035156,3239783
2024-04-24,67.5455093383789,73.12999725341797,73.20999908447266,72.58999633789062,73.08000183105469,4563871
2024-04-25,67.67481994628906,73.2699966430664,73.5,72.52999877929688,72.9000015258789,4190457
2024-04-26,67.67481994628906,73.2699966430664,73.38500213623047,72.68000030517578,73.16999816894531,3880010
2024-04-29,67.5362777709961,73.12000274658203,73.30500030517578,72.71499633789062,73.05000305175781,3294253
2024-04-30,66.18777465820312,71.66000366210938,72.95999908447266,71.61000061035156,72.91999816894531,4276821
2024-05-01,65.531982421875,70.94999694824219,71.55000305175781,70.58000183105469,71.4000015258789,4957347
2024-05-02,66.60340881347656,72.11000061035156,72.72000122070312,71.9800033569336,72.12000274658203,5134479
2024-05-03,66.84355163574219,72.37000274658203,72.56999969482422,71.94999694824219,72.51000213623047,4407390
2024-05-06,67.22224426269531,72.77999877929688,73.13500213623047,72.62000274658203,72.79000091552734,3585670
2024-05-07,67.39772033691406,72.97000122070312,73.55999755859375,72.8499984741211,73.44000244140625,3254813
2024-05-08,67.08367919921875,72.62999725341797,72.73999786376953,72.06500244140625,72.30000305175781,3138203
2024-05-09,67.93343353271484,73.55000305175781,73.62000274658203,72.94000244140625,72.94000244140625,4173306
2024-05-10,68.43220520019531,74.08999633789062,74.26000213623047,73.87999725341797,74.1500015258789,4451030
2024-05-13,68.50608825683594,74.16999816894531,74.6050033569336,73.91000366210938,74.29000091552734,3495386
2024-05-14,68.40448760986328,74.05999755859375,74.08000183105469,73.37999725341797,73.87000274658203,3327760
2024-05-15,67.70252990722656,73.30000305175781,73.49500274658203,72.33000183105469,73.25,4724607
2024-05-16,66.88948059082031,71.73999786376953,72.33000183105469,71.72000122070312,72.19000244140625,5038094
2024-05-17,67.05731201171875,71.91999816894531,71.98999786376953,71.26000213623047,71.4000015258789,4790547
2024-05-20,66.74961853027344,71.58999633789062,71.8550033569336,71.4749984741211,71.63999938964844,3816758
2024-05-21,66.57247161865234,71.4000015258789,71.8499984741211,71.30999755859375,71.54000091552734,2870551
2024-05-22,65.7239990234375,70.48999786376953,70.9000015258789,70.19000244140625,70.9000015258789,3504169
2024-05-23,65.61212158203125,70.37000274658203,71.36000061035156,70.15809631347656,71.06999969482422,3029329
2024-05-24,66.03169250488281,70.81999969482422,71.1500015258789,70.6500015258789,70.91999816894531,2352149
2024-05-28,66.88948059082031,71.73999786376953,71.81999969482422,71.04000091552734,71.36000061035156,3078948
2024-05-29,66.61910247802734,71.44999694824219,71.94999694824219,71.27999877929688,71.94000244140625,3074933
2024-05-30,66.61910247802734,71.44999694824219,71.66999816894531,71.16000366210938,71.19000244140625,4123137
2024-05-31,67.85916900634766,72.77999877929688,72.81999969482422,71.75,71.88999938964844,3739175
2024-06-03,66.02236938476562,70.80999755859375,72.63999938964844,70.77999877929688,72.63999938964844,3495760
2024-06-04,65.35104370117188,70.08999633789062,70.13999938964844,69.20999908447266,69.94000244140625,3608313
2024-06-05,65.08997344970703,69.80999755859375,70.33999633789062,69.70010375976562,70.30999755859375,2345469
2024-06-06,65.50022888183594,70.25,70.41999816894531,69.80000305175781,69.93000030517578,2759238
2024-06-07,64.75431823730469,69.44999694824219,70.33000183105469,69.41500091552734,70.0,2884229
2024-06-10,65.8638687133789,70.63999938964844,70.82499694824219,69.7699966430664,69.95999908447266,2629620
2024-06-11,65.53751373291016,70.29000091552734,70.33000183105469,69.87999725341797,70.20999908447266,3866629
2024-06-12,65.6494140625,70.41000366210938,71.30999755859375,70.2300033569336,71.2699966430664,4147269
2024-06-13,65.04336547851562,69.76000213623047,70.27999877929688,69.55000305175781,70.27999877929688,3555578
2024-06-14,64.3347396850586,69.0,69.41999816894531,68.55999755859375,69.3499984741211,4109381
2024-06-17,64.474609375,69.1500015258789,69.47000122070312,68.94499969482422,69.41999816894531,5206625
2024-06-18,64.82890319824219,69.52999877929688,69.88999938964844,69.45500183105469,69.55000305175781,4162556
2024-06-20,65.29510498046875,70.02999877929688,70.58000183105469,69.91999816894531,70.0,3182240
2024-06-21,65.211181640625,69.94000244140625,70.33000183105469,69.79000091552734,70.11000061035156,3306907
2024-06-24,66.59112548828125,71.41999816894531,71.59500122070312,70.55000305175781,70.66000366210938,3661056
2024-06-25,66.71233367919922,71.55000305175781,71.66999816894531,71.22000122070312,71.58000183105469,2562124
2024-06-26,66.06898498535156,70.86000061035156,71.0199966430664,70.4800033569336,70.87000274658203,4847041
2024-06-27,66.60977172851562,71.44000244140625,71.79000091552734,71.1500015258789,71.66999816894531,3650737
2024-06-28,67.29972839355469,72.18000030517578,72.29889678955078,71.6500015258789,71.9800033569336,5230189
2024-07-01,67.94308471679688,72.87000274658203,73.16000366210938,72.5250015258789,72.7300033569336,3548532
2024-07-02,68.10159301757812,73.04000091552734,73.20999908447266,72.6500015258789,73.1500015258789,3041983
2024-07-03,68.07362365722656,73.01000213623047,73.52999877929688,72.94000244140625,73.0,1570244
2024-07-05,68.29739379882812,73.25,73.94000244140625,73.0999984741211,73.94000244140625,3754645
2024-07-08,67.80322265625,72.72000122070312,73.23999786376953,72.62000274658203,73.05000305175781,2492700
2024-07-09,67.67269897460938,72.58000183105469,73.02010345458984,72.41999816894531,72.5999984741211,2648559
2024-07-10,67.99903106689453,72.93000030517578,72.97010040283203,72.5,72.75,1989494
2024-07-11,68.03632354736328,72.97000122070312,73.0,72.45999908447266,72.77999877929688,2302791
2024-07-12,68.1388931274414,73.08000183105469,73.33000183105469,72.9000015258789,73.25,1653098
2024-07-15,68.02699279785156,72.95999908447266,73.41000366210938,72.94000244140625,73.37999725341797,2373637
2024-07-16,67.76593017578125,72.68000030517578,72.72000122070312,71.85050201416016,72.4000015258789,2527807
2024-07-17,68.32536315917969,73.27999877929688,73.48500061035156,72.91500091552734,73.0999984741211,2393805
2024-07-18,68.29739379882812,73.25,74.0199966430664,73.05000305175781,73.76000213623047,4577858
2024-07-19,67.36500549316406,72.25,72.95999908447266,72.22000122070312,72.7699966430664,3878567
2024-07-22,67.32769775390625,72.20999908447266,72.71499633789062,72.18000030517578,72.44000244140625,2981050
2024-07-23,66.48855590820312,71.30999755859375,71.77999877929688,70.9800033569336,71.76499938964844,2851808
2024-07-24,66.36735534667969,71.18000030517578,71.97000122070312,71.1500015258789,71.73999786376953,2800232
2024-07-25,67.21580505371094,72.08999633789062,72.55500030517578,70.81999969482422,71.12000274658203,5122833
2024-07-26,67.17852783203125,72.05000305175781,72.48999786376953,71.6500015258789,72.04000091552734,2821584
2024-07-29,66.98271942138672,71.83999633789062,72.2699966430664,71.37000274658203,72.26000213623047,2222286
2024-07-30,67.10392761230469,71.97000122070312,72.0199966430664,71.08999633789062,71.18000030517578,4550720
2024-07-31,68.26942443847656,73.22000122070312,73.52999877929688,72.97000122070312,73.30999755859375,4189661
2024-08-01,68.00835418701172,72.94000244140625,74.45999908447266,72.0999984741211,73.95999908447266,5673079
2024-08-02,66.83354949951172,71.68000030517578,72.19000244140625,71.11000061035156,71.95999908447266,4216225
2024-08-05,65.25780487060547,69.98999786376953,70.26499938964844,68.58999633789062,68.93000030517578,5357967
2024-08-06,65.00606536865234,69.72000122070312,70.05999755859375,68.54000091552734,68.63999938964844,6474368
2024-08-07,65.88250732421875,70.66000366210938,71.19000244140625,70.52999877929688,70.55999755859375,4165650
2024-08-08,66.52584838867188,71.3499984741211,71.65499877929688,70.80999755859375,70.83999633789062,2501145
2024-08-09,67.02002716064453,71.87999725341797,72.18000030517578,70.80500030517578,71.06999969482422,4546040
2024-08-12,67.52350616455078,72.41999816894531,72.56999969482422,72.02999877929688,72.13999938964844,2561235
2024-08-13,67.41162109375,72.30000305175781,72.41000366210938,71.74500274658203,72.16999816894531,2564839
2024-08-14,67.98970031738281,72.91999816894531,73.01000213623047,72.56999969482422,72.77999877929688,2422763
2024-08-15,68.22279357910156,73.16999816894531,73.43000030517578,72.92500305175781,73.20999908447266,2748558
2024-08-16,68.4091567993164,72.68000030517578,72.73999786376953,72.1449966430664,72.36000061035156,3021388
2024-08-19,68.58800506591797,72.87000274658203,73.66000366210938,72.73500061035156,72.94000244140625,2706901
2024-08-20,67.2043685913086,71.4000015258789,72.55000305175781,71.33000183105469,72.55000305175781,3722995
2024-08-21,67.10084533691406,71.29000091552734,71.76499938964844,71.19999694824219,71.44000244140625,2121998
2024-08-22,67.2514419555664,71.44999694824219,71.56500244140625,71.05000305175781,71.12999725341797,2094303
2024-08-23,68.1738510131836,72.43000030517578,72.52749633789062,71.63999938964844,71.6500015258789,3512937
2024-08-26,68.77625274658203,73.06999969482422,73.4000015258789,72.87000274658203,72.93000030517578,2252030
2024-08-27,68.37150573730469,72.63999938964844,72.91500091552734,72.38999938964844,72.87000274658203,2693914
2024-08-28,67.7220458984375,71.94999694824219,72.13500213623047,71.47000122070312,71.70999908447266,2986711
2024-08-29,68.2585678100586,72.5199966430664,72.55000305175781,71.7699966430664,71.9800033569336,2711722
2024-08-30,67.4490966796875,71.66000366210938,71.66999816894531,70.80500030517578,71.08999633789062,3847106
2024-09-03,65.30307006835938,69.37999725341797,69.83999633789062,69.12999725341797,69.69999694824219,4175894
2024-09-04,64.48419952392578,68.51000213623047,69.2699966430664,68.37000274658203,68.80000305175781,5955976
2024-09-05,64.11712646484375,68.12000274658203,69.03500366210938,68.04000091552734,68.88999938964844,3320047
2024-09-06,62.97822570800781,66.91000366210938,68.05999755859375,66.6449966430664,67.83000183105469,5196362
2024-09-09,63.4676628112793,67.43000030517578,67.7750015258789,66.97000122070312,67.0199966430664,4239748
2024-09-10,62.0275764465332,65.9000015258789,67.33999633789062,63.72999954223633,67.30999755859375,10275511
2024-09-11,62.31935119628906,66.20999908447266,66.83999633789062,65.6050033569336,66.80999755859375,5704505
2024-09-12,63.04412078857422,66.9800033569336,67.18000030517578,66.0999984741211,66.38999938964844,5195943
2024-09-13,63.486480712890625,67.44999694824219,67.8550033569336,67.24500274658203,67.44000244140625,3318506
2024-09-16,64.0606460571289,68.05999755859375,68.18000030517578,67.44000244140625,67.91999816894531,2863064
2024-09-17,64.1453628540039,68.1500015258789,68.32499694824219,67.8499984741211,67.94000244140625,3836071
2024-09-18,64.1641845703125,68.16999816894531,68.73999786376953,67.97000122070312,68.37000274658203,3039792
2024-09-19,65.10542297363281,69.16999816894531,69.62999725341797,68.80999755859375,69.12000274658203,4057702
2024-09-20,64.68185424804688,68.72000122070312,69.0199966430664,68.2699966430664,68.72000122070312,3218593
2024-09-23,65.02070617675781,69.08000183105469,69.6449966430664,68.84500122070312,69.05999755859375,3656096
2024-09-24,65.3313217163086,69.41000366210938,69.73999786376953,69.29499816894531,69.55000305175781,2959174
2024-09-25,64.02298736572266,68.0199966430664,68.8949966430664,67.78089904785156,68.83000183105469,3492400
2024-09-26,61.50046920776367,65.33999633789062,65.7300033569336,64.80000305175781,64.93000030517578,10901002
2024-09-27,62.22522735595703,66.11000061035156,66.20999908447266,65.58999633789062,65.63999938964844,4086283
2024-09-30,62.07463455200195,65.94999694824219,66.2300033569336,65.68000030517578,65.94000244140625,7797171
2024-10-01,62.940582275390625,66.87000274658203,67.19000244140625,65.52999877929688,65.6500015258789,7269776
2024-10-02,63.834747314453125,67.81999969482422,68.3989028930664,67.33499908447266,68.30000305175781,4078640
2024-10-03,64.4371337890625,68.45999908447266,68.55999755859375,67.36000061035156,67.5999984741211,3988747
2024-10-04,64.48419952392578,68.51000213623047,68.84500122070312,68.0999984741211,68.41000366210938,4340555
2024-10-07,66.10313415527344,70.2300033569336,70.55500030517578,69.11499786376953,69.2699966430664,6160842
2024-10-08,64.25830078125,68.2699966430664,69.06999969482422,67.97000122070312,68.9800033569336,4382107
2024-10-09,64.21124267578125,68.22000122070312,68.49500274658203,67.66999816894531,67.80000305175781,3572047
2024-10-10,64.79480743408203,68.83999633789062,68.86000061035156,68.26000213623047,68.6500015258789,2486917
2024-10-11,64.46537017822266,68.48999786376953,68.86000061035156,68.4000015258789,68.55999755859375,2992024
2024-10-14,64.36184692382812,68.37999725341797,68.55999755859375,68.04000091552734,68.23999786376953,2516661
2024-10-15,62.19700622558594,66.08000183105469,66.47000122070312,65.97000122070312,66.36000061035156,4848618
2024-10-16,62.72409439086914,66.63999938964844,66.99500274658203,66.44000244140625,66.72000122070312,4388765
2024-10-17,63.3829460144043,67.33999633789062,67.33999633789062,66.7300033569336,66.87000274658203,3925122
2024-10-18,63.100582122802734,67.04000091552734,67.16999816894531,66.56999969482422,67.06500244140625,2336306
2024-10-21,63.1099967956543,67.05000305175781,67.58999633789062,66.87000274658203,67.4000015258789,3309669
2024-10-22,63.07234573364258,67.01000213623047,67.37000274658203,66.86000061035156,67.0199966430664,3070503
2024-10-23,62.62054443359375,66.52999877929688,66.81999969482422,66.08499908447266,66.63999938964844,2755717
2024-10-24,62.507598876953125,66.41000366210938,67.06500244140625,66.26000213623047,66.88999938964844,3117426
2024-10-25,62.921749114990234,66.8499984741211,67.09030151367188,66.6050033569336,66.91999816894531,3356355
2024-10-28,62.15935134887695,66.04000091552734,66.1449966430664,65.19999694824219,65.30999755859375,4784845
2024-10-29,61.444000244140625,65.27999877929688,65.80999755859375,65.09500122070312,65.7699966430664,3435490
2024-10-30,61.72637939453125,65.58000183105469,65.75990295410156,65.11000061035156,65.33999633789062,4035047
2024-10-31,63.58061981201172,67.55000305175781,67.69000244140625,66.26000213623047,66.30999755859375,11464934
2024-11-01,63.524131774902344,67.48999786376953,68.08999633789062,67.29000091552734,68.01000213623047,8591310
2024-11-04,63.75945281982422,67.73999786376953,68.54000091552734,67.6050033569336,68.19000244140625,4849899
2024-11-05,64.21124267578125,68.22000122070312,68.61000061035156,67.8949966430664,68.4800033569336,4016691
2024-11-06,64.33360290527344,68.3499984741211,68.44000244140625,66.86499786376953,67.13999938964844,7714955
2024-11-07,64.57833099365234,68.61000061035156,68.82499694824219,68.19499969482422,68.62000274658203,5233977
2024-11-08,63.119407653808594,67.05999755859375,67.68000030517578,66.67500305175781,67.66999816894531,4155931
2024-11-11,62.912330627441406,66.83999633789062,66.91000366210938,66.33999633789062,66.69000244140625,4718512
2024-11-12,61.71696090698242,65.56999969482422,66.01000213623047,64.9478988647461,65.83999633789062,6833881
2024-11-13,61.63224411010742,65.4800033569336,65.80000305175781,64.45999908447266,65.01000213623047,5945070
2024-11-14,61.924034118652344,65.79000091552734,66.12000274658203,65.6500015258789,65.87999725341797,5438087
2024-11-15,62.27406692504883,65.47000122070312,65.7699966430664,65.2699966430664,65.48999786376953,4349310
2024-11-18,63.08258056640625,66.31999969482422,66.56999969482422,65.91500091552734,66.11000061035156,3329354
2024-11-19,62.597476959228516,65.80999755859375,66.18000030517578,65.55999755859375,65.87999725341797,2892520
2024-11-20,62.236019134521484,65.43000030517578,65.76000213623047,65.12000274658203,65.58999633789062,2743029
2024-11-21,63.03501892089844,66.2699966430664,66.38500213623047,65.847900390625,65.9800033569336,3951162
2024-11-22,62.806732177734375,66.02999877929688,66.22000122070312,65.68000030517578,65.7300033569336,3597854
2024-11-25,61.87457275390625,65.05000305175781,66.11000061035156,65.0,65.95999908447266,3328569
2024-11-26,61.62726593017578,64.79000091552734,65.06999969482422,64.43119812011719,65.05999755859375,3616911
2024-11-27,61.74140930175781,64.91000366210938,65.04000091552734,64.55000305175781,64.69000244140625,3006582
2024-11-29,61.57970428466797,64.73999786376953,65.00499725341797,64.6500015258789,64.75,2225476
2024-12-02,61.19922637939453,64.33999633789062,64.7300033569336,63.814998626708984,64.66999816894531,4055621
2024-12-03,62.09334182739258,65.27999877929688,65.56999969482422,64.97000122070312,65.5,3877213
2024-12-04,61.07557678222656,64.20999908447266,65.58999633789062,64.08999633789062,65.58999633789062,5089776
2024-12-05,61.208744049072266,64.3499984741211,64.61910247802734,63.93000030517578,64.31999969482422,4866267
2024-12-06,60.16244125366211,63.25,64.27999877929688,63.0,64.25,5011472
2024-12-09,61.541656494140625,64.69999694824219,65.63500213623047,64.62000274658203,64.75,4651261
2024-12-10,61.237274169921875,64.37999725341797,64.8499984741211,64.22000122070312,64.77999877929688,3491490
2024-12-11,61.37995529174805,64.52999877929688,64.54000091552734,63.790000915527344,64.36000061035156,3481334
2024-12-12,60.87582778930664,64.0,64.63500213623047,63.900001525878906,64.2699966430664,3859369
2024-12-13,60.43828582763672,63.540000915527344,64.01499938964844,63.439998626708984,63.959999084472656,4470658
2024-12-16,59.11614227294922,62.150001525878906,63.23099899291992,62.09000015258789,63.220001220703125,4347912
2024-12-17,58.859317779541016,61.880001068115234,62.08000183105469,61.59000015258789,61.7400016784668,4892890
2024-12-18,57.67033767700195,60.630001068115234,62.290000915527344,60.529998779296875,62.09000015258789,5368474
2024-12-19,57.813011169433594,60.779998779296875,61.540000915527344,60.61360168457031,61.41999816894531,5766796
2024-12-20,57.67984390258789,60.63999938964844,61.02579879760742,60.14500045776367,60.22999954223633,4317494
2024-12-23,58.17446517944336,61.15999984741211,61.28900146484375,60.48500061035156,60.630001068115234,3300496
2024-12-24,58.440792083740234,61.439998626708984,61.6349983215332,60.97999954223633,61.369998931884766,1369651
2024-12-26,58.36470413208008,61.36000061035156,61.77000045776367,61.32500076293945,61.47999954223633,2288924
2024-12-27,58.678592681884766,61.689998626708984,62.1150016784668,61.43000030517578,61.61000061035156,3639761
2024-12-30,58.76419448852539,61.779998779296875,61.970001220703125,61.560001373291016,61.939998626708984,3706451
2024-12-31,59.59173583984375,62.650001525878906,62.79499816894531,62.1150016784668,62.630001068115234,2955803
2025-01-02,60.0197639465332,63.099998474121094,63.33000183105469,62.79999923706055,62.97999954223633,3859596
2025-01-03,61.37044143676758,64.5199966430664,64.70999908447266,64.2249984741211,64.44999694824219,5296222
2025-01-06,61.58921813964844,64.75,65.33000183105469,64.61000061035156,64.81999969482422,3840987
2025-01-07,62.71161651611328,65.93000030517578,66.2750015258789,65.66500091552734,65.98999786376953,5067591
2025-01-08,61.5606803894043,64.72000122070312,64.7699966430664,63.810001373291016,63.88999938964844,5750864
2025-01-10,61.76993942260742,64.94000244140625,66.12999725341797,64.58000183105469,65.97000122070312,4352054
2025-01-13,61.788970947265625,64.95999908447266,65.39579772949219,64.7699966430664,64.80000305175781,3703069
2025-01-14,62.692604064941406,65.91000366210938,66.06500244140625,65.0999984741211,65.19999694824219,4228835
2025-01-15,63.12063217163086,66.36000061035156,66.4800033569336,65.92500305175781,66.12000274658203,3459781
2025-01-16,63.206233978271484,66.44999694824219,66.73999786376953,66.125,66.19000244140625,3622189
2025-01-17,63.46304702758789,66.72000122070312,67.27999877929688,66.51000213623047,66.80000305175781,3486314
2025-01-21,63.510616302490234,66.7699966430664,67.05000305175781,66.56999969482422,66.94999694824219,4715386
2025-01-22,62.73064041137695,65.94999694824219,66.83999633789062,65.94000244140625,66.83999633789062,4912864
2025-01-23,63.405982971191406,66.66000366210938,66.90499877929688,66.37999725341797,66.69999694824219,3588463
2025-01-24,62.19797897338867,65.38999938964844,66.45500183105469,65.31999969482422,66.37999725341797,4915895
2025-01-27,61.96017837524414,65.13999938964844,65.37999725341797,64.66999816894531,65.30000305175781,4245483
2025-01-28,61.427520751953125,64.58000183105469,65.30000305175781,64.20999908447266,65.1500015258789,3776182
2025-01-29,61.61774826049805,64.77999877929688,64.96499633789062,64.38999938964844,64.44000244140625,4246173
2025-01-30,63.3964729309082,66.6500015258789,66.94999694824219,65.94999694824219,66.02999877929688,6257910
2025-01-31,62.63552474975586,65.8499984741211,67.11499786376953,65.69000244140625,67.06999969482422,5424691
2025-02-03,61.98870849609375,65.16999816894531,65.7699966430664,64.93000030517578,65.30000305175781,4841684
2025-02-04,63.37744140625,66.62999725341797,66.67500305175781,65.18000030517578,65.18000030517578,3579851
2025-02-05,63.28232192993164,66.52999877929688,66.73999786376953,66.19999694824219,66.43000030517578,3264989
2025-02-06,62.93038558959961,66.16000366210938,66.9000015258789,65.81500244140625,66.86000061035156,4125398
2025-02-07,62.673561096191406,65.88999938964844,66.44000244140625,65.80999755859375,66.30000305175781,4075314
2025-02-10,62.901851654052734,66.12999725341797,66.30000305175781,65.73999786376953,65.73999786376953,4059506
2025-02-11,64.09083557128906,67.37999725341797,67.71499633789062,66.6500015258789,66.91000366210938,3529541
2025-02-12,63.5010986328125,66.76000213623047,67.5199966430664,66.54499816894531,66.94999694824219,3067602
2025-02-13,64.08132934570312,67.37000274658203,67.57499694824219,66.43000030517578,66.62999725341797,2978435
2025-02-14,64.53895568847656,67.12999725341797,68.23999786376953,67.0999984741211,67.83999633789062,2934859
2025-02-18,65.20231628417969,67.81999969482422,68.09500122070312,67.44999694824219,67.58999633789062,3333484
2025-02-19,64.99080657958984,67.5999984741211,68.15499877929688,67.44000244140625,67.79000091552734,2428811
2025-02-20,65.74070739746094,68.37999725341797,68.48500061035156,67.78209686279297,67.95999908447266,2806615
2025-02-21,64.12553405761719,66.69999694824219,67.56999969482422,66.54000091552734,67.54000091552734,3330231
2025-02-24,64.30821228027344,66.88999938964844,67.16500091552734,66.48500061035156,66.95999908447266,2888768
2025-02-25,64.31782531738281,66.9000015258789,67.66999816894531,66.7300033569336,67.63999938964844,3070540
2025-02-26,64.79853057861328,67.4000015258789,67.54000091552734,66.69999694824219,67.12999725341797,3444804
2025-02-27,64.67353820800781,67.2699966430664,67.87999725341797,66.97000122070312,67.05999755859375,4014574
2025-02-28,64.85621643066406,67.45999908447266,67.45999908447266,66.37999725341797,66.70500183105469,3989273
2025-03-03,63.894813537597656,66.45999908447266,68.52999877929688,65.9749984741211,68.41999816894531,6588422
2025-03-04,63.64484786987305,66.19999694824219,66.55999755859375,65.06999969482422,65.48500061035156,9111982
2025-03-05,63.548702239990234,66.0999984741211,66.5999984741211,65.24500274658203,66.46499633789062,5766021
2025-03-06,63.46217727661133,66.01000213623047,66.26000213623047,65.25,65.25,6581395
2025-03-07,64.21206665039062,66.79000091552734,67.06500244140625,66.18000030517578,66.59500122070312,4409986
2025-03-10,64.21206665039062,66.79000091552734,67.22000122070312,66.23999786376953,66.93000030517578,3789404
2025-03-11,64.23129272460938,66.80999755859375,67.3949966430664,66.33000183105469,66.9800033569336,4796329
2025-03-12,64.77930450439453,67.37999725341797,67.61000061035156,66.19999694824219,66.26000213623047,5156506
2025-03-13,65.12540435791016,67.73999786376953,68.19000244140625,67.52999877929688,67.55999755859375,8866538
2025-03-14,66.11564636230469,68.7699966430664,68.79499816894531,67.70999908447266,67.87000274658203,3572376
2025-03-17,67.39431762695312,70.0999984741211,70.16500091552734,69.31999969482422,69.6500015258789,5917752
2025-03-18,68.2307357788086,70.97000122070312,70.9800033569336,70.12000274658203,70.41000366210938,5306929
2025-03-19,68.75950622558594,71.5199966430664,71.78500366210938,71.2738037109375,71.4800033569336,5026783
2025-03-20,69.17290496826172,71.94999694824219,72.05000305175781,71.16999816894531,71.27999877929688,3981937
2025-03-21,68.2691879272461,71.01000213623047,71.5199966430664,70.7699966430664,71.37999725341797,3756595
2025-03-24,68.52877044677734,71.27999877929688,71.3550033569336,70.91000366210938,70.95999908447266,4392195
2025-03-25,69.24982452392578,72.02999877929688,73.23999786376953,71.83999633789062,72.62999725341797,7373463
2025-03-26,70.21121978759766,73.02999877929688,73.80500030517578,72.69999694824219,73.26499938964844,8163168
2025-03-27,70.46118927001953,73.29000091552734,74.18000030517578,72.69000244140625,72.9000015258789,7774269
2025-03-28,69.92281341552734,72.7300033569336,73.22000122070312,72.50499725341797,73.18000030517578,6539155
2025-03-31,70.45157623291016,73.27999877929688,73.4749984741211,72.41000366210938,72.44999694824219,6126727
2025-04-01,70.2304458618164,73.05000305175781,73.12000274658203,72.41000366210938,72.75,3645504
2025-04-02,69.9131851196289,72.72000122070312,72.81999969482422,71.87999725341797,72.3949966430664,3600782
2025-04-03,67.0770492553711,69.7699966430664,71.12000274658203,69.62999725341797,70.6500015258789,7322295
2025-04-04,61.65473937988281,64.12999725341797,67.0199966430664,63.904998779296875,66.73999786376953,9977728
2025-04-07,59.91460037231445,62.31999969482422,64.12000274658203,60.3302001953125,60.43000030517578,14908212
2025-04-08,57.44379806518555,59.75,63.564998626708984,59.01100158691406,63.13999938964844,9287024
2025-04-09,61.42399978637695,63.88999938964844,64.4800033569336,58.54499816894531,59.619998931884766,11990502
2025-04-10,57.47264099121094,59.779998779296875,62.43000030517578,58.974998474121094,62.18000030517578,12826946
2025-04-11,59.6934814453125,62.09000015258789,62.45000076293945,60.31999969482422,60.970001220703125,8669771
2025-04-14,60.1261100769043,62.540000915527344,62.81999969482422,61.845001220703125,62.76499938964844,4860450
2025-04-15,60.35684585571289,62.779998779296875,63.43000030517578,62.58000183105469,62.81999969482422,4072956
2025-04-16,61.55860137939453,64.02999877929688,64.90499877929688,63.77000045776367,64.0199966430664,6013438
2025-04-17,62.52961730957031,65.04000091552734,65.66000366210938,64.30999755859375,64.37000274658203,4512623
2025-04-21,62.15467071533203,64.6500015258789,64.73999786376953,63.880001068115234,64.66999816894531,4498725
2025-04-22,62.654598236083984,65.16999816894531,65.74500274658203,64.86499786376953,65.38999938964844,5567277
2025-04-23,62.02008056640625,64.51000213623047,66.11000061035156,64.33999633789062,66.11000061035156,5767795
2025-04-24,62.53923416137695,65.05000305175781,65.25,64.5999984741211,65.13999938964844,5482284
2025-04-25,63.317970275878906,65.86000061035156,65.98999786376953,65.1500015258789,65.30000305175781,3601469
2025-04-28,63.47178649902344,66.0199966430664,66.27999877929688,65.76000213623047,65.81999969482422,3709483
2025-04-29,62.981483459472656,65.51000213623047,65.90499877929688,65.26000213623047,65.31999969482422,2991794
2025-04-30,61.991233825683594,64.4800033569336,65.31999969482422,64.0199966430664,65.30999755859375,4663505
2025-05-01,62.29888153076172,64.80000305175781,65.3499984741211,64.30999755859375,64.5199966430664,3931960
2025-05-02,64.06786346435547,66.63999938964844,67.16000366210938,65.86000061035156,67.12000274658203,6608961
2025-05-05,62.606536865234375,65.12000274658203,65.70500183105469,64.97000122070312,65.69999694824219,4346845
2025-05-06,62.58729934692383,65.0999984741211,66.1500015258789,65.06500244140625,65.94999694824219,3867828
2025-05-07,62.53923416137695,65.05000305175781,65.45999908447266,64.80999755859375,65.4000015258789,3616908
2025-05-08,62.56807327270508,65.08000183105469,65.54000091552734,64.88999938964844,64.97000122070312,3656209
2025-05-09,63.596771240234375,66.1500015258789,66.16999816894531,65.50019836425781,65.87999725341797,4584444
2025-05-12,63.81789779663086,66.37999725341797,67.08999633789062,66.13999938964844,66.68000030517578,5277867
2025-05-13,65.00041961669922,67.61000061035156,67.87000274658203,66.55000305175781,66.76000213623047,3697647
2025-05-14,64.50048065185547,67.08999633789062,67.54000091552734,66.93000030517578,67.30999755859375,3339258
2025-05-15,64.7889175415039,67.38999938964844,67.44000244140625,66.30999755859375,66.69999694824219,2670456
2025-05-16,64.73644256591797,66.62000274658203,67.14080047607422,66.37000274658203,67.05000305175781,2625611
2025-05-19,64.7850341796875,66.66999816894531,66.66999816894531,65.93000030517578,66.45999908447266,2752064
2025-05-20,64.73644256591797,66.62000274658203,66.91500091552734,66.48500061035156,66.6500015258789,2523059
2025-05-21,64.48379516601562,66.36000061035156,67.19999694824219,66.34500122070312,67.18000030517578,3101958
2025-05-22,64.08538055419922,65.94999694824219,66.23500061035156,65.4000015258789,65.93000030517578,3484752
2025-05-23,64.42549133300781,66.30000305175781,66.30000305175781,65.37999725341797,65.55000305175781,3064764
2025-05-27,64.8044662475586,66.69000244140625,66.77999877929688,66.37000274658203,66.70999908447266,2774978
2025-05-28,64.17283630371094,66.04000091552734,66.70500183105469,65.94000244140625,66.62000274658203,3057082
2025-05-29,64.56153106689453,66.44000244140625,66.5,66.06999969482422,66.41000366210938,3492256
2025-05-30,64.34774780273438,66.22000122070312,66.58000183105469,65.95999908447266,66.55999755859375,3432207
2025-06-02,65.54296875,67.44999694824219,67.49500274658203,66.81999969482422,67.4000015258789,3634385
2025-06-03,65.91223907470703,67.83000183105469,68.19499969482422,67.16000366210938,67.5999984741211,3432185
2025-06-04,65.3680648803711,67.2699966430664,68.30500030517578,67.09500122070312,67.98999786376953,4117510
2025-06-05,65.6207046508789,67.52999877929688,68.0999984741211,67.37999725341797,68.0999984741211,3284356
2025-06-06,66.09685516357422,68.0199966430664,68.22000122070312,67.69000244140625,67.69000244140625,2795023
2025-06-09,66.330078125,68.26000213623047,68.56999969482422,67.38500213623047,67.81999969482422,2908913
2025-06-10,68.06946563720703,70.05000305175781,70.42500305175781,69.84500122070312,69.94000244140625,4595217
2025-06-11,69.01203155517578,71.0199966430664,71.05999755859375,69.98999786376953,70.33999633789062,3906015
2025-06-12,69.420166015625,71.44000244140625,71.52999877929688,70.9000015258789,71.2300033569336,3231367
2025-06-13,70.48905944824219,72.54000091552734,72.56999969482422,71.4000015258789,72.33000183105469,5922646
2025-06-16,69.41043853759766,71.43000030517578,72.72000122070312,71.39099884033203,72.41999816894531,5708857
2025-06-17,70.28500366210938,72.33000183105469,72.66000366210938,72.06999969482422,72.49500274658203,4071060
2025-06-18,69.9643325805664,72.0,72.6500015258789,71.79000091552734,72.19499969482422,4224458
2025-06-20,70.35301208496094,72.4000015258789,72.94999694824219,72.2300033569336,72.48999786376953,6469860
2025-06-23,68.83712005615234,70.83999633789062,73.16000366210938,70.80500030517578,72.66999816894531,7753101
2025-06-24,68.15691375732422,70.13999938964844,71.1449966430664,69.91000366210938,70.5199966430664,6591157
2025-06-25,67.4767074584961,69.44000244140625,70.30500030517578,67.25,70.08999633789062,24488618
2025-06-26,68.98287963867188,70.98999786376953,71.28340148925781,70.44999694824219,70.98500061035156,5080697
2025-06-27,68.97317504882812,70.9800033569336,71.34500122070312,70.70999908447266,71.19000244140625,3580060
2025-06-30,68.4192886352539,70.41000366210938,70.66000366210938,70.06500244140625,70.37999725341797,3423706
2025-07-01,69.17723846435547,71.19000244140625,71.4000015258789,70.30500030517578,70.68000030517578,3643017
2025-07-02,70.23641967773438,72.27999877929688,72.3949966430664,71.00499725341797,71.52999877929688,3597121
2025-07-03,69.88658905029297,71.91999816894531,72.19999694824219,71.72000122070312,72.0,2413800
2025-07-07,67.8459701538086,69.81999969482422,70.65499877929688,69.21499633789062,69.95999908447266,5092511
2025-07-08,69.24525451660156,71.26000213623047,71.45500183105469,69.91999816894531,69.91999816894531,3807577
2025-07-09,69.70197296142578,71.7300033569336,71.95999908447266,71.30999755859375,71.8499984741211,4346735
2025-07-10,70.25585174560547,72.30000305175781,72.3550033569336,71.31999969482422,71.62000274658203,3638972
2025-07-11,70.25585174560547,72.30000305175781,72.55500030517578,71.71499633789062,71.87999725341797,4603726
2025-07-14,69.08977508544922,71.0999984741211,72.0199966430664,70.9800033569336,71.94000244140625,4542167
2025-07-15,68.4095687866211,70.4000015258789,71.0199966430664,70.2249984741211,70.80000305175781,3618629
2025-07-16,68.67193603515625,70.66999816894531,70.95999908447266,70.01499938964844,70.5199966430664,4132461
2025-07-17,68.35125732421875,70.33999633789062,70.57499694824219,70.0,70.07499694824219,3733843
2025-07-18,68.29295349121094,70.27999877929688,71.33499908447266,70.05500030517578,71.22000122070312,5241005
2025-07-21,68.33183288574219,70.31999969482422,70.80999755859375,70.27999877929688,70.72000122070312,3366709
2025-07-22,69.13836669921875,71.1500015258789,71.31999969482422,70.52999877929688,70.56999969482422,4167670
2025-07-23,70.70284271240234,72.76000213623047,72.83000183105469,71.75,71.81999969482422,4757227
2025-07-24,70.33358764648438,72.37999725341797,72.76000213623047,71.91999816894531,72.05999755859375,4769028
2025-07-25,69.95460510253906,71.98999786376953,72.19499969482422,71.4800033569336,71.94000244140625,2571836
2025-07-28,70.16838836669922,72.20999908447266,72.44499969482422,71.81999969482422,71.88999938964844,2910278
2025-07-29,71.0429458618164,73.11000061035156,73.19999694824219,72.37000274658203,72.45999908447266,3918331
2025-07-30,69.69225311279297,71.72000122070312,72.1500015258789,71.30500030517578,71.75499725341797,5331043
2025-07-31,70.16838836669922,72.20999908447266,72.59500122070312,71.27999877929688,71.55500030517578,5348633
2025-08-01,69.9643325805664,72.0,72.77999877929688,71.55000305175781,72.55000305175781,5434229
2025-08-04,69.81856536865234,71.8499984741211,71.88719940185547,71.27999877929688,71.7300033569336,4017737
2025-08-05,70.35301208496094,72.4000015258789,72.45500183105469,71.69000244140625,72.0,3262988
2025-08-06,70.19754028320312,72.23999786376953,73.7699966430664,72.06500244140625,73.26000213623047,4584369
2025-08-07,69.35214233398438,71.37000274658203,72.33499908447266,71.31999969482422,72.08000183105469,4783296
2025-08-08,69.62422943115234,71.6500015258789,72.31999969482422,71.41999816894531,72.1500015258789,3839749
2025-08-11,69.3910140991211,71.41000366210938,71.98999786376953,71.12999725341797,71.73999786376953,2210076
2025-08-12,70.20726776123047,72.25,72.73500061035156,71.75,71.9800033569336,2558422
2025-08-13,70.69313049316406,72.75,72.87999725341797,72.29000091552734,72.37000274658203,3854411
2025-08-14,70.58623504638672,72.63999938964844,72.69000244140625,71.96499633789062,72.41999816894531,3245362
2025-08-15,70.51360321044922,71.8499984741211,72.16000366210938,71.38999938964844,71.75,3238366
2025-08-18,70.17993927001953,71.51000213623047,71.70500183105469,70.80000305175781,71.0,3074545
2025-08-19,70.12104797363281,71.44999694824219,72.01000213623047,71.27999877929688,71.7699966430664,2297741
2025-08-20,70.7491455078125,72.08999633789062,72.30500030517578,71.84500122070312,71.94999694824219,3761960
2025-08-21,71.1417007446289,72.48999786376953,72.57499694824219,71.87999725341797,72.05999755859375,3056227
2025-08-22,71.95626831054688,73.31999969482422,73.44999694824219,72.5,72.5,2424350
2025-08-25,72.44696807861328,73.81999969482422,74.0199966430664,73.0,73.2699966430664,2545281
2025-08-26,72.28994750976562,73.66000366210938,73.75,73.1449966430664,73.66999816894531,2616723
2025-08-27,72.3390121459961,73.70999908447266,73.88500213623047,72.88999938964844,72.9000015258789,2824972
2025-08-28,72.55492401123047,73.93000030517578,74.07499694824219,73.26499938964844,73.55999755859375,1964386
2025-08-29,72.50585174560547,73.87999725341797,74.20999908447266,73.78500366210938,73.94000244140625,1874322
2025-09-02,72.41752624511719,73.79000091552734,73.98500061035156,73.22000122070312,73.37999725341797,3451096
2025-09-03,71.38705444335938,72.73999786376953,73.7300033569336,72.52999877929688,73.63999938964844,4571070
2025-09-04,70.96505737304688,72.30999755859375,72.79499816894531,72.26000213623047,72.55000305175781,3748380
2025-09-05,70.26825714111328,71.5999984741211,72.23999786376953,71.08499908447266,72.16999816894531,4092063
2025-09-08,70.37621307373047,71.70999908447266,72.32499694824219,71.3949966430664,72.0999984741211,3098386
2025-09-09,70.58230590820312,71.91999816894531,72.87000274658203,71.84500122070312,72.41000366210938,4984157
2025-09-10,71.2987289428711,72.6500015258789,72.6500015258789,71.7699966430664,71.88999938964844,5125610
2025-09-11,70.6804428100586,72.0199966430664,72.46499633789062,71.80000305175781,71.91000366210938,5157997
2025-09-12,70.01309204101562,71.33999633789062,72.45999908447266,71.30500030517578,72.05000305175781,5359951
2025-09-15,70.33695983886719,71.66999816894531,71.79499816894531,71.27999877929688,71.45999908447266,4929157
2025-09-16,70.98468780517578,72.33000183105469,72.54000091552734,71.8499984741211,71.88999938964844,6829836
2025-09-17,70.08179473876953,71.41000366210938,72.11499786376953,71.06999969482422,71.75,6611488
2025-09-18,70.11123657226562,71.44000244140625,71.75,71.06999969482422,71.58999633789062,3812531
2025-09-19,69.47332763671875,70.79000091552734,71.06999969482422,70.43000030517578,70.9800033569336,3847047
2025-09-22,69.7284927368164,71.05000305175781,71.41999816894531,70.5999984741211,70.75,3547786
2025-09-23,70.2093734741211,71.54000091552734,72.375,71.41500091552734,71.72000122070312,4617477
2025-09-24,70.77859497070312,72.12000274658203,72.32499694824219,71.69999694824219,71.76000213623047,3943630
2025-09-25,71.53427124023438,72.88999938964844,72.9000015258789,71.91000366210938,71.91000366210938,4232373
2025-09-26,72.03478240966797,73.4000015258789,73.79000091552734,73.05000305175781,73.08000183105469,4229643
2025-09-29,71.10244750976562,72.44999694824219,73.22000122070312,72.13500213623047,73.1500015258789,4297842
2025-09-30,70.1995620727539,71.52999877929688,71.87999725341797,71.04000091552734,71.29499816894531,4340691
2025-10-01,71.08281707763672,72.43000030517578,72.70999908447266,72.19000244140625,72.2300033569336,3664380
2025-10-02,70.43509674072266,71.7699966430664,72.37000274658203,71.72000122070312,72.06999969482422,3710472
2025-10-03,71.84831237792969,73.20999908447266,73.3864974975586,72.47000122070312,72.47000122070312,4230749
2025-10-06,72.88859558105469,74.2699966430664,74.37999725341797,73.25499725341797,73.27999877929688,4018859
2025-10-07,73.5167007446289,74.91000366210938,75.08499908447266,74.08000183105469,74.93000030517578,4000764
2025-10-08,72.74138641357422,74.12000274658203,74.80000305175781,73.8324966430664,74.7699966430664,3343414
2025-10-09,72.16236114501953,73.52999877929688,75.06999969482422,73.41999816894531,74.81999969482422,3716811
2025-10-10,70.09160614013672,71.41999816894531,72.79499816894531,71.4000015258789,72.69000244140625,4356906
2025-10-13,70.7491455078125,72.08999633789062,72.23999786376953,71.66999816894531,71.69999694824219,2649090
2025-10-14,70.31733703613281,71.6500015258789,72.05500030517578,71.23999786376953,71.29000091552734,2318093
2025-10-15,70.54304504394531,71.87999725341797,72.34200286865234,71.71499633789062,71.94999694824219,2473845
2025-10-16,70.04254150390625,71.37000274658203,72.43000030517578,71.18499755859375,72.36499786376953,3888248
2025-10-17,71.2398452758789,72.58999633789062,72.63999938964844,71.75499725341797,71.83999633789062,3655692
2025-10-20,71.46556854248047,72.81999969482422,73.0999984741211,72.63999938964844,72.63999938964844,4213849
2025-10-21,71.318359375,72.66999816894531,73.19499969482422,72.5199966430664,72.94000244140625,3310152
2025-10-22,73.15357971191406,74.54000091552734,74.5553970336914,73.45500183105469,73.4800033569336,4081699
2025-10-23,74.31163024902344,75.72000122070312,76.25,75.61000061035156,76.1500015258789,5457516
2025-10-24,74.42938995361328,75.83999633789062,76.27999877929688,75.61499786376953,75.83999633789062,5347958
2025-10-27,74.10553741455078,75.51000213623047,75.81999969482422,75.23500061035156,75.73999786376953,4089329
2025-10-28,73.67372131347656,75.06999969482422,75.51000213623047,74.96499633789062,75.29000091552734,4083949
2025-10-29,74.1447982788086,75.55000305175781,76.33499908447266,75.28500366210938,75.81999969482422,6587149
2025-10-30,73.34004211425781,74.7300033569336,76.37999725341797,74.65499877929688,75.58999633789062,6170798
2025-10-31,73.52650451660156,74.91999816894531,75.2699966430664,74.33999633789062,74.87999725341797,5353128
2025-11-03,73.00636291503906,74.38999938964844,74.86499786376953,74.2750015258789,74.8499984741211,3788745
2025-11-04,72.36845397949219,73.73999786376953,74.19000244140625,73.32499694824219,73.55999755859375,3762097
2025-11-05,73.22228240966797,74.61000061035156,74.98999786376953,74.18000030517578,74.18000030517578,3703155
2025-11-06,72.83953094482422,74.22000122070312,74.87999725341797,74.12999725341797,74.30999755859375,4146631
2025-11-07,74.18404388427734,75.58999633789062,75.63999938964844,74.30000305175781,74.30000305175781,3630586
2025-11-10,75.13600158691406,76.55999755859375,76.67500305175781,75.23500061035156,75.62999725341797,4293402
2025-11-11,75.57763671875,77.01000213623047,77.47000122070312,76.81999969482422,76.81999969482422,4132390
2025-11-12,74.9887924194336,76.41000366210938,76.78500366210938,76.37000274658203,76.37000274658203,3912880
2025-11-13,74.50790405273438,75.91999816894531,76.81999969482422,75.66500091552734,76.44000244140625,4360533
2025-11-14,75.05876922607422,75.76000213623047,75.87999725341797,74.87000274658203,74.97000122070312,4219442
2025-11-17,74.70209503173828,75.4000015258789,75.94999694824219,75.08000183105469,75.37000274658203,4304263
2025-11-18,74.61293029785156,75.30999755859375,75.5199966430664,74.01000213623047,74.16000366210938,5506234
2025-11-19,72.98810577392578,73.66999816894531,73.75499725341797,73.26000213623047,73.36000061035156,5737472
2025-11-20,72.53236389160156,73.20999908447266,74.61000061035156,73.20999908447266,73.98999786376953,4992140
2025-11-21,72.59181213378906,73.2699966430664,73.44999694824219,72.69999694824219,73.0199966430664,4574428
2025-11-24,72.55218505859375,73.2300033569336,73.3499984741211,72.45999908447266,72.83999633789062,3535462
2025-11-25,72.12616729736328,72.80000305175781,73.44000244140625,72.75,73.16999816894531,5421724
2025-11-26,72.73052215576172,73.41000366210938,73.66999816894531,73.12000274658203,73.1500015258789,3504885
2025-11-28,73.0871810913086,73.7699966430664,74.08999633789062,73.37000274658203,73.38999938964844,1682586
2025-12-01,73.62218475341797,74.30999755859375,74.8949966430664,74.13999938964844,74.18000030517578,3304283
2025-12-02,73.27542114257812,73.95999908447266,74.32099914550781,73.56999969482422,74.2300033569336,3716093
2025-12-03,74.42469024658203,75.12000274658203,75.12000274658203,74.51000213623047,74.51000213623047,3818739
2025-12-04,73.8104248046875,74.5,75.17639923095703,74.29448699951172,74.83000183105469,3698887
2025-12-05,72.33422088623047,73.01000213623047,74.06500244140625,72.9800033569336,73.58999633789062,4610019
2025-12-08,72.02708435058594,72.69999694824219,73.61000061035156,72.66999816894531,73.09500122070312,3781087
2025-12-09,71.87847900390625,72.55000305175781,73.4000015258789,72.5199966430664,73.05999755859375,2714033
2025-12-10,72.2054214477539,72.87999725341797,73.04499816894531,72.28500366210938,72.63999938964844,3396839
2025-12-11,72.18560791015625,72.86000061035156,73.16500091552734,72.63999938964844,72.68000030517578,3556691
2025-12-12,71.66051483154297,72.33000183105469,72.56999969482422,71.86499786376953,72.4000015258789,3693241
2025-12-15,71.56143951416016,72.2300033569336,72.8499984741211,71.90450286865234,72.79000091552734,3934013
2025-12-16,69.80782318115234,70.45999908447266,71.27999877929688,70.11499786376953,71.16000366210938,5381812
2025-12-17,70.88773345947266,71.55000305175781,71.80999755859375,71.13999938964844,71.72000122070312,4871136
2025-12-18,70.64994812011719,71.30999755859375,71.55989837646484,71.01499938964844,71.44000244140625,5264853
2025-12-19,71.35337829589844,72.0199966430664,72.48500061035156,71.83999633789062,71.8499984741211,5581282
2025-12-22,71.908203125,72.58000183105469,73.1500015258789,72.58000183105469,72.72000122070312,3543242
2025-12-23,72.39366149902344,73.06999969482422,73.12000274658203,72.73999786376953,72.80000305175781,2421211
2025-12-24,72.16578674316406,72.83999633789062,73.01000213623047,72.73999786376953,72.97000122070312,1021045
2025-12-26,72.13607025146484,72.80999755859375,72.98999786376953,72.51000213623047,72.70999908447266,1580789
2025-12-29,72.44320678710938,73.12000274658203,73.45500183105469,73.0199966430664,73.26000213623047,2633258
2025-12-30,73.1466293334961,73.83000183105469,73.94499969482422,73.57499694824219,73.5999984741211,3483060
