Price,Adj Close,Close,High,Low,Open,Volume
Ticker,TLT,TLT,TLT,TLT,TLT,TLT
Date,,,,,,
2015-01-02,94.44642639160156,127.31999969482422,127.66000366210938,126.1500015258789,126.29000091552734,9432000
2015-01-05,95.93002319335938,129.32000732421875,129.6300048828125,127.95999908447266,128.00999450683594,9789500
2015-01-06,97.65839385986328,131.64999389648438,132.49000549316406,130.19000244140625,130.6999969482422,18331300
2015-01-07,97.46549987792969,131.38999938964844,131.97000122070312,130.1699981689453,130.6999969482422,9762900
2015-01-08,96.17477416992188,129.64999389648438,130.3699951171875,129.4199981689453,130.36000061035156,8055300
2015-01-09,97.22818756103516,131.07000732421875,131.11000061035156,129.0399932861328,129.1999969482422,9398800
2015-01-12,97.78451538085938,131.82000732421875,132.30999755859375,130.9199981689453,131.0,6658100
2015-01-13,97.78451538085938,131.82000732421875,132.61000061035156,131.13999938964844,131.38999938964844,8260800
2015-01-14,98.52630615234375,132.82000732421875,134.1199951171875,132.6999969482422,133.72000122070312,12324500
2015-01-15,100.0766830444336,134.91000366210938,135.02999877929688,132.67999267578125,132.85000610351562,11454200
2015-01-16,98.80071258544922,133.19000244140625,134.67999267578125,133.02999877929688,134.3300018310547,9390500
2015-01-20,100.1137924194336,134.9600067138672,135.11000061035156,134.07000732421875,134.1300048828125,7758700
2015-01-21,98.95652770996094,133.39999389648438,135.58999633789062,132.9600067138672,135.1999969482422,9803900
2015-01-22,98.60053253173828,132.9199981689453,134.17999267578125,132.27999877929688,134.0,10200000
2015-01-23,99.97283172607422,134.77000427246094,135.1199951171875,134.14999389648438,134.3000030517578,7334600
2015-01-26,99.66873931884766,134.36000061035156,135.19000244140625,134.0500030517578,134.83999633789062,5966500
2015-01-27,99.8244400024414,134.57000732421875,136.1300048828125,134.14999389648438,135.72999572753906,8079600
2015-01-28,101.45645141601562,136.77000427246094,137.41000366210938,134.6999969482422,134.75,12230300
2015-01-29,100.788818359375,135.8699951171875,136.6699981689453,135.4600067138672,136.1199951171875,8881400
2015-01-30,102.57654571533203,138.27999877929688,138.5,137.17999267578125,137.7100067138672,14871200
2015-02-02,102.18933868408203,137.47999572753906,137.9199981689453,136.66000366210938,136.6999969482422,13689900
2015-02-03,100.02626037597656,134.57000732421875,135.7899932861328,134.3699951171875,135.64999389648438,14008700
2015-02-04,100.1972427368164,134.8000030517578,134.99000549316406,133.1199951171875,133.49000549316406,11360400
2015-02-05,99.09718322753906,133.32000732421875,134.22999572753906,133.11000061035156,134.0,8334600
2015-02-06,97.34294128417969,130.9600067138672,132.35000610351562,130.58999633789062,132.0500030517578,13685600
2015-02-09,97.18689727783203,130.75,131.97999572753906,130.75,131.97000122070312,8025500
2015-02-10,96.41384887695312,129.7100067138672,130.47000122070312,129.44000244140625,130.13999938964844,8290700
2015-02-11,96.59223175048828,129.9499969482422,130.27000427246094,128.9600067138672,129.6999969482422,6506400
2015-02-12,96.27253723144531,129.52000427246094,130.5399932861328,129.4499969482422,129.66000366210938,12548300
2015-02-13,95.28404235839844,128.19000244140625,129.52999877929688,128.08999633789062,129.50999450683594,8325200
2015-02-17,93.84941101074219,126.26000213623047,127.93000030517578,125.91999816894531,127.80000305175781,14968800
2015-02-18,94.40690612792969,127.01000213623047,127.73999786376953,126.47000122070312,126.81999969482422,14009200
2015-02-19,93.78253173828125,126.16999816894531,127.44999694824219,126.16999816894531,126.77999877929688,8584800
2015-02-20,94.05754089355469,126.54000091552734,128.00999450683594,126.0,127.05000305175781,12502500
2015-02-23,95.1353530883789,127.98999786376953,128.1699981689453,127.16000366210938,127.19000244140625,7500500
2015-02-24,96.38411712646484,129.6699981689453,129.7899932861328,127.18000030517578,127.6500015258789,11958300
2015-02-25,96.80036926269531,130.22999572753906,130.38999938964844,129.0800018310547,129.4600067138672,8019800
2015-02-26,95.47723388671875,128.4499969482422,130.3000030517578,128.39999389648438,129.6999969482422,11020500
2015-02-27,96.28005981445312,129.52999877929688,129.6199951171875,128.27000427246094,129.02000427246094,9225100
2015-03-02,94.48666381835938,126.87000274658203,129.07000732421875,126.7699966430664,129.0,11324000
2015-03-03,94.1440658569336,126.41000366210938,127.37000274658203,126.37999725341797,126.88999938964844,8599000
2015-03-04,94.17384338378906,126.44999694824219,127.04000091552734,126.16000366210938,126.94000244140625,6478900
2015-03-05,94.0547103881836,126.29000091552734,126.87999725341797,125.9000015258789,126.52999877929688,6045000
2015-03-06,91.97689056396484,123.5,124.83000183105469,122.97000122070312,124.66999816894531,20022900
2015-03-09,92.82588958740234,124.63999938964844,124.87000274658203,124.12999725341797,124.68000030517578,8889100
2015-03-10,94.04728698730469,126.27999877929688,126.44000244140625,125.76000213623047,125.97000122070312,9277900
2015-03-11,94.73248291015625,127.19999694824219,127.45999908447266,126.12000274658203,126.26000213623047,6663100
2015-03-12,94.66542053222656,127.11000061035156,128.1999969482422,126.72000122070312,128.1999969482422,10295900
2015-03-13,94.37496948242188,126.72000122070312,127.58999633789062,126.48999786376953,126.76000213623047,7247200
2015-03-16,95.28355407714844,127.94000244140625,128.14999389648438,127.2699966430664,127.94000244140625,6374600
2015-03-17,96.072998046875,129.0,129.11000061035156,128.27999877929688,128.5500030517578,6314000
2015-03-18,97.92747497558594,131.49000549316406,131.52999877929688,128.61000061035156,129.91000366210938,13981900
2015-03-19,97.42843627929688,130.82000732421875,131.6199951171875,130.27000427246094,131.1999969482422,9543800
2015-03-20,97.94232940673828,131.50999450683594,131.6999969482422,131.13999938964844,131.22000122070312,5953800
2015-03-23,97.82311248779297,131.35000610351562,131.75,130.99000549316406,131.6999969482422,5555500
2015-03-24,98.76899719238281,132.6199951171875,132.63999938964844,131.47999572753906,131.8300018310547,6713000
2015-03-25,97.93482971191406,131.5,132.75999450683594,131.4600067138672,132.72000122070312,5635800
2015-03-26,96.40815734863281,129.4499969482422,131.13999938964844,129.17999267578125,131.0500030517578,9536300
2015-03-27,97.60718536376953,131.05999755859375,131.1300048828125,129.97999572753906,130.02999877929688,7907900
2015-03-30,97.12312316894531,130.41000366210938,131.0,130.08999633789062,130.89999389648438,7010600
2015-03-31,97.33161163330078,130.69000244140625,130.9600067138672,129.91000366210938,130.24000549316406,6844300
2015-04-01,98.61006164550781,132.1300048828125,132.47999572753906,131.3000030517578,131.3300018310547,9273900
2015-04-02,97.56521606445312,130.72999572753906,131.97000122070312,130.61000061035156,131.92999267578125,6663400
2015-04-06,97.0204086303711,130.0,131.47999572753906,129.72000122070312,131.42999267578125,5923800
2015-04-07,97.83390045166016,131.08999633789062,131.22000122070312,129.85000610351562,130.22999572753906,4764900
2015-04-08,97.86376190185547,131.1300048828125,131.36000061035156,130.02000427246094,131.02000427246094,5378900
2015-04-09,96.59503936767578,129.42999267578125,130.9199981689453,129.1300048828125,130.8699951171875,6484200
2015-04-10,96.73677062988281,129.6199951171875,130.4499969482422,129.5500030517578,130.32000732421875,4843000
2015-04-13,96.87114715576172,129.8000030517578,129.97999572753906,129.38999938964844,129.52999877929688,4010600
2015-04-14,97.5577621459961,130.72000122070312,131.86000061035156,130.47999572753906,131.30999755859375,6075500
2015-04-15,97.4756851196289,130.61000061035156,131.27000427246094,130.32000732421875,131.0500030517578,4425200
2015-04-16,96.9905776977539,129.9600067138672,130.86000061035156,129.41000366210938,130.8300018310547,7085500
2015-04-17,98.10256958007812,131.4499969482422,131.6999969482422,129.6999969482422,129.77000427246094,7268800
2015-04-20,97.23686218261719,130.2899932861328,131.00999450683594,129.92999267578125,130.94000244140625,4949400
2015-04-21,96.7964859008789,129.6999969482422,130.4499969482422,129.55999755859375,130.22999572753906,4563800
2015-04-22,95.31880950927734,127.72000122070312,129.5500030517578,127.54000091552734,129.5,9707600
2015-04-23,95.72930908203125,128.27000427246094,128.85000610351562,127.61000061035156,127.80000305175781,6843400
2015-04-24,96.32635498046875,129.07000732421875,129.42999267578125,128.58999633789062,128.63999938964844,4773000
2015-04-27,96.32635498046875,129.07000732421875,129.5,128.3699951171875,129.07000732421875,4334900
2015-04-28,94.9979019165039,127.29000091552734,128.74000549316406,127.26000213623047,128.1699981689453,7464300
2015-04-29,93.83367156982422,125.7300033569336,126.44000244140625,125.27999877929688,125.80999755859375,11554800
2015-04-30,93.99783325195312,125.94999694824219,126.16999816894531,124.51000213623047,125.04000091552734,12876000
2015-05-01,92.73246765136719,124.0,125.04000091552734,123.69000244140625,124.7300033569336,12378500
2015-05-04,91.85749053955078,122.83000183105469,124.52999877929688,122.72000122070312,124.30000305175781,9144700
2015-05-05,91.73040008544922,122.66000366210938,123.02999877929688,121.69000244140625,122.86000061035156,13935500
2015-05-06,90.15992736816406,120.55999755859375,122.05999755859375,120.37000274658203,121.98999786376953,14355000
2015-05-07,91.37144470214844,122.18000030517578,122.56999969482422,121.3499984741211,121.43000030517578,11933700
2015-05-08,91.61820220947266,122.51000213623047,123.55000305175781,122.30999755859375,123.37999725341797,11716400
2015-05-11,89.38961791992188,119.52999877929688,121.6500015258789,119.5,121.62000274658203,13738600
2015-05-12,89.6214828491211,119.83999633789062,120.62999725341797,118.81999969482422,119.13999938964844,15861700
2015-05-13,88.90361785888672,118.87999725341797,120.72000122070312,118.63999938964844,120.6500015258789,15760000
2015-05-14,89.14285278320312,119.19999694824219,119.83000183105469,118.69000244140625,118.91999816894531,9128400
2015-05-15,90.93022155761719,121.58999633789062,121.91000366210938,120.29000091552734,120.37999725341797,12630600
2015-05-18,89.40457916259766,119.55000305175781,120.43000030517578,119.47000122070312,120.31999969482422,10208300
2015-05-19,88.61190032958984,118.48999786376953,119.83999633789062,118.12999725341797,118.2699966430664,8435300
2015-05-20,88.76150512695312,118.69000244140625,119.44999694824219,118.18000030517578,118.7699966430664,7789700
2015-05-21,90.00288391113281,120.3499984741211,120.61000061035156,119.44999694824219,119.58000183105469,11760700
2015-05-22,90.04029846191406,120.4000015258789,120.75,119.80000305175781,120.6500015258789,5417900
2015-05-26,91.580810546875,122.45999908447266,122.55000305175781,120.73999786376953,120.83999633789062,10469700
2015-05-27,91.79025268554688,122.73999786376953,122.86000061035156,121.61000061035156,122.18000030517578,6490300
2015-05-28,91.56585693359375,122.44000244140625,123.02999877929688,122.22000122070312,122.5,6237600
2015-05-29,91.76779174804688,122.70999908447266,123.56999969482422,122.51000213623047,123.2300033569336,7912000
2015-06-01,90.78146362304688,121.12999725341797,122.37999725341797,120.69000244140625,122.11000061035156,13108100
2015-06-02,89.51492309570312,119.44000244140625,120.26000213623047,119.11000061035156,120.16999816894531,10076200
2015-06-03,88.07600402832031,117.5199966430664,118.5999984741211,117.19999694824219,118.38999938964844,14810900
2015-06-04,89.22262573242188,119.05000305175781,119.29000091552734,118.13999938964844,118.26000213623047,10859300
2015-06-05,88.13594055175781,117.5999984741211,118.56999969482422,117.37999725341797,117.83999633789062,11200200
2015-06-08,88.03849029541016,117.47000122070312,118.16000366210938,117.37000274658203,117.95999908447266,5334000
2015-06-09,87.34151458740234,116.54000091552734,117.12999725341797,116.11000061035156,117.05999755859375,12393900
2015-06-10,86.57701873779297,115.5199966430664,116.12999725341797,115.26000213623047,115.91999816894531,12183600
2015-06-11,88.39822387695312,117.94999694824219,117.97000122070312,116.23999786376953,116.55999755859375,13849300
2015-06-12,88.39822387695312,117.94999694824219,119.06999969482422,117.55000305175781,117.58999633789062,7863100
2015-06-15,88.54061889648438,118.13999938964844,119.05999755859375,117.73999786376953,118.88999938964844,8194200
2015-06-16,89.23761749267578,119.06999969482422,119.08000183105469,117.94000244140625,118.61000061035156,7046400
2015-06-17,88.54813385009766,118.1500015258789,118.62999725341797,117.25,118.5,13626100
2015-06-18,88.11344909667969,117.56999969482422,117.73999786376953,116.75,117.37000274658203,10123300
2015-06-19,89.24508666992188,119.08000183105469,119.19000244140625,118.48999786376953,118.51000213623047,10439200
2015-06-22,87.42395782470703,116.6500015258789,118.13999938964844,116.58999633789062,117.83999633789062,9769000
2015-06-23,86.89932250976562,115.94999694824219,116.95999908447266,115.69000244140625,115.7300033569336,8945100
2015-06-24,87.6488037109375,116.94999694824219,117.16999816894531,116.16000366210938,116.51000213623047,8600400
2015-06-25,87.34151458740234,116.54000091552734,117.08000183105469,116.19000244140625,116.58999633789062,8287800
2015-06-26,86.35970306396484,115.2300033569336,115.87000274658203,114.87999725341797,115.66999816894531,11673000
2015-06-29,88.64556884765625,118.27999877929688,118.66999816894531,116.45999908447266,116.95999908447266,17132900
2015-06-30,88.03099822998047,117.45999908447266,118.69999694824219,117.33000183105469,117.4000015258789,13469000
2015-07-01,86.84276580810547,115.62000274658203,116.36000061035156,115.43000030517578,115.81999969482422,12451500
2015-07-02,87.12815856933594,116.0,116.66000366210938,115.87999725341797,116.31999969482422,6682100
2015-07-06,88.74305725097656,118.1500015258789,118.6500015258789,117.05999755859375,118.05000305175781,10605800
2015-07-07,89.57682037353516,119.26000213623047,120.48999786376953,118.94999694824219,119.66000366210938,16160100
2015-07-08,90.35038757324219,120.29000091552734,120.56999969482422,119.5,120.0199966430664,9951800
2015-07-09,88.57025909423828,117.91999816894531,119.12000274658203,117.8499984741211,118.69999694824219,11108900
2015-07-10,87.16571807861328,116.05000305175781,116.72000122070312,115.76000213623047,116.04000091552734,13636600
2015-07-13,86.8953628540039,115.69000244140625,116.45999908447266,115.38999938964844,115.38999938964844,8006700
2015-07-14,87.18069458007812,116.06999969482422,116.2699966430664,115.66000366210938,116.0199966430664,4227800
2015-07-15,88.10462188720703,117.30000305175781,117.55000305175781,116.04000091552734,116.11000061035156,8720400
2015-07-16,88.71295166015625,118.11000061035156,118.16000366210938,116.87000274658203,116.88999938964844,7306500
2015-07-17,89.17118835449219,118.72000122070312,118.88999938964844,118.36000061035156,118.37000274658203,7404900
2015-07-20,88.79560852050781,118.22000122070312,118.6500015258789,117.9000015258789,118.29000091552734,5941000
2015-07-21,89.27632904052734,118.86000061035156,118.93000030517578,117.66000366210938,117.68000030517578,5627500
2015-07-22,89.83216857910156,119.5999984741211,119.9000015258789,118.94999694824219,119.01000213623047,6228900
2015-07-23,90.9513168334961,121.08999633789062,121.19999694824219,119.44999694824219,119.5999984741211,9087700
2015-07-24,91.1766586303711,121.38999938964844,121.55000305175781,120.91999816894531,121.5,7307900
2015-07-27,91.66484069824219,122.04000091552734,122.29000091552734,121.4800033569336,122.19000244140625,8172000
2015-07-28,90.996337890625,121.1500015258789,121.56999969482422,120.9000015258789,121.16000366210938,9128200
2015-07-29,90.65837097167969,120.69999694824219,121.16999816894531,120.41999816894531,121.0199966430664,6706400
2015-07-30,91.3569107055664,121.62999725341797,121.94000244140625,121.1500015258789,121.20999908447266,6146600
2015-07-31,92.0328369140625,122.52999877929688,122.9000015258789,122.05999755859375,122.44000244140625,9178400
2015-08-03,93.00172424316406,123.55000305175781,123.75,122.31999969482422,122.31999969482422,11753700
2015-08-04,92.2640151977539,122.56999969482422,123.31999969482422,122.45999908447266,123.16000366210938,6448800
2015-08-05,91.57146453857422,121.6500015258789,121.91000366210938,121.19000244140625,121.7699966430664,7574400
2015-08-06,92.3843994140625,122.7300033569336,122.87000274658203,122.0,122.0,6118100
2015-08-07,93.59630584716797,124.33999633789062,124.5,123.23999786376953,123.30000305175781,8317000
2015-08-10,92.43709564208984,122.80000305175781,123.56999969482422,122.5199966430664,123.41000366210938,7461700
2015-08-11,93.90495300292969,124.75,125.12999725341797,124.16000366210938,124.30000305175781,11145700
2015-08-12,93.3930892944336,124.06999969482422,125.70999908447266,124.0,124.93000030517578,8455200
2015-08-13,93.09199523925781,123.66999816894531,124.41999816894531,123.22000122070312,123.83000183105469,7691400
2015-08-14,93.3102798461914,123.95999908447266,124.37000274658203,123.19999694824219,123.47000122070312,4324700
2015-08-17,93.73184967041016,124.5199966430664,125.0999984741211,124.38999938964844,124.70999908447266,7880300
2015-08-18,92.9941177368164,123.54000091552734,124.29000091552734,123.37999725341797,123.80000305175781,5024300
2015-08-19,93.91251373291016,124.76000213623047,124.93000030517578,122.98999786376953,123.05999755859375,10736000
2015-08-20,94.86092376708984,126.0199966430664,126.0999984741211,125.18000030517578,125.37000274658203,9078300
2015-08-21,95.1469955444336,126.4000015258789,126.73999786376953,125.58999633789062,126.16000366210938,10718300
2015-08-24,95.11690521240234,126.36000061035156,128.9199981689453,125.81999969482422,128.30999755859375,16663400
2015-08-25,93.58879852294922,124.33000183105469,124.79000091552734,123.55999755859375,124.55000305175781,15354800
2015-08-26,91.7822036743164,121.93000030517578,123.51000213623047,121.36000061035156,123.0,16429900
2015-08-27,91.83488464355469,122.0,122.87000274658203,121.6500015258789,121.81999969482422,9127000
2015-08-28,92.10592651367188,122.36000061035156,123.47000122070312,122.2300033569336,123.1500015258789,9946200
2015-08-31,91.3983154296875,121.41999816894531,123.47000122070312,121.33999633789062,123.36000061035156,8617600
2015-09-01,92.0569076538086,122.02999877929688,122.08999633789062,120.9800033569336,121.63999938964844,15298200
2015-09-02,91.26478576660156,120.9800033569336,121.9800033569336,120.86000061035156,121.41999816894531,9515200
2015-09-03,91.70984649658203,121.56999969482422,121.66999816894531,120.70999908447266,121.37999725341797,7042500
2015-09-04,92.5472412109375,122.68000030517578,122.93000030517578,121.81999969482422,122.44999694824219,7951300
2015-09-08,91.18177795410156,120.87000274658203,121.55999755859375,120.76000213623047,121.37999725341797,7049500
2015-09-09,91.6193618774414,121.44999694824219,121.70999908447266,119.55999755859375,119.62999725341797,7441900
2015-09-10,91.000732421875,120.62999725341797,121.19000244140625,120.44999694824219,121.0199966430664,6789700
2015-09-11,91.5740966796875,121.38999938964844,122.08000183105469,121.33000183105469,121.47000122070312,5890900
2015-09-14,91.71746063232422,121.58000183105469,122.1500015258789,121.27999877929688,121.94999694824219,4221700
2015-09-15,89.959716796875,119.25,121.05000305175781,119.12000274658203,120.88999938964844,11895000
2015-09-16,89.62025451660156,118.80000305175781,119.44000244140625,118.55000305175781,118.95999908447266,6949800
2015-09-17,90.71408081054688,120.25,120.37000274658203,118.7300033569336,118.87999725341797,19843600
2015-09-18,92.10970306396484,122.0999984741211,122.19999694824219,121.12999725341797,121.20999908447266,14963300
2015-09-21,90.6084976196289,120.11000061035156,121.11000061035156,119.77999877929688,121.01000213623047,10085600
2015-09-22,91.86827850341797,121.77999877929688,122.38999938964844,121.13999938964844,121.44000244140625,9968200
2015-09-23,91.86078643798828,121.7699966430664,122.06999969482422,120.98999786376953,121.62000274658203,6769900
2015-09-24,92.48686981201172,122.5999984741211,123.68000030517578,122.48999786376953,123.16999816894531,9605800
2015-09-25,91.68726348876953,121.54000091552734,121.93000030517578,121.2699966430664,121.6500015258789,8383700
2015-09-28,93.25635528564453,123.62000274658203,123.7699966430664,122.19999694824219,122.19999694824219,9833400
2015-09-29,93.52043914794922,123.97000122070312,124.29000091552734,123.25,123.54000091552734,9006100
2015-09-30,93.19595336914062,123.54000091552734,123.80000305175781,123.12000274658203,123.41000366210938,9832600
2015-10-01,93.59364318847656,123.80999755859375,124.5199966430664,123.66000366210938,124.08000183105469,9069400
2015-10-02,94.1606216430664,124.55999755859375,126.20999908447266,124.18000030517578,125.58999633789062,13000400
2015-10-05,92.88307189941406,122.87000274658203,123.83000183105469,122.77999877929688,123.72000122070312,11362700
2015-10-06,93.2837142944336,123.4000015258789,123.5999984741211,122.41000366210938,122.55000305175781,5687800
2015-10-07,92.97374725341797,122.98999786376953,123.33000183105469,122.51000213623047,122.80999755859375,6712800
2015-10-08,92.19511413574219,121.95999908447266,123.37000274658203,121.66000366210938,123.29000091552734,12882300
2015-10-09,92.43702697753906,122.27999877929688,122.63999938964844,121.9000015258789,121.97000122070312,9038100
2015-10-12,93.14006042480469,123.20999908447266,123.43000030517578,122.91000366210938,123.02999877929688,4241000
2015-10-13,93.29882049560547,123.41999816894531,123.5999984741211,122.80000305175781,123.52999877929688,6147200
2015-10-14,94.11520385742188,124.5,124.55000305175781,123.30000305175781,123.69999694824219,9738100
2015-10-15,93.6541519165039,123.88999938964844,124.45999908447266,123.77999877929688,124.30999755859375,6924300
2015-10-16,93.68433380126953,123.93000030517578,124.47000122070312,123.87000274658203,124.25,8048300
2015-10-19,93.42728424072266,123.58999633789062,123.97000122070312,122.91000366210938,123.79000091552734,6238400
2015-10-20,92.85281372070312,122.83000183105469,122.97000122070312,122.55000305175781,122.80000305175781,6431300
2015-10-21,93.77506256103516,124.05000305175781,124.22000122070312,123.47000122070312,123.61000061035156,6603800
2015-10-22,93.933837890625,124.26000213623047,124.77999877929688,123.51000213623047,124.0999984741211,6934100
2015-10-23,93.13252258300781,123.19999694824219,123.45999908447266,122.8499984741211,123.0999984741211,7058200
2015-10-26,93.75236511230469,124.0199966430664,124.19999694824219,123.80999755859375,123.87000274658203,5859800
2015-10-27,93.98674774169922,124.33000183105469,124.9000015258789,124.16000366210938,124.51000213623047,7156800
2015-10-28,93.60875701904297,123.83000183105469,124.33999633789062,123.30000305175781,124.2699966430664,8468700
2015-10-29,92.11951446533203,121.86000061035156,123.22000122070312,121.69999694824219,123.18000030517578,12108000
2015-10-30,92.81500244140625,122.77999877929688,122.80999755859375,122.0199966430664,122.23999786376953,11861400
2015-11-02,92.38844299316406,121.94999694824219,122.18000030517578,121.68000030517578,121.77999877929688,8751000
2015-11-03,91.63087463378906,120.94999694824219,121.73999786376953,120.79000091552734,121.6500015258789,8921600
2015-11-04,91.73693084716797,121.08999633789062,121.54000091552734,120.69999694824219,121.0999984741211,5980800
2015-11-05,91.49451446533203,120.7699966430664,121.05999755859375,120.30000305175781,121.05000305175781,7268400
2015-11-06,90.15357208251953,119.0,119.52999877929688,118.73999786376953,119.48999786376953,10604700
2015-11-09,89.6460189819336,118.33000183105469,118.9000015258789,118.0,118.0999984741211,9159500
2015-11-10,89.91116333007812,118.68000030517578,119.20999908447266,118.37999725341797,118.5,6712500
2015-11-11,89.7217788696289,118.43000030517578,118.58000183105469,118.2699966430664,118.3499984741211,2857900
2015-11-12,90.15357208251953,119.0,119.44000244140625,118.69999694824219,118.75,6805700
2015-11-13,90.66875457763672,119.68000030517578,119.9000015258789,119.22000122070312,119.31999969482422,7906600
2015-11-16,90.58544158935547,119.56999969482422,120.0,119.12999725341797,119.79000091552734,5485300
2015-11-17,90.73690795898438,119.7699966430664,120.12999725341797,118.66000366210938,119.0,5122900
2015-11-18,90.9262924194336,120.0199966430664,120.19000244140625,119.36000061035156,119.58000183105469,5233900
2015-11-19,91.53238677978516,120.81999969482422,121.1500015258789,120.68000030517578,120.87999725341797,6643000
2015-11-20,91.25212097167969,120.44999694824219,121.04000091552734,120.27999877929688,120.93000030517578,5971000
2015-11-23,91.53238677978516,120.81999969482422,121.12000274658203,120.31999969482422,120.52999877929688,5436300
2015-11-24,91.52482604980469,120.80999755859375,121.19999694824219,120.58000183105469,120.9000015258789,3371500
2015-11-25,91.73693084716797,121.08999633789062,121.41999816894531,120.94999694824219,121.16999816894531,3280900
2015-11-27,91.64604187011719,120.97000122070312,121.31999969482422,120.95999908447266,121.25,2570600
2015-11-30,92.00970458984375,121.44999694824219,121.52999877929688,121.05999755859375,121.0999984741211,5179800
2015-12-01,93.25250244140625,122.83000183105469,122.8499984741211,121.26000213623047,121.26000213623047,12766600
2015-12-02,93.28287506103516,122.87000274658203,123.04000091552734,122.19000244140625,122.66000366210938,7345800
2015-12-03,90.74715423583984,119.52999877929688,121.4000015258789,118.98999786376953,121.36000061035156,16612200
2015-12-04,91.5443115234375,120.58000183105469,120.93000030517578,119.47000122070312,119.52999877929688,11843800
2015-12-07,92.43258666992188,121.75,122.45999908447266,120.80000305175781,120.80999755859375,9016700
2015-12-08,92.47810363769531,121.80999755859375,122.43000030517578,121.44999694824219,122.27999877929688,7257500
2015-12-09,92.37943267822266,121.68000030517578,122.1500015258789,120.51000213623047,121.3499984741211,8993900
2015-12-10,92.50084686279297,121.83999633789062,122.02999877929688,121.48999786376953,121.79000091552734,5606900
2015-12-11,93.95857238769531,123.76000213623047,124.0999984741211,122.87000274658203,123.02999877929688,12300000
2015-12-14,92.74382019042969,122.16000366210938,123.1500015258789,121.75,123.08000183105469,10661100
2015-12-15,92.19721984863281,121.44000244140625,121.5999984741211,120.83000183105469,121.0199966430664,8795500
2015-12-16,91.99986267089844,121.18000030517578,122.16999816894531,120.5,121.06999969482422,10988600
2015-12-17,93.03994750976562,122.55000305175781,122.77999877929688,121.63999938964844,121.77999877929688,9923000
2015-12-18,93.55620574951172,123.2300033569336,123.5199966430664,122.81999969482422,123.08000183105469,10171700
2015-12-21,93.53339385986328,123.19999694824219,123.77999877929688,122.91999816894531,123.43000030517578,7494900
2015-12-22,92.85773468017578,122.30999755859375,122.80000305175781,121.98999786376953,122.6500015258789,5445800
2015-12-23,92.15924072265625,121.38999938964844,121.61000061035156,120.87000274658203,121.2300033569336,7287100
2015-12-24,92.68727111816406,121.83000183105469,121.87000274658203,121.4000015258789,121.47000122070312,3364600
2015-12-28,92.96113586425781,122.19000244140625,122.66999816894531,121.8499984741211,121.98999786376953,7586600
2015-12-29,91.41677856445312,120.16000366210938,121.73999786376953,120.01000213623047,121.69000244140625,7787500
2015-12-30,91.325439453125,120.04000091552734,120.54000091552734,119.66999816894531,119.91999816894531,5508900
2015-12-31,91.73624420166016,120.58000183105469,120.86000061035156,120.25,120.56999969482422,7897700
2016-01-04,92.3981704711914,121.44999694824219,122.44999694824219,121.31999969482422,121.93000030517578,10591900
2016-01-05,92.02535247802734,120.95999908447266,121.5,120.66000366210938,120.87999725341797,6242600
2016-01-06,93.26545715332031,122.58999633789062,122.62000274658203,122.05000305175781,122.30000305175781,8916900
2016-01-07,93.43285369873047,122.80999755859375,122.93000030517578,121.79000091552734,122.68000030517578,10202200
2016-01-08,93.85124206542969,123.36000061035156,123.47000122070312,122.2300033569336,122.43000030517578,9577200
2016-01-11,92.82417297363281,122.01000213623047,122.79000091552734,121.86000061035156,122.04000091552734,10040300
2016-01-12,94.16317749023438,123.7699966430664,124.31999969482422,122.1500015258789,122.33999633789062,12897700
2016-01-13,95.09130096435547,124.98999786376953,125.5,123.2699966430664,123.52999877929688,15577600
2016-01-14,94.20117950439453,123.81999969482422,124.97000122070312,123.33999633789062,124.47000122070312,12873800
2016-01-15,95.66957092285156,125.75,125.95999908447266,125.08000183105469,125.4000015258789,13976300
2016-01-19,95.37281799316406,125.36000061035156,126.06999969482422,124.94999694824219,125.12999725341797,8926600
2016-01-20,96.37708282470703,126.68000030517578,127.91999816894531,126.41999816894531,126.9800033569336,17283300
2016-01-21,95.72279357910156,125.81999969482422,127.29000091552734,125.66999816894531,126.94000244140625,11001600
2016-01-22,95.35762023925781,125.33999633789062,125.52999877929688,124.5199966430664,124.91000366210938,10164300
2016-01-25,95.8749771118164,126.0199966430664,126.2699966430664,125.6500015258789,125.94999694824219,5738200
2016-01-26,95.9206314086914,126.08000183105469,126.45999908447266,125.75,125.98999786376953,5692600
2016-01-27,95.89779663085938,126.05000305175781,126.29000091552734,125.19000244140625,125.75,7957800
2016-01-28,96.03473663330078,126.2300033569336,126.41000366210938,125.45999908447266,125.54000091552734,10575400
2016-01-29,96.84878540039062,127.30000305175781,127.86000061035156,126.91999816894531,127.41000366210938,13170700
2016-02-01,96.55226135253906,126.66999816894531,127.06999969482422,126.29000091552734,126.79000091552734,9948400
2016-02-02,98.34349060058594,129.02000427246094,129.0399932861328,128.0,128.10000610351562,10400000
2016-02-03,97.52790069580078,127.94999694824219,129.94000244140625,127.91999816894531,128.27999877929688,13309000
2016-02-04,98.00052642822266,128.57000732421875,128.58999633789062,127.51000213623047,128.22000122070312,9953500
2016-02-05,98.11481475830078,128.72000122070312,129.0,127.58999633789062,127.88999938964844,9200800
2016-02-08,100.22624969482422,131.49000549316406,131.6300048828125,129.67999267578125,129.72000122070312,14452200
2016-02-09,100.33296966552734,131.6300048828125,132.05999755859375,130.9600067138672,132.0399932861328,15232100
2016-02-10,101.21715545654297,132.7899932861328,132.83999633789062,131.11000061035156,131.6999969482422,12797100
2016-02-11,101.92605590820312,133.72000122070312,135.25,133.00999450683594,134.44000244140625,21620200
2016-02-12,100.23383331298828,131.5,133.1300048828125,130.92999267578125,132.63999938964844,13888400
2016-02-16,99.17434692382812,130.11000061035156,130.75,129.80999755859375,130.72000122070312,11766000
2016-02-17,98.56455993652344,129.30999755859375,129.8300018310547,128.7100067138672,129.63999938964844,13157300
2016-02-18,99.77655792236328,130.89999389648438,131.0,129.36000061035156,129.41000366210938,10196700
2016-02-19,99.86034393310547,131.00999450683594,131.82000732421875,130.72999572753906,130.94000244140625,8188700
2016-02-22,99.80696868896484,130.94000244140625,131.11000061035156,130.6999969482422,131.10000610351562,5054300
2016-02-23,100.21098327636719,131.47000122070312,131.74000549316406,129.77999877929688,129.8800048828125,8320700
2016-02-24,100.01280975341797,131.2100067138672,133.38999938964844,130.9499969482422,132.39999389648438,9091200
2016-02-25,100.37106323242188,131.67999267578125,132.55999755859375,131.32000732421875,131.47999572753906,6097200
2016-02-26,99.40300750732422,130.41000366210938,130.80999755859375,130.0399932861328,130.30999755859375,9245000
2016-02-29,99.8375015258789,130.97999572753906,131.1699981689453,130.4199981689453,130.47000122070312,8016100
2016-03-01,98.07952880859375,128.42999267578125,130.85000610351562,128.32000732421875,130.82000732421875,13729100
2016-03-02,98.48429870605469,128.9600067138672,128.97000122070312,128.2100067138672,128.32000732421875,7047700
2016-03-03,98.8431625366211,129.42999267578125,129.94000244140625,128.77000427246094,129.07000732421875,6394800
2016-03-04,98.20930480957031,128.60000610351562,129.1300048828125,127.76000213623047,128.75,8687000
2016-03-07,98.17879486083984,128.55999755859375,128.6699981689453,128.0500030517578,128.4499969482422,5493300
2016-03-08,99.26321411132812,129.97999572753906,130.99000549316406,129.9499969482422,130.35000610351562,7175400
2016-03-09,98.65988159179688,129.19000244140625,129.69000244140625,128.80999755859375,129.0800018310547,7194700
2016-03-10,98.25517272949219,128.66000366210938,129.83999633789062,127.91999816894531,129.5,10091600
2016-03-11,97.26233673095703,127.36000061035156,128.8800048828125,127.20999908447266,128.82000732421875,8927000
2016-03-14,97.56782531738281,127.76000213623047,128.38999938964844,127.66000366210938,127.81999969482422,5177000
2016-03-15,97.65946960449219,127.87999725341797,128.66000366210938,127.61000061035156,128.5,6413200
2016-03-16,97.94969177246094,128.25999450683594,128.52000427246094,127.37000274658203,127.75,9728900
2016-03-17,98.35440826416016,128.7899932861328,129.33999633789062,128.49000549316406,128.50999450683594,7805500
2016-03-18,98.56056213378906,129.05999755859375,129.50999450683594,128.6999969482422,129.0399932861328,8198600
2016-03-21,97.80458068847656,128.07000732421875,128.6199951171875,127.75,128.25,5514800
2016-03-22,97.78168487548828,128.0399932861328,129.02000427246094,127.91999816894531,128.8300018310547,4997900
2016-03-23,98.8890151977539,129.49000549316406,129.82000732421875,128.2899932861328,128.41000366210938,10628200
2016-03-24,98.92717742919922,129.5399932861328,130.63999938964844,129.0,130.5800018310547,6343300
2016-03-28,99.0570068359375,129.7100067138672,130.16000366210938,129.27999877929688,129.3800048828125,5058700
2016-03-29,100.09564208984375,131.07000732421875,131.08999633789062,130.02000427246094,130.3800048828125,9396700
2016-03-30,99.04175567626953,129.69000244140625,130.07000732421875,128.97999572753906,130.02999877929688,8478700
2016-03-31,99.74433898925781,130.61000061035156,130.80999755859375,129.7899932861328,129.97999572753906,7832300
2016-04-01,100.00450897216797,130.67999267578125,131.1300048828125,129.89999389648438,130.97999572753906,9341400
2016-04-04,100.06574249267578,130.75999450683594,130.97000122070312,130.27000427246094,130.7899932861328,5145100
2016-04-05,101.16004180908203,132.19000244140625,132.36000061035156,131.77999877929688,132.00999450683594,6482800
2016-04-06,100.42537689208984,131.22999572753906,131.6699981689453,130.74000549316406,131.52999877929688,6393700
2016-04-07,101.66516876220703,132.85000610351562,132.99000549316406,132.00999450683594,132.19000244140625,5963300
2016-04-08,101.0223388671875,132.00999450683594,132.39999389648438,131.63999938964844,132.1699981689453,5584800
2016-04-11,100.89221954345703,131.83999633789062,132.17999267578125,131.11000061035156,131.32000732421875,4805500
2016-04-12,100.1958999633789,130.92999267578125,131.5500030517578,130.52999877929688,131.0800018310547,4276000
2016-04-13,100.54786682128906,131.38999938964844,131.5800018310547,130.52000427246094,130.69000244140625,5207900
2016-04-14,100.06574249267578,130.75999450683594,131.30999755859375,130.49000549316406,130.91000366210938,6967000
2016-04-15,100.92282104492188,131.8800048828125,132.16000366210938,131.25,131.2899932861328,5831100
2016-04-18,100.48664855957031,131.30999755859375,131.44000244140625,130.66000366210938,131.3300018310547,4486600
2016-04-19,100.17288970947266,130.89999389648438,131.30999755859375,130.2899932861328,131.0800018310547,5212200
2016-04-20,99.07090759277344,129.4600067138672,131.64999389648438,129.27000427246094,131.16000366210938,10920700
2016-04-21,98.48161315917969,128.69000244140625,129.07000732421875,128.2899932861328,128.44000244140625,11154200
2016-04-22,98.2291488647461,128.36000061035156,128.91000366210938,128.24000549316406,128.85000610351562,5826400
2016-04-25,97.82354736328125,127.83000183105469,128.52000427246094,127.83000183105469,128.05999755859375,5539500
2016-04-26,97.37968444824219,127.25,127.76000213623047,127.12000274658203,127.76000213623047,7840000
2016-04-27,98.3515396118164,128.52000427246094,128.82000732421875,127.62000274658203,127.91999816894531,8380100
2016-04-28,98.75718688964844,129.0500030517578,129.13999938964844,128.0399932861328,128.2100067138672,7974600
2016-04-29,99.00972747802734,129.3800048828125,129.7100067138672,128.1999969482422,128.4499969482422,7416300
2016-05-02,98.0127944946289,127.81999969482422,128.89999389648438,127.80000305175781,128.66000366210938,11035200
2016-05-03,99.24739074707031,129.42999267578125,130.02000427246094,129.35000610351562,129.5500030517578,10736700
2016-05-04,99.79179382324219,130.13999938964844,130.1699981689453,129.19000244140625,129.67999267578125,7211200
2016-05-05,100.45889282226562,131.00999450683594,131.07000732421875,129.6999969482422,130.05999755859375,7870400
2016-05-06,100.02945709228516,130.4499969482422,130.86000061035156,130.2899932861328,130.85000610351562,7232500
2016-05-09,100.34392547607422,130.86000061035156,130.88999938964844,130.32000732421875,130.4600067138672,4950800
2016-05-10,100.35160064697266,130.8699951171875,131.1199951171875,130.64999389648438,130.85000610351562,4331900
2016-05-11,100.91902923583984,131.61000061035156,132.0,130.66000366210938,130.8300018310547,9256000
2016-05-12,100.45889282226562,131.00999450683594,131.1699981689453,130.58999633789062,130.66000366210938,6087400
2016-05-13,101.43277740478516,132.27999877929688,132.32000732421875,131.22999572753906,131.47999572753906,8707300
2016-05-16,100.55863952636719,131.13999938964844,131.66000366210938,130.97999572753906,131.63999938964844,5137000
2016-05-17,100.72732543945312,131.36000061035156,131.8300018310547,131.2100067138672,131.2100067138672,4449100
2016-05-18,99.29340362548828,129.49000549316406,130.85000610351562,128.91000366210938,130.80999755859375,12681000
2016-05-19,99.72279357910156,130.0500030517578,130.3300018310547,129.64999389648438,129.67999267578125,6209400
2016-05-20,99.79945373535156,130.14999389648438,130.39999389648438,129.5500030517578,129.64999389648438,5348900
2016-05-23,100.02183532714844,130.44000244140625,130.72999572753906,129.9199981689453,130.36000061035156,6979700
2016-05-24,99.57709503173828,129.86000061035156,130.19000244140625,129.24000549316406,129.97000122070312,5968200
2016-05-25,99.20138549804688,129.3699951171875,130.25,129.30999755859375,129.8300018310547,6367400
2016-05-26,99.71516418457031,130.0399932861328,130.4499969482422,129.8000030517578,129.80999755859375,5419300
2016-05-27,99.5694580078125,129.85000610351562,130.25999450683594,129.6999969482422,130.07000732421875,5267600
2016-05-31,99.8071517944336,130.16000366210938,130.44000244140625,128.97999572753906,129.02000427246094,8344300
2016-06-01,100.21208190917969,130.4199981689453,131.27000427246094,130.11000061035156,130.6300048828125,9874900
2016-06-02,100.93439483642578,131.36000061035156,131.69000244140625,130.8699951171875,130.89999389648438,5835400
2016-06-03,102.37120056152344,133.22999572753906,133.22999572753906,132.60000610351562,132.86000061035156,11077200
2016-06-06,101.61054992675781,132.24000549316406,132.88999938964844,132.10000610351562,132.77999877929688,7573700
2016-06-07,101.85641479492188,132.55999755859375,132.97999572753906,132.5399932861328,132.63999938964844,4680200
2016-06-08,102.40194702148438,133.27000427246094,133.42999267578125,132.7100067138672,132.8699951171875,5313200
2016-06-09,103.06282043457031,134.1300048828125,134.5399932861328,133.92999267578125,134.32000732421875,6820300
2016-06-10,103.5622329711914,134.77999877929688,135.3300018310547,134.25999450683594,134.7899932861328,6984600
2016-06-13,104.02323150634766,135.3800048828125,135.38999938964844,134.77000427246094,135.08999633789062,7283300
2016-06-14,103.9464111328125,135.27999877929688,136.22000122070312,135.22000122070312,136.19000244140625,9012500
2016-06-15,104.34593200683594,135.8000030517578,136.22999572753906,135.30999755859375,135.52000427246094,7953200
2016-06-16,104.85306549072266,136.4600067138672,137.55999755859375,136.17999267578125,136.74000549316406,10372700
2016-06-17,104.20001983642578,135.61000061035156,136.27000427246094,135.25999450683594,136.1999969482422,8489900
2016-06-20,103.0858383178711,134.16000366210938,134.5500030517578,134.00999450683594,134.24000549316406,7365900
2016-06-21,102.6093978881836,133.5399932861328,134.5800018310547,133.4600067138672,134.2899932861328,6005800
2016-06-22,102.7784652709961,133.75999450683594,133.99000549316406,133.25,133.5,5773700
2016-06-23,101.60285186767578,132.22999572753906,133.32000732421875,132.0800018310547,132.61000061035156,9029100
2016-06-24,104.33059692382812,135.77999877929688,136.61000061035156,135.3000030517578,136.61000061035156,17155000
2016-06-27,106.93537139892578,139.1699981689453,139.58999633789062,138.39999389648438,138.44000244140625,16577100
2016-06-28,107.1583023071289,139.4600067138672,139.89999389648438,138.8800048828125,139.44000244140625,14006400
2016-06-29,106.33612060546875,138.38999938964844,140.1300048828125,138.25999450683594,139.67999267578125,12999800
2016-06-30,106.72793579101562,138.89999389648438,139.94000244140625,138.08999633789062,138.80999755859375,14698500
2016-07-01,108.2098388671875,140.57000732421875,140.82000732421875,139.19000244140625,140.80999755859375,15430200
2016-07-05,109.5645980834961,142.3300018310547,142.91000366210938,141.6999969482422,141.85000610351562,8840800
2016-07-06,109.74166107177734,142.55999755859375,143.0,141.9600067138672,142.7899932861328,14352800
2016-07-07,109.7340316772461,142.5500030517578,143.19000244140625,141.77999877929688,142.08999633789062,9676400
2016-07-08,110.54228973388672,143.60000610351562,143.6199951171875,142.36000061035156,142.9199981689453,10355300
2016-07-11,109.5723648071289,142.33999633789062,143.47000122070312,142.24000549316406,143.0500030517578,8099000
2016-07-12,107.7709732055664,140.0,140.86000061035156,139.63999938964844,140.4199981689453,15810600
2016-07-13,109.04113006591797,141.64999389648438,141.77000427246094,140.9499969482422,141.3699951171875,8181700
2016-07-14,107.45536041259766,139.58999633789062,139.83999633789062,139.08999633789062,139.27999877929688,10817000
2016-07-15,106.53165435791016,138.38999938964844,139.11000061035156,138.17999267578125,138.88999938964844,9958600
2016-07-18,106.43157196044922,138.25999450683594,139.25999450683594,137.72999572753906,139.07000732421875,5955900
2016-07-19,107.03199005126953,139.0399932861328,139.30999755859375,138.39999389648438,138.94000244140625,8073900
2016-07-20,106.44696807861328,138.27999877929688,138.50999450683594,137.91000366210938,138.22999572753906,6942500
2016-07-21,106.66250610351562,138.55999755859375,138.6199951171875,136.99000549316406,137.0399932861328,10398400
2016-07-22,106.8472900390625,138.8000030517578,139.24000549316406,137.8699951171875,137.92999267578125,5811400
2016-07-25,106.7702865600586,138.6999969482422,139.25999450683594,138.58999633789062,138.94000244140625,4243800
2016-07-26,106.93961334228516,138.9199981689453,139.52000427246094,138.4600067138672,139.52000427246094,5243400
2016-07-27,108.27140808105469,140.64999389648438,140.64999389648438,139.39999389648438,139.5500030517578,8508100
2016-07-28,108.07120513916016,140.38999938964844,140.83999633789062,139.7100067138672,139.8000030517578,7336100
2016-07-29,108.97188568115234,141.55999755859375,141.67999267578125,140.22000122070312,140.4499969482422,8766700
2016-08-01,107.79041290283203,139.77000427246094,140.5,139.61000061035156,139.77999877929688,9809300
2016-08-02,106.67989349365234,138.3300018310547,139.25999450683594,137.5,137.8300018310547,10051200
2016-08-03,106.7416000366211,138.41000366210938,138.77999877929688,137.91000366210938,138.60000610351562,4930600
2016-08-04,107.54360961914062,139.4499969482422,140.16000366210938,139.27000427246094,139.4600067138672,5646000
2016-08-05,106.42534637451172,138.0,139.17999267578125,137.82000732421875,139.0500030517578,7778600
2016-08-08,106.62591552734375,138.25999450683594,138.5399932861328,137.32000732421875,137.60000610351562,5185200
2016-08-09,107.67473602294922,139.6199951171875,139.72000122070312,138.6199951171875,138.7100067138672,5503200
2016-08-10,108.09114074707031,140.16000366210938,140.50999450683594,139.47000122070312,139.89999389648438,5843500
2016-08-11,107.12725830078125,138.91000366210938,140.0800018310547,138.5399932861328,140.05999755859375,7624600
2016-08-12,108.02948760986328,140.0800018310547,140.86000061035156,139.8699951171875,140.41000366210938,7989600
2016-08-15,107.01154327392578,138.75999450683594,139.6300048828125,138.75,139.33999633789062,5108600
2016-08-16,106.72616577148438,138.38999938964844,139.14999389648438,138.22999572753906,138.97999572753906,6182700
2016-08-17,107.36628723144531,139.22000122070312,139.44000244140625,138.5,138.6300048828125,5002000
2016-08-18,107.5358657836914,139.44000244140625,139.75999450683594,138.7899932861328,139.1999969482422,3805200
2016-08-19,106.97290802001953,138.7100067138672,139.0500030517578,138.10000610351562,138.63999938964844,5516300
2016-08-22,107.87522888183594,139.8800048828125,140.13999938964844,139.3699951171875,139.64999389648438,5549700
2016-08-23,107.99093627929688,140.02999877929688,140.58999633789062,139.6699981689453,140.27000427246094,6841400
2016-08-24,107.73640441894531,139.6999969482422,140.19000244140625,139.38999938964844,140.10000610351562,6027800
2016-08-25,107.32766723632812,139.1699981689453,139.77999877929688,138.9600067138672,139.25999450683594,5855500
2016-08-26,106.7029800415039,138.36000061035156,140.69000244140625,138.22000122070312,139.72999572753906,12962500
2016-08-29,108.12976837158203,140.2100067138672,140.35000610351562,139.2100067138672,139.3800048828125,7310400
2016-08-30,107.71329498291016,139.6699981689453,140.25999450683594,139.6699981689453,140.1699981689453,5161800
2016-08-31,107.8675308227539,139.8699951171875,140.1699981689453,139.33999633789062,139.66000366210938,7349700
2016-09-01,107.98651885986328,139.77000427246094,140.10000610351562,138.57000732421875,138.6199951171875,9149100
2016-09-02,107.10572052001953,138.6300048828125,139.0500030517578,138.1699981689453,138.9600067138672,8397000
2016-09-06,107.88603210449219,139.63999938964844,140.0800018310547,138.50999450683594,138.7100067138672,8542600
2016-09-07,107.80883026123047,139.5399932861328,140.4199981689453,139.5399932861328,140.3699951171875,5421800
2016-09-08,106.45677947998047,137.7899932861328,139.27000427246094,137.25999450683594,138.86000061035156,14301500
2016-09-09,104.70295715332031,135.52000427246094,136.1199951171875,135.41000366210938,136.07000732421875,13347700
2016-09-12,104.75706481933594,135.58999633789062,135.8300018310547,135.16000366210938,135.32000732421875,9096600
2016-09-13,103.5672378540039,134.0500030517578,136.0,133.36000061035156,135.8699951171875,15645400
2016-09-14,103.72172546386719,134.25,134.91000366210938,134.0500030517578,134.0500030517578,7037700
2016-09-15,103.27362060546875,133.6699981689453,134.0500030517578,133.02999877929688,133.61000061035156,9874500
2016-09-16,104.10809326171875,134.75,134.80999755859375,134.22000122070312,134.5800018310547,7507900
2016-09-19,103.76809692382812,134.30999755859375,134.8699951171875,134.25,134.52000427246094,7105900
2016-09-20,104.1312484741211,134.77999877929688,135.5800018310547,134.6699981689453,135.14999389648438,6054800
2016-09-21,104.97335052490234,135.8699951171875,135.88999938964844,134.17999267578125,134.60000610351562,10698100
2016-09-22,105.80781555175781,136.9499969482422,137.2899932861328,136.5,136.6699981689453,12426200
2016-09-23,105.70732116699219,136.82000732421875,137.33999633789062,136.7100067138672,137.02999877929688,5928800
2016-09-26,106.3795166015625,137.69000244140625,137.8300018310547,137.02000427246094,137.07000732421875,8661300
2016-09-27,107.1598129272461,138.6999969482422,138.8000030517578,137.9499969482422,138.58999633789062,9450400
2016-09-28,106.92804718017578,138.39999389648438,139.14999389648438,138.22000122070312,138.5,7958700
2016-09-29,107.19850158691406,138.75,139.07000732421875,137.4499969482422,137.55999755859375,8319800
2016-09-30,106.24040985107422,137.50999450683594,138.63999938964844,136.8699951171875,138.5500030517578,11747100
2016-10-03,105.88985443115234,136.80999755859375,137.77000427246094,136.75999450683594,137.67999267578125,7588800
2016-10-04,104.65145111083984,135.2100067138672,136.83999633789062,135.16000366210938,136.6199951171875,12048700
2016-10-05,104.16378021240234,134.5800018310547,135.0800018310547,134.1199951171875,135.02000427246094,8917700
2016-10-06,103.58328247070312,133.8300018310547,134.69000244140625,133.67999267578125,133.97000122070312,7839900
2016-10-07,103.65296936035156,133.9199981689453,134.2899932861328,133.08999633789062,133.92999267578125,9953200
2016-10-10,103.04156494140625,133.1300048828125,133.16000366210938,132.50999450683594,132.85000610351562,6089100
2016-10-11,102.80929565429688,132.8300018310547,133.5500030517578,132.57000732421875,132.86000061035156,9670400
2016-10-12,102.9099349975586,132.9600067138672,133.02000427246094,132.24000549316406,132.6699981689453,7582400
2016-10-13,103.29694366455078,133.4600067138672,133.92999267578125,133.3699951171875,133.63999938964844,7080600
2016-10-14,101.84954833984375,131.58999633789062,132.9499969482422,131.52999877929688,132.27000427246094,11415100
2016-10-17,102.49976348876953,132.42999267578125,132.74000549316406,132.08999633789062,132.10000610351562,10595900
2016-10-18,102.83257293701172,132.86000061035156,132.88999938964844,131.8300018310547,131.86000061035156,7151000
2016-10-19,102.91768646240234,132.97000122070312,133.27000427246094,132.32000732421875,132.3699951171875,6941300
2016-10-20,103.02606201171875,133.11000061035156,133.75,132.89999389648438,133.63999938964844,6082300
2016-10-21,103.18087768554688,133.30999755859375,133.72000122070312,132.8699951171875,133.52000427246094,9222700
2016-10-24,102.73193359375,132.72999572753906,133.4499969482422,132.2899932861328,133.41000366210938,6507500
2016-10-25,103.00283813476562,133.0800018310547,133.55999755859375,132.49000549316406,132.52999877929688,5134700
2016-10-26,102.30625915527344,132.17999267578125,132.8000030517578,131.99000549316406,132.4600067138672,5842500
2016-10-27,101.19171905517578,130.74000549316406,131.07000732421875,130.05999755859375,131.07000732421875,10044700
2016-10-28,100.96720886230469,130.4499969482422,130.92999267578125,130.3300018310547,130.38999938964844,7541000
2016-10-31,101.58639526367188,131.25,131.2899932861328,130.7100067138672,130.88999938964844,7047500
2016-11-01,101.59413146972656,131.00999450683594,131.60000610351562,129.8800048828125,130.16000366210938,12622400
2016-11-02,102.03622436523438,131.5800018310547,132.11000061035156,131.02999877929688,131.3000030517578,8666200
2016-11-03,101.25296783447266,130.57000732421875,131.0500030517578,130.44000244140625,130.75,6085400
2016-11-04,102.16027069091797,131.74000549316406,131.7899932861328,131.1300048828125,131.27000427246094,7622600
2016-11-07,101.29175567626953,130.6199951171875,131.0,130.44000244140625,130.75,5386700
2016-11-08,100.8807601928711,130.08999633789062,131.2100067138672,129.7100067138672,131.02000427246094,7576500
2016-11-09,96.60017395019531,124.56999969482422,127.37000274658203,124.22000122070312,127.22000122070312,31233500
2016-11-10,95.17332458496094,122.7300033569336,124.95999908447266,122.72000122070312,123.97000122070312,22961200
2016-11-11,94.63823699951172,122.04000091552734,123.05000305175781,121.6500015258789,122.95999908447266,10040200
2016-11-14,94.0721435546875,121.30999755859375,122.66000366210938,120.7300033569336,121.27999877929688,21174400
2016-11-15,94.53744506835938,121.91000366210938,122.80999755859375,121.77999877929688,122.22000122070312,11963700
2016-11-16,95.39043426513672,123.01000213623047,123.13999938964844,122.16999816894531,122.30000305175781,9149500
2016-11-17,93.98681640625,121.19999694824219,122.11000061035156,120.98999786376953,121.94999694824219,11221600
2016-11-18,93.71541595458984,120.8499984741211,121.97000122070312,120.33999633789062,121.62999725341797,13577700
2016-11-21,93.94805145263672,121.1500015258789,121.4800033569336,120.88999938964844,121.20999908447266,6488100
2016-11-22,93.91706085205078,121.11000061035156,121.76000213623047,120.87999725341797,121.66000366210938,9989900
2016-11-23,93.5525894165039,120.63999938964844,120.91000366210938,119.25,119.98999786376953,13563500
2016-11-25,93.69213104248047,120.81999969482422,121.29000091552734,120.4000015258789,121.19000244140625,3126300
2016-11-28,94.38227844238281,121.70999908447266,121.7300033569336,121.08999633789062,121.41000366210938,8555000
2016-11-29,94.77783203125,122.22000122070312,122.4000015258789,121.20999908447266,121.44000244140625,8363000
2016-11-30,93.24234771728516,120.23999786376953,121.01000213623047,119.4800033569336,119.97000122070312,21163500
2016-12-01,92.25784301757812,118.7300033569336,118.98999786376953,117.63999938964844,118.51000213623047,21715700
2016-12-02,92.93389129638672,119.5999984741211,120.20999908447266,119.13999938964844,119.16999816894531,12487500
2016-12-05,92.8329086303711,119.47000122070312,120.4000015258789,118.44999694824219,118.93000030517578,12100100
2016-12-06,92.76288604736328,119.37999725341797,119.94000244140625,119.12000274658203,119.33999633789062,11526600
2016-12-07,93.55551147460938,120.4000015258789,120.62000274658203,119.81999969482422,119.81999969482422,10392200
2016-12-08,92.4521484375,118.9800033569336,119.30999755859375,118.77999877929688,119.1500015258789,12041100
2016-12-09,91.30211639404297,117.5,118.86000061035156,117.27999877929688,118.63999938964844,14646400
2016-12-12,91.47306060791016,117.72000122070312,117.80000305175781,116.87999725341797,117.2699966430664,9496300
2016-12-13,91.79942321777344,118.13999938964844,118.48999786376953,117.44000244140625,118.4000015258789,12189200
2016-12-14,90.77372741699219,116.81999969482422,119.20999908447266,116.80000305175781,119.08000183105469,16618400
2016-12-15,91.23217010498047,117.41000366210938,118.29000091552734,117.02999877929688,117.55999755859375,12400500
2016-12-16,91.02239227294922,117.13999938964844,117.91999816894531,116.80000305175781,117.61000061035156,14924600
2016-12-19,92.00145721435547,118.4000015258789,118.58000183105469,117.73999786376953,117.9800033569336,10868300
2016-12-20,91.54296112060547,117.80999755859375,117.9000015258789,117.37999725341797,117.62999725341797,7030600
2016-12-21,91.94702911376953,118.33000183105469,118.4000015258789,117.7300033569336,117.91999816894531,4624700
2016-12-22,91.78264617919922,117.80999755859375,118.0,117.5,117.52999877929688,5177800
2016-12-23,91.96965789794922,118.05000305175781,118.38999938964844,117.94999694824219,118.23999786376953,4461600
2016-12-27,91.67361450195312,117.66999816894531,117.69999694824219,117.2300033569336,117.41999816894531,5276600
2016-12-28,92.3436279296875,118.52999877929688,118.87999725341797,117.69999694824219,117.86000061035156,7578600
2016-12-29,92.67082977294922,118.94999694824219,119.2699966430664,118.66000366210938,118.80000305175781,8581400
2016-12-30,92.81103515625,119.12999725341797,119.6500015258789,118.72000122070312,118.77999877929688,10613900
2017-01-03,93.2083740234375,119.63999938964844,119.98999786376953,118.18000030517578,118.41000366210938,13217300
2017-01-04,93.56674194335938,120.0999984741211,120.23999786376953,119.44999694824219,119.76000213623047,6699600
2017-01-05,95.03141021728516,121.9800033569336,122.02999877929688,120.16999816894531,120.44999694824219,13265800
2017-01-06,94.15885162353516,120.86000061035156,121.54000091552734,120.75,121.12999725341797,8369300
2017-01-09,94.91458129882812,121.83000183105469,122.0,121.45999908447266,121.87999725341797,8839100
2017-01-10,94.85223388671875,121.75,121.91000366210938,121.27999877929688,121.55000305175781,8417900
2017-01-11,95.1716537475586,122.16000366210938,122.69000244140625,121.41000366210938,121.94000244140625,9402500
2017-01-12,94.96129608154297,121.88999938964844,123.13999938964844,121.83000183105469,122.80000305175781,9977600
2017-01-13,94.50940704345703,121.30999755859375,121.75,120.62000274658203,121.33000183105469,9820000
2017-01-17,95.4988784790039,122.58000183105469,122.94000244140625,121.98999786376953,122.80999755859375,7853300
2017-01-18,94.27571105957031,121.01000213623047,121.95999908447266,120.91000366210938,121.7699966430664,9064700
2017-01-19,93.62905883789062,120.18000030517578,120.58000183105469,119.55000305175781,120.48999786376953,11795600
2017-01-20,93.44210815429688,119.94000244140625,120.30999755859375,119.29000091552734,119.83999633789062,16953200
2017-01-23,94.376953125,121.13999938964844,121.87000274658203,120.0199966430664,120.33999633789062,13118400
2017-01-24,93.7303466796875,120.30999755859375,121.12999725341797,119.80000305175781,120.7699966430664,8395000
2017-01-25,92.55400848388672,118.80000305175781,119.5999984741211,118.55999755859375,119.27999877929688,11115100
2017-01-26,92.86553955078125,119.19999694824219,119.26000213623047,118.33000183105469,118.91000366210938,7827900
2017-01-27,93.20060729980469,119.62999725341797,119.83000183105469,119.25,119.4000015258789,7197800
2017-01-30,92.92012023925781,119.2699966430664,119.87999725341797,119.19999694824219,119.44000244140625,6569500
2017-01-31,93.56674194335938,120.0999984741211,120.4000015258789,119.25,119.33000183105469,13298500
2017-02-01,92.98821258544922,119.0999984741211,119.52999877929688,118.58000183105469,119.0999984741211,10975500
2017-02-02,92.94916534423828,119.05000305175781,120.13999938964844,119.0,119.93000030517578,6978600
2017-02-03,92.91014862060547,119.0,119.87000274658203,118.47000122070312,119.44000244140625,10275600
2017-02-06,93.47225189208984,119.72000122070312,120.12999725341797,119.12000274658203,119.76000213623047,8433800
2017-02-07,94.15937805175781,120.5999984741211,121.01000213623047,119.47000122070312,119.77999877929688,8418400
2017-02-08,95.43978881835938,122.23999786376953,122.2699966430664,121.41000366210938,121.41999816894531,15734200
2017-02-09,94.33892059326172,120.83000183105469,121.58999633789062,120.66000366210938,121.41000366210938,16890600
2017-02-10,94.2842788696289,120.76000213623047,120.94999694824219,120.11000061035156,120.11000061035156,7978500
2017-02-13,93.98757934570312,120.37999725341797,120.41000366210938,119.87999725341797,120.25,11536800
2017-02-14,93.30835723876953,119.51000213623047,120.30000305175781,118.83000183105469,120.23999786376953,13210500
2017-02-15,92.87889862060547,118.95999908447266,119.22000122070312,118.6500015258789,118.76000213623047,8481000
2017-02-16,93.38636779785156,119.61000061035156,120.20999908447266,119.12000274658203,119.22000122070312,10005800
2017-02-17,93.94071960449219,120.31999969482422,120.69999694824219,120.12999725341797,120.61000061035156,7886400
2017-02-21,93.7767562866211,120.11000061035156,120.61000061035156,119.5999984741211,119.68000030517578,8703800
2017-02-22,93.93289947509766,120.30999755859375,120.81999969482422,119.58999633789062,120.80000305175781,8101500
2017-02-23,94.21398162841797,120.66999816894531,120.73999786376953,120.33000183105469,120.56999969482422,5330800
2017-02-24,95.26022338867188,122.01000213623047,122.13999938964844,121.26000213623047,121.3499984741211,11336000
2017-02-27,94.69804382324219,121.29000091552734,121.9000015258789,121.2300033569336,121.80999755859375,11039800
2017-02-28,95.04939270019531,121.73999786376953,122.08000183105469,121.31999969482422,121.5,8410500
2017-03-01,93.45671081542969,119.47000122070312,119.55000305175781,118.94999694824219,119.44000244140625,10717100
2017-03-02,93.1203384399414,119.04000091552734,119.20999908447266,118.62000274658203,119.01000213623047,8201200
2017-03-03,93.36286163330078,119.3499984741211,119.3499984741211,118.55000305175781,119.2300033569336,9515200
2017-03-06,92.91695404052734,118.77999877929688,119.12000274658203,118.5199966430664,119.12000274658203,4489200
2017-03-07,92.6353530883789,118.41999816894531,118.68000030517578,118.25,118.4800033569336,7080100
2017-03-08,92.13469696044922,117.77999877929688,117.94999694824219,117.2300033569336,117.30999755859375,11336300
2017-03-09,91.39936828613281,116.83999633789062,117.4800033569336,116.7699966430664,117.33999633789062,10575400
2017-03-10,91.72010803222656,117.25,117.31999969482422,116.68000030517578,117.13999938964844,9218500
2017-03-13,91.14125061035156,116.51000213623047,117.08999633789062,116.48999786376953,116.83000183105469,6993100
2017-03-14,91.57927703857422,117.06999969482422,117.3499984741211,116.70999908447266,116.7699966430664,9869200
2017-03-15,92.69792175292969,118.5,118.83000183105469,117.43000030517578,117.55999755859375,14600500
2017-03-16,92.22859191894531,117.9000015258789,118.1500015258789,117.62999725341797,117.98999786376953,8018200
2017-03-17,92.80748748779297,118.63999938964844,118.75,118.02999877929688,118.11000061035156,7266800
2017-03-20,93.2063980102539,119.1500015258789,119.2300033569336,118.5,118.55000305175781,5497800
2017-03-21,93.98080444335938,120.13999938964844,120.30000305175781,119.0199966430664,119.05000305175781,12540700
2017-03-22,94.3563461303711,120.62000274658203,121.16999816894531,120.43000030517578,120.72000122070312,11661400
2017-03-23,94.22335052490234,120.44999694824219,121.0199966430664,120.05999755859375,120.83000183105469,6746500
2017-03-24,94.55970001220703,120.87999725341797,121.0999984741211,120.4000015258789,120.52999877929688,5819600
2017-03-27,94.98993682861328,121.43000030517578,121.97000122070312,121.19000244140625,121.83000183105469,6878500
2017-03-28,94.3563461303711,120.62000274658203,121.81999969482422,120.48999786376953,121.79000091552734,6811200
2017-03-29,94.91952514648438,121.33999633789062,121.37999725341797,120.87999725341797,120.94000244140625,6291000
2017-03-30,94.1529541015625,120.36000061035156,121.08999633789062,120.31999969482422,121.06999969482422,7042400
2017-03-31,94.42671966552734,120.70999908447266,120.80999755859375,120.20999908447266,120.27999877929688,5144800
2017-04-03,95.37916564941406,121.66999816894531,121.87000274658203,120.4000015258789,120.44999694824219,12996500
2017-04-04,94.86183166503906,121.01000213623047,121.58999633789062,120.94999694824219,121.37000274658203,6976700
2017-04-05,95.1518325805664,121.37999725341797,121.5199966430664,120.36000061035156,120.55999755859375,8555200
2017-04-06,95.01075744628906,121.19999694824219,121.41000366210938,120.5199966430664,121.23999786376953,6497000
2017-04-07,94.6266098022461,120.70999908447266,122.25,120.69000244140625,121.83999633789062,10270000
2017-04-10,95.06564331054688,121.2699966430664,121.62000274658203,121.0,121.13999938964844,5314500
2017-04-11,95.9671401977539,122.41999816894531,122.6500015258789,121.72000122070312,121.80000305175781,11297400
2017-04-12,96.49234008789062,123.08999633789062,123.19000244140625,122.29000091552734,122.51000213623047,11532500
2017-04-13,96.79023742675781,123.47000122070312,123.73999786376953,122.91000366210938,123.44999694824219,8396700
2017-04-17,96.49234008789062,123.08999633789062,123.55000305175781,122.86000061035156,123.45999908447266,8015000
2017-04-18,97.75445556640625,124.69999694824219,124.9800033569336,123.55000305175781,123.86000061035156,11529700
2017-04-19,97.22138214111328,124.0199966430664,124.16999816894531,123.69999694824219,124.0999984741211,7344000
2017-04-20,96.84510040283203,123.54000091552734,123.91999816894531,123.13999938964844,123.5199966430664,7932900
2017-04-21,96.84510040283203,123.54000091552734,124.23999786376953,123.48999786376953,123.81999969482422,9798500
2017-04-24,96.36691284179688,122.93000030517578,123.16000366210938,122.45999908447266,122.55000305175781,8066400
2017-04-25,95.20674133300781,121.44999694824219,122.45999908447266,121.37999725341797,122.20999908447266,8122300
2017-04-26,95.7319564819336,122.12000274658203,122.13999938964844,121.43000030517578,121.5199966430664,5766200
2017-04-27,95.70059204101562,122.08000183105469,122.3499984741211,121.58000183105469,121.75,4978300
2017-04-28,95.91222381591797,122.3499984741211,122.44000244140625,121.55000305175781,121.5999984741211,8166300
2017-05-01,95.11493682861328,121.08000183105469,122.13999938964844,120.70999908447266,121.69000244140625,8795900
2017-05-02,95.60193634033203,121.69999694824219,121.77999877929688,120.94000244140625,120.97000122070312,6727800
2017-05-03,95.66478729248047,121.77999877929688,122.38999938964844,121.55000305175781,122.22000122070312,8932900
2017-05-04,95.19343566894531,121.18000030517578,121.22000122070312,120.66999816894531,121.01000213623047,9707200
2017-05-05,95.27989196777344,121.29000091552734,121.47000122070312,120.88999938964844,121.37999725341797,5605400
2017-05-08,94.76142120361328,120.62999725341797,121.13999938964844,120.52999877929688,121.11000061035156,8057800
2017-05-09,94.75357055664062,120.62000274658203,120.62999725341797,120.13999938964844,120.37999725341797,5536700
2017-05-10,94.64361572265625,120.4800033569336,121.05999755859375,120.16000366210938,120.91000366210938,6517000
2017-05-11,94.64361572265625,120.4800033569336,120.56999969482422,119.91000366210938,120.0,7479800
2017-05-12,95.35841369628906,121.38999938964844,121.48999786376953,120.9800033569336,121.01000213623047,7463900
2017-05-15,95.09921264648438,121.05999755859375,121.20999908447266,120.75,121.05999755859375,5173200
2017-05-16,95.4527359008789,121.51000213623047,121.88999938964844,121.11000061035156,121.11000061035156,6722700
2017-05-17,96.84312438964844,123.27999877929688,123.54000091552734,122.38999938964844,122.62999725341797,11236400
2017-05-18,96.95310974121094,123.41999816894531,123.94000244140625,123.19000244140625,123.75,8350500
2017-05-19,97.18091583251953,123.70999908447266,123.77999877929688,123.01000213623047,123.36000061035156,11277400
2017-05-22,96.91386413574219,123.37000274658203,123.55999755859375,123.26000213623047,123.41000366210938,4062900
2017-05-23,96.26182556152344,122.54000091552734,123.62000274658203,122.4800033569336,123.51000213623047,7901300
2017-05-24,96.80386352539062,123.2300033569336,123.26000213623047,122.54000091552734,122.80000305175781,7355200
2017-05-25,96.83529663085938,123.2699966430664,123.27999877929688,122.76000213623047,123.0199966430664,6464800
2017-05-26,97.000244140625,123.4800033569336,123.73999786376953,123.25,123.55000305175781,2963800
2017-05-30,97.47945404052734,124.08999633789062,124.13999938964844,123.73999786376953,124.02999877929688,4819400
2017-05-31,97.72293090820312,124.4000015258789,124.6500015258789,124.02999877929688,124.05000305175781,8000200
2017-06-01,97.7331771850586,124.1500015258789,124.19000244140625,123.66000366210938,123.69999694824219,9037300
2017-06-02,98.89038848876953,125.62000274658203,125.7699966430664,125.05000305175781,125.22000122070312,13245000
2017-06-05,98.27635192871094,124.83999633789062,125.16000366210938,124.77999877929688,124.9000015258789,6775500
2017-06-06,98.81168365478516,125.5199966430664,125.87000274658203,125.4000015258789,125.69000244140625,12841500
2017-06-07,98.33936309814453,124.91999816894531,125.5199966430664,124.79000091552734,125.23999786376953,12852400
2017-06-08,98.07954406738281,124.58999633789062,124.87999725341797,124.30000305175781,124.87999725341797,8758600
2017-06-09,97.92997741699219,124.4000015258789,124.63999938964844,123.9800033569336,124.08000183105469,5130500
2017-06-12,97.8985366821289,124.36000061035156,124.98999786376953,124.13999938964844,124.20999908447266,4335800
2017-06-13,97.91424560546875,124.37999725341797,124.5199966430664,123.98999786376953,124.01000213623047,4742600
2017-06-14,99.42571258544922,126.30000305175781,126.70999908447266,125.7300033569336,125.91999816894531,20212300
2017-06-15,99.26829528808594,126.0999984741211,126.33000183105469,125.83000183105469,126.08999633789062,5863700
2017-06-16,99.4650650024414,126.3499984741211,126.44000244140625,126.01000213623047,126.08000183105469,6672500
2017-06-19,99.32334899902344,126.16999816894531,126.4800033569336,126.02999877929688,126.31999969482422,5641300
2017-06-20,100.21293640136719,127.30000305175781,127.4000015258789,126.79000091552734,126.79000091552734,8405700
2017-06-21,100.41764068603516,127.55999755859375,127.63999938964844,126.91000366210938,127.11000061035156,5914800
2017-06-22,100.63804626464844,127.83999633789062,127.87000274658203,127.30999755859375,127.70999908447266,6608100
2017-06-23,100.5907974243164,127.77999877929688,127.9000015258789,127.4000015258789,127.47000122070312,4329900
2017-06-26,100.96864318847656,128.25999450683594,128.57000732421875,128.16000366210938,128.27000427246094,5541600
2017-06-27,99.89017486572266,126.88999938964844,127.48999786376953,126.62000274658203,127.43000030517578,8354200
2017-06-28,99.55952453613281,126.47000122070312,126.70999908447266,125.9800033569336,126.66999816894531,7357900
2017-06-29,98.72510528564453,125.41000366210938,125.72000122070312,124.9000015258789,125.01000213623047,9115800
2017-06-30,98.49676513671875,125.12000274658203,125.38999938964844,124.8499984741211,125.19000244140625,10189800
2017-07-03,98.17964172363281,124.45999908447266,125.04000091552734,124.0199966430664,125.0,11021100
2017-07-05,98.20330047607422,124.48999786376953,124.6500015258789,124.12000274658203,124.19999694824219,11394500
2017-07-06,97.39083862304688,123.45999908447266,123.63999938964844,122.93000030517578,123.5199966430664,10853100
2017-07-07,96.80709838867188,122.72000122070312,123.02999877929688,122.58999633789062,122.83999633789062,9401800
2017-07-10,96.9491195678711,122.9000015258789,123.0999984741211,122.68000030517578,122.87000274658203,3859200
2017-07-11,97.11474609375,123.11000061035156,123.33000183105469,122.70999908447266,122.86000061035156,4425600
2017-07-12,97.78524017333984,123.95999908447266,124.04000091552734,123.48999786376953,123.88999938964844,7839900
2017-07-13,97.169921875,123.18000030517578,123.6500015258789,122.80999755859375,123.5999984741211,7449300
2017-07-14,97.2883071899414,123.33000183105469,124.16000366210938,123.12000274658203,124.0999984741211,6566800
2017-07-17,97.55648040771484,123.66999816894531,123.98999786376953,123.2699966430664,123.33000183105469,4737300
2017-07-18,98.40840911865234,124.75,124.7699966430664,124.2300033569336,124.43000030517578,9163000
2017-07-19,98.44788360595703,124.80000305175781,125.01000213623047,124.58999633789062,124.77999877929688,5140900
2017-07-20,98.73189544677734,125.16000366210938,125.7300033569336,124.97000122070312,125.48999786376953,12239100
2017-07-21,99.14995574951172,125.69000244140625,126.02999877929688,125.56999969482422,125.7300033569336,6201500
2017-07-24,98.76338195800781,125.19999694824219,125.66000366210938,125.16000366210938,125.44999694824219,5378500
2017-07-25,97.47757720947266,123.56999969482422,124.19000244140625,123.47000122070312,124.13999938964844,9743300
2017-07-26,97.63539123535156,123.7699966430664,124.08999633789062,123.08000183105469,123.2699966430664,8459500
2017-07-27,97.15416717529297,123.16000366210938,123.37999725341797,122.81999969482422,123.11000061035156,6390800
2017-07-28,97.73004150390625,123.88999938964844,123.98999786376953,123.26000213623047,123.2699966430664,5491800
2017-07-31,97.8483657836914,124.04000091552734,124.05000305175781,123.4000015258789,123.45999908447266,5464600
2017-08-01,98.53538513183594,124.63999938964844,124.70999908447266,123.16000366210938,123.18000030517578,9676800
2017-08-02,98.5907211303711,124.70999908447266,125.16999816894531,124.68000030517578,124.7699966430664,5745600
2017-08-03,99.61051940917969,126.0,126.0199966430664,125.26000213623047,125.29000091552734,10324500
2017-08-04,98.76465606689453,124.93000030517578,125.18000030517578,124.44000244140625,125.1500015258789,8485500
2017-08-07,98.87529754638672,125.06999969482422,125.0999984741211,124.61000061035156,124.83999633789062,4684600
2017-08-08,98.51954650878906,124.62000274658203,124.9800033569336,124.1500015258789,124.87000274658203,6197400
2017-08-09,99.05712890625,125.30000305175781,125.94999694824219,125.19999694824219,125.93000030517578,9221800
2017-08-10,99.9030532836914,126.37000274658203,126.44000244140625,125.5199966430664,125.62000274658203,10378200
2017-08-11,99.9504623413086,126.43000030517578,126.45999908447266,125.55000305175781,125.7699966430664,5717800
2017-08-14,99.43658447265625,125.77999877929688,126.27999877929688,125.7300033569336,125.98999786376953,5111000
2017-08-15,99.01760864257812,125.25,125.54000091552734,124.70999908447266,124.7300033569336,7473200
2017-08-16,99.38124084472656,125.70999908447266,126.0199966430664,124.80999755859375,124.83000183105469,5283800
2017-08-17,100.1244125366211,126.6500015258789,126.68000030517578,125.51000213623047,125.69999694824219,9364700
2017-08-18,100.10065460205078,126.62000274658203,127.1500015258789,126.26000213623047,126.9800033569336,8382500
2017-08-21,100.34574890136719,126.93000030517578,127.0199966430664,126.5,126.7699966430664,7669800
2017-08-22,99.9583511352539,126.44000244140625,126.80999755859375,126.2699966430664,126.79000091552734,6140700
2017-08-23,100.63827514648438,127.30000305175781,127.30999755859375,126.76000213623047,127.04000091552734,7446400
2017-08-24,100.26669311523438,126.83000183105469,127.30999755859375,126.72000122070312,126.87999725341797,5569400
2017-08-25,100.654052734375,127.31999969482422,127.44999694824219,126.87000274658203,127.0199966430664,7303300
2017-08-28,100.59082794189453,127.23999786376953,127.38999938964844,126.7300033569336,126.91999816894531,4448500
2017-08-29,100.91494750976562,127.6500015258789,128.52000427246094,127.30999755859375,128.4600067138672,7659400
2017-08-30,100.88333892822266,127.61000061035156,127.73999786376953,127.33999633789062,127.45999908447266,4735200
2017-08-31,101.18370819091797,127.98999786376953,128.02999877929688,127.56999969482422,127.63999938964844,7978400
2017-09-01,100.40982818603516,126.75,127.33999633789062,126.43000030517578,127.30999755859375,14128600
2017-09-05,102.0020751953125,128.75999450683594,128.8000030517578,127.69000244140625,127.69000244140625,15215700
2017-09-06,101.3762435913086,127.97000122070312,129.0,127.73999786376953,128.72000122070312,9066400
2017-09-07,102.41399383544922,129.27999877929688,129.57000732421875,128.3300018310547,128.3300018310547,13618900
2017-09-08,102.19216918945312,129.0,129.16000366210938,128.57000732421875,129.11000061035156,9808500
2017-09-11,100.97224426269531,127.45999908447266,128.0500030517578,127.26000213623047,127.87000274658203,17856700
2017-09-12,100.44144439697266,126.79000091552734,127.08999633789062,126.52999877929688,127.05000305175781,7557400
2017-09-13,100.04536437988281,126.29000091552734,126.91999816894531,126.27999877929688,126.91000366210938,6740000
2017-09-14,100.45733642578125,126.80999755859375,126.83000183105469,126.33000183105469,126.37000274658203,6674500
2017-09-15,100.49691772460938,126.86000061035156,127.01000213623047,126.54000091552734,127.0,9769200
2017-09-18,99.91860961914062,126.12999725341797,126.56999969482422,125.83999633789062,126.5,6863000
2017-09-19,99.67305755615234,125.81999969482422,126.30999755859375,125.7300033569336,126.27999877929688,5554900
2017-09-20,99.74434661865234,125.91000366210938,126.05000305175781,125.33000183105469,125.97000122070312,8037000
2017-09-21,99.68888092041016,125.83999633789062,126.55999755859375,125.81999969482422,126.16000366210938,6147800
2017-09-22,99.97409057617188,126.19999694824219,126.7300033569336,126.05999755859375,126.5,5660700
2017-09-25,100.59989929199219,126.98999786376953,127.2699966430664,126.19999694824219,126.31999969482422,9679000
2017-09-26,100.417724609375,126.76000213623047,126.88999938964844,126.43000030517578,126.7699966430664,7251900
2017-09-27,98.90460205078125,124.8499984741211,125.30000305175781,124.61000061035156,124.87000274658203,12145700
2017-09-28,98.61154174804688,124.4800033569336,124.6500015258789,123.97000122070312,124.20999908447266,8883700
2017-09-29,98.83331298828125,124.76000213623047,125.02999877929688,124.2699966430664,124.76000213623047,11285500
2017-10-02,98.65235137939453,124.27999877929688,125.0,124.23999786376953,124.80999755859375,7860700
2017-10-03,98.7475814819336,124.4000015258789,124.51000213623047,123.91999816894531,123.91999816894531,6219800
2017-10-04,98.75550842285156,124.41000366210938,124.58999633789062,123.87999725341797,124.52999877929688,7447000
2017-10-05,98.38248443603516,123.94000244140625,124.30000305175781,123.69000244140625,124.2699966430664,8180300
2017-10-06,98.10462188720703,123.58999633789062,124.0999984741211,123.02999877929688,123.29000091552734,10375000
2017-10-09,98.4142074584961,123.9800033569336,124.05999755859375,123.63999938964844,123.77999877929688,3590900
2017-10-10,98.5729751586914,124.18000030517578,124.87000274658203,124.0199966430664,124.13999938964844,6666800
2017-10-11,98.76344299316406,124.41999816894531,124.66000366210938,124.26000213623047,124.56999969482422,4385900
2017-10-12,99.18416595458984,124.94999694824219,124.9800033569336,124.23999786376953,124.55000305175781,7141600
2017-10-13,99.89857482910156,125.8499984741211,125.94000244140625,125.16999816894531,125.58000183105469,7746900
2017-10-16,99.82711791992188,125.76000213623047,125.9000015258789,125.37999725341797,125.52999877929688,5737300
2017-10-17,99.95415496826172,125.91999816894531,126.08999633789062,125.38999938964844,125.38999938964844,4969600
2017-10-18,99.29532623291016,125.08999633789062,125.18000030517578,124.68000030517578,125.05000305175781,5943800
2017-10-19,99.46990966796875,125.30999755859375,126.01000213623047,125.2699966430664,125.73999786376953,8966500
2017-10-20,98.4142074584961,123.9800033569336,124.27999877929688,123.63999938964844,124.0,12326900
2017-10-23,98.58879089355469,124.19999694824219,124.48999786376953,124.0199966430664,124.16000366210938,6871100
2017-10-24,97.97761535644531,123.43000030517578,123.69000244140625,123.1500015258789,123.37000274658203,6842800
2017-10-25,97.50926208496094,122.83999633789062,122.9800033569336,122.41999816894531,122.52999877929688,9961400
2017-10-26,97.18384552001953,122.43000030517578,123.05999755859375,122.43000030517578,123.05999755859375,8179400
2017-10-27,97.82678985595703,123.23999786376953,123.33000183105469,122.75,122.94000244140625,10480900
2017-10-30,98.76344299316406,124.41999816894531,124.45999908447266,123.55999755859375,123.86000061035156,9051600
2017-10-31,98.79518127441406,124.45999908447266,124.66000366210938,124.4000015258789,124.52999877929688,4424300
2017-11-01,99.235107421875,124.75,125.13999938964844,124.30000305175781,124.3499984741211,8940400
2017-11-02,99.67263793945312,125.30000305175781,125.5199966430664,124.91999816894531,125.0,7222700
2017-11-03,99.943115234375,125.63999938964844,125.69999694824219,125.13999938964844,125.47000122070312,10984100
2017-11-06,100.31697082519531,126.11000061035156,126.22000122070312,125.72000122070312,125.93000030517578,6246700
2017-11-07,100.738525390625,126.63999938964844,126.77999877929688,126.12999725341797,126.2300033569336,6422700
2017-11-08,100.51577758789062,126.36000061035156,126.80000305175781,126.20999908447266,126.58999633789062,3356200
2017-11-09,100.22948455810547,126.0,126.23999786376953,125.55000305175781,125.87000274658203,6280400
2017-11-10,98.71805572509766,124.0999984741211,124.83999633789062,123.95999908447266,124.70999908447266,11981000
2017-11-13,98.92487335205078,124.36000061035156,124.80999755859375,124.30999755859375,124.80000305175781,5880800
2017-11-14,99.59307098388672,125.19999694824219,125.23999786376953,124.7699966430664,124.7699966430664,6195900
2017-11-15,100.67491149902344,126.55999755859375,126.66999816894531,125.63999938964844,126.05999755859375,9568200
2017-11-16,99.79989624023438,125.45999908447266,126.33000183105469,125.44999694824219,126.01000213623047,5894900
2017-11-17,100.53971862792969,126.38999938964844,126.44000244140625,125.95999908447266,126.06999969482422,6938800
2017-11-20,100.49987030029297,126.33999633789062,126.37999725341797,125.91000366210938,125.91000366210938,4232300
2017-11-21,100.81807708740234,126.73999786376953,127.29000091552734,126.30999755859375,127.08999633789062,5818400
2017-11-22,101.14422607421875,127.1500015258789,127.19999694824219,126.51000213623047,126.62000274658203,4140700
2017-11-24,100.86581420898438,126.80000305175781,127.02999877929688,126.69000244140625,126.93000030517578,3141400
2017-11-27,100.72264862060547,126.62000274658203,127.05000305175781,126.41999816894531,126.86000061035156,6079900
2017-11-28,100.85782623291016,126.79000091552734,127.18000030517578,126.47000122070312,126.7699966430664,5983000
2017-11-29,99.8635482788086,125.54000091552734,125.68000030517578,125.0999984741211,125.55999755859375,14547100
2017-11-30,99.52941131591797,125.12000274658203,125.5199966430664,124.44000244140625,125.30999755859375,9630000
2017-12-01,100.87255096435547,126.55000305175781,127.69000244140625,125.0999984741211,125.87000274658203,24583100
2017-12-04,100.92037200927734,126.61000061035156,126.66999816894531,125.80999755859375,125.91999816894531,9609200
2017-12-05,101.42253875732422,127.23999786376953,127.5,126.44999694824219,126.47000122070312,10958900
2017-12-06,101.77324676513672,127.68000030517578,128.22999572753906,127.66000366210938,127.87000274658203,11834200
2017-12-07,100.97615814208984,126.68000030517578,128.10000610351562,126.30000305175781,127.93000030517578,13056800
2017-12-08,100.984130859375,126.69000244140625,126.73999786376953,126.23999786376953,126.58999633789062,4786100
2017-12-11,100.77690124511719,126.43000030517578,127.08999633789062,126.41000366210938,126.86000061035156,3863800
2017-12-12,100.73704528808594,126.37999725341797,126.41000366210938,125.66999816894531,126.16999816894531,7502400
2017-12-13,101.49427032470703,127.33000183105469,127.38999938964844,126.58999633789062,126.80999755859375,8532900
2017-12-14,101.92469024658203,127.87000274658203,127.9800033569336,126.79000091552734,127.05000305175781,6885000
2017-12-15,102.30734252929688,128.35000610351562,128.58999633789062,127.55999755859375,127.80999755859375,7239400
2017-12-18,101.37471008300781,127.18000030517578,128.0,126.91000366210938,127.97000122070312,7239700
2017-12-19,100.05953979492188,125.52999877929688,126.37999725341797,125.06999969482422,126.31999969482422,11045800
2017-12-20,98.95155334472656,124.13999938964844,124.70999908447266,123.94999694824219,124.30999755859375,10005800
2017-12-21,99.52825164794922,124.5999984741211,124.86000061035156,124.0,124.02999877929688,7026900
2017-12-22,99.66407012939453,124.7699966430664,124.83999633789062,124.52999877929688,124.69999694824219,3974300
2017-12-26,99.95962524414062,125.13999938964844,125.52999877929688,124.97000122070312,124.9800033569336,3168400
2017-12-27,101.26164245605469,126.7699966430664,126.9800033569336,125.69999694824219,125.70999908447266,9059700
2017-12-28,101.17377471923828,126.66000366210938,126.83000183105469,126.37000274658203,126.52999877929688,5297100
2017-12-29,101.33349609375,126.86000061035156,127.12000274658203,126.4800033569336,126.5,7580500
2018-01-02,100.23919677734375,125.48999786376953,126.51000213623047,125.06999969482422,126.48999786376953,16238200
2018-01-03,100.71845245361328,126.08999633789062,126.19999694824219,125.48999786376953,126.0,8605100
2018-01-04,100.70246887207031,126.06999969482422,126.16000366210938,125.37000274658203,125.6500015258789,9217900
2018-01-05,100.4149169921875,125.70999908447266,126.18000030517578,125.36000061035156,125.87000274658203,10915400
2018-01-08,100.35102844238281,125.62999725341797,126.02999877929688,125.16999816894531,125.98999786376953,8850600
2018-01-09,99.00908660888672,123.94999694824219,124.83000183105469,123.80999755859375,124.80999755859375,16226400
2018-01-10,98.8892593383789,123.80000305175781,123.93000030517578,122.66000366210938,122.80999755859375,14302600
2018-01-11,99.29662322998047,124.30999755859375,124.58999633789062,123.30999755859375,123.51000213623047,12511000
2018-01-12,99.46438598632812,124.5199966430664,124.79000091552734,123.91000366210938,124.0999984741211,9987100
2018-01-16,99.87975311279297,125.04000091552734,125.27999877929688,124.55999755859375,125.16999816894531,9125900
2018-01-17,99.74394226074219,124.87000274658203,125.63999938964844,124.5999984741211,125.08000183105469,8327000
2018-01-18,98.81734466552734,123.70999908447266,124.2699966430664,123.54000091552734,123.93000030517578,10843900
2018-01-19,98.29811096191406,123.05999755859375,123.55999755859375,122.9800033569336,123.4000015258789,11374300
2018-01-22,98.39399719238281,123.18000030517578,123.70999908447266,122.98999786376953,123.44999694824219,8984700
2018-01-23,98.81734466552734,123.70999908447266,124.19999694824219,123.23999786376953,123.80999755859375,12325700
2018-01-24,98.28215026855469,123.04000091552734,123.12999725341797,122.54000091552734,122.8499984741211,9038900
2018-01-25,99.08893585205078,124.05000305175781,124.1500015258789,122.80000305175781,123.16000366210938,12173300
2018-01-26,98.72149658203125,123.58999633789062,123.91000366210938,123.0999984741211,123.87999725341797,6462900
2018-01-29,98.0345458984375,122.7300033569336,122.97000122070312,122.30000305175781,122.97000122070312,12223000
2018-01-30,97.45941925048828,122.01000213623047,122.37000274658203,121.69999694824219,122.27999877929688,12064400
2018-01-31,98.0345458984375,122.7300033569336,122.93000030517578,121.94000244140625,122.87000274658203,18045100
2018-02-01,96.61373138427734,120.69999694824219,122.52999877929688,120.62999725341797,122.4800033569336,18632800
2018-02-02,95.71726989746094,119.58000183105469,120.26000213623047,119.23999786376953,120.1500015258789,23944400
2018-02-05,96.6217269897461,120.70999908447266,121.81999969482422,118.63999938964844,119.16999816894531,28606200
2018-02-06,96.02143096923828,119.95999908447266,120.87000274658203,119.72000122070312,120.41999816894531,10935400
2018-02-07,95.10894012451172,118.81999969482422,120.33000183105469,118.55999755859375,120.12999725341797,16271100
2018-02-08,95.00483703613281,118.69000244140625,119.18000030517578,117.8499984741211,118.01000213623047,15155100
2018-02-09,94.40447998046875,117.94000244140625,119.08999633789062,117.79000091552734,118.11000061035156,15661600
2018-02-12,94.82071685791016,118.45999908447266,119.30000305175781,118.19000244140625,118.55999755859375,10944600
2018-02-13,95.2449951171875,118.98999786376953,119.01000213623047,118.38999938964844,118.61000061035156,8157600
2018-02-14,94.18838500976562,117.66999816894531,118.54000091552734,117.47000122070312,118.45999908447266,12043300
2018-02-15,94.50858306884766,118.06999969482422,118.80000305175781,117.98999786376953,118.19000244140625,8222400
2018-02-16,95.0208511352539,118.70999908447266,119.20999908447266,118.33999633789062,119.04000091552734,8454100
2018-02-20,94.60462188720703,118.19000244140625,118.51000213623047,117.77999877929688,118.27999877929688,8268800
2018-02-21,93.44398498535156,116.73999786376953,118.29000091552734,116.51000213623047,118.23999786376953,12054300
2018-02-22,93.7241439819336,117.08999633789062,117.66000366210938,117.0,117.23999786376953,9317900
2018-02-23,94.55660247802734,118.12999725341797,118.30999755859375,117.72000122070312,117.87999725341797,9072900
2018-02-26,94.58863830566406,118.16999816894531,118.91000366210938,118.04000091552734,118.68000030517578,8771600
2018-02-27,94.45256042480469,118.0,118.66000366210938,117.26000213623047,118.5199966430664,12525700
2018-02-28,95.05290222167969,118.75,118.83000183105469,118.25,118.47000122070312,9311600
2018-03-01,95.70173645019531,119.31999969482422,119.62000274658203,118.1500015258789,118.43000030517578,12287700
2018-03-02,94.92377471923828,118.3499984741211,118.93000030517578,118.12000274658203,118.8499984741211,10064300
2018-03-05,94.66706085205078,118.02999877929688,118.80000305175781,117.62999725341797,118.75,5658200
2018-03-06,94.75537109375,118.13999938964844,118.68000030517578,118.12000274658203,118.36000061035156,5452000
2018-03-07,94.65103149414062,118.01000213623047,118.68000030517578,117.95999908447266,118.56999969482422,4461800
2018-03-08,95.19644927978516,118.69000244140625,118.98999786376953,118.26000213623047,118.30999755859375,7086700
2018-03-09,94.57084655761719,117.91000366210938,118.2699966430664,117.58999633789062,117.98999786376953,6570400
2018-03-12,95.11626434326172,118.58999633789062,118.66000366210938,118.19000244140625,118.30999755859375,5801300
2018-03-13,95.59749603271484,119.19000244140625,119.37000274658203,118.19000244140625,118.30999755859375,7455300
2018-03-14,96.43961334228516,120.23999786376953,120.4000015258789,119.37000274658203,119.4000015258789,10175000
2018-03-15,96.43961334228516,120.23999786376953,120.48999786376953,119.93000030517578,120.16999816894531,6757900
2018-03-16,96.09475708007812,119.80999755859375,120.01000213623047,119.55000305175781,119.80000305175781,6084300
2018-03-19,95.78997039794922,119.43000030517578,119.97000122070312,119.19999694824219,119.20999908447266,8491200
2018-03-20,95.40496063232422,118.94999694824219,119.22000122070312,118.83000183105469,118.91000366210938,5446000
2018-03-21,95.5092544555664,119.08000183105469,119.41999816894531,118.11000061035156,118.66000366210938,9742400
2018-03-22,96.45569610595703,120.26000213623047,120.81999969482422,119.66999816894531,120.30999755859375,12136600
2018-03-23,96.383544921875,120.16999816894531,120.30999755859375,119.62000274658203,119.68000030517578,7250400
2018-03-26,96.01453399658203,119.70999908447266,120.44999694824219,119.66999816894531,120.0,8237900
2018-03-27,97.04116821289062,120.98999786376953,121.12000274658203,119.80999755859375,119.83000183105469,9168500
2018-03-28,97.29783630371094,121.30999755859375,121.63999938964844,120.94999694824219,121.44999694824219,7412500
2018-03-29,97.77103424072266,121.9000015258789,122.29000091552734,121.51000213623047,121.54000091552734,9694300
2018-04-02,97.96398162841797,121.87999725341797,122.36000061035156,121.16000366210938,121.3499984741211,12036500
2018-04-03,97.20838928222656,120.94000244140625,121.4800033569336,120.83000183105469,121.36000061035156,9855000
2018-04-04,97.00748443603516,120.69000244140625,121.45999908447266,120.5999984741211,121.3499984741211,6654300
2018-04-05,96.28409576416016,119.79000091552734,120.2699966430664,119.7699966430664,120.0999984741211,7603700
2018-04-06,97.3370132446289,121.0999984741211,121.1500015258789,120.22000122070312,120.66000366210938,8831200
2018-04-09,97.49776458740234,121.30000305175781,121.30000305175781,120.3499984741211,120.63999938964844,6307500
2018-04-10,97.3209228515625,121.08000183105469,121.37999725341797,120.77999877929688,121.19999694824219,6046000
2018-04-11,97.66659545898438,121.51000213623047,121.88999938964844,121.2699966430664,121.8499984741211,5901300
2018-04-12,96.95121002197266,120.62000274658203,121.06999969482422,120.41000366210938,121.04000091552734,6622800
2018-04-13,97.17625427246094,120.9000015258789,121.12999725341797,120.5,120.5199966430664,4964000
2018-04-16,97.20838928222656,120.94000244140625,120.97000122070312,120.18000030517578,120.2300033569336,4491300
2018-04-17,97.47366333007812,121.2699966430664,121.58000183105469,120.81999969482422,120.91999816894531,5590400
2018-04-18,96.69403076171875,120.30000305175781,121.33999633789062,120.27999877929688,121.29000091552734,8138400
2018-04-19,95.90628814697266,119.31999969482422,119.52999877929688,118.80999755859375,119.41999816894531,9875800
2018-04-20,95.2150650024414,118.45999908447266,119.12999725341797,118.43000030517578,118.88999938964844,7579400
2018-04-23,95.2391586303711,118.48999786376953,118.62000274658203,118.08000183105469,118.33000183105469,7073200
2018-04-24,94.80512237548828,117.94999694824219,118.44999694824219,117.76000213623047,118.20999908447266,8190800
2018-04-25,94.17018127441406,117.16000366210938,117.6500015258789,116.94000244140625,117.41000366210938,6603800
2018-04-26,94.82923889160156,117.9800033569336,118.12999725341797,117.58999633789062,117.7300033569336,6528600
2018-04-27,95.56068420410156,118.88999938964844,118.94999694824219,118.44000244140625,118.47000122070312,5401800
2018-04-30,95.72947692871094,119.0999984741211,119.55999755859375,118.94000244140625,119.08000183105469,8321100
2018-05-01,95.38471221923828,118.41000366210938,118.83999633789062,118.2300033569336,118.7699966430664,7979200
2018-05-02,95.27998352050781,118.27999877929688,118.87000274658203,118.26000213623047,118.63999938964844,4644000
2018-05-03,95.70691680908203,118.80999755859375,119.30999755859375,118.68000030517578,118.83999633789062,6345300
2018-05-04,95.85189819335938,118.98999786376953,119.2300033569336,118.48999786376953,119.2300033569336,4283500
2018-05-07,95.69888305664062,118.80000305175781,119.0199966430664,118.73999786376953,118.97000122070312,3647800
2018-05-08,95.6102523803711,118.69000244140625,119.0,118.30000305175781,118.55000305175781,6091200
2018-05-09,95.03829956054688,117.9800033569336,118.41999816894531,117.9800033569336,118.12000274658203,7832500
2018-05-10,95.80360412597656,118.93000030517578,118.9800033569336,118.3499984741211,118.55000305175781,7101500
2018-05-11,96.04527282714844,119.2300033569336,119.36000061035156,118.81999969482422,119.31999969482422,4273400
2018-05-14,95.53780364990234,118.5999984741211,118.98999786376953,118.58999633789062,118.80000305175781,4996200
2018-05-15,94.45027160644531,117.25,117.58000183105469,116.69999694824219,117.55999755859375,12901000
2018-05-16,94.08778381347656,116.80000305175781,117.52999877929688,116.79000091552734,117.41999816894531,6518000
2018-05-17,93.61249542236328,116.20999908447266,116.81999969482422,116.08999633789062,116.62999725341797,7330300
2018-05-18,94.41803741455078,117.20999908447266,117.29000091552734,116.51000213623047,116.51000213623047,9606500
2018-05-21,94.46638488769531,117.2699966430664,117.37999725341797,116.94999694824219,117.12999725341797,4448500
2018-05-22,94.32140350341797,117.08999633789062,117.3499984741211,116.8499984741211,117.29000091552734,4700700
2018-05-23,95.006103515625,117.94000244140625,118.11000061035156,117.66000366210938,117.75,9634000
2018-05-24,95.76329040527344,118.87999725341797,119.05999755859375,118.63999938964844,118.69000244140625,8204100
2018-05-25,96.35942077636719,119.62000274658203,119.83999633789062,119.47000122070312,119.55999755859375,8482800
2018-05-29,98.46995544433594,122.23999786376953,122.5199966430664,120.43000030517578,120.79000091552734,21668100
2018-05-30,97.80937957763672,121.41999816894531,121.4800033569336,120.73999786376953,121.0,11616300
2018-05-31,97.64824676513672,121.22000122070312,121.9800033569336,120.94999694824219,121.55999755859375,10769900
2018-06-01,97.13233184814453,120.30000305175781,120.70999908447266,119.8499984741211,120.16999816894531,8718800
2018-06-04,96.4299087524414,119.43000030517578,120.13999938964844,119.37000274658203,120.11000061035156,7156500
2018-06-05,96.65595245361328,119.70999908447266,120.16000366210938,119.62000274658203,119.95999908447266,5635900
2018-06-06,95.8727798461914,118.73999786376953,119.0999984741211,118.41999816894531,119.08000183105469,7813300
2018-06-07,96.80131530761719,119.88999938964844,120.48999786376953,118.68000030517578,118.69000244140625,13238300
2018-06-08,96.5106201171875,119.52999877929688,119.8499984741211,119.44000244140625,119.55999755859375,6790600
2018-06-11,96.33297729492188,119.30999755859375,119.38999938964844,118.94000244140625,119.06999969482422,6844200
2018-06-12,96.35722351074219,119.33999633789062,119.45999908447266,118.88999938964844,118.93000030517578,6048200
2018-06-13,96.30876922607422,119.27999877929688,119.63999938964844,118.62999725341797,119.44999694824219,8834700
2018-06-14,97.10811614990234,120.2699966430664,120.30000305175781,119.4800033569336,119.77999877929688,10078800
2018-06-15,97.1969223022461,120.37999725341797,121.08999633789062,120.30000305175781,120.83000183105469,7992800
2018-06-18,97.10811614990234,120.2699966430664,120.55999755859375,120.04000091552734,120.4800033569336,4893700
2018-06-19,97.6733169555664,120.97000122070312,121.2300033569336,120.69999694824219,120.97000122070312,6133300
2018-06-20,96.81744384765625,119.91000366210938,120.79000091552734,119.9000015258789,120.7699966430664,6879100
2018-06-21,97.32611846923828,120.54000091552734,120.75,120.22000122070312,120.36000061035156,7235800
2018-06-22,97.31800842285156,120.52999877929688,120.62000274658203,120.05999755859375,120.08999633789062,4082500
2018-06-25,97.53607940673828,120.80000305175781,121.11000061035156,120.63999938964844,120.66000366210938,8363700
2018-06-26,97.6733169555664,120.97000122070312,121.02999877929688,120.66000366210938,120.7699966430664,5450000
2018-06-27,98.59379577636719,122.11000061035156,122.18000030517578,121.55000305175781,121.75,8173400
2018-06-28,98.61796569824219,122.13999938964844,122.25,121.83000183105469,122.12999725341797,7109500
2018-06-29,98.27888488769531,121.72000122070312,122.5,121.6500015258789,122.16999816894531,11164700
2018-07-02,98.20198822021484,121.3499984741211,121.75,121.29000091552734,121.73999786376953,9662000
2018-07-03,98.72802734375,122.0,122.02999877929688,121.52999877929688,121.52999877929688,3808800
2018-07-05,99.01126098632812,122.3499984741211,122.52999877929688,122.01000213623047,122.05999755859375,3860400
2018-07-06,99.33493041992188,122.75,122.91999816894531,122.4800033569336,122.75,4679900
2018-07-09,98.69564819335938,121.95999908447266,122.20999908447266,121.9000015258789,122.06999969482422,5952700
2018-07-10,98.68753814697266,121.94999694824219,122.12999725341797,121.80999755859375,121.87000274658203,5759700
2018-07-11,99.0678939819336,122.41999816894531,122.55000305175781,122.08999633789062,122.44999694824219,6869100
2018-07-12,99.05980682373047,122.41000366210938,122.47000122070312,122.13999938964844,122.16999816894531,4824700
2018-07-13,99.3106689453125,122.72000122070312,122.87000274658203,122.47000122070312,122.61000061035156,4079000
2018-07-16,98.89791107177734,122.20999908447266,122.29000091552734,121.63999938964844,122.20999908447266,5517100
2018-07-17,98.71185302734375,121.9800033569336,122.38999938964844,121.9000015258789,122.29000091552734,3764300
2018-07-18,98.31526947021484,121.48999786376953,122.04000091552734,121.38999938964844,122.0199966430664,6330000
2018-07-19,98.93842315673828,122.26000213623047,122.44999694824219,121.7699966430664,121.80000305175781,6166700
2018-07-20,97.72453308105469,120.76000213623047,121.58999633789062,120.69999694824219,121.58000183105469,10469500
2018-07-23,96.51876831054688,119.2699966430664,120.37999725341797,119.18000030517578,120.37999725341797,11571800
2018-07-24,96.85053253173828,119.68000030517578,119.81999969482422,119.13999938964844,119.27999877929688,9053500
2018-07-25,96.69681549072266,119.48999786376953,120.26000213623047,119.26000213623047,120.0199966430664,7357900
2018-07-26,96.51065826416016,119.26000213623047,119.87999725341797,119.16000366210938,119.70999908447266,6821100
2018-07-27,96.67251586914062,119.45999908447266,119.87000274658203,119.4000015258789,119.8499984741211,4542000
2018-07-30,96.34073638916016,119.05000305175781,119.41000366210938,118.97000122070312,118.98999786376953,7111200
2018-07-31,96.8667221069336,119.69999694824219,119.86000061035156,119.55999755859375,119.79000091552734,6797400
2018-08-01,96.07760620117188,118.45999908447266,118.83999633789062,118.06999969482422,118.29000091552734,13312600
2018-08-02,96.2154769897461,118.62999725341797,118.73999786376953,118.30000305175781,118.62000274658203,4451100
2018-08-03,96.69401550292969,119.22000122070312,119.29000091552734,118.80999755859375,118.83000183105469,6162400
2018-08-06,96.75078582763672,119.29000091552734,119.83999633789062,119.2699966430664,119.54000091552734,4200200
2018-08-07,96.24790954589844,118.66999816894531,119.0999984741211,118.56999969482422,119.02999877929688,5346900
2018-08-08,96.34524536132812,118.79000091552734,119.02999877929688,118.61000061035156,118.66000366210938,5640900
2018-08-09,97.15628051757812,119.79000091552734,119.83000183105469,119.12000274658203,119.2300033569336,7144100
2018-08-10,97.8619155883789,120.66000366210938,121.05000305175781,120.27999877929688,120.37000274658203,8457900
2018-08-13,97.65913391113281,120.41000366210938,120.69999694824219,120.20999908447266,120.25,7923200
2018-08-14,97.44021606445312,120.13999938964844,120.55999755859375,120.02999877929688,120.54000091552734,4251200
2018-08-15,98.00788879394531,120.83999633789062,121.12999725341797,120.56999969482422,120.66000366210938,7649800
2018-08-16,97.999755859375,120.83000183105469,120.93000030517578,120.27999877929688,120.80999755859375,5400400
2018-08-17,98.12142944335938,120.9800033569336,121.38999938964844,120.75,121.08999633789062,3537600
2018-08-20,98.77838134765625,121.79000091552734,121.91000366210938,121.54000091552734,121.63999938964844,5603700
2018-08-21,98.44585418701172,121.37999725341797,121.52999877929688,121.06999969482422,121.37000274658203,4695000
2018-08-22,98.835205078125,121.86000061035156,122.05000305175781,121.58000183105469,122.0,5309600
2018-08-23,98.98924255371094,122.05000305175781,122.12999725341797,121.77999877929688,122.0,5328700
2018-08-24,99.18388366699219,122.29000091552734,122.33000183105469,121.48999786376953,121.62000274658203,6092200
2018-08-27,98.6162109375,121.58999633789062,121.87000274658203,121.5199966430664,121.77999877929688,6407400
2018-08-28,98.02411651611328,120.86000061035156,121.08999633789062,120.68000030517578,121.0,4929300
2018-08-29,98.15386962890625,121.0199966430664,121.1500015258789,120.62000274658203,120.94000244140625,5613300
2018-08-30,98.36479187011719,121.27999877929688,121.45999908447266,121.08000183105469,121.30999755859375,5302900
2018-08-31,98.13766479492188,121.0,121.91999816894531,120.88999938964844,121.88999938964844,9677500
2018-09-04,97.57025909423828,120.02999877929688,120.0999984741211,119.75,119.95999908447266,18343600
2018-09-05,97.31018829345703,119.70999908447266,119.9000015258789,119.55000305175781,119.76000213623047,9422600
2018-09-06,97.66783905029297,120.1500015258789,120.4000015258789,119.69000244140625,119.76000213623047,9566000
2018-09-07,96.83867645263672,119.12999725341797,119.4000015258789,118.98999786376953,119.33000183105469,11212600
2018-09-10,97.19635772705078,119.56999969482422,119.5999984741211,119.16999816894531,119.16999816894531,6386400
2018-09-11,96.45662689208984,118.66000366210938,119.16999816894531,118.5999984741211,119.08000183105469,5440000
2018-09-12,96.6842269897461,118.94000244140625,119.16999816894531,118.9000015258789,119.05000305175781,3347200
2018-09-13,96.8305435180664,119.12000274658203,119.56999969482422,118.9800033569336,119.33999633789062,4833000
2018-09-14,96.3671875,118.55000305175781,118.91000366210938,118.30000305175781,118.41000366210938,5579500
2018-09-17,96.3671875,118.55000305175781,118.81999969482422,118.12000274658203,118.18000030517578,5433000
2018-09-18,95.35920715332031,117.30999755859375,118.06999969482422,117.16000366210938,118.05999755859375,10182300
2018-09-19,94.79022216796875,116.61000061035156,117.11000061035156,116.19000244140625,117.11000061035156,13379600
2018-09-20,95.22917175292969,117.1500015258789,117.30000305175781,116.47000122070312,116.58000183105469,8657300
2018-09-21,95.18852233886719,117.0999984741211,117.27999877929688,116.83999633789062,116.87000274658203,6173800
2018-09-24,94.94468688964844,116.80000305175781,117.2699966430664,116.72000122070312,116.73999786376953,5505500
2018-09-25,94.84713745117188,116.68000030517578,116.73999786376953,116.4000015258789,116.4800033569336,6650900
2018-09-26,95.51367950439453,117.5,117.58000183105469,116.66000366210938,116.93000030517578,9512700
2018-09-27,95.5787353515625,117.58000183105469,117.6500015258789,117.0999984741211,117.23999786376953,5758500
2018-09-28,95.32673645019531,117.2699966430664,117.91000366210938,117.22000122070312,117.8499984741211,12807700
2018-10-01,94.62689208984375,116.1500015258789,116.83000183105469,116.12000274658203,116.66000366210938,22442400
2018-10-02,95.20533752441406,116.86000061035156,117.12999725341797,116.5999984741211,116.66999816894531,8266900
2018-10-03,93.55154418945312,114.83000183105469,116.36000061035156,114.23999786376953,116.2699966430664,20829200
2018-10-04,92.89158630371094,114.0199966430664,114.38999938964844,113.70999908447266,114.12999725341797,16207400
2018-10-05,92.09320068359375,113.04000091552734,113.72000122070312,112.62000274658203,113.38999938964844,18096500
2018-10-08,91.78363037109375,112.66000366210938,113.11000061035156,112.63999938964844,112.98999786376953,5855900
2018-10-09,92.71235656738281,113.80000305175781,113.8499984741211,113.06999969482422,113.13999938964844,11530800
2018-10-10,92.45983123779297,113.48999786376953,113.58000183105469,112.79000091552734,113.13999938964844,15290100
2018-10-11,93.58409118652344,114.87000274658203,115.1500015258789,113.79000091552734,114.0,16086800
2018-10-12,93.25823211669922,114.47000122070312,115.01000213623047,114.27999877929688,114.38999938964844,6794100
2018-10-15,93.21743774414062,114.41999816894531,114.81999969482422,114.29000091552734,114.66000366210938,7146300
2018-10-16,93.42924499511719,114.68000030517578,114.72000122070312,114.16000366210938,114.38999938964844,4762300
2018-10-17,92.87529754638672,114.0,114.79000091552734,113.9800033569336,114.66000366210938,5880700
2018-10-18,92.84272003173828,113.95999908447266,114.38999938964844,113.55000305175781,113.62000274658203,5728800
2018-10-19,92.63904571533203,113.70999908447266,113.94999694824219,113.41000366210938,113.8499984741211,10892400
2018-10-22,92.51683044433594,113.55999755859375,114.08000183105469,113.52999877929688,113.94999694824219,3244200
2018-10-23,92.81009674072266,113.91999816894531,115.0199966430664,113.83999633789062,114.76000213623047,10330700
2018-10-24,93.51074981689453,114.77999877929688,114.81999969482422,114.23999786376953,114.36000061035156,16008000
2018-10-25,93.1197280883789,114.30000305175781,114.73999786376953,114.2300033569336,114.54000091552734,12613200
2018-10-26,93.68181610107422,114.98999786376953,115.31999969482422,114.79000091552734,114.93000030517578,18582500
2018-10-29,93.47001647949219,114.7300033569336,115.0199966430664,114.26000213623047,114.83999633789062,7679900
2018-10-30,93.00564575195312,114.16000366210938,114.54000091552734,114.0199966430664,114.26000213623047,9939500
2018-10-31,92.53313446044922,113.58000183105469,113.95999908447266,113.20999908447266,113.73999786376953,8706400
2018-11-01,92.61888885498047,113.41000366210938,113.55999755859375,112.83999633789062,112.8499984741211,6100200
2018-11-02,91.46737670898438,112.0,113.26000213623047,111.9000015258789,113.16999816894531,11314800
2018-11-05,91.82672882080078,112.44000244140625,112.70999908447266,112.3499984741211,112.4800033569336,4760200
2018-11-06,91.76953125,112.37000274658203,112.7300033569336,112.33000183105469,112.5999984741211,3159900
2018-11-07,91.89203643798828,112.5199966430664,113.4000015258789,112.41000366210938,113.19000244140625,9313100
2018-11-08,91.88387298583984,112.51000213623047,112.97000122070312,112.41000366210938,112.95999908447266,6905100
2018-11-09,92.5698471069336,113.3499984741211,113.5,112.72000122070312,112.75,6465300
2018-11-12,93.17420959472656,114.08999633789062,114.30999755859375,113.91000366210938,113.94999694824219,6840000
2018-11-13,93.11701202392578,114.0199966430664,114.0199966430664,113.4800033569336,113.70999908447266,6525800
2018-11-14,93.17420959472656,114.08999633789062,114.5199966430664,113.30000305175781,113.4800033569336,8690800
2018-11-15,93.13337707519531,114.04000091552734,114.54000091552734,113.68000030517578,114.44000244140625,7879600
2018-11-16,93.67237091064453,114.69999694824219,114.80999755859375,113.91999816894531,114.19999694824219,9236700
2018-11-19,93.9337158203125,115.0199966430664,115.0199966430664,114.41000366210938,114.41000366210938,7027200
2018-11-20,93.96640014648438,115.05999755859375,115.45999908447266,114.93000030517578,115.23999786376953,6332600
2018-11-21,93.9337158203125,115.0199966430664,115.08999633789062,114.54000091552734,114.88999938964844,4951100
2018-11-23,94.03170776367188,115.13999938964844,115.76000213623047,115.08999633789062,115.66999816894531,3027900
2018-11-26,93.8193588256836,114.87999725341797,115.05999755859375,114.77999877929688,114.86000061035156,6599000
2018-11-27,93.92556762695312,115.01000213623047,115.25,114.76000213623047,114.80999755859375,5967200
2018-11-28,93.46820068359375,114.44999694824219,115.0199966430664,114.36000061035156,114.8499984741211,7814000
2018-11-29,93.83573150634766,114.9000015258789,115.25,114.58999633789062,114.91999816894531,7295600
2018-11-30,94.18692016601562,115.33000183105469,115.41999816894531,114.9800033569336,115.30999755859375,9127800
2018-12-03,94.85562896728516,115.87999725341797,115.87999725341797,114.66000366210938,114.68000030517578,9763800
2018-12-04,96.44363403320312,117.81999969482422,118.66999816894531,116.62999725341797,116.80999755859375,18100500
2018-12-06,96.74656677246094,118.19000244140625,119.19999694824219,118.12999725341797,118.54000091552734,15319400
2018-12-07,96.9266586303711,118.41000366210938,118.52999877929688,117.5199966430664,117.80999755859375,8608400
2018-12-10,97.3277359008789,118.9000015258789,119.27999877929688,118.44000244140625,118.87000274658203,8777700
2018-12-11,97.3113784790039,118.87999725341797,119.37999725341797,118.61000061035156,118.97000122070312,8071900
2018-12-12,96.87749481201172,118.3499984741211,118.72000122070312,118.23999786376953,118.58000183105469,6182200
2018-12-13,96.6483154296875,118.06999969482422,118.58000183105469,117.9800033569336,118.45999908447266,5564200
2018-12-14,96.98393249511719,118.4800033569336,118.7699966430664,118.22000122070312,118.55000305175781,8169200
2018-12-17,97.54878997802734,119.16999816894531,119.30000305175781,118.58000183105469,118.58999633789062,9726800
2018-12-18,98.1329345703125,119.5999984741211,119.79000091552734,118.94000244140625,119.06999969482422,10018800
2018-12-19,99.42936706542969,121.18000030517578,121.66000366210938,119.91999816894531,120.11000061035156,23046300
2018-12-20,99.06831359863281,120.73999786376953,122.02999877929688,120.66999816894531,122.01000213623047,18543700
2018-12-21,99.05194091796875,120.72000122070312,121.20999908447266,120.38999938964844,121.13999938964844,9945100
2018-12-24,99.54425048828125,121.31999969482422,121.41999816894531,120.91000366210938,121.12999725341797,8377500
2018-12-26,98.4775619506836,120.0199966430664,121.38999938964844,119.97000122070312,120.98999786376953,11700400
2018-12-27,98.49398803710938,120.04000091552734,121.37999725341797,119.9800033569336,121.26000213623047,12146500
2018-12-28,99.32266998291016,121.05000305175781,121.05000305175781,120.29000091552734,120.4000015258789,9879100
2018-12-31,99.70014953613281,121.51000213623047,121.55999755859375,120.45999908447266,120.6500015258789,17409000
2019-01-02,100.22529602050781,122.1500015258789,122.16000366210938,121.33999633789062,121.66000366210938,19841500
2019-01-03,101.36579895019531,123.54000091552734,123.86000061035156,122.2300033569336,122.29000091552734,21187000
2019-01-04,100.19241333007812,122.11000061035156,122.55999755859375,121.6500015258789,122.33999633789062,12970200
2019-01-07,99.89703369140625,121.75,122.6500015258789,121.62000274658203,122.62000274658203,8498100
2019-01-08,99.63448333740234,121.43000030517578,121.94000244140625,121.38999938964844,121.69000244140625,7737100
2019-01-09,99.47859191894531,121.23999786376953,121.43000030517578,120.80000305175781,121.26000213623047,9349200
2019-01-10,98.838623046875,120.45999908447266,121.41000366210938,120.33999633789062,121.27999877929688,8222900
2019-01-11,99.22423553466797,120.93000030517578,121.2699966430664,120.68000030517578,120.83000183105469,5786900
2019-01-14,98.85502624511719,120.4800033569336,121.01000213623047,120.23999786376953,120.9000015258789,6730500
2019-01-15,98.49398803710938,120.04000091552734,120.56999969482422,119.94999694824219,120.55999755859375,8997400
2019-01-16,98.59246063232422,120.16000366210938,120.38999938964844,119.51000213623047,119.58999633789062,6048400
2019-01-17,98.61705780029297,120.19000244140625,120.52999877929688,119.88999938964844,120.22000122070312,8153400
2019-01-18,98.10013580322266,119.55999755859375,120.12000274658203,119.38999938964844,119.83999633789062,14106400
2019-01-22,98.76475524902344,120.37000274658203,120.72000122070312,120.06999969482422,120.30999755859375,8881100
2019-01-23,98.7237319946289,120.31999969482422,120.62000274658203,119.83000183105469,119.87999725341797,5776800
2019-01-24,99.37191772460938,121.11000061035156,121.26000213623047,120.70999908447266,120.91000366210938,7121900
2019-01-25,98.89599609375,120.52999877929688,120.75,120.31999969482422,120.58999633789062,6460800
2019-01-28,98.79754638671875,120.41000366210938,120.94000244140625,120.41000366210938,120.54000091552734,6435800
2019-01-29,99.2980728149414,121.0199966430664,121.04000091552734,120.38999938964844,120.52999877929688,5750100
2019-01-30,99.22423553466797,120.93000030517578,120.9800033569336,120.33000183105469,120.83999633789062,10571300
2019-01-31,100.07756042480469,121.97000122070312,122.18000030517578,121.5,121.55000305175781,11843400
2019-02-01,99.47312927246094,120.95999908447266,121.56999969482422,120.83999633789062,121.4800033569336,12024600
2019-02-04,99.02904510498047,120.41999816894531,120.55000305175781,120.0199966430664,120.44000244140625,8966200
2019-02-05,99.48136901855469,120.97000122070312,121.2300033569336,120.66000366210938,120.7300033569336,6983300
2019-02-06,99.53067016601562,121.02999877929688,121.41000366210938,120.7300033569336,121.36000061035156,5184000
2019-02-07,100.1885986328125,121.83000183105469,121.91000366210938,121.2300033569336,121.45999908447266,8781000
2019-02-08,100.61619567871094,122.3499984741211,122.47000122070312,122.06999969482422,122.26000213623047,5885400
2019-02-11,100.22147369384766,121.87000274658203,122.18000030517578,121.75,121.86000061035156,4352800
2019-02-12,99.9665756225586,121.55999755859375,121.75,121.19999694824219,121.66000366210938,7939600
2019-02-13,99.5882339477539,121.0999984741211,121.38999938964844,120.91000366210938,121.1500015258789,4757700
2019-02-14,100.15570831298828,121.79000091552734,122.19999694824219,121.58000183105469,122.13999938964844,5868900
2019-02-15,100.31195068359375,121.9800033569336,122.0199966430664,121.54000091552734,121.55999755859375,5527200
2019-02-19,100.56686401367188,122.29000091552734,122.54000091552734,121.94999694824219,122.41999816894531,5872800
2019-02-20,100.279052734375,121.94000244140625,122.08000183105469,121.58999633789062,121.94999694824219,4455800
2019-02-21,99.38267517089844,120.8499984741211,121.16000366210938,120.69999694824219,121.06999969482422,7382500
2019-02-22,99.97473907470703,121.56999969482422,121.94999694824219,121.41999816894531,121.47000122070312,6374600
2019-02-25,99.67869567871094,121.20999908447266,121.30000305175781,120.91999816894531,121.16999816894531,6293500
2019-02-26,100.1720962524414,121.80999755859375,121.81999969482422,121.36000061035156,121.7300033569336,6028900
2019-02-27,99.03726959228516,120.43000030517578,121.12999725341797,120.27999877929688,121.12000274658203,7737300
2019-02-28,98.70012664794922,120.0199966430664,120.62000274658203,119.70999908447266,120.55999755859375,9533400
2019-03-01,97.78781127929688,118.66000366210938,119.52999877929688,118.63999938964844,119.33000183105469,13541100
2019-03-04,98.55419921875,119.58999633789062,119.7699966430664,119.05999755859375,119.29000091552734,9808500
2019-03-05,98.76025390625,119.83999633789062,119.87000274658203,119.2699966430664,119.27999877929688,5595200
2019-03-06,99.12284851074219,120.27999877929688,120.5199966430664,119.88999938964844,119.91999816894531,7766700
2019-03-07,99.76565551757812,121.05999755859375,121.26000213623047,120.61000061035156,120.63999938964844,8187200
2019-03-08,100.18592834472656,121.56999969482422,121.69000244140625,120.8499984741211,121.12000274658203,7517600
2019-03-11,99.88923645019531,121.20999908447266,121.41999816894531,120.9800033569336,121.4000015258789,5157800
2019-03-12,100.5897445678711,122.05999755859375,122.2300033569336,121.26000213623047,121.30000305175781,6422300
2019-03-13,100.40025329589844,121.83000183105469,121.95999908447266,121.62000274658203,121.66000366210938,4386300
2019-03-14,99.67498016357422,120.94999694824219,121.76000213623047,120.91999816894531,121.69000244140625,8188400
2019-03-15,100.33426666259766,121.75,121.94999694824219,121.4000015258789,121.73999786376953,4302000
2019-03-18,100.2765884399414,121.68000030517578,121.87000274658203,121.5199966430664,121.56999969482422,3893300
2019-03-19,100.05410766601562,121.41000366210938,121.62000274658203,120.88999938964844,121.08999633789062,5220200
2019-03-20,101.1007308959961,122.68000030517578,122.8499984741211,121.7300033569336,121.73999786376953,10123700
2019-03-21,101.32323455810547,122.94999694824219,123.08999633789062,122.73999786376953,122.95999908447266,7182600
2019-03-22,102.897216796875,124.86000061035156,125.27999877929688,124.05999755859375,124.20999908447266,13077000
2019-03-25,103.06207275390625,125.05999755859375,125.94000244140625,124.51000213623047,124.80999755859375,9736300
2019-03-26,102.98792266845703,124.97000122070312,125.29000091552734,124.62000274658203,124.69999694824219,7502000
2019-03-27,103.93560791015625,126.12000274658203,126.33999633789062,125.30999755859375,125.41999816894531,14207200
2019-03-28,104.29818725585938,126.55999755859375,126.69000244140625,126.01000213623047,126.25,9143200
2019-03-29,104.19934844970703,126.44000244140625,126.47000122070312,125.63999938964844,125.68000030517578,10841400
2019-04-01,102.71931457519531,124.37000274658203,125.36000061035156,124.19000244140625,125.29000091552734,16501500
2019-04-02,102.90924072265625,124.5999984741211,124.73999786376953,124.25,124.4800033569336,9725000
2019-04-03,102.01730346679688,123.5199966430664,123.87000274658203,123.37000274658203,123.61000061035156,10407000
2019-04-04,102.30638885498047,123.87000274658203,123.88999938964844,123.44000244140625,123.5999984741211,7503400
2019-04-05,102.43849182128906,124.02999877929688,124.16999816894531,123.58000183105469,123.62000274658203,6321800
2019-04-08,102.07510375976562,123.58999633789062,123.94999694824219,123.5199966430664,123.83000183105469,4446400
2019-04-09,102.39717864990234,123.9800033569336,124.33999633789062,123.7699966430664,124.22000122070312,7020300
2019-04-10,102.64497375488281,124.27999877929688,124.5199966430664,124.0999984741211,124.2699966430664,7519900
2019-04-11,102.04203796386719,123.55000305175781,124.0199966430664,123.41000366210938,123.93000030517578,8679300
2019-04-12,101.31523895263672,122.66999816894531,123.05999755859375,122.62999725341797,122.88999938964844,7005500
2019-04-15,101.57127380371094,122.9800033569336,122.98999786376953,122.72000122070312,122.77999877929688,3070000
2019-04-16,100.935302734375,122.20999908447266,122.62999725341797,122.13999938964844,122.51000213623047,8927300
2019-04-17,100.97660064697266,122.26000213623047,122.56999969482422,122.11000061035156,122.12999725341797,6118500
2019-04-18,101.50518035888672,122.9000015258789,123.0999984741211,122.77999877929688,122.80999755859375,27589400
2019-04-22,101.01788330078125,122.30999755859375,122.56999969482422,122.23999786376953,122.47000122070312,6241200
2019-04-23,101.23261260986328,122.56999969482422,122.69999694824219,122.38999938964844,122.61000061035156,6239700
2019-04-24,102.05856323242188,123.56999969482422,123.58999633789062,123.08999633789062,123.11000061035156,7302000
2019-04-25,101.90985870361328,123.38999938964844,123.62000274658203,123.0999984741211,123.48999786376953,5380900
2019-04-26,102.25675964355469,123.80999755859375,124.0199966430664,123.63999938964844,123.9800033569336,5950700
2019-04-29,101.60427856445312,123.0199966430664,123.3499984741211,122.8499984741211,123.2300033569336,10246000
2019-04-30,102.12464904785156,123.6500015258789,123.73999786376953,122.93000030517578,122.94999694824219,7957400
2019-05-01,102.54590606689453,123.9000015258789,124.44999694824219,123.5999984741211,123.69000244140625,14371900
2019-05-02,102.05757141113281,123.30999755859375,123.80999755859375,123.04000091552734,123.68000030517578,6612800
2019-05-03,102.3472671508789,123.66000366210938,123.87999725341797,123.37000274658203,123.66000366210938,6191700
2019-05-06,102.62866973876953,124.0,124.37999725341797,123.93000030517578,124.30999755859375,4482500
2019-05-07,103.4149169921875,124.94999694824219,125.13999938964844,124.38999938964844,124.52999877929688,8984900
2019-05-08,102.968017578125,124.41000366210938,125.30000305175781,124.30000305175781,125.1500015258789,6907600
2019-05-09,103.39009094238281,124.91999816894531,125.30000305175781,124.30999755859375,125.11000061035156,9411900
2019-05-10,103.24939727783203,124.75,125.44999694824219,124.58999633789062,124.88999938964844,6037800
2019-05-13,104.06048583984375,125.7300033569336,125.93000030517578,125.25,125.4000015258789,10501600
2019-05-14,103.75425720214844,125.36000061035156,125.6500015258789,125.19999694824219,125.51000213623047,5690400
2019-05-15,104.39154815673828,126.12999725341797,126.2699966430664,125.7699966430664,126.20999908447266,9566300
2019-05-16,104.0439453125,125.70999908447266,125.83000183105469,125.52999877929688,125.80999755859375,7666400
2019-05-17,104.27569580078125,125.98999786376953,126.30000305175781,125.69000244140625,126.27999877929688,4747100
2019-05-20,104.06048583984375,125.7300033569336,126.37999725341797,125.6500015258789,126.12000274658203,6043100
2019-05-21,103.89498138427734,125.52999877929688,125.72000122070312,125.30000305175781,125.5999984741211,4021800
2019-05-22,104.49085998535156,126.25,126.33000183105469,125.72000122070312,125.7699966430664,5675300
2019-05-23,105.66614532470703,127.66999816894531,128.08999633789062,126.87999725341797,126.88999938964844,9743700
2019-05-24,105.75719451904297,127.77999877929688,127.77999877929688,127.38999938964844,127.55999755859375,4981900
2019-05-28,106.51860046386719,128.6999969482422,128.89999389648438,128.08999633789062,128.27000427246094,8098600
2019-05-29,106.8414077758789,129.08999633789062,129.89999389648438,129.0,129.6699981689453,13260600
2019-05-30,107.76009368896484,130.1999969482422,130.22999572753906,128.88999938964844,129.3300018310547,13024800
2019-05-31,109.10917663574219,131.8300018310547,131.89999389648438,130.80999755859375,130.89999389648438,18933600
2019-06-03,109.83899688720703,132.44000244140625,132.5800018310547,131.5500030517578,131.91000366210938,17822400
2019-06-04,108.58667755126953,130.92999267578125,131.75999450683594,130.5500030517578,131.38999938964844,14250000
2019-06-05,107.97293090820312,130.19000244140625,130.9499969482422,130.1199951171875,130.52000427246094,8815200
2019-06-06,108.32129669189453,130.61000061035156,131.58999633789062,130.32000732421875,130.97000122070312,9621100
2019-06-07,109.2584457397461,131.74000549316406,132.07000732421875,131.44000244140625,131.7899932861328,11378500
2019-06-10,108.23007202148438,130.5,130.6999969482422,130.32000732421875,130.67999267578125,8288700
2019-06-11,108.2963638305664,130.5800018310547,130.75999450683594,130.32000732421875,130.4199981689453,5115100
2019-06-12,108.3793716430664,130.67999267578125,130.75,130.3000030517578,130.38999938964844,5278700
2019-06-13,108.75251770019531,131.1300048828125,131.25,130.7899932861328,130.8000030517578,5560400
2019-06-14,109.02625274658203,131.4600067138672,131.7100067138672,131.08999633789062,131.10000610351562,5838800
2019-06-17,109.2169418334961,131.69000244140625,131.75999450683594,131.1300048828125,131.38999938964844,6046400
2019-06-18,109.764404296875,132.35000610351562,132.86000061035156,131.9499969482422,132.74000549316406,10320700
2019-06-19,109.9218978881836,132.5399932861328,132.72000122070312,131.5800018310547,131.86000061035156,11962500
2019-06-20,110.21221923828125,132.88999938964844,133.50999450683594,132.58999633789062,132.91000366210938,10721500
2019-06-21,109.00133514404297,131.42999267578125,132.52999877929688,131.3800048828125,132.50999450683594,14495000
2019-06-24,109.81411743164062,132.41000366210938,132.52999877929688,132.0800018310547,132.16000366210938,6378800
2019-06-25,110.1541748046875,132.82000732421875,133.08999633789062,132.72000122070312,132.7899932861328,9604600
2019-06-26,109.44915771484375,131.97000122070312,132.6999969482422,131.8800048828125,132.67999267578125,12766800
2019-06-27,110.22050476074219,132.89999389648438,133.08999633789062,131.99000549316406,132.30999755859375,9724200
2019-06-28,110.14579772949219,132.80999755859375,133.0800018310547,132.4499969482422,132.5800018310547,8149200
2019-07-01,109.88824462890625,132.24000549316406,132.75,131.58999633789062,132.57000732421875,14131200
2019-07-02,110.73577880859375,133.25999450683594,133.38999938964844,132.4600067138672,132.57000732421875,10494300
2019-07-03,111.52528381347656,134.2100067138672,134.2899932861328,133.50999450683594,133.52000427246094,5380300
2019-07-05,110.0461196899414,132.42999267578125,132.5500030517578,131.6699981689453,132.5399932861328,12180100
2019-07-08,110.1957015991211,132.61000061035156,133.22000122070312,132.61000061035156,133.0500030517578,6490000
2019-07-09,110.15418243408203,132.55999755859375,132.7100067138672,132.16000366210938,132.67999267578125,6215700
2019-07-10,109.54755401611328,131.8300018310547,132.44000244140625,131.50999450683594,132.35000610351562,9470000
2019-07-11,108.08503723144531,130.07000732421875,131.41000366210938,129.75999450683594,131.30999755859375,14126800
2019-07-12,108.20968627929688,130.22000122070312,130.4499969482422,129.67999267578125,129.9199981689453,6992000
2019-07-15,108.83290100097656,130.97000122070312,131.0500030517578,130.4499969482422,130.4499969482422,6055500
2019-07-16,108.50879669189453,130.5800018310547,130.60000610351562,129.9600067138672,130.1699981689453,6172700
2019-07-17,109.6805191040039,131.99000549316406,132.02000427246094,131.0500030517578,131.05999755859375,9662200
2019-07-18,109.6888198852539,132.0,132.32000732421875,131.24000549316406,131.47000122070312,5724900
2019-07-19,109.43118286132812,131.69000244140625,131.92999267578125,131.50999450683594,131.58999633789062,5804800
2019-07-22,109.63896179199219,131.94000244140625,132.49000549316406,131.74000549316406,132.47000122070312,5204100
2019-07-23,109.0406723022461,131.22000122070312,131.74000549316406,130.97000122070312,131.60000610351562,8108900
2019-07-24,109.51433563232422,131.7899932861328,131.89999389648438,131.47000122070312,131.60000610351562,6389700
2019-07-25,108.99079132080078,131.16000366210938,131.41000366210938,130.50999450683594,131.25,8893100
2019-07-26,109.2483901977539,131.47000122070312,131.77999877929688,131.25,131.6999969482422,6188400
2019-07-29,109.28160858154297,131.50999450683594,131.9499969482422,131.39999389648438,131.82000732421875,6231800
2019-07-30,109.54755401611328,131.8300018310547,132.10000610351562,131.42999267578125,132.0,5678500
2019-07-31,110.42837524414062,132.88999938964844,133.3300018310547,131.66000366210938,131.6999969482422,15798700
2019-08-01,112.62151336669922,135.25999450683594,135.38999938964844,133.25999450683594,133.38999938964844,26664800
2019-08-02,113.66230773925781,136.50999450683594,136.50999450683594,135.39999389648438,135.66000366210938,15143100
2019-08-05,115.6273193359375,138.8699951171875,138.88999938964844,137.66000366210938,138.13999938964844,18543000
2019-08-06,116.55158233642578,139.97999572753906,139.97999572753906,138.08999633789062,138.1999969482422,12747400
2019-08-07,116.59320831298828,140.02999877929688,143.05999755859375,139.77999877929688,142.39999389648438,32582000
2019-08-08,116.84294891357422,140.3300018310547,140.42999267578125,137.97999572753906,139.13999938964844,14746000
2019-08-09,116.60985565185547,140.0500030517578,141.5500030517578,139.8699951171875,140.6699981689453,10626000
2019-08-12,119.04108428955078,142.97000122070312,143.42999267578125,141.50999450683594,141.72000122070312,14094300
2019-08-13,118.63311004638672,142.47999572753906,143.91000366210938,141.9499969482422,143.80999755859375,15974900
2019-08-14,121.30582427978516,145.69000244140625,145.72999572753906,144.7100067138672,145.16000366210938,15068900
2019-08-15,122.65472412109375,147.30999755859375,148.60000610351562,145.5800018310547,145.9499969482422,23588700
2019-08-16,121.6722183227539,146.1300048828125,146.50999450683594,144.83999633789062,146.05999755859375,17150500
2019-08-19,119.9319839477539,144.0399932861328,144.66000366210938,143.50999450683594,143.57000732421875,13614700
2019-08-20,121.17262268066406,145.52999877929688,145.6199951171875,144.83999633789062,145.27999877929688,7451500
2019-08-21,120.364990234375,144.55999755859375,145.7899932861328,144.2899932861328,144.72000122070312,9372000
2019-08-22,119.56568145751953,143.60000610351562,144.6999969482422,143.47999572753906,144.0,13878800
2019-08-23,121.53067016601562,145.9600067138672,146.27000427246094,143.42999267578125,143.52000427246094,16191800
2019-08-26,121.03944396972656,145.3699951171875,146.2899932861328,145.2899932861328,145.8699951171875,12174500
2019-08-27,122.90446472167969,147.61000061035156,147.72000122070312,146.47999572753906,146.6300048828125,11332300
2019-08-28,123.0627670288086,147.8000030517578,148.89999389648438,147.66000366210938,148.77999877929688,10095900
2019-08-29,122.59644317626953,147.24000549316406,147.33999633789062,146.1300048828125,147.25,8884900
2019-08-30,122.62977600097656,147.27999877929688,147.47999572753906,146.36000061035156,146.61000061035156,13550800
2019-09-03,122.78829193115234,147.2100067138672,148.6699981689453,146.57000732421875,147.08999633789062,15660800
2019-09-04,122.97172546386719,147.42999267578125,147.6199951171875,146.47999572753906,146.52999877929688,7962200
2019-09-05,120.74467468261719,144.75999450683594,145.8000030517578,143.88999938964844,145.66000366210938,19382900
2019-09-06,121.60382080078125,145.7899932861328,146.02999877929688,145.0800018310547,145.25999450683594,9466400
2019-09-09,119.44342803955078,143.1999969482422,144.0,143.19000244140625,143.8300018310547,15862700
2019-09-10,117.34983825683594,140.69000244140625,143.2899932861328,140.66000366210938,142.83999633789062,13851400
2019-09-11,117.14134216308594,140.44000244140625,141.14999389648438,140.38999938964844,140.39999389648438,10941700
2019-09-12,116.37399291992188,139.52000427246094,141.8000030517578,139.05999755859375,141.5,19163300
2019-09-13,113.88835144042969,136.5399932861328,138.7100067138672,136.5399932861328,138.27999877929688,18922200
2019-09-16,115.33971405029297,138.27999877929688,138.57000732421875,137.25,137.8800048828125,10971600
2019-09-17,115.96529388427734,139.02999877929688,139.60000610351562,138.02000427246094,138.36000061035156,9081200
2019-09-18,116.45738983154297,139.6199951171875,140.66000366210938,139.52999877929688,139.92999267578125,10984600
2019-09-19,116.80770111083984,140.0399932861328,140.99000549316406,139.97000122070312,140.75999450683594,13176200
2019-09-20,118.35076141357422,141.88999938964844,141.97999572753906,140.44000244140625,140.77000427246094,11519800
2019-09-23,118.32576751708984,141.86000061035156,143.16000366210938,141.6999969482422,142.24000549316406,15246700
2019-09-24,119.75208282470703,143.57000732421875,143.85000610351562,142.41000366210938,142.4199981689453,12421600
2019-09-25,118.0005111694336,141.47000122070312,143.5500030517578,141.13999938964844,143.25999450683594,14147100
2019-09-26,118.75951385498047,142.3800048828125,142.99000549316406,141.89999389648438,142.27000427246094,9636500
2019-09-27,119.05144500732422,142.72999572753906,142.97999572753906,142.13999938964844,142.32000732421875,10386900
2019-09-30,119.34339141845703,143.0800018310547,143.08999633789062,141.83999633789062,141.8800048828125,8006900
2019-10-01,119.7027359008789,143.25999450683594,143.91000366210938,141.13999938964844,141.25999450683594,16613700
2019-10-02,119.99517822265625,143.61000061035156,144.27000427246094,143.24000549316406,143.4600067138672,12891500
2019-10-03,121.08973693847656,144.9199981689453,145.6699981689453,143.9199981689453,143.97999572753906,13470500
2019-10-04,121.98380279541016,145.99000549316406,146.02999877929688,145.1999969482422,145.35000610351562,11516200
2019-10-07,120.97272491455078,144.77999877929688,145.52999877929688,144.7100067138672,145.16000366210938,11013900
2019-10-08,121.29857635498047,145.1699981689453,145.92999267578125,144.6199951171875,145.82000732421875,14529700
2019-10-09,120.61339569091797,144.35000610351562,144.61000061035156,143.8000030517578,144.60000610351562,8608800
2019-10-10,118.8169937133789,142.1999969482422,143.17999267578125,141.72999572753906,143.1199951171875,15054200
2019-10-11,117.34640502929688,140.44000244140625,141.10000610351562,139.7100067138672,140.97999572753906,26294000
2019-10-14,118.19867706298828,141.4600067138672,141.50999450683594,141.0800018310547,141.47999572753906,5936900
2019-10-15,116.76983642578125,139.75,140.9499969482422,139.5500030517578,140.6699981689453,11832300
2019-10-16,116.9118881225586,139.9199981689453,140.05999755859375,139.35000610351562,139.63999938964844,7729500
2019-10-17,116.62775421142578,139.5800018310547,140.3800048828125,139.3000030517578,139.52000427246094,6219300
2019-10-18,116.62775421142578,139.5800018310547,140.22999572753906,139.4499969482422,139.80999755859375,6456100
2019-10-21,115.75048828125,138.52999877929688,138.99000549316406,138.22999572753906,138.57000732421875,8038000
2019-10-22,116.42729949951172,139.33999633789062,139.52999877929688,138.63999938964844,139.3800048828125,6683300
2019-10-23,116.54425811767578,139.47999572753906,140.30999755859375,139.36000061035156,140.02999877929688,5995400
2019-10-24,116.31023406982422,139.1999969482422,140.24000549316406,139.02999877929688,139.67999267578125,6161700
2019-10-25,115.74209594726562,138.52000427246094,139.5500030517578,138.30999755859375,139.52999877929688,5669800
2019-10-28,114.68924713134766,137.25999450683594,137.5800018310547,136.99000549316406,137.5800018310547,11402100
2019-10-29,114.76448059082031,137.35000610351562,137.74000549316406,137.1699981689453,137.6199951171875,5296600
2019-10-30,116.44403076171875,139.36000061035156,139.4499969482422,137.77000427246094,137.77000427246094,10914100
2019-10-31,118.01484680175781,141.24000549316406,141.67999267578125,140.42999267578125,140.47999572753906,15834100
2019-11-01,117.65154266357422,140.55999755859375,141.27000427246094,139.7899932861328,140.72999572753906,11425500
2019-11-04,116.10305786132812,138.7100067138672,139.13999938964844,138.52999877929688,138.97000122070312,11124300
2019-11-05,114.79730224609375,137.14999389648438,137.44000244140625,136.72999572753906,137.22000122070312,13493000
2019-11-06,115.49205017089844,137.97999572753906,138.41000366210938,137.33999633789062,138.02000427246094,9351900
2019-11-07,113.39949035644531,135.47999572753906,136.36000061035156,134.4499969482422,136.35000610351562,19209800
2019-11-08,112.92243194580078,134.91000366210938,135.9499969482422,134.77999877929688,135.14999389648438,10222900
2019-11-11,112.99774169921875,135.0,135.38999938964844,134.63999938964844,135.3800048828125,4577000
2019-11-12,113.51667022705078,135.6199951171875,135.9499969482422,134.7899932861328,135.27999877929688,5772900
2019-11-13,114.25324249267578,136.5,136.9600067138672,136.1699981689453,136.80999755859375,6672400
2019-11-14,115.43352508544922,137.91000366210938,138.44000244140625,137.6699981689453,137.8000030517578,10213300
2019-11-15,115.30791473388672,137.75999450683594,138.16000366210938,137.42999267578125,137.47999572753906,4657600
2019-11-18,115.51714324951172,138.00999450683594,138.61000061035156,137.92999267578125,138.2100067138672,5943900
2019-11-19,116.47972869873047,139.16000366210938,139.24000549316406,138.3699951171875,138.3699951171875,7893100
2019-11-20,117.68502044677734,140.60000610351562,140.60000610351562,139.77000427246094,139.91000366210938,7905500
2019-11-21,116.94844818115234,139.72000122070312,140.0800018310547,139.1199951171875,139.63999938964844,5980900
2019-11-22,117.09911346435547,139.89999389648438,140.27999877929688,139.67999267578125,140.10000610351562,4664800
2019-11-25,117.44227600097656,140.30999755859375,140.52999877929688,140.17999267578125,140.3000030517578,4157300
2019-11-26,118.1286849975586,141.1300048828125,141.30999755859375,140.94000244140625,141.0,4281100
2019-11-27,117.78546905517578,140.72000122070312,140.91000366210938,140.4199981689453,140.60000610351562,4095700
2019-11-29,117.53437805175781,140.4199981689453,140.67999267578125,139.77999877929688,140.6199951171875,6251100
2019-12-02,115.96732330322266,138.30999755859375,138.6699981689453,137.9499969482422,138.13999938964844,17702200
2019-12-03,118.39884948730469,141.2100067138672,141.77000427246094,139.92999267578125,140.0399932861328,13062400
2019-12-04,117.21663665771484,139.8000030517578,140.5,139.2100067138672,140.33999633789062,8586300
2019-12-05,116.64646911621094,139.1199951171875,139.44000244140625,138.60000610351562,138.66000366210938,7273800
2019-12-06,116.00076293945312,138.35000610351562,139.1199951171875,137.86000061035156,138.02999877929688,7931100
2019-12-09,116.25238037109375,138.64999389648438,139.11000061035156,138.57000732421875,138.99000549316406,4016900
2019-12-10,116.26074981689453,138.66000366210938,139.35000610351562,138.41000366210938,139.17999267578125,4947600
2019-12-11,117.17465209960938,139.75,140.13999938964844,139.22999572753906,139.3000030517578,6256700
2019-12-12,115.24622344970703,137.4499969482422,139.27999877929688,136.61000061035156,139.19000244140625,14857000
2019-12-13,116.579345703125,139.0399932861328,139.61000061035156,137.22999572753906,138.1199951171875,11335100
2019-12-16,115.53129577636719,137.7899932861328,138.4600067138672,137.42999267578125,138.39999389648438,9156600
2019-12-17,115.3719711303711,137.60000610351562,138.33999633789062,137.2100067138672,138.2100067138672,6179700
2019-12-18,114.42453002929688,136.47000122070312,137.4499969482422,136.27999877929688,137.3000030517578,6244700
2019-12-19,114.60761260986328,136.47000122070312,136.86000061035156,135.75999450683594,136.0,6591100
2019-12-20,114.75879669189453,136.64999389648438,136.69000244140625,135.92999267578125,136.1300048828125,5455700
2019-12-23,114.59078979492188,136.4499969482422,136.97000122070312,136.0,136.80999755859375,5175000
2019-12-24,114.9183349609375,136.83999633789062,137.05999755859375,135.88999938964844,135.9199981689453,4667400
2019-12-26,115.1954574584961,137.1699981689453,137.22000122070312,136.50999450683594,136.91000366210938,5290200
2019-12-27,115.32145690917969,137.32000732421875,137.6300048828125,137.2899932861328,137.44000244140625,7300500
2019-12-30,114.90154266357422,136.82000732421875,136.89999389648438,135.66000366210938,135.88999938964844,7979700
2019-12-31,113.7762222290039,135.47999572753906,136.4600067138672,135.3800048828125,136.2100067138672,10707400
2020-01-02,115.06108856201172,137.00999450683594,137.52999877929688,136.6699981689453,136.7899932861328,11034100
2020-01-03,116.83307647705078,139.1199951171875,139.16000366210938,137.8800048828125,138.27000427246094,12366000
2020-01-06,116.16964721679688,138.3300018310547,139.7100067138672,138.14999389648438,139.69000244140625,11369800
2020-01-07,115.59857177734375,137.64999389648438,138.47000122070312,137.63999938964844,138.22000122070312,8381200
2020-01-08,114.83431243896484,136.74000549316406,138.30999755859375,136.32000732421875,137.92999267578125,10621700
2020-01-09,115.23746490478516,137.22000122070312,137.44000244140625,135.91000366210938,136.0,7411500
2020-01-10,116.26201629638672,138.44000244140625,138.47000122070312,137.6300048828125,137.6699981689453,8776000
2020-01-13,115.90929412841797,138.02000427246094,138.08999633789062,137.38999938964844,137.8800048828125,5966900
2020-01-14,116.5055923461914,138.72999572753906,138.82000732421875,138.13999938964844,138.17999267578125,13920300
2020-01-15,117.27816772460938,139.64999389648438,139.75999450683594,139.02000427246094,139.52000427246094,6290500
2020-01-16,116.90869140625,139.2100067138672,139.52999877929688,138.74000549316406,139.25999450683594,6798600
2020-01-17,115.90929412841797,138.02000427246094,138.13999938964844,137.36000061035156,137.5800018310547,9693100
2020-01-21,117.12703704833984,139.47000122070312,139.64999389648438,138.77000427246094,138.80999755859375,6794900
2020-01-22,117.53852844238281,139.9600067138672,140.13999938964844,139.58999633789062,139.72000122070312,6317000
2020-01-23,118.36153411865234,140.94000244140625,141.3800048828125,140.77999877929688,140.85000610351562,9747400
2020-01-24,119.31890869140625,142.0800018310547,142.5500030517578,141.3000030517578,141.4199981689453,8585000
2020-01-27,121.17484283447266,144.2899932861328,144.2899932861328,143.5,143.9499969482422,10935200
2020-01-28,120.22589874267578,143.16000366210938,144.08999633789062,142.82000732421875,143.92999267578125,10612900
2020-01-29,121.4015884399414,144.55999755859375,144.6999969482422,143.42999267578125,143.44000244140625,9566800
2020-01-30,121.41838836669922,144.5800018310547,145.6699981689453,144.2899932861328,144.89999389648438,14711800
2020-01-31,122.5269775390625,145.89999389648438,145.99000549316406,145.08999633789062,145.1699981689453,14538100
2020-02-03,122.42764282226562,145.5399932861328,145.75999450683594,144.1199951171875,144.9499969482422,15309000
2020-02-04,120.77891540527344,143.5800018310547,144.13999938964844,143.05999755859375,143.99000549316406,11388300
2020-02-05,119.4582290649414,142.00999450683594,142.6999969482422,141.89999389648438,142.3000030517578,10782600
2020-02-06,119.99661254882812,142.64999389648438,142.8800048828125,142.0,142.17999267578125,6683100
2020-02-07,121.49395751953125,144.42999267578125,144.74000549316406,143.8699951171875,144.22000122070312,11374800
2020-02-10,121.83039855957031,144.8300018310547,145.25,144.67999267578125,145.10000610351562,6699300
2020-02-11,121.21632385253906,144.10000610351562,144.72000122070312,143.94000244140625,144.58999633789062,7784100
2020-02-12,120.60224914550781,143.3699951171875,143.5500030517578,142.99000549316406,143.3699951171875,5595500
2020-02-13,121.06493377685547,143.9199981689453,144.1999969482422,143.27000427246094,143.44000244140625,7883400
2020-02-14,121.59493255615234,144.5500030517578,145.0800018310547,144.4499969482422,144.75999450683594,7137400
2020-02-18,122.42764282226562,145.5399932861328,146.0500030517578,144.9199981689453,145.33999633789062,6909200
2020-02-19,122.41922760009766,145.52999877929688,145.6199951171875,144.97999572753906,145.1199951171875,5707700
2020-02-20,123.37820434570312,146.6699981689453,146.94000244140625,146.0,146.0800018310547,9332900
2020-02-21,124.5306396484375,148.0399932861328,148.8800048828125,147.64999389648438,147.8000030517578,13860300
2020-02-24,126.38970947265625,150.25,150.9600067138672,150.0,150.8300018310547,15929300
2020-02-25,127.06266021728516,151.0500030517578,151.75999450683594,150.13999938964844,150.2100067138672,20802900
2020-02-26,126.38970947265625,150.25,151.72000122070312,149.5800018310547,149.9499969482422,22589500
2020-02-27,127.76083374023438,151.8800048828125,153.0800018310547,150.8300018310547,152.6999969482422,30687900
2020-02-28,130.64622497558594,155.30999755859375,155.97999572753906,154.16000366210938,154.4499969482422,44935200
2020-03-02,129.68499755859375,153.94000244140625,156.5,153.75999450683594,155.3000030517578,28152400
2020-03-03,131.69834899902344,156.3300018310547,159.6999969482422,152.36000061035156,153.80999755859375,38608000
2020-03-04,130.2999267578125,154.6699981689453,157.35000610351562,154.19000244140625,156.41000366210938,23463700
2020-03-05,133.54336547851562,158.52000427246094,158.82000732421875,156.80999755859375,157.1300048828125,17786200
2020-03-06,140.49343872070312,166.77000427246094,169.3300018310547,164.11000061035156,167.3000030517578,76288300
2020-03-09,144.30125427246094,171.2899932861328,179.6999969482422,170.33999633789062,179.10000610351562,41552800
2020-03-10,136.90464782714844,162.50999450683594,172.92999267578125,162.02999877929688,169.63999938964844,37728300
2020-03-11,131.86683654785156,156.52999877929688,167.02999877929688,155.6300048828125,165.42999267578125,29519300
2020-03-12,132.6840362548828,157.5,166.36000061035156,155.66000366210938,163.50999450683594,24361800
2020-03-13,129.68499755859375,153.94000244140625,158.1999969482422,152.19000244140625,155.0,19812900
2020-03-16,138.08407592773438,163.91000366210938,166.14999389648438,157.80999755859375,160.3800048828125,30496700
2020-03-17,128.876220703125,152.97999572753906,165.6300048828125,152.7100067138672,163.5,18570900
2020-03-18,121.60596466064453,144.35000610351562,154.13999938964844,139.00999450683594,152.83999633789062,47061000
2020-03-19,124.9167251586914,148.27999877929688,153.4499969482422,145.25,146.9499969482422,21175300
2020-03-20,134.30995178222656,159.42999267578125,159.42999267578125,152.11000061035156,153.3000030517578,20863100
2020-03-23,139.8447723388672,166.0,166.69000244140625,156.57000732421875,157.5,19971800
2020-03-24,137.24160766601562,162.91000366210938,165.4499969482422,160.41000366210938,161.25,11948600
2020-03-25,136.92990112304688,162.5399932861328,166.67999267578125,161.6199951171875,163.58999633789062,10750600
2020-03-26,137.60389709472656,163.33999633789062,165.67999267578125,162.27000427246094,164.0,10576200
2020-03-27,141.27687072753906,167.6999969482422,168.25,164.58999633789062,165.52000427246094,12550000
2020-03-30,140.11434936523438,166.32000732421875,170.11000061035156,165.94000244140625,168.3000030517578,13473200
2020-03-31,138.97706604003906,164.97000122070312,166.9199981689453,164.55999755859375,165.6999969482422,11464800
2020-04-01,140.92416381835938,167.0399932861328,168.9600067138672,166.39999389648438,168.47999572753906,11334700
2020-04-02,141.8184814453125,168.10000610351562,169.22000122070312,167.25999450683594,168.8300018310547,5771200
2020-04-03,142.15586853027344,168.5,170.3300018310547,168.13999938964844,168.5500030517578,6570800
2020-04-06,141.7847442626953,168.05999755859375,168.27000427246094,166.52999877929688,167.0,9434800
2020-04-07,140.29986572265625,166.3000030517578,166.4199981689453,163.7100067138672,164.9600067138672,13811400
2020-04-08,139.27902221679688,165.08999633789062,166.19000244140625,164.1300048828125,165.11000061035156,10147100
2020-04-09,139.5321502685547,165.38999938964844,165.7899932861328,163.77999877929688,164.27999877929688,14259100
2020-04-13,138.2582550048828,163.8800048828125,165.7100067138672,163.8800048828125,164.75,8750300
2020-04-14,138.2244873046875,163.83999633789062,164.74000549316406,163.47999572753906,163.83999633789062,9019100
2020-04-15,141.88595581054688,168.17999267578125,168.60000610351562,166.74000549316406,166.8000030517578,10027800
2020-04-16,143.4973602294922,170.08999633789062,170.32000732421875,169.02000427246094,169.25999450683594,8265400
2020-04-17,141.57376098632812,167.80999755859375,170.83999633789062,167.27000427246094,169.82000732421875,8612100
2020-04-20,142.71278381347656,169.16000366210938,169.2899932861328,167.9600067138672,168.44000244140625,6462600
2020-04-21,144.50975036621094,171.2899932861328,172.14999389648438,170.77999877929688,171.92999267578125,7850700
2020-04-22,143.03330993652344,169.5399932861328,170.38999938964844,168.7100067138672,169.97000122070312,6230200
2020-04-23,143.79261779785156,170.44000244140625,170.92999267578125,169.61000061035156,169.8699951171875,5968600
2020-04-24,144.13009643554688,170.83999633789062,170.83999633789062,169.57000732421875,169.61000061035156,6211800
2020-04-27,141.44723510742188,167.66000366210938,169.75,167.44000244140625,169.66000366210938,9039500
2020-04-28,143.0755157470703,169.58999633789062,169.85000610351562,168.4499969482422,168.5500030517578,9905400
2020-04-29,142.33314514160156,168.7100067138672,170.25999450683594,167.9600067138672,169.52999877929688,8619600
2020-04-30,140.6710662841797,166.74000549316406,169.22999572753906,166.7100067138672,168.74000549316406,11606100
2020-05-01,141.8756866455078,167.9499969482422,168.11000061035156,166.44000244140625,167.5,10209400
2020-05-04,141.20840454101562,167.16000366210938,167.67999267578125,166.47999572753906,167.55999755859375,8300900
2020-05-05,140.3044891357422,166.08999633789062,166.27000427246094,165.27000427246094,165.57000732421875,7831800
2020-05-06,138.04051208496094,163.41000366210938,163.63999938964844,162.0500030517578,163.22999572753906,14721500
2020-05-07,140.3467254638672,166.13999938964844,166.3699951171875,163.33999633789062,163.55999755859375,9164800
2020-05-08,138.52210998535156,163.97999572753906,165.39999389648438,163.67999267578125,164.49000549316406,8129800
2020-05-11,137.44073486328125,162.6999969482422,164.22000122070312,162.10000610351562,163.66000366210938,8713500
2020-05-12,138.85154724121094,164.3699951171875,164.92999267578125,163.1300048828125,163.16000366210938,10057300
2020-05-13,139.82296752929688,165.52000427246094,166.2899932861328,164.8300018310547,165.08999633789062,13305600
2020-05-14,141.19146728515625,167.13999938964844,168.14999389648438,167.0500030517578,167.32000732421875,10080000
2020-05-15,140.82827758789062,166.7100067138672,168.49000549316406,166.3300018310547,168.3000030517578,7225600
2020-05-18,137.73641967773438,163.0500030517578,165.05999755859375,162.4199981689453,164.92999267578125,10073100
2020-05-19,138.25172424316406,163.66000366210938,163.6999969482422,162.47999572753906,162.52000427246094,8639100
2020-05-20,138.66566467285156,164.14999389648438,164.6999969482422,162.8800048828125,163.1699981689453,10927300
2020-05-21,139.01197814941406,164.55999755859375,165.36000061035156,164.2899932861328,164.86000061035156,8920000
2020-05-22,139.84835815429688,165.5500030517578,165.67999267578125,164.61000061035156,164.72000122070312,4956700
2020-05-26,137.9729461669922,163.3300018310547,163.7899932861328,162.97999572753906,163.7100067138672,8098900
2020-05-27,137.71949768066406,163.02999877929688,163.91000366210938,162.58999633789062,162.7899932861328,8047400
2020-05-28,137.21266174316406,162.42999267578125,162.57000732421875,161.66000366210938,161.9600067138672,10272600
2020-05-29,138.192626953125,163.58999633789062,164.08999633789062,162.35000610351562,162.7100067138672,14632700
2020-06-01,137.26214599609375,162.27999877929688,162.44000244140625,161.6699981689453,162.10000610351562,13341400
2020-06-02,136.76307678222656,161.69000244140625,162.08999633789062,161.25,161.6699981689453,11517100
2020-06-03,134.944580078125,159.5399932861328,160.3300018310547,158.94000244140625,160.17999267578125,12255700
2020-06-04,132.9906768798828,157.22999572753906,159.00999450683594,157.19000244140625,158.9199981689453,14038600
2020-06-05,132.04335021972656,156.11000061035156,156.16000366210938,153.16000366210938,154.61000061035156,17778500
2020-06-08,132.55093383789062,156.7100067138672,156.85000610351562,155.0500030517578,155.07000732421875,10346700
2020-06-09,134.0564727783203,158.49000549316406,159.63999938964844,158.3000030517578,159.0500030517578,9095300
2020-06-10,136.04425048828125,160.83999633789062,160.89999389648438,159.0500030517578,159.24000549316406,13135500
2020-06-11,138.6155548095703,163.8800048828125,164.22999572753906,162.6300048828125,163.25,17086400
2020-06-12,137.279052734375,162.3000030517578,163.66000366210938,162.0500030517578,162.41000366210938,9716100
2020-06-15,137.3552703857422,162.38999938964844,164.22000122070312,162.13999938964844,163.88999938964844,7759800
2020-06-16,135.24908447265625,159.89999389648438,161.22999572753906,158.6999969482422,159.41000366210938,13698900
2020-06-17,135.80735778808594,160.55999755859375,160.77000427246094,159.33999633789062,160.27000427246094,7113900
2020-06-18,137.24517822265625,162.25999450683594,162.47999572753906,161.61000061035156,162.0399932861328,7691400
2020-06-19,137.3552703857422,162.38999938964844,162.5,160.91000366210938,161.0,8565500
2020-06-22,137.37213134765625,162.41000366210938,163.4199981689453,162.07000732421875,163.19000244140625,9319700
2020-06-23,136.4333038330078,161.3000030517578,162.05999755859375,161.1199951171875,161.47999572753906,9088600
2020-06-24,137.8965606689453,163.02999877929688,163.08999633789062,161.52000427246094,161.52999877929688,11436500
2020-06-25,138.29403686523438,163.5,164.35000610351562,163.39999389648438,164.2100067138672,10968000
2020-06-26,139.77435302734375,165.25,165.32000732421875,164.17999267578125,164.25,12119300
2020-06-29,139.33445739746094,164.72999572753906,165.27000427246094,164.3800048828125,164.85000610351562,7274400
2020-06-30,138.65782165527344,163.92999267578125,165.2899932861328,163.47999572753906,165.22999572753906,14841700
2020-07-01,138.38851928710938,163.4199981689453,163.55999755859375,162.14999389648438,162.80999755859375,13181000
2020-07-02,138.53245544433594,163.58999633789062,163.74000549316406,162.24000549316406,162.6999969482422,7599800
2020-07-06,137.965087890625,162.9199981689453,163.02000427246094,161.75,162.3300018310547,7972700
2020-07-07,139.9043426513672,165.2100067138672,165.33999633789062,163.1999969482422,163.4199981689453,12791900
2020-07-08,139.3454132080078,164.5500030517578,164.9199981689453,163.8300018310547,164.32000732421875,7253900
2020-07-09,141.56410217285156,167.1699981689453,167.4499969482422,164.60000610351562,164.66000366210938,13373100
2020-07-10,140.85281372070312,166.3300018310547,168.2100067138672,166.16000366210938,167.9499969482422,8478000
2020-07-13,141.31858825683594,166.8800048828125,166.9600067138672,165.22999572753906,165.5,8054000
2020-07-14,141.52174377441406,167.1199951171875,168.13999938964844,166.97999572753906,167.92999267578125,11344600
2020-07-15,140.86126708984375,166.33999633789062,166.9499969482422,165.8300018310547,165.9199981689453,7840300
2020-07-16,141.53024291992188,167.1300048828125,167.77000427246094,167.0399932861328,167.39999389648438,9107400
2020-07-17,141.2338409423828,166.77999877929688,167.39999389648438,166.47000122070312,167.27000427246094,8549900
2020-07-20,141.58108520507812,167.19000244140625,167.6199951171875,166.8000030517578,167.50999450683594,6907200
2020-07-21,141.6656494140625,167.2899932861328,167.72000122070312,167.0800018310547,167.3000030517578,8454400
2020-07-22,142.089111328125,167.7899932861328,168.4600067138672,167.69000244140625,168.25999450683594,6592100
2020-07-23,143.74891662597656,169.75,169.8800048828125,168.47999572753906,168.9199981689453,10471800
2020-07-24,143.7404327392578,169.74000549316406,169.9199981689453,168.8699951171875,169.00999450683594,7520700
2020-07-27,143.20701599121094,169.11000061035156,170.3000030517578,168.99000549316406,170.25,6146400
2020-07-28,144.19775390625,170.27999877929688,170.33999633789062,169.42999267578125,169.5399932861328,8520700
2020-07-29,143.95216369628906,169.99000549316406,170.38999938964844,168.97999572753906,170.0500030517578,6733700
2020-07-30,144.9005889892578,171.11000061035156,171.25999450683594,170.75,171.0500030517578,9376100
2020-07-31,144.8074493408203,171.0,171.4600067138672,169.94000244140625,170.14999389648438,8886000
2020-08-03,144.07833862304688,169.9499969482422,169.99000549316406,168.97000122070312,169.24000549316406,9066200
2020-08-04,145.45184326171875,171.57000732421875,171.5800018310547,170.72000122070312,170.8300018310547,9878900
2020-08-05,144.1801300048828,170.07000732421875,170.55999755859375,169.69000244140625,170.05999755859375,6954100
2020-08-06,144.98548889160156,171.02000427246094,172.25,170.6199951171875,171.3800048828125,9481800
2020-08-07,144.01901245117188,169.8800048828125,171.5,169.5800018310547,171.27999877929688,8176900
2020-08-10,143.374755859375,169.1199951171875,170.25,169.07000732421875,170.22000122070312,6408500
2020-08-11,141.67071533203125,167.11000061035156,167.49000549316406,165.8800048828125,167.1699981689453,19234200
2020-08-12,140.382080078125,165.58999633789062,166.07000732421875,164.99000549316406,165.6999969482422,11744800
2020-08-13,138.88153076171875,163.82000732421875,165.5800018310547,163.1699981689453,165.30999755859375,12744700
2020-08-14,138.33897399902344,163.17999267578125,164.14999389648438,163.16000366210938,163.80999755859375,6398100
2020-08-17,138.68650817871094,163.58999633789062,164.4600067138672,163.42999267578125,163.97000122070312,6901500
2020-08-18,139.67849731445312,164.75999450683594,164.8699951171875,164.08999633789062,164.36000061035156,8140600
2020-08-19,138.8052520751953,163.72999572753906,165.61000061035156,163.3000030517578,165.3699951171875,12497700
2020-08-20,140.0599365234375,165.2100067138672,165.64999389648438,164.92999267578125,165.38999938964844,10319900
2020-08-21,140.8992462158203,166.1999969482422,166.3300018310547,165.00999450683594,165.77000427246094,6836000
2020-08-24,140.6703643798828,165.92999267578125,166.97000122070312,165.86000061035156,166.32000732421875,6490600
2020-08-25,139.5936279296875,164.66000366210938,165.08999633789062,163.8300018310547,164.35000610351562,10518300
2020-08-26,139.0596160888672,164.02999877929688,164.3300018310547,163.27999877929688,164.0500030517578,8276600
2020-08-27,136.69435119628906,161.24000549316406,164.82000732421875,161.16000366210938,164.75999450683594,19860100
2020-08-28,136.59262084960938,161.1199951171875,162.0500030517578,160.63999938964844,161.77000427246094,8415400
2020-08-31,137.49969482421875,162.19000244140625,163.25,161.55999755859375,161.60000610351562,11388100
2020-09-01,139.07240295410156,163.86000061035156,164.07000732421875,161.17999267578125,161.75999450683594,10587000
2020-09-02,140.39637756347656,165.4199981689453,165.55999755859375,163.49000549316406,163.50999450683594,15167700
2020-09-03,140.79530334472656,165.88999938964844,167.24000549316406,165.44000244140625,165.75,16416600
2020-09-04,138.12184143066406,162.74000549316406,164.6999969482422,162.4499969482422,164.41000366210938,13780300
2020-09-08,138.97059631347656,163.74000549316406,165.25999450683594,163.74000549316406,164.3699951171875,13790400
2020-09-09,138.59710693359375,163.3000030517578,164.25,162.75999450683594,163.94000244140625,9558900
2020-09-10,139.30149841308594,164.1300048828125,164.35000610351562,161.9499969482422,162.4600067138672,8847700
2020-09-11,139.59857177734375,164.47999572753906,164.57000732421875,164.0800018310547,164.30999755859375,5458200
2020-09-14,139.59017944335938,164.47000122070312,165.0800018310547,164.22999572753906,164.7899932861328,4274900
2020-09-15,139.25064086914062,164.07000732421875,164.47000122070312,163.7899932861328,164.1699981689453,6928500
2020-09-16,138.83474731445312,163.5800018310547,164.88999938964844,162.97999572753906,164.77999877929688,8815200
2020-09-17,139.2590789794922,164.0800018310547,164.9600067138672,163.8000030517578,164.89999389648438,7813900
2020-09-18,138.8262481689453,163.57000732421875,164.24000549316406,163.33999633789062,164.1699981689453,7246300
2020-09-21,139.53067016601562,164.39999389648438,165.39999389648438,164.13999938964844,164.88999938964844,11086900
2020-09-22,139.42037963867188,164.27000427246094,164.8800048828125,163.8699951171875,164.44000244140625,10524100
2020-09-23,139.60708618164062,164.49000549316406,164.52999877929688,163.47999572753906,164.3000030517578,6224800
2020-09-24,140.141845703125,165.1199951171875,165.1199951171875,164.6199951171875,164.9600067138672,8278100
2020-09-25,140.141845703125,165.1199951171875,165.4199981689453,164.7100067138672,165.11000061035156,5140300
2020-09-28,139.7427978515625,164.64999389648438,164.89999389648438,164.3699951171875,164.8699951171875,4470100
2020-09-29,139.9040985107422,164.83999633789062,165.24000549316406,164.55999755859375,164.8000030517578,10297600
2020-09-30,138.5631103515625,163.25999450683594,164.0,162.5500030517578,164.0,12971000
2020-10-01,138.7916259765625,163.36000061035156,163.74000549316406,162.10000610351562,162.50999450683594,11523900
2020-10-02,138.27340698242188,162.75,163.6699981689453,162.17999267578125,163.61000061035156,8828800
2020-10-05,135.57174682617188,159.57000732421875,160.9499969482422,159.52000427246094,160.9499969482422,14726000
2020-10-06,136.30233764648438,160.42999267578125,161.41000366210938,158.67999267578125,159.3300018310547,22419400
2020-10-07,135.308349609375,159.25999450683594,160.4199981689453,158.86000061035156,159.55999755859375,9429200
2020-10-08,136.03895568847656,160.1199951171875,160.25,159.66000366210938,159.97000122070312,8431500
2020-10-09,136.0135040283203,160.08999633789062,160.27000427246094,158.80999755859375,159.52000427246094,8441500
2020-10-12,136.44674682617188,160.60000610351562,160.67999267578125,160.11000061035156,160.42999267578125,3962000
2020-10-13,137.423828125,161.75,161.8300018310547,161.17999267578125,161.2100067138672,7914300
2020-10-14,137.73818969726562,162.1199951171875,162.75,161.97000122070312,162.3300018310547,6954800
2020-10-15,137.50030517578125,161.83999633789062,163.19000244140625,161.63999938964844,163.0399932861328,9458800
2020-10-16,137.11801147460938,161.38999938964844,162.32000732421875,161.10000610351562,161.66000366210938,8416300
2020-10-19,136.59970092773438,160.77999877929688,160.97999572753906,160.0500030517578,160.5,9286600
2020-10-20,135.2997589111328,159.25,160.00999450683594,158.9499969482422,159.86000061035156,11189000
2020-10-21,134.83250427246094,158.6999969482422,159.3699951171875,158.3699951171875,158.7899932861328,10453700
2020-10-22,133.43067932128906,157.0500030517578,158.6300048828125,156.97000122070312,158.2899932861328,12664900
2020-10-23,134.24630737304688,158.00999450683594,158.2100067138672,156.75,156.80999755859375,8783800
2020-10-26,135.49522399902344,159.47999572753906,160.02000427246094,159.00999450683594,159.2100067138672,7227300
2020-10-27,136.40432739257812,160.5500030517578,160.6999969482422,159.89999389648438,160.22999572753906,6062300
2020-10-28,136.53172302246094,160.6999969482422,161.4600067138672,160.1999969482422,161.3800048828125,11765800
2020-10-29,135.20635986328125,159.13999938964844,160.8300018310547,158.47000122070312,160.72999572753906,11932400
2020-10-30,133.8724365234375,157.57000732421875,159.35000610351562,157.57000732421875,159.02999877929688,13095400
2020-11-02,134.87515258789062,158.5800018310547,159.19000244140625,158.3300018310547,158.6999969482422,10810500
2020-11-03,134.09274291992188,157.66000366210938,157.97999572753906,157.0399932861328,157.85000610351562,16228700
2020-11-04,137.0015411376953,161.0800018310547,162.1699981689453,160.5399932861328,161.63999938964844,21570800
2020-11-05,137.23965454101562,161.36000061035156,161.74000549316406,160.5800018310547,161.63999938964844,18537500
2020-11-06,135.58116149902344,159.41000366210938,159.9199981689453,158.94000244140625,159.6199951171875,12408400
2020-11-09,132.7319793701172,156.05999755859375,156.14999389648438,154.6300048828125,155.97000122070312,23245000
2020-11-10,131.9664306640625,155.16000366210938,155.80999755859375,154.77999877929688,154.9600067138672,12561000
2020-11-11,132.44281005859375,155.72000122070312,155.94000244140625,154.97000122070312,155.02000427246094,5888200
2020-11-12,134.6966094970703,158.3699951171875,158.39999389648438,156.7100067138672,156.94000244140625,15999700
2020-11-13,134.51805114746094,158.16000366210938,158.5,157.91000366210938,158.36000061035156,7344600
2020-11-16,134.1947784423828,157.77999877929688,158.27999877929688,157.61000061035156,157.72999572753906,6310400
2020-11-17,135.0708465576172,158.80999755859375,159.16000366210938,158.58999633789062,158.77000427246094,7444600
2020-11-18,135.4620819091797,159.27000427246094,159.57000732421875,158.35000610351562,159.44000244140625,10333300
2020-11-19,136.1595001220703,160.08999633789062,160.72000122070312,159.83999633789062,159.97000122070312,10637200
2020-11-20,137.36720275878906,161.50999450683594,161.5399932861328,160.38999938964844,160.52999877929688,7246800
2020-11-23,136.7378692626953,160.77000427246094,160.99000549316406,160.27999877929688,160.82000732421875,11300000
2020-11-24,135.37701416015625,159.1699981689453,160.02000427246094,159.00999450683594,159.99000549316406,10891700
2020-11-25,134.96029663085938,158.67999267578125,159.91000366210938,158.6199951171875,159.25,9145800
2020-11-27,136.27008056640625,160.22000122070312,160.27000427246094,159.5800018310547,159.61000061035156,4708200
2020-11-30,136.09994506835938,160.02000427246094,160.52999877929688,159.75999450683594,160.02999877929688,13071600
2020-12-01,134.09323120117188,157.5,158.74000549316406,156.67999267578125,158.5500030517578,13662800
2020-12-02,133.0290069580078,156.25,156.92999267578125,155.47999572753906,156.8800048828125,12114300
2020-12-03,134.10174560546875,157.50999450683594,157.82000732421875,156.5800018310547,156.94000244140625,9626500
2020-12-04,132.13504028320312,155.1999969482422,155.7899932861328,154.77000427246094,155.69000244140625,12734500
2020-12-07,133.3270263671875,156.60000610351562,156.8800048828125,156.17999267578125,156.35000610351562,9316100
2020-12-08,133.95706176757812,157.33999633789062,158.07000732421875,157.1999969482422,157.57000732421875,7397200
2020-12-09,133.5143280029297,156.82000732421875,157.32000732421875,156.00999450683594,156.5500030517578,7750100
2020-12-10,134.69776916503906,158.2100067138672,158.2899932861328,156.8300018310547,157.24000549316406,10025100
2020-12-11,135.17457580566406,158.77000427246094,159.38999938964844,158.32000732421875,158.64999389648438,8135900
2020-12-14,134.79989624023438,158.3300018310547,158.69000244140625,157.11000061035156,157.49000549316406,7535900
2020-12-15,134.3486785888672,157.8000030517578,158.38999938964844,157.30999755859375,157.77999877929688,6847500
2020-12-16,133.9911346435547,157.3800048828125,157.88999938964844,156.38999938964844,156.5800018310547,9954200
2020-12-17,133.6365509033203,156.8000030517578,158.4600067138672,156.42999267578125,158.1300048828125,9422700
2020-12-18,133.23594665527344,156.3300018310547,157.3800048828125,156.17999267578125,157.1199951171875,6505000
2020-12-21,133.76438903808594,156.9499969482422,157.33999633789062,156.4499969482422,157.1999969482422,8988200
2020-12-22,134.4546661376953,157.75999450683594,157.8300018310547,157.0800018310547,157.55999755859375,7370800
2020-12-23,133.52572631835938,156.6699981689453,156.69000244140625,155.4600067138672,156.6199951171875,9266600
2020-12-24,134.0541229248047,157.2899932861328,157.42999267578125,156.85000610351562,156.89999389648438,3117100
2020-12-28,134.11383056640625,157.36000061035156,157.4499969482422,156.10000610351562,156.3800048828125,7791100
2020-12-29,133.94334411621094,157.16000366210938,157.2899932861328,156.36000061035156,156.38999938964844,9030900
2020-12-30,134.2330780029297,157.5,157.52999877929688,156.67999267578125,156.82000732421875,9097300
2020-12-31,134.42916870117188,157.72999572753906,158.0800018310547,157.4499969482422,157.4600067138672,7742100
2021-01-04,134.26718139648438,157.5399932861328,158.17999267578125,156.5399932861328,156.6699981689453,13152900
2021-01-05,133.27008056640625,156.3699951171875,156.9499969482422,155.66000366210938,156.9499969482422,10458100
2021-01-06,130.53427124023438,153.16000366210938,153.85000610351562,152.2899932861328,153.82000732421875,22827300
2021-01-07,129.3836669921875,151.80999755859375,152.1699981689453,151.25999450683594,151.7899932861328,14651900
2021-01-08,128.96612548828125,151.32000732421875,151.9600067138672,150.66000366210938,151.47999572753906,13622500
2021-01-11,128.7530517578125,151.07000732421875,151.2100067138672,150.49000549316406,151.0,8370700
2021-01-12,128.6507568359375,150.9499969482422,151.16000366210938,149.92999267578125,150.7899932861328,12186300
2021-01-13,130.09959411621094,152.64999389648438,153.07000732421875,151.57000732421875,151.66000366210938,12533300
2021-01-14,128.88082885742188,151.22000122070312,152.63999938964844,150.7899932861328,152.5800018310547,14835500
2021-01-15,129.3922882080078,151.82000732421875,152.36000061035156,151.47000122070312,152.19000244140625,11624700
2021-01-19,129.8098907470703,152.30999755859375,152.36000061035156,151.50999450683594,151.6199951171875,9575600
2021-01-20,129.93765258789062,152.4600067138672,152.47999572753906,151.7899932861328,151.99000549316406,5368900
2021-01-21,129.02578735351562,151.38999938964844,151.75,151.10000610351562,151.44000244140625,8162700
2021-01-22,129.443359375,151.8800048828125,152.00999450683594,151.4199981689453,151.85000610351562,9507200
2021-01-25,130.9689483642578,153.6699981689453,153.69000244140625,152.63999938964844,152.75999450683594,8712600
2021-01-26,130.7217559814453,153.3800048828125,153.60000610351562,152.9199981689453,153.10000610351562,7690300
2021-01-27,131.05416870117188,153.77000427246094,154.5,153.52999877929688,154.07000732421875,7895200
2021-01-28,130.32969665527344,152.9199981689453,153.4600067138672,152.16000366210938,153.39999389648438,10667800
2021-01-29,129.5456085205078,152.0,152.49000549316406,151.3000030517578,151.4199981689453,14965900
2021-02-01,129.69577026367188,152.0,152.36000061035156,151.49000549316406,151.66000366210938,8165500
2021-02-02,128.859619140625,151.02000427246094,151.08999633789062,150.52000427246094,150.74000549316406,9177500
2021-02-03,127.71627044677734,149.67999267578125,150.58999633789062,149.5800018310547,150.42999267578125,9633100
2021-02-04,127.37494659423828,149.27999877929688,149.49000549316406,148.8000030517578,149.16000366210938,8262600
2021-02-05,126.3083267211914,148.02999877929688,149.57000732421875,148.02000427246094,149.10000610351562,10258900
2021-02-08,126.8629379272461,148.67999267578125,149.25999450683594,148.0399932861328,148.3000030517578,11574800
2021-02-09,126.95684051513672,148.7899932861328,149.6699981689453,148.66000366210938,149.22000122070312,5218300
2021-02-10,127.80154418945312,149.77999877929688,149.77999877929688,149.13999938964844,149.27999877929688,8079800
2021-02-11,127.10186767578125,148.9600067138672,149.7899932861328,148.75,149.67999267578125,11962700
2021-02-12,125.5233154296875,147.11000061035156,148.0800018310547,147.02999877929688,147.6999969482422,14088400
2021-02-16,123.61206817626953,144.8699951171875,145.66000366210938,144.66000366210938,145.22000122070312,17789100
2021-02-17,124.39707946777344,145.7899932861328,146.3800048828125,144.97999572753906,145.9499969482422,11199100
2021-02-18,123.89366912841797,145.1999969482422,145.60000610351562,144.32000732421875,144.61000061035156,10755300
2021-02-19,122.24687194824219,143.27000427246094,144.32000732421875,142.85000610351562,144.05999755859375,12741700
2021-02-22,121.31678771972656,142.17999267578125,143.74000549316406,141.72000122070312,143.02999877929688,13203900
2021-02-23,120.9669418334961,141.77000427246094,142.5,141.13999938964844,141.52000427246094,12658500
2021-02-24,120.17335510253906,140.83999633789062,141.17999267578125,139.16000366210938,139.35000610351562,17363100
2021-02-25,118.21090698242188,138.5399932861328,139.9199981689453,136.61000061035156,139.52000427246094,52621700
2021-02-26,122.11882781982422,143.1199951171875,143.3000030517578,139.67999267578125,140.77000427246094,45423300
2021-03-01,120.50592041015625,141.05999755859375,141.41000366210938,140.08999633789062,140.66000366210938,22048000
2021-03-02,120.51449584960938,141.07000732421875,141.1300048828125,140.2899932861328,140.39999389648438,12482200
2021-03-03,119.20738983154297,139.5399932861328,140.14999389648438,138.75999450683594,139.3800048828125,19763700
2021-03-04,118.43855285644531,138.63999938964844,139.94000244140625,137.9600067138672,139.6300048828125,22366600
2021-03-05,118.66924285888672,138.91000366210938,139.33999633789062,137.99000549316406,138.1699981689453,20598000
2021-03-08,117.74659729003906,137.8300018310547,138.89999389648438,137.8300018310547,138.8300018310547,15236600
2021-03-09,119.37826538085938,139.74000549316406,139.82000732421875,138.97000122070312,139.27000427246094,14463400
2021-03-10,119.61747741699219,140.02000427246094,140.14999389648438,139.27999877929688,139.8000030517578,12387600
2021-03-11,118.754638671875,139.00999450683594,139.3800048828125,138.4600067138672,139.1699981689453,14150700
2021-03-12,116.23452758789062,136.05999755859375,136.4600067138672,135.64999389648438,136.39999389648438,20402700
2021-03-15,116.91793823242188,136.86000061035156,137.08999633789062,136.41000366210938,136.49000549316406,11366500
2021-03-16,116.44806671142578,136.30999755859375,137.1199951171875,135.75,137.02000427246094,15567900
2021-03-17,115.57664489746094,135.2899932861328,135.52999877929688,134.14999389648438,135.14999389648438,27107500
2021-03-18,114.4063491821289,133.9199981689453,134.47000122070312,133.19000244140625,133.30999755859375,21615100
2021-03-19,115.1153793334961,134.75,134.8300018310547,133.8000030517578,134.0800018310547,18685000
2021-03-22,116.40532684326172,136.25999450683594,136.41000366210938,135.3699951171875,135.69000244140625,17047500
2021-03-23,117.4561538696289,137.49000549316406,137.5399932861328,136.14999389648438,136.58999633789062,16768400
2021-03-24,118.08831024169922,138.22999572753906,138.27999877929688,136.9499969482422,137.05999755859375,13863000
2021-03-25,117.1571273803711,137.13999938964844,138.66000366210938,137.08999633789062,138.38999938964844,20782000
2021-03-26,116.74713134765625,136.66000366210938,137.24000549316406,136.22000122070312,136.4199981689453,8433300
2021-03-29,115.756103515625,135.5,136.85000610351562,134.97000122070312,136.8300018310547,13968100
2021-03-30,116.36267852783203,136.2100067138672,136.50999450683594,135.00999450683594,135.3000030517578,15020800
2021-03-31,115.71337890625,135.4499969482422,136.58999633789062,134.97999572753906,136.33999633789062,19271300
2021-04-01,117.63391876220703,137.50999450683594,137.6199951171875,136.3000030517578,136.5500030517578,14885900
2021-04-05,117.12065124511719,136.91000366210938,136.97000122070312,135.94000244140625,136.5500030517578,8243000
2021-04-06,117.91619873046875,137.83999633789062,137.97999572753906,137.00999450683594,137.16000366210938,9282400
2021-04-07,117.09496307373047,136.8800048828125,138.10000610351562,136.8800048828125,137.4499969482422,11052700
2021-04-08,118.06163787841797,138.00999450683594,138.07000732421875,137.36000061035156,137.38999938964844,7847900
2021-04-09,117.63391876220703,137.50999450683594,138.19000244140625,137.08999633789062,137.5,8717800
2021-04-12,117.58258056640625,137.4499969482422,137.52999877929688,137.10000610351562,137.4600067138672,7659000
2021-04-13,118.46367645263672,138.47999572753906,138.50999450683594,137.1999969482422,137.3000030517578,13232800
2021-04-14,118.08727264404297,138.0399932861328,138.24000549316406,137.57000732421875,138.02999877929688,7293200
2021-04-15,120.06336975097656,140.35000610351562,140.97999572753906,139.4600067138672,139.49000549316406,23896700
2021-04-16,119.13092803955078,139.25999450683594,139.72999572753906,138.92999267578125,139.10000610351562,15238400
2021-04-19,118.78874206542969,138.86000061035156,139.30999755859375,138.5500030517578,138.74000549316406,13886800
2021-04-20,119.33622741699219,139.5,139.75999450683594,138.42999267578125,138.4499969482422,11476500
2021-04-21,119.5758056640625,139.77999877929688,139.91000366210938,139.07000732421875,139.5399932861328,11902200
2021-04-22,120.09758758544922,140.38999938964844,140.38999938964844,139.1999969482422,140.0,14156400
2021-04-23,119.81533813476562,140.05999755859375,140.47000122070312,139.49000549316406,140.3800048828125,12302200
2021-04-26,119.64419555664062,139.86000061035156,140.50999450683594,139.85000610351562,140.14999389648438,9103500
2021-04-27,118.60054016113281,138.63999938964844,139.82000732421875,138.52999877929688,139.58999633789062,14137300
2021-04-28,118.67749786376953,138.72999572753906,138.88999938964844,137.9600067138672,138.64999389648438,15263700
2021-04-29,118.32678985595703,138.32000732421875,138.36000061035156,137.1300048828125,137.4499969482422,17178200
2021-04-30,118.60054016113281,138.63999938964844,138.72999572753906,137.97999572753906,138.50999450683594,15692000
2021-05-03,118.67171478271484,138.52000427246094,139.64999389648438,138.27999877929688,138.6999969482422,16447700
2021-05-04,119.47700500488281,139.4600067138672,140.16000366210938,139.16000366210938,139.49000549316406,18639700
2021-05-05,119.67402648925781,139.69000244140625,139.85000610351562,138.9199981689453,139.02999877929688,11127900
2021-05-06,119.87110900878906,139.9199981689453,140.19000244140625,139.1999969482422,139.25,21907600
2021-05-07,119.27995300292969,139.22999572753906,140.60000610351562,138.91000366210938,140.10000610351562,18346900
2021-05-10,118.07199096679688,137.82000732421875,139.25,137.69000244140625,138.9499969482422,15146200
2021-05-11,117.40373229980469,137.0399932861328,137.47999572753906,136.77000427246094,137.22999572753906,15158600
2021-05-12,116.17008209228516,135.60000610351562,136.8000030517578,135.36000061035156,136.6699981689453,20859400
2021-05-13,116.34999084472656,135.80999755859375,136.3699951171875,135.6300048828125,135.92999267578125,13073900
2021-05-14,117.43798828125,137.0800018310547,137.0800018310547,136.22000122070312,136.52999877929688,17566700
2021-05-17,117.1895751953125,136.7899932861328,137.1699981689453,136.57000732421875,136.8300018310547,6113800
2021-05-18,116.88970184326172,136.44000244140625,136.57000732421875,136.07000732421875,136.39999389648438,11423100
2021-05-19,116.60701751708984,136.11000061035156,137.3000030517578,135.6199951171875,136.5399932861328,14296000
2021-05-20,117.56649017333984,137.22999572753906,137.49000549316406,136.6699981689453,136.75999450683594,13310500
2021-05-21,117.94351196289062,137.6699981689453,137.6999969482422,137.05999755859375,137.66000366210938,10171600
2021-05-24,118.38036346435547,138.17999267578125,138.5800018310547,137.88999938964844,137.99000549316406,6868700
2021-05-25,119.47700500488281,139.4600067138672,139.5,138.6199951171875,138.6300048828125,12346900
2021-05-26,119.27140045166016,139.22000122070312,139.91000366210938,138.8800048828125,139.58999633789062,9793700
2021-05-27,118.7916030883789,138.66000366210938,138.69000244140625,137.99000549316406,138.5,10695200
2021-05-28,118.6031494140625,138.44000244140625,139.3000030517578,138.33999633789062,138.5800018310547,10258000
2021-06-01,118.57648468017578,138.2100067138672,138.25999450683594,137.25,137.82000732421875,11778500
2021-06-02,118.85105895996094,138.52999877929688,138.7899932861328,138.32000732421875,138.5500030517578,7347900
2021-06-03,118.40496063232422,138.00999450683594,138.50999450683594,137.85000610351562,138.50999450683594,10994000
2021-06-04,120.02644348144531,139.89999389648438,139.89999389648438,138.52000427246094,138.52000427246094,15773700
2021-06-07,119.65755462646484,139.47000122070312,139.7100067138672,139.32000732421875,139.58999633789062,7799800
2021-06-08,120.49829864501953,140.4499969482422,140.66000366210938,140.2100067138672,140.66000366210938,11230900
2021-06-09,121.56220245361328,141.69000244140625,142.14999389648438,141.25,141.75999450683594,12768300
2021-06-10,122.29138946533203,142.5399932861328,142.55999755859375,140.67999267578125,140.8300018310547,19698300
2021-06-11,122.09407806396484,142.30999755859375,142.39999389648438,141.83999633789062,142.30999755859375,8646700
2021-06-14,121.1589126586914,141.22000122070312,142.10000610351562,141.00999450683594,142.10000610351562,9401300
2021-06-15,121.01312255859375,141.0500030517578,141.08999633789062,140.47999572753906,140.8000030517578,18207300
2021-06-16,120.9101791381836,140.92999267578125,141.6699981689453,140.2100067138672,141.39999389648438,19676300
2021-06-17,122.72036743164062,143.0399932861328,144.92999267578125,141.63999938964844,141.86000061035156,35225800
2021-06-18,125.02828979492188,145.72999572753906,146.0399932861328,144.1199951171875,144.27999877929688,26616900
2021-06-21,122.93487548828125,143.2899932861328,144.49000549316406,143.02000427246094,144.38999938964844,16485000
2021-06-22,123.23514556884766,143.63999938964844,143.67999267578125,142.1199951171875,142.1699981689453,14530200
2021-06-23,122.91777801513672,143.27000427246094,143.5,142.7100067138672,143.11000061035156,12040900
2021-06-24,123.11505126953125,143.5,143.89999389648438,143.3300018310547,143.4199981689453,8788400
2021-06-25,121.83670043945312,142.00999450683594,143.39999389648438,141.3699951171875,143.25999450683594,15562200
2021-06-28,123.08935546875,143.47000122070312,143.8000030517578,142.6999969482422,142.72000122070312,11460700
2021-06-29,123.29519653320312,143.7100067138672,143.72000122070312,143.0399932861328,143.10000610351562,11217900
2021-06-30,123.84429168701172,144.35000610351562,144.92999267578125,144.07000732421875,144.25,15708900
2021-07-01,123.85120391845703,144.1699981689453,144.30999755859375,143.52999877929688,143.97999572753906,10810000
2021-07-02,124.59857940673828,145.0399932861328,145.0399932861328,144.11000061035156,144.22999572753906,9650200
2021-07-06,126.05902862548828,146.74000549316406,146.99000549316406,145.72000122070312,145.72000122070312,20037200
2021-07-07,127.17579650878906,148.0399932861328,148.55999755859375,147.22000122070312,147.57000732421875,20964400
2021-07-08,127.6740493774414,148.6199951171875,149.44000244140625,148.1699981689453,148.8800048828125,17487800
2021-07-09,125.8785400390625,146.52999877929688,146.99000549316406,146.49000549316406,146.8699951171875,14483600
2021-07-12,125.71539306640625,146.33999633789062,147.22999572753906,146.1699981689453,147.08999633789062,10610400
2021-07-13,124.7531967163086,145.22000122070312,147.4600067138672,144.63999938964844,146.82000732421875,23340200
2021-07-14,126.17064666748047,146.8699951171875,146.9199981689453,145.80999755859375,146.00999450683594,16038600
2021-07-15,127.56234741210938,148.49000549316406,148.60000610351562,147.02999877929688,147.9499969482422,18462400
2021-07-16,127.32182312011719,148.2100067138672,148.33999633789062,147.32000732421875,147.33999633789062,12787900
2021-07-19,130.11376953125,151.4600067138672,151.9499969482422,150.6199951171875,150.9499969482422,40203900
2021-07-20,128.85952758789062,150.0,152.7100067138672,149.75999450683594,152.52999877929688,25674800
2021-07-21,127.22724151611328,148.10000610351562,148.5,146.6699981689453,148.17999267578125,19988900
2021-07-22,128.43002319335938,149.5,149.80999755859375,148.05999755859375,148.11000061035156,18136900
2021-07-23,127.5709228515625,148.5,148.66000366210938,147.88999938964844,147.94000244140625,12639300
2021-07-26,127.19293212890625,148.05999755859375,149.05999755859375,147.8800048828125,149.0,10737700
2021-07-27,128.55023193359375,149.63999938964844,149.69000244140625,148.99000549316406,149.3300018310547,13036500
2021-07-28,128.558837890625,149.64999389648438,149.6699981689453,148.27000427246094,148.6699981689453,14346700
2021-07-29,127.84584045410156,148.82000732421875,149.22000122070312,148.52999877929688,148.77999877929688,11532000
2021-07-30,128.4471435546875,149.52000427246094,149.72000122070312,149.05999755859375,149.1300048828125,14342100
2021-08-02,129.59286499023438,150.6699981689453,151.22999572753906,149.17999267578125,149.4499969482422,21232700
2021-08-03,129.66168212890625,150.75,151.22999572753906,150.38999938964844,150.75,13361900
2021-08-04,129.92828369140625,151.05999755859375,151.82000732421875,149.72000122070312,151.5,18267900
2021-08-05,129.26600646972656,150.2899932861328,150.9199981689453,150.0,150.75999450683594,15345400
2021-08-06,127.10714721679688,147.77999877929688,148.75999450683594,147.69000244140625,148.32000732421875,21144300
2021-08-09,126.65127563476562,147.25,148.55999755859375,147.22999572753906,148.14999389648438,12942400
2021-08-10,126.06632995605469,146.57000732421875,147.57000732421875,146.55999755859375,147.49000549316406,13716900
2021-08-11,125.98898315429688,146.47999572753906,147.22999572753906,145.7100067138672,146.41000366210938,17227600
2021-08-12,125.78253936767578,146.24000549316406,146.44000244140625,145.42999267578125,146.08999633789062,14709400
2021-08-13,127.7694091796875,148.5500030517578,148.55999755859375,146.80999755859375,146.8300018310547,18653800
2021-08-16,128.07907104492188,148.91000366210938,150.02000427246094,148.80999755859375,149.19000244140625,19170900
2021-08-17,128.0274658203125,148.85000610351562,149.47000122070312,148.6699981689453,148.8800048828125,14126900
2021-08-18,128.45753479003906,149.35000610351562,149.47000122070312,148.4499969482422,148.7100067138672,13144000
2021-08-19,129.4036102294922,150.4499969482422,150.4600067138672,149.80999755859375,150.30999755859375,15474300
2021-08-20,129.4897003173828,150.5500030517578,150.80999755859375,150.11000061035156,150.58999633789062,12388400
2021-08-23,129.4036102294922,150.4499969482422,150.5,149.9199981689453,150.1999969482422,10615000
2021-08-24,128.39732360839844,149.27999877929688,150.07000732421875,149.27999877929688,149.75999450683594,13835900
2021-08-25,127.330810546875,148.0399932861328,149.3699951171875,147.5800018310547,149.2100067138672,16743800
2021-08-26,127.6833724975586,148.4499969482422,148.57000732421875,147.50999450683594,147.97000122070312,16657400
2021-08-27,128.5521240234375,149.4600067138672,149.49000549316406,148.3300018310547,148.57000732421875,15384700
2021-08-30,128.88755798339844,149.85000610351562,149.89999389648438,148.92999267578125,148.99000549316406,10596300
2021-08-31,128.01023864746094,148.8300018310547,150.08999633789062,148.5,149.6699981689453,15262400
2021-09-01,128.22470092773438,148.88999938964844,149.38999938964844,148.49000549316406,149.27000427246094,10807100
2021-09-02,128.784423828125,149.5399932861328,149.5500030517578,148.75,149.24000549316406,9765900
2021-09-03,127.61324310302734,148.17999267578125,148.50999450683594,147.94000244140625,148.27000427246094,12928000
2021-09-07,126.53669738769531,146.92999267578125,147.52000427246094,146.66000366210938,147.25999450683594,15547800
2021-09-08,127.39788818359375,147.92999267578125,148.19000244140625,147.38999938964844,147.66000366210938,14533700
2021-09-09,128.93942260742188,149.72000122070312,149.88999938964844,147.85000610351562,148.1699981689453,20324600
2021-09-10,127.80268859863281,148.39999389648438,149.1699981689453,148.16000366210938,148.89999389648438,14894600
2021-09-13,128.57777404785156,149.3000030517578,149.49000549316406,148.9499969482422,149.0399932861328,15036100
2021-09-14,130.1365509033203,151.11000061035156,151.57000732421875,149.5800018310547,149.72999572753906,19918400
2021-09-15,129.68011474609375,150.5800018310547,151.25,149.92999267578125,151.2100067138672,11940300
2021-09-16,129.08583068847656,149.88999938964844,150.4499969482422,149.5,149.6699981689453,13328900
2021-09-17,128.46585083007812,149.1699981689453,149.36000061035156,148.6999969482422,149.17999267578125,13782900
2021-09-20,130.05902099609375,151.02000427246094,151.3699951171875,150.22999572753906,150.57000732421875,14660400
2021-09-21,129.94708251953125,150.88999938964844,150.9600067138672,150.1999969482422,150.7100067138672,10035800
2021-09-22,130.72213745117188,151.7899932861328,151.7899932861328,150.44000244140625,150.7899932861328,22277800
2021-09-23,127.76822662353516,148.36000061035156,150.4499969482422,148.33999633789062,150.4199981689453,23853300
2021-09-24,126.5195083618164,146.91000366210938,147.85000610351562,146.74000549316406,147.83999633789062,20203900
2021-09-27,126.05445098876953,146.3699951171875,146.8699951171875,145.8800048828125,146.05999755859375,13464300
2021-09-28,124.09091186523438,144.08999633789062,145.07000732421875,143.63999938964844,144.3300018310547,26613500
2021-09-29,124.30621337890625,144.33999633789062,145.42999267578125,143.69000244140625,144.8000030517578,23569400
2021-09-30,124.28898620605469,144.32000732421875,144.50999450683594,143.64999389648438,144.10000610351562,22567600
2021-10-01,125.33500671386719,145.35000610351562,145.39999389648438,144.1999969482422,144.85000610351562,26151800
2021-10-04,125.0158920288086,144.97999572753906,145.4600067138672,144.10000610351562,144.6699981689453,28027600
2021-10-05,123.80867004394531,143.5800018310547,144.6999969482422,143.4600067138672,144.60000610351562,22659200
2021-10-06,124.50716400146484,144.38999938964844,144.72000122070312,144.02999877929688,144.22999572753906,18696500
2021-10-07,123.2051010131836,142.8800048828125,143.33999633789062,142.58999633789062,143.19000244140625,14856000
2021-10-08,122.34278106689453,141.8800048828125,142.35000610351562,141.52999877929688,142.25999450683594,17257800
2021-10-11,122.03234100341797,141.52000427246094,141.89999389648438,141.4499969482422,141.60000610351562,7213400
2021-10-12,124.11911010742188,143.94000244140625,144.00999450683594,142.47999572753906,142.6300048828125,17968700
2021-10-13,125.32632446289062,145.33999633789062,145.52999877929688,144.5800018310547,144.61000061035156,23584600
2021-10-14,125.7919921875,145.8800048828125,145.9600067138672,144.9499969482422,145.3699951171875,12946400
2021-10-15,125.05901336669922,145.02999877929688,145.13999938964844,144.47000122070312,145.0,11811500
2021-10-18,125.64537048339844,145.7100067138672,146.0,144.52000427246094,145.0,12115900
2021-10-19,123.9121322631836,143.6999969482422,144.72999572753906,143.64999389648438,144.66000366210938,12156300
2021-10-20,123.07575988769531,142.72999572753906,143.67999267578125,142.50999450683594,143.25,12782500
2021-10-21,122.92918395996094,142.55999755859375,143.14999389648438,142.22999572753906,143.0,13660000
2021-10-22,124.28291320800781,144.1300048828125,144.39999389648438,143.2100067138672,143.4499969482422,13740000
2021-10-25,124.09321594238281,143.91000366210938,144.3000030517578,143.6300048828125,143.6699981689453,8137900
2021-10-26,125.11936950683594,145.10000610351562,145.10000610351562,143.74000549316406,144.6199951171875,13671000
2021-10-27,127.39582061767578,147.74000549316406,148.17999267578125,145.92999267578125,146.39999389648438,22092300
2021-10-28,126.96472930908203,147.24000549316406,148.3300018310547,146.83999633789062,147.7899932861328,17497600
2021-10-29,127.35269165039062,147.69000244140625,148.0,146.32000732421875,146.47000122070312,19087300
2021-11-01,126.43582153320312,146.44000244140625,146.75999450683594,145.6999969482422,145.8000030517578,18035500
2021-11-02,126.99699401855469,147.08999633789062,147.57000732421875,146.5,146.5,9836700
2021-11-03,125.68463897705078,145.57000732421875,147.97999572753906,145.52999877929688,147.82000732421875,20639400
2021-11-04,127.00566101074219,147.10000610351562,147.36000061035156,145.85000610351562,145.8699951171875,15922400
2021-11-05,128.9050750732422,149.3000030517578,149.5800018310547,148.1300048828125,148.52000427246094,21513000
2021-11-08,128.66334533691406,149.02000427246094,149.27999877929688,148.50999450683594,148.9600067138672,12083800
2021-11-09,130.33837890625,150.9600067138672,151.77000427246094,150.63999938964844,150.8000030517578,23430200
2021-11-10,127.95533752441406,148.1999969482422,150.92999267578125,147.02999877929688,150.8300018310547,28170600
2021-11-11,127.76541900634766,147.97999572753906,148.66000366210938,147.88999938964844,148.50999450683594,5552500
2021-11-12,127.20425415039062,147.3300018310547,148.50999450683594,146.75999450683594,148.0,12712000
2021-11-15,125.60686492919922,145.47999572753906,146.9600067138672,145.22000122070312,146.88999938964844,15232700
2021-11-16,125.28751373291016,145.11000061035156,146.3800048828125,144.85000610351562,145.69000244140625,12998700
2021-11-17,126.28031158447266,146.25999450683594,146.2899932861328,144.4600067138672,144.57000732421875,14239900
2021-11-18,126.75517272949219,146.80999755859375,146.89999389648438,145.9499969482422,145.99000549316406,11054600
2021-11-19,128.09353637695312,148.36000061035156,148.60000610351562,147.5800018310547,147.5800018310547,14022100
2021-11-22,126.5912094116211,146.6199951171875,147.63999938964844,146.1300048828125,147.39999389648438,15266000
2021-11-23,124.76079559326172,144.5,146.11000061035156,144.5,145.92999267578125,15318500
2021-11-24,126.76387023925781,146.82000732421875,146.82000732421875,144.7899932861328,144.94000244140625,13769700
2021-11-26,129.967041015625,150.52999877929688,150.67999267578125,148.6699981689453,148.8300018310547,20064800
2021-11-29,128.92236328125,149.32000732421875,149.63999938964844,148.1699981689453,148.30999755859375,23234200
2021-11-30,130.88229370117188,151.58999633789062,152.07000732421875,150.25,150.8300018310547,31481100
2021-12-01,131.6896209716797,152.33999633789062,152.41000366210938,149.7899932861328,150.49000549316406,30826500
2021-12-02,131.8539276123047,152.52999877929688,152.99000549316406,150.75999450683594,152.92999267578125,17754200
2021-12-03,133.42726135253906,154.35000610351562,155.1199951171875,151.35000610351562,151.67999267578125,34427100
2021-12-06,131.59463500976562,152.22999572753906,154.35000610351562,151.92999267578125,154.0500030517578,30924200
2021-12-07,130.5313262939453,151.0,152.52999877929688,150.86000061035156,151.72000122070312,22115900
2021-12-08,128.27513122558594,148.38999938964844,150.47999572753906,148.36000061035156,150.47000122070312,33633900
2021-12-09,128.99261474609375,149.22000122070312,149.83999633789062,148.47999572753906,149.33999633789062,17544900
2021-12-10,128.68142700195312,148.86000061035156,150.24000549316406,148.80999755859375,149.9199981689453,14298700
2021-12-13,130.5832061767578,151.05999755859375,151.30999755859375,150.30999755859375,150.38999938964844,17860500
2021-12-14,130.27200317382812,150.6999969482422,150.92999267578125,149.30999755859375,150.3699951171875,14015500
2021-12-15,129.01852416992188,149.25,150.7899932861328,149.1300048828125,149.61000061035156,25383900
2021-12-16,129.06874084472656,149.13999938964844,149.8800048828125,148.72999572753906,148.75,18677900
2021-12-17,130.53128051757812,150.8300018310547,150.97999572753906,150.16000366210938,150.33999633789062,18093500
2021-12-20,129.55335998535156,149.6999969482422,151.02000427246094,149.60000610351562,150.75,17147300
2021-12-21,129.0601043701172,149.1300048828125,149.1999969482422,147.6199951171875,148.13999938964844,16598200
2021-12-22,129.65724182128906,149.82000732421875,149.86000061035156,149.02000427246094,149.72999572753906,12253900
2021-12-23,128.5321807861328,148.52000427246094,149.60000610351562,148.02999877929688,149.58999633789062,11642500
2021-12-27,128.84371948242188,148.8800048828125,149.00999450683594,148.32000732421875,148.4600067138672,7821800
2021-12-28,128.3330841064453,148.2899932861328,149.77999877929688,148.00999450683594,149.60000610351562,9174600
2021-12-29,126.9311752319336,146.6699981689453,147.30999755859375,146.41000366210938,146.91000366210938,11771200
2021-12-30,127.99557495117188,147.89999389648438,147.97000122070312,146.4499969482422,147.25,10355000
2021-12-31,128.24656677246094,148.19000244140625,149.02999877929688,147.42999267578125,147.80999755859375,13402300
2022-01-03,124.88011169433594,144.3000030517578,146.94000244140625,144.27999877929688,146.41000366210938,33860400
2022-01-04,124.36085510253906,143.6999969482422,144.1300048828125,142.74000549316406,143.61000061035156,21996400
2022-01-05,123.685791015625,142.9199981689453,144.16000366210938,142.7100067138672,144.13999938964844,20911700
2022-01-06,124.00604248046875,143.2899932861328,143.44000244140625,142.2899932861328,142.58999633789062,18996400
2022-01-07,123.1146469116211,142.25999450683594,143.24000549316406,141.55999755859375,143.1300048828125,18756800
2022-01-10,123.4175796508789,142.61000061035156,142.80999755859375,141.36000061035156,141.64999389648438,13775800
2022-01-11,124.23963165283203,143.55999755859375,143.6300048828125,142.6999969482422,142.8800048828125,24388700
2022-01-12,123.76367950439453,143.00999450683594,144.00999450683594,143.0,143.89999389648438,14440600
2022-01-13,124.86280822753906,144.27999877929688,144.4199981689453,143.02999877929688,143.38999938964844,15166000
2022-01-14,122.97618865966797,142.10000610351562,143.4600067138672,141.7899932861328,143.4199981689453,22997500
2022-01-18,121.24534606933594,140.10000610351562,141.30999755859375,140.02000427246094,140.9600067138672,21171700
2022-01-19,122.08480072021484,141.07000732421875,141.7100067138672,140.30999755859375,140.52999877929688,17930500
2022-01-20,122.83770751953125,141.94000244140625,141.99000549316406,141.08999633789062,141.3699951171875,13959000
2022-01-21,124.30028533935547,143.6300048828125,144.10000610351562,142.6699981689453,143.39999389648438,28916600
2022-01-24,123.279052734375,142.4499969482422,144.3699951171875,142.42999267578125,144.3000030517578,25001600
2022-01-25,123.08001708984375,142.22000122070312,143.7100067138672,141.8000030517578,143.11000061035156,15599000
2022-01-26,121.59151458740234,140.5,142.57000732421875,140.49000549316406,142.25999450683594,23655500
2022-01-27,123.82431030273438,143.0800018310547,143.3699951171875,142.3300018310547,142.41000366210938,21501800
2022-01-28,123.86758422851562,143.1300048828125,143.4600067138672,141.85000610351562,142.08999633789062,12826500
2022-01-31,123.2271499633789,142.38999938964844,142.9499969482422,141.9600067138672,142.17999267578125,13998400
2022-02-01,122.81809997558594,141.72000122070312,142.36000061035156,141.05999755859375,142.27999877929688,20806100
2022-02-02,123.23408508300781,142.1999969482422,143.57000732421875,141.92999267578125,141.9499969482422,18404600
2022-02-03,122.27213287353516,141.08999633789062,141.47999572753906,140.17999267578125,140.44000244140625,17234100
2022-02-04,120.46952819824219,139.00999450683594,140.13999938964844,138.77999877929688,139.85000610351562,23609800
2022-02-07,120.54756164550781,139.10000610351562,139.30999755859375,138.5500030517578,138.91000366210938,12962400
2022-02-08,119.74162292480469,138.1699981689453,138.5800018310547,137.82000732421875,138.2100067138672,16269200
2022-02-09,119.96691131591797,138.42999267578125,139.3699951171875,138.19000244140625,138.72000122070312,14349100
2022-02-10,118.06031036376953,136.22999572753906,137.8300018310547,135.83999633789062,137.66000366210938,30896200
2022-02-11,119.8109130859375,138.25,138.50999450683594,135.36000061035156,136.8699951171875,43210300
2022-02-14,118.32030487060547,136.52999877929688,137.74000549316406,135.97000122070312,137.1300048828125,23157400
2022-02-15,116.97705841064453,134.97999572753906,135.83999633789062,134.94000244140625,135.60000610351562,18198500
2022-02-16,117.67034912109375,135.77999877929688,136.07000732421875,134.50999450683594,135.9499969482422,16473700
2022-02-17,118.54564666748047,136.7899932861328,137.57000732421875,135.89999389648438,136.4499969482422,24508200
2022-02-18,119.79354858398438,138.22999572753906,138.3699951171875,137.16000366210938,137.52000427246094,17522600
2022-02-22,120.10553741455078,138.58999633789062,138.6699981689453,137.47000122070312,137.69000244140625,19534000
2022-02-23,118.45030212402344,136.67999267578125,137.85000610351562,136.57000732421875,137.67999267578125,17757800
2022-02-24,118.52831268310547,136.77000427246094,139.3699951171875,136.25,139.10000610351562,28150400
2022-02-25,118.61497497558594,136.8699951171875,137.30999755859375,136.17999267578125,136.86000061035156,15025400
2022-02-28,121.21484375,139.8699951171875,140.0399932861328,138.32000732421875,138.42999267578125,25817700
2022-03-01,122.61628723144531,141.3000030517578,142.3300018310547,140.0,140.36000061035156,35664400
2022-03-02,118.42493438720703,136.47000122070312,140.4199981689453,136.41000366210938,139.83999633789062,30397400
2022-03-03,119.63116455078125,137.86000061035156,138.6999969482422,137.02000427246094,137.49000549316406,20649100
2022-03-04,121.69646453857422,140.24000549316406,140.82000732421875,139.30999755859375,140.36000061035156,25853100
2022-03-07,120.76790618896484,139.1699981689453,140.63999938964844,138.77000427246094,139.1199951171875,23710900
2022-03-08,119.55304718017578,137.77000427246094,138.25,137.25,137.50999450683594,28331300
2022-03-09,118.38158416748047,136.4199981689453,137.33999633789062,136.1300048828125,137.07000732421875,18819200
2022-03-10,116.68073272705078,134.4600067138672,135.1699981689453,133.72000122070312,134.8300018310547,26868900
2022-03-11,117.07125854492188,134.91000366210938,135.4499969482422,134.2100067138672,134.3300018310547,15583800
2022-03-14,114.33777618408203,131.75999450683594,132.88999938964844,131.72000122070312,132.6999969482422,24385000
2022-03-15,114.13817596435547,131.52999877929688,133.14999389648438,131.19000244140625,132.86000061035156,17518800
2022-03-16,115.25758361816406,132.82000732421875,133.1300048828125,130.32000732421875,131.8300018310547,25857700
2022-03-17,114.39849090576172,131.8300018310547,133.33999633789062,131.07000732421875,132.82000732421875,19330600
2022-03-18,115.79560089111328,133.44000244140625,133.5399932861328,132.57000732421875,132.57000732421875,55891700
2022-03-21,113.11418151855469,130.35000610351562,131.6699981689453,129.75,131.27999877929688,26122000
2022-03-22,111.66500854492188,128.67999267578125,129.33999633789062,128.33999633789062,128.9600067138672,21830900
2022-03-23,114.11211395263672,131.5,131.60000610351562,128.86000061035156,129.3699951171875,21266100
2022-03-24,113.21831512451172,130.47000122070312,131.17999267578125,129.60000610351562,129.64999389648438,17141600
2022-03-25,111.64764404296875,128.66000366210938,129.52000427246094,127.6500015258789,129.5,25684500
2022-03-28,112.6021728515625,129.75999450683594,130.55999755859375,129.0399932861328,129.38999938964844,17657800
2022-03-29,113.45265197753906,130.74000549316406,131.5500030517578,129.74000549316406,130.55999755859375,19319700
2022-03-30,114.33777618408203,131.75999450683594,132.00999450683594,129.99000549316406,130.07000732421875,16310200
2022-03-31,114.61543273925781,132.0800018310547,132.6699981689453,131.66000366210938,131.97999572753906,19901000
2022-04-01,115.0517578125,132.3800048828125,132.9600067138672,129.7100067138672,130.00999450683594,23489700
2022-04-04,114.25215148925781,131.4600067138672,131.97999572753906,130.7100067138672,131.92999267578125,13609900
2022-04-05,111.6709213256836,128.49000549316406,130.77999877929688,128.2899932861328,130.75999450683594,25196900
2022-04-06,110.76707458496094,127.44999694824219,128.3000030517578,126.4000015258789,126.43000030517578,22952000
2022-04-07,109.93270874023438,126.48999786376953,126.66999816894531,125.41000366210938,126.11000061035156,23458800
2022-04-08,108.74202728271484,125.12000274658203,125.83000183105469,124.26000213623047,125.44999694824219,26859200
2022-04-11,107.02120971679688,123.13999938964844,124.19000244140625,122.55999755859375,123.91999816894531,30020700
2022-04-12,106.87345123291016,122.97000122070312,124.16000366210938,122.66999816894531,124.05000305175781,23124200
2022-04-13,107.09076690673828,123.22000122070312,124.30000305175781,122.88999938964844,123.05000305175781,17189500
2022-04-14,104.94406127929688,120.75,122.93000030517578,120.37999725341797,122.86000061035156,34274500
2022-04-18,104.42262268066406,120.1500015258789,121.08000183105469,119.69000244140625,120.87000274658203,18784300
2022-04-19,103.64042663574219,119.25,119.72000122070312,118.66999816894531,119.1500015258789,26012300
2022-04-20,105.72626495361328,121.6500015258789,121.97000122070312,119.91999816894531,120.22000122070312,31423200
2022-04-21,104.94406127929688,120.75,120.91000366210938,119.16999816894531,120.83000183105469,23323200
2022-04-22,104.28355407714844,119.98999786376953,121.44000244140625,119.80999755859375,120.06999969482422,19773400
2022-04-25,105.32646942138672,121.19000244140625,122.19000244140625,121.12999725341797,121.37999725341797,25418900
2022-04-26,106.3867416381836,122.41000366210938,123.02999877929688,121.76000213623047,122.44000244140625,26931300
2022-04-27,105.02229309082031,120.83999633789062,122.31999969482422,120.7699966430664,122.19000244140625,14560500
2022-04-28,105.1787109375,121.0199966430664,121.06999969482422,120.01000213623047,120.38999938964844,16892500
2022-04-29,103.81422424316406,119.44999694824219,120.97000122070312,119.11000061035156,119.30999755859375,26153400
2022-05-02,102.01473999023438,117.18000030517578,118.2699966430664,116.93000030517578,117.86000061035156,29233900
2022-05-03,102.70249938964844,117.97000122070312,119.30999755859375,117.88999938964844,119.04000091552734,21256700
2022-05-04,103.26838684082031,118.62000274658203,118.97000122070312,117.3499984741211,117.97000122070312,25575700
2022-05-05,100.43900299072266,115.37000274658203,116.47000122070312,114.0199966430664,116.3499984741211,48384500
2022-05-06,98.95899963378906,113.66999816894531,115.04000091552734,113.30999755859375,114.13999938964844,32790500
2022-05-09,99.82959747314453,114.66999816894531,114.70999908447266,112.62000274658203,112.86000061035156,26773000
2022-05-10,100.73499298095703,115.70999908447266,116.95999908447266,115.4800033569336,115.88999938964844,33640800
2022-05-11,102.67639923095703,117.94000244140625,117.94000244140625,114.44000244140625,114.73999786376953,34173600
2022-05-12,102.48484802246094,117.72000122070312,118.88999938964844,117.66000366210938,118.0199966430664,26405700
2022-05-13,100.97004699707031,115.9800033569336,117.1500015258789,115.9000015258789,116.9800033569336,20782700
2022-05-16,100.86558532714844,115.86000061035156,116.94000244140625,115.8499984741211,116.20999908447266,11050600
2022-05-17,99.6467514038086,114.45999908447266,115.3499984741211,114.36000061035156,114.70999908447266,15040800
2022-05-18,101.77098083496094,116.9000015258789,117.0,114.61000061035156,114.72000122070312,21337300
2022-05-19,102.01473999023438,117.18000030517578,118.72000122070312,116.8499984741211,118.63999938964844,21937500
2022-05-20,103.17261505126953,118.51000213623047,119.0199966430664,117.05999755859375,117.08999633789062,22780900
2022-05-23,101.47496795654297,116.55999755859375,118.25,116.54000091552734,117.70999908447266,15925200
2022-05-24,103.4773178100586,118.86000061035156,119.63999938964844,117.86000061035156,117.9000015258789,23388200
2022-05-25,103.88648223876953,119.33000183105469,119.62000274658203,118.58999633789062,119.61000061035156,14410800
2022-05-26,103.41637420654297,118.79000091552734,119.08999633789062,117.80000305175781,119.0199966430664,14912900
2022-05-27,103.6688461303711,119.08000183105469,119.73999786376953,118.73999786376953,119.36000061035156,11190400
2022-05-31,101.47496795654297,116.55999755859375,117.2300033569336,115.93000030517578,117.18000030517578,28393700
2022-06-01,101.35897827148438,116.22000122070312,117.33999633789062,115.69000244140625,117.02999877929688,15544800
2022-06-02,101.41131591796875,116.27999877929688,116.70999908447266,115.45999908447266,116.62999725341797,9832000
2022-06-03,101.19327545166016,116.02999877929688,116.05999755859375,114.87000274658203,115.08999633789062,15330400
2022-06-06,99.32694244384766,113.88999938964844,115.51000213623047,113.80999755859375,115.1500015258789,20815400
2022-06-07,100.39965057373047,115.12000274658203,115.77999877929688,114.58000183105469,114.61000061035156,14278700
2022-06-08,99.51006317138672,114.0999984741211,115.12999725341797,114.08000183105469,114.68000030517578,11476100
2022-06-09,99.84147644042969,114.4800033569336,114.70999908447266,113.68000030517578,113.83999633789062,15527300
2022-06-10,99.2222671508789,113.7699966430664,114.61000061035156,112.97000122070312,114.36000061035156,21917100
2022-06-13,96.10877990722656,110.19999694824219,111.66999816894531,109.23999786376953,111.48999786376953,36968300
2022-06-14,94.89651489257812,108.80999755859375,110.9800033569336,108.58999633789062,110.52999877929688,21865900
2022-06-15,96.66693878173828,110.83999633789062,110.98999786376953,109.02999877929688,110.08999633789062,25202800
2022-06-16,97.4344253540039,111.72000122070312,111.72000122070312,108.12000274658203,108.44999694824219,26067300
2022-06-17,97.74836730957031,112.08000183105469,112.83000183105469,110.95999908447266,112.01000213623047,21614300
2022-06-21,96.09131622314453,110.18000030517578,111.0199966430664,109.80999755859375,110.08999633789062,17663800
2022-06-22,98.73388671875,113.20999908447266,113.30999755859375,112.37999725341797,112.69000244140625,23703800
2022-06-23,99.54497528076172,114.13999938964844,115.16999816894531,113.48999786376953,113.9000015258789,20669200
2022-06-24,98.16699981689453,112.55999755859375,114.16999816894531,112.5,113.45999908447266,18161300
2022-06-27,97.32975006103516,111.5999984741211,112.22000122070312,111.16000366210938,111.22000122070312,12053000
2022-06-28,97.78327941894531,112.12000274658203,112.18000030517578,110.87000274658203,111.29000091552734,13706600
2022-06-29,99.3094711303711,113.87000274658203,113.9000015258789,112.16999816894531,112.37999725341797,12925400
2022-06-30,100.18159484863281,114.87000274658203,115.7699966430664,114.75,114.86000061035156,25802100
2022-07-01,101.21014404296875,115.81999969482422,117.58999633789062,115.22000122070312,115.9000015258789,21858800
2022-07-05,102.00535583496094,116.7300033569336,117.75,116.16999816894531,116.88999938964844,16689700
2022-07-06,100.29256439208984,114.7699966430664,117.54000091552734,114.7699966430664,117.38999938964844,20205400
2022-07-07,99.4100112915039,113.76000213623047,115.16999816894531,113.51000213623047,115.0999984741211,13088000
2022-07-08,98.30894470214844,112.5,113.5,112.05000305175781,113.5,15320000
2022-07-11,100.00421142578125,114.44000244140625,114.79000091552734,113.69999694824219,113.79000091552734,13639900
2022-07-12,100.59844970703125,115.12000274658203,116.2300033569336,114.97000122070312,115.51000213623047,18547300
2022-07-13,101.75193786621094,116.44000244140625,116.6500015258789,113.44999694824219,113.7699966430664,20594800
2022-07-14,100.92176055908203,115.48999786376953,116.16000366210938,114.47000122070312,115.08000183105469,15665000
2022-07-15,101.48977661132812,116.13999938964844,116.81999969482422,115.5999984741211,115.83999633789062,16022600
2022-07-18,100.43241882324219,114.93000030517578,115.31999969482422,114.18000030517578,115.25,15838300
2022-07-19,99.89060974121094,114.30999755859375,115.1500015258789,113.66000366210938,114.91000366210938,9276800
2022-07-20,100.15278625488281,114.61000061035156,115.55000305175781,114.05000305175781,115.4800033569336,9117300
2022-07-21,101.88298034667969,116.58999633789062,116.72000122070312,115.01000213623047,115.19000244140625,14754900
2022-07-22,103.59578704833984,118.55000305175781,119.2699966430664,117.97000122070312,118.29000091552734,17715300
2022-07-25,102.58209991455078,117.38999938964844,117.54000091552734,116.47000122070312,116.70999908447266,24868100
2022-07-26,102.6607437133789,117.4800033569336,119.23999786376953,117.4000015258789,118.86000061035156,13536000
2022-07-27,102.08399200439453,116.81999969482422,118.48999786376953,116.70999908447266,118.01000213623047,15725600
2022-07-28,102.89669036865234,117.75,118.91999816894531,117.31999969482422,118.05000305175781,16637900
2022-07-29,102.61705017089844,117.43000030517578,119.30999755859375,117.33000183105469,117.69999694824219,16655900
2022-08-01,105.08841705322266,120.04000091552734,120.0999984741211,118.08000183105469,118.25,17974600
2022-08-02,102.86479187011719,117.5,120.69000244140625,117.29000091552734,120.1500015258789,17896300
2022-08-03,104.48438262939453,119.3499984741211,119.48999786376953,116.33000183105469,117.16999816894531,16731200
2022-08-04,104.4493408203125,119.30999755859375,119.55000305175781,118.54000091552734,118.9800033569336,11003000
2022-08-05,101.96310424804688,116.47000122070312,117.11000061035156,115.88999938964844,117.06999969482422,19492300
2022-08-08,103.60890197753906,118.3499984741211,118.52999877929688,117.55999755859375,117.63999938964844,17476300
2022-08-09,103.20621490478516,117.88999938964844,118.36000061035156,117.45999908447266,117.7300033569336,8223200
2022-08-10,102.53213500976562,117.12000274658203,118.91000366210938,116.7300033569336,117.7300033569336,14665300
2022-08-11,100.14215850830078,114.38999938964844,117.05999755859375,114.08999633789062,116.87000274658203,20663800
2022-08-12,101.15768432617188,115.55000305175781,115.56999969482422,114.43000030517578,115.0999984741211,12178400
2022-08-15,101.07011413574219,115.44999694824219,116.75,115.44999694824219,116.33000183105469,9031800
2022-08-16,101.49034881591797,115.93000030517578,116.0199966430664,114.23999786376953,115.25,11066000
2022-08-17,100.43106079101562,114.72000122070312,115.0999984741211,114.30999755859375,115.05999755859375,14131300
2022-08-18,100.57991027832031,114.88999938964844,115.63999938964844,114.58999633789062,114.97000122070312,10738200
2022-08-19,98.96031951904297,113.04000091552734,113.33999633789062,112.73999786376953,113.2300033569336,16330900
2022-08-22,98.62765502929688,112.66000366210938,112.95999908447266,112.12999725341797,112.86000061035156,10457200
2022-08-23,98.08487701416016,112.04000091552734,113.4800033569336,111.73999786376953,112.19000244140625,17813200
2022-08-24,97.36700439453125,111.22000122070312,111.87000274658203,110.86000061035156,111.48999786376953,13971600
2022-08-25,98.72393035888672,112.7699966430664,113.08999633789062,110.98999786376953,111.31999969482422,21429700
2022-08-26,99.46809387207031,113.62000274658203,113.98999786376953,112.01000213623047,112.30000305175781,18764400
2022-08-29,98.64517974853516,112.68000030517578,113.01000213623047,112.12999725341797,112.94000244140625,14278300
2022-08-30,98.89028930664062,112.95999908447266,113.51000213623047,112.20999908447266,112.62000274658203,14346600
2022-08-31,97.9448013305664,111.87999725341797,113.33999633789062,111.58000183105469,112.69000244140625,13623500
2022-09-01,96.15159606933594,109.5999984741211,110.25,108.94000244140625,109.87000274658203,22490400
2022-09-02,96.69551849365234,110.22000122070312,110.55999755859375,109.47000122070312,109.68000030517578,13024400
2022-09-06,94.30052185058594,107.48999786376953,108.97000122070312,107.41999816894531,108.9000015258789,24648500
2022-09-07,95.79191589355469,109.19000244140625,109.4800033569336,108.20999908447266,108.31999969482422,17050100
2022-09-08,94.80933380126953,108.06999969482422,109.5199966430664,108.05000305175781,108.83999633789062,14671400
2022-09-09,95.0198974609375,108.30999755859375,108.80000305175781,107.62999725341797,108.33000183105469,12529800
2022-09-12,94.23908996582031,107.41999816894531,108.88999938964844,106.91999816894531,108.62999725341797,14806900
2022-09-13,94.45842742919922,107.66999816894531,107.73999786376953,106.23999786376953,106.55999755859375,22158900
2022-09-14,94.78303527832031,108.04000091552734,108.20999908447266,107.12000274658203,107.33999633789062,13077800
2022-09-15,94.72162628173828,107.97000122070312,108.19000244140625,107.58000183105469,107.8499984741211,10260200
2022-09-16,93.93204498291016,107.06999969482422,108.05000305175781,106.7699966430664,107.02999877929688,18903800
2022-09-19,94.1513900756836,107.31999969482422,107.81999969482422,106.80000305175781,106.95999908447266,11084400
2022-09-20,93.21266174316406,106.25,106.83999633789062,105.4000015258789,105.69000244140625,20133800
2022-09-21,94.77425384521484,108.02999877929688,108.04000091552734,105.97000122070312,106.69999694824219,23132900
2022-09-22,92.35291290283203,105.2699966430664,105.95999908447266,104.7300033569336,105.79000091552734,29030600
2022-09-23,92.73016357421875,105.69999694824219,106.43000030517578,104.55999755859375,105.33999633789062,23042200
2022-09-26,90.95802307128906,103.68000030517578,105.41000366210938,103.22000122070312,105.36000061035156,25104600
2022-09-27,88.56301879882812,100.94999694824219,102.9800033569336,100.9000015258789,102.70999908447266,34609500
2022-09-28,91.52824401855469,104.33000183105469,104.44999694824219,102.4800033569336,103.12999725341797,39283100
2022-09-29,91.05453491210938,103.79000091552734,104.2300033569336,102.80000305175781,102.9000015258789,19127100
2022-09-30,89.8789291381836,102.44999694824219,104.86000061035156,102.2300033569336,104.2699966430664,26485700
2022-10-03,91.30706787109375,103.83000183105469,104.68000030517578,103.1500015258789,103.8499984741211,27192200
2022-10-04,91.05205535888672,103.54000091552734,104.6500015258789,103.30000305175781,104.1500015258789,13788700
2022-10-05,90.18144226074219,102.55000305175781,102.83999633789062,101.58000183105469,102.7300033569336,20522100
2022-10-06,89.68021392822266,101.9800033569336,102.83999633789062,101.52999877929688,102.58999633789062,13965700
2022-10-07,88.80960845947266,100.98999786376953,101.62000274658203,100.47000122070312,100.80999755859375,14814800
2022-10-10,87.42897033691406,99.41999816894531,100.51000213623047,98.80000305175781,100.5,15652600
2022-10-11,87.8158950805664,99.86000061035156,100.9000015258789,98.98999786376953,99.73999786376953,33246700
2022-10-12,88.24677276611328,100.3499984741211,100.54000091552734,99.19000244140625,99.27999877929688,21447600
2022-10-13,87.40258026123047,99.38999938964844,100.37999725341797,98.33999633789062,98.36000061035156,30292500
2022-10-14,86.68148040771484,98.56999969482422,100.19000244140625,98.25,100.19000244140625,18728200
2022-10-17,86.2593765258789,98.08999633789062,99.66000366210938,97.94000244140625,99.29000091552734,18969900
2022-10-18,86.46163177490234,98.31999969482422,98.45999908447266,96.87000274658203,97.94999694824219,16931500
2022-10-19,84.88751220703125,96.52999877929688,97.41999816894531,96.31999969482422,97.19000244140625,25431600
2022-10-20,83.43653869628906,94.87999725341797,96.33000183105469,94.73999786376953,95.93000030517578,25434900
2022-10-21,81.93276977539062,93.16999816894531,93.93000030517578,92.26000213623047,93.0199966430664,46280300
2022-10-24,81.25563049316406,92.4000015258789,93.55000305175781,91.8499984741211,92.81999969482422,31332600
2022-10-25,83.6211929321289,95.08999633789062,95.2300033569336,94.44000244140625,94.58000183105469,31213100
2022-10-26,84.82596588134766,96.45999908447266,96.69000244140625,95.7699966430664,95.7699966430664,24843900
2022-10-27,85.71415710449219,97.47000122070312,97.9000015258789,96.22000122070312,96.9800033569336,20270000
2022-10-28,85.12496185302734,96.80000305175781,97.62999725341797,96.41000366210938,96.86000061035156,22244100
2022-10-31,84.51817321777344,96.11000061035156,96.62000274658203,95.02999877929688,96.36000061035156,23956700
2022-11-01,85.30802154541016,96.7699966430664,97.41999816894531,96.20999908447266,97.37999725341797,17585100
2022-11-02,84.93778991699219,96.3499984741211,97.62999725341797,95.95999908447266,96.91000366210938,25010500
2022-11-03,84.47940063476562,95.83000183105469,96.37999725341797,95.08999633789062,95.16999816894531,29097500
2022-11-04,83.06008911132812,94.22000122070312,95.66000366210938,94.22000122070312,95.0999984741211,23561400
2022-11-07,82.23140716552734,93.27999877929688,94.86000061035156,93.23999786376953,94.80000305175781,14522800
2022-11-08,83.13062286376953,94.30000305175781,94.95999908447266,93.7699966430664,93.80000305175781,20360600
2022-11-09,83.40390014648438,94.61000061035156,95.0199966430664,93.69000244140625,93.81999969482422,15637500
2022-11-10,86.61275482177734,98.25,98.43000030517578,96.63999938964844,96.7300033569336,45380900
2022-11-11,86.29539489746094,97.88999938964844,98.37000274658203,97.54000091552734,97.56999969482422,15943100
2022-11-14,86.08381652832031,97.6500015258789,97.98999786376953,97.08999633789062,97.91000366210938,13741100
2022-11-15,87.47667694091797,99.2300033569336,99.30000305175781,98.11000061035156,98.25,26608200
2022-11-16,89.38963317871094,101.4000015258789,101.44999694824219,99.73999786376953,100.0199966430664,28507700
2022-11-17,88.44641876220703,100.33000183105469,100.56999969482422,99.77999877929688,100.19999694824219,24528900
2022-11-18,87.83810424804688,99.63999938964844,100.88999938964844,99.55000305175781,100.5999984741211,14941300
2022-11-21,88.2083740234375,100.05999755859375,100.81999969482422,99.80000305175781,100.69000244140625,15534000
2022-11-22,89.46016693115234,101.4800033569336,101.62000274658203,100.52999877929688,100.6500015258789,18103100
2022-11-23,91.02052307128906,103.25,103.25,102.08000183105469,102.13999938964844,23234600
2022-11-25,90.71200561523438,102.9000015258789,102.93000030517578,102.43000030517578,102.61000061035156,9486100
2022-11-28,90.9676513671875,103.19000244140625,103.80999755859375,102.69000244140625,103.61000061035156,14563200
2022-11-29,89.90095520019531,101.9800033569336,102.95999908447266,101.91000366210938,102.1500015258789,16576400
2022-11-30,90.56211853027344,102.7300033569336,102.7300033569336,101.37000274658203,101.62000274658203,21581700
2022-12-01,93.45518493652344,105.76000213623047,105.80999755859375,103.0999984741211,103.1500015258789,53156800
2022-12-02,94.63047790527344,107.08999633789062,107.0999984741211,104.61000061035156,105.30000305175781,24479500
2022-12-05,93.30494689941406,105.58999633789062,105.98999786376953,104.9000015258789,105.83999633789062,20159700
2022-12-06,94.50675964355469,106.94999694824219,107.38999938964844,106.19000244140625,106.5,21754500
2022-12-07,96.7335433959961,109.47000122070312,109.68000030517578,108.19999694824219,108.37000274658203,30546700
2022-12-08,96.46844482421875,109.16999816894531,109.44999694824219,108.47000122070312,108.69999694824219,13377300
2022-12-09,93.95889282226562,106.33000183105469,108.16999816894531,106.2699966430664,107.94000244140625,25872200
2022-12-12,94.25932312011719,106.66999816894531,108.11000061035156,106.26000213623047,107.86000061035156,16897100
2022-12-13,95.16948699951172,107.69999694824219,109.08000183105469,107.45999908447266,109.04000091552734,23854700
2022-12-14,95.57596588134766,108.16000366210938,108.31999969482422,106.88999938964844,107.66000366210938,19517500
2022-12-15,95.94888305664062,108.31999969482422,109.12000274658203,108.16000366210938,108.38999938964844,20246200
2022-12-16,94.87708282470703,107.11000061035156,107.83000183105469,106.30999755859375,106.5999984741211,20838300
2022-12-19,93.28265380859375,105.30999755859375,105.83999633789062,104.9800033569336,105.83000183105469,26126800
2022-12-20,91.62622833251953,103.44000244140625,103.80999755859375,103.0999984741211,103.37999725341797,28869000
2022-12-21,91.85652923583984,103.69999694824219,104.4000015258789,102.95999908447266,104.29000091552734,15894100
2022-12-22,91.83879852294922,103.68000030517578,104.12000274658203,103.37999725341797,103.66999816894531,11322500
2022-12-23,90.49239349365234,102.16000366210938,102.80999755859375,102.0199966430664,102.58000183105469,15408900
2022-12-27,88.70311737060547,100.13999938964844,101.06999969482422,100.01000213623047,100.48999786376953,26475700
2022-12-28,88.1805191040039,99.55000305175781,100.77999877929688,99.3499984741211,100.6500015258789,17302900
2022-12-29,89.18146514892578,100.68000030517578,100.98999786376953,99.79000091552734,99.86000061035156,16593000
2022-12-30,88.18937683105469,99.55999755859375,100.55000305175781,99.37000274658203,99.87000274658203,20810200
2023-01-03,89.87234497070312,101.45999908447266,102.33999633789062,100.83999633789062,102.19999694824219,25313200
2023-01-04,91.10360717773438,102.8499984741211,103.4800033569336,102.20999908447266,103.22000122070312,21678200
2023-01-05,91.48452758789062,103.27999877929688,103.29000091552734,101.77999877929688,101.87000274658203,14771100
2023-01-06,93.16751098632812,105.18000030517578,105.30000305175781,102.63999938964844,102.69999694824219,27473700
2023-01-09,93.66355895996094,105.73999786376953,105.93000030517578,104.2699966430664,104.41000366210938,21472200
2023-01-10,92.11339569091797,103.98999786376953,104.81999969482422,103.5,104.52999877929688,20545200
2023-01-11,93.6103744506836,105.68000030517578,105.72000122070312,104.69999694824219,104.97000122070312,18794000
2023-01-12,95.45282745361328,107.76000213623047,107.80999755859375,104.55999755859375,105.81999969482422,32029600
2023-01-13,94.55821228027344,106.75,107.80000305175781,106.37999725341797,107.0999984741211,17750800
2023-01-17,93.94700622558594,106.05999755859375,106.66000366210938,105.6500015258789,105.66999816894531,13911700
2023-01-18,96.2234878540039,108.62999725341797,108.7699966430664,107.12000274658203,108.45999908447266,35497200
2023-01-19,95.62113952636719,107.94999694824219,108.37000274658203,107.44000244140625,108.0999984741211,17194700
2023-01-20,94.07099914550781,106.19999694824219,107.23999786376953,106.11000061035156,106.95999908447266,22754100
2023-01-23,93.62810516357422,105.69999694824219,106.19999694824219,105.48999786376953,105.56999969482422,12961500
2023-01-24,94.97452545166016,107.22000122070312,107.44999694824219,105.38999938964844,106.12000274658203,16417200
2023-01-25,95.20481872558594,107.4800033569336,107.91000366210938,106.63999938964844,107.37000274658203,11906500
2023-01-26,94.76191711425781,106.9800033569336,107.6500015258789,106.48999786376953,107.13999938964844,15549400
2023-01-27,94.52278900146484,106.70999908447266,106.95999908447266,106.11000061035156,106.19000244140625,11845500
2023-01-30,94.17732238769531,106.31999969482422,107.16000366210938,106.19000244140625,106.45999908447266,11459700
2023-01-31,94.93022155761719,107.16999816894531,107.27999877929688,105.87000274658203,106.9800033569336,13705300
2023-02-01,96.0714111328125,108.18000030517578,108.58999633789062,106.41999816894531,107.55000305175781,25305800
2023-02-02,96.19571685791016,108.31999969482422,109.3499984741211,108.08999633789062,108.91999816894531,19548400
2023-02-03,94.75704193115234,106.69999694824219,107.11000061035156,106.08000183105469,106.7699966430664,20619500
2023-02-06,94.05550384521484,105.91000366210938,106.30999755859375,105.68000030517578,105.75,15182400
2023-02-07,93.30061340332031,105.05999755859375,106.2300033569336,105.0,105.33000183105469,18290300
2023-02-08,93.74465942382812,105.55999755859375,105.58000183105469,104.38999938964844,105.04000091552734,13530700
2023-02-09,92.85659790039062,104.55999755859375,106.62000274658203,104.38999938964844,106.47000122070312,20469900
2023-02-10,91.8175277709961,103.38999938964844,104.44000244140625,103.12000274658203,104.4000015258789,16598300
2023-02-13,92.59016418457031,104.26000213623047,104.41999816894531,103.58000183105469,103.70999908447266,13134300
2023-02-14,92.37703704833984,104.0199966430664,104.83000183105469,103.13999938964844,104.19999694824219,15440300
2023-02-15,91.51560974121094,103.05000305175781,103.94999694824219,102.5,103.55000305175781,15246900
2023-02-16,90.21902465820312,101.58999633789062,102.22000122070312,101.33000183105469,102.06999969482422,19267300
2023-02-17,90.92060089111328,102.37999725341797,102.37999725341797,100.97000122070312,101.0999984741211,19560900
2023-02-21,89.15335845947266,100.38999938964844,101.19999694824219,100.27999877929688,101.01000213623047,22728000
2023-02-22,89.9703598022461,101.30999755859375,101.69000244140625,100.94999694824219,100.98999786376953,15165400
2023-02-23,90.84956359863281,102.30000305175781,102.58999633789062,101.47000122070312,101.54000091552734,15829100
2023-02-24,89.66841125488281,100.97000122070312,101.80000305175781,100.55999755859375,101.44000244140625,21403600
2023-02-27,89.91706848144531,101.25,101.69999694824219,100.91000366210938,101.29000091552734,14209200
2023-02-28,90.32559204101562,101.70999908447266,101.72000122070312,100.27999877929688,100.56999969482422,14955700
2023-03-01,89.35521697998047,100.37000274658203,101.02999877929688,99.95999908447266,100.81999969482422,19000000
2023-03-02,88.56287384033203,99.4800033569336,99.6500015258789,98.87999725341797,99.05999755859375,23763600
2023-03-03,90.70838928222656,101.88999938964844,101.9000015258789,100.56999969482422,100.93000030517578,30877300
2023-03-06,90.0051040649414,101.0999984741211,102.33999633789062,100.98999786376953,102.22000122070312,16631900
2023-03-07,90.55705261230469,101.72000122070312,102.37000274658203,100.87999725341797,101.45999908447266,23096500
2023-03-08,90.64608001708984,101.81999969482422,102.97000122070312,101.41999816894531,102.4000015258789,20252400
2023-03-09,90.86865997314453,102.06999969482422,102.5199966430664,101.33000183105469,101.55000305175781,21550400
2023-03-10,94.00233459472656,105.58999633789062,105.69000244140625,104.0,104.02999877929688,43921500
2023-03-13,94.21602630615234,105.83000183105469,109.0999984741211,105.04000091552734,108.19999694824219,51502500
2023-03-14,92.66697692871094,104.08999633789062,105.61000061035156,103.75,105.13999938964844,38417800
2023-03-15,94.45638275146484,106.0999984741211,107.70999908447266,105.3499984741211,106.77999877929688,45164100
2023-03-16,93.71746826171875,105.2699966430664,108.02999877929688,105.04000091552734,107.37999725341797,43089300
2023-03-17,95.12408447265625,106.8499984741211,107.7300033569336,106.45999908447266,106.6500015258789,38129000
2023-03-20,94.28724670410156,105.91000366210938,106.95999908447266,105.72000122070312,106.87999725341797,24242800
2023-03-21,93.47711944580078,105.0,105.41999816894531,104.54000091552734,105.08000183105469,18934900
2023-03-22,94.72346496582031,106.4000015258789,106.44999694824219,104.44000244140625,104.66000366210938,26388500
2023-03-23,94.72346496582031,106.4000015258789,106.55000305175781,104.81999969482422,105.36000061035156,25475100
2023-03-24,95.12408447265625,106.8499984741211,107.43000030517578,106.26000213623047,107.08999633789062,23652700
2023-03-27,92.88953399658203,104.33999633789062,105.76000213623047,104.33000183105469,105.05000305175781,22224500
2023-03-28,93.05868530273438,104.52999877929688,104.68000030517578,104.0199966430664,104.23999786376953,17794300
2023-03-29,92.8717269897461,104.31999969482422,104.44999694824219,103.5999984741211,103.69999694824219,16804400
2023-03-30,93.29905700683594,104.80000305175781,105.05000305175781,104.2699966430664,104.45999908447266,14315800
2023-03-31,94.6967544555664,106.37000274658203,106.55999755859375,105.08000183105469,105.3499984741211,25396700
2023-04-03,95.14212799072266,106.5999984741211,107.0999984741211,105.69999694824219,105.87999725341797,18234800
2023-04-04,95.61515808105469,107.12999725341797,107.80000305175781,105.75,105.77999877929688,18052400
2023-04-05,96.61476135253906,108.25,108.37000274658203,107.41000366210938,107.7699966430664,23047700
2023-04-06,96.86469268798828,108.52999877929688,108.87000274658203,108.38999938964844,108.41999816894531,16447300
2023-04-10,95.30278778076172,106.77999877929688,107.76000213623047,106.55999755859375,107.63999938964844,19134400
2023-04-11,95.49908447265625,107.0,107.08999633789062,106.51000213623047,107.05000305175781,13971200
2023-04-12,95.40096282958984,106.88999938964844,107.16999816894531,105.87999725341797,107.05000305175781,20563000
2023-04-13,94.65123748779297,106.05000305175781,107.38999938964844,105.87999725341797,107.05000305175781,22079400
2023-04-14,93.78550720214844,105.08000183105469,105.55000305175781,104.7699966430664,105.38999938964844,19801900
2023-04-17,92.66986083984375,103.83000183105469,104.58999633789062,103.70999908447266,104.41999816894531,19528800
2023-04-18,93.00008392333984,104.19999694824219,104.58999633789062,103.80000305175781,103.80999755859375,15922600
2023-04-19,92.91083526611328,104.0999984741211,104.23999786376953,103.4800033569336,103.91000366210938,16093900
2023-04-20,93.70516967773438,104.98999786376953,105.27999877929688,104.75,104.83000183105469,16450100
2023-04-21,93.1785888671875,104.4000015258789,105.45999908447266,104.2699966430664,105.30000305175781,15244700
2023-04-24,94.0800552368164,105.41000366210938,105.48999786376953,104.83999633789062,104.95999908447266,17034300
2023-04-25,95.46343231201172,106.95999908447266,107.12999725341797,106.27999877929688,106.33000183105469,21899900
2023-04-26,94.44596099853516,105.81999969482422,107.23999786376953,105.66999816894531,106.79000091552734,19610400
2023-04-27,93.50882720947266,104.7699966430664,105.2699966430664,104.61000061035156,105.19999694824219,20247600
2023-04-28,95.01716613769531,106.45999908447266,106.76000213623047,105.86000061035156,106.20999908447266,26954100
2023-05-01,92.27739715576172,103.12999725341797,105.41999816894531,102.83999633789062,105.2699966430664,32487300
2023-05-02,94.57695770263672,105.69999694824219,105.69999694824219,103.88999938964844,104.0,30057800
2023-05-03,95.10486602783203,106.29000091552734,106.5999984741211,105.27999877929688,106.0,23656200
2023-05-04,94.16535186767578,105.23999786376953,106.44999694824219,105.1500015258789,105.22000122070312,25110500
2023-05-05,93.8521728515625,104.88999938964844,104.9000015258789,104.11000061035156,104.3499984741211,15096500
2023-05-08,92.53688049316406,103.41999816894531,103.87000274658203,103.31999969482422,103.5199966430664,20587000
2023-05-09,92.2058334350586,103.05000305175781,103.63999938964844,103.0,103.5,19182500
2023-05-10,93.1005630493164,104.05000305175781,104.23999786376953,103.63999938964844,103.66999816894531,22886800
2023-05-11,94.0848388671875,105.1500015258789,105.5199966430664,104.72000122070312,105.30000305175781,19147200
2023-05-12,93.29741668701172,104.2699966430664,105.25,104.25,105.05000305175781,14198500
2023-05-15,92.33108520507812,103.19000244140625,103.47000122070312,103.12000274658203,103.38999938964844,20085300
2023-05-16,92.0536880493164,102.87999725341797,102.9000015258789,102.11000061035156,102.4000015258789,29251700
2023-05-17,91.78527069091797,102.58000183105469,103.16000366210938,102.3499984741211,103.08000183105469,21340900
2023-05-18,91.10523223876953,101.81999969482422,102.26000213623047,101.75,102.19999694824219,25536600
2023-05-19,90.46101379394531,101.0999984741211,101.86000061035156,100.93000030517578,101.26000213623047,29038000
2023-05-22,90.1388931274414,100.73999786376953,101.70999908447266,100.66999816894531,101.25,20131100
2023-05-23,90.39836883544922,101.02999877929688,101.25,100.27999877929688,100.43000030517578,21749500
2023-05-24,89.9510269165039,100.52999877929688,101.36000061035156,100.52999877929688,101.27999877929688,18473400
2023-05-25,89.727294921875,100.27999877929688,100.80000305175781,100.02999877929688,100.69999694824219,22492800
2023-05-26,90.45206451416016,101.08999633789062,101.16999816894531,100.0,100.12000274658203,17030300
2023-05-30,91.35578155517578,102.0999984741211,102.23999786376953,101.25,101.4000015258789,23125200
2023-05-31,92.15213775634766,102.98999786376953,103.18000030517578,101.87000274658203,101.98999786376953,23787000
2023-06-01,92.5136947631836,103.12000274658203,103.62999725341797,102.62999725341797,103.27999877929688,21040400
2023-06-02,91.4999008178711,101.98999786376953,103.06999969482422,101.94000244140625,103.0,19136500
2023-06-05,91.32943725585938,101.80000305175781,102.44000244140625,101.20999908447266,101.3499984741211,14433200
2023-06-06,91.86772918701172,102.4000015258789,102.47000122070312,101.38999938964844,101.83999633789062,14332100
2023-06-07,90.50405883789062,100.87999725341797,102.43000030517578,100.77999877929688,102.16999816894531,25251100
2023-06-08,91.56270599365234,102.05999755859375,102.13999938964844,100.80000305175781,100.87000274658203,23845100
2023-06-09,91.4371109008789,101.91999816894531,102.2699966430664,101.33999633789062,101.5999984741211,22147400
2023-06-12,91.70623016357422,102.22000122070312,102.30000305175781,101.12000274658203,102.23999786376953,19010300
2023-06-13,90.80012512207031,101.20999908447266,102.33000183105469,100.97000122070312,102.11000061035156,25910800
2023-06-14,91.52680969238281,102.0199966430664,102.29000091552734,101.45999908447266,101.62999725341797,29094200
2023-06-15,92.40602111816406,103.0,103.62999725341797,102.5999984741211,103.02999877929688,25732000
2023-06-16,92.04716491699219,102.5999984741211,102.83000183105469,102.02999877929688,102.44000244140625,16759100
2023-06-20,92.68412780761719,103.30999755859375,103.66000366210938,103.11000061035156,103.11000061035156,17162900
2023-06-21,92.90841674804688,103.55999755859375,103.6500015258789,102.33999633789062,102.80999755859375,19720100
2023-06-22,91.78697204589844,102.30999755859375,103.25,102.19999694824219,102.80000305175781,23630700
2023-06-23,92.70206451416016,103.33000183105469,103.94999694824219,102.9800033569336,103.83000183105469,22901900
2023-06-26,92.8007583618164,103.44000244140625,103.80000305175781,103.16000366210938,103.62000274658203,12894900
2023-06-27,92.55851745605469,103.16999816894531,103.94999694824219,102.76000213623047,103.58999633789062,18105700
2023-06-28,92.95328521728516,103.61000061035156,103.83999633789062,102.83000183105469,103.41000366210938,23826800
2023-06-29,91.27560424804688,101.73999786376953,102.33999633789062,101.44999694824219,102.16999816894531,41091600
2023-06-30,92.35218811035156,102.94000244140625,103.05999755859375,101.87000274658203,102.05999755859375,32024900
2023-07-03,91.82864379882812,102.08000183105469,103.26000213623047,102.05999755859375,102.83999633789062,16011800
2023-07-05,90.95606231689453,101.11000061035156,102.0,100.73999786376953,101.88999938964844,28170300
2023-07-06,89.66966247558594,99.68000030517578,100.37999725341797,99.47000122070312,100.19999694824219,41375700
2023-07-07,89.12992858886719,99.08000183105469,99.5999984741211,98.98999786376953,99.18000030517578,28996500
2023-07-10,89.2468490600586,99.20999908447266,99.52999877929688,98.8499984741211,98.86000061035156,24665200
2023-07-11,89.70564270019531,99.72000122070312,99.97000122070312,99.29000091552734,99.56999969482422,20485500
2023-07-12,90.70417022705078,100.83000183105469,101.12000274658203,99.7699966430664,100.0999984741211,31928000
2023-07-13,91.65770721435547,101.88999938964844,101.97000122070312,101.02999877929688,101.30999755859375,32441500
2023-07-14,91.11796569824219,101.29000091552734,101.94000244140625,101.23999786376953,101.72000122070312,18569000
2023-07-17,91.16294860839844,101.33999633789062,101.48999786376953,100.91999816894531,101.2300033569336,18822000
2023-07-18,91.57676696777344,101.80000305175781,102.06999969482422,101.56999969482422,101.80000305175781,15407400
2023-07-19,92.61125946044922,102.94999694824219,102.9800033569336,101.7300033569336,102.0,27192500
2023-07-20,91.48680114746094,101.69999694824219,102.30999755859375,101.27999877929688,102.22000122070312,56951200
2023-07-21,91.5137939453125,101.7300033569336,102.3499984741211,101.62999725341797,102.16000366210938,20657500
2023-07-24,91.18093872070312,101.36000061035156,102.1500015258789,101.30000305175781,101.98999786376953,17546700
2023-07-25,91.01001739501953,101.16999816894531,101.5,100.80000305175781,100.83000183105469,17160600
2023-07-26,91.0999984741211,101.2699966430664,101.69000244140625,100.93000030517578,101.68000030517578,19310700
2023-07-27,89.32782745361328,99.30000305175781,100.93000030517578,98.91000366210938,100.70999908447266,44794400
2023-07-28,89.78660583496094,99.80999755859375,99.86000061035156,99.1500015258789,99.4000015258789,27434000
2023-07-31,90.00251007080078,100.05000305175781,100.33000183105469,99.62000274658203,99.6500015258789,28663800
2023-08-01,88.52762603759766,98.13999938964844,98.91999816894531,97.9000015258789,98.83999633789062,34943400
2023-08-02,87.58049011230469,97.08999633789062,97.23999786376953,96.41000366210938,97.04000091552734,38121300
2023-08-03,85.55986785888672,94.8499984741211,95.31999969482422,94.54000091552734,95.19000244140625,59394800
2023-08-04,87.07533264160156,96.52999877929688,96.68000030517578,95.12999725341797,95.1500015258789,42071800
2023-08-07,86.2183837890625,95.58000183105469,96.19999694824219,95.5,96.11000061035156,35862900
2023-08-08,87.21967315673828,96.69000244140625,97.37000274658203,96.44000244140625,96.86000061035156,24010500
2023-08-09,87.67069244384766,97.19000244140625,97.29000091552734,96.83999633789062,96.87999725341797,20151100
2023-08-10,86.22738647460938,95.58999633789062,97.36000061035156,95.58999633789062,97.04000091552734,37253200
2023-08-11,86.0289306640625,95.37000274658203,95.87000274658203,95.19999694824219,95.30000305175781,26753500
2023-08-14,85.83952331542969,95.16000366210938,95.93000030517578,94.9000015258789,95.20999908447266,19072000
2023-08-15,85.31633758544922,94.58000183105469,95.19999694824219,94.55999755859375,94.80000305175781,24125000
2023-08-16,84.64881134033203,93.83999633789062,94.79000091552734,93.72000122070312,94.27999877929688,23076700
2023-08-17,84.2879867553711,93.44000244140625,93.61000061035156,93.0199966430664,93.5,32244900
2023-08-18,84.58565521240234,93.7699966430664,94.19000244140625,93.30000305175781,93.43000030517578,24181700
2023-08-21,83.45808410644531,92.5199966430664,92.76000213623047,92.2300033569336,92.66000366210938,29254100
2023-08-22,84.09857177734375,93.2300033569336,93.27999877929688,92.45999908447266,92.63999938964844,21308700
2023-08-23,86.18228912353516,95.54000091552734,95.55000305175781,94.2300033569336,94.30000305175781,38294700
2023-08-24,85.614013671875,94.91000366210938,95.55000305175781,94.88999938964844,95.12999725341797,22300800
2023-08-25,85.89363098144531,95.22000122070312,95.51000213623047,94.51000213623047,94.66000366210938,23865200
2023-08-28,85.98385620117188,95.31999969482422,95.66000366210938,94.88999938964844,95.6500015258789,16037300
2023-08-29,86.87687683105469,96.30999755859375,96.51000213623047,94.94000244140625,94.97000122070312,28478100
2023-08-30,86.78666687011719,96.20999908447266,96.4000015258789,95.87999725341797,96.16000366210938,17550100
2023-08-31,87.17455291748047,96.63999938964844,97.05000305175781,96.43000030517578,96.54000091552734,26959700
2023-09-01,85.81651306152344,94.8499984741211,95.81999969482422,94.62000274658203,95.80000305175781,32469700
2023-09-05,84.61319732666016,93.5199966430664,94.29000091552734,93.48999786376953,94.27999877929688,29435900
2023-09-06,84.82127380371094,93.75,94.11000061035156,93.45999908447266,94.08999633789062,23636300
2023-09-07,85.0565185546875,94.01000213623047,94.06999969482422,93.68000030517578,94.0,18091500
2023-09-08,85.38224029541016,94.37000274658203,94.9000015258789,94.16999816894531,94.37999725341797,17052100
2023-09-11,84.7669677734375,93.69000244140625,93.9800033569336,93.55000305175781,93.69999694824219,17061500
2023-09-12,85.25556182861328,94.2300033569336,94.23999786376953,93.58000183105469,93.88999938964844,20034300
2023-09-13,85.23746490478516,94.20999908447266,94.52999877929688,93.81999969482422,93.91999816894531,23332300
2023-09-14,84.62222290039062,93.52999877929688,94.20999908447266,93.4000015258789,93.94000244140625,27800600
2023-09-15,84.10652160644531,92.95999908447266,93.4800033569336,92.95999908447266,93.45999908447266,25642900
2023-09-18,84.58602142333984,93.48999786376953,93.52999877929688,92.81999969482422,92.8499984741211,17963400
2023-09-19,83.96176147460938,92.80000305175781,93.43000030517578,92.80000305175781,93.08000183105469,24941800
2023-09-20,84.22412872314453,93.08999633789062,93.5999984741211,93.04000091552734,93.29000091552734,29451200
2023-09-21,82.06173706054688,90.69999694824219,91.37000274658203,90.69000244140625,91.29000091552734,59958700
2023-09-22,82.72223663330078,91.43000030517578,91.61000061035156,90.66999816894531,90.80999755859375,29524500
2023-09-25,80.6865234375,89.18000030517578,90.04000091552734,89.1500015258789,89.66000366210938,45587900
2023-09-26,80.40607452392578,88.87000274658203,89.62000274658203,88.70999908447266,89.43000030517578,38104100
2023-09-27,79.9898681640625,88.41000366210938,89.62000274658203,88.08999633789062,89.54000091552734,47111200
2023-09-28,80.2341537475586,88.68000030517578,88.7300033569336,87.0999984741211,87.62000274658203,60238000
2023-09-29,80.24317932128906,88.69000244140625,89.48999786376953,88.12999725341797,89.2699966430664,49010100
2023-10-02,78.89989471435547,86.93000030517578,87.93000030517578,86.70999908447266,87.81999969482422,44704300
2023-10-03,77.20264434814453,85.05999755859375,86.6500015258789,84.88999938964844,86.30999755859375,71362600
2023-10-04,78.29178619384766,86.26000213623047,86.30999755859375,85.37000274658203,85.7699966430664,56281600
2023-10-05,77.9015121459961,85.83000183105469,86.19000244140625,85.63999938964844,86.11000061035156,35758800
2023-10-06,76.95758819580078,84.79000091552734,85.69000244140625,84.05999755859375,84.19999694824219,62787900
2023-10-09,78.7637710571289,86.77999877929688,86.80000305175781,84.94999694824219,85.5,29424900
2023-10-10,78.65486145019531,86.66000366210938,87.16999816894531,85.5199966430664,85.8499984741211,54743900
2023-10-11,80.2976303100586,88.47000122070312,88.47000122070312,87.5999984741211,87.8499984741211,58517700
2023-10-12,78.11933898925781,86.06999969482422,88.19000244140625,85.93000030517578,88.05000305175781,66986700
2023-10-13,79.51709747314453,87.61000061035156,87.83000183105469,87.16999816894531,87.5999984741211,44183800
2023-10-16,78.23734283447266,86.19999694824219,86.37000274658203,85.9000015258789,86.19000244140625,38309800
2023-10-17,77.37509155273438,85.25,85.62999725341797,84.5,84.88999938964844,52949100
2023-10-18,76.69436645507812,84.5,84.72000122070312,83.8499984741211,84.37999725341797,63724600
2023-10-19,75.12417602539062,82.7699966430664,84.56999969482422,82.73999786376953,83.87999725341797,87696900
2023-10-20,75.55075073242188,83.23999786376953,83.54000091552734,82.7699966430664,82.98999786376953,52188800
2023-10-23,76.4583969116211,84.23999786376953,84.86000061035156,82.41999816894531,82.80999755859375,70890400
2023-10-24,77.46586608886719,85.3499984741211,85.3499984741211,84.08999633789062,84.44000244140625,46267700
2023-10-25,75.74136352539062,83.44999694824219,84.12999725341797,83.12999725341797,84.0199966430664,60737200
2023-10-26,76.90313720703125,84.7300033569336,84.81999969482422,83.4000015258789,83.4800033569336,49704100
2023-10-27,76.576416015625,84.37000274658203,84.97000122070312,83.73999786376953,84.19000244140625,32362300
2023-10-30,76.23147583007812,83.98999786376953,84.5,83.23999786376953,83.80999755859375,45026900
2023-10-31,75.8593521118164,83.58000183105469,84.7699966430664,83.55000305175781,84.37000274658203,37269200
2023-11-01,77.50416564941406,85.0999984741211,85.12000274658203,84.0199966430664,84.04000091552734,72308500
2023-11-02,79.27100372314453,87.04000091552734,87.30999755859375,86.22000122070312,86.68000030517578,69739400
2023-11-03,79.808349609375,87.62999725341797,89.05000305175781,87.58000183105469,88.80999755859375,77692300
2023-11-06,79.0342025756836,86.77999877929688,87.19999694824219,86.5999984741211,87.06999969482422,41341900
2023-11-07,80.19996643066406,88.05999755859375,88.5,87.58999633789062,87.61000061035156,37834200
2023-11-08,81.56605529785156,89.55999755859375,89.62000274658203,88.44999694824219,88.4800033569336,53893400
2023-11-09,79.68993377685547,87.5,89.02999877929688,86.73999786376953,88.94000244140625,88975100
2023-11-10,80.1362075805664,87.98999786376953,88.43000030517578,87.7699966430664,88.2300033569336,36516400
2023-11-13,79.95408630371094,87.79000091552734,87.94000244140625,86.9000015258789,87.22000122070312,25661500
2023-11-14,81.76642608642578,89.77999877929688,90.1500015258789,89.29000091552734,90.0,65666800
2023-11-15,80.618896484375,88.5199966430664,89.13999938964844,88.30999755859375,89.01000213623047,56205300
2023-11-16,81.6207046508789,89.62000274658203,89.95999908447266,89.25,89.30000305175781,49473900
2023-11-17,82.00322723388672,90.04000091552734,90.43000030517578,89.63999938964844,90.16000366210938,44091400
2023-11-20,82.50414276123047,90.58999633789062,90.66000366210938,89.61000061035156,89.62000274658203,40477800
2023-11-21,82.46768951416016,90.55000305175781,90.80000305175781,89.88999938964844,90.5,27721000
2023-11-22,82.7591323852539,90.87000274658203,91.31999969482422,90.37999725341797,91.12000274658203,31197500
2023-11-24,81.78466796875,89.80000305175781,90.26000213623047,89.79000091552734,90.0999984741211,20199600
2023-11-27,83.1507568359375,91.30000305175781,91.33999633789062,90.20999908447266,90.30000305175781,39804400
2023-11-28,83.31470489501953,91.4800033569336,91.52999877929688,90.79000091552734,90.91000366210938,44989300
2023-11-29,84.36204528808594,92.62999725341797,92.69999694824219,91.77999877929688,92.11000061035156,61647800
2023-11-30,83.3875732421875,91.55999755859375,92.29000091552734,91.16000366210938,91.97000122070312,60520900
2023-12-01,84.95806121826172,92.98999786376953,93.05999755859375,91.12999725341797,91.30999755859375,64172200
2023-12-04,84.6200180053711,92.62000274658203,92.83000183105469,92.08999633789062,92.48999786376953,33766300
2023-12-05,86.43814849853516,94.61000061035156,94.62000274658203,93.56999969482422,93.62999725341797,73588600
2023-12-06,87.5893325805664,95.87000274658203,96.05000305175781,94.87000274658203,95.08000183105469,61606100
2023-12-07,87.08682250976562,95.31999969482422,96.08000183105469,95.05999755859375,95.18000030517578,47970200
2023-12-08,86.37418365478516,94.54000091552734,94.72000122070312,93.91000366210938,94.41999816894531,44809200
2023-12-11,86.19149017333984,94.33999633789062,94.44000244140625,93.52999877929688,94.01000213623047,33909700
2023-12-12,86.44728088378906,94.62000274658203,94.69999694824219,93.9000015258789,94.1500015258789,36996900
2023-12-13,88.47554016113281,96.83999633789062,96.9800033569336,95.0199966430664,95.16999816894531,70828500
2023-12-14,90.77705383300781,99.04000091552734,99.04000091552734,97.41999816894531,97.66000366210938,87798600
2023-12-15,90.87786865234375,99.1500015258789,99.3499984741211,98.58000183105469,98.69000244140625,59941300
2023-12-18,90.15379333496094,98.36000061035156,98.5,98.0199966430664,98.5,34746000
2023-12-19,90.63956451416016,98.88999938964844,99.26000213623047,98.66000366210938,98.86000061035156,30018400
2023-12-20,91.25367736816406,99.55999755859375,99.69000244140625,98.58000183105469,99.11000061035156,51229400
2023-12-21,90.67622375488281,98.93000030517578,99.83999633789062,98.75,99.73999786376953,65231200
2023-12-22,90.26375579833984,98.4800033569336,99.37999725341797,98.23999786376953,99.37999725341797,29244200
2023-12-26,90.52041625976562,98.76000213623047,98.87000274658203,98.4800033569336,98.54000091552734,24019700
2023-12-27,92.12438201904297,100.51000213623047,100.52999877929688,99.5,99.77999877929688,45082800
2023-12-28,91.45531463623047,99.77999877929688,100.56999969482422,99.55999755859375,100.08999633789062,36213000
2023-12-29,90.6303939819336,98.87999725341797,99.81999969482422,98.80000305175781,99.12999725341797,41616200
2024-01-02,90.10794067382812,98.30999755859375,98.6500015258789,98.0,98.2300033569336,47797400
2024-01-03,90.48374938964844,98.72000122070312,98.8499984741211,97.1500015258789,97.37999725341797,58159500
2024-01-04,89.10888671875,97.22000122070312,97.63999938964844,97.06999969482422,97.41999816894531,52604500
2024-01-05,88.25648498535156,96.29000091552734,97.68000030517578,96.20999908447266,96.5,45894800
2024-01-08,89.12721252441406,97.23999786376953,97.37999725341797,96.08999633789062,96.2300033569336,39485800
2024-01-09,88.55895233154297,96.62000274658203,97.16999816894531,96.58999633789062,96.63999938964844,34374000
2024-01-10,88.14647674560547,96.16999816894531,97.05000305175781,96.12000274658203,96.91999816894531,48227800
2024-01-11,88.64144134521484,96.70999908447266,96.83000183105469,95.70999908447266,96.16999816894531,78858900
2024-01-12,88.46725463867188,96.5199966430664,97.2699966430664,96.2699966430664,96.77999877929688,38883900
2024-01-16,86.90911865234375,94.81999969482422,95.79000091552734,94.51000213623047,95.62000274658203,61716700
2024-01-17,86.7716293334961,94.66999816894531,95.0,94.16000366210938,94.5999984741211,55506800
2024-01-18,85.9650650024414,93.79000091552734,94.58000183105469,93.51000213623047,94.45999908447266,77339100
2024-01-19,86.24002838134766,94.08999633789062,94.16999816894531,93.26000213623047,93.70999908447266,47030900
2024-01-22,86.75331115722656,94.6500015258789,95.08000183105469,94.38999938964844,94.81999969482422,35756400
2024-01-23,86.06587982177734,93.9000015258789,93.98999786376953,93.43000030517578,93.88999938964844,35786700
2024-01-24,85.56177520751953,93.3499984741211,94.54000091552734,93.0999984741211,94.51000213623047,54574900
2024-01-25,86.12088012695312,93.95999908447266,94.22000122070312,93.56999969482422,94.0,57019400
2024-01-26,85.95588684082031,93.77999877929688,94.06999969482422,93.48999786376953,93.93000030517578,29276900
2024-01-29,86.94578552246094,94.86000061035156,95.16999816894531,94.12000274658203,94.30999755859375,38243600
2024-01-30,87.73402404785156,95.72000122070312,95.83999633789062,94.73999786376953,95.4800033569336,40151400
2024-01-31,88.59562683105469,96.66000366210938,96.91000366210938,96.0,96.22000122070312,80646700
2024-02-01,90.33349609375,98.23999786376953,98.66999816894531,97.19000244140625,97.41999816894531,84291200
2024-02-02,88.33814239501953,96.06999969482422,96.62000274658203,95.69000244140625,96.2699966430664,63823300
2024-02-05,86.55428314208984,94.12999725341797,94.8499984741211,94.0199966430664,94.62999725341797,53827400
2024-02-06,87.4002456665039,95.05000305175781,95.1500015258789,94.20999908447266,94.23999786376953,33411500
2024-02-07,86.97725677490234,94.58999633789062,95.2300033569336,94.5199966430664,94.56999969482422,40120200
2024-02-08,86.47151184082031,94.04000091552734,94.30000305175781,93.66000366210938,94.0199966430664,50087700
2024-02-09,86.29679870605469,93.8499984741211,94.01000213623047,93.66000366210938,93.76000213623047,27951300
2024-02-12,86.3979721069336,93.95999908447266,94.13999938964844,93.5,93.9000015258789,27890300
2024-02-13,84.91753387451172,92.3499984741211,93.05999755859375,92.33000183105469,92.86000061035156,49768500
2024-02-14,85.34969329833984,92.81999969482422,93.05000305175781,92.2300033569336,92.30000305175781,44191600
2024-02-15,85.79109954833984,93.30000305175781,93.72000122070312,93.0,93.55999755859375,49598500
2024-02-16,85.29454040527344,92.76000213623047,92.8499984741211,92.33999633789062,92.4800033569336,33116800
2024-02-20,85.36810302734375,92.83999633789062,93.19000244140625,92.72000122070312,92.79000091552734,24469300
2024-02-21,84.76123046875,92.18000030517578,92.9000015258789,92.01000213623047,92.83000183105469,36343100
2024-02-22,85.17501068115234,92.62999725341797,92.76000213623047,92.2699966430664,92.33000183105469,45190700
2024-02-23,86.31522369384766,93.87000274658203,94.0,92.75,92.75,38406700
2024-02-26,86.05773162841797,93.58999633789062,94.02999877929688,93.19000244140625,94.0,27855000
2024-02-27,85.45083618164062,92.93000030517578,93.47000122070312,92.8499984741211,93.23999786376953,30242000
2024-02-28,85.9933853149414,93.5199966430664,93.5999984741211,92.9000015258789,93.08000183105469,34574200
2024-02-29,86.60025787353516,94.18000030517578,94.30000305175781,93.77999877929688,93.81999969482422,51038600
2024-03-01,87.1398696899414,94.47000122070312,94.51000213623047,93.01000213623047,93.44000244140625,45832800
2024-03-04,86.78935241699219,94.08999633789062,94.16000366210938,93.68000030517578,93.69999694824219,23864200
2024-03-05,88.02538299560547,95.43000030517578,95.68000030517578,94.97000122070312,95.2300033569336,37721900
2024-03-06,88.54191589355469,95.98999786376953,96.16999816894531,95.41000366210938,95.48999786376953,40571600
2024-03-07,88.45891571044922,95.9000015258789,96.4000015258789,95.4800033569336,96.36000061035156,39075000
2024-03-08,88.3021011352539,95.7300033569336,96.05000305175781,95.4800033569336,95.80000305175781,25023200
2024-03-11,88.2559814453125,95.68000030517578,96.01000213623047,95.37000274658203,95.95999908447266,17787900
2024-03-12,87.51805114746094,94.87999725341797,95.20999908447266,94.69000244140625,95.04000091552734,29566000
2024-03-13,87.09373474121094,94.41999816894531,94.73999786376953,94.20999908447266,94.5,38270100
2024-03-14,85.7562484741211,92.97000122070312,93.75,92.86000061035156,93.7300033569336,58365600
2024-03-15,85.72859954833984,92.94000244140625,93.19000244140625,92.79000091552734,93.05999755859375,34997700
2024-03-18,85.4703140258789,92.66000366210938,92.98999786376953,92.5,92.7300033569336,29519500
2024-03-19,85.71012115478516,92.91999816894531,93.2699966430664,92.69000244140625,92.8499984741211,26953100
2024-03-20,85.68244934082031,92.88999938964844,93.79000091552734,92.29000091552734,93.0999984741211,43460100
2024-03-21,85.86693572998047,93.08999633789062,93.43000030517578,92.7300033569336,93.2699966430664,34276600
2024-03-22,86.6878890991211,93.9800033569336,94.20999908447266,93.77999877929688,94.19000244140625,30262300
2024-03-25,86.25435638427734,93.51000213623047,93.75,93.30000305175781,93.70999908447266,24011800
2024-03-26,86.49417114257812,93.7699966430664,93.87000274658203,93.27999877929688,93.51000213623047,34423000
2024-03-27,87.35201263427734,94.69999694824219,94.69999694824219,93.94000244140625,93.98999786376953,50157800
2024-03-28,87.27821350097656,94.62000274658203,95.0199966430664,94.31999969482422,94.48999786376953,34540400
2024-04-01,85.65123748779297,92.55000305175781,93.30000305175781,92.45999908447266,93.29000091552734,48945400
2024-04-02,85.17928314208984,92.04000091552734,92.19999694824219,91.33999633789062,91.56999969482422,43086300
2024-04-03,85.1607666015625,92.0199966430664,92.05000305175781,91.05000305175781,91.26000213623047,45494400
2024-04-04,85.77157592773438,92.68000030517578,92.76000213623047,92.04000091552734,92.62999725341797,47957400
2024-04-05,84.57772827148438,91.38999938964844,92.18000030517578,91.37999725341797,91.69000244140625,42495900
2024-04-08,84.56847381591797,91.37999725341797,91.58999633789062,91.12999725341797,91.2300033569336,37879800
2024-04-09,85.35513305664062,92.2300033569336,92.36000061035156,91.83999633789062,91.87000274658203,32522000
2024-04-10,83.49496459960938,90.22000122070312,91.30000305175781,90.05000305175781,91.19999694824219,74368900
2024-04-11,83.11549377441406,89.80999755859375,90.44000244140625,89.51000213623047,90.37999725341797,65751200
2024-04-12,83.5597152709961,90.29000091552734,90.94999694824219,90.27999877929688,90.63999938964844,47900100
2024-04-15,82.26409149169922,88.88999938964844,89.26000213623047,88.5199966430664,89.22000122070312,55993100
2024-04-16,81.71807098388672,88.30000305175781,88.58000183105469,87.79000091552734,88.05000305175781,45103200
2024-04-17,82.62501525878906,89.27999877929688,89.37999725341797,88.45999908447266,88.87000274658203,57947000
2024-04-18,82.20854949951172,88.83000183105469,89.2699966430664,88.58999633789062,89.23999786376953,43839500
2024-04-19,82.50471496582031,89.1500015258789,89.38999938964844,88.91000366210938,89.38999938964844,44826800
2024-04-22,82.36588287353516,89.0,89.12000274658203,88.6500015258789,88.68000030517578,24969000
2024-04-23,82.39364624023438,89.02999877929688,89.54000091552734,88.55000305175781,88.7300033569336,27222700
2024-04-24,81.81060028076172,88.4000015258789,88.62999725341797,87.5,88.55999755859375,48986800
2024-04-25,81.23682403564453,87.77999877929688,87.9000015258789,87.33999633789062,87.45999908447266,49282600
2024-04-26,81.66252899169922,88.23999786376953,88.61000061035156,88.05000305175781,88.25,31589800
2024-04-29,82.34736633300781,88.9800033569336,89.0199966430664,88.4800033569336,88.66000366210938,39228600
2024-04-30,81.6440200805664,88.22000122070312,88.7300033569336,88.0999984741211,88.41999816894531,41054700
2024-05-01,82.24581909179688,88.55999755859375,89.20999908447266,88.23999786376953,88.5999984741211,59679500
2024-05-02,82.59873962402344,88.94000244140625,89.01000213623047,88.02999877929688,88.20999908447266,58925400
2024-05-03,83.43456268310547,89.83999633789062,90.12000274658203,89.2699966430664,89.93000030517578,50066100
2024-05-06,83.75961303710938,90.19000244140625,90.25,89.66999816894531,89.87000274658203,23868200
2024-05-07,84.27040100097656,90.73999786376953,91.23999786376953,90.61000061035156,90.9000015258789,30525800
2024-05-08,83.75961303710938,90.19000244140625,90.45999908447266,90.16000366210938,90.30999755859375,31171700
2024-05-09,84.16822814941406,90.62999725341797,90.7699966430664,89.81999969482422,89.87000274658203,39606700
2024-05-10,83.6946029663086,90.12000274658203,90.37999725341797,89.95999908447266,90.27999877929688,21913800
2024-05-13,83.90818786621094,90.3499984741211,90.61000061035156,90.30999755859375,90.55000305175781,23157500
2024-05-14,84.38182830810547,90.86000061035156,90.91999816894531,90.41999816894531,90.6500015258789,25746400
2024-05-15,85.53343963623047,92.0999984741211,92.26000213623047,91.62999725341797,91.87000274658203,65142900
2024-05-16,85.44984436035156,92.01000213623047,92.41999816894531,91.94000244140625,92.38999938964844,37902400
2024-05-17,84.8740463256836,91.38999938964844,91.80000305175781,91.33999633789062,91.63999938964844,24755000
2024-05-20,84.62329864501953,91.12000274658203,91.31999969482422,91.01000213623047,91.08000183105469,17922800
2024-05-21,85.05979919433594,91.58999633789062,91.7699966430664,91.43000030517578,91.7300033569336,15334400
2024-05-22,85.16195678710938,91.69999694824219,91.77999877929688,91.26000213623047,91.2699966430664,38073700
2024-05-23,84.61400604248047,91.11000061035156,91.80000305175781,90.81999969482422,91.80000305175781,51294700
2024-05-24,84.86476135253906,91.37999725341797,91.47000122070312,90.9000015258789,90.97000122070312,19164400
2024-05-28,83.64816284179688,90.06999969482422,91.36000061035156,90.02999877929688,91.33000183105469,45973700
2024-05-29,82.63587188720703,88.9800033569336,89.4000015258789,88.68000030517578,89.33999633789062,45508400
2024-05-30,83.43456268310547,89.83999633789062,89.97000122070312,89.44000244140625,89.5999984741211,29548600
2024-05-31,84.00106811523438,90.44999694824219,90.66000366210938,90.25,90.4800033569336,41308800
2024-06-03,85.35975646972656,91.5999984741211,91.66999816894531,90.61000061035156,90.63999938964844,42272100
2024-06-04,86.35684204101562,92.66999816894531,92.80000305175781,91.98999786376953,92.19999694824219,42581500
2024-06-05,86.99051666259766,93.3499984741211,93.3499984741211,92.38999938964844,93.0,43153900
2024-06-06,86.86006164550781,93.20999908447266,93.43000030517578,92.86000061035156,92.91999816894531,22891900
2024-06-07,85.26655578613281,91.5,91.83000183105469,91.4000015258789,91.83000183105469,35240500
2024-06-10,84.69811248779297,90.88999938964844,91.05999755859375,90.6500015258789,91.0,20586500
2024-06-11,85.57408142089844,91.83000183105469,91.87000274658203,90.91999816894531,91.02999877929688,30329200
2024-06-12,86.21707153320312,92.5199966430664,93.56999969482422,92.48999786376953,93.0199966430664,42554600
2024-06-13,87.48442840576172,93.87999725341797,93.98999786376953,92.94999694824219,93.22000122070312,33093800
2024-06-14,88.22061157226562,94.66999816894531,94.83999633789062,94.23999786376953,94.41999816894531,28776700
2024-06-17,87.34465026855469,93.7300033569336,93.80999755859375,93.27999877929688,93.5199966430664,31040200
2024-06-18,88.14605712890625,94.58999633789062,94.5999984741211,93.7300033569336,93.88999938964844,26881000
2024-06-20,87.55899810791016,93.95999908447266,94.0,93.33999633789062,93.41000366210938,30246300
2024-06-21,87.55899810791016,93.95999908447266,94.4800033569336,93.58999633789062,94.23999786376953,22596400
2024-06-24,87.9130859375,94.33999633789062,94.33999633789062,93.73999786376953,94.05000305175781,56939100
2024-06-25,88.06218719482422,94.5,94.55000305175781,94.04000091552734,94.06999969482422,22890200
2024-06-26,86.80414581298828,93.1500015258789,93.47000122070312,93.11000061035156,93.27999877929688,38489100
2024-06-27,87.14894104003906,93.5199966430664,93.70999908447266,93.41999816894531,93.5199966430664,23140800
2024-06-28,85.5274887084961,91.77999877929688,93.7699966430664,91.77999877929688,93.7300033569336,55119600
2024-07-01,84.05137634277344,89.91000366210938,91.08000183105469,89.81999969482422,90.41999816894531,49735400
2024-07-02,84.70576477050781,90.61000061035156,90.80999755859375,90.08000183105469,90.68000030517578,34204700
2024-07-03,85.8182144165039,91.80000305175781,91.88999938964844,91.08999633789062,91.16999816894531,35563300
2024-07-05,86.5286865234375,92.55999755859375,92.7300033569336,91.9000015258789,92.2699966430664,34895500
2024-07-08,86.71568298339844,92.76000213623047,92.8499984741211,92.22000122070312,92.54000091552734,16095700
2024-07-09,86.33238220214844,92.3499984741211,92.68000030517578,91.87000274658203,92.47000122070312,30289800
2024-07-10,86.6034927368164,92.63999938964844,92.68000030517578,92.26000213623047,92.44999694824219,23572500
2024-07-11,87.44483184814453,93.54000091552734,94.13999938964844,93.47000122070312,93.68000030517578,49761800
2024-07-12,87.81877899169922,93.94000244140625,93.94000244140625,93.33999633789062,93.52999877929688,27796500
2024-07-15,86.80915832519531,92.86000061035156,93.30000305175781,92.77999877929688,93.0,37918900
2024-07-16,88.0337905883789,94.16999816894531,94.20999908447266,93.38999938964844,93.52999877929688,36383700
2024-07-17,88.052490234375,94.19000244140625,94.4000015258789,93.69000244140625,93.91999816894531,29036800
2024-07-18,87.3794174194336,93.47000122070312,94.13999938964844,93.37999725341797,93.68000030517578,34553100
2024-07-19,86.86522674560547,92.91999816894531,93.16000366210938,92.81999969482422,93.04000091552734,32164700
2024-07-22,86.61283111572266,92.6500015258789,93.5199966430664,92.30000305175781,93.4000015258789,36160400
2024-07-23,86.49130249023438,92.5199966430664,93.02999877929688,92.48999786376953,92.80999755859375,23498000
2024-07-24,85.55646514892578,91.5199966430664,92.8499984741211,91.47000122070312,92.58999633789062,50757100
2024-07-25,86.25759887695312,92.2699966430664,92.86000061035156,91.95999908447266,92.02999877929688,44999100
2024-07-26,86.93067932128906,92.98999786376953,93.1500015258789,92.70999908447266,92.94999694824219,34423800
2024-07-29,87.39808654785156,93.48999786376953,93.69000244140625,93.22000122070312,93.66999816894531,25801300
2024-07-30,87.734619140625,93.8499984741211,94.05000305175781,93.30000305175781,93.75,28169800
2024-07-31,88.63208770751953,94.80999755859375,94.83999633789062,94.23999786376953,94.52999877929688,47445300
2024-08-01,89.39652252197266,95.30999755859375,95.91000366210938,95.12000274658203,95.13999938964844,77254200
2024-08-02,92.18224334716797,98.27999877929688,98.37000274658203,96.88999938964844,97.0,91912900
2024-08-05,92.66999816894531,98.80000305175781,99.94000244140625,97.9000015258789,99.69000244140625,90686300
2024-08-06,90.59709930419922,96.58999633789062,98.41000366210938,96.58999633789062,98.1500015258789,61316900
2024-08-07,89.95929718017578,95.91000366210938,96.44999694824219,95.5,95.94999694824219,51337100
2024-08-08,89.40589904785156,95.31999969482422,95.4000015258789,94.83999633789062,95.12000274658203,37815800
2024-08-09,90.28756713867188,96.26000213623047,96.54000091552734,96.08999633789062,96.51000213623047,32141800
2024-08-12,90.61585998535156,96.61000061035156,96.81999969482422,95.87999725341797,96.02999877929688,24261400
2024-08-13,91.2442855834961,97.27999877929688,97.36000061035156,96.9800033569336,97.30000305175781,30366900
2024-08-14,91.81645202636719,97.88999938964844,98.16000366210938,97.51000213623047,97.55000305175781,31334100
2024-08-15,91.075439453125,97.0999984741211,97.0999984741211,96.20999908447266,96.41000366210938,38723700
2024-08-16,91.39435577392578,97.44000244140625,97.54000091552734,97.01000213623047,97.44000244140625,28541000
2024-08-19,91.81645202636719,97.88999938964844,98.16000366210938,97.41000366210938,97.41999816894531,25322100
2024-08-20,92.54804229736328,98.66999816894531,98.86000061035156,98.12000274658203,98.31999969482422,25239300
2024-08-21,92.60431671142578,98.7300033569336,99.19999694824219,98.20999908447266,98.66999816894531,29230000
2024-08-22,91.68512725830078,97.75,98.30000305175781,97.43000030517578,98.2300033569336,33453800
2024-08-23,92.2854232788086,98.38999938964844,98.66999816894531,97.95999908447266,98.19000244140625,32005100
2024-08-26,92.0509262084961,98.13999938964844,98.69999694824219,98.08000183105469,98.69000244140625,23198700
2024-08-27,91.8914794921875,97.97000122070312,98.08000183105469,97.41000366210938,97.48999786376953,21507700
2024-08-28,91.77892303466797,97.8499984741211,98.19999694824219,97.7300033569336,98.01000213623047,18501400
2024-08-29,91.4787826538086,97.52999877929688,97.63999938964844,97.12999725341797,97.37000274658203,24988200
2024-08-30,90.5032958984375,96.48999786376953,97.98999786376953,96.47000122070312,97.68000030517578,42896200
2024-09-03,91.9835205078125,97.75,98.05999755859375,97.41999816894531,97.55999755859375,48947900
2024-09-04,93.169189453125,99.01000213623047,99.02999877929688,97.80999755859375,97.87999725341797,40885200
2024-09-05,93.69615173339844,99.56999969482422,99.68000030517578,98.77999877929688,99.33999633789062,47450900
2024-09-06,93.68673706054688,99.55999755859375,100.77999877929688,99.19000244140625,99.55000305175781,57406400
2024-09-09,94.09136199951172,99.98999786376953,100.0999984741211,99.16000366210938,99.4000015258789,26961400
2024-09-10,94.75006866455078,100.69000244140625,100.91000366210938,99.81999969482422,99.87000274658203,31703400
2024-09-11,94.67478942871094,100.61000061035156,101.23999786376953,100.3499984741211,100.48999786376953,39497100
2024-09-12,94.23251342773438,100.13999938964844,100.55000305175781,99.69000244140625,100.36000061035156,41618700
2024-09-13,94.4865951538086,100.41000366210938,100.61000061035156,100.0199966430664,100.45999908447266,25722100
2024-09-16,95.3523178100586,101.33000183105469,101.37000274658203,100.41000366210938,100.62999725341797,30866300
2024-09-17,94.89120483398438,100.83999633789062,101.63999938964844,100.73999786376953,101.47000122070312,31699400
2024-09-18,93.71495819091797,99.58999633789062,100.7300033569336,99.54000091552734,100.23999786376953,48897000
2024-09-19,93.4044189453125,99.26000213623047,99.30999755859375,98.7699966430664,98.91999816894531,39979800
2024-09-20,93.0468521118164,98.87999725341797,99.25,98.72000122070312,98.98999786376953,37067600
2024-09-23,92.84923553466797,98.66999816894531,99.08999633789062,98.0199966430664,98.5,35703900
2024-09-24,92.83041381835938,98.6500015258789,98.88999938964844,97.8499984741211,98.0,31005400
2024-09-25,92.05879974365234,97.83000183105469,98.31999969482422,97.79000091552734,98.26000213623047,36738200
2024-09-26,92.27523803710938,98.05999755859375,98.25,97.41999816894531,98.06999969482422,33332300
2024-09-27,92.75514221191406,98.56999969482422,98.76000213623047,98.20999908447266,98.54000091552734,28317600
2024-09-30,92.31287384033203,98.0999984741211,98.70999908447266,97.87999725341797,98.63999938964844,34175500
2024-10-01,92.97936248779297,98.48999786376953,99.33000183105469,98.38999938964844,98.80000305175781,45254200
2024-10-02,92.19581604003906,97.66000366210938,97.7300033569336,97.05999755859375,97.36000061035156,35810800
2024-10-03,91.3272705078125,96.73999786376953,97.51000213623047,96.73999786376953,97.33999633789062,39677800
2024-10-04,90.203857421875,95.55000305175781,95.95999908447266,95.4000015258789,95.44000244140625,56954100
2024-10-07,89.5241470336914,94.83000183105469,95.2699966430664,94.76000213623047,94.9800033569336,42606600
2024-10-08,89.67520141601562,94.98999786376953,95.02999877929688,94.33999633789062,94.38999938964844,33709600
2024-10-09,89.16539764404297,94.44999694824219,94.91000366210938,94.2300033569336,94.66999816894531,35807700
2024-10-10,88.81610107421875,94.08000183105469,94.08999633789062,93.41000366210938,93.87999725341797,53667400
2024-10-11,88.45735931396484,93.69999694824219,94.06999969482422,93.41999816894531,93.4800033569336,27406400
2024-10-14,88.52345275878906,93.7699966430664,93.77999877929688,92.9800033569336,93.04000091552734,28795300
2024-10-15,89.59967803955078,94.91000366210938,95.0,94.37000274658203,94.45999908447266,46429100
2024-10-16,89.97727966308594,95.30999755859375,95.62000274658203,95.13999938964844,95.38999938964844,32281500
2024-10-17,88.5517807006836,93.80000305175781,94.44000244140625,93.66999816894531,94.29000091552734,43427200
2024-10-18,88.61786651611328,93.87000274658203,94.27999877929688,93.86000061035156,94.05000305175781,25258600
2024-10-21,87.06962585449219,92.2300033569336,93.08999633789062,92.2300033569336,93.0199966430664,49504700
2024-10-22,87.15458679199219,92.31999969482422,92.76000213623047,92.08999633789062,92.6500015258789,32096900
2024-10-23,86.91857147216797,92.06999969482422,92.37000274658203,91.66000366210938,91.83999633789062,33354200
2024-10-24,87.47557067871094,92.66000366210938,93.0,91.95999908447266,92.2300033569336,32507400
2024-10-25,86.98466491699219,92.13999938964844,93.04000091552734,92.0199966430664,92.98999786376953,28667100
2024-10-28,86.7486572265625,91.88999938964844,92.29000091552734,91.41999816894531,92.2699966430664,33156500
2024-10-29,86.88079833984375,92.02999877929688,92.05999755859375,90.9800033569336,91.16999816894531,46545200
2024-10-30,87.13568878173828,92.30000305175781,93.29000091552734,92.16000366210938,92.83999633789062,41951100
2024-10-31,87.27731323242188,92.44999694824219,92.94000244140625,91.87000274658203,92.19999694824219,52173800
2024-11-01,86.0468521118164,90.83999633789062,92.5199966430664,90.80000305175781,92.26000213623047,80402000
2024-11-04,87.38246154785156,92.25,92.56999969482422,91.62999725341797,92.27999877929688,49747600
2024-11-05,87.84658813476562,92.73999786376953,92.9000015258789,91.5999984741211,92.02999877929688,46986000
2024-11-06,85.44062042236328,90.19999694824219,90.72000122070312,89.55000305175781,89.63999938964844,98895700
2024-11-07,86.510986328125,91.33000183105469,91.62000274658203,90.6500015258789,90.75,56221400
2024-11-08,87.60979461669922,92.48999786376953,92.5999984741211,91.83999633789062,92.0,56756200
2024-11-11,87.18354797363281,92.04000091552734,92.30000305175781,91.62000274658203,92.25,22369200
2024-11-12,85.87635803222656,90.66000366210938,91.8499984741211,90.51000213623047,91.37000274658203,57908400
2024-11-13,85.06172943115234,89.80000305175781,91.54000091552734,89.72000122070312,91.5199966430664,49009100
2024-11-14,85.5542984008789,90.31999969482422,91.02999877929688,90.2699966430664,90.55999755859375,53328300
2024-11-15,85.32694244384766,90.08000183105469,90.6500015258789,89.51000213623047,89.91999816894531,73722400
2024-11-18,85.47850036621094,90.23999786376953,90.58999633789062,89.41999816894531,89.66000366210938,36010600
2024-11-19,85.91423034667969,90.69999694824219,91.06999969482422,90.62000274658203,90.81999969482422,29585100
2024-11-20,85.63953399658203,90.41000366210938,90.83000183105469,90.11000061035156,90.1500015258789,27755400
2024-11-21,85.5732192993164,90.33999633789062,90.8499984741211,90.0,90.44999694824219,28365700
2024-11-22,85.6205825805664,90.38999938964844,90.69999694824219,90.1500015258789,90.51000213623047,21547500
2024-11-25,87.83712768554688,92.7300033569336,92.77999877929688,91.98999786376953,92.19999694824219,56858000
2024-11-26,87.49613952636719,92.37000274658203,92.44000244140625,91.80999755859375,92.16000366210938,31122200
2024-11-27,88.10235595703125,93.01000213623047,93.37999725341797,92.66999816894531,93.04000091552734,39442200
2024-11-29,89.0116958618164,93.97000122070312,93.98999786376953,93.44000244140625,93.77999877929688,31905700
2024-12-02,89.2255630493164,93.87000274658203,94.1500015258789,93.0,93.2699966430664,39406000
2024-12-03,88.45565795898438,93.05999755859375,94.02999877929688,92.98999786376953,93.93000030517578,32768900
2024-12-04,89.40615844726562,94.05999755859375,94.19000244140625,92.54000091552734,92.61000061035156,35851100
2024-12-05,89.5867691040039,94.25,94.38999938964844,93.66000366210938,93.72000122070312,23695800
2024-12-06,89.71983337402344,94.38999938964844,94.8499984741211,94.0199966430664,94.72000122070312,31761500
2024-12-09,88.89287567138672,93.5199966430664,94.04000091552734,93.47000122070312,93.98999786376953,30509600
2024-12-10,88.47464752197266,93.08000183105469,93.30000305175781,92.91000366210938,93.0199966430664,28706500
2024-12-11,87.63819122314453,92.19999694824219,93.29000091552734,92.11000061035156,93.06999969482422,38748400
2024-12-12,86.57359313964844,91.08000183105469,91.75,91.0,91.63999938964844,45368400
2024-12-13,85.68961334228516,90.1500015258789,90.8499984741211,90.08000183105469,90.80000305175781,39486000
2024-12-16,85.94625091552734,90.41999816894531,90.62000274658203,90.05000305175781,90.55000305175781,23482300
2024-12-17,86.15536499023438,90.63999938964844,90.98999786376953,90.45999908447266,90.5199966430664,23839900
2024-12-18,85.07805633544922,89.16000366210938,90.37000274658203,89.13999938964844,89.97000122070312,61328400
2024-12-19,83.78986358642578,87.80999755859375,88.38999938964844,87.51000213623047,88.06999969482422,99083300
2024-12-20,84.2669677734375,88.30999755859375,88.91000366210938,88.29000091552734,88.52999877929688,45542400
2024-12-23,83.49405670166016,87.5,88.2300033569336,87.44000244140625,88.16000366210938,32764600
2024-12-24,83.84712219238281,87.87000274658203,87.88999938964844,86.9800033569336,87.04000091552734,22377600
2024-12-26,83.7994155883789,87.81999969482422,87.95999908447266,87.19999694824219,87.20999908447266,19981800
2024-12-27,83.11237335205078,87.0999984741211,87.77999877929688,87.05999755859375,87.4800033569336,27262300
2024-12-30,83.78032684326172,87.80000305175781,88.04000091552734,87.66999816894531,87.83000183105469,48519600
2024-12-31,83.33184051513672,87.33000183105469,88.27999877929688,87.26000213623047,88.12999725341797,31917300
2025-01-02,83.56085205078125,87.56999969482422,88.12000274658203,87.20999908447266,87.80000305175781,27841300
2025-01-03,83.29368591308594,87.29000091552734,87.87999725341797,87.18000030517578,87.72000122070312,21962200
2025-01-06,82.9215316772461,86.9000015258789,87.2300033569336,86.66999816894531,87.05000305175781,30231500
2025-01-07,81.98638153076172,85.91999816894531,86.7699966430664,85.79000091552734,86.5999984741211,41757200
2025-01-08,82.09136199951172,86.02999877929688,86.19999694824219,85.33999633789062,85.47000122070312,44590800
2025-01-10,81.54747009277344,85.45999908447266,85.8499984741211,85.16000366210938,85.27999877929688,47115800
2025-01-13,81.51881408691406,85.43000030517578,85.66000366210938,85.04000091552734,85.52999877929688,33258900
2025-01-14,81.38524627685547,85.29000091552734,85.36000061035156,84.88999938964844,85.2300033569336,33412900
2025-01-15,82.7879409790039,86.76000213623047,86.9800033569336,86.4000015258789,86.69999694824219,54120700
2025-01-16,83.05510711669922,87.04000091552734,87.4000015258789,86.27999877929688,86.63999938964844,34651100
2025-01-17,83.1982650756836,87.19000244140625,87.4800033569336,87.04000091552734,87.43000030517578,29875600
2025-01-21,83.94255065917969,87.97000122070312,88.16999816894531,87.62999725341797,87.88999938964844,30548600
2025-01-22,83.50360870361328,87.51000213623047,87.9800033569336,87.31999969482422,87.87000274658203,25278400
2025-01-23,82.85472106933594,86.83000183105469,86.98999786376953,86.52999877929688,86.63999938964844,31949000
2025-01-24,83.22688293457031,87.22000122070312,87.27999877929688,86.5999984741211,86.72000122070312,21110400
2025-01-27,84.20972442626953,88.25,88.43000030517578,87.8499984741211,88.16000366210938,42864200
2025-01-28,84.15247344970703,88.19000244140625,88.19999694824219,87.66000366210938,87.83999633789062,25519100
2025-01-29,83.98070526123047,88.01000213623047,88.62000274658203,87.62999725341797,88.43000030517578,25342800
2025-01-30,84.29559326171875,88.33999633789062,88.70999908447266,88.16999816894531,88.41000366210938,25094900
2025-01-31,83.74215698242188,87.76000213623047,88.66000366210938,87.43000030517578,88.37999725341797,48790100
2025-02-03,84.4239730834961,88.16000366210938,89.0999984741211,87.80000305175781,88.58000183105469,70657200
2025-02-04,84.68253326416016,88.43000030517578,88.44999694824219,87.4800033569336,87.55000305175781,33414000
2025-02-05,86.08068084716797,89.88999938964844,90.18000030517578,89.38999938964844,89.44999694824219,48331200
2025-02-06,86.04236602783203,89.8499984741211,90.1500015258789,89.55000305175781,89.86000061035156,22509900
2025-02-07,85.4869384765625,89.2699966430664,89.44999694824219,88.94000244140625,89.23999786376953,31171200
2025-02-10,85.22838592529297,89.0,89.52999877929688,88.8499984741211,89.26000213623047,22736100
2025-02-11,84.68253326416016,88.43000030517578,88.68000030517578,88.37999725341797,88.52999877929688,21513000
2025-02-12,83.53340911865234,87.2300033569336,87.5999984741211,86.86000061035156,87.29000091552734,48536200
2025-02-13,84.92195892333984,88.68000030517578,88.88999938964844,88.06999969482422,88.08999633789062,42718100
2025-02-14,85.37203979492188,89.1500015258789,89.68000030517578,89.12000274658203,89.37999725341797,27460700
2025-02-18,84.36653137207031,88.0999984741211,88.83999633789062,88.04000091552734,88.54000091552734,29429200
2025-02-19,84.47187042236328,88.20999908447266,88.44999694824219,87.88999938964844,87.94999694824219,20584300
2025-02-20,84.78787994384766,88.54000091552734,88.76000213623047,88.44999694824219,88.44999694824219,27913400
2025-02-21,85.81253814697266,89.61000061035156,89.93000030517578,88.81999969482422,88.87000274658203,46912300
2025-02-24,86.06151580810547,89.87000274658203,90.05999755859375,89.26000213623047,89.33000183105469,26218000
2025-02-25,87.54583740234375,91.41999816894531,91.5,90.80000305175781,90.97000122070312,50125100
2025-02-26,88.06295776367188,91.95999908447266,92.05999755859375,91.19999694824219,91.41999816894531,32220200
2025-02-27,87.44049835205078,91.30999755859375,91.79000091552734,91.13999938964844,91.30999755859375,53373600
2025-02-28,88.51303100585938,92.43000030517578,92.4800033569336,91.47000122070312,91.8499984741211,49388600
2025-03-03,88.92610168457031,92.56999969482422,92.70999908447266,91.37000274658203,91.41000366210938,42904200
2025-03-04,87.83098602294922,91.43000030517578,92.79000091552734,91.2699966430664,92.44000244140625,56722000
2025-03-05,87.12972259521484,90.69999694824219,91.80000305175781,90.61000061035156,91.55999755859375,50215900
2025-03-06,86.84151458740234,90.4000015258789,90.80000305175781,89.7300033569336,90.4800033569336,42827500
2025-03-07,86.56294250488281,90.11000061035156,91.16000366210938,89.98999786376953,91.13999938964844,36903600
2025-03-10,87.46595001220703,91.05000305175781,91.62999725341797,90.91000366210938,91.08000183105469,41440800
2025-03-11,86.84151458740234,90.4000015258789,91.48999786376953,90.13999938964844,90.97000122070312,40555700
2025-03-12,86.32279205322266,89.86000061035156,90.37999725341797,89.77999877929688,90.0,32734600
2025-03-13,87.0816879272461,90.6500015258789,90.70999908447266,89.37999725341797,89.58000183105469,38675400
2025-03-14,86.62056732177734,90.16999816894531,90.41000366210938,89.86000061035156,90.01000213623047,24658000
2025-03-17,87.05287170410156,90.62000274658203,91.18000030517578,90.37999725341797,90.80000305175781,26700300
2025-03-18,87.13932037353516,90.70999908447266,91.0199966430664,90.12000274658203,90.13999938964844,23654700
2025-03-19,87.5908203125,91.18000030517578,91.22000122070312,90.37999725341797,90.68000030517578,31378700
2025-03-20,87.64845275878906,91.23999786376953,92.23999786376953,91.16000366210938,92.19999694824219,35645800
2025-03-21,87.12972259521484,90.69999694824219,91.44000244140625,90.62000274658203,91.33000183105469,29192100
2025-03-24,86.236328125,89.7699966430664,90.26000213623047,89.69999694824219,90.19999694824219,27985600
2025-03-25,86.22673034667969,89.76000213623047,90.08000183105469,89.51000213623047,89.56999969482422,22333800
2025-03-26,85.6599349975586,89.16999816894531,89.5999984741211,89.08999633789062,89.38999938964844,25095600
2025-03-27,85.4101791381836,88.91000366210938,89.02999877929688,88.62999725341797,88.8499984741211,23674500
2025-03-28,86.59175872802734,90.13999938964844,90.33999633789062,89.80999755859375,89.87999725341797,39869400
2025-03-31,87.44671630859375,91.02999877929688,91.33999633789062,90.36000061035156,91.2300033569336,38824300
2025-04-01,88.20449829101562,91.48999786376953,91.91000366210938,91.20999908447266,91.25,39800100
2025-04-02,88.14665985107422,91.43000030517578,92.37000274658203,90.66000366210938,92.37000274658203,43488400
2025-04-03,88.55157470703125,91.8499984741211,92.7300033569336,91.83999633789062,92.5199966430664,57467400
2025-04-04,89.51566314697266,92.8499984741211,94.08999633789062,92.81999969482422,93.6500015258789,92794200
2025-04-07,86.81622314453125,90.05000305175781,92.19000244140625,89.80000305175781,91.87999725341797,124987600
2025-04-08,85.17726135253906,88.3499984741211,90.19999694824219,88.22000122070312,89.27999877929688,73861900
2025-04-09,85.6785888671875,88.87000274658203,88.91000366210938,85.88999938964844,87.2699966430664,131353500
2025-04-10,83.31657409667969,86.41999816894531,88.18000030517578,86.3499984741211,87.73999786376953,78592000
2025-04-11,83.76969146728516,86.88999938964844,87.30000305175781,85.0,85.87000274658203,94814100
2025-04-14,84.36743927001953,87.51000213623047,87.70999908447266,86.81999969482422,87.4000015258789,37596400
2025-04-15,84.66629028320312,87.81999969482422,88.19000244140625,87.04000091552734,87.1500015258789,22553900
2025-04-16,85.1386947631836,88.30999755859375,88.5,87.47000122070312,87.80000305175781,35607300
2025-04-17,84.38671112060547,87.52999877929688,88.19999694824219,87.2300033569336,88.04000091552734,31758400
2025-04-21,82.91165924072266,86.0,87.06999969482422,85.9800033569336,86.5999984741211,39343200
2025-04-22,83.37442016601562,86.4800033569336,87.0199966430664,86.4000015258789,86.81999969482422,32552100
2025-04-23,84.18424987792969,87.31999969482422,89.05999755859375,87.16999816894531,88.87999725341797,44082200
2025-04-24,85.07121276855469,88.23999786376953,88.3499984741211,87.76000213623047,88.02999877929688,24190800
2025-04-25,85.6978759765625,88.88999938964844,89.11000061035156,88.5999984741211,88.9000015258789,22513900
2025-04-28,86.2377700805664,89.44999694824219,89.52999877929688,88.61000061035156,88.66000366210938,20130500
2025-04-29,86.9608383178711,90.19999694824219,90.20999908447266,89.30000305175781,89.31999969482422,22129500
2025-04-30,86.25704956054688,89.47000122070312,90.05000305175781,89.33000183105469,89.77999877929688,42630600
2025-05-01,85.81966400146484,88.69000244140625,89.27999877929688,88.30000305175781,89.26000213623047,29932800
2025-05-02,84.89073944091797,87.7300033569336,88.06999969482422,87.54000091552734,87.70999908447266,32090400
2025-05-05,84.41658782958984,87.23999786376953,87.41000366210938,86.83000183105469,87.3499984741211,22862800
2025-05-06,84.69721984863281,87.52999877929688,87.52999877929688,86.63999938964844,86.80000305175781,21095200
2025-05-07,85.05524444580078,87.9000015258789,88.20999908447266,87.81999969482422,87.91999816894531,23161600
2025-05-08,84.10694885253906,86.91999816894531,88.05999755859375,86.88999938964844,88.0199966430664,25483700
2025-05-09,84.23275756835938,87.05000305175781,87.30999755859375,86.91999816894531,87.0,17007900
2025-05-12,83.44896697998047,86.23999786376953,86.77999877929688,86.19000244140625,86.37999725341797,32115000
2025-05-13,83.11029052734375,85.88999938964844,86.29000091552734,85.5,86.12999725341797,53912200
2025-05-14,82.55874633789062,85.31999969482422,85.87000274658203,85.19999694824219,85.75,42119800
2025-05-15,83.28446197509766,86.06999969482422,86.31999969482422,85.4800033569336,85.62999725341797,59448000
2025-05-16,83.50701904296875,86.30000305175781,86.88999938964844,86.19999694824219,86.87000274658203,31778200
2025-05-19,83.26512145996094,86.05000305175781,86.12000274658203,84.83000183105469,84.91000366210938,49361900
2025-05-20,82.66516876220703,85.43000030517578,85.5999984741211,85.05999755859375,85.43000030517578,35493100
2025-05-21,81.2524185180664,83.97000122070312,85.05999755859375,83.76000213623047,84.68000030517578,77053100
2025-05-22,81.67819213867188,84.41000366210938,84.43000030517578,83.30000305175781,83.5199966430664,61747900
2025-05-23,81.81365966796875,84.55000305175781,84.81999969482422,84.30999755859375,84.7699966430664,47139200
2025-05-27,82.95547485351562,85.7300033569336,86.02999877929688,85.1500015258789,85.3499984741211,56773400
2025-05-28,82.59744262695312,85.36000061035156,85.54000091552734,84.97000122070312,85.41000366210938,34806800
2025-05-29,83.36186981201172,86.1500015258789,86.26000213623047,85.63999938964844,85.7699966430664,38933200
2025-05-30,83.4876708984375,86.27999877929688,86.47000122070312,85.87999725341797,86.08999633789062,49042100
2025-06-02,82.71067810058594,85.16000366210938,85.47000122070312,84.79000091552734,85.29000091552734,46213100
2025-06-03,82.56499481201172,85.01000213623047,85.73999786376953,84.88999938964844,85.44000244140625,33731300
2025-06-04,83.90530395507812,86.38999938964844,86.6500015258789,85.6500015258789,85.79000091552734,57441500
2025-06-05,83.96356964111328,86.44999694824219,86.93000030517578,86.22000122070312,86.68000030517578,37664700
2025-06-06,82.89519500732422,85.3499984741211,85.93000030517578,85.27999877929688,85.79000091552734,38130100
2025-06-09,82.98262023925781,85.44000244140625,85.63999938964844,85.04000091552734,85.04000091552734,26560800
2025-06-10,83.40997314453125,85.87999725341797,86.18000030517578,85.5199966430664,86.0999984741211,24857000
2025-06-11,83.66248321533203,86.13999938964844,86.4000015258789,85.70999908447266,85.80999755859375,36334800
2025-06-12,84.66287231445312,87.16999816894531,87.19999694824219,86.5999984741211,86.88999938964844,43017800
2025-06-13,83.84701538085938,86.33000183105469,86.87999725341797,85.77999877929688,86.7300033569336,49374000
2025-06-16,83.00204467773438,85.45999908447266,86.43000030517578,85.45999908447266,86.08000183105469,36496600
2025-06-17,84.01213836669922,86.5,86.66000366210938,85.75,86.0,34521600
2025-06-18,84.15782928466797,86.6500015258789,87.08999633789062,86.3499984741211,86.87999725341797,38589000
2025-06-20,84.00242614746094,86.48999786376953,86.79000091552734,85.94999694824219,86.13999938964844,26001900
2025-06-23,84.27436065673828,86.7699966430664,87.44000244140625,86.7699966430664,86.93000030517578,36851800
2025-06-24,84.8862533569336,87.4000015258789,87.58999633789062,86.43000030517578,86.47000122070312,32959100
2025-06-25,84.99310302734375,87.51000213623047,87.51000213623047,86.80000305175781,87.11000061035156,26345300
2025-06-26,85.4204330444336,87.94999694824219,87.94999694824219,87.19999694824219,87.58999633789062,30467500
2025-06-27,84.87653350830078,87.38999938964844,88.16000366210938,87.23999786376953,87.56999969482422,74993500
2025-06-30,85.71179962158203,88.25,88.44000244140625,87.61000061035156,87.86000061035156,53695200
2025-07-01,85.92432403564453,88.13999938964844,88.30999755859375,87.66000366210938,88.12999725341797,38960600
2025-07-02,85.37841033935547,87.58000183105469,87.58999633789062,87.0999984741211,87.19000244140625,39382200
2025-07-03,84.78373718261719,86.97000122070312,87.29000091552734,86.8499984741211,87.16999816894531,26729100
2025-07-07,83.97460174560547,86.13999938964844,86.55999755859375,85.91999816894531,86.54000091552734,38314700
2025-07-08,83.86736297607422,86.02999877929688,86.04000091552734,85.44000244140625,85.56999969482422,31407000
2025-07-09,84.74474334716797,86.93000030517578,86.93000030517578,86.18000030517578,86.19000244140625,29821900
2025-07-10,84.80323028564453,86.98999786376953,87.05999755859375,86.48999786376953,86.83000183105469,24525500
2025-07-11,83.6333999633789,85.79000091552734,86.2699966430664,85.63999938964844,86.2300033569336,40764800
2025-07-14,83.45791625976562,85.61000061035156,85.87999725341797,85.31999969482422,85.54000091552734,24609500
2025-07-15,82.8730239868164,85.01000213623047,85.91000366210938,84.9000015258789,85.88999938964844,40455000
2025-07-16,82.98998260498047,85.12999725341797,85.66000366210938,84.19000244140625,85.27999877929688,65987700
2025-07-17,82.9704818725586,85.11000061035156,85.48999786376953,84.98999786376953,85.22000122070312,31875500
2025-07-18,83.09722137451172,85.23999786376953,85.45999908447266,85.0999984741211,85.43000030517578,27534900
2025-07-21,83.83811950683594,86.0,86.51000213623047,85.95999908447266,86.22000122070312,40019500
2025-07-22,84.34503936767578,86.5199966430664,86.7699966430664,86.11000061035156,86.16999816894531,35190300
2025-07-23,83.87711334228516,86.04000091552734,86.19999694824219,85.79000091552734,86.05000305175781,31008500
2025-07-24,83.73088073730469,85.88999938964844,86.23999786376953,85.51000213623047,85.55000305175781,25164800
2025-07-25,84.25731658935547,86.43000030517578,86.44000244140625,85.72000122070312,85.80000305175781,27196200
2025-07-28,83.71138763427734,85.87000274658203,86.19999694824219,85.83000183105469,85.98999786376953,26812500
2025-07-29,85.12493133544922,87.31999969482422,87.33999633789062,86.19999694824219,86.2300033569336,47828300
2025-07-30,84.68624877929688,86.87000274658203,86.95999908447266,86.55999755859375,86.7699966430664,40670900
2025-07-31,84.73499298095703,86.91999816894531,87.41000366210938,86.83999633789062,87.12999725341797,49814100
2025-08-01,85.93962860107422,87.81999969482422,87.93000030517578,87.5199966430664,87.55999755859375,63434500
2025-08-04,86.17449188232422,88.05999755859375,88.1500015258789,87.6500015258789,87.95999908447266,36425200
2025-08-05,86.438720703125,88.33000183105469,88.44999694824219,87.77999877929688,87.8499984741211,28586100
2025-08-06,85.93962860107422,87.81999969482422,88.05000305175781,86.91999816894531,87.83999633789062,42589300
2025-08-07,85.79283905029297,87.66999816894531,88.25,87.58999633789062,87.91999816894531,29213100
2025-08-08,85.42098236083984,87.29000091552734,87.38999938964844,87.1500015258789,87.36000061035156,21596300
2025-08-11,85.51884460449219,87.38999938964844,87.66999816894531,87.27999877929688,87.54000091552734,20100900
2025-08-12,85.08824920654297,86.94999694824219,86.97000122070312,86.55000305175781,86.9000015258789,41052300
2025-08-13,85.79283905029297,87.66999816894531,87.80999755859375,87.43000030517578,87.44000244140625,30817500
2025-08-14,85.15675354003906,87.0199966430664,87.51000213623047,86.88999938964844,87.51000213623047,33397400
2025-08-15,84.55003356933594,86.4000015258789,86.77999877929688,86.25,86.66000366210938,36343600
2025-08-18,84.30538940429688,86.1500015258789,86.54000091552734,85.98999786376953,86.5,26777500
2025-08-19,84.79468536376953,86.6500015258789,86.75,86.44999694824219,86.44999694824219,28780600
2025-08-20,84.9806137084961,86.83999633789062,86.97000122070312,86.55999755859375,86.58999633789062,25912500
2025-08-21,84.55982971191406,86.41000366210938,86.68000030517578,86.11000061035156,86.55999755859375,28643900
2025-08-22,85.18612670898438,87.05000305175781,87.30000305175781,86.72000122070312,86.83000183105469,49871900
2025-08-25,84.94147491455078,86.80000305175781,87.05000305175781,86.6500015258789,86.7300033569336,27011900
2025-08-26,84.8925552368164,86.75,86.79000091552734,86.22000122070312,86.51000213623047,30259300
2025-08-27,84.79468536376953,86.6500015258789,86.66000366210938,86.0,86.11000061035156,38142800
2025-08-28,85.35248565673828,87.22000122070312,87.26000213623047,86.66000366210938,86.77999877929688,32205900
2025-08-29,84.7457504272461,86.5999984741211,86.86000061035156,86.44000244140625,86.76000213623047,41686400
2025-09-02,84.11510467529297,85.62999725341797,85.83999633789062,85.4800033569336,85.62999725341797,48760600
2025-09-03,85.03848266601562,86.56999969482422,86.80999755859375,85.88999938964844,85.93000030517578,52499500
2025-09-04,85.68680572509766,87.2300033569336,87.23999786376953,86.58000183105469,87.0199966430664,40501600
2025-09-05,86.99327850341797,88.55999755859375,88.61000061035156,88.13999938964844,88.22000122070312,69668000
2025-09-08,88.15240478515625,89.73999786376953,89.76000213623047,89.12000274658203,89.16999816894531,54538700
2025-09-09,87.65142822265625,89.2300033569336,89.55000305175781,88.98999786376953,89.4000015258789,37126400
2025-09-10,88.15240478515625,89.73999786376953,90.06999969482422,89.19000244140625,89.4000015258789,40713600
2025-09-11,88.74178314208984,90.33999633789062,90.4800033569336,89.9000015258789,89.91000366210938,46694400
2025-09-12,88.35868072509766,89.94999694824219,89.9800033569336,89.48999786376953,89.83000183105469,32968600
2025-09-15,88.56497955322266,90.16000366210938,90.45999908447266,90.06999969482422,90.1500015258789,24820100
2025-09-16,88.7516098022461,90.3499984741211,90.5,90.04000091552734,90.08999633789062,26794200
2025-09-17,88.52568817138672,90.12000274658203,91.04000091552734,89.87000274658203,90.70999908447266,49121800
2025-09-18,87.61212158203125,89.19000244140625,89.47000122070312,88.9000015258789,89.26000213623047,55717900
2025-09-19,87.44513702392578,89.0199966430664,89.2300033569336,88.79000091552734,89.06999969482422,32509200
2025-09-22,87.13079833984375,88.69999694824219,88.91000366210938,88.54000091552734,88.81999969482422,24758200
2025-09-23,87.73983001708984,89.31999969482422,89.36000061035156,88.75,88.97000122070312,26689000
2025-09-24,87.40585327148438,88.9800033569336,89.16000366210938,88.69999694824219,89.08000183105469,28098000
2025-09-25,87.40585327148438,88.9800033569336,89.02999877929688,88.45999908447266,88.8499984741211,29882500
2025-09-26,87.32726287841797,88.9000015258789,89.47000122070312,88.69000244140625,88.98999786376953,30955100
2025-09-29,88.04434967041016,89.62999725341797,89.73999786376953,89.26000213623047,89.29000091552734,32286200
2025-09-30,87.78895568847656,89.37000274658203,90.04000091552734,89.20999908447266,89.66000366210938,38584000
2025-10-01,88.01566314697266,89.29000091552734,89.63999938964844,89.08999633789062,89.44999694824219,39408900
2025-10-02,88.27196502685547,89.55000305175781,89.69000244140625,89.19000244140625,89.30999755859375,23208300
2025-10-03,88.10437774658203,89.37999725341797,89.72000122070312,89.2699966430664,89.62999725341797,25884500
2025-10-06,87.40451049804688,88.66999816894531,89.16000366210938,88.6500015258789,88.70999908447266,28371000
2025-10-07,87.90723419189453,89.18000030517578,89.37999725341797,88.80999755859375,88.97000122070312,29103300
2025-10-08,87.97623443603516,89.25,89.62000274658203,89.12999725341797,89.5999984741211,22506200
2025-10-09,87.90723419189453,89.18000030517578,89.29000091552734,89.01000213623047,89.16999816894531,21578700
2025-10-10,89.32669067382812,90.62000274658203,90.72000122070312,89.9000015258789,89.9800033569336,59389400
2025-10-13,89.27738952636719,90.56999969482422,90.58000183105469,89.86000061035156,90.27999877929688,28035500
2025-10-14,89.56327056884766,90.86000061035156,90.91999816894531,90.43000030517578,90.6500015258789,29800000
2025-10-15,89.36612701416016,90.66000366210938,91.30000305175781,90.47000122070312,90.95999908447266,31333900
2025-10-16,90.03640747070312,91.33999633789062,91.5,90.44999694824219,90.5199966430664,39631200
2025-10-17,89.89840698242188,91.19999694824219,91.29000091552734,90.9000015258789,91.25,40240400
2025-10-20,90.24341583251953,91.55000305175781,91.55999755859375,91.27999877929688,91.45999908447266,28429300
2025-10-21,90.68699645996094,92.0,92.19000244140625,91.91000366210938,91.98999786376953,24514300
2025-10-22,90.74612426757812,92.05999755859375,92.18000030517578,91.81999969482422,91.98999786376953,30496200
2025-10-23,90.12512969970703,91.43000030517578,91.79000091552734,91.29000091552734,91.61000061035156,28275100
2025-10-24,90.16455841064453,91.47000122070312,91.5999984741211,91.16000366210938,91.58999633789062,28266000
2025-10-27,90.47013092041016,91.77999877929688,91.79000091552734,91.08999633789062,91.31999969482422,30033600
2025-10-28,90.70669555664062,92.0199966430664,92.18000030517578,91.80999755859375,91.8499984741211,23564500
2025-10-29,89.78997802734375,91.08999633789062,91.88999938964844,91.0199966430664,91.87999725341797,39551600
2025-10-30,89.26753997802734,90.55999755859375,90.97000122070312,90.3499984741211,90.38999938964844,42649200
2025-10-31,89.00138854980469,90.29000091552734,90.66000366210938,90.19999694824219,90.55999755859375,38247300
2025-11-03,88.77880096435547,89.73999786376953,89.81999969482422,89.41999816894531,89.62000274658203,40752300
2025-11-04,88.9766616821289,89.94000244140625,90.05999755859375,89.73999786376953,89.77999877929688,26383800
2025-11-05,88.00715637207031,88.95999908447266,89.55000305175781,88.87999725341797,89.51000213623047,44643400
2025-11-06,88.79859161376953,89.76000213623047,89.8499984741211,89.52999877929688,89.55999755859375,33027400
2025-11-07,88.61062622070312,89.56999969482422,89.87000274658203,89.36000061035156,89.36000061035156,28530100
2025-11-10,88.5908432006836,89.55000305175781,89.66999816894531,89.38999938964844,89.48999786376953,24093500
2025-11-11,88.99645233154297,89.95999908447266,90.06999969482422,89.77999877929688,89.94999694824219,18942300
2025-11-12,89.15473937988281,90.12000274658203,90.31999969482422,89.87999725341797,89.94999694824219,23594900
2025-11-13,88.42265319824219,89.37999725341797,89.94000244140625,89.37999725341797,89.80000305175781,33825900
2025-11-14,87.91812896728516,88.87000274658203,89.83999633789062,88.87000274658203,89.79000091552734,38550500
2025-11-17,88.1357650756836,89.08999633789062,89.30000305175781,88.9800033569336,89.08000183105469,25605800
2025-11-18,88.10608673095703,89.05999755859375,89.44999694824219,88.80000305175781,89.3499984741211,31967400
2025-11-19,87.92802429199219,88.87999725341797,89.30999755859375,88.8499984741211,89.2300033569336,25782400
2025-11-20,88.2742691040039,89.2300033569336,89.41999816894531,88.98999786376953,88.98999786376953,32945000
2025-11-21,88.54137420654297,89.5,89.66999816894531,89.19999694824219,89.6500015258789,41938600
2025-11-24,89.04590606689453,90.01000213623047,90.06999969482422,89.77999877929688,89.94999694824219,30865700
2025-11-25,89.27344512939453,90.23999786376953,90.58999633789062,90.12999725341797,90.30999755859375,36503300
2025-11-26,89.6691665649414,90.63999938964844,90.63999938964844,89.83000183105469,90.1500015258789,34099000
2025-11-28,89.24376678466797,90.20999908447266,90.52999877929688,89.94999694824219,90.45999908447266,40704300
2025-12-01,88.13279724121094,88.7699966430664,88.98999786376953,88.70999908447266,88.8499984741211,47086600
2025-12-02,88.1725082397461,88.80999755859375,88.95999908447266,88.45999908447266,88.58000183105469,27605700
2025-12-03,88.42071533203125,89.05999755859375,89.16000366210938,88.73999786376953,88.91999816894531,23278600
2025-12-04,87.94416046142578,88.58000183105469,88.93000030517578,88.4800033569336,88.91000366210938,25541500
2025-12-05,87.537109375,88.16999816894531,88.55000305175781,88.05000305175781,88.55000305175781,32808100
2025-12-08,87.24918365478516,87.87999725341797,88.19999694824219,87.55999755859375,88.19000244140625,32255200
2025-12-09,87.33853912353516,87.97000122070312,88.3499984741211,87.83999633789062,88.33999633789062,25771800
2025-12-10,87.67609405517578,88.30999755859375,88.5199966430664,87.86000061035156,88.0,46833500
2025-12-11,87.55696105957031,88.19000244140625,88.83000183105469,88.16000366210938,88.69000244140625,26778700
2025-12-12,86.71305847167969,87.33999633789062,87.5,87.19000244140625,87.37999725341797,47030100
2025-12-15,86.77263641357422,87.4000015258789,87.87999725341797,87.38999938964844,87.72000122070312,28611800
2025-12-16,87.24918365478516,87.87999725341797,87.91999816894531,87.16999816894531,87.19000244140625,41018700
2025-12-17,87.16976928710938,87.80000305175781,87.98999786376953,87.58000183105469,87.62999725341797,24668300
2025-12-18,87.58674621582031,88.22000122070312,88.37999725341797,88.06999969482422,88.12999725341797,39048900
2025-12-19,87.25984191894531,87.55000305175781,87.76000213623047,87.41000366210938,87.61000061035156,37858100
2025-12-22,87.07046508789062,87.36000061035156,87.45999908447266,87.25,87.41999816894531,25547100
2025-12-23,87.20999908447266,87.5,87.58000183105469,87.02999877929688,87.06999969482422,33624100
2025-12-24,87.73824310302734,88.02999877929688,88.08000183105469,87.6500015258789,87.76000213623047,25942000
2025-12-26,87.44920349121094,87.73999786376953,88.16999816894531,87.5999984741211,88.0999984741211,26522700
2025-12-29,87.77811431884766,88.06999969482422,88.06999969482422,87.79000091552734,87.94999694824219,29399800
2025-12-30,87.56880950927734,87.86000061035156,88.04000091552734,87.66999816894531,87.73999786376953,25106800
