Price,Adj Close,Close,High,Low,Open,Volume
Ticker,VEA,VEA,VEA,VEA,VEA,VEA
Date,,,,,,
2015-01-02,26.971416473388672,37.689998626708984,38.040000915527344,37.63999938964844,37.95000076293945,5970800
2015-01-05,26.37029457092285,36.849998474121094,37.25,36.77000045776367,37.25,8787700
2015-01-06,26.07689666748047,36.439998626708984,36.939998626708984,36.310001373291016,36.810001373291016,5413000
2015-01-07,26.35599136352539,36.83000183105469,36.900001525878906,36.5099983215332,36.689998626708984,4906100
2015-01-08,26.756731033325195,37.38999938964844,37.4900016784668,37.060001373291016,37.06999969482422,5459800
2015-01-09,26.627925872802734,37.209999084472656,37.45000076293945,37.040000915527344,37.400001525878906,4844500
2015-01-12,26.59929084777832,37.16999816894531,37.279998779296875,36.95000076293945,37.220001220703125,8086700
2015-01-13,26.728099822998047,37.349998474121094,37.689998626708984,37.08000183105469,37.599998474121094,4597400
2015-01-14,26.65654754638672,37.25,37.29999923706055,36.970001220703125,37.18000030517578,5792400
2015-01-15,26.80681800842285,37.459999084472656,37.720001220703125,37.380001068115234,37.65999984741211,7711100
2015-01-16,27.1002254486084,37.869998931884766,37.93000030517578,37.41999816894531,37.47999954223633,5464400
2015-01-20,27.221879959106445,38.040000915527344,38.20000076293945,37.880001068115234,38.18000030517578,6848000
2015-01-21,27.42224884033203,38.31999969482422,38.31999969482422,37.959999084472656,38.060001373291016,6008900
2015-01-22,27.522428512573242,38.459999084472656,38.540000915527344,38.130001068115234,38.22999954223633,7247800
2015-01-23,27.357851028442383,38.22999954223633,38.4900016784668,38.22999954223633,38.400001525878906,9728400
2015-01-26,27.722806930541992,38.7400016784668,38.84000015258789,38.439998626708984,38.470001220703125,4562700
2015-01-27,27.7442684173584,38.77000045776367,38.88999938964844,38.59000015258789,38.68000030517578,4023000
2015-01-28,27.37931251525879,38.2599983215332,38.869998931884766,38.2400016784668,38.7400016784668,4185300
2015-01-29,27.75143051147461,38.779998779296875,38.79999923706055,38.439998626708984,38.540000915527344,6399900
2015-01-30,27.300594329833984,38.150001525878906,38.529998779296875,38.13999938964844,38.41999816894531,7730300
2015-02-02,27.65839958190918,38.650001525878906,38.689998626708984,38.29999923706055,38.439998626708984,8519700
2015-02-03,28.05198860168457,39.20000076293945,39.27000045776367,38.77000045776367,38.86000061035156,4602600
2015-02-04,27.851619720458984,38.91999816894531,39.22999954223633,38.880001068115234,38.97999954223633,7436300
2015-02-05,28.14502716064453,39.33000183105469,39.36000061035156,39.060001373291016,39.220001220703125,15631300
2015-02-06,27.80868148803711,38.86000061035156,39.11000061035156,38.7599983215332,38.95000076293945,4267400
2015-02-09,27.67987060546875,38.68000030517578,38.790000915527344,38.59000015258789,38.61000061035156,3846500
2015-02-10,27.91602325439453,39.0099983215332,39.060001373291016,38.75,38.91999816894531,3006900
2015-02-11,27.7657413482666,38.79999923706055,38.880001068115234,38.630001068115234,38.790000915527344,3083500
2015-02-12,28.19510841369629,39.400001525878906,39.40999984741211,39.060001373291016,39.08000183105469,10545900
2015-02-13,28.39547348022461,39.68000030517578,39.689998626708984,39.52000045776367,39.52000045776367,3733100
2015-02-17,28.45989227294922,39.77000045776367,39.869998931884766,39.540000915527344,39.650001525878906,4627600
2015-02-18,28.653100967407227,40.040000915527344,40.130001068115234,39.83000183105469,39.91999816894531,3877300
2015-02-19,28.66741371154785,40.060001373291016,40.189998626708984,40.0,40.040000915527344,3234700
2015-02-20,28.95365333557129,40.459999084472656,40.56999969482422,39.900001525878906,39.9900016784668,5727500
2015-02-23,28.839157104492188,40.29999923706055,40.349998474121094,40.18000030517578,40.2599983215332,4540200
2015-02-24,29.010908126831055,40.540000915527344,40.58000183105469,40.20000076293945,40.310001373291016,3910200
2015-02-25,29.039522171020508,40.58000183105469,40.619998931884766,40.43000030517578,40.52000045776367,29699200
2015-02-26,28.9608154296875,40.470001220703125,40.58000183105469,40.38999938964844,40.529998779296875,4267000
2015-02-27,28.98227882385254,40.5,40.650001525878906,40.45000076293945,40.54999923706055,4726400
2015-03-02,29.025226593017578,40.560001373291016,40.56999969482422,40.40999984741211,40.52000045776367,4683400
2015-03-03,28.860637664794922,40.33000183105469,40.47999954223633,40.22999954223633,40.47999954223633,4558800
2015-03-04,28.731822967529297,40.150001525878906,40.189998626708984,39.88999938964844,40.150001525878906,4400900
2015-03-05,28.824844360351562,40.279998779296875,40.400001525878906,40.20000076293945,40.33000183105469,10852400
2015-03-06,28.438417434692383,39.7400016784668,40.060001373291016,39.70000076293945,40.02000045776367,3938100
2015-03-09,28.45273208618164,39.7599983215332,39.83000183105469,39.65999984741211,39.75,4775500
2015-03-10,27.858774185180664,38.93000030517578,39.209999084472656,38.90999984741211,39.209999084472656,5425000
2015-03-11,27.930343627929688,39.029998779296875,39.11000061035156,38.86000061035156,39.099998474121094,3745400
2015-03-12,28.27382469177246,39.5099983215332,39.70000076293945,39.22999954223633,39.650001525878906,5309800
2015-03-13,28.102087020874023,39.27000045776367,39.310001373291016,39.040000915527344,39.22999954223633,4263000
2015-03-16,28.416955947875977,39.709999084472656,39.779998779296875,39.540000915527344,39.56999969482422,4533000
2015-03-17,28.388324737548828,39.66999816894531,39.720001220703125,39.459999084472656,39.56999969482422,5497100
2015-03-18,28.975128173828125,40.4900016784668,40.56999969482422,39.65999984741211,39.79999923706055,6198700
2015-03-19,28.624479293823242,40.0,40.130001068115234,39.93000030517578,40.06999969482422,4467100
2015-03-20,29.23989486694336,40.86000061035156,41.0099983215332,40.540000915527344,40.720001220703125,3652900
2015-03-23,29.375864028930664,41.04999923706055,41.15999984741211,40.90999984741211,41.029998779296875,4152000
2015-03-24,29.347248077392578,41.0099983215332,41.209999084472656,41.0099983215332,41.16999816894531,3463000
2015-03-25,29.189830780029297,40.61000061035156,41.029998779296875,40.59000015258789,41.029998779296875,7283000
2015-03-26,28.952640533447266,40.279998779296875,40.38999938964844,40.040000915527344,40.36000061035156,3268800
2015-03-27,29.01732063293457,40.369998931884766,40.41999816894531,40.20000076293945,40.279998779296875,3159100
2015-03-30,29.03889274597168,40.400001525878906,40.5,40.36000061035156,40.43000030517578,6397800
2015-03-31,28.629188537597656,39.83000183105469,40.04999923706055,39.75,39.75,4832100
2015-04-01,28.830446243286133,40.11000061035156,40.11000061035156,39.83000183105469,40.04999923706055,9692100
2015-04-02,29.046064376831055,40.40999984741211,40.4900016784668,40.20000076293945,40.34000015258789,4242100
2015-04-06,29.326400756835938,40.79999923706055,41.029998779296875,40.529998779296875,40.66999816894531,4333000
2015-04-07,29.326400756835938,40.79999923706055,41.099998474121094,40.790000915527344,40.970001220703125,3437200
2015-04-08,29.462968826293945,40.9900016784668,41.22999954223633,40.84000015258789,41.18000030517578,3776700
2015-04-09,29.506086349487305,41.04999923706055,41.060001373291016,40.869998931884766,41.029998779296875,14238800
2015-04-10,29.563600540161133,41.130001068115234,41.13999938964844,40.93000030517578,41.02000045776367,3095500
2015-04-13,29.40546989440918,40.90999984741211,41.150001525878906,40.84000015258789,41.150001525878906,4847600
2015-04-14,29.628299713134766,41.220001220703125,41.25,41.099998474121094,41.189998626708984,3423500
2015-04-15,29.76486587524414,41.40999984741211,41.4900016784668,41.18000030517578,41.349998474121094,7418700
2015-04-16,29.836732864379883,41.5099983215332,41.630001068115234,41.290000915527344,41.459999084472656,3700700
2015-04-17,29.477344512939453,41.0099983215332,41.08000183105469,40.849998474121094,41.08000183105469,4674300
2015-04-20,29.527660369873047,41.08000183105469,41.290000915527344,41.02000045776367,41.06999969482422,2958100
2015-04-21,29.779226303100586,41.43000030517578,41.5099983215332,41.33000183105469,41.34000015258789,10277800
2015-04-22,29.843923568725586,41.52000045776367,41.540000915527344,41.2599983215332,41.470001220703125,3325400
2015-04-23,29.97330093383789,41.70000076293945,41.77000045776367,41.2599983215332,41.34000015258789,3015200
2015-04-24,30.138620376586914,41.93000030517578,41.9900016784668,41.689998626708984,41.86000061035156,3020300
2015-04-27,30.253629684448242,42.09000015258789,42.290000915527344,42.060001373291016,42.150001525878906,3479600
2015-04-28,30.303953170776367,42.15999984741211,42.16999816894531,41.880001068115234,42.09000015258789,3743900
2015-04-29,30.038007736206055,41.790000915527344,41.97999954223633,41.630001068115234,41.849998474121094,5476400
2015-04-30,29.736108779907227,41.369998931884766,41.599998474121094,41.279998779296875,41.5,7966300
2015-05-01,29.987693786621094,41.720001220703125,41.720001220703125,41.41999816894531,41.59000015258789,4214100
2015-05-04,30.016422271728516,41.7599983215332,41.900001525878906,41.66999816894531,41.77000045776367,3197600
2015-05-05,29.563600540161133,41.130001068115234,41.61000061035156,41.09000015258789,41.58000183105469,4727200
2015-05-06,29.628299713134766,41.220001220703125,41.41999816894531,41.04999923706055,41.369998931884766,3258500
2015-05-07,29.527660369873047,41.08000183105469,41.130001068115234,40.88999938964844,41.04999923706055,5227300
2015-05-08,30.16738510131836,41.970001220703125,42.040000915527344,41.65999984741211,41.720001220703125,2906700
2015-05-11,29.901432037353516,41.599998474121094,41.779998779296875,41.58000183105469,41.66999816894531,2838500
2015-05-12,29.901432037353516,41.599998474121094,41.70000076293945,41.47999954223633,41.54999923706055,4218800
2015-05-13,30.1170654296875,41.900001525878906,42.13999938964844,41.849998474121094,42.04999923706055,3101600
2015-05-14,30.476457595825195,42.400001525878906,42.41999816894531,42.209999084472656,42.290000915527344,2807400
2015-05-15,30.512388229370117,42.45000076293945,42.47999954223633,42.189998626708984,42.290000915527344,2733500
2015-05-18,30.411760330200195,42.310001373291016,42.349998474121094,42.189998626708984,42.2599983215332,2412300
2015-05-19,30.2967586517334,42.150001525878906,42.2599983215332,42.099998474121094,42.16999816894531,4747400
2015-05-20,30.354257583618164,42.22999954223633,42.38999938964844,42.099998474121094,42.15999984741211,2924700
2015-05-21,30.519577026367188,42.459999084472656,42.5099983215332,42.25,42.290000915527344,2587000
2015-05-22,30.332687377929688,42.20000076293945,42.310001373291016,42.16999816894531,42.27000045776367,2664900
2015-05-26,29.82236099243164,41.4900016784668,41.849998474121094,41.380001068115234,41.81999969482422,3414800
2015-05-27,30.073938369750977,41.84000015258789,41.86000061035156,41.470001220703125,41.5,3807100
2015-05-28,30.00925064086914,41.75,41.779998779296875,41.41999816894531,41.59000015258789,2596500
2015-05-29,29.721721649169922,41.349998474121094,41.630001068115234,41.189998626708984,41.560001373291016,5768600
2015-06-01,29.649852752685547,41.25,41.47999954223633,41.09000015258789,41.459999084472656,4166400
2015-06-02,29.750478744506836,41.38999938964844,41.599998474121094,41.2599983215332,41.33000183105469,4704000
2015-06-03,29.92298698425293,41.630001068115234,41.810001373291016,41.4900016784668,41.529998779296875,2620500
2015-06-04,29.577978134155273,41.150001525878906,41.630001068115234,41.040000915527344,41.33000183105469,4941700
2015-06-05,29.2545223236084,40.70000076293945,40.86000061035156,40.47999954223633,40.63999938964844,3548000
2015-06-08,29.225753784179688,40.65999984741211,40.689998626708984,40.52000045776367,40.65999984741211,3368800
2015-06-09,29.06044578552246,40.43000030517578,40.54999923706055,40.2599983215332,40.47999954223633,2786200
2015-06-10,29.66422462463379,41.27000045776367,41.380001068115234,40.970001220703125,41.0099983215332,2575500
2015-06-11,29.750478744506836,41.38999938964844,41.5,41.189998626708984,41.43000030517578,3293700
2015-06-12,29.513286590576172,41.060001373291016,41.16999816894531,40.810001373291016,40.91999816894531,4435800
2015-06-15,29.326400756835938,40.79999923706055,40.83000183105469,40.529998779296875,40.58000183105469,5339700
2015-06-16,29.3192195892334,40.790000915527344,40.79999923706055,40.529998779296875,40.59000015258789,3377700
2015-06-17,29.240140914916992,40.68000030517578,40.779998779296875,40.279998779296875,40.650001525878906,4701700
2015-06-18,29.52048110961914,41.06999969482422,41.369998931884766,40.779998779296875,40.779998779296875,7921900
2015-06-19,29.455774307250977,40.97999954223633,41.099998474121094,40.939998626708984,41.040000915527344,3451000
2015-06-22,29.966106414794922,41.689998626708984,41.959999084472656,41.65999984741211,41.709999084472656,4391200
2015-06-23,30.073938369750977,41.84000015258789,41.88999938964844,41.7599983215332,41.810001373291016,2975100
2015-06-24,29.829544067382812,41.5,41.72999954223633,41.470001220703125,41.650001525878906,5702500
2015-06-25,29.82236099243164,41.4900016784668,41.689998626708984,41.459999084472656,41.66999816894531,3495900
2015-06-26,29.795429229736328,40.939998626708984,41.09000015258789,40.79999923706055,41.0099983215332,5510400
2015-06-29,28.9002628326416,39.709999084472656,40.279998779296875,39.65999984741211,40.150001525878906,6779100
2015-06-30,28.856599807739258,39.650001525878906,40.189998626708984,39.5099983215332,40.150001525878906,8670600
2015-07-01,29.045806884765625,39.90999984741211,40.16999816894531,39.77000045776367,40.119998931884766,8379000
2015-07-02,29.11858558654785,40.0099983215332,40.099998474121094,39.88999938964844,40.099998474121094,4504900
2015-07-06,28.52181053161621,39.189998626708984,39.5,39.04999923706055,39.18000030517578,7686800
2015-07-07,28.51453971862793,39.18000030517578,39.2400016784668,38.41999816894531,38.90999984741211,10381300
2015-07-08,27.82314682006836,38.22999954223633,38.56999969482422,38.16999816894531,38.529998779296875,8466600
2015-07-09,28.274362564086914,38.849998474121094,39.13999938964844,38.779998779296875,39.060001373291016,4590200
2015-07-10,29.133150100708008,40.029998779296875,40.08000183105469,39.790000915527344,39.970001220703125,3625300
2015-07-13,29.256877899169922,40.20000076293945,40.2599983215332,40.119998931884766,40.209999084472656,9134000
2015-07-14,29.46065902709961,40.47999954223633,40.52000045776367,40.2599983215332,40.33000183105469,3326500
2015-07-15,29.344205856323242,40.31999969482422,40.459999084472656,40.209999084472656,40.41999816894531,3046300
2015-07-16,29.591651916503906,40.65999984741211,40.77000045776367,40.619998931884766,40.689998626708984,5037800
2015-07-17,29.54798126220703,40.599998474121094,40.63999938964844,40.540000915527344,40.630001068115234,2328200
2015-07-20,29.613492965698242,40.689998626708984,40.77000045776367,40.56999969482422,40.70000076293945,3222300
2015-07-21,29.533430099487305,40.58000183105469,40.650001525878906,40.52000045776367,40.59000015258789,6341700
2015-07-22,29.285980224609375,40.2400016784668,40.279998779296875,40.130001068115234,40.18000030517578,3813700
2015-07-23,29.191387176513672,40.11000061035156,40.33000183105469,40.060001373291016,40.33000183105469,6613800
2015-07-24,28.878421783447266,39.68000030517578,40.060001373291016,39.650001525878906,40.02000045776367,3634300
2015-07-27,28.69648551940918,39.43000030517578,39.68000030517578,39.36000061035156,39.619998931884766,4463100
2015-07-28,29.05309295654297,39.91999816894531,39.95000076293945,39.529998779296875,39.7400016784668,3684000
2015-07-29,29.154979705810547,40.060001373291016,40.189998626708984,39.810001373291016,39.88999938964844,4959300
2015-07-30,29.140424728393555,40.040000915527344,40.040000915527344,39.7400016784668,39.95000076293945,2922300
2015-07-31,29.278711318969727,40.22999954223633,40.400001525878906,40.150001525878906,40.400001525878906,7070100
2015-08-03,29.191387176513672,40.11000061035156,40.27000045776367,39.9900016784668,40.25,4785500
2015-08-04,29.22048568725586,40.150001525878906,40.279998779296875,40.06999969482422,40.209999084472656,4030000
2015-08-05,29.373321533203125,40.36000061035156,40.5099983215332,40.33000183105469,40.38999938964844,3435300
2015-08-06,29.242321014404297,40.18000030517578,40.349998474121094,40.08000183105469,40.310001373291016,3139200
2015-08-07,29.21320343017578,40.13999938964844,40.16999816894531,39.95000076293945,40.04999923706055,6327600
2015-08-10,29.569822311401367,40.630001068115234,40.63999938964844,40.220001220703125,40.2599983215332,3204200
2015-08-11,29.104045867919922,39.9900016784668,40.119998931884766,39.84000015258789,40.06999969482422,6032800
2015-08-12,28.914813995361328,39.72999954223633,39.75,39.2599983215332,39.4900016784668,5319300
2015-08-13,28.90753746032715,39.720001220703125,39.79999923706055,39.58000183105469,39.650001525878906,5826800
2015-08-14,28.9584903717041,39.790000915527344,39.81999969482422,39.560001373291016,39.650001525878906,5182300
2015-08-17,28.9002628326416,39.709999084472656,39.709999084472656,39.380001068115234,39.47999954223633,4422800
2015-08-18,28.67464256286621,39.400001525878906,39.540000915527344,39.34000015258789,39.470001220703125,4500500
2015-08-19,28.441761016845703,39.08000183105469,39.27000045776367,38.869998931884766,39.099998474121094,5641000
2015-08-20,27.743087768554688,38.119998931884766,38.720001220703125,38.119998931884766,38.68000030517578,8959600
2015-08-21,27.04442024230957,37.15999984741211,38.099998474121094,37.13999938964844,38.02000045776367,11455700
2015-08-24,26.134679794311523,35.90999984741211,36.7400016784668,35.11000061035156,35.650001525878906,30085700
2015-08-25,26.396686553955078,36.27000045776367,37.68000030517578,36.2599983215332,37.52000045776367,16331900
2015-08-26,27.0808048248291,37.209999084472656,37.88999938964844,36.36000061035156,37.880001068115234,12509400
2015-08-27,27.437414169311523,37.70000076293945,37.77000045776367,37.34000015258789,37.40999984741211,10178800
2015-08-28,27.36463165283203,37.599998474121094,37.70000076293945,37.43000030517578,37.52000045776367,16730900
2015-08-31,27.160863876342773,37.31999969482422,37.5099983215332,37.209999084472656,37.38999938964844,5561300
2015-09-01,26.27295684814453,36.099998474121094,36.470001220703125,36.0,36.31999969482422,8833200
2015-09-02,26.680530548095703,36.65999984741211,36.709999084472656,36.279998779296875,36.70000076293945,12515100
2015-09-03,26.716907501220703,36.709999084472656,37.0099983215332,36.63999938964844,36.790000915527344,6449000
2015-09-04,26.12013053894043,35.88999938964844,36.09000015258789,35.720001220703125,35.970001220703125,5774100
2015-09-08,26.877025604248047,36.93000030517578,36.939998626708984,36.65999984741211,36.79999923706055,7679900
2015-09-09,26.775129318237305,36.790000915527344,37.4900016784668,36.7400016784668,37.47999954223633,9047300
2015-09-10,26.94980812072754,37.029998779296875,37.15999984741211,36.72999954223633,36.84000015258789,6462000
2015-09-11,26.94253158569336,37.02000045776367,37.02000045776367,36.689998626708984,36.720001220703125,4743200
2015-09-14,26.746021270751953,36.75,36.779998779296875,36.59000015258789,36.75,3850100
2015-09-15,26.94253158569336,37.02000045776367,37.04999923706055,36.650001525878906,36.709999084472656,12290600
2015-09-16,27.328250885009766,37.54999923706055,37.59000015258789,37.290000915527344,37.310001373291016,5132900
2015-09-17,27.34281349182129,37.56999969482422,38.0099983215332,37.349998474121094,37.369998931884766,6130000
2015-09-18,26.68779754638672,36.66999816894531,37.04999923706055,36.63999938964844,36.869998931884766,5019400
2015-09-21,26.68779754638672,36.66999816894531,36.849998474121094,36.5,36.81999969482422,6297200
2015-09-22,26.061906814575195,35.810001373291016,35.970001220703125,35.58000183105469,35.88999938964844,9546600
2015-09-23,25.93818473815918,35.63999938964844,35.880001068115234,35.5,35.86000061035156,7533800
2015-09-24,25.850854873657227,35.52000045776367,35.61000061035156,35.119998931884766,35.38999938964844,11915400
2015-09-25,26.089155197143555,35.689998626708984,35.970001220703125,35.540000915527344,35.900001525878906,8630000
2015-09-28,25.58477210998535,35.0,35.4900016784668,34.93000030517578,35.459999084472656,7232700
2015-09-29,25.533601760864258,34.93000030517578,35.02000045776367,34.709999084472656,34.90999984741211,10210400
2015-09-30,26.05260467529297,35.63999938964844,35.65999984741211,35.27000045776367,35.529998779296875,11450200
2015-10-01,26.125709533691406,35.7400016784668,35.91999816894531,35.439998626708984,35.84000015258789,11944100
2015-10-02,26.55699348449707,36.33000183105469,36.33000183105469,35.5,35.630001068115234,6594200
2015-10-05,27.090606689453125,37.060001373291016,37.060001373291016,36.779998779296875,36.79999923706055,5477300
2015-10-06,27.11985969543457,37.099998474121094,37.220001220703125,36.9900016784668,36.9900016784668,5664300
2015-10-07,27.441499710083008,37.540000915527344,37.68000030517578,37.27000045776367,37.540000915527344,4639600
2015-10-08,27.668094635009766,37.849998474121094,37.86000061035156,37.31999969482422,37.52000045776367,4215500
2015-10-09,27.726585388183594,37.93000030517578,38.040000915527344,37.810001373291016,37.97999954223633,4267800
2015-10-12,27.675413131713867,37.86000061035156,37.90999984741211,37.779998779296875,37.81999969482422,2732600
2015-10-13,27.346471786499023,37.40999984741211,37.689998626708984,37.369998931884766,37.45000076293945,7393700
2015-10-14,27.390323638916016,37.470001220703125,37.599998474121094,37.349998474121094,37.459999084472656,7472100
2015-10-15,27.89470100402832,38.15999984741211,38.189998626708984,37.790000915527344,37.83000183105469,4211400
2015-10-16,27.880094528198242,38.13999938964844,38.150001525878906,37.970001220703125,38.040000915527344,8056300
2015-10-19,27.76312828063965,37.97999954223633,37.9900016784668,37.84000015258789,37.959999084472656,3950100
2015-10-20,27.668094635009766,37.849998474121094,37.95000076293945,37.790000915527344,37.869998931884766,3867600
2015-10-21,27.646163940429688,37.81999969482422,38.099998474121094,37.790000915527344,38.08000183105469,3019500
2015-10-22,27.975114822387695,38.27000045776367,38.38999938964844,37.97999954223633,37.97999954223633,4527000
2015-10-23,28.230960845947266,38.619998931884766,38.70000076293945,38.45000076293945,38.560001373291016,4939500
2015-10-26,28.128623962402344,38.47999954223633,38.56999969482422,38.439998626708984,38.560001373291016,3311300
2015-10-27,27.880094528198242,38.13999938964844,38.25,38.08000183105469,38.220001220703125,3714700
2015-10-28,28.033592224121094,38.349998474121094,38.58000183105469,38.02000045776367,38.27000045776367,4545600
2015-10-29,27.828916549682617,38.06999969482422,38.119998931884766,37.90999984741211,37.93000030517578,3988600
2015-10-30,27.806995391845703,38.040000915527344,38.279998779296875,38.02000045776367,38.13999938964844,8679000
2015-11-02,28.077457427978516,38.40999984741211,38.40999984741211,38.20000076293945,38.22999954223633,4404600
2015-11-03,28.077457427978516,38.40999984741211,38.5,38.130001068115234,38.189998626708984,4448600
2015-11-04,27.89470100402832,38.15999984741211,38.439998626708984,38.06999969482422,38.41999816894531,4603200
2015-11-05,27.858156204223633,38.11000061035156,38.29999923706055,38.029998779296875,38.2599983215332,6804600
2015-11-06,27.726585388183594,37.93000030517578,37.959999084472656,37.689998626708984,37.86000061035156,4523000
2015-11-09,27.434181213378906,37.529998779296875,37.7400016784668,37.400001525878906,37.72999954223633,5023500
2015-11-10,27.4268741607666,37.52000045776367,37.52000045776367,37.290000915527344,37.38999938964844,5948300
2015-11-11,27.558446884155273,37.70000076293945,37.86000061035156,37.63999938964844,37.81999969482422,3887400
2015-11-12,27.229503631591797,37.25,37.529998779296875,37.2400016784668,37.41999816894531,5813200
2015-11-13,27.017515182495117,36.959999084472656,37.11000061035156,36.869998931884766,37.09000015258789,6452400
2015-11-16,27.339155197143555,37.400001525878906,37.40999984741211,36.95000076293945,36.9900016784668,9150400
2015-11-17,27.375699996948242,37.45000076293945,37.63999938964844,37.380001068115234,37.52000045776367,6153500
2015-11-18,27.638851165771484,37.810001373291016,37.84000015258789,37.5,37.560001373291016,5392100
2015-11-19,27.785058975219727,38.0099983215332,38.130001068115234,37.959999084472656,38.029998779296875,5082700
2015-11-20,27.726585388183594,37.93000030517578,38.189998626708984,37.91999816894531,38.130001068115234,4761300
2015-11-23,27.558446884155273,37.70000076293945,37.91999816894531,37.619998931884766,37.84000015258789,6850700
2015-11-24,27.595001220703125,37.75,37.790000915527344,37.439998626708984,37.47999954223633,6010700
2015-11-25,27.638851165771484,37.810001373291016,37.880001068115234,37.689998626708984,37.779998779296875,4139500
2015-11-27,27.631549835205078,37.79999923706055,37.86000061035156,37.7599983215332,37.81999969482422,1730400
2015-11-30,27.595001220703125,37.75,37.849998474121094,37.709999084472656,37.79999923706055,6409600
2015-12-01,27.89470100402832,38.15999984741211,38.16999816894531,37.97999954223633,38.040000915527344,6266900
2015-12-02,27.602306365966797,37.7599983215332,38.060001373291016,37.70000076293945,38.0099983215332,6458600
2015-12-03,27.470727920532227,37.58000183105469,38.0,37.41999816894531,37.9900016784668,7369500
2015-12-04,27.668094635009766,37.849998474121094,37.93000030517578,37.439998626708984,37.45000076293945,7851700
2015-12-07,27.441499710083008,37.540000915527344,37.689998626708984,37.380001068115234,37.689998626708984,27559000
2015-12-08,27.02482795715332,36.970001220703125,37.060001373291016,36.810001373291016,36.939998626708984,7716100
2015-12-09,26.966354370117188,36.88999938964844,37.290000915527344,36.68000030517578,37.02000045776367,8952800
2015-12-10,26.959030151367188,36.880001068115234,37.099998474121094,36.849998474121094,37.02000045776367,8758600
2015-12-11,26.476581573486328,36.220001220703125,36.41999816894531,36.150001525878906,36.41999816894531,13250700
2015-12-14,26.535057067871094,36.29999923706055,36.41999816894531,35.91999816894531,36.369998931884766,17119500
2015-12-15,26.637401580810547,36.439998626708984,36.630001068115234,36.369998931884766,36.470001220703125,17785300
2015-12-16,27.178335189819336,37.18000030517578,37.279998779296875,36.720001220703125,36.88999938964844,13682200
2015-12-17,26.8640079498291,36.75,37.15999984741211,36.7400016784668,37.150001525878906,14836400
2015-12-18,26.57891845703125,36.36000061035156,36.630001068115234,36.36000061035156,36.560001373291016,13327600
2015-12-21,26.748807907104492,36.369998931884766,36.61000061035156,36.16999816894531,36.540000915527344,14329900
2015-12-22,26.947383880615234,36.63999938964844,36.68000030517578,36.349998474121094,36.470001220703125,12726000
2015-12-23,27.388673782348633,37.2400016784668,37.2400016784668,36.869998931884766,36.939998626708984,12581600
2015-12-24,27.315126419067383,37.13999938964844,37.2400016784668,37.04999923706055,37.119998931884766,6669200
2015-12-28,27.234220504760742,37.029998779296875,37.09000015258789,36.90999984741211,37.09000015258789,11549900
2015-12-29,27.521047592163086,37.41999816894531,37.5099983215332,37.310001373291016,37.349998474121094,8858600
2015-12-30,27.35188865661621,37.189998626708984,37.33000183105469,37.15999984741211,37.310001373291016,8108800
2015-12-31,27.006221771240234,36.720001220703125,37.02000045776367,36.709999084472656,37.0099983215332,11420100
2016-01-04,26.601713180541992,36.16999816894531,36.16999816894531,35.72999954223633,36.11000061035156,12529400
2016-01-05,26.57230567932129,36.130001068115234,36.13999938964844,35.869998931884766,36.08000183105469,6913600
2016-01-06,26.086894989013672,35.470001220703125,35.59000015258789,35.29999923706055,35.369998931884766,10205400
2016-01-07,25.594133377075195,34.79999923706055,35.16999816894531,34.7599983215332,34.900001525878906,31307000
2016-01-08,25.277889251708984,34.369998931884766,35.02000045776367,34.31999969482422,34.9900016784668,15695200
2016-01-11,25.388208389282227,34.52000045776367,34.779998779296875,34.209999084472656,34.75,12922300
2016-01-12,25.49117088317871,34.65999984741211,34.81999969482422,34.36000061035156,34.790000915527344,9926200
2016-01-13,25.108728408813477,34.13999938964844,34.95000076293945,34.040000915527344,34.88999938964844,12504800
2016-01-14,25.402917861938477,34.540000915527344,34.720001220703125,34.0099983215332,34.279998779296875,15388200
2016-01-15,24.52035903930664,33.34000015258789,33.65999984741211,33.13999938964844,33.400001525878906,21773800
2016-01-19,24.7336483001709,33.630001068115234,33.93000030517578,33.40999984741211,33.91999816894531,17414400
2016-01-20,24.16733169555664,32.86000061035156,33.060001373291016,32.220001220703125,32.959999084472656,14011600
2016-01-21,24.351207733154297,33.11000061035156,33.29999923706055,32.4900016784668,32.72999954223633,18334300
2016-01-22,25.057247161865234,34.06999969482422,34.130001068115234,33.84000015258789,33.90999984741211,14333900
2016-01-25,24.696868896484375,33.58000183105469,33.939998626708984,33.560001373291016,33.849998474121094,17822600
2016-01-26,25.145503997802734,34.189998626708984,34.220001220703125,33.75,33.790000915527344,6704400
2016-01-27,24.983699798583984,33.970001220703125,34.470001220703125,33.83000183105469,34.119998931884766,8531000
2016-01-28,25.07931137084961,34.099998474121094,34.34000015258789,33.81999969482422,34.33000183105469,10151300
2016-01-29,25.51323890686035,34.689998626708984,34.709999084472656,34.220001220703125,34.2400016784668,10950700
2016-02-01,25.461746215820312,34.619998931884766,34.75,34.279998779296875,34.400001525878906,12162500
2016-02-02,24.88809585571289,33.84000015258789,34.189998626708984,33.7400016784668,34.18000030517578,7540900
2016-02-03,25.108728408813477,34.13999938964844,34.18000030517578,33.439998626708984,34.029998779296875,10571000
2016-02-04,25.160213470458984,34.209999084472656,34.36000061035156,33.91999816894531,34.0099983215332,11076300
2016-02-05,24.785123825073242,33.70000076293945,34.130001068115234,33.58000183105469,34.08000183105469,10073200
2016-02-08,24.33649444580078,33.09000015258789,33.20000076293945,32.79999923706055,33.18000030517578,13906800
2016-02-09,24.07172393798828,32.72999954223633,32.869998931884766,32.41999816894531,32.439998626708984,14142400
2016-02-10,24.02024269104004,32.65999984741211,33.08000183105469,32.619998931884766,32.880001068115234,12716300
2016-02-11,23.703994750976562,32.22999954223633,32.38999938964844,31.950000762939453,32.2599983215332,27173800
2016-02-12,24.079084396362305,32.7400016784668,32.7400016784668,32.16999816894531,32.29999923706055,11300000
2016-02-16,24.542421340942383,33.369998931884766,33.380001068115234,33.02000045776367,33.310001373291016,9176700
2016-02-17,24.983699798583984,33.970001220703125,34.02000045776367,33.599998474121094,33.599998474121094,9328500
2016-02-18,24.866025924682617,33.810001373291016,34.13999938964844,33.77000045776367,34.06999969482422,8859800
2016-02-19,24.821897506713867,33.75,33.779998779296875,33.459999084472656,33.56999969482422,11576300
2016-02-22,25.12343978881836,34.15999984741211,34.189998626708984,33.97999954223633,33.9900016784668,9063600
2016-02-23,24.704219818115234,33.59000015258789,33.959999084472656,33.54999923706055,33.90999984741211,6969700
2016-02-24,24.630678176879883,33.4900016784668,33.54999923706055,32.90999984741211,33.060001373291016,9894700
2016-02-25,24.92486572265625,33.88999938964844,33.900001525878906,33.529998779296875,33.65999984741211,8416200
2016-02-26,24.83660888671875,33.77000045776367,34.08000183105469,33.72999954223633,34.02000045776367,5811100
2016-02-29,24.726289749145508,33.619998931884766,33.91999816894531,33.61000061035156,33.72999954223633,10145300
2016-03-01,25.36614227294922,34.4900016784668,34.52000045776367,34.029998779296875,34.09000015258789,6417000
2016-03-02,25.542648315429688,34.72999954223633,34.7400016784668,34.38999938964844,34.45000076293945,9564000
2016-03-03,25.81477165222168,35.099998474121094,35.11000061035156,34.810001373291016,34.83000183105469,6772000
2016-03-04,26.013351440429688,35.369998931884766,35.54999923706055,35.27000045776367,35.34000015258789,7626100
2016-03-07,25.99128532409668,35.34000015258789,35.459999084472656,34.9900016784668,35.02000045776367,12654200
2016-03-08,25.704452514648438,34.95000076293945,35.16999816894531,34.90999984741211,35.150001525878906,7501500
2016-03-09,25.81477165222168,35.099998474121094,35.20000076293945,35.0099983215332,35.09000015258789,5706800
2016-03-10,25.79271125793457,35.06999969482422,35.599998474121094,34.79999923706055,35.40999984741211,28665000
2016-03-11,26.46198272705078,35.97999954223633,36.0,35.689998626708984,35.72999954223633,5780600
2016-03-14,26.40314292907715,35.900001525878906,35.9900016784668,35.810001373291016,35.88999938964844,5980900
2016-03-15,26.1350040435791,35.380001068115234,35.439998626708984,35.2400016784668,35.369998931884766,5866600
2016-03-16,26.40831184387207,35.75,35.790000915527344,35.16999816894531,35.16999816894531,8075400
2016-03-17,26.652084350585938,36.08000183105469,36.16999816894531,35.709999084472656,35.75,6595400
2016-03-18,26.607765197753906,36.02000045776367,36.13999938964844,35.959999084472656,36.060001373291016,6833000
2016-03-21,26.556055068969727,35.95000076293945,36.02000045776367,35.84000015258789,35.93000030517578,5915700
2016-03-22,26.52650260925293,35.90999984741211,35.97999954223633,35.68000030517578,35.709999084472656,5297800
2016-03-23,26.23841667175293,35.52000045776367,35.84000015258789,35.47999954223633,35.79999923706055,5261300
2016-03-24,26.068504333496094,35.290000915527344,35.29999923706055,35.060001373291016,35.130001068115234,5802700
2016-03-28,26.231029510498047,35.5099983215332,35.650001525878906,35.41999816894531,35.59000015258789,5374900
2016-03-29,26.541290283203125,35.93000030517578,35.93000030517578,35.29999923706055,35.400001525878906,4990000
2016-03-30,26.740726470947266,36.20000076293945,36.400001525878906,36.130001068115234,36.2400016784668,5391300
2016-03-31,26.50434684753418,35.880001068115234,36.13999938964844,35.86000061035156,36.060001373291016,5447900
2016-04-01,26.2088680267334,35.47999954223633,35.529998779296875,35.099998474121094,35.150001525878906,5803600
2016-04-04,26.14977264404297,35.400001525878906,35.619998931884766,35.36000061035156,35.58000183105469,8759600
2016-04-05,25.662240982055664,34.7400016784668,34.84000015258789,34.66999816894531,34.790000915527344,5392100
2016-04-06,26.075904846191406,35.29999923706055,35.29999923706055,34.810001373291016,34.880001068115234,5042600
2016-04-07,25.70655059814453,34.79999923706055,35.11000061035156,34.709999084472656,35.0099983215332,6946300
2016-04-08,26.194089889526367,35.459999084472656,35.59000015258789,35.369998931884766,35.459999084472656,5736200
2016-04-11,26.216259002685547,35.4900016784668,35.84000015258789,35.4900016784668,35.709999084472656,9456200
2016-04-12,26.615150451660156,36.029998779296875,36.119998931884766,35.59000015258789,35.790000915527344,6381000
2016-04-13,27.036212921142578,36.599998474121094,36.650001525878906,36.439998626708984,36.5,4354800
2016-04-14,27.065750122070312,36.63999938964844,36.7599983215332,36.599998474121094,36.720001220703125,5240600
2016-04-15,26.991884231567383,36.540000915527344,36.66999816894531,36.540000915527344,36.630001068115234,5351600
2016-04-18,27.23565101623535,36.869998931884766,36.900001525878906,36.459999084472656,36.47999954223633,4375000
2016-04-19,27.708417892456055,37.5099983215332,37.56999969482422,37.349998474121094,37.400001525878906,5620200
2016-04-20,27.715808868408203,37.52000045776367,37.70000076293945,37.40999984741211,37.4900016784668,4809800
2016-04-21,27.553293228149414,37.29999923706055,37.5099983215332,37.209999084472656,37.4900016784668,4594500
2016-04-22,27.531131744384766,37.27000045776367,37.380001068115234,37.13999938964844,37.279998779296875,5629500
2016-04-25,27.41294288635254,37.11000061035156,37.13999938964844,36.9900016784668,37.119998931884766,4449500
2016-04-26,27.516357421875,37.25,37.29999923706055,37.130001068115234,37.279998779296875,5341500
2016-04-27,27.56067657470703,37.310001373291016,37.349998474121094,37.08000183105469,37.150001525878906,4544200
2016-04-28,27.20611000061035,36.83000183105469,37.15999984741211,36.75,36.88999938964844,9761000
2016-04-29,27.11745834350586,36.709999084472656,36.939998626708984,36.56999969482422,36.880001068115234,10557400
2016-05-02,27.346464157104492,37.02000045776367,37.060001373291016,36.86000061035156,37.0099983215332,12828100
2016-05-03,26.88846778869629,36.400001525878906,36.70000076293945,36.349998474121094,36.66999816894531,8450300
2016-05-04,26.56344985961914,35.959999084472656,36.150001525878906,35.86000061035156,36.09000015258789,9979400
2016-05-05,26.541290283203125,35.93000030517578,36.06999969482422,35.790000915527344,35.9900016784668,7024000
2016-05-06,26.600374221801758,36.0099983215332,36.029998779296875,35.72999954223633,35.779998779296875,6479000
2016-05-09,26.511735916137695,35.88999938964844,36.099998474121094,35.849998474121094,36.06999969482422,6645700
2016-05-10,26.903240203857422,36.41999816894531,36.41999816894531,36.13999938964844,36.189998626708984,4971200
2016-05-11,26.711183547973633,36.15999984741211,36.349998474121094,36.150001525878906,36.2400016784668,6016200
2016-05-12,26.689023971557617,36.130001068115234,36.470001220703125,35.970001220703125,36.41999816894531,6321900
2016-05-13,26.39354705810547,35.72999954223633,35.9900016784668,35.65999984741211,35.86000061035156,5473200
2016-05-16,26.718564987182617,36.16999816894531,36.209999084472656,35.869998931884766,35.869998931884766,4569600
2016-05-17,26.56344985961914,35.959999084472656,36.2599983215332,35.90999984741211,36.13999938964844,9874200
2016-05-18,26.541290283203125,35.93000030517578,36.290000915527344,35.790000915527344,35.93000030517578,10720900
2016-05-19,26.36399269104004,35.689998626708984,35.77000045776367,35.54999923706055,35.68000030517578,20024200
2016-05-20,26.607765197753906,36.02000045776367,36.06999969482422,35.93000030517578,36.0,10857900
2016-05-23,26.519121170043945,35.900001525878906,35.9900016784668,35.81999969482422,35.900001525878906,7097100
2016-05-24,26.844135284423828,36.34000015258789,36.41999816894531,36.09000015258789,36.11000061035156,12342500
2016-05-25,27.110071182250977,36.70000076293945,36.790000915527344,36.540000915527344,36.540000915527344,8883600
2016-05-26,27.16916847229004,36.779998779296875,36.90999984741211,36.70000076293945,36.83000183105469,6272900
2016-05-27,27.13224220275879,36.72999954223633,36.810001373291016,36.66999816894531,36.7599983215332,4320300
2016-05-31,27.036212921142578,36.599998474121094,36.959999084472656,36.5099983215332,36.88999938964844,14875800
2016-06-01,27.021432876586914,36.58000183105469,36.599998474121094,36.380001068115234,36.459999084472656,8542300
2016-06-02,27.028812408447266,36.59000015258789,36.59000015258789,36.33000183105469,36.380001068115234,4733700
2016-06-03,27.2430419921875,36.880001068115234,36.900001525878906,36.59000015258789,36.7599983215332,14495400
2016-06-06,27.42771339416504,37.130001068115234,37.220001220703125,36.970001220703125,36.9900016784668,9932900
2016-06-07,27.634544372558594,37.40999984741211,37.5,37.38999938964844,37.41999816894531,4908800
2016-06-08,27.723188400268555,37.529998779296875,37.63999938964844,37.4900016784668,37.540000915527344,4654100
2016-06-09,27.375999450683594,37.060001373291016,37.15999984741211,36.959999084472656,37.09000015258789,6600600
2016-06-10,26.637311935424805,36.060001373291016,36.400001525878906,35.95000076293945,36.400001525878906,5918400
2016-06-13,26.25318717956543,35.540000915527344,35.900001525878906,35.470001220703125,35.61000061035156,10385200
2016-06-14,25.880268096923828,34.560001373291016,34.79999923706055,34.369998931884766,34.7400016784668,13060100
2016-06-15,26.05250358581543,34.790000915527344,35.0,34.720001220703125,34.86000061035156,14624200
2016-06-16,26.059980392456055,34.79999923706055,34.810001373291016,34.02000045776367,34.279998779296875,10151400
2016-06-17,26.307100296020508,35.130001068115234,35.20000076293945,34.7599983215332,34.95000076293945,9513300
2016-06-20,26.921167373657227,35.95000076293945,36.209999084472656,35.95000076293945,36.209999084472656,13512400
2016-06-21,27.130847930908203,36.22999954223633,36.470001220703125,36.060001373291016,36.18000030517578,9676800
2016-06-22,27.085908889770508,36.16999816894531,36.47999954223633,36.15999984741211,36.31999969482422,14039300
2016-06-23,27.79731559753418,37.119998931884766,37.18000030517578,36.66999816894531,36.900001525878906,7340800
2016-06-24,25.520814895629883,34.08000183105469,34.91999816894531,34.08000183105469,34.220001220703125,20033400
2016-06-27,25.026573181152344,33.41999816894531,33.66999816894531,33.0099983215332,33.619998931884766,16229100
2016-06-28,25.693052291870117,34.310001373291016,34.310001373291016,33.91999816894531,34.15999984741211,19627400
2016-06-29,26.157333374023438,34.93000030517578,35.02000045776367,34.709999084472656,34.779998779296875,12729900
2016-06-30,26.479339599609375,35.36000061035156,35.369998931884766,34.869998931884766,34.9900016784668,15905200
2016-07-01,26.53925132751465,35.439998626708984,35.529998779296875,35.369998931884766,35.38999938964844,10763000
2016-07-05,26.015064239501953,34.7400016784668,35.060001373291016,34.66999816894531,35.040000915527344,7082700
2016-07-06,26.022546768188477,34.75,34.75,34.16999816894531,34.369998931884766,10036700
2016-07-07,25.91021156311035,34.599998474121094,34.93000030517578,34.47999954223633,34.849998474121094,6562500
2016-07-08,26.269664764404297,35.08000183105469,35.130001068115234,34.88999938964844,34.970001220703125,5240300
2016-07-11,26.629119873046875,35.560001373291016,35.689998626708984,35.4900016784668,35.4900016784668,8942000
2016-07-12,27.003541946411133,36.060001373291016,36.20000076293945,35.97999954223633,36.029998779296875,10073600
2016-07-13,26.98107147216797,36.029998779296875,36.20000076293945,35.959999084472656,36.11000061035156,8674400
2016-07-14,27.213211059570312,36.34000015258789,36.43000030517578,36.27000045776367,36.34000015258789,6508900
2016-07-15,27.078428268432617,36.15999984741211,36.27000045776367,36.06999969482422,36.22999954223633,6603800
2016-07-18,27.138330459594727,36.2400016784668,36.310001373291016,36.06999969482422,36.150001525878906,8629700
2016-07-19,26.921167373657227,35.95000076293945,36.02000045776367,35.869998931884766,35.9900016784668,4204200
2016-07-20,27.115861892700195,36.209999084472656,36.290000915527344,36.09000015258789,36.150001525878906,6348100
2016-07-21,27.0484619140625,36.119998931884766,36.27000045776367,36.04999923706055,36.13999938964844,8032800
2016-07-22,27.063438415527344,36.13999938964844,36.209999084472656,36.060001373291016,36.209999084472656,7760000
2016-07-25,27.01851463317871,36.08000183105469,36.209999084472656,36.0,36.20000076293945,3846900
2016-07-26,27.145828247070312,36.25,36.36000061035156,36.130001068115234,36.22999954223633,4521600
2016-07-27,27.2656307220459,36.40999984741211,36.5,36.130001068115234,36.43000030517578,5256500
2016-07-28,27.2656307220459,36.40999984741211,36.45000076293945,36.220001220703125,36.380001068115234,4251200
2016-07-29,27.580158233642578,36.83000183105469,36.90999984741211,36.630001068115234,36.720001220703125,5422100
2016-08-01,27.42288589477539,36.619998931884766,36.81999969482422,36.58000183105469,36.77000045776367,10705200
2016-08-02,27.288101196289062,36.439998626708984,36.599998474121094,36.29999923706055,36.599998474121094,7383400
2016-08-03,27.18327522277832,36.29999923706055,36.310001373291016,36.099998474121094,36.15999984741211,7072300
2016-08-04,27.340517044067383,36.5099983215332,36.540000915527344,36.36000061035156,36.45000076293945,7456400
2016-08-05,27.437870025634766,36.63999938964844,36.65999984741211,36.470001220703125,36.52000045776367,4473600
2016-08-08,27.527734756469727,36.7599983215332,36.779998779296875,36.709999084472656,36.7400016784668,4865100
2016-08-09,27.752378463745117,37.060001373291016,37.15999984741211,36.88999938964844,36.95000076293945,7133900
2016-08-10,27.849740982055664,37.189998626708984,37.34000015258789,37.16999816894531,37.34000015258789,4781100
2016-08-11,28.05942153930664,37.470001220703125,37.54999923706055,37.34000015258789,37.369998931884766,3871100
2016-08-12,27.984542846679688,37.369998931884766,37.529998779296875,37.31999969482422,37.5099983215332,3882600
2016-08-15,28.10434341430664,37.529998779296875,37.619998931884766,37.47999954223633,37.5099983215332,6785800
2016-08-16,28.036949157714844,37.439998626708984,37.54999923706055,37.41999816894531,37.459999084472656,6848000
2016-08-17,28.036949157714844,37.439998626708984,37.5099983215332,37.16999816894531,37.349998474121094,6099900
2016-08-18,28.179229736328125,37.630001068115234,37.630001068115234,37.40999984741211,37.45000076293945,4580100
2016-08-19,27.96955680847168,37.349998474121094,37.380001068115234,37.150001525878906,37.2599983215332,5043300
2016-08-22,27.99202537536621,37.380001068115234,37.40999984741211,37.16999816894531,37.25,4844400
2016-08-23,28.11184310913086,37.540000915527344,37.70000076293945,37.529998779296875,37.650001525878906,7786300
2016-08-24,28.029455184936523,37.43000030517578,37.58000183105469,37.380001068115234,37.54999923706055,9368300
2016-08-25,27.939603805541992,37.310001373291016,37.400001525878906,37.27000045776367,37.29999923706055,4531800
2016-08-26,27.744897842407227,37.04999923706055,37.689998626708984,36.90999984741211,37.38999938964844,8167800
2016-08-29,27.849740982055664,37.189998626708984,37.209999084472656,36.97999954223633,37.0,4362900
2016-08-30,27.78983497619629,37.11000061035156,37.27000045776367,37.04999923706055,37.220001220703125,4919800
2016-08-31,27.69247817993164,36.97999954223633,37.119998931884766,36.869998931884766,37.09000015258789,5791700
2016-09-01,27.924623489379883,37.290000915527344,37.29999923706055,37.06999969482422,37.18000030517578,5829300
2016-09-02,28.209186553955078,37.66999816894531,37.72999954223633,37.5099983215332,37.630001068115234,5723200
2016-09-06,28.47877311706543,38.029998779296875,38.040000915527344,37.79999923706055,37.83000183105469,5048700
2016-09-07,28.47877311706543,38.029998779296875,38.18000030517578,37.959999084472656,38.15999984741211,5116800
2016-09-08,28.418865203857422,37.95000076293945,38.130001068115234,37.90999984741211,38.0099983215332,8884200
2016-09-09,27.819782257080078,37.150001525878906,37.630001068115234,37.13999938964844,37.630001068115234,7267600
2016-09-12,28.036949157714844,37.439998626708984,37.459999084472656,36.810001373291016,36.880001068115234,6300300
2016-09-13,27.446340560913086,36.47999954223633,36.83000183105469,36.33000183105469,36.790000915527344,11134200
2016-09-14,27.431297302246094,36.459999084472656,36.68000030517578,36.400001525878906,36.459999084472656,9598400
2016-09-15,27.672056198120117,36.779998779296875,36.849998474121094,36.38999938964844,36.439998626708984,9381500
2016-09-16,27.3334903717041,36.33000183105469,36.41999816894531,36.2599983215332,36.380001068115234,7787700
2016-09-19,27.514057159423828,36.56999969482422,36.779998779296875,36.52000045776367,36.7400016784668,7653400
2016-09-20,27.634441375732422,36.72999954223633,36.91999816894531,36.720001220703125,36.88999938964844,5993200
2016-09-21,28.161088943481445,37.43000030517578,37.4900016784668,37.0099983215332,37.13999938964844,10972100
2016-09-22,28.439468383789062,37.79999923706055,38.040000915527344,37.75,37.959999084472656,4444200
2016-09-23,28.168611526489258,37.439998626708984,37.59000015258789,37.439998626708984,37.5,4717600
2016-09-26,27.92034149169922,37.11000061035156,37.209999084472656,37.06999969482422,37.150001525878906,9302800
2016-09-27,28.055761337280273,37.290000915527344,37.31999969482422,36.95000076293945,36.97999954223633,5045600
2016-09-28,28.304039001464844,37.619998931884766,37.619998931884766,37.189998626708984,37.380001068115234,5659800
2016-09-29,27.957950592041016,37.15999984741211,37.61000061035156,37.04999923706055,37.560001373291016,6147200
2016-09-30,28.146038055419922,37.40999984741211,37.529998779296875,37.20000076293945,37.290000915527344,5468900
2016-10-03,28.093385696411133,37.34000015258789,37.40999984741211,37.25,37.349998474121094,6687000
2016-10-04,28.0106201171875,37.22999954223633,37.529998779296875,37.11000061035156,37.459999084472656,7483400
2016-10-05,28.161088943481445,37.43000030517578,37.47999954223633,37.31999969482422,37.369998931884766,5694900
2016-10-06,28.0106201171875,37.22999954223633,37.279998779296875,37.119998931884766,37.2400016784668,3518100
2016-10-07,27.830053329467773,36.9900016784668,37.11000061035156,36.72999954223633,37.09000015258789,5814300
2016-10-10,27.94291114807129,37.13999938964844,37.25,36.9900016784668,36.9900016784668,3996500
2016-10-11,27.53662872314453,36.599998474121094,36.959999084472656,36.5,36.959999084472656,5274900
2016-10-12,27.499008178710938,36.54999923706055,36.650001525878906,36.45000076293945,36.58000183105469,6390900
2016-10-13,27.42377281188965,36.45000076293945,36.529998779296875,36.06999969482422,36.18000030517578,4618700
2016-10-14,27.446340560913086,36.47999954223633,36.77000045776367,36.47999954223633,36.689998626708984,8612700
2016-10-17,27.401193618774414,36.41999816894531,36.52000045776367,36.36000061035156,36.45000076293945,9982600
2016-10-18,27.694622039794922,36.810001373291016,36.900001525878906,36.7400016784668,36.869998931884766,4969200
2016-10-19,27.792430877685547,36.939998626708984,37.02000045776367,36.849998474121094,36.849998474121094,4518800
2016-10-20,27.792430877685547,36.939998626708984,37.0099983215332,36.790000915527344,36.83000183105469,10378900
2016-10-21,27.73224449157715,36.86000061035156,36.86000061035156,36.63999938964844,36.689998626708984,4023500
2016-10-24,27.694622039794922,36.810001373291016,36.95000076293945,36.720001220703125,36.900001525878906,4953800
2016-10-25,27.672056198120117,36.779998779296875,36.84000015258789,36.65999984741211,36.779998779296875,5510300
2016-10-26,27.53662872314453,36.599998474121094,36.720001220703125,36.52000045776367,36.599998474121094,5511400
2016-10-27,27.50653839111328,36.560001373291016,36.709999084472656,36.52000045776367,36.709999084472656,10445200
2016-10-28,27.49148178100586,36.540000915527344,36.63999938964844,36.45000076293945,36.5099983215332,6561100
2016-10-31,27.468904495239258,36.5099983215332,36.58000183105469,36.38999938964844,36.5099983215332,18429300
2016-11-01,27.39366912841797,36.40999984741211,36.66999816894531,36.290000915527344,36.66999816894531,6305300
2016-11-02,27.190536499023438,36.13999938964844,36.40999984741211,36.099998474121094,36.380001068115234,5851600
2016-11-03,27.175485610961914,36.119998931884766,36.31999969482422,36.08000183105469,36.29999923706055,7686200
2016-11-04,26.949783325195312,35.81999969482422,36.02000045776367,35.810001373291016,35.93000030517578,6716500
2016-11-07,27.318439483642578,36.310001373291016,36.310001373291016,36.150001525878906,36.2400016784668,4577600
2016-11-08,27.386165618896484,36.400001525878906,36.5,36.150001525878906,36.18000030517578,5014900
2016-11-09,27.34100341796875,36.34000015258789,36.5,36.02000045776367,36.02000045776367,9636800
2016-11-10,27.25072479248047,36.220001220703125,36.40999984741211,35.970001220703125,36.34000015258789,6318300
2016-11-11,27.03254508972168,35.93000030517578,36.06999969482422,35.7599983215332,36.02000045776367,5972100
2016-11-14,26.912160873413086,35.77000045776367,35.790000915527344,35.619998931884766,35.68000030517578,8338300
2016-11-15,27.077682495117188,35.9900016784668,35.9900016784668,35.68000030517578,35.72999954223633,9805200
2016-11-16,26.82940673828125,35.65999984741211,35.77000045776367,35.619998931884766,35.68000030517578,12684400
2016-11-17,27.009973526000977,35.900001525878906,35.97999954223633,35.790000915527344,35.81999969482422,9553200
2016-11-18,26.769216537475586,35.58000183105469,35.68000030517578,35.52000045776367,35.66999816894531,7158200
2016-11-21,27.002443313598633,35.88999938964844,35.900001525878906,35.720001220703125,35.72999954223633,7021900
2016-11-22,27.085205078125,36.0,36.0099983215332,35.84000015258789,36.0,8564700
2016-11-23,26.98740005493164,35.869998931884766,35.869998931884766,35.61000061035156,35.65999984741211,9165900
2016-11-25,27.040063858032227,35.939998626708984,35.97999954223633,35.880001068115234,35.97999954223633,3040500
2016-11-28,26.9422550201416,35.810001373291016,35.91999816894531,35.790000915527344,35.900001525878906,8419500
2016-11-29,27.092721939086914,36.0099983215332,36.08000183105469,35.7599983215332,35.81999969482422,6618100
2016-11-30,27.055112838745117,35.959999084472656,36.119998931884766,35.91999816894531,36.119998931884766,9457100
2016-12-01,26.98740005493164,35.869998931884766,36.0099983215332,35.84000015258789,35.970001220703125,11308100
2016-12-02,27.062639236450195,35.970001220703125,36.040000915527344,35.79999923706055,35.79999923706055,5816100
2016-12-05,27.273300170898438,36.25,36.349998474121094,36.09000015258789,36.15999984741211,8858000
2016-12-06,27.461395263671875,36.5,36.529998779296875,36.279998779296875,36.290000915527344,6882900
2016-12-07,27.82252311706543,36.97999954223633,37.060001373291016,36.61000061035156,36.63999938964844,7037000
2016-12-08,27.845094680786133,37.0099983215332,37.04999923706055,36.869998931884766,36.95000076293945,7522300
2016-12-09,27.927858352661133,37.119998931884766,37.130001068115234,36.959999084472656,37.02000045776367,14272300
2016-12-12,27.837574005126953,37.0,37.130001068115234,36.95000076293945,37.04999923706055,7630400
2016-12-13,28.13098907470703,37.38999938964844,37.459999084472656,37.25,37.279998779296875,9579900
2016-12-14,27.672056198120117,36.779998779296875,37.36000061035156,36.720001220703125,37.29999923706055,9630300
2016-12-15,27.626907348632812,36.720001220703125,36.77000045776367,36.619998931884766,36.630001068115234,15570100
2016-12-16,27.634441375732422,36.72999954223633,36.84000015258789,36.65999984741211,36.689998626708984,8161000
2016-12-19,27.61186408996582,36.70000076293945,36.84000015258789,36.689998626708984,36.72999954223633,10052500
2016-12-20,27.672056198120117,36.779998779296875,36.84000015258789,36.70000076293945,36.7400016784668,12220200
2016-12-21,27.672056198120117,36.779998779296875,36.81999969482422,36.65999984741211,36.810001373291016,13280800
2016-12-22,27.596195220947266,36.380001068115234,36.47999954223633,36.369998931884766,36.470001220703125,9488900
2016-12-23,27.656885147094727,36.459999084472656,36.459999084472656,36.380001068115234,36.40999984741211,7653400
2016-12-27,27.618940353393555,36.40999984741211,36.5,36.40999984741211,36.470001220703125,10197000
2016-12-28,27.56585121154785,36.34000015258789,36.45000076293945,36.290000915527344,36.439998626708984,8027600
2016-12-29,27.66446876525879,36.470001220703125,36.52000045776367,36.40999984741211,36.43000030517578,8605900
2016-12-30,27.717561721801758,36.540000915527344,36.75,36.470001220703125,36.7400016784668,10007300
2017-01-03,27.892040252685547,36.77000045776367,36.779998779296875,36.650001525878906,36.720001220703125,10866500
2017-01-04,28.23337745666504,37.220001220703125,37.22999954223633,36.959999084472656,36.959999084472656,8637100
2017-01-05,28.48370933532715,37.54999923706055,37.58000183105469,37.290000915527344,37.31999969482422,8102200
2017-01-06,28.369924545288086,37.400001525878906,37.45000076293945,37.34000015258789,37.400001525878906,8368600
2017-01-09,28.30166244506836,37.310001373291016,37.36000061035156,37.20000076293945,37.290000915527344,9042000
2017-01-10,28.33199691772461,37.349998474121094,37.470001220703125,37.33000183105469,37.349998474121094,5933000
2017-01-11,28.529216766357422,37.61000061035156,37.61000061035156,37.279998779296875,37.29999923706055,10396500
2017-01-12,28.551971435546875,37.63999938964844,37.689998626708984,37.5,37.689998626708984,13565600
2017-01-13,28.658170700073242,37.779998779296875,37.790000915527344,37.619998931884766,37.68000030517578,5351700
2017-01-17,28.582317352294922,37.68000030517578,37.7400016784668,37.63999938964844,37.72999954223633,13265500
2017-01-18,28.453365325927734,37.5099983215332,37.630001068115234,37.400001525878906,37.58000183105469,6247700
2017-01-19,28.4002628326416,37.439998626708984,37.5,37.310001373291016,37.43000030517578,6868800
2017-01-20,28.536808013916016,37.619998931884766,37.619998931884766,37.4900016784668,37.54999923706055,6399500
2017-01-23,28.597488403320312,37.70000076293945,37.720001220703125,37.52000045776367,37.599998474121094,10408100
2017-01-24,28.718860626220703,37.86000061035156,37.869998931884766,37.63999938964844,37.63999938964844,11370900
2017-01-25,28.99952507019043,38.22999954223633,38.2599983215332,38.029998779296875,38.029998779296875,5481800
2017-01-26,28.908491134643555,38.11000061035156,38.2400016784668,38.060001373291016,38.209999084472656,5924900
2017-01-27,28.840225219726562,38.02000045776367,38.09000015258789,37.95000076293945,38.06999969482422,5153300
2017-01-30,28.635419845581055,37.75,37.779998779296875,37.59000015258789,37.72999954223633,7074400
2017-01-31,28.734031677246094,37.880001068115234,37.91999816894531,37.709999084472656,37.86000061035156,21455200
2017-02-01,28.8326416015625,38.0099983215332,38.11000061035156,37.90999984741211,38.099998474121094,8474200
2017-02-02,28.878156661987305,38.06999969482422,38.130001068115234,37.959999084472656,38.09000015258789,8355700
2017-02-03,28.99952507019043,38.22999954223633,38.2599983215332,38.09000015258789,38.150001525878906,6353400
2017-02-06,28.787120819091797,37.95000076293945,37.959999084472656,37.81999969482422,37.880001068115234,9355600
2017-02-07,28.76436996459961,37.91999816894531,37.93000030517578,37.84000015258789,37.880001068115234,10453700
2017-02-08,28.80988311767578,37.97999954223633,38.0099983215332,37.83000183105469,37.91999816894531,5720000
2017-02-09,28.91607666015625,38.119998931884766,38.150001525878906,37.9900016784668,38.04999923706055,6141900
2017-02-10,29.022281646728516,38.2599983215332,38.279998779296875,38.099998474121094,38.119998931884766,5006500
2017-02-13,29.128488540649414,38.400001525878906,38.459999084472656,38.33000183105469,38.40999984741211,5487200
2017-02-14,29.113306045532227,38.380001068115234,38.380001068115234,38.150001525878906,38.33000183105469,6902300
2017-02-15,29.219507217407227,38.52000045776367,38.529998779296875,38.209999084472656,38.2400016784668,6229600
2017-02-16,29.280189514160156,38.599998474121094,38.599998474121094,38.4900016784668,38.529998779296875,7128700
2017-02-17,29.18157196044922,38.470001220703125,38.4900016784668,38.349998474121094,38.38999938964844,6862100
2017-02-21,29.310522079467773,38.63999938964844,38.63999938964844,38.470001220703125,38.47999954223633,5225000
2017-02-22,29.28777503967285,38.61000061035156,38.63999938964844,38.439998626708984,38.47999954223633,8044300
2017-02-23,29.34086799621582,38.68000030517578,38.790000915527344,38.619998931884766,38.7599983215332,8303800
2017-02-24,29.090547561645508,38.349998474121094,38.40999984741211,38.2599983215332,38.290000915527344,5977900
2017-02-27,29.105712890625,38.369998931884766,38.38999938964844,38.2400016784668,38.279998779296875,5032400
2017-02-28,29.037446975708008,38.279998779296875,38.43000030517578,38.22999954223633,38.34000015258789,8058800
2017-03-01,29.318103790283203,38.650001525878906,38.75,38.5,38.52000045776367,7916300
2017-03-02,29.136056900024414,38.40999984741211,38.529998779296875,38.380001068115234,38.5099983215332,6527900
2017-03-03,29.280189514160156,38.599998474121094,38.61000061035156,38.369998931884766,38.43000030517578,8626800
2017-03-06,29.18157196044922,38.470001220703125,38.4900016784668,38.369998931884766,38.470001220703125,6501700
2017-03-07,29.105712890625,38.369998931884766,38.43000030517578,38.290000915527344,38.369998931884766,6354000
2017-03-08,28.954002380371094,38.16999816894531,38.369998931884766,38.15999984741211,38.349998474121094,6088200
2017-03-09,29.07538414001465,38.33000183105469,38.36000061035156,38.20000076293945,38.279998779296875,14453500
2017-03-10,29.302940368652344,38.630001068115234,38.65999984741211,38.4900016784668,38.59000015258789,13367400
2017-03-13,29.439489364624023,38.810001373291016,38.81999969482422,38.70000076293945,38.70000076293945,7891900
2017-03-14,29.219507217407227,38.52000045776367,38.58000183105469,38.459999084472656,38.54999923706055,5433600
2017-03-15,29.674633026123047,39.119998931884766,39.130001068115234,38.58000183105469,38.619998931884766,12069200
2017-03-16,29.796005249023438,39.279998779296875,39.34000015258789,39.209999084472656,39.310001373291016,13666800
2017-03-17,29.841510772705078,39.34000015258789,39.439998626708984,39.27000045776367,39.36000061035156,7982100
2017-03-20,29.826345443725586,39.31999969482422,39.439998626708984,39.2400016784668,39.349998474121094,6544100
2017-03-21,29.65187644958496,39.09000015258789,39.63999938964844,39.09000015258789,39.61000061035156,8359800
2017-03-22,29.689807891845703,39.13999938964844,39.18000030517578,38.939998626708984,38.9900016784668,8815000
2017-03-23,29.77326202392578,39.25,39.33000183105469,39.08000183105469,39.099998474121094,9725400
2017-03-24,29.849384307861328,39.20000076293945,39.279998779296875,39.130001068115234,39.16999816894531,11122000
2017-03-27,29.917936325073242,39.290000915527344,39.31999969482422,39.08000183105469,39.130001068115234,7904900
2017-03-28,30.054990768432617,39.470001220703125,39.52000045776367,39.33000183105469,39.349998474121094,9109100
2017-03-29,30.085447311401367,39.5099983215332,39.5099983215332,39.29999923706055,39.33000183105469,5715100
2017-03-30,29.971223831176758,39.36000061035156,39.47999954223633,39.31999969482422,39.400001525878906,5419200
2017-03-31,29.925539016723633,39.29999923706055,39.36000061035156,39.16999816894531,39.209999084472656,9458800
2017-04-03,29.89508628845215,39.2599983215332,39.279998779296875,38.970001220703125,39.2400016784668,11709700
2017-04-04,29.879858016967773,39.2400016784668,39.2400016784668,39.02000045776367,39.08000183105469,8516000
2017-04-05,29.719942092895508,39.029998779296875,39.31999969482422,39.02000045776367,39.220001220703125,10772700
2017-04-06,29.7427921295166,39.060001373291016,39.11000061035156,38.97999954223633,39.04999923706055,8593100
2017-04-07,29.704713821411133,39.0099983215332,39.09000015258789,38.97999954223633,39.0,8311800
2017-04-10,29.704713821411133,39.0099983215332,39.04999923706055,38.939998626708984,38.97999954223633,6221100
2017-04-11,29.82654571533203,39.16999816894531,39.16999816894531,38.88999938964844,39.130001068115234,7078900
2017-04-12,29.803709030151367,39.13999938964844,39.18000030517578,38.9900016784668,39.119998931884766,7282700
2017-04-13,29.613330841064453,38.88999938964844,39.060001373291016,38.880001068115234,39.029998779296875,6970200
2017-04-17,29.85700798034668,39.209999084472656,39.209999084472656,39.029998779296875,39.11000061035156,9615100
2017-04-18,29.681861877441406,38.97999954223633,38.9900016784668,38.779998779296875,38.91999816894531,8820200
2017-04-19,29.544803619384766,38.79999923706055,39.060001373291016,38.779998779296875,39.040000915527344,7136600
2017-04-20,29.811321258544922,39.150001525878906,39.22999954223633,39.11000061035156,39.13999938964844,8640900
2017-04-21,29.82654571533203,39.16999816894531,39.18000030517578,39.060001373291016,39.13999938964844,8488500
2017-04-24,30.48139762878418,40.029998779296875,40.04999923706055,39.91999816894531,39.95000076293945,7876000
2017-04-25,30.679401397705078,40.290000915527344,40.33000183105469,40.15999984741211,40.209999084472656,8824000
2017-04-26,30.565166473388672,40.13999938964844,40.31999969482422,40.13999938964844,40.20000076293945,9383900
2017-04-27,30.610864639282227,40.20000076293945,40.25,40.099998474121094,40.25,5931300
2017-04-28,30.588014602661133,40.16999816894531,40.22999954223633,40.150001525878906,40.209999084472656,8718400
2017-05-01,30.67177391052246,40.279998779296875,40.380001068115234,40.25,40.25,7222300
2017-05-02,30.85452651977539,40.52000045776367,40.54999923706055,40.400001525878906,40.40999984741211,7157200
2017-05-03,30.755525588989258,40.38999938964844,40.470001220703125,40.31999969482422,40.40999984741211,14817900
2017-05-04,30.976356506347656,40.68000030517578,40.689998626708984,40.470001220703125,40.52000045776367,8104300
2017-05-05,31.288564682006836,41.09000015258789,41.130001068115234,40.689998626708984,40.720001220703125,8788500
2017-05-08,31.143882751464844,40.900001525878906,40.939998626708984,40.83000183105469,40.939998626708984,6294800
2017-05-09,31.090587615966797,40.83000183105469,40.90999984741211,40.7599983215332,40.88999938964844,6998300
2017-05-10,31.136262893676758,40.88999938964844,40.88999938964844,40.779998779296875,40.86000061035156,6317900
2017-05-11,31.075363159179688,40.810001373291016,40.81999969482422,40.650001525878906,40.75,10625300
2017-05-12,31.212411880493164,40.9900016784668,40.9900016784668,40.83000183105469,40.849998474121094,10749400
2017-05-15,31.395153045654297,41.22999954223633,41.22999954223633,41.119998931884766,41.13999938964844,9291400
2017-05-16,31.555072784423828,41.439998626708984,41.459999084472656,41.369998931884766,41.41999816894531,8947800
2017-05-17,31.174341201782227,40.939998626708984,41.27000045776367,40.91999816894531,41.209999084472656,10037700
2017-05-18,31.235267639160156,41.02000045776367,41.040000915527344,40.779998779296875,40.84000015258789,7409200
2017-05-19,31.5931453704834,41.4900016784668,41.52000045776367,41.279998779296875,41.29999923706055,7657400
2017-05-22,31.676908493041992,41.599998474121094,41.650001525878906,41.52000045776367,41.58000183105469,9855800
2017-05-23,31.64645004272461,41.560001373291016,41.70000076293945,41.529998779296875,41.689998626708984,7562800
2017-05-24,31.714982986450195,41.650001525878906,41.650001525878906,41.459999084472656,41.5099983215332,5689000
2017-05-25,31.707368850708008,41.63999938964844,41.720001220703125,41.58000183105469,41.66999816894531,6054300
2017-05-26,31.62360191345215,41.529998779296875,41.529998779296875,41.41999816894531,41.45000076293945,5719700
2017-05-30,31.57029914855957,41.459999084472656,41.5,41.400001525878906,41.41999816894531,5553500
2017-05-31,31.6312198638916,41.540000915527344,41.689998626708984,41.47999954223633,41.68000030517578,11459500
2017-06-01,31.844432830810547,41.81999969482422,41.81999969482422,41.650001525878906,41.689998626708984,11354200
2017-06-02,32.149009704589844,42.220001220703125,42.25,42.02000045776367,42.099998474121094,12526000
2017-06-05,32.0119514465332,42.040000915527344,42.04999923706055,41.959999084472656,42.029998779296875,6422400
2017-06-06,31.935806274414062,41.939998626708984,41.939998626708984,41.810001373291016,41.869998931884766,8859300
2017-06-07,31.912965774536133,41.90999984741211,42.04999923706055,41.77000045776367,42.0,6071400
2017-06-08,31.867277145385742,41.849998474121094,41.86000061035156,41.720001220703125,41.77000045776367,6673900
2017-06-09,31.7530574798584,41.70000076293945,41.84000015258789,41.560001373291016,41.68000030517578,7002900
2017-06-12,31.654067993164062,41.56999969482422,41.650001525878906,41.45000076293945,41.599998474121094,5699500
2017-06-13,31.928180694580078,41.93000030517578,41.93000030517578,41.779998779296875,41.86000061035156,5147900
2017-06-14,31.890132904052734,41.880001068115234,42.18000030517578,41.75,42.18000030517578,9200000
2017-06-15,31.547452926635742,41.43000030517578,41.459999084472656,41.22999954223633,41.2599983215332,10635600
2017-06-16,31.829198837280273,41.79999923706055,41.79999923706055,41.54999923706055,41.61000061035156,5207500
2017-06-19,31.94342613220215,41.95000076293945,42.02000045776367,41.90999984741211,41.93000030517578,7286500
2017-06-20,31.654067993164062,41.56999969482422,41.86000061035156,41.52000045776367,41.81999969482422,7489100
2017-06-21,31.624788284301758,41.04999923706055,41.119998931884766,40.970001220703125,41.040000915527344,6565600
2017-06-22,31.68642234802246,41.130001068115234,41.189998626708984,41.040000915527344,41.099998474121094,4580100
2017-06-23,31.755756378173828,41.220001220703125,41.27000045776367,41.04999923706055,41.11000061035156,5949100
2017-06-26,31.81739044189453,41.29999923706055,41.5099983215332,41.279998779296875,41.470001220703125,7147000
2017-06-27,31.809690475463867,41.290000915527344,41.38999938964844,41.220001220703125,41.33000183105469,20451000
2017-06-28,32.0947265625,41.65999984741211,41.689998626708984,41.41999816894531,41.459999084472656,16558100
2017-06-29,31.771160125732422,41.2400016784668,41.54999923706055,41.08000183105469,41.54999923706055,8548100
2017-06-30,31.832794189453125,41.31999969482422,41.41999816894531,41.09000015258789,41.38999938964844,10787500
2017-07-03,31.771160125732422,41.2400016784668,41.369998931884766,41.2400016784668,41.290000915527344,5231100
2017-07-05,31.786575317382812,41.2599983215332,41.2599983215332,41.02000045776367,41.13999938964844,7208700
2017-07-06,31.59397315979004,41.0099983215332,41.15999984741211,40.939998626708984,41.0099983215332,7132800
2017-07-07,31.647899627685547,41.08000183105469,41.119998931884766,40.880001068115234,40.9900016784668,6872900
2017-07-10,31.701810836791992,41.150001525878906,41.209999084472656,41.02000045776367,41.06999969482422,4998300
2017-07-11,31.801979064941406,41.279998779296875,41.290000915527344,41.029998779296875,41.11000061035156,6251000
2017-07-12,32.0870361328125,41.650001525878906,41.70000076293945,41.5099983215332,41.52000045776367,7592300
2017-07-13,32.17947006225586,41.77000045776367,41.790000915527344,41.63999938964844,41.709999084472656,5408300
2017-07-14,32.41059494018555,42.06999969482422,42.119998931884766,41.88999938964844,41.90999984741211,5368800
2017-07-17,32.35666275024414,42.0,42.08000183105469,41.970001220703125,42.0,7084200
2017-07-18,32.42600631713867,42.09000015258789,42.09000015258789,41.970001220703125,42.029998779296875,5403000
2017-07-19,32.5800895690918,42.290000915527344,42.290000915527344,42.150001525878906,42.18000030517578,5468400
2017-07-20,32.687931060791016,42.43000030517578,42.47999954223633,42.31999969482422,42.38999938964844,5468100
2017-07-21,32.60319519042969,42.31999969482422,42.31999969482422,42.130001068115234,42.27000045776367,5023400
2017-07-24,32.54155349731445,42.2400016784668,42.25,42.06999969482422,42.189998626708984,13680400
2017-07-25,32.564674377441406,42.27000045776367,42.439998626708984,42.27000045776367,42.41999816894531,6288900
2017-07-26,32.77267837524414,42.540000915527344,42.59000015258789,42.29999923706055,42.369998931884766,5841300
2017-07-27,32.64940643310547,42.380001068115234,42.619998931884766,42.2599983215332,42.619998931884766,6910300
2017-07-28,32.68023681640625,42.41999816894531,42.41999816894531,42.2400016784668,42.279998779296875,7022400
2017-07-31,32.74956512451172,42.5099983215332,42.560001373291016,42.36000061035156,42.470001220703125,9722100
2017-08-01,32.9344596862793,42.75,42.86000061035156,42.709999084472656,42.81999969482422,12099500
2017-08-02,32.9190559387207,42.72999954223633,42.790000915527344,42.619998931884766,42.75,7917600
2017-08-03,32.872833251953125,42.66999816894531,42.779998779296875,42.630001068115234,42.689998626708984,10051200
2017-08-04,32.9190559387207,42.72999954223633,42.7599983215332,42.560001373291016,42.72999954223633,7841900
2017-08-07,32.942161560058594,42.7599983215332,42.77000045776367,42.650001525878906,42.65999984741211,4860600
2017-08-08,32.77267837524414,42.540000915527344,42.7400016784668,42.52000045776367,42.70000076293945,5742600
2017-08-09,32.687931060791016,42.43000030517578,42.45000076293945,42.2400016784668,42.29999923706055,5456800
2017-08-10,32.21799087524414,41.81999969482422,42.209999084472656,41.810001373291016,42.209999084472656,6088200
2017-08-11,32.21028137207031,41.810001373291016,41.90999984741211,41.72999954223633,41.83000183105469,7542000
2017-08-14,32.43370056152344,42.099998474121094,42.220001220703125,42.08000183105469,42.099998474121094,6936600
2017-08-15,32.40289306640625,42.060001373291016,42.08000183105469,41.93000030517578,42.04999923706055,5740700
2017-08-16,32.60319519042969,42.31999969482422,42.34000015258789,42.15999984741211,42.18000030517578,7648800
2017-08-17,32.233394622802734,41.84000015258789,42.2400016784668,41.84000015258789,42.189998626708984,6265500
2017-08-18,32.32583236694336,41.959999084472656,42.09000015258789,41.880001068115234,41.939998626708984,6275100
2017-08-21,32.333560943603516,41.970001220703125,42.040000915527344,41.880001068115234,41.9900016784668,5113600
2017-08-22,32.49534225463867,42.18000030517578,42.20000076293945,42.06999969482422,42.08000183105469,7009300
2017-08-23,32.5107421875,42.20000076293945,42.220001220703125,42.029998779296875,42.029998779296875,5024600
2017-08-24,32.472225189208984,42.150001525878906,42.27000045776367,42.130001068115234,42.2400016784668,4743800
2017-08-25,32.66482925415039,42.400001525878906,42.47999954223633,42.2599983215332,42.310001373291016,6432900
2017-08-28,32.66482925415039,42.400001525878906,42.459999084472656,42.349998474121094,42.439998626708984,4691200
2017-08-29,32.526153564453125,42.220001220703125,42.29999923706055,42.11000061035156,42.13999938964844,4998600
2017-08-30,32.47993469238281,42.15999984741211,42.209999084472656,42.11000061035156,42.18000030517578,6580600
2017-08-31,32.75727081298828,42.52000045776367,42.54999923706055,42.310001373291016,42.34000015258789,8558300
2017-09-01,32.81890106201172,42.599998474121094,42.72999954223633,42.56999969482422,42.720001220703125,5650200
2017-09-05,32.5800895690918,42.290000915527344,42.5099983215332,42.15999984741211,42.470001220703125,9332100
2017-09-06,32.81890106201172,42.599998474121094,42.65999984741211,42.47999954223633,42.52000045776367,8755800
2017-09-07,33.08854675292969,42.95000076293945,42.959999084472656,42.84000015258789,42.939998626708984,8976500
2017-09-08,33.080841064453125,42.939998626708984,43.029998779296875,42.91999816894531,43.029998779296875,4412400
2017-09-11,33.32736587524414,43.2599983215332,43.33000183105469,43.15999984741211,43.220001220703125,3838200
2017-09-12,33.396697998046875,43.349998474121094,43.38999938964844,43.29999923706055,43.34000015258789,5504600
2017-09-13,33.242618560791016,43.150001525878906,43.31999969482422,43.119998931884766,43.290000915527344,4154700
2017-09-14,33.33506393432617,43.27000045776367,43.27000045776367,43.08000183105469,43.08000183105469,4668500
2017-09-15,33.35048294067383,43.290000915527344,43.33000183105469,43.209999084472656,43.310001373291016,5258300
2017-09-18,33.40440368652344,43.36000061035156,43.5099983215332,43.279998779296875,43.439998626708984,8944100
2017-09-19,33.56618881225586,43.56999969482422,43.58000183105469,43.470001220703125,43.54999923706055,5868100
2017-09-20,33.48031234741211,43.279998779296875,43.54999923706055,43.08000183105469,43.41999816894531,8169300
2017-09-21,33.426170349121094,43.209999084472656,43.27000045776367,43.13999938964844,43.189998626708984,4991400
2017-09-22,33.5035285949707,43.310001373291016,43.38999938964844,43.27000045776367,43.349998474121094,9814700
2017-09-25,33.35654830932617,43.119998931884766,43.2599983215332,43.02000045776367,43.189998626708984,6579000
2017-09-26,33.2327880859375,42.959999084472656,43.060001373291016,42.86000061035156,43.029998779296875,12621700
2017-09-27,33.279197692871094,43.02000045776367,43.06999969482422,42.91999816894531,42.93000030517578,6196000
2017-09-28,33.38749313354492,43.15999984741211,43.20000076293945,43.040000915527344,43.040000915527344,5278200
2017-09-29,33.58088302612305,43.40999984741211,43.45000076293945,43.20000076293945,43.279998779296875,9159800
2017-10-02,33.542205810546875,43.36000061035156,43.41999816894531,43.2599983215332,43.279998779296875,6474500
2017-10-03,33.6737174987793,43.529998779296875,43.529998779296875,43.38999938964844,43.400001525878906,5919600
2017-10-04,33.61183166503906,43.45000076293945,43.5,43.40999984741211,43.45000076293945,5822800
2017-10-05,33.58088302612305,43.40999984741211,43.439998626708984,43.34000015258789,43.36000061035156,7337700
2017-10-06,33.542205810546875,43.36000061035156,43.369998931884766,43.189998626708984,43.25,5228100
2017-10-09,33.557674407958984,43.380001068115234,43.45000076293945,43.34000015258789,43.439998626708984,3604100
2017-10-10,33.867103576660156,43.779998779296875,43.810001373291016,43.619998931884766,43.65999984741211,11610600
2017-10-11,33.983154296875,43.93000030517578,43.95000076293945,43.79999923706055,43.83000183105469,4630300
2017-10-12,33.983154296875,43.93000030517578,44.0,43.849998474121094,43.90999984741211,5523200
2017-10-13,34.15332794189453,44.150001525878906,44.209999084472656,44.119998931884766,44.16999816894531,5178700
2017-10-16,34.12238693237305,44.11000061035156,44.18000030517578,44.06999969482422,44.13999938964844,4093100
2017-10-17,34.04502487182617,44.0099983215332,44.02000045776367,43.900001525878906,43.9900016784668,4890600
2017-10-18,34.106910705566406,44.09000015258789,44.119998931884766,44.0099983215332,44.060001373291016,6325300
2017-10-19,34.04502487182617,44.0099983215332,44.0099983215332,43.84000015258789,43.88999938964844,7668800
2017-10-20,33.998619079589844,43.95000076293945,43.97999954223633,43.880001068115234,43.97999954223633,5360500
2017-10-23,33.91352081298828,43.84000015258789,43.9900016784668,43.83000183105469,43.970001220703125,5933300
2017-10-24,33.99088668823242,43.939998626708984,44.02000045776367,43.880001068115234,43.939998626708984,5581100
2017-10-25,33.851627349853516,43.7599983215332,43.959999084472656,43.599998474121094,43.95000076293945,6246900
2017-10-26,33.81295394897461,43.709999084472656,43.880001068115234,43.709999084472656,43.849998474121094,5499400
2017-10-27,33.9444694519043,43.880001068115234,43.88999938964844,43.650001525878906,43.72999954223633,5806800
2017-10-30,34.021827697753906,43.97999954223633,43.9900016784668,43.72999954223633,43.72999954223633,6782700
2017-10-31,34.176544189453125,44.18000030517578,44.220001220703125,44.04999923706055,44.119998931884766,7383200
2017-11-01,34.253902435302734,44.279998779296875,44.47999954223633,44.279998779296875,44.400001525878906,6043300
2017-11-02,34.32351303100586,44.369998931884766,44.400001525878906,44.25,44.27000045776367,22398300
2017-11-03,34.292579650878906,44.33000183105469,44.369998931884766,44.20000076293945,44.369998931884766,8057800
2017-11-06,34.354469299316406,44.40999984741211,44.45000076293945,44.25,44.2599983215332,6684900
2017-11-07,34.238426208496094,44.2599983215332,44.38999938964844,44.150001525878906,44.34000015258789,7343500
2017-11-08,34.38540267944336,44.45000076293945,44.47999954223633,44.310001373291016,44.369998931884766,4444500
2017-11-09,34.15332794189453,44.150001525878906,44.16999816894531,43.880001068115234,44.060001373291016,13268200
2017-11-10,34.0682487487793,44.040000915527344,44.09000015258789,43.95000076293945,44.06999969482422,5202800
2017-11-13,33.93672561645508,43.869998931884766,43.880001068115234,43.58000183105469,43.63999938964844,6368500
2017-11-14,33.905799865722656,43.83000183105469,43.849998474121094,43.68000030517578,43.79999923706055,15887300
2017-11-15,33.74333953857422,43.619998931884766,43.66999816894531,43.40999984741211,43.47999954223633,5290300
2017-11-16,34.0682487487793,44.040000915527344,44.06999969482422,43.88999938964844,43.939998626708984,5634600
2017-11-17,33.93672561645508,43.869998931884766,43.93000030517578,43.79999923706055,43.88999938964844,15984200
2017-11-20,33.998619079589844,43.95000076293945,44.060001373291016,43.95000076293945,43.9900016784668,4444100
2017-11-21,34.261634826660156,44.290000915527344,44.36000061035156,44.2400016784668,44.25,6224700
2017-11-22,34.37767028808594,44.439998626708984,44.5099983215332,44.29999923706055,44.470001220703125,6459600
2017-11-24,34.594268798828125,44.720001220703125,44.790000915527344,44.709999084472656,44.7599983215332,2766800
2017-11-27,34.37767028808594,44.439998626708984,44.66999816894531,44.43000030517578,44.66999816894531,5874700
2017-11-28,34.5478515625,44.65999984741211,44.68000030517578,44.4900016784668,44.58000183105469,8238400
2017-11-29,34.400882720947266,44.470001220703125,44.70000076293945,44.400001525878906,44.689998626708984,6059800
2017-11-30,34.47050857543945,44.560001373291016,44.689998626708984,44.4900016784668,44.63999938964844,10494700
2017-12-01,34.36994171142578,44.43000030517578,44.52000045776367,44.20000076293945,44.41999816894531,12404600
2017-12-04,34.230690002441406,44.25,44.59000015258789,44.2400016784668,44.540000915527344,9098100
2017-12-05,34.18428039550781,44.189998626708984,44.38999938964844,44.189998626708984,44.31999969482422,8701000
2017-12-06,34.02956008911133,43.9900016784668,44.119998931884766,43.97999954223633,43.9900016784668,7545900
2017-12-07,34.1301155090332,44.119998931884766,44.22999954223633,43.9900016784668,44.119998931884766,7165700
2017-12-08,34.32351303100586,44.369998931884766,44.380001068115234,44.22999954223633,44.349998474121094,5064100
2017-12-11,34.39314270019531,44.459999084472656,44.47999954223633,44.380001068115234,44.459999084472656,5710800
2017-12-12,34.41634750366211,44.4900016784668,44.52000045776367,44.380001068115234,44.4900016784668,6777900
2017-12-13,34.56332778930664,44.68000030517578,44.77000045776367,44.54999923706055,44.59000015258789,6202800
2017-12-14,34.400882720947266,44.470001220703125,44.68000030517578,44.45000076293945,44.63999938964844,6137800
2017-12-15,34.37767028808594,44.439998626708984,44.5099983215332,44.349998474121094,44.45000076293945,10562900
2017-12-18,34.76446533203125,44.939998626708984,45.060001373291016,44.869998931884766,44.88999938964844,8428900
2017-12-19,34.656150817871094,44.79999923706055,44.900001525878906,44.720001220703125,44.849998474121094,7037600
2017-12-20,34.63296127319336,44.77000045776367,44.900001525878906,44.72999954223633,44.900001525878906,6628800
2017-12-21,34.74386215209961,44.47999954223633,44.56999969482422,44.369998931884766,44.41999816894531,6751600
2017-12-22,34.82978820800781,44.59000015258789,44.599998474121094,44.45000076293945,44.47999954223633,6891300
2017-12-26,34.83760070800781,44.599998474121094,44.65999984741211,44.54999923706055,44.58000183105469,5914900
2017-12-27,34.923519134521484,44.709999084472656,44.790000915527344,44.619998931884766,44.709999084472656,15495000
2017-12-28,35.032867431640625,44.849998474121094,44.93000030517578,44.810001373291016,44.91999816894531,5982900
2017-12-29,35.040687561035156,44.86000061035156,45.04999923706055,44.86000061035156,45.04999923706055,7046100
2018-01-02,35.345333099365234,45.25,45.2599983215332,44.9900016784668,45.040000915527344,9308000
2018-01-03,35.56403350830078,45.529998779296875,45.540000915527344,45.290000915527344,45.310001373291016,10178700
2018-01-04,35.88429641723633,45.939998626708984,45.970001220703125,45.790000915527344,45.869998931884766,9883400
2018-01-05,36.05613327026367,46.15999984741211,46.189998626708984,46.0,46.060001373291016,8111400
2018-01-08,36.0405158996582,46.13999938964844,46.150001525878906,46.060001373291016,46.119998931884766,8245900
2018-01-09,36.07176208496094,46.18000030517578,46.18000030517578,46.0,46.13999938964844,7721300
2018-01-10,35.9780158996582,46.060001373291016,46.16999816894531,46.0,46.150001525878906,10860500
2018-01-11,36.21235656738281,46.36000061035156,46.369998931884766,46.130001068115234,46.16999816894531,7529600
2018-01-12,36.55603790283203,46.79999923706055,46.810001373291016,46.45000076293945,46.529998779296875,8460100
2018-01-16,36.51698684692383,46.75,47.0,46.70000076293945,46.95000076293945,16171900
2018-01-17,36.7122688293457,47.0,47.15999984741211,46.77000045776367,46.900001525878906,8804800
2018-01-18,36.62635040283203,46.88999938964844,46.939998626708984,46.75,46.84000015258789,8192100
2018-01-19,36.790382385253906,47.099998474121094,47.130001068115234,46.970001220703125,47.119998931884766,7359800
2018-01-22,36.985652923583984,47.349998474121094,47.36000061035156,47.11000061035156,47.150001525878906,9186700
2018-01-23,37.10283279418945,47.5,47.52000045776367,47.33000183105469,47.400001525878906,7836800
2018-01-24,37.21999740600586,47.650001525878906,47.83000183105469,47.459999084472656,47.790000915527344,11007800
2018-01-25,37.08720016479492,47.47999954223633,47.849998474121094,47.34000015258789,47.84000015258789,14271300
2018-01-26,37.39964294433594,47.880001068115234,47.88999938964844,47.66999816894531,47.66999816894531,7027900
2018-01-29,37.05595779418945,47.439998626708984,47.54999923706055,47.36000061035156,47.540000915527344,9953000
2018-01-30,36.7747688293457,47.08000183105469,47.290000915527344,46.9900016784668,47.2599983215332,11411900
2018-01-31,36.70446014404297,46.9900016784668,47.2599983215332,46.93000030517578,47.2599983215332,13972600
2018-02-01,36.79819869995117,47.11000061035156,47.15999984741211,46.880001068115234,46.91999816894531,10588800
2018-02-02,36.00146484375,46.09000015258789,46.630001068115234,46.029998779296875,46.630001068115234,12300600
2018-02-05,34.532962799072266,44.209999084472656,45.689998626708984,44.09000015258789,45.5,24899300
2018-02-06,35.2047233581543,45.06999969482422,45.18000030517578,44.02000045776367,44.08000183105469,36830300
2018-02-07,34.72825622558594,44.459999084472656,44.97999954223633,44.43000030517578,44.63999938964844,13805700
2018-02-08,33.869022369384766,43.36000061035156,44.58000183105469,43.33000183105469,44.56999969482422,25921100
2018-02-09,34.10334777832031,43.65999984741211,43.84000015258789,42.529998779296875,43.68000030517578,41241300
2018-02-12,34.556396484375,44.2400016784668,44.34000015258789,43.7599983215332,43.939998626708984,19705000
2018-02-13,34.42360305786133,44.06999969482422,44.15999984741211,43.88999938964844,43.959999084472656,11755700
2018-02-14,35.10318374633789,44.939998626708984,44.939998626708984,43.83000183105469,43.869998931884766,11178000
2018-02-15,35.32969665527344,45.22999954223633,45.27000045776367,44.81999969482422,45.209999084472656,9923900
2018-02-16,35.45467758178711,45.38999938964844,45.59000015258789,45.25,45.27000045776367,9084000
2018-02-20,35.09537124633789,44.93000030517578,45.220001220703125,44.84000015258789,45.04999923706055,8778500
2018-02-21,34.96257400512695,44.7599983215332,45.380001068115234,44.75,45.09000015258789,10894000
2018-02-22,35.11098098754883,44.95000076293945,45.20000076293945,44.849998474121094,44.959999084472656,9645000
2018-02-23,35.46250534057617,45.400001525878906,45.41999816894531,45.08000183105469,45.15999984741211,9922500
2018-02-26,35.74369430541992,45.7599983215332,45.77000045776367,45.380001068115234,45.56999969482422,6249500
2018-02-27,35.196922302246094,45.060001373291016,45.529998779296875,45.04999923706055,45.5099983215332,7921200
2018-02-28,34.82978820800781,44.59000015258789,45.16999816894531,44.58000183105469,45.150001525878906,7700200
2018-03-01,34.376739501953125,44.0099983215332,44.5,43.70000076293945,44.349998474121094,14945600
2018-03-02,34.4782829284668,44.13999938964844,44.150001525878906,43.599998474121094,43.779998779296875,11738000
2018-03-05,34.618892669677734,44.31999969482422,44.369998931884766,43.779998779296875,43.810001373291016,7697900
2018-03-06,34.907894134521484,44.689998626708984,44.79999923706055,44.56999969482422,44.7599983215332,7502100
2018-03-07,34.86884307861328,44.63999938964844,44.68000030517578,44.310001373291016,44.43000030517578,8727500
2018-03-08,34.97038650512695,44.77000045776367,44.86000061035156,44.599998474121094,44.79999923706055,9444800
2018-03-09,35.228153228759766,45.099998474121094,45.119998931884766,44.79999923706055,44.88999938964844,5860500
2018-03-12,35.2828254699707,45.16999816894531,45.2400016784668,45.04999923706055,45.13999938964844,6268200
2018-03-13,35.06411361694336,44.88999938964844,45.349998474121094,44.779998779296875,45.31999969482422,8971800
2018-03-14,35.11878967285156,44.959999084472656,45.25,44.84000015258789,45.220001220703125,8914200
2018-03-15,35.11098098754883,44.95000076293945,45.150001525878906,44.86000061035156,45.0,9127100
2018-03-16,35.06411361694336,44.88999938964844,45.0099983215332,44.84000015258789,44.84000015258789,12060400
2018-03-19,34.77511215209961,44.52000045776367,44.75,44.29999923706055,44.72999954223633,9602300
2018-03-20,34.80635452270508,44.560001373291016,44.63999938964844,44.439998626708984,44.5099983215332,7377000
2018-03-21,34.89228057861328,44.66999816894531,44.84000015258789,44.470001220703125,44.5,8314200
2018-03-22,34.251766204833984,43.849998474121094,44.310001373291016,43.83000183105469,44.20000076293945,15901500
2018-03-23,33.8299674987793,43.310001373291016,43.970001220703125,43.290000915527344,43.93000030517578,13756700
2018-03-26,34.43526077270508,43.91999816894531,43.95000076293945,43.38999938964844,43.79999923706055,13566600
2018-03-27,34.152992248535156,43.560001373291016,44.16999816894531,43.40999984741211,44.119998931884766,12650100
2018-03-28,34.31764602661133,43.77000045776367,44.099998474121094,43.63999938964844,43.849998474121094,13320700
2018-03-29,34.69397735595703,44.25,44.40999984741211,44.0,44.099998474121094,8230000
2018-04-02,34.176517486572266,43.59000015258789,44.18000030517578,43.33000183105469,44.06999969482422,15016300
2018-04-03,34.4431037902832,43.93000030517578,43.9900016784668,43.65999984741211,43.869998931884766,12164900
2018-04-04,34.521484375,44.029998779296875,44.04999923706055,43.310001373291016,43.34000015258789,20156300
2018-04-05,34.78022766113281,44.36000061035156,44.45000076293945,44.189998626708984,44.22999954223633,6644000
2018-04-06,34.49797058105469,44.0,44.45000076293945,43.86000061035156,44.290000915527344,12728900
2018-04-09,34.795902252197266,44.380001068115234,44.66999816894531,44.279998779296875,44.43000030517578,8316300
2018-04-10,35.18008041381836,44.869998931884766,44.939998626708984,44.709999084472656,44.790000915527344,9749500
2018-04-11,35.015445709228516,44.65999984741211,44.93000030517578,44.65999984741211,44.70000076293945,6022200
2018-04-12,35.14873123168945,44.83000183105469,44.88999938964844,44.68000030517578,44.720001220703125,6036100
2018-04-13,35.18008041381836,44.869998931884766,45.0099983215332,44.72999954223633,44.9900016784668,6468300
2018-04-16,35.24281692504883,44.95000076293945,45.029998779296875,44.869998931884766,45.02000045776367,11688300
2018-04-17,35.42314910888672,45.18000030517578,45.27000045776367,44.9900016784668,45.060001373291016,5740100
2018-04-18,35.63483810424805,45.45000076293945,45.4900016784668,45.33000183105469,45.369998931884766,5022700
2018-04-19,35.47018814086914,45.2400016784668,45.470001220703125,45.130001068115234,45.43000030517578,6195100
2018-04-20,35.29769515991211,45.02000045776367,45.11000061035156,44.95000076293945,45.08000183105469,6645200
2018-04-23,35.25850296020508,44.970001220703125,45.04999923706055,44.849998474121094,45.0099983215332,4742700
2018-04-24,35.101688385009766,44.77000045776367,45.09000015258789,44.619998931884766,45.09000015258789,10248400
2018-04-25,35.02327346801758,44.66999816894531,44.7400016784668,44.470001220703125,44.619998931884766,9085100
2018-04-26,35.28200912475586,45.0,45.040000915527344,44.84000015258789,44.939998626708984,7172100
2018-04-27,35.32120895385742,45.04999923706055,45.08000183105469,44.880001068115234,45.0099983215332,4644300
2018-04-30,35.13304901123047,44.810001373291016,45.130001068115234,44.810001373291016,45.0,5684200
2018-05-01,35.101688385009766,44.77000045776367,44.86000061035156,44.5,44.86000061035156,5858000
2018-05-02,35.05463790893555,44.709999084472656,45.02000045776367,44.66999816894531,44.939998626708984,6324700
2018-05-03,35.12520980834961,44.79999923706055,44.90999984741211,44.45000076293945,44.779998779296875,7903900
2018-05-04,35.25850296020508,44.970001220703125,45.02000045776367,44.470001220703125,44.52000045776367,7123500
2018-05-07,35.25064468383789,44.959999084472656,45.08000183105469,44.849998474121094,44.939998626708984,12361700
2018-05-08,35.25064468383789,44.959999084472656,44.970001220703125,44.709999084472656,44.81999969482422,6713700
2018-05-09,35.36042022705078,45.099998474121094,45.150001525878906,44.90999984741211,44.939998626708984,5192400
2018-05-10,35.6113166809082,45.41999816894531,45.43000030517578,45.189998626708984,45.27000045776367,13671900
2018-05-11,35.68189239501953,45.5099983215332,45.630001068115234,45.4900016784668,45.58000183105469,5637000
2018-05-14,35.744598388671875,45.59000015258789,45.7400016784668,45.560001373291016,45.689998626708984,5169600
2018-05-15,35.44666290283203,45.209999084472656,45.349998474121094,45.08000183105469,45.220001220703125,7081500
2018-05-16,35.556434631347656,45.349998474121094,45.400001525878906,45.220001220703125,45.279998779296875,5840000
2018-05-17,35.60346603393555,45.40999984741211,45.4900016784668,45.290000915527344,45.369998931884766,5153000
2018-05-18,35.47803497314453,45.25,45.310001373291016,45.189998626708984,45.279998779296875,4018200
2018-05-21,35.70540237426758,45.540000915527344,45.540000915527344,45.43000030517578,45.4900016784668,4164300
2018-05-22,35.68189239501953,45.5099983215332,45.68000030517578,45.45000076293945,45.619998931884766,5238700
2018-05-23,35.34474182128906,45.08000183105469,45.09000015258789,44.84000015258789,44.95000076293945,6443800
2018-05-24,35.227134704589844,44.93000030517578,45.02000045776367,44.63999938964844,45.0,6320100
2018-05-25,35.0311164855957,44.68000030517578,44.75,44.58000183105469,44.689998626708984,4372300
2018-05-29,34.32548141479492,43.779998779296875,44.119998931884766,43.61000061035156,44.02000045776367,13770600
2018-05-30,34.819419860839844,44.40999984741211,44.439998626708984,44.0099983215332,44.099998474121094,7097700
2018-05-31,34.63125991821289,44.16999816894531,44.33000183105469,43.970001220703125,44.29999923706055,8894400
2018-06-01,34.89000701904297,44.5,44.560001373291016,44.349998474121094,44.5099983215332,8203500
2018-06-04,35.04680633544922,44.70000076293945,44.88999938964844,44.66999816894531,44.84000015258789,6324800
2018-06-05,35.00760269165039,44.650001525878906,44.720001220703125,44.52000045776367,44.709999084472656,14417000
2018-06-06,35.3055419921875,45.029998779296875,45.040000915527344,44.72999954223633,44.810001373291016,5836700
2018-06-07,35.101688385009766,44.77000045776367,45.08000183105469,44.70000076293945,45.08000183105469,7713000
2018-06-08,35.1644172668457,44.849998474121094,44.900001525878906,44.630001068115234,44.779998779296875,7188900
2018-06-11,35.391788482666016,45.13999938964844,45.220001220703125,44.97999954223633,45.02000045776367,5298100
2018-06-12,35.17224884033203,44.86000061035156,45.06999969482422,44.79999923706055,45.040000915527344,6875900
2018-06-13,35.18793487548828,44.880001068115234,45.029998779296875,44.689998626708984,44.97999954223633,5963500
2018-06-14,35.101688385009766,44.77000045776367,44.97999954223633,44.7400016784668,44.869998931884766,6612000
2018-06-15,34.85863494873047,44.459999084472656,44.5,44.27000045776367,44.470001220703125,5549800
2018-06-18,34.615577697753906,44.150001525878906,44.15999984741211,43.619998931884766,43.9900016784668,8370700
2018-06-19,34.23924255371094,43.66999816894531,43.709999084472656,43.45000076293945,43.540000915527344,13129700
2018-06-20,34.3098030090332,43.7599983215332,43.9900016784668,43.68000030517578,43.900001525878906,7888000
2018-06-21,34.0745964050293,43.459999084472656,43.619998931884766,43.400001525878906,43.61000061035156,9282400
2018-06-22,34.43978500366211,43.380001068115234,43.54999923706055,43.279998779296875,43.4900016784668,7828100
2018-06-25,33.95550537109375,42.77000045776367,43.11000061035156,42.650001525878906,43.04999923706055,14761700
2018-06-26,33.995201110839844,42.81999969482422,42.91999816894531,42.66999816894531,42.86000061035156,11488200
2018-06-27,33.685569763183594,42.43000030517578,43.02000045776367,42.40999984741211,42.900001525878906,11752800
2018-06-28,33.80466079711914,42.58000183105469,42.61000061035156,42.310001373291016,42.40999984741211,13981600
2018-06-29,34.0587158203125,42.900001525878906,43.06999969482422,42.81999969482422,42.90999984741211,14208600
2018-07-02,33.693519592285156,42.439998626708984,42.45000076293945,42.209999084472656,42.2400016784668,10628700
2018-07-03,33.76496505737305,42.529998779296875,42.77000045776367,42.5,42.7400016784668,5607100
2018-07-05,33.97932434082031,42.79999923706055,42.88999938964844,42.70000076293945,42.869998931884766,11226200
2018-07-06,34.20955276489258,43.09000015258789,43.16999816894531,42.86000061035156,42.900001525878906,6931200
2018-07-09,34.51918411254883,43.47999954223633,43.5099983215332,43.349998474121094,43.439998626708984,7613500
2018-07-10,34.558876037597656,43.529998779296875,43.54999923706055,43.38999938964844,43.439998626708984,6864500
2018-07-11,33.95550537109375,42.77000045776367,43.130001068115234,42.650001525878906,43.0099983215332,7643900
2018-07-12,34.24131393432617,43.130001068115234,43.15999984741211,42.93000030517578,43.02000045776367,6812800
2018-07-13,34.336578369140625,43.25,43.25,43.040000915527344,43.099998474121094,5308200
2018-07-16,34.34452819824219,43.2599983215332,43.29999923706055,43.15999984741211,43.27000045776367,8143800
2018-07-17,34.384220123291016,43.310001373291016,43.369998931884766,43.11000061035156,43.150001525878906,4972400
2018-07-18,34.40009307861328,43.33000183105469,43.380001068115234,43.18000030517578,43.2400016784668,5268500
2018-07-19,34.2571907043457,43.150001525878906,43.25,43.0,43.040000915527344,9086100
2018-07-20,34.46360778808594,43.40999984741211,43.439998626708984,43.209999084472656,43.209999084472656,5343000
2018-07-23,34.40803146362305,43.34000015258789,43.380001068115234,43.25,43.36000061035156,8638000
2018-07-24,34.62237548828125,43.61000061035156,43.810001373291016,43.52000045776367,43.68000030517578,6523800
2018-07-25,34.884376525878906,43.939998626708984,44.0099983215332,43.470001220703125,43.630001068115234,6210800
2018-07-26,34.741458892822266,43.7599983215332,43.880001068115234,43.720001220703125,43.83000183105469,5301700
2018-07-27,34.82880401611328,43.869998931884766,44.04999923706055,43.790000915527344,43.97999954223633,6977600
2018-07-30,34.80498123168945,43.84000015258789,44.04999923706055,43.810001373291016,43.970001220703125,20543500
2018-07-31,34.83673858642578,43.880001068115234,44.02000045776367,43.81999969482422,43.97999954223633,8507300
2018-08-01,34.717647552490234,43.72999954223633,43.939998626708984,43.70000076293945,43.849998474121094,5964600
2018-08-02,34.45566940307617,43.400001525878906,43.40999984741211,43.18000030517578,43.220001220703125,6967000
2018-08-03,34.50330352783203,43.459999084472656,43.459999084472656,43.2400016784668,43.279998779296875,5908900
2018-08-06,34.336578369140625,43.25,43.31999969482422,43.11000061035156,43.20000076293945,6910900
2018-08-07,34.550933837890625,43.52000045776367,43.720001220703125,43.20000076293945,43.20000076293945,6163800
2018-08-08,34.542991638183594,43.5099983215332,43.58000183105469,43.369998931884766,43.4900016784668,5502400
2018-08-09,34.4794807434082,43.43000030517578,43.599998474121094,43.400001525878906,43.560001373291016,5627700
2018-08-10,33.82847595214844,42.61000061035156,42.75,42.5099983215332,42.709999084472656,10333800
2018-08-13,33.66175079345703,42.400001525878906,42.59000015258789,42.279998779296875,42.5,11000500
2018-08-14,33.70938491821289,42.459999084472656,42.529998779296875,42.34000015258789,42.459999084472656,7920200
2018-08-15,33.19334411621094,41.810001373291016,41.959999084472656,41.56999969482422,41.90999984741211,15658500
2018-08-16,33.423583984375,42.099998474121094,42.2400016784668,42.04999923706055,42.060001373291016,9928200
2018-08-17,33.6458854675293,42.380001068115234,42.470001220703125,42.040000915527344,42.09000015258789,6512200
2018-08-20,33.788780212402344,42.560001373291016,42.61000061035156,42.47999954223633,42.5099983215332,7384300
2018-08-21,34.011077880859375,42.84000015258789,42.97999954223633,42.7599983215332,42.849998474121094,6822600
2018-08-22,34.17779541015625,43.04999923706055,43.119998931884766,42.970001220703125,43.02000045776367,6437700
2018-08-23,33.923744201660156,42.72999954223633,42.90999984741211,42.70000076293945,42.81999969482422,5393000
2018-08-24,34.17779541015625,43.04999923706055,43.099998474121094,42.88999938964844,42.95000076293945,6412100
2018-08-27,34.646209716796875,43.63999938964844,43.650001525878906,43.31999969482422,43.38999938964844,7969900
2018-08-28,34.56681823730469,43.540000915527344,43.7400016784668,43.52000045776367,43.7400016784668,7737200
2018-08-29,34.75735092163086,43.779998779296875,43.790000915527344,43.5,43.56999969482422,6574500
2018-08-30,34.44772720336914,43.38999938964844,43.5099983215332,43.279998779296875,43.45000076293945,7994100
2018-08-31,34.233375549316406,43.119998931884766,43.31999969482422,42.939998626708984,43.18000030517578,10313700
2018-09-04,33.89197540283203,42.689998626708984,42.689998626708984,42.47999954223633,42.59000015258789,7757000
2018-09-05,33.637935638427734,42.369998931884766,42.4900016784668,42.209999084472656,42.45000076293945,9421000
2018-09-06,33.51885223388672,42.220001220703125,42.380001068115234,42.02000045776367,42.279998779296875,11412000
2018-09-07,33.24892044067383,41.880001068115234,42.0099983215332,41.77000045776367,41.849998474121094,7552100
2018-09-10,33.4315071105957,42.11000061035156,42.22999954223633,42.06999969482422,42.189998626708984,7660000
2018-09-11,33.47916030883789,42.16999816894531,42.18000030517578,41.849998474121094,41.959999084472656,9174700
2018-09-12,33.62205505371094,42.349998474121094,42.439998626708984,42.18000030517578,42.209999084472656,7249700
2018-09-13,33.836421966552734,42.619998931884766,42.7599983215332,42.5099983215332,42.75,7189600
2018-09-14,33.90787124633789,42.709999084472656,42.81999969482422,42.59000015258789,42.779998779296875,9603800
2018-09-17,33.93962097167969,42.75,42.959999084472656,42.709999084472656,42.880001068115234,5925300
2018-09-18,34.288944244384766,43.189998626708984,43.25,43.040000915527344,43.060001373291016,8703700
2018-09-19,34.40803146362305,43.34000015258789,43.38999938964844,43.22999954223633,43.2400016784668,5705100
2018-09-20,34.78116226196289,43.810001373291016,43.86000061035156,43.630001068115234,43.7400016784668,5950600
2018-09-21,34.78911209106445,43.81999969482422,43.88999938964844,43.75,43.790000915527344,6237700
2018-09-24,34.63825988769531,43.630001068115234,43.83000183105469,43.619998931884766,43.79999923706055,7657800
2018-09-25,34.80498123168945,43.84000015258789,43.9900016784668,43.81999969482422,43.959999084472656,7012200
2018-09-26,34.81932067871094,43.70000076293945,43.97999954223633,43.630001068115234,43.65999984741211,6888800
2018-09-27,34.72370910644531,43.58000183105469,43.790000915527344,43.529998779296875,43.599998474121094,6565900
2018-09-28,34.476707458496094,43.27000045776367,43.45000076293945,43.20000076293945,43.25,8478500
2018-10-01,34.564353942871094,43.380001068115234,43.52000045776367,43.33000183105469,43.45000076293945,8653900
2018-10-02,34.341251373291016,43.099998474121094,43.15999984741211,42.959999084472656,43.029998779296875,7640600
2018-10-03,34.28548812866211,43.029998779296875,43.20000076293945,42.970001220703125,43.189998626708984,7127000
2018-10-04,33.84724426269531,42.47999954223633,42.7599983215332,42.29999923706055,42.720001220703125,9168500
2018-10-05,33.679935455322266,42.27000045776367,42.439998626708984,42.08000183105469,42.38999938964844,8283200
2018-10-08,33.496665954589844,42.040000915527344,42.040000915527344,41.68000030517578,41.779998779296875,11331700
2018-10-09,33.37714767456055,41.88999938964844,41.959999084472656,41.529998779296875,41.599998474121094,11610000
2018-10-10,32.620216369628906,40.939998626708984,41.869998931884766,40.880001068115234,41.7400016784668,16517000
2018-10-11,32.166046142578125,40.369998931884766,40.959999084472656,40.130001068115234,40.790000915527344,33864500
2018-10-12,32.32539749145508,40.56999969482422,40.84000015258789,40.150001525878906,40.7400016784668,34798700
2018-10-15,32.26962661743164,40.5,40.68000030517578,40.349998474121094,40.45000076293945,18358700
2018-10-16,32.82737350463867,41.20000076293945,41.2599983215332,40.93000030517578,41.0099983215332,13520700
2018-10-17,32.628173828125,40.95000076293945,41.09000015258789,40.77000045776367,41.06999969482422,11655400
2018-10-18,32.110267639160156,40.29999923706055,40.81999969482422,40.150001525878906,40.72999954223633,13088800
2018-10-19,32.27759552001953,40.5099983215332,40.720001220703125,40.459999084472656,40.459999084472656,13201100
2018-10-22,32.126197814941406,40.31999969482422,40.560001373291016,40.20000076293945,40.529998779296875,9708400
2018-10-23,31.79952049255371,39.90999984741211,40.060001373291016,39.38999938964844,39.630001068115234,18121600
2018-10-24,30.923063278198242,38.810001373291016,39.72999954223633,38.7599983215332,39.68000030517578,17447900
2018-10-25,31.265687942504883,39.2400016784668,39.41999816894531,38.939998626708984,39.08000183105469,15142600
2018-10-26,31.00274658203125,38.90999984741211,39.150001525878906,38.380001068115234,38.689998626708984,20149700
2018-10-29,30.8752498626709,38.75,39.380001068115234,38.439998626708984,39.310001373291016,20833400
2018-10-30,31.25771713256836,39.22999954223633,39.22999954223633,38.79999923706055,38.88999938964844,19149100
2018-10-31,31.512680053710938,39.54999923706055,39.72999954223633,39.4900016784668,39.56999969482422,17049400
2018-11-01,31.92700958251953,40.06999969482422,40.09000015258789,39.72999954223633,39.88999938964844,14964300
2018-11-02,32.01466369628906,40.18000030517578,40.52000045776367,39.93000030517578,40.470001220703125,16380700
2018-11-05,31.998716354370117,40.15999984741211,40.27000045776367,40.040000915527344,40.150001525878906,10887600
2018-11-06,32.166046142578125,40.369998931884766,40.369998931884766,40.150001525878906,40.20000076293945,9456900
2018-11-07,32.564449310302734,40.869998931884766,40.88999938964844,40.56999969482422,40.709999084472656,10109900
2018-11-08,32.23775100708008,40.459999084472656,40.77000045776367,40.349998474121094,40.66999816894531,11523800
2018-11-09,32.006683349609375,40.16999816894531,40.2400016784668,39.970001220703125,40.18000030517578,12446100
2018-11-12,31.456912994384766,39.47999954223633,39.91999816894531,39.45000076293945,39.900001525878906,11566700
2018-11-13,31.576427459716797,39.630001068115234,39.91999816894531,39.470001220703125,39.599998474121094,18233600
2018-11-14,31.608301162719727,39.66999816894531,39.939998626708984,39.43000030517578,39.900001525878906,18431300
2018-11-15,31.711872100830078,39.79999923706055,39.900001525878906,39.25,39.43000030517578,21519900
2018-11-16,31.74375343322754,39.84000015258789,39.880001068115234,39.5,39.560001373291016,17132900
2018-11-19,31.480806350708008,39.5099983215332,39.81999969482422,39.380001068115234,39.810001373291016,14276700
2018-11-20,30.899158477783203,38.779998779296875,39.11000061035156,38.689998626708984,38.959999084472656,20991700
2018-11-21,31.353342056274414,39.349998474121094,39.5,39.20000076293945,39.25,18226000
2018-11-23,31.146163940429688,39.09000015258789,39.189998626708984,39.0099983215332,39.029998779296875,6264100
2018-11-26,31.568458557128906,39.619998931884766,39.709999084472656,39.5,39.560001373291016,16424000
2018-11-27,31.472850799560547,39.5,39.5099983215332,39.310001373291016,39.439998626708984,17083200
2018-11-28,31.934972763061523,40.08000183105469,40.099998474121094,39.380001068115234,39.529998779296875,18897800
2018-11-29,31.78359031677246,39.88999938964844,40.04999923706055,39.77000045776367,39.869998931884766,15866500
2018-11-30,31.672042846679688,39.75,39.779998779296875,39.560001373291016,39.66999816894531,14300400
2018-12-03,32.094337463378906,40.279998779296875,40.38999938964844,40.130001068115234,40.36000061035156,16144100
2018-12-04,31.2816219329834,39.2599983215332,40.119998931884766,39.209999084472656,40.06999969482422,20493400
2018-12-06,30.98680877685547,38.88999938964844,38.90999984741211,38.15999984741211,38.54999923706055,40213600
2018-12-07,30.660131454467773,38.47999954223633,39.09000015258789,38.36000061035156,38.93000030517578,39750900
2018-12-10,30.397192001342773,38.150001525878906,38.349998474121094,37.7599983215332,38.29999923706055,31901800
2018-12-11,30.42906379699707,38.189998626708984,38.5099983215332,38.0,38.5099983215332,63207200
2018-12-12,30.907133102416992,38.790000915527344,39.029998779296875,38.77000045776367,38.79999923706055,31096300
2018-12-13,30.85136604309082,38.720001220703125,38.95000076293945,38.66999816894531,38.84000015258789,23093100
2018-12-14,30.42906379699707,38.189998626708984,38.43000030517578,38.18000030517578,38.27000045776367,29362600
2018-12-17,30.166128158569336,37.86000061035156,38.220001220703125,37.689998626708984,38.189998626708984,40511500
2018-12-18,30.197996139526367,37.900001525878906,38.15999984741211,37.790000915527344,38.029998779296875,34008500
2018-12-19,29.871326446533203,37.4900016784668,38.349998474121094,37.380001068115234,38.060001373291016,36605200
2018-12-20,29.75977325439453,37.349998474121094,37.68000030517578,37.189998626708984,37.54999923706055,52253900
2018-12-21,29.17811393737793,36.619998931884766,37.29999923706055,36.59000015258789,37.099998474121094,57168100
2018-12-24,28.85926055908203,35.84000015258789,36.40999984741211,35.84000015258789,36.290000915527344,29000600
2018-12-26,29.592002868652344,36.75,36.7599983215332,35.7400016784668,36.04999923706055,54247600
2018-12-27,29.61615562438965,36.779998779296875,36.810001373291016,36.060001373291016,36.310001373291016,56908400
2018-12-28,29.80941390991211,37.02000045776367,37.209999084472656,36.90999984741211,37.18000030517578,46759800
2018-12-31,29.873830795288086,37.099998474121094,37.279998779296875,36.9900016784668,37.2400016784668,48032600
2019-01-02,29.83357810974121,37.04999923706055,37.08000183105469,36.599998474121094,36.63999938964844,16891700
2019-01-03,29.592002868652344,36.75,37.0,36.619998931884766,36.93000030517578,17809700
2019-01-04,30.501916885375977,37.880001068115234,37.95000076293945,37.2599983215332,37.310001373291016,12485600
2019-01-07,30.598529815673828,38.0,38.20000076293945,37.810001373291016,37.90999984741211,15899600
2019-01-08,30.81595230102539,38.27000045776367,38.380001068115234,38.130001068115234,38.36000061035156,11334300
2019-01-09,31.194406509399414,38.7400016784668,38.849998474121094,38.540000915527344,38.630001068115234,19657300
2019-01-10,31.3232479095459,38.900001525878906,38.91999816894531,38.56999969482422,38.58000183105469,16334500
2019-01-11,31.129972457885742,38.65999984741211,38.7400016784668,38.54999923706055,38.63999938964844,33654600
2019-01-14,30.968935012817383,38.459999084472656,38.59000015258789,38.33000183105469,38.33000183105469,18893100
2019-01-15,31.162187576293945,38.70000076293945,38.75,38.459999084472656,38.599998474121094,11882000
2019-01-16,31.258825302124023,38.81999969482422,38.880001068115234,38.7400016784668,38.7400016784668,14810700
2019-01-17,31.363502502441406,38.95000076293945,39.04999923706055,38.59000015258789,38.599998474121094,21667100
2019-01-18,31.701698303222656,39.369998931884766,39.400001525878906,39.209999084472656,39.33000183105469,19598500
2019-01-22,31.210512161254883,38.7599983215332,39.0,38.66999816894531,38.95000076293945,30300000
2019-01-23,31.37154769897461,38.959999084472656,39.11000061035156,38.77000045776367,39.060001373291016,11262900
2019-01-24,31.411806106567383,39.0099983215332,39.11000061035156,38.869998931884766,38.970001220703125,12446700
2019-01-25,31.806377410888672,39.5,39.560001373291016,39.400001525878906,39.40999984741211,9600800
2019-01-28,31.65337371826172,39.310001373291016,39.310001373291016,39.119998931884766,39.18000030517578,31278200
2019-01-29,31.7419490814209,39.41999816894531,39.599998474121094,39.40999984741211,39.5,15471300
2019-01-30,32.096248626708984,39.86000061035156,40.029998779296875,39.47999954223633,39.61000061035156,21287500
2019-01-31,32.10429382324219,39.869998931884766,39.95000076293945,39.70000076293945,39.779998779296875,22931200
2019-02-01,32.088199615478516,39.849998474121094,39.93000030517578,39.72999954223633,39.83000183105469,11993900
2019-02-04,32.200931549072266,39.9900016784668,40.0099983215332,39.709999084472656,39.790000915527344,11355000
2019-02-05,32.45860290527344,40.310001373291016,40.310001373291016,40.15999984741211,40.20000076293945,9177000
2019-02-06,32.249244689941406,40.04999923706055,40.22999954223633,40.02000045776367,40.189998626708984,8225900
2019-02-07,31.838592529296875,39.540000915527344,39.79999923706055,39.43000030517578,39.7400016784668,9575700
2019-02-08,31.725849151611328,39.400001525878906,39.400001525878906,39.13999938964844,39.27000045776367,8842200
2019-02-11,31.66143226623535,39.31999969482422,39.439998626708984,39.27000045776367,39.400001525878906,15304300
2019-02-12,32.080135345458984,39.84000015258789,39.869998931884766,39.709999084472656,39.7400016784668,11663000
2019-02-13,32.088199615478516,39.849998474121094,40.060001373291016,39.849998474121094,39.97999954223633,13952800
2019-02-14,32.088199615478516,39.849998474121094,40.02000045776367,39.7599983215332,39.849998474121094,12063700
2019-02-15,32.52301025390625,40.38999938964844,40.40999984741211,40.150001525878906,40.16999816894531,7194400
2019-02-19,32.6840705871582,40.59000015258789,40.650001525878906,40.2599983215332,40.290000915527344,10200500
2019-02-20,32.812896728515625,40.75,40.88999938964844,40.630001068115234,40.630001068115234,7913900
2019-02-21,32.732383728027344,40.650001525878906,40.720001220703125,40.54999923706055,40.68000030517578,14204700
2019-02-22,32.85316848754883,40.79999923706055,40.900001525878906,40.75,40.779998779296875,7491700
2019-02-25,32.95784378051758,40.93000030517578,41.08000183105469,40.900001525878906,41.029998779296875,11415400
2019-02-26,33.09473419189453,41.099998474121094,41.209999084472656,40.959999084472656,40.97999954223633,7349500
2019-02-27,32.99005889892578,40.970001220703125,41.08000183105469,40.900001525878906,41.029998779296875,6379100
2019-02-28,32.85316848754883,40.79999923706055,40.959999084472656,40.79999923706055,40.900001525878906,8353800
2019-03-01,33.05446243286133,41.04999923706055,41.13999938964844,40.90999984741211,41.06999969482422,7584200
2019-03-04,32.925628662109375,40.88999938964844,41.099998474121094,40.720001220703125,41.08000183105469,8081600
2019-03-05,32.94978713989258,40.91999816894531,41.0,40.810001373291016,40.869998931884766,8698000
2019-03-06,32.85316848754883,40.79999923706055,40.970001220703125,40.779998779296875,40.959999084472656,13048000
2019-03-07,32.4344367980957,40.279998779296875,40.65999984741211,40.25,40.63999938964844,9295200
2019-03-08,32.39418029785156,40.22999954223633,40.22999954223633,39.9900016784668,40.0099983215332,7386300
2019-03-11,32.69211959838867,40.599998474121094,40.599998474121094,40.27000045776367,40.27000045776367,7616000
2019-03-12,32.708221435546875,40.619998931884766,40.68000030517578,40.56999969482422,40.619998931884766,9305900
2019-03-13,32.94978713989258,40.91999816894531,40.959999084472656,40.7400016784668,40.77000045776367,5589900
2019-03-14,32.917579650878906,40.880001068115234,40.95000076293945,40.810001373291016,40.86000061035156,6084800
2019-03-15,33.24771499633789,41.290000915527344,41.310001373291016,41.04999923706055,41.13999938964844,8872000
2019-03-18,33.36045837402344,41.43000030517578,41.45000076293945,41.279998779296875,41.34000015258789,8404000
2019-03-19,33.44902038574219,41.540000915527344,41.70000076293945,41.43000030517578,41.68000030517578,9600600
2019-03-20,33.416812896728516,41.5,41.72999954223633,41.220001220703125,41.38999938964844,8245600
2019-03-21,33.44902038574219,41.540000915527344,41.540000915527344,41.27000045776367,41.27000045776367,13446200
2019-03-22,32.80485153198242,40.7400016784668,41.119998931884766,40.709999084472656,41.04999923706055,13786300
2019-03-25,32.80485153198242,40.7400016784668,40.79999923706055,40.58000183105469,40.65999984741211,10398000
2019-03-26,33.00615692138672,40.9900016784668,41.119998931884766,40.900001525878906,41.060001373291016,6809200
2019-03-27,32.95784378051758,40.93000030517578,41.11000061035156,40.70000076293945,41.060001373291016,9081600
2019-03-28,32.9376220703125,40.72999954223633,40.77000045776367,40.54999923706055,40.720001220703125,5665300
2019-03-29,33.050838470458984,40.869998931884766,40.90999984741211,40.689998626708984,40.900001525878906,10436600
2019-04-01,33.47944259643555,41.400001525878906,41.41999816894531,41.20000076293945,41.25,10483400
2019-04-02,33.50370788574219,41.43000030517578,41.439998626708984,41.2400016784668,41.349998474121094,7091400
2019-04-03,33.762489318847656,41.75,41.849998474121094,41.650001525878906,41.709999084472656,6524600
2019-04-04,33.69778823852539,41.66999816894531,41.70000076293945,41.58000183105469,41.619998931884766,6496000
2019-04-05,33.770565032958984,41.7599983215332,41.77000045776367,41.619998931884766,41.650001525878906,6636700
2019-04-08,33.794822692871094,41.790000915527344,41.790000915527344,41.65999984741211,41.7599983215332,8791500
2019-04-09,33.5926513671875,41.540000915527344,41.65999984741211,41.5099983215332,41.650001525878906,9074300
2019-04-10,33.730133056640625,41.709999084472656,41.72999954223633,41.560001373291016,41.630001068115234,7879800
2019-04-11,33.665435791015625,41.630001068115234,41.720001220703125,41.540000915527344,41.66999816894531,6652200
2019-04-12,33.9161262512207,41.939998626708984,41.959999084472656,41.849998474121094,41.91999816894531,7984600
2019-04-15,33.93230056762695,41.959999084472656,41.9900016784668,41.880001068115234,41.970001220703125,6677100
2019-04-16,33.988914489746094,42.029998779296875,42.130001068115234,42.0,42.11000061035156,9451500
2019-04-17,34.0455207824707,42.099998474121094,42.209999084472656,42.040000915527344,42.20000076293945,6838600
2019-04-18,33.98082733154297,42.02000045776367,42.099998474121094,41.95000076293945,42.0,6382900
2019-04-22,33.9484748840332,41.97999954223633,42.029998779296875,41.849998474121094,41.939998626708984,5444200
2019-04-23,34.02934646606445,42.08000183105469,42.08000183105469,41.869998931884766,41.900001525878906,6280000
2019-04-24,33.730133056640625,41.709999084472656,41.84000015258789,41.63999938964844,41.83000183105469,7732900
2019-04-25,33.70587158203125,41.68000030517578,41.689998626708984,41.54999923706055,41.59000015258789,5055200
2019-04-26,33.835262298583984,41.84000015258789,41.84000015258789,41.66999816894531,41.75,5774000
2019-04-29,33.96465301513672,42.0,42.040000915527344,41.84000015258789,41.88999938964844,5154900
2019-04-30,33.988914489746094,42.029998779296875,42.09000015258789,41.849998474121094,41.97999954223633,9859300
2019-05-01,33.762489318847656,41.75,42.13999938964844,41.7400016784668,42.09000015258789,10312700
2019-05-02,33.69778823852539,41.66999816894531,41.81999969482422,41.59000015258789,41.81999969482422,9772300
2019-05-03,34.02934646606445,42.08000183105469,42.119998931884766,41.849998474121094,41.880001068115234,7104500
2019-05-06,33.70587158203125,41.68000030517578,41.709999084472656,41.15999984741211,41.22999954223633,12393600
2019-05-07,33.13979721069336,40.97999954223633,41.31999969482422,40.83000183105469,41.29999923706055,11427200
2019-05-08,33.18830871582031,41.040000915527344,41.15999984741211,40.90999984741211,40.9900016784668,8012200
2019-05-09,32.94571304321289,40.7400016784668,40.810001373291016,40.380001068115234,40.529998779296875,11418700
2019-05-10,33.16405487060547,41.0099983215332,41.060001373291016,40.4900016784668,40.77000045776367,10374500
2019-05-13,32.42007064819336,40.09000015258789,40.33000183105469,40.0,40.279998779296875,9748100
2019-05-14,32.72736740112305,40.470001220703125,40.599998474121094,40.33000183105469,40.36000061035156,7504400
2019-05-15,32.8729362487793,40.650001525878906,40.689998626708984,40.189998626708984,40.220001220703125,8211100
2019-05-16,33.075103759765625,40.900001525878906,41.060001373291016,40.7400016784668,40.779998779296875,9826100
2019-05-17,32.889095306396484,40.66999816894531,40.849998474121094,40.619998931884766,40.63999938964844,6324900
2019-05-20,32.74353790283203,40.4900016784668,40.61000061035156,40.380001068115234,40.470001220703125,6632200
2019-05-21,32.969970703125,40.77000045776367,40.79999923706055,40.599998474121094,40.70000076293945,5243400
2019-05-22,32.840579986572266,40.61000061035156,40.689998626708984,40.56999969482422,40.59000015258789,6691900
2019-05-23,32.50902557373047,40.20000076293945,40.29999923706055,40.04999923706055,40.15999984741211,9943600
2019-05-24,32.848670959472656,40.619998931884766,40.630001068115234,40.459999084472656,40.61000061035156,4992000
2019-05-28,32.565616607666016,40.27000045776367,40.68000030517578,40.2599983215332,40.63999938964844,7649300
2019-05-29,32.347293853759766,40.0,40.02000045776367,39.79999923706055,39.97999954223633,15917200
2019-05-30,32.468589782714844,40.150001525878906,40.150001525878906,40.0,40.06999969482422,10201300
2019-05-31,32.2178955078125,39.84000015258789,39.86000061035156,39.61000061035156,39.650001525878906,11501200
2019-06-03,32.347293853759766,40.0,40.099998474121094,39.83000183105469,39.91999816894531,13251800
2019-06-04,32.76779556274414,40.52000045776367,40.529998779296875,40.189998626708984,40.29999923706055,6741800
2019-06-05,32.75163269042969,40.5,40.689998626708984,40.43000030517578,40.689998626708984,6745200
2019-06-06,32.889095306396484,40.66999816894531,40.7400016784668,40.529998779296875,40.63999938964844,5489700
2019-06-07,33.27727508544922,41.150001525878906,41.2400016784668,40.9900016784668,40.9900016784668,4747500
2019-06-10,33.36623001098633,41.2599983215332,41.349998474121094,41.189998626708984,41.209999084472656,8921800
2019-06-11,33.527957916259766,41.459999084472656,41.619998931884766,41.380001068115234,41.61000061035156,5219200
2019-06-12,33.26110076904297,41.130001068115234,41.349998474121094,41.11000061035156,41.279998779296875,5131800
2019-06-13,33.27727508544922,41.150001525878906,41.25,41.06999969482422,41.209999084472656,5483300
2019-06-14,33.050838470458984,40.869998931884766,40.93000030517578,40.84000015258789,40.90999984741211,11293100
2019-06-17,33.07537078857422,40.45000076293945,40.54999923706055,40.38999938964844,40.43000030517578,11016600
2019-06-18,33.53327560424805,41.0099983215332,41.02000045776367,40.66999816894531,40.75,7667300
2019-06-19,33.721343994140625,41.2400016784668,41.34000015258789,41.02000045776367,41.08000183105469,9811200
2019-06-20,34.04841995239258,41.63999938964844,41.779998779296875,41.52000045776367,41.77000045776367,7468800
2019-06-21,33.92577362060547,41.4900016784668,41.59000015258789,41.45000076293945,41.47999954223633,7400100
2019-06-24,33.974822998046875,41.54999923706055,41.630001068115234,41.529998779296875,41.58000183105469,6369800
2019-06-25,33.79494094848633,41.33000183105469,41.599998474121094,41.310001373291016,41.58000183105469,9371500
2019-06-26,33.83582305908203,41.380001068115234,41.4900016784668,41.349998474121094,41.45000076293945,6432400
2019-06-27,33.91758346557617,41.47999954223633,41.529998779296875,41.45000076293945,41.47999954223633,5449200
2019-06-28,34.10565948486328,41.709999084472656,41.7400016784668,41.630001068115234,41.66999816894531,13621200
2019-07-01,34.26101303100586,41.900001525878906,42.11000061035156,41.790000915527344,42.11000061035156,9976600
2019-07-02,34.3673095703125,42.029998779296875,42.04999923706055,41.93000030517578,41.9900016784668,8552800
2019-07-03,34.547203063964844,42.25,42.279998779296875,42.13999938964844,42.220001220703125,4425200
2019-07-05,34.310081481933594,41.959999084472656,41.9900016784668,41.709999084472656,41.939998626708984,5966800
2019-07-08,34.10565948486328,41.709999084472656,41.77000045776367,41.63999938964844,41.65999984741211,5973000
2019-07-09,33.94211959838867,41.5099983215332,41.529998779296875,41.349998474121094,41.380001068115234,4815400
2019-07-10,34.08930969238281,41.689998626708984,41.810001373291016,41.61000061035156,41.7599983215332,5333700
2019-07-11,34.09747314453125,41.70000076293945,41.79999923706055,41.59000015258789,41.79999923706055,5383500
2019-07-12,34.138362884521484,41.75,41.75,41.619998931884766,41.689998626708984,4566900
2019-07-15,34.17107391357422,41.790000915527344,41.83000183105469,41.720001220703125,41.83000183105469,6409900
2019-07-16,34.015708923339844,41.599998474121094,41.75,41.56999969482422,41.70000076293945,5385200
2019-07-17,33.95029830932617,41.52000045776367,41.689998626708984,41.52000045776367,41.689998626708984,5296700
2019-07-18,34.04841995239258,41.63999938964844,41.65999984741211,41.33000183105469,41.36000061035156,6102800
2019-07-19,33.999359130859375,41.58000183105469,41.720001220703125,41.54999923706055,41.65999984741211,6632100
2019-07-22,34.03206253051758,41.619998931884766,41.66999816894531,41.54999923706055,41.630001068115234,7009900
2019-07-23,34.228309631347656,41.86000061035156,41.869998931884766,41.75,41.83000183105469,5734700
2019-07-24,34.23648452758789,41.869998931884766,41.869998931884766,41.720001220703125,41.75,4641700
2019-07-25,33.89305877685547,41.45000076293945,41.790000915527344,41.41999816894531,41.790000915527344,7144900
2019-07-26,33.991172790527344,41.56999969482422,41.599998474121094,41.5099983215332,41.599998474121094,7172300
2019-07-29,33.983001708984375,41.560001373291016,41.63999938964844,41.5,41.63999938964844,4483000
2019-07-30,33.62322235107422,41.119998931884766,41.16999816894531,41.040000915527344,41.15999984741211,6246300
2019-07-31,33.41062545776367,40.86000061035156,41.22999954223633,40.560001373291016,41.13999938964844,10458000
2019-08-01,33.27978515625,40.70000076293945,41.220001220703125,40.54999923706055,40.86000061035156,10101500
2019-08-02,33.01813507080078,40.380001068115234,40.560001373291016,40.20000076293945,40.560001373291016,11014100
2019-08-05,32.175907135009766,39.349998474121094,39.7599983215332,39.150001525878906,39.7599983215332,19670400
2019-08-06,32.396697998046875,39.619998931884766,39.709999084472656,39.31999969482422,39.63999938964844,12852600
2019-08-07,32.527523040771484,39.779998779296875,39.83000183105469,39.29999923706055,39.40999984741211,13397200
2019-08-08,32.8627815246582,40.189998626708984,40.25,39.86000061035156,39.88999938964844,9269800
2019-08-09,32.625648498535156,39.900001525878906,40.08000183105469,39.79999923706055,40.02000045776367,9542000
2019-08-12,32.347625732421875,39.560001373291016,39.83000183105469,39.47999954223633,39.709999084472656,9166400
2019-08-13,32.66653823852539,39.95000076293945,40.029998779296875,39.43000030517578,39.4900016784668,9306400
2019-08-14,31.783428192138672,38.869998931884766,39.2599983215332,38.849998474121094,39.209999084472656,12302500
2019-08-15,31.848846435546875,38.95000076293945,39.060001373291016,38.790000915527344,38.97999954223633,15610100
2019-08-16,32.22498321533203,39.40999984741211,39.45000076293945,39.16999816894531,39.189998626708984,15206500
2019-08-19,32.42121887207031,39.650001525878906,39.790000915527344,39.650001525878906,39.72999954223633,7340000
2019-08-20,32.33128356933594,39.540000915527344,39.68000030517578,39.4900016784668,39.66999816894531,7429200
2019-08-21,32.60111618041992,39.869998931884766,39.970001220703125,39.83000183105469,39.95000076293945,8014700
2019-08-22,32.48664093017578,39.72999954223633,39.88999938964844,39.599998474121094,39.84000015258789,7855800
2019-08-23,32.08597183227539,39.2400016784668,39.90999984741211,39.220001220703125,39.619998931884766,11896900
2019-08-26,32.363983154296875,39.58000183105469,39.63999938964844,39.41999816894531,39.599998474121094,9964200
2019-08-27,32.355804443359375,39.56999969482422,39.779998779296875,39.540000915527344,39.7599983215332,8188100
2019-08-28,32.363983154296875,39.58000183105469,39.66999816894531,39.349998474121094,39.43000030517578,6669200
2019-08-29,32.61746597290039,39.88999938964844,39.959999084472656,39.77000045776367,39.900001525878906,8436700
2019-08-30,32.781002044677734,40.09000015258789,40.20000076293945,39.900001525878906,40.18000030517578,7499400
2019-09-03,32.650169372558594,39.93000030517578,39.970001220703125,39.77000045776367,39.81999969482422,10164000
2019-09-04,33.10808181762695,40.4900016784668,40.5099983215332,40.33000183105469,40.369998931884766,7377400
2019-09-05,33.3779182434082,40.81999969482422,40.91999816894531,40.77000045776367,40.810001373291016,6302100
2019-09-06,33.45149612426758,40.90999984741211,41.0,40.869998931884766,40.88999938964844,6155200
2019-09-09,33.51692199707031,40.9900016784668,41.04999923706055,40.93000030517578,41.029998779296875,6446800
2019-09-10,33.615047454833984,41.11000061035156,41.13999938964844,40.88999938964844,40.95000076293945,10696500
2019-09-11,33.81946563720703,41.36000061035156,41.36000061035156,41.20000076293945,41.220001220703125,7106400
2019-09-12,33.999359130859375,41.58000183105469,41.63999938964844,41.31999969482422,41.36000061035156,9438000
2019-09-13,34.15471267700195,41.77000045776367,41.90999984741211,41.72999954223633,41.77000045776367,7986300
2019-09-16,33.9094123840332,41.470001220703125,41.599998474121094,41.470001220703125,41.54999923706055,7072300
2019-09-17,34.04022216796875,41.630001068115234,41.630001068115234,41.369998931884766,41.400001525878906,15503100
2019-09-18,33.95029830932617,41.52000045776367,41.619998931884766,41.29999923706055,41.54999923706055,6214700
2019-09-19,34.08930969238281,41.689998626708984,41.84000015258789,41.66999816894531,41.77000045776367,4483100
2019-09-20,34.015708923339844,41.599998474121094,41.81999969482422,41.560001373291016,41.75,5914500
2019-09-23,33.966644287109375,41.540000915527344,41.54999923706055,41.34000015258789,41.369998931884766,10087500
2019-09-24,33.82259750366211,41.09000015258789,41.38999938964844,41.060001373291016,41.38999938964844,13552600
2019-09-25,33.76498031616211,41.02000045776367,41.060001373291016,40.72999954223633,40.880001068115234,15322500
2019-09-26,33.83906173706055,41.11000061035156,41.209999084472656,41.040000915527344,41.189998626708984,7247500
2019-09-27,33.690895080566406,40.93000030517578,41.150001525878906,40.84000015258789,41.119998931884766,9373000
2019-09-30,33.81436538696289,41.08000183105469,41.119998931884766,40.93000030517578,40.959999084472656,7563800
2019-10-01,33.50981140136719,40.709999084472656,41.02000045776367,40.630001068115234,40.9900016784668,14038800
2019-10-02,32.84307098388672,39.900001525878906,40.2400016784668,39.79999923706055,40.22999954223633,10410200
2019-10-03,33.07354736328125,40.18000030517578,40.18000030517578,39.7400016784668,39.900001525878906,13239800
2019-10-04,33.32872009277344,40.4900016784668,40.5099983215332,40.18000030517578,40.18000030517578,6326500
2019-10-07,33.287559509277344,40.439998626708984,40.61000061035156,40.400001525878906,40.439998626708984,8294300
2019-10-08,32.97477722167969,40.060001373291016,40.27000045776367,40.029998779296875,40.220001220703125,8200700
2019-10-09,33.23817443847656,40.380001068115234,40.43000030517578,40.25,40.33000183105469,6044000
2019-10-10,33.452186584472656,40.63999938964844,40.66999816894531,40.31999969482422,40.369998931884766,10763600
2019-10-11,34.0201530456543,41.33000183105469,41.52000045776367,41.22999954223633,41.2400016784668,7568500
2019-10-14,33.89667892456055,41.18000030517578,41.25,41.09000015258789,41.13999938964844,5466900
2019-10-15,34.27532958984375,41.63999938964844,41.77000045776367,41.29999923706055,41.36000061035156,6674500
2019-10-16,34.30002212524414,41.66999816894531,41.77000045776367,41.56999969482422,41.61000061035156,6163000
2019-10-17,34.39056396484375,41.779998779296875,41.93000030517578,41.689998626708984,41.880001068115234,24813100
2019-10-18,34.34939956665039,41.72999954223633,41.79999923706055,41.58000183105469,41.66999816894531,6687100
2019-10-21,34.563419342041016,41.9900016784668,42.040000915527344,41.95000076293945,42.0099983215332,8354000
2019-10-22,34.481109619140625,41.88999938964844,42.150001525878906,41.880001068115234,42.02000045776367,9853600
2019-10-23,34.64573669433594,42.09000015258789,42.09000015258789,41.90999984741211,41.91999816894531,8436500
2019-10-24,34.703346252441406,42.15999984741211,42.2599983215332,42.060001373291016,42.220001220703125,6605900
2019-10-25,34.72805404663086,42.189998626708984,42.220001220703125,42.0099983215332,42.029998779296875,5005800
2019-10-28,34.88444900512695,42.380001068115234,42.400001525878906,42.2400016784668,42.290000915527344,5521500
2019-10-29,34.843284606933594,42.33000183105469,42.380001068115234,42.20000076293945,42.220001220703125,6772500
2019-10-30,34.98320770263672,42.5,42.5,42.119998931884766,42.31999969482422,6277800
2019-10-31,34.90090560913086,42.400001525878906,42.400001525878906,42.209999084472656,42.380001068115234,7087200
2019-11-01,35.21369934082031,42.779998779296875,42.810001373291016,42.65999984741211,42.66999816894531,8396500
2019-11-04,35.40300750732422,43.0099983215332,43.119998931884766,42.959999084472656,43.08000183105469,6367900
2019-11-05,35.3947868347168,43.0,43.040000915527344,42.900001525878906,43.0099983215332,7276200
2019-11-06,35.361854553222656,42.959999084472656,43.060001373291016,42.900001525878906,43.0099983215332,5552000
2019-11-07,35.51825714111328,43.150001525878906,43.27000045776367,43.11000061035156,43.220001220703125,7658500
2019-11-08,35.444175720214844,43.060001373291016,43.08000183105469,42.869998931884766,42.959999084472656,6063800
2019-11-11,35.4112548828125,43.02000045776367,43.029998779296875,42.84000015258789,42.880001068115234,4169100
2019-11-12,35.41947937011719,43.029998779296875,43.119998931884766,42.959999084472656,43.04999923706055,5746000
2019-11-13,35.30424118041992,42.88999938964844,42.939998626708984,42.7400016784668,42.77000045776367,5703000
2019-11-14,35.279544830322266,42.86000061035156,42.86000061035156,42.68000030517578,42.72999954223633,7432900
2019-11-15,35.49356460571289,43.119998931884766,43.130001068115234,42.970001220703125,42.970001220703125,5645100
2019-11-18,35.53472137451172,43.16999816894531,43.209999084472656,43.0099983215332,43.06999969482422,10439700
2019-11-19,35.4688720703125,43.09000015258789,43.290000915527344,43.040000915527344,43.290000915527344,5124800
2019-11-20,35.254852294921875,42.83000183105469,42.95000076293945,42.689998626708984,42.880001068115234,6732300
2019-11-21,35.20547103881836,42.77000045776367,42.79999923706055,42.630001068115234,42.79999923706055,4532600
2019-11-22,35.24661636352539,42.81999969482422,42.93000030517578,42.7400016784668,42.93000030517578,4475100
2019-11-25,35.51825714111328,43.150001525878906,43.16999816894531,43.02000045776367,43.029998779296875,6874500
2019-11-26,35.54294967651367,43.18000030517578,43.209999084472656,43.06999969482422,43.11000061035156,7781600
2019-11-27,35.6417350769043,43.29999923706055,43.310001373291016,43.209999084472656,43.2400016784668,4917900
2019-11-29,35.370094299316406,42.970001220703125,43.06999969482422,42.95000076293945,43.02000045776367,3377400
2019-12-02,35.21369934082031,42.779998779296875,42.959999084472656,42.599998474121094,42.959999084472656,11767300
2019-12-03,35.081993103027344,42.619998931884766,42.630001068115234,42.27000045776367,42.38999938964844,10085700
2019-12-04,35.38656234741211,42.9900016784668,42.9900016784668,42.81999969482422,42.869998931884766,7314200
2019-12-05,35.353633880615234,42.95000076293945,43.029998779296875,42.86000061035156,43.029998779296875,7073100
2019-12-06,35.65818786621094,43.31999969482422,43.33000183105469,43.22999954223633,43.27000045776367,6943400
2019-12-09,35.4688720703125,43.09000015258789,43.29999923706055,43.09000015258789,43.2400016784668,6856800
2019-12-10,35.50179672241211,43.130001068115234,43.220001220703125,43.0,43.08000183105469,8596400
2019-12-11,35.6993408203125,43.369998931884766,43.40999984741211,43.130001068115234,43.15999984741211,6129000
2019-12-12,35.97921371459961,43.709999084472656,43.720001220703125,43.31999969482422,43.380001068115234,9972100
2019-12-13,36.184993743896484,43.959999084472656,44.16999816894531,43.810001373291016,43.91999816894531,9039000
2019-12-16,36.547176361083984,44.400001525878906,44.470001220703125,44.349998474121094,44.38999938964844,7567800
2019-12-17,36.41546630859375,44.2400016784668,44.31999969482422,44.20000076293945,44.2400016784668,7978200
2019-12-18,36.32493209838867,44.130001068115234,44.20000076293945,44.09000015258789,44.15999984741211,6963000
2019-12-19,36.35786056518555,44.16999816894531,44.18000030517578,44.040000915527344,44.099998474121094,7447100
2019-12-20,36.41546630859375,44.2400016784668,44.310001373291016,44.220001220703125,44.279998779296875,9037800
2019-12-23,36.46535873413086,43.86000061035156,43.86000061035156,43.77000045776367,43.79999923706055,6372700
2019-12-24,36.43210220336914,43.81999969482422,43.849998474121094,43.7400016784668,43.849998474121094,4369000
2019-12-26,36.59837341308594,44.02000045776367,44.02000045776367,43.84000015258789,43.900001525878906,5075400
2019-12-27,36.69814682006836,44.13999938964844,44.25,44.060001373291016,44.2400016784668,7340400
2019-12-30,36.43210220336914,43.81999969482422,44.189998626708984,43.810001373291016,44.189998626708984,10412900
2019-12-31,36.63164520263672,44.060001373291016,44.060001373291016,43.77000045776367,43.869998931884766,6629100
2020-01-02,36.930946350097656,44.41999816894531,44.439998626708984,44.25,44.349998474121094,8229000
2020-01-03,36.481990814208984,43.880001068115234,44.15999984741211,43.810001373291016,43.880001068115234,9697300
2020-01-06,36.6067008972168,44.029998779296875,44.06999969482422,43.810001373291016,43.81999969482422,8579400
2020-01-07,36.54849624633789,43.959999084472656,44.06999969482422,43.939998626708984,44.060001373291016,7884600
2020-01-08,36.59837341308594,44.02000045776367,44.18000030517578,43.88999938964844,43.90999984741211,9948100
2020-01-09,36.74803924560547,44.20000076293945,44.20000076293945,44.060001373291016,44.15999984741211,5887100
2020-01-10,36.623321533203125,44.04999923706055,44.2400016784668,43.9900016784668,44.189998626708984,8841400
2020-01-13,36.83949661254883,44.310001373291016,44.31999969482422,44.02000045776367,44.130001068115234,8656500
2020-01-14,36.864437103271484,44.34000015258789,44.38999938964844,44.189998626708984,44.209999084472656,8757200
2020-01-15,36.83949661254883,44.310001373291016,44.38999938964844,44.2599983215332,44.2599983215332,10091400
2020-01-16,37.03902053833008,44.54999923706055,44.54999923706055,44.380001068115234,44.41999816894531,7171400
2020-01-17,37.1304817199707,44.65999984741211,44.66999816894531,44.540000915527344,44.63999938964844,14186000
2020-01-21,36.8311767578125,44.29999923706055,44.47999954223633,44.290000915527344,44.459999084472656,10533700
2020-01-22,36.9226188659668,44.40999984741211,44.540000915527344,44.380001068115234,44.5099983215332,6945800
2020-01-23,36.8311767578125,44.29999923706055,44.34000015258789,44.02000045776367,44.22999954223633,8803200
2020-01-24,36.68983840942383,44.130001068115234,44.470001220703125,44.0099983215332,44.470001220703125,7747400
2020-01-27,35.91663360595703,43.20000076293945,43.40999984741211,43.150001525878906,43.220001220703125,9721700
2020-01-28,36.2242546081543,43.56999969482422,43.599998474121094,43.29999923706055,43.36000061035156,11134400
2020-01-29,36.232566833496094,43.58000183105469,43.720001220703125,43.5099983215332,43.66999816894531,5853100
2020-01-30,36.14942932128906,43.47999954223633,43.5,43.06999969482422,43.15999984741211,8248600
2020-01-31,35.53418731689453,42.7400016784668,43.08000183105469,42.61000061035156,43.08000183105469,12227700
2020-02-03,35.65890121459961,42.88999938964844,43.08000183105469,42.86000061035156,42.86000061035156,21044700
2020-02-04,36.232566833496094,43.58000183105469,43.650001525878906,43.4900016784668,43.52000045776367,12679100
2020-02-05,36.581756591796875,44.0,44.040000915527344,43.86000061035156,44.0099983215332,18014500
2020-02-06,36.70647430419922,44.150001525878906,44.15999984741211,44.04999923706055,44.130001068115234,12988200
2020-02-07,36.348960876464844,43.720001220703125,43.869998931884766,43.68000030517578,43.84000015258789,12778600
2020-02-10,36.43210220336914,43.81999969482422,43.83000183105469,43.63999938964844,43.65999984741211,7295500
2020-02-11,36.6815185546875,44.119998931884766,44.209999084472656,44.02000045776367,44.11000061035156,7231200
2020-02-12,36.8311767578125,44.29999923706055,44.31999969482422,44.209999084472656,44.31999969482422,6518500
2020-02-13,36.56512451171875,43.97999954223633,44.130001068115234,43.88999938964844,43.959999084472656,6793000
2020-02-14,36.540184020996094,43.95000076293945,44.040000915527344,43.86000061035156,44.040000915527344,8702600
2020-02-18,36.290767669677734,43.650001525878906,43.7599983215332,43.59000015258789,43.619998931884766,8124600
2020-02-19,36.44042205810547,43.83000183105469,43.880001068115234,43.779998779296875,43.810001373291016,6371400
2020-02-20,36.17436218261719,43.5099983215332,43.709999084472656,43.290000915527344,43.61000061035156,9327600
2020-02-21,36.008087158203125,43.310001373291016,43.439998626708984,43.220001220703125,43.369998931884766,9270700
2020-02-24,34.603023529052734,41.619998931884766,41.91999816894531,41.56999969482422,41.63999938964844,17685000
2020-02-25,34.01271438598633,40.90999984741211,41.880001068115234,40.86000061035156,41.84000015258789,21171600
2020-02-26,34.03765869140625,40.939998626708984,41.52000045776367,40.90999984741211,41.22999954223633,22686100
2020-02-27,32.998409271240234,39.689998626708984,40.68000030517578,39.68000030517578,40.290000915527344,25284800
2020-02-28,32.81549835205078,39.470001220703125,39.5,38.45000076293945,38.77000045776367,51134100
2020-03-02,33.247825622558594,39.9900016784668,40.04999923706055,39.09000015258789,39.369998931884766,37864100
2020-03-03,32.981773376464844,39.66999816894531,40.720001220703125,39.380001068115234,40.290000915527344,36357600
2020-03-04,33.88800811767578,40.7599983215332,40.810001373291016,40.02000045776367,40.34000015258789,23674800
2020-03-05,32.998409271240234,39.689998626708984,40.13999938964844,39.529998779296875,39.880001068115234,20231100
2020-03-06,32.51618957519531,39.11000061035156,39.310001373291016,38.7400016784668,39.040000915527344,27329500
2020-03-09,29.87232780456543,35.93000030517578,37.11000061035156,35.880001068115234,36.529998779296875,50500700
2020-03-10,30.986408233642578,37.27000045776367,37.470001220703125,36.09000015258789,37.400001525878906,67138600
2020-03-11,29.37348747253418,35.33000183105469,36.349998474121094,35.099998474121094,36.2599983215332,52331500
2020-03-12,26.089441299438477,31.3799991607666,32.65999984741211,30.969999313354492,32.650001525878906,67385000
2020-03-13,27.735626220703125,33.36000061035156,33.619998931884766,31.399999618530273,33.38999938964844,65979800
2020-03-16,24.7342529296875,29.75,30.829999923706055,28.799999237060547,29.280000686645508,60833000
2020-03-17,25.856651306152344,31.100000381469727,31.239999771118164,29.709999084472656,30.239999771118164,51271700
2020-03-18,24.318552017211914,29.25,30.059999465942383,28.459999084472656,29.110000610351562,57760500
2020-03-19,24.676054000854492,29.68000030517578,30.270000457763672,28.8700008392334,29.1299991607666,63671400
2020-03-20,24.451580047607422,29.40999984741211,30.899999618530273,29.360000610351562,30.450000762939453,54786300
2020-03-23,24.034854888916016,28.780000686645508,29.530000686645508,28.6299991607666,29.31999969482422,57178400
2020-03-24,26.172771453857422,31.34000015258789,31.5,30.649999618530273,30.889999389648438,42462300
2020-03-25,27.116456985473633,32.470001220703125,32.959999084472656,31.280000686645508,31.690000534057617,48337300
2020-03-26,28.268922805786133,33.849998474121094,33.900001525878906,32.58000183105469,32.68000030517578,38425000
2020-03-27,27.40039825439453,32.810001373291016,33.40999984741211,32.36000061035156,32.63999938964844,42774800
2020-03-30,27.959928512573242,33.47999954223633,33.52000045776367,32.709999084472656,32.91999816894531,39894300
2020-03-31,27.84300994873047,33.34000015258789,33.650001525878906,32.91999816894531,33.04999923706055,35151700
2020-04-01,26.607030868530273,31.860000610351562,32.560001373291016,31.81999969482422,32.2400016784668,28504800
2020-04-02,27.116456985473633,32.470001220703125,32.63999938964844,31.860000610351562,31.899999618530273,33085500
2020-04-03,26.581974029541016,31.829999923706055,32.15999984741211,31.600000381469727,32.040000915527344,38093100
2020-04-06,28.010038375854492,33.540000915527344,33.630001068115234,32.880001068115234,32.970001220703125,30789300
2020-04-07,28.168712615966797,33.72999954223633,34.75,33.689998626708984,34.63999938964844,36819800
2020-04-08,28.43595314025879,34.04999923706055,34.20000076293945,33.58000183105469,33.86000061035156,35234700
2020-04-09,29.045589447021484,34.779998779296875,34.970001220703125,34.45000076293945,34.52000045776367,25835100
2020-04-13,28.81175422668457,34.5,34.7400016784668,34.20000076293945,34.66999816894531,34969000
2020-04-14,29.329524993896484,35.119998931884766,35.369998931884766,34.970001220703125,35.029998779296875,21511100
2020-04-15,28.37749671936035,33.97999954223633,34.2400016784668,33.869998931884766,34.060001373291016,22435900
2020-04-16,28.410900115966797,34.02000045776367,34.209999084472656,33.70000076293945,34.11000061035156,36469000
2020-04-17,29.212617874145508,34.97999954223633,35.029998779296875,34.58000183105469,34.810001373291016,27888500
2020-04-20,28.786706924438477,34.470001220703125,35.0099983215332,34.459999084472656,34.5,28400300
2020-04-21,28.193767547607422,33.7599983215332,34.2400016784668,33.68000030517578,33.93000030517578,22139300
2020-04-22,28.719890594482422,34.38999938964844,34.459999084472656,34.22999954223633,34.380001068115234,17123200
2020-04-23,28.669790267944336,34.33000183105469,34.9900016784668,34.2599983215332,34.4900016784668,22064600
2020-04-24,28.97878646850586,34.70000076293945,34.75,34.31999969482422,34.56999969482422,14562000
2020-04-27,29.379636764526367,35.18000030517578,35.2599983215332,34.88999938964844,34.97999954223633,19673500
2020-04-28,29.613475799560547,35.459999084472656,35.93000030517578,35.45000076293945,35.849998474121094,16352900
2020-04-29,30.398494720458984,36.400001525878906,36.529998779296875,36.13999938964844,36.220001220703125,19368500
2020-04-30,29.797204971313477,35.68000030517578,36.029998779296875,35.47999954223633,35.939998626708984,17964300
2020-05-01,29.137449264526367,34.88999938964844,35.150001525878906,34.7400016784668,35.04999923706055,20722600
2020-05-04,29.162504196166992,34.91999816894531,34.939998626708984,34.5099983215332,34.619998931884766,28930800
2020-05-05,29.237668991088867,35.0099983215332,35.349998474121094,34.959999084472656,35.189998626708984,14919900
2020-05-06,29.06229019165039,34.79999923706055,35.29999923706055,34.790000915527344,35.2599983215332,13380600
2020-05-07,29.504911422729492,35.33000183105469,35.5099983215332,35.16999816894531,35.279998779296875,18120900
2020-05-08,29.98093605041504,35.900001525878906,35.939998626708984,35.689998626708984,35.75,12044700
2020-05-11,29.972576141357422,35.88999938964844,35.97999954223633,35.630001068115234,35.66999816894531,12319200
2020-05-12,29.571720123291016,35.40999984741211,36.029998779296875,35.40999984741211,35.970001220703125,16592300
2020-05-13,29.321184158325195,35.11000061035156,35.650001525878906,34.93000030517578,35.63999938964844,16110600
2020-05-14,29.104042053222656,34.849998474121094,34.869998931884766,34.119998931884766,34.33000183105469,18021700
2020-05-15,29.112401962280273,34.86000061035156,34.9900016784668,34.63999938964844,34.75,17247600
2020-05-18,30.273216247558594,36.25,36.349998474121094,35.720001220703125,35.72999954223633,18536800
2020-05-19,29.947525024414062,35.86000061035156,36.2400016784668,35.849998474121094,36.099998474121094,12690600
2020-05-20,30.490354537963867,36.5099983215332,36.70000076293945,36.400001525878906,36.47999954223633,14971700
2020-05-21,30.156307220458984,36.11000061035156,36.4900016784668,35.97999954223633,36.369998931884766,13381500
2020-05-22,30.072792053222656,36.0099983215332,36.029998779296875,35.75,35.91999816894531,10603200
2020-05-26,30.96638298034668,37.08000183105469,37.279998779296875,37.04999923706055,37.189998626708984,13114000
2020-05-27,31.29206657409668,37.470001220703125,37.5,37.029998779296875,37.47999954223633,21634900
2020-05-28,31.5008602142334,37.720001220703125,38.130001068115234,37.709999084472656,37.880001068115234,14323500
2020-05-29,31.459096908569336,37.66999816894531,37.72999954223633,37.2400016784668,37.689998626708984,18711700
2020-06-01,32.143898010253906,38.4900016784668,38.5,37.90999984741211,37.959999084472656,12729000
2020-06-02,32.494651794433594,38.90999984741211,38.97999954223633,38.70000076293945,38.75,10213400
2020-06-03,33.24626159667969,39.810001373291016,39.91999816894531,39.349998474121094,39.40999984741211,11180100
2020-06-04,33.062530517578125,39.59000015258789,39.849998474121094,39.4900016784668,39.560001373291016,10505400
2020-06-05,33.713924407958984,40.369998931884766,40.63999938964844,40.27000045776367,40.400001525878906,30764900
2020-06-08,34.11479949951172,40.849998474121094,40.869998931884766,40.31999969482422,40.56999969482422,17157300
2020-06-09,33.67217254638672,40.31999969482422,40.459999084472656,40.06999969482422,40.150001525878906,10378900
2020-06-10,33.61371612548828,40.25,40.59000015258789,40.06999969482422,40.439998626708984,16997600
2020-06-11,31.768095016479492,38.040000915527344,39.27000045776367,37.970001220703125,39.119998931884766,18307100
2020-06-12,32.31092071533203,38.689998626708984,39.15999984741211,38.16999816894531,39.060001373291016,20129400
2020-06-15,32.4111442565918,38.810001373291016,38.93000030517578,37.790000915527344,37.90999984741211,14497100
2020-06-16,32.845401763916016,39.33000183105469,39.709999084472656,38.88999938964844,39.619998931884766,15073100
2020-06-17,32.92056655883789,39.41999816894531,39.63999938964844,39.33000183105469,39.619998931884766,11290100
2020-06-18,32.77023696899414,39.2400016784668,39.380001068115234,39.08000183105469,39.119998931884766,11393400
2020-06-19,32.61991500854492,39.060001373291016,39.68000030517578,39.0,39.68000030517578,12600500
2020-06-22,32.99595642089844,39.310001373291016,39.369998931884766,38.959999084472656,39.09000015258789,9297600
2020-06-23,33.15544128417969,39.5,39.810001373291016,39.470001220703125,39.7400016784668,9750200
2020-06-24,32.34123611450195,38.529998779296875,39.15999984741211,38.40999984741211,39.08000183105469,15271900
2020-06-25,32.76933288574219,39.040000915527344,39.060001373291016,38.369998931884766,38.54999923706055,13131700
2020-06-26,32.27408981323242,38.45000076293945,38.959999084472656,38.400001525878906,38.959999084472656,13671100
2020-06-29,32.56787872314453,38.79999923706055,38.849998474121094,38.43000030517578,38.65999984741211,11590700
2020-06-30,32.55949401855469,38.790000915527344,38.93000030517578,38.47999954223633,38.540000915527344,12988200
2020-07-01,32.668601989746094,38.91999816894531,39.040000915527344,38.720001220703125,38.72999954223633,7967300
2020-07-02,32.99595642089844,39.310001373291016,39.650001525878906,39.279998779296875,39.470001220703125,8687600
2020-07-06,33.54994583129883,39.970001220703125,40.04999923706055,39.77000045776367,39.90999984741211,8462200
2020-07-07,33.08829116821289,39.41999816894531,39.779998779296875,39.380001068115234,39.58000183105469,8054600
2020-07-08,33.35689926147461,39.7400016784668,39.7400016784668,39.33000183105469,39.439998626708984,7949500
2020-07-09,32.97077178955078,39.279998779296875,39.68000030517578,39.0,39.650001525878906,9278800
2020-07-10,33.28135299682617,39.650001525878906,39.66999816894531,39.279998779296875,39.400001525878906,8127700
2020-07-13,33.10508346557617,39.439998626708984,40.130001068115234,39.369998931884766,39.900001525878906,8718300
2020-07-14,33.56673812866211,39.9900016784668,40.040000915527344,39.43000030517578,39.459999084472656,10325900
2020-07-15,33.944461822509766,40.439998626708984,40.70000076293945,40.33000183105469,40.54999923706055,12277400
2020-07-16,33.7346076965332,40.189998626708984,40.349998474121094,40.099998474121094,40.189998626708984,7141400
2020-07-17,33.90248489379883,40.38999938964844,40.41999816894531,40.16999816894531,40.29999923706055,5077100
2020-07-20,34.09553909301758,40.619998931884766,40.650001525878906,40.33000183105469,40.43000030517578,6749000
2020-07-21,34.22984313964844,40.779998779296875,40.9900016784668,40.72999954223633,40.88999938964844,6861700
2020-07-22,34.322174072265625,40.88999938964844,40.93000030517578,40.709999084472656,40.75,5506500
2020-07-23,34.03678512573242,40.54999923706055,40.95000076293945,40.439998626708984,40.790000915527344,7814100
2020-07-24,33.86891555786133,40.349998474121094,40.470001220703125,40.2400016784668,40.33000183105469,6137500
2020-07-27,34.338966369628906,40.90999984741211,40.970001220703125,40.70000076293945,40.7599983215332,5819400
2020-07-28,34.17948913574219,40.720001220703125,40.91999816894531,40.65999984741211,40.7599983215332,5727300
2020-07-29,34.54042053222656,41.150001525878906,41.220001220703125,40.83000183105469,40.91999816894531,9348200
2020-07-30,34.078765869140625,40.599998474121094,40.65999984741211,39.900001525878906,40.27000045776367,8765500
2020-07-31,33.415653228759766,39.810001373291016,40.40999984741211,39.54999923706055,40.380001068115234,19441900
2020-08-03,33.994815826416016,40.5,40.5099983215332,40.08000183105469,40.16999816894531,7887100
2020-08-04,34.263427734375,40.81999969482422,40.81999969482422,40.369998931884766,40.38999938964844,8223100
2020-08-05,34.44808578491211,41.040000915527344,41.310001373291016,41.0099983215332,41.130001068115234,10052800
2020-08-06,34.52362823486328,41.130001068115234,41.189998626708984,40.83000183105469,40.939998626708984,6296400
2020-08-07,34.38092041015625,40.959999084472656,40.959999084472656,40.68000030517578,40.77000045776367,5767500
2020-08-10,34.51523208618164,41.119998931884766,41.130001068115234,40.900001525878906,41.02000045776367,6542300
2020-08-11,34.65793228149414,41.290000915527344,41.81999969482422,41.25,41.79999923706055,10322500
2020-08-12,35.34621810913086,42.11000061035156,42.27000045776367,41.970001220703125,42.0099983215332,9029700
2020-08-13,35.19514083862305,41.93000030517578,42.16999816894531,41.79999923706055,42.0,11250600
2020-08-14,34.97689437866211,41.66999816894531,41.7599983215332,41.560001373291016,41.61000061035156,8767200
2020-08-17,35.24549102783203,41.9900016784668,42.029998779296875,41.88999938964844,41.900001525878906,7215100
2020-08-18,35.23710250854492,41.97999954223633,42.16999816894531,41.810001373291016,42.13999938964844,7639400
2020-08-19,35.04404830932617,41.75,42.16999816894531,41.720001220703125,42.13999938964844,6273000
2020-08-20,34.9349250793457,41.619998931884766,41.68000030517578,41.27000045776367,41.31999969482422,6993800
2020-08-21,34.750267028808594,41.400001525878906,41.40999984741211,41.130001068115234,41.18000030517578,9278000
2020-08-24,35.169952392578125,41.900001525878906,42.0099983215332,41.7400016784668,42.0,5248100
2020-08-25,35.24549102783203,41.9900016784668,42.13999938964844,41.7400016784668,42.130001068115234,9096600
2020-08-26,35.50569534301758,42.29999923706055,42.33000183105469,41.97999954223633,42.0099983215332,9328000
2020-08-27,35.14476776123047,41.869998931884766,42.310001373291016,41.70000076293945,42.310001373291016,7424800
2020-08-28,35.388179779052734,42.15999984741211,42.18000030517578,41.90999984741211,42.119998931884766,12329500
2020-08-31,35.14476776123047,41.869998931884766,42.130001068115234,41.79999923706055,42.04999923706055,18615200
2020-09-01,35.19514083862305,41.93000030517578,42.02000045776367,41.72999954223633,41.900001525878906,11476400
2020-09-02,35.62321090698242,42.439998626708984,42.459999084472656,42.029998779296875,42.20000076293945,10019000
2020-09-03,34.817405700683594,41.47999954223633,42.33000183105469,41.310001373291016,42.27000045776367,13320200
2020-09-04,34.88456344604492,41.560001373291016,41.77000045776367,40.810001373291016,41.66999816894531,14064200
2020-09-08,34.456485748291016,41.04999923706055,41.400001525878906,40.88999938964844,41.02000045776367,14936300
2020-09-09,35.05243682861328,41.7599983215332,41.93000030517578,41.59000015258789,41.66999816894531,12640400
2020-09-10,34.666324615478516,41.29999923706055,42.060001373291016,41.29999923706055,41.9900016784668,10540900
2020-09-11,34.98529052734375,41.68000030517578,41.880001068115234,41.4900016784668,41.779998779296875,10533900
2020-09-14,35.220314025878906,41.959999084472656,42.13999938964844,41.91999816894531,42.04999923706055,4914400
2020-09-15,35.438560485839844,42.220001220703125,42.40999984741211,42.150001525878906,42.400001525878906,10679000
2020-09-16,35.438560485839844,42.220001220703125,42.540000915527344,42.15999984741211,42.369998931884766,5253700
2020-09-17,35.48890686035156,42.279998779296875,42.290000915527344,41.90999984741211,41.93000030517578,5816800
2020-09-18,35.23710250854492,41.97999954223633,42.220001220703125,41.83000183105469,42.15999984741211,6698700
2020-09-21,34.37725067138672,40.7400016784668,40.779998779296875,40.279998779296875,40.7599983215332,10459600
2020-09-22,34.36880874633789,40.72999954223633,40.77000045776367,40.369998931884766,40.77000045776367,8189600
2020-09-23,34.01441192626953,40.310001373291016,40.95000076293945,40.27000045776367,40.93000030517578,8206300
2020-09-24,33.963775634765625,40.25,40.52000045776367,39.970001220703125,40.20000076293945,13238300
2020-09-25,34.09034729003906,40.400001525878906,40.43000030517578,39.810001373291016,39.95000076293945,8351500
2020-09-28,34.64727020263672,41.060001373291016,41.06999969482422,40.900001525878906,40.970001220703125,5801100
2020-09-29,34.59664535522461,41.0,41.150001525878906,40.84000015258789,41.029998779296875,6711100
2020-09-30,34.51225662231445,40.900001525878906,41.15999984741211,40.7599983215332,40.90999984741211,12413000
2020-10-01,34.71477127075195,41.13999938964844,41.15999984741211,40.900001525878906,41.099998474121094,7829500
2020-10-02,34.638824462890625,41.04999923706055,41.13999938964844,40.599998474121094,40.630001068115234,10670800
2020-10-05,35.17887496948242,41.689998626708984,41.70000076293945,41.38999938964844,41.40999984741211,5014000
2020-10-06,34.8160285949707,41.2599983215332,41.77000045776367,41.16999816894531,41.70000076293945,7800200
2020-10-07,35.14512634277344,41.650001525878906,41.709999084472656,41.5,41.61000061035156,7758800
2020-10-08,35.40671157836914,41.959999084472656,41.970001220703125,41.790000915527344,41.849998474121094,10005300
2020-10-09,35.64297866821289,42.2400016784668,42.279998779296875,42.08000183105469,42.15999984741211,5498600
2020-10-12,35.82017517089844,42.45000076293945,42.5,42.279998779296875,42.31999969482422,3945200
2020-10-13,35.423583984375,41.97999954223633,42.13999938964844,41.900001525878906,42.13999938964844,5947300
2020-10-14,35.3476448059082,41.88999938964844,42.18000030517578,41.849998474121094,42.11000061035156,8043500
2020-10-15,34.959476470947266,41.43000030517578,41.470001220703125,41.08000183105469,41.08000183105469,9745300
2020-10-16,35.06918716430664,41.560001373291016,41.7400016784668,41.4900016784668,41.54999923706055,6077700
2020-10-19,34.91729736328125,41.380001068115234,41.81999969482422,41.34000015258789,41.77000045776367,7366300
2020-10-20,35.111366271972656,41.61000061035156,41.83000183105469,41.59000015258789,41.66999816894531,6592600
2020-10-21,34.99324035644531,41.470001220703125,41.79999923706055,41.470001220703125,41.58000183105469,5414700
2020-10-22,35.02698516845703,41.5099983215332,41.56999969482422,41.220001220703125,41.40999984741211,7877400
2020-10-23,35.2210693359375,41.7400016784668,41.75,41.5,41.7400016784668,6575500
2020-10-26,34.56288528442383,40.959999084472656,41.27000045776367,40.720001220703125,41.189998626708984,9573600
2020-10-27,34.30130386352539,40.650001525878906,40.939998626708984,40.619998931884766,40.88999938964844,9328900
2020-10-28,33.297157287597656,39.459999084472656,39.88999938964844,39.45000076293945,39.810001373291016,11666400
2020-10-29,33.45748519897461,39.650001525878906,39.790000915527344,39.290000915527344,39.4900016784668,10035800
2020-10-30,33.288726806640625,39.45000076293945,39.529998779296875,39.130001068115234,39.470001220703125,13759900
2020-11-02,33.693748474121094,39.93000030517578,39.959999084472656,39.65999984741211,39.88999938964844,16347500
2020-11-03,34.554443359375,40.95000076293945,41.099998474121094,40.65999984741211,40.709999084472656,8549600
2020-11-04,34.90885543823242,41.369998931884766,41.72999954223633,40.939998626708984,41.099998474121094,8979800
2020-11-05,35.75267028808594,42.369998931884766,42.45000076293945,42.13999938964844,42.29999923706055,8847400
2020-11-06,35.828617095947266,42.459999084472656,42.619998931884766,42.369998931884766,42.529998779296875,6321200
2020-11-09,36.80745315551758,43.619998931884766,44.380001068115234,43.56999969482422,44.380001068115234,11723900
2020-11-10,37.07746887207031,43.939998626708984,44.18000030517578,43.81999969482422,43.959999084472656,9152400
2020-11-11,37.38969039916992,44.310001373291016,44.34000015258789,44.130001068115234,44.2599983215332,5697600
2020-11-12,36.849639892578125,43.66999816894531,44.08000183105469,43.560001373291016,43.970001220703125,7226600
2020-11-13,37.37281036376953,44.290000915527344,44.349998474121094,43.95000076293945,43.959999084472656,5989700
2020-11-16,37.85378646850586,44.86000061035156,44.880001068115234,44.619998931884766,44.79999923706055,7570700
2020-11-17,37.8369140625,44.84000015258789,44.939998626708984,44.58000183105469,44.709999084472656,6727800
2020-11-18,37.63439178466797,44.599998474121094,45.060001373291016,44.599998474121094,44.900001525878906,6703900
2020-11-19,37.862220764160156,44.869998931884766,44.900001525878906,44.47999954223633,44.560001373291016,6344000
2020-11-20,37.98880386352539,45.02000045776367,45.099998474121094,44.849998474121094,44.88999938964844,5001500
2020-11-23,38.01411056518555,45.04999923706055,45.31999969482422,44.900001525878906,45.2400016784668,9744200
2020-11-24,38.621665954589844,45.77000045776367,45.79999923706055,45.40999984741211,45.439998626708984,7320200
2020-11-25,38.54571533203125,45.68000030517578,45.7599983215332,45.369998931884766,45.4900016784668,9436700
2020-11-27,38.81574249267578,46.0,46.02000045776367,45.790000915527344,45.81999969482422,3124300
2020-11-30,38.0478630065918,45.09000015258789,45.849998474121094,45.06999969482422,45.810001373291016,11957400
2020-12-01,38.86638259887695,46.060001373291016,46.099998474121094,45.79999923706055,45.84000015258789,13034000
2020-12-02,38.925437927246094,46.130001068115234,46.15999984741211,45.86000061035156,45.900001525878906,13378800
2020-12-03,39.06045150756836,46.290000915527344,46.47999954223633,46.20000076293945,46.310001373291016,6177100
2020-12-04,39.4401741027832,46.7400016784668,46.7400016784668,46.599998474121094,46.599998474121094,6514000
2020-12-07,39.15326690673828,46.400001525878906,46.58000183105469,46.310001373291016,46.459999084472656,6780200
2020-12-08,39.246089935302734,46.5099983215332,46.540000915527344,46.27000045776367,46.279998779296875,5952700
2020-12-09,39.296722412109375,46.56999969482422,46.849998474121094,46.279998779296875,46.810001373291016,8296900
2020-12-10,39.381107330322266,46.66999816894531,46.77000045776367,46.33000183105469,46.34000015258789,6701600
2020-12-11,39.246089935302734,46.5099983215332,46.529998779296875,46.25,46.41999816894531,8139600
2020-12-14,39.25453567504883,46.52000045776367,46.91999816894531,46.5,46.880001068115234,6756700
2020-12-15,39.68488311767578,47.029998779296875,47.060001373291016,46.66999816894531,46.7599983215332,6568500
2020-12-16,39.81989669799805,47.189998626708984,47.2599983215332,46.95000076293945,47.099998474121094,6429000
2020-12-17,40.081478118896484,47.5,47.630001068115234,47.45000076293945,47.56999969482422,6391800
2020-12-18,39.84519958496094,47.220001220703125,47.470001220703125,47.15999984741211,47.470001220703125,6865600
2020-12-21,39.39826965332031,46.279998779296875,46.380001068115234,45.599998474121094,45.720001220703125,10377000
2020-12-22,39.27056884765625,46.130001068115234,46.20000076293945,46.0,46.15999984741211,7715600
2020-12-23,39.7132568359375,46.650001525878906,46.709999084472656,46.5,46.540000915527344,8928100
2020-12-24,39.815406799316406,46.77000045776367,46.790000915527344,46.63999938964844,46.7599983215332,4133400
2020-12-28,40.06228256225586,47.060001373291016,47.2599983215332,47.029998779296875,47.25,7216800
2020-12-29,40.37726974487305,47.43000030517578,47.66999816894531,47.33000183105469,47.65999984741211,7617300
2020-12-30,40.46239471435547,47.529998779296875,47.81999969482422,47.5099983215332,47.68000030517578,4801100
2020-12-31,40.18998718261719,47.209999084472656,47.54999923706055,47.130001068115234,47.5099983215332,10270300
2021-01-04,40.41982650756836,47.47999954223633,48.150001525878906,47.25,48.119998931884766,16916400
2021-01-05,40.87953186035156,48.02000045776367,48.13999938964844,47.650001525878906,47.65999984741211,16523300
2021-01-06,41.32221603393555,48.540000915527344,48.779998779296875,48.060001373291016,48.099998474121094,14076700
2021-01-07,41.44139099121094,48.68000030517578,48.7400016784668,48.470001220703125,48.5099983215332,8094800
2021-01-08,41.83300018310547,49.13999938964844,49.18000030517578,48.650001525878906,49.09000015258789,8202400
2021-01-11,41.28815841674805,48.5,48.65999984741211,48.27000045776367,48.29999923706055,9392400
2021-01-12,41.48395919799805,48.72999954223633,48.779998779296875,48.349998474121094,48.459999084472656,8035600
2021-01-13,41.407344818115234,48.63999938964844,48.7599983215332,48.560001373291016,48.650001525878906,12509300
2021-01-14,41.72233200073242,49.0099983215332,49.15999984741211,48.79999923706055,48.79999923706055,11554400
2021-01-15,41.049800872802734,48.220001220703125,48.459999084472656,47.95000076293945,48.38999938964844,10321000
2021-01-19,41.3392448425293,48.560001373291016,48.630001068115234,48.369998931884766,48.59000015258789,9083200
2021-01-20,41.65422058105469,48.93000030517578,48.959999084472656,48.599998474121094,48.68000030517578,6967100
2021-01-21,41.747867584228516,49.040000915527344,49.060001373291016,48.72999954223633,49.0099983215332,7764900
2021-01-22,41.45842361450195,48.70000076293945,48.77000045776367,48.52000045776367,48.560001373291016,9665900
2021-01-25,41.4328727722168,48.66999816894531,48.689998626708984,48.11000061035156,48.40999984741211,10653300
2021-01-26,41.44990921020508,48.689998626708984,48.779998779296875,48.52000045776367,48.75,7378100
2021-01-27,40.47942352294922,47.54999923706055,48.029998779296875,47.38999938964844,47.84000015258789,17187600
2021-01-28,40.794410705566406,47.91999816894531,48.18000030517578,47.650001525878906,47.70000076293945,10340200
2021-01-29,39.90053939819336,46.869998931884766,47.470001220703125,46.65999984741211,47.349998474121094,18440200
2021-02-01,40.46239471435547,47.529998779296875,47.599998474121094,47.279998779296875,47.5099983215332,11963300
2021-02-02,40.91358947753906,48.060001373291016,48.099998474121094,47.720001220703125,47.84000015258789,7982700
2021-02-03,41.024253845214844,48.189998626708984,48.2400016784668,47.959999084472656,48.130001068115234,6294300
2021-02-04,41.04128646850586,48.209999084472656,48.220001220703125,47.95000076293945,48.02000045776367,5971400
2021-02-05,41.34775924682617,48.56999969482422,48.61000061035156,48.310001373291016,48.459999084472656,7702400
2021-02-08,41.61165237426758,48.880001068115234,49.0,48.7599983215332,48.86000061035156,10370400
2021-02-09,41.85002517700195,49.15999984741211,49.209999084472656,48.880001068115234,48.939998626708984,5571600
2021-02-10,41.75638198852539,49.04999923706055,49.380001068115234,48.83000183105469,49.31999969482422,8471300
2021-02-11,42.0287971496582,49.369998931884766,49.380001068115234,49.11000061035156,49.33000183105469,7432400
2021-02-12,42.22459411621094,49.599998474121094,49.61000061035156,49.189998626708984,49.209999084472656,6961000
2021-02-16,42.479984283447266,49.900001525878906,50.099998474121094,49.790000915527344,49.9900016784668,7636800
2021-02-17,42.21607971191406,49.59000015258789,49.650001525878906,49.310001373291016,49.5099983215332,7865500
2021-02-18,41.943668365478516,49.27000045776367,49.310001373291016,48.900001525878906,49.18000030517578,8100900
2021-02-19,42.139461517333984,49.5,49.70000076293945,49.41999816894531,49.4900016784668,7278800
2021-02-22,42.01176452636719,49.349998474121094,49.63999938964844,49.2599983215332,49.279998779296875,6601600
2021-02-23,42.0287971496582,49.369998931884766,49.5099983215332,48.77000045776367,49.22999954223633,17006500
2021-02-24,42.182037353515625,49.54999923706055,49.61000061035156,48.939998626708984,49.029998779296875,11151700
2021-02-25,41.46692657470703,48.709999084472656,49.779998779296875,48.619998931884766,49.689998626708984,11129200
2021-02-26,40.87102127075195,48.0099983215332,48.59000015258789,47.970001220703125,48.56999969482422,16625600
2021-03-01,41.6627311706543,48.939998626708984,49.0099983215332,48.61000061035156,48.630001068115234,10026300
2021-03-02,41.64570999145508,48.91999816894531,49.060001373291016,48.720001220703125,48.900001525878906,11181300
2021-03-03,41.390316009521484,48.619998931884766,48.9900016784668,48.560001373291016,48.79999923706055,12733000
2021-03-04,40.973175048828125,48.130001068115234,48.86000061035156,47.81999969482422,48.650001525878906,13340100
2021-03-05,41.30519485473633,48.52000045776367,48.56999969482422,47.75,48.47999954223633,12050700
2021-03-08,41.10087203979492,48.279998779296875,48.619998931884766,48.13999938964844,48.27000045776367,12981200
2021-03-09,41.62867736816406,48.900001525878906,49.060001373291016,48.7400016784668,48.84000015258789,10888700
2021-03-10,41.80745315551758,49.11000061035156,49.16999816894531,48.849998474121094,49.119998931884766,9633200
2021-03-11,42.113922119140625,49.470001220703125,49.54999923706055,49.220001220703125,49.31999969482422,7169600
2021-03-12,42.21607971191406,49.59000015258789,49.599998474121094,49.15999984741211,49.209999084472656,9072700
2021-03-15,42.3182373046875,49.709999084472656,49.720001220703125,49.27000045776367,49.560001373291016,7494600
2021-03-16,42.38634490966797,49.790000915527344,49.86000061035156,49.689998626708984,49.84000015258789,10017400
2021-03-17,42.607669830322266,50.04999923706055,50.13999938964844,49.52000045776367,49.58000183105469,8627500
2021-03-18,42.19905471801758,49.56999969482422,50.130001068115234,49.560001373291016,49.81999969482422,7024200
2021-03-19,42.343780517578125,49.7400016784668,49.84000015258789,49.33000183105469,49.61000061035156,7464000
2021-03-22,42.361732482910156,49.529998779296875,49.66999816894531,49.400001525878906,49.4900016784668,8220500
2021-03-23,41.72028732299805,48.779998779296875,49.209999084472656,48.720001220703125,49.150001525878906,10888000
2021-03-24,41.540679931640625,48.56999969482422,48.93000030517578,48.560001373291016,48.709999084472656,7748500
2021-03-25,41.805809020996094,48.880001068115234,48.91999816894531,48.36000061035156,48.529998779296875,9722100
2021-03-26,42.378849029541016,49.54999923706055,49.56999969482422,49.04999923706055,49.09000015258789,6866200
2021-03-29,42.173587799072266,49.310001373291016,49.38999938964844,49.060001373291016,49.209999084472656,7404800
2021-03-30,42.12226104736328,49.25,49.310001373291016,49.0099983215332,49.099998474121094,14968100
2021-03-31,42.002525329589844,49.11000061035156,49.349998474121094,49.099998474121094,49.130001068115234,8259500
2021-04-01,42.549888610839844,49.75,49.849998474121094,49.369998931884766,49.43000030517578,9224300
2021-04-05,43.19135665893555,50.5,50.529998779296875,50.06999969482422,50.15999984741211,9219800
2021-04-06,42.815032958984375,50.060001373291016,50.13999938964844,49.93000030517578,49.9900016784668,10604800
2021-04-07,42.89200973510742,50.150001525878906,50.209999084472656,50.0099983215332,50.08000183105469,5940200
2021-04-08,43.1400260925293,50.439998626708984,50.4900016784668,50.2599983215332,50.369998931884766,7075100
2021-04-09,43.24266815185547,50.560001373291016,50.56999969482422,50.36000061035156,50.380001068115234,6944600
2021-04-12,43.01175308227539,50.290000915527344,50.439998626708984,50.220001220703125,50.41999816894531,5710200
2021-04-13,43.30253601074219,50.630001068115234,50.63999938964844,50.380001068115234,50.43000030517578,5454000
2021-04-14,43.34530258178711,50.68000030517578,50.86000061035156,50.630001068115234,50.650001525878906,6699800
2021-04-15,43.678855895996094,51.06999969482422,51.09000015258789,50.93000030517578,50.97999954223633,5908900
2021-04-16,43.935447692871094,51.369998931884766,51.400001525878906,51.13999938964844,51.22999954223633,9082500
2021-04-19,43.807151794433594,51.220001220703125,51.459999084472656,51.11000061035156,51.40999984741211,15499900
2021-04-20,43.08016586303711,50.369998931884766,50.779998779296875,50.279998779296875,50.7400016784668,11657400
2021-04-21,43.47360610961914,50.83000183105469,50.86000061035156,50.209999084472656,50.25,11195800
2021-04-22,43.29398727416992,50.619998931884766,50.959999084472656,50.54999923706055,50.91999816894531,9660600
2021-04-23,43.7900505065918,51.20000076293945,51.290000915527344,50.84000015258789,50.86000061035156,16386300
2021-04-26,43.85845947265625,51.279998779296875,51.349998474121094,51.20000076293945,51.220001220703125,11905100
2021-04-27,43.72161865234375,51.119998931884766,51.16999816894531,50.9900016784668,51.06999969482422,12910100
2021-04-28,43.84135818481445,51.2599983215332,51.40999984741211,51.060001373291016,51.06999969482422,10869700
2021-04-29,43.884124755859375,51.310001373291016,51.47999954223633,50.97999954223633,51.45000076293945,7707500
2021-04-30,43.28542709350586,50.61000061035156,51.040000915527344,50.470001220703125,50.970001220703125,9882200
2021-05-03,43.73872756958008,51.13999938964844,51.20000076293945,50.900001525878906,51.0,7245300
2021-05-04,43.20846176147461,50.52000045776367,50.7599983215332,50.189998626708984,50.65999984741211,9581500
2021-05-05,43.72161865234375,51.119998931884766,51.20000076293945,50.970001220703125,50.970001220703125,4117800
2021-05-06,44.08083724975586,51.540000915527344,51.540000915527344,51.0,51.18000030517578,8396400
2021-05-07,44.59400177001953,52.13999938964844,52.15999984741211,51.59000015258789,51.619998931884766,7410100
2021-05-10,44.36307907104492,51.869998931884766,52.34000015258789,51.84000015258789,52.34000015258789,11723400
2021-05-11,43.83280563354492,51.25,51.369998931884766,50.900001525878906,50.97999954223633,8673600
2021-05-12,43.06306457519531,50.349998474121094,51.040000915527344,50.2400016784668,50.79999923706055,9505700
2021-05-13,43.3624153137207,50.70000076293945,50.79999923706055,50.349998474121094,50.349998474121094,8009700
2021-05-14,44.055179595947266,51.5099983215332,51.560001373291016,51.130001068115234,51.13999938964844,4776100
2021-05-17,43.986759185791016,51.43000030517578,51.439998626708984,51.15999984741211,51.220001220703125,7209900
2021-05-18,44.140708923339844,51.61000061035156,51.86000061035156,51.599998474121094,51.83000183105469,6291400
2021-05-19,43.747283935546875,51.150001525878906,51.380001068115234,50.72999954223633,50.970001220703125,9117900
2021-05-20,44.354522705078125,51.86000061035156,51.900001525878906,51.45000076293945,51.459999084472656,10651300
2021-05-21,44.34597396850586,51.849998474121094,51.97999954223633,51.65999984741211,51.970001220703125,6317300
2021-05-24,44.61964797973633,52.16999816894531,52.2400016784668,51.939998626708984,52.0,4771000
2021-05-25,44.61964797973633,52.16999816894531,52.36000061035156,52.08000183105469,52.33000183105469,7082300
2021-05-26,44.61964797973633,52.16999816894531,52.25,52.060001373291016,52.099998474121094,4419300
2021-05-27,44.7051887512207,52.27000045776367,52.36000061035156,52.150001525878906,52.25,7097800
2021-05-28,44.8334846496582,52.41999816894531,52.61000061035156,52.380001068115234,52.41999816894531,7663600
2021-06-01,45.072959899902344,52.70000076293945,52.93000030517578,52.63999938964844,52.91999816894531,8252800
2021-06-02,45.20124816894531,52.849998474121094,52.93000030517578,52.689998626708984,52.75,7365200
2021-06-03,44.96177291870117,52.56999969482422,52.63999938964844,52.40999984741211,52.58000183105469,6215600
2021-06-04,45.389408111572266,53.06999969482422,53.09000015258789,52.88999938964844,52.97999954223633,6039600
2021-06-07,45.49203109741211,53.189998626708984,53.209999084472656,53.04999923706055,53.150001525878906,10276700
2021-06-08,45.46638488769531,53.15999984741211,53.25,53.040000915527344,53.22999954223633,6909800
2021-06-09,45.28678512573242,52.95000076293945,53.13999938964844,52.93000030517578,53.119998931884766,5873300
2021-06-10,45.43217468261719,53.119998931884766,53.209999084472656,52.970001220703125,53.029998779296875,7050200
2021-06-11,45.509151458740234,53.209999084472656,53.22999954223633,53.029998779296875,53.189998626708984,4867400
2021-06-14,45.577571868896484,53.290000915527344,53.29999923706055,53.13999938964844,53.189998626708984,4623500
2021-06-15,45.58612823486328,53.29999923706055,53.34000015258789,53.189998626708984,53.29999923706055,7736600
2021-06-16,45.28678512573242,52.95000076293945,53.43000030517578,52.779998779296875,53.380001068115234,7192800
2021-06-17,44.953224182128906,52.560001373291016,52.75,52.33000183105469,52.630001068115234,6041500
2021-06-18,44.09794616699219,51.560001373291016,51.83000183105469,51.4900016784668,51.689998626708984,8868100
2021-06-21,44.70492935180664,51.849998474121094,51.88999938964844,51.31999969482422,51.40999984741211,6778700
2021-06-22,44.748043060302734,51.900001525878906,51.9900016784668,51.56999969482422,51.689998626708984,5644600
2021-06-23,44.506622314453125,51.619998931884766,51.90999984741211,51.54999923706055,51.849998474121094,6192300
2021-06-24,44.87736511230469,52.04999923706055,52.08000183105469,51.93000030517578,52.0099983215332,7565000
2021-06-25,45.02394485473633,52.220001220703125,52.220001220703125,52.08000183105469,52.209999084472656,5942400
2021-06-28,44.730796813964844,51.880001068115234,52.04999923706055,51.779998779296875,52.04999923706055,6246800
2021-06-29,44.72216796875,51.869998931884766,51.95000076293945,51.790000915527344,51.93000030517578,7136400
2021-06-30,44.42040252685547,51.52000045776367,51.63999938964844,51.33000183105469,51.470001220703125,9424200
2021-07-01,44.54973220825195,51.66999816894531,51.68000030517578,51.40999984741211,51.5,8125000
2021-07-02,44.71355438232422,51.86000061035156,51.869998931884766,51.54999923706055,51.720001220703125,7998700
2021-07-06,44.44626998901367,51.54999923706055,51.880001068115234,51.31999969482422,51.880001068115234,7103900
2021-07-07,44.60146713256836,51.72999954223633,51.83000183105469,51.470001220703125,51.720001220703125,8151000
2021-07-08,43.95481872558594,50.97999954223633,51.09000015258789,50.709999084472656,50.880001068115234,13796500
2021-07-09,44.71355438232422,51.86000061035156,51.880001068115234,51.459999084472656,51.52000045776367,7099500
2021-07-12,44.87736511230469,52.04999923706055,52.06999969482422,51.779998779296875,51.849998474121094,4810100
2021-07-13,44.627323150634766,51.7599983215332,51.97999954223633,51.720001220703125,51.88999938964844,5872700
2021-07-14,44.73942184448242,51.88999938964844,52.040000915527344,51.81999969482422,52.040000915527344,4406700
2021-07-15,44.377296447753906,51.470001220703125,51.599998474121094,51.279998779296875,51.470001220703125,7503400
2021-07-16,44.032413482666016,51.06999969482422,51.470001220703125,50.9900016784668,51.470001220703125,5953800
2021-07-19,43.170223236083984,50.06999969482422,50.279998779296875,49.810001373291016,50.2400016784668,13735600
2021-07-20,43.55820846557617,50.52000045776367,50.599998474121094,49.91999816894531,50.0,7918500
2021-07-21,44.18760299682617,51.25,51.27000045776367,50.77000045776367,50.790000915527344,12997700
2021-07-22,44.24797058105469,51.31999969482422,51.4900016784668,51.15999984741211,51.4900016784668,6642400
2021-07-23,44.51524353027344,51.630001068115234,51.70000076293945,51.4900016784668,51.61000061035156,5845200
2021-07-26,44.56698226928711,51.689998626708984,51.709999084472656,51.4900016784668,51.4900016784668,5525000
2021-07-27,44.40316390991211,51.5,51.5099983215332,51.25,51.47999954223633,7594500
2021-07-28,44.60146713256836,51.72999954223633,51.81999969482422,51.40999984741211,51.529998779296875,6511000
2021-07-29,44.93772506713867,52.119998931884766,52.220001220703125,52.099998474121094,52.13999938964844,8559800
2021-07-30,44.64456558227539,51.779998779296875,52.0099983215332,51.68000030517578,51.869998931884766,6454500
2021-08-02,44.8601188659668,52.029998779296875,52.290000915527344,51.959999084472656,52.20000076293945,8113600
2021-08-03,45.179134368896484,52.400001525878906,52.41999816894531,52.029998779296875,52.25,8327900
2021-08-04,45.04981231689453,52.25,52.540000915527344,52.25,52.45000076293945,3984800
2021-08-05,45.28260040283203,52.52000045776367,52.59000015258789,52.459999084472656,52.5099983215332,4226500
2021-08-06,45.10154342651367,52.310001373291016,52.439998626708984,52.2400016784668,52.400001525878906,4736400
2021-08-09,45.04981231689453,52.25,52.33000183105469,52.20000076293945,52.310001373291016,4695800
2021-08-10,45.144649505615234,52.36000061035156,52.36000061035156,52.209999084472656,52.2400016784668,5559200
2021-08-11,45.429168701171875,52.689998626708984,52.720001220703125,52.540000915527344,52.650001525878906,5065000
2021-08-12,45.325714111328125,52.56999969482422,52.599998474121094,52.41999816894531,52.56999969482422,5579600
2021-08-13,45.558502197265625,52.84000015258789,52.84000015258789,52.63999938964844,52.70000076293945,3832100
2021-08-16,45.29985427856445,52.540000915527344,52.54999923706055,52.2599983215332,52.43000030517578,8101300
2021-08-17,44.799774169921875,51.959999084472656,52.099998474121094,51.7400016784668,52.02000045776367,7431900
2021-08-18,44.687679290771484,51.83000183105469,52.20000076293945,51.810001373291016,51.9900016784668,5289100
2021-08-19,44.19623565673828,51.2599983215332,51.400001525878906,51.060001373291016,51.13999938964844,11441800
2021-08-20,44.342803955078125,51.43000030517578,51.459999084472656,51.0,51.04999923706055,5806100
2021-08-23,44.80839538574219,51.970001220703125,52.040000915527344,51.72999954223633,51.72999954223633,5915700
2021-08-24,45.02394485473633,52.220001220703125,52.279998779296875,52.02000045776367,52.06999969482422,4677000
2021-08-25,45.058433532714844,52.2599983215332,52.290000915527344,52.08000183105469,52.18000030517578,7273400
2021-08-26,44.77391052246094,51.93000030517578,52.130001068115234,51.849998474121094,52.06999969482422,4918700
2021-08-27,45.2394905090332,52.470001220703125,52.5,51.939998626708984,51.95000076293945,5045800
2021-08-30,45.23086929321289,52.459999084472656,52.52000045776367,52.380001068115234,52.45000076293945,5765000
2021-08-31,45.23086929321289,52.459999084472656,52.59000015258789,52.380001068115234,52.560001373291016,8926100
2021-09-01,45.627479553222656,52.91999816894531,53.060001373291016,52.810001373291016,52.849998474121094,6914500
2021-09-02,45.84303283691406,53.16999816894531,53.2400016784668,53.06999969482422,53.099998474121094,9103400
2021-09-03,46.06720733642578,53.43000030517578,53.4900016784668,53.189998626708984,53.2400016784668,11074000
2021-09-07,45.95511245727539,53.29999923706055,53.45000076293945,53.29999923706055,53.40999984741211,8765400
2021-09-08,45.61886215209961,52.90999984741211,53.18000030517578,52.79999923706055,53.099998474121094,6414000
2021-09-09,45.5671272277832,52.849998474121094,53.060001373291016,52.77000045776367,52.869998931884766,5085500
2021-09-10,45.43779373168945,52.70000076293945,53.2400016784668,52.689998626708984,53.20000076293945,6200600
2021-09-13,45.78268051147461,53.099998474121094,53.220001220703125,52.91999816894531,53.220001220703125,5902300
2021-09-14,45.58436584472656,52.869998931884766,53.279998779296875,52.83000183105469,53.2599983215332,6409500
2021-09-15,45.765438079833984,53.08000183105469,53.09000015258789,52.77000045776367,52.86000061035156,7809500
2021-09-16,45.63610076904297,52.93000030517578,52.95000076293945,52.650001525878906,52.790000915527344,7100200
2021-09-17,45.06705093383789,52.27000045776367,52.72999954223633,52.11000061035156,52.65999984741211,7350300
2021-09-20,44.210201263427734,51.08000183105469,51.20000076293945,50.63999938964844,50.93000030517578,16987500
2021-09-21,44.59102249145508,51.52000045776367,51.779998779296875,51.43000030517578,51.65999984741211,9486100
2021-09-22,44.83336639404297,51.79999923706055,52.209999084472656,51.75,51.77000045776367,8370300
2021-09-23,45.37863540649414,52.43000030517578,52.540000915527344,52.25,52.290000915527344,6789300
2021-09-24,44.963191986083984,51.95000076293945,52.04999923706055,51.849998474121094,51.900001525878906,4791000
2021-09-27,44.963191986083984,51.95000076293945,52.02000045776367,51.77000045776367,51.83000183105469,5785600
2021-09-28,43.967857360839844,50.79999923706055,51.189998626708984,50.63999938964844,51.15999984741211,11391900
2021-09-29,43.82937240600586,50.63999938964844,50.939998626708984,50.58000183105469,50.869998931884766,11145200
2021-09-30,43.699554443359375,50.4900016784668,50.84000015258789,50.369998931884766,50.72999954223633,10238600
2021-10-01,43.82937240600586,50.63999938964844,50.7599983215332,50.16999816894531,50.5,11817400
2021-10-04,43.42259216308594,50.16999816894531,50.560001373291016,49.939998626708984,50.5,12540200
2021-10-05,43.673587799072266,50.459999084472656,50.619998931884766,50.150001525878906,50.220001220703125,6756900
2021-10-06,43.35334396362305,50.09000015258789,50.099998474121094,49.45000076293945,49.619998931884766,12693500
2021-10-07,43.71685791015625,50.5099983215332,50.70000076293945,50.34000015258789,50.34000015258789,7009400
2021-10-08,43.72551727294922,50.52000045776367,50.66999816894531,50.41999816894531,50.619998931884766,5801100
2021-10-11,43.59568405151367,50.369998931884766,50.790000915527344,50.36000061035156,50.599998474121094,5570700
2021-10-12,43.57837677001953,50.349998474121094,50.540000915527344,50.27000045776367,50.38999938964844,6540300
2021-10-13,44.06306457519531,50.90999984741211,50.95000076293945,50.529998779296875,50.66999816894531,6880900
2021-10-14,44.53908920288086,51.459999084472656,51.5,51.29999923706055,51.38999938964844,5690800
2021-10-15,44.89394760131836,51.869998931884766,51.88999938964844,51.689998626708984,51.75,4982100
2021-10-18,44.729496002197266,51.68000030517578,51.720001220703125,51.439998626708984,51.52000045776367,7051200
2021-10-19,45.04109191894531,52.040000915527344,52.11000061035156,51.90999984741211,51.939998626708984,5152900
2021-10-20,45.1968879699707,52.220001220703125,52.27000045776367,52.02000045776367,52.08000183105469,5728700
2021-10-21,44.97184371948242,51.959999084472656,52.060001373291016,51.869998931884766,51.900001525878906,5191900
2021-10-22,45.179569244384766,52.20000076293945,52.349998474121094,51.9900016784668,52.15999984741211,6568100
2021-10-25,45.14494705200195,52.15999984741211,52.25,51.9900016784668,52.13999938964844,6111200
2021-10-26,45.23150634765625,52.2599983215332,52.4900016784668,52.18000030517578,52.470001220703125,5467100
2021-10-27,44.989158630371094,51.97999954223633,52.310001373291016,51.97999954223633,52.220001220703125,6153700
2021-10-28,45.44786834716797,52.5099983215332,52.540000915527344,52.20000076293945,52.22999954223633,5770000
2021-10-29,45.110328674316406,52.119998931884766,52.16999816894531,51.95000076293945,52.060001373291016,9654900
2021-11-01,45.53443145751953,52.61000061035156,52.63999938964844,52.33000183105469,52.400001525878906,8588800
2021-11-02,45.43056106567383,52.4900016784668,52.56999969482422,52.41999816894531,52.47999954223633,8353400
2021-11-03,45.74214553833008,52.849998474121094,52.88999938964844,52.310001373291016,52.40999984741211,7539300
2021-11-04,45.7075309753418,52.810001373291016,52.81999969482422,52.61000061035156,52.77000045776367,9112600
2021-11-05,45.802734375,52.91999816894531,52.93000030517578,52.720001220703125,52.81999969482422,7741600
2021-11-08,45.828697204589844,52.95000076293945,53.040000915527344,52.88999938964844,52.95000076293945,5451300
2021-11-09,45.7161750793457,52.81999969482422,53.0,52.650001525878906,52.970001220703125,7963000
2021-11-10,45.13629150390625,52.150001525878906,52.70000076293945,52.09000015258789,52.56999969482422,8018800
2021-11-11,45.292083740234375,52.33000183105469,52.45000076293945,52.290000915527344,52.40999984741211,5638800
2021-11-12,45.60365676879883,52.689998626708984,52.709999084472656,52.45000076293945,52.529998779296875,6222600
2021-11-15,45.5257682800293,52.599998474121094,52.83000183105469,52.560001373291016,52.79999923706055,9023800
2021-11-16,45.42190933227539,52.47999954223633,52.63999938964844,52.459999084472656,52.56999969482422,6965700
2021-11-17,45.30938720703125,52.349998474121094,52.40999984741211,52.2599983215332,52.36000061035156,8688300
2021-11-18,45.34401321411133,52.38999938964844,52.40999984741211,52.11000061035156,52.31999969482422,7590700
2021-11-19,44.9978141784668,51.9900016784668,52.18000030517578,51.93000030517578,52.099998474121094,9985200
2021-11-22,44.75547409057617,51.709999084472656,52.11000061035156,51.70000076293945,51.97999954223633,9573300
2021-11-23,44.67757034301758,51.619998931884766,51.779998779296875,51.369998931884766,51.56999969482422,10284600
2021-11-24,44.44389343261719,51.349998474121094,51.349998474121094,50.90999984741211,50.97999954223633,7906100
2021-11-26,43.232173919677734,49.95000076293945,50.380001068115234,49.77000045776367,50.33000183105469,11942100
2021-11-29,43.43989562988281,50.189998626708984,50.38999938964844,49.95000076293945,50.380001068115234,14177300
2021-11-30,43.01579666137695,49.70000076293945,50.189998626708984,49.279998779296875,50.040000915527344,31057400
2021-12-01,42.79076385498047,49.439998626708984,50.650001525878906,49.43000030517578,50.43000030517578,18127800
2021-12-02,43.38796615600586,50.130001068115234,50.2599983215332,49.72999954223633,49.77000045776367,21570800
2021-12-03,43.17158889770508,49.880001068115234,50.31999969482422,49.58000183105469,50.290000915527344,22553900
2021-12-06,43.587032318115234,50.36000061035156,50.45000076293945,50.0099983215332,50.20000076293945,14646200
2021-12-07,44.52178955078125,51.439998626708984,51.459999084472656,51.02000045776367,51.029998779296875,14200900
2021-12-08,44.58236312866211,51.5099983215332,51.54999923706055,51.31999969482422,51.45000076293945,14731500
2021-12-09,44.19289016723633,51.060001373291016,51.22999954223633,51.029998779296875,51.20000076293945,21544500
2021-12-10,44.253475189208984,51.130001068115234,51.209999084472656,50.959999084472656,51.15999984741211,13967300
2021-12-13,43.803409576416016,50.61000061035156,50.959999084472656,50.560001373291016,50.93000030517578,24679900
2021-12-14,43.57837677001953,50.349998474121094,50.61000061035156,50.150001525878906,50.40999984741211,15722000
2021-12-15,44.11499786376953,50.970001220703125,50.970001220703125,50.189998626708984,50.47999954223633,15986100
2021-12-16,44.12364959716797,50.97999954223633,51.29999923706055,50.849998474121094,51.2400016784668,22374700
2021-12-17,43.612998962402344,50.38999938964844,50.79999923706055,50.369998931884766,50.63999938964844,19758900
2021-12-20,43.40117645263672,49.380001068115234,49.439998626708984,49.11000061035156,49.29999923706055,22904100
2021-12-21,43.946109771728516,50.0,50.02000045776367,49.61000061035156,49.68000030517578,21469100
2021-12-22,44.39435958862305,50.5099983215332,50.52000045776367,49.939998626708984,49.9900016784668,15062100
2021-12-23,44.666831970214844,50.81999969482422,50.900001525878906,50.540000915527344,50.560001373291016,14463100
2021-12-27,45.00960159301758,51.209999084472656,51.209999084472656,50.84000015258789,50.880001068115234,12630800
2021-12-28,45.00960159301758,51.209999084472656,51.369998931884766,51.18000030517578,51.27000045776367,13668700
2021-12-29,45.000816345214844,51.20000076293945,51.27000045776367,51.09000015258789,51.18000030517578,11380800
2021-12-30,44.89534378051758,51.08000183105469,51.310001373291016,51.04999923706055,51.20000076293945,13691400
2021-12-31,44.87776184082031,51.060001373291016,51.290000915527344,51.0099983215332,51.08000183105469,15518400
2022-01-03,45.15023422241211,51.369998931884766,51.400001525878906,51.11000061035156,51.310001373291016,15874300
2022-01-04,45.31722640991211,51.560001373291016,51.7599983215332,51.459999084472656,51.63999938964844,15991500
2022-01-05,44.92170715332031,51.11000061035156,51.79999923706055,51.09000015258789,51.7400016784668,13855400
2022-01-06,44.67561340332031,50.83000183105469,51.06999969482422,50.470001220703125,50.90999984741211,17111300
2022-01-07,44.860191345214844,51.040000915527344,51.11000061035156,50.650001525878906,50.810001373291016,12525300
2022-01-10,44.44709396362305,50.56999969482422,50.59000015258789,50.099998474121094,50.47999954223633,20436400
2022-01-11,44.97445297241211,51.16999816894531,51.209999084472656,50.52000045776367,50.63999938964844,17097500
2022-01-12,45.45785903930664,51.720001220703125,51.77000045776367,51.5,51.529998779296875,17788600
2022-01-13,45.13265609741211,51.349998474121094,51.91999816894531,51.279998779296875,51.90999984741211,13837900
2022-01-14,45.02717971801758,51.22999954223633,51.349998474121094,50.91999816894531,51.099998474121094,15200500
2022-01-18,44.36799240112305,50.47999954223633,50.7599983215332,50.349998474121094,50.65999984741211,17386800
2022-01-19,44.359195709228516,50.470001220703125,50.86000061035156,50.43000030517578,50.7599983215332,14141500
2022-01-20,44.077945709228516,50.150001525878906,50.91999816894531,50.119998931884766,50.63999938964844,17594000
2022-01-21,43.47148895263672,49.459999084472656,50.06999969482422,49.439998626708984,50.060001373291016,26963600
2022-01-24,42.98808288574219,48.90999984741211,48.95000076293945,47.599998474121094,48.5099983215332,39855600
2022-01-25,42.75956726074219,48.650001525878906,48.970001220703125,47.939998626708984,48.33000183105469,30779500
2022-01-26,42.557403564453125,48.41999816894531,49.31999969482422,48.20000076293945,49.209999084472656,26780200
2022-01-27,42.27614974975586,48.099998474121094,48.709999084472656,47.970001220703125,48.52000045776367,24165900
2022-01-28,42.46951675415039,48.31999969482422,48.33000183105469,47.59000015258789,47.849998474121094,30790600
2022-01-31,43.14629364013672,49.09000015258789,49.150001525878906,48.36000061035156,48.36000061035156,19645900
2022-02-01,43.576961517333984,49.58000183105469,49.58000183105469,49.060001373291016,49.400001525878906,20287500
2022-02-02,43.92852783203125,49.97999954223633,50.040000915527344,49.720001220703125,49.9900016784668,15146400
2022-02-03,43.22539138793945,49.18000030517578,49.630001068115234,49.16999816894531,49.47999954223633,17215100
2022-02-04,43.33964920043945,49.310001373291016,49.540000915527344,48.970001220703125,49.099998474121094,15226400
2022-02-07,43.41875076293945,49.400001525878906,49.63999938964844,49.279998779296875,49.34000015258789,17679600
2022-02-08,43.629695892333984,49.63999938964844,49.709999084472656,49.25,49.349998474121094,11582900
2022-02-09,44.32404708862305,50.43000030517578,50.45000076293945,50.2400016784668,50.310001373291016,12497200
2022-02-10,43.80548095703125,49.84000015258789,50.540000915527344,49.72999954223633,49.77000045776367,19594700
2022-02-11,43.19902420043945,49.150001525878906,50.029998779296875,49.029998779296875,49.83000183105469,21576900
2022-02-14,42.94413375854492,48.86000061035156,49.029998779296875,48.540000915527344,48.9900016784668,22676500
2022-02-15,43.656063079833984,49.66999816894531,49.70000076293945,49.310001373291016,49.400001525878906,16078800
2022-02-16,43.840633392333984,49.880001068115234,49.9900016784668,49.4900016784668,49.540000915527344,16225300
2022-02-17,43.17265701293945,49.119998931884766,49.58000183105469,49.08000183105469,49.52000045776367,14998000
2022-02-18,42.94413375854492,48.86000061035156,49.22999954223633,48.72999954223633,49.130001068115234,21103000
2022-02-22,42.495887756347656,48.349998474121094,48.7400016784668,48.0,48.459999084472656,23406500
2022-02-23,42.10037612915039,47.900001525878906,48.790000915527344,47.81999969482422,48.779998779296875,22238900
2022-02-24,41.55543899536133,47.279998779296875,47.349998474121094,46.09000015258789,46.2400016784668,42537400
2022-02-25,42.60136032104492,48.470001220703125,48.5,47.650001525878906,47.75,25452200
2022-02-28,42.003692626953125,47.790000915527344,48.25,47.5,47.61000061035156,26278400
2022-03-01,41.1775016784668,46.849998474121094,47.7400016784668,46.56999969482422,47.58000183105469,26696700
2022-03-02,41.67848205566406,47.41999816894531,47.529998779296875,46.97999954223633,47.119998931884766,28569200
2022-03-03,41.01930236816406,46.66999816894531,47.31999969482422,46.5,47.31999969482422,23595500
2022-03-04,39.964603424072266,45.470001220703125,45.56999969482422,45.08000183105469,45.47999954223633,37019400
2022-03-07,38.78683853149414,44.130001068115234,45.2400016784668,43.939998626708984,45.22999954223633,46667200
2022-03-08,39.024147033691406,44.400001525878906,45.189998626708984,43.93000030517578,44.5,47835600
2022-03-09,40.51830291748047,46.099998474121094,46.349998474121094,45.38999938964844,45.689998626708984,36557900
2022-03-10,40.06126403808594,45.58000183105469,45.880001068115234,45.349998474121094,45.5099983215332,29302200
2022-03-11,39.6833381652832,45.150001525878906,46.060001373291016,45.130001068115234,46.0099983215332,33712300
2022-03-14,39.93821716308594,45.439998626708984,46.029998779296875,45.349998474121094,45.7400016784668,22373000
2022-03-15,40.28978729248047,45.84000015258789,45.90999984741211,45.38999938964844,45.59000015258789,29380000
2022-03-16,41.65211868286133,47.38999938964844,47.40999984741211,46.310001373291016,46.66999816894531,23392300
2022-03-17,42.03006362915039,47.81999969482422,47.88999938964844,47.16999816894531,47.22999954223633,20850500
2022-03-18,42.39041519165039,48.22999954223633,48.27000045776367,47.369998931884766,47.43000030517578,20866400
2022-03-21,42.16413879394531,47.88999938964844,48.130001068115234,47.65999984741211,47.970001220703125,23460700
2022-03-22,42.55153274536133,48.33000183105469,48.400001525878906,48.06999969482422,48.06999969482422,14341300
2022-03-23,42.014469146728516,47.720001220703125,48.029998779296875,47.709999084472656,47.84000015258789,17635500
2022-03-24,42.34903335571289,48.099998474121094,48.130001068115234,47.779998779296875,47.90999984741211,14647800
2022-03-25,42.410667419433594,48.16999816894531,48.20000076293945,47.81999969482422,48.060001373291016,21845800
2022-03-28,42.27859878540039,48.02000045776367,48.029998779296875,47.650001525878906,47.849998474121094,15933100
2022-03-29,43.1062126159668,48.959999084472656,49.060001373291016,48.560001373291016,48.97999954223633,18522100
2022-03-30,42.947731018066406,48.779998779296875,48.9900016784668,48.619998931884766,48.81999969482422,15181800
2022-03-31,42.28740310668945,48.029998779296875,48.66999816894531,48.0,48.470001220703125,16292800
2022-04-01,42.657188415527344,48.45000076293945,48.45000076293945,48.099998474121094,48.33000183105469,14885300
2022-04-04,42.842079162597656,48.65999984741211,48.70000076293945,48.36000061035156,48.41999816894531,13711700
2022-04-05,42.331424713134766,48.08000183105469,48.630001068115234,47.91999816894531,48.45000076293945,14409500
2022-04-06,41.78554916381836,47.459999084472656,47.709999084472656,47.209999084472656,47.5099983215332,16650900
2022-04-07,41.82957077026367,47.5099983215332,47.65999984741211,47.099998474121094,47.47999954223633,24601700
2022-04-08,41.820770263671875,47.5,47.68000030517578,47.2599983215332,47.34000015258789,18270700
2022-04-11,41.38054275512695,47.0,47.400001525878906,46.970001220703125,47.310001373291016,16789600
2022-04-12,41.10761642456055,46.689998626708984,47.22999954223633,46.599998474121094,47.13999938964844,17089800
2022-04-13,41.59186553955078,47.2400016784668,47.27000045776367,46.7400016784668,46.7599983215332,16348900
2022-04-14,41.38935852050781,47.0099983215332,47.369998931884766,46.970001220703125,47.279998779296875,14869800
2022-04-18,41.2132682800293,46.810001373291016,47.11000061035156,46.720001220703125,46.79999923706055,17165800
2022-04-19,41.398162841796875,47.02000045776367,47.029998779296875,46.54999923706055,46.59000015258789,16475900
2022-04-20,41.70632553100586,47.369998931884766,47.5,47.209999084472656,47.369998931884766,17473500
2022-04-21,41.2132682800293,46.810001373291016,47.84000015258789,46.720001220703125,47.77000045776367,17545200
2022-04-22,40.45608901977539,45.95000076293945,46.66999816894531,45.91999816894531,46.65999984741211,21819900
2022-04-25,40.21837615966797,45.68000030517578,45.75,45.04999923706055,45.439998626708984,30691900
2022-04-26,39.12663650512695,44.439998626708984,45.34000015258789,44.43000030517578,45.290000915527344,29718900
2022-04-27,39.30271530151367,44.63999938964844,44.93000030517578,44.349998474121094,44.59000015258789,23657100
2022-04-28,39.919029235839844,45.34000015258789,45.41999816894531,44.560001373291016,44.90999984741211,19231400
2022-04-29,39.417179107666016,44.77000045776367,45.7400016784668,44.720001220703125,45.470001220703125,20646400
2022-05-02,39.28510665893555,44.619998931884766,44.84000015258789,44.11000061035156,44.58000183105469,37477200
2022-05-03,39.60207748413086,44.97999954223633,45.130001068115234,44.779998779296875,44.880001068115234,31942100
2022-05-04,40.280006408691406,45.75,45.849998474121094,44.4900016784668,44.9900016784668,28158800
2022-05-05,38.994564056396484,44.290000915527344,45.15999984741211,43.93000030517578,45.150001525878906,28388900
2022-05-06,38.64238739013672,43.88999938964844,44.13999938964844,43.599998474121094,43.9900016784668,31821800
2022-05-09,37.44499969482422,42.529998779296875,43.150001525878906,42.41999816894531,43.130001068115234,30821800
2022-05-10,37.6298942565918,42.7400016784668,43.27000045776367,42.43000030517578,43.20000076293945,31894600
2022-05-11,37.43619155883789,42.52000045776367,43.45000076293945,42.47999954223633,42.86000061035156,36278700
2022-05-12,37.29533004760742,42.36000061035156,42.7400016784668,41.97999954223633,42.209999084472656,27679000
2022-05-13,38.343040466308594,43.54999923706055,43.59000015258789,42.97999954223633,43.0099983215332,22443000
2022-05-16,38.395877838134766,43.61000061035156,43.81999969482422,43.22999954223633,43.36000061035156,14542900
2022-05-17,39.135440826416016,44.45000076293945,44.45000076293945,44.08000183105469,44.310001373291016,13134000
2022-05-18,38.20217514038086,43.38999938964844,44.130001068115234,43.29999923706055,44.04999923706055,18732400
2022-05-19,38.598365783691406,43.84000015258789,44.11000061035156,43.34000015258789,43.349998474121094,18538100
2022-05-20,38.818477630615234,44.09000015258789,44.369998931884766,43.529998779296875,44.33000183105469,15988900
2022-05-23,39.48760986328125,44.849998474121094,44.939998626708984,44.459999084472656,44.58000183105469,19729700
2022-05-24,39.346736907958984,44.689998626708984,44.79999923706055,44.349998474121094,44.619998931884766,14828700
2022-05-25,39.32913589477539,44.66999816894531,44.880001068115234,44.349998474121094,44.36000061035156,15217300
2022-05-26,39.76055145263672,45.15999984741211,45.2599983215332,44.720001220703125,44.75,14358900
2022-05-27,40.25359344482422,45.720001220703125,45.72999954223633,45.439998626708984,45.4900016784668,11412600
2022-05-31,40.068702697753906,45.5099983215332,45.810001373291016,45.41999816894531,45.68000030517578,19971500
2022-06-01,39.70771408081055,45.099998474121094,45.84000015258789,44.95000076293945,45.7599983215332,14072700
2022-06-02,40.544132232666016,46.04999923706055,46.04999923706055,45.290000915527344,45.439998626708984,15791200
2022-06-03,39.919029235839844,45.34000015258789,45.560001373291016,45.22999954223633,45.45000076293945,9930300
2022-06-06,40.068702697753906,45.5099983215332,45.93000030517578,45.40999984741211,45.86000061035156,12516000
2022-06-07,40.16554641723633,45.619998931884766,45.65999984741211,45.029998779296875,45.08000183105469,11364000
2022-06-08,39.66370391845703,45.04999923706055,45.38999938964844,44.9900016784668,45.22999954223633,10542400
2022-06-09,38.836082458496094,44.11000061035156,44.91999816894531,44.11000061035156,44.81999969482422,19332800
2022-06-10,37.93804168701172,43.09000015258789,43.400001525878906,42.95000076293945,43.349998474121094,23876000
2022-06-13,36.643795013427734,41.619998931884766,42.15999984741211,41.52000045776367,41.97999954223633,29997600
2022-06-14,36.309234619140625,41.2400016784668,41.75,40.90999984741211,41.599998474121094,28145600
2022-06-15,36.95195770263672,41.970001220703125,42.20000076293945,41.119998931884766,41.63999938964844,19690800
2022-06-16,36.062705993652344,40.959999084472656,41.27000045776367,40.72999954223633,40.959999084472656,24268300
2022-06-17,35.939449310302734,40.81999969482422,41.150001525878906,40.560001373291016,40.97999954223633,24727400
2022-06-21,36.49250411987305,40.90999984741211,41.11000061035156,40.849998474121094,40.93000030517578,17640600
2022-06-22,36.15352249145508,40.529998779296875,40.869998931884766,40.27000045776367,40.380001068115234,18550400
2022-06-23,36.01973342895508,40.380001068115234,40.52000045776367,40.0099983215332,40.43000030517578,23782200
2022-06-24,37.09016036987305,41.58000183105469,41.599998474121094,40.900001525878906,40.939998626708984,18522800
2022-06-27,37.01879119873047,41.5,41.75,41.38999938964844,41.54999923706055,22587600
2022-06-28,36.822547912597656,41.279998779296875,42.0099983215332,41.25,41.81999969482422,16572100
2022-06-29,36.59954833984375,41.029998779296875,41.33000183105469,41.0,41.220001220703125,15456000
2022-06-30,36.39438247680664,40.79999923706055,40.869998931884766,40.15999984741211,40.310001373291016,18882600
2022-07-01,36.47465896606445,40.88999938964844,40.88999938964844,40.13999938964844,40.279998779296875,17836500
2022-07-05,35.68968963623047,40.0099983215332,40.0099983215332,39.41999816894531,39.65999984741211,23089900
2022-07-06,35.68968963623047,40.0099983215332,40.11000061035156,39.66999816894531,39.959999084472656,18464700
2022-07-07,36.269493103027344,40.65999984741211,40.689998626708984,40.36000061035156,40.36000061035156,16530900
2022-07-08,36.358699798583984,40.7599983215332,40.88999938964844,40.41999816894531,40.58000183105469,14027500
2022-07-11,35.75212478637695,40.08000183105469,40.33000183105469,40.040000915527344,40.2599983215332,17740500
2022-07-12,35.71644592285156,40.040000915527344,40.34000015258789,39.93000030517578,40.0099983215332,15331700
2022-07-13,35.67184829711914,39.9900016784668,40.18000030517578,39.4900016784668,39.529998779296875,18153200
2022-07-14,35.14554977416992,39.400001525878906,39.45000076293945,38.81999969482422,39.15999984741211,32470600
2022-07-15,35.68076705932617,40.0,40.02000045776367,39.52000045776367,39.66999816894531,27153200
2022-07-18,35.90376663208008,40.25,40.720001220703125,40.189998626708984,40.560001373291016,21591100
2022-07-19,36.83147430419922,41.290000915527344,41.31999969482422,40.90999984741211,40.95000076293945,17778000
2022-07-20,36.6530647277832,41.09000015258789,41.310001373291016,40.88999938964844,41.18000030517578,17571900
2022-07-21,37.063392639160156,41.54999923706055,41.56999969482422,40.97999954223633,41.040000915527344,14812500
2022-07-22,36.93851089477539,41.40999984741211,41.93000030517578,41.25,41.68000030517578,12127700
2022-07-25,37.24180603027344,41.75,41.79999923706055,41.529998779296875,41.7400016784668,14863100
2022-07-26,36.73335266113281,41.18000030517578,41.5,41.18000030517578,41.380001068115234,12278900
2022-07-27,37.57183837890625,42.119998931884766,42.189998626708984,41.45000076293945,41.58000183105469,13570900
2022-07-28,37.81269454956055,42.38999938964844,42.459999084472656,41.849998474121094,42.099998474121094,14879600
2022-07-29,38.32114028930664,42.959999084472656,42.97999954223633,42.349998474121094,42.40999984741211,11109300
2022-08-01,38.32114028930664,42.959999084472656,43.15999984741211,42.77000045776367,42.93000030517578,13528600
2022-08-02,37.72348403930664,42.290000915527344,42.7599983215332,42.290000915527344,42.630001068115234,11511500
2022-08-03,37.99109649658203,42.59000015258789,42.65999984741211,42.2599983215332,42.4900016784668,7989700
2022-08-04,38.17842102050781,42.79999923706055,42.86000061035156,42.61000061035156,42.65999984741211,10103600
2022-08-05,37.910804748535156,42.5,42.54999923706055,42.20000076293945,42.22999954223633,13178000
2022-08-08,38.02678298950195,42.630001068115234,43.0,42.560001373291016,42.81999969482422,20765600
2022-08-09,37.79485321044922,42.369998931884766,42.66999816894531,42.310001373291016,42.619998931884766,13738900
2022-08-10,38.69579315185547,43.380001068115234,43.5099983215332,43.11000061035156,43.279998779296875,11472300
2022-08-11,38.69579315185547,43.380001068115234,43.7400016784668,43.310001373291016,43.61000061035156,12981800
2022-08-12,39.01692199707031,43.7400016784668,43.7400016784668,43.33000183105469,43.43000030517578,7878100
2022-08-15,38.740394592285156,43.43000030517578,43.47999954223633,43.25,43.31999969482422,12669200
2022-08-16,38.77607345581055,43.470001220703125,43.540000915527344,43.20000076293945,43.209999084472656,9898700
2022-08-17,38.446022033691406,43.099998474121094,43.33000183105469,42.86000061035156,43.0099983215332,17144600
2022-08-18,38.32114028930664,42.959999084472656,43.08000183105469,42.81999969482422,43.040000915527344,14228700
2022-08-19,37.750247955322266,42.31999969482422,42.56999969482422,42.2400016784668,42.54999923706055,10859400
2022-08-22,37.1436767578125,41.63999938964844,41.93000030517578,41.540000915527344,41.869998931884766,12118700
2022-08-23,37.21503448486328,41.720001220703125,42.02000045776367,41.52000045776367,41.56999969482422,13577100
2022-08-24,37.25963592529297,41.77000045776367,41.90999984741211,41.5099983215332,41.56999969482422,10950700
2022-08-25,37.696720123291016,42.2599983215332,42.2599983215332,41.81999969482422,41.90999984741211,9667100
2022-08-26,36.69766616821289,41.13999938964844,42.31999969482422,41.11000061035156,42.25,12140600
2022-08-29,36.60846710205078,41.040000915527344,41.220001220703125,40.90999984741211,40.970001220703125,15570300
2022-08-30,36.305179595947266,40.70000076293945,41.369998931884766,40.61000061035156,41.29999923706055,24526700
2022-08-31,36.09109878540039,40.459999084472656,40.880001068115234,40.45000076293945,40.75,17199100
2022-09-01,35.609397888183594,39.91999816894531,39.95000076293945,39.4900016784668,39.90999984741211,29945900
2022-09-02,35.38639831542969,39.66999816894531,40.5099983215332,39.540000915527344,40.20000076293945,18682000
2022-09-06,35.23475646972656,39.5,39.86000061035156,39.380001068115234,39.779998779296875,22467800
2022-09-07,35.53803634643555,39.84000015258789,39.849998474121094,39.15999984741211,39.15999984741211,19051900
2022-09-08,35.591556549072266,39.900001525878906,39.93000030517578,39.349998474121094,39.43000030517578,15072500
2022-09-09,36.510337829589844,40.93000030517578,40.95000076293945,40.4900016784668,40.63999938964844,12474400
2022-09-12,36.97420120239258,41.45000076293945,41.630001068115234,41.34000015258789,41.400001525878906,15353900
2022-09-13,35.707523345947266,40.029998779296875,40.900001525878906,39.9900016784668,40.68000030517578,14117200
2022-09-14,35.86808776855469,40.209999084472656,40.369998931884766,39.970001220703125,40.189998626708984,12421200
2022-09-15,35.520198822021484,39.81999969482422,40.2400016784668,39.72999954223633,39.869998931884766,20644000
2022-09-16,35.28828048706055,39.560001373291016,39.709999084472656,39.349998474121094,39.45000076293945,18248300
2022-09-19,35.42249298095703,39.59000015258789,39.630001068115234,38.869998931884766,39.0099983215332,18253800
2022-09-20,34.83196258544922,38.93000030517578,39.11000061035156,38.68000030517578,39.06999969482422,22548200
2022-09-21,34.38459777832031,38.43000030517578,39.22999954223633,38.40999984741211,38.93000030517578,18719200
2022-09-22,34.223548889160156,38.25,38.61000061035156,38.099998474121094,38.560001373291016,28673100
2022-09-23,33.105133056640625,37.0,37.439998626708984,36.720001220703125,37.439998626708984,31810500
2022-09-26,32.57723617553711,36.40999984741211,36.95000076293945,36.22999954223633,36.65999984741211,32371100
2022-09-27,32.38039779663086,36.189998626708984,36.779998779296875,35.970001220703125,36.58000183105469,31473800
2022-09-28,33.105133056640625,37.0,37.119998931884766,36.0099983215332,36.150001525878906,28402900
2022-09-29,32.69355010986328,36.540000915527344,36.54999923706055,36.0099983215332,36.439998626708984,27942200
2022-09-30,32.53249740600586,36.36000061035156,36.86000061035156,36.31999969482422,36.400001525878906,28723800
2022-10-03,33.257232666015625,37.16999816894531,37.33000183105469,36.630001068115234,36.77000045776367,45906400
2022-10-04,34.5814323425293,38.650001525878906,38.689998626708984,38.09000015258789,38.13999938964844,23839400
2022-10-05,34.16986083984375,38.189998626708984,38.400001525878906,37.7400016784668,38.0099983215332,18149600
2022-10-06,33.597232818603516,37.54999923706055,38.0,37.5099983215332,37.79999923706055,22262300
2022-10-07,33.069339752197266,36.959999084472656,37.43000030517578,36.79999923706055,37.36000061035156,20593100
2022-10-10,32.84565353393555,36.709999084472656,36.95000076293945,36.5,36.900001525878906,24846100
2022-10-11,32.46091842651367,36.279998779296875,36.88999938964844,36.189998626708984,36.470001220703125,29437000
2022-10-12,32.38039779663086,36.189998626708984,36.400001525878906,36.08000183105469,36.22999954223633,21121500
2022-10-13,33.05144119262695,36.939998626708984,37.09000015258789,35.41999816894531,35.52000045776367,29001700
2022-10-14,32.487754821777344,36.310001373291016,37.25,36.290000915527344,37.13999938964844,24741200
2022-10-17,33.34670639038086,37.27000045776367,37.439998626708984,37.16999816894531,37.20000076293945,24153900
2022-10-18,33.57038497924805,37.52000045776367,37.86000061035156,37.22999954223633,37.810001373291016,17318100
2022-10-19,33.18564987182617,37.09000015258789,37.33000183105469,36.83000183105469,37.130001068115234,23946100
2022-10-20,33.0961799621582,36.9900016784668,37.56999969482422,36.88999938964844,37.13999938964844,16865200
2022-10-21,33.71354675292969,37.68000030517578,37.709999084472656,36.54999923706055,36.68000030517578,23168300
2022-10-24,33.65986251831055,37.619998931884766,37.779998779296875,37.29999923706055,37.52000045776367,27063800
2022-10-25,34.41143798828125,38.459999084472656,38.4900016784668,37.869998931884766,37.88999938964844,14526600
2022-10-26,34.760379791259766,38.849998474121094,39.150001525878906,38.47999954223633,38.47999954223633,14273100
2022-10-27,34.527748107910156,38.59000015258789,39.099998474121094,38.560001373291016,38.7599983215332,18451300
2022-10-28,34.79616928100586,38.88999938964844,38.900001525878906,38.38999938964844,38.45000076293945,20741600
2022-10-31,34.50986099243164,38.56999969482422,38.650001525878906,38.439998626708984,38.52000045776367,28799200
2022-11-01,34.805118560791016,38.900001525878906,39.38999938964844,38.72999954223633,39.38999938964844,19183000
2022-11-02,34.277225494384766,38.310001373291016,39.45000076293945,38.29999923706055,38.959999084472656,23466200
2022-11-03,33.999847412109375,38.0,38.189998626708984,37.7599983215332,37.77000045776367,26424500
2022-11-04,35.2972297668457,39.45000076293945,39.529998779296875,38.880001068115234,39.150001525878906,21966700
2022-11-07,35.44932556152344,39.619998931884766,39.779998779296875,39.459999084472656,39.63999938964844,25080700
2022-11-08,35.8787956237793,40.099998474121094,40.36000061035156,39.810001373291016,39.88999938964844,20492000
2022-11-09,35.37775421142578,39.540000915527344,40.130001068115234,39.529998779296875,39.86000061035156,16061000
2022-11-10,37.34615707397461,41.7400016784668,41.7400016784668,40.93000030517578,41.06999969482422,19421500
2022-11-11,38.04405212402344,42.52000045776367,42.619998931884766,41.97999954223633,42.150001525878906,15765300
2022-11-14,37.60563659667969,42.029998779296875,42.400001525878906,42.02000045776367,42.150001525878906,20750500
2022-11-15,37.8382682800293,42.290000915527344,42.779998779296875,41.93000030517578,42.66999816894531,17109500
2022-11-16,37.695106506347656,42.130001068115234,42.36000061035156,42.02000045776367,42.27000045776367,17159400
2022-11-17,37.65037536621094,42.08000183105469,42.11000061035156,41.540000915527344,41.61000061035156,16831200
2022-11-18,37.7130012512207,42.150001525878906,42.279998779296875,42.0099983215332,42.27000045776367,12737900
2022-11-21,37.40879440307617,41.810001373291016,41.880001068115234,41.61000061035156,41.7599983215332,14394300
2022-11-22,37.96352767944336,42.43000030517578,42.439998626708984,42.040000915527344,42.099998474121094,12701700
2022-11-23,38.40194320678711,42.91999816894531,42.95000076293945,42.47999954223633,42.47999954223633,9269900
2022-11-25,38.56300354003906,43.099998474121094,43.189998626708984,42.939998626708984,42.959999084472656,6450600
2022-11-28,38.026161193847656,42.5,43.029998779296875,42.45000076293945,42.81999969482422,13708700
2022-11-29,38.12458419799805,42.61000061035156,42.849998474121094,42.5099983215332,42.59000015258789,11598200
2022-11-30,38.840362548828125,43.40999984741211,43.54999923706055,42.529998779296875,42.970001220703125,15610500
2022-12-01,39.17142105102539,43.779998779296875,43.97999954223633,43.560001373291016,43.88999938964844,14977000
2022-12-02,39.13563537597656,43.7400016784668,43.869998931884766,43.33000183105469,43.369998931884766,16482500
2022-12-05,38.545108795166016,43.08000183105469,43.68000030517578,42.970001220703125,43.59000015258789,13694300
2022-12-06,38.2856330871582,42.790000915527344,43.220001220703125,42.63999938964844,43.119998931884766,11702200
2022-12-07,38.2856330871582,42.790000915527344,42.9900016784668,42.650001525878906,42.79999923706055,16632000
2022-12-08,38.5003662109375,43.029998779296875,43.06999969482422,42.720001220703125,42.83000183105469,13719300
2022-12-09,38.52721405029297,43.060001373291016,43.380001068115234,43.02000045776367,43.11000061035156,14430200
2022-12-12,38.62562561035156,43.16999816894531,43.16999816894531,42.88999938964844,43.029998779296875,13482000
2022-12-13,39.126686096191406,43.72999954223633,44.38999938964844,43.599998474121094,44.29999923706055,15123500
2022-12-14,39.10877990722656,43.709999084472656,44.08000183105469,43.38999938964844,43.779998779296875,18377500
2022-12-15,38.08879089355469,42.56999969482422,43.189998626708984,42.41999816894531,43.11000061035156,13943700
2022-12-16,37.79352951049805,42.2400016784668,42.470001220703125,42.060001373291016,42.2400016784668,14511200
2022-12-19,37.712059020996094,41.65999984741211,41.970001220703125,41.540000915527344,41.90999984741211,17846500
2022-12-20,37.893104553222656,41.86000061035156,42.040000915527344,41.689998626708984,41.75,15525100
2022-12-21,38.27329635620117,42.279998779296875,42.380001068115234,42.040000915527344,42.09000015258789,14202600
2022-12-22,37.93836975097656,41.90999984741211,42.130001068115234,41.540000915527344,42.119998931884766,17651300
2022-12-23,38.12846755981445,42.119998931884766,42.15999984741211,41.779998779296875,41.880001068115234,10668100
2022-12-27,38.20088577270508,42.20000076293945,42.36000061035156,42.060001373291016,42.099998474121094,14392000
2022-12-28,37.76637268066406,41.720001220703125,42.38999938964844,41.720001220703125,42.279998779296875,14592500
2022-12-29,38.36383056640625,42.380001068115234,42.47999954223633,42.119998931884766,42.150001525878906,13008000
2022-12-30,37.99268341064453,41.970001220703125,42.310001373291016,41.90999984741211,42.13999938964844,15892900
2023-01-03,38.20088577270508,42.20000076293945,42.63999938964844,42.029998779296875,42.400001525878906,11990000
2023-01-04,38.771183013916016,42.83000183105469,42.95000076293945,42.529998779296875,42.849998474121094,13229500
2023-01-05,38.336673736572266,42.349998474121094,42.529998779296875,42.27000045776367,42.41999816894531,9324500
2023-01-06,39.395782470703125,43.52000045776367,43.54999923706055,42.45000076293945,42.65999984741211,10441400
2023-01-09,39.567787170410156,43.709999084472656,44.13999938964844,43.709999084472656,43.88999938964844,12426200
2023-01-10,39.6673583984375,43.81999969482422,43.83000183105469,43.540000915527344,43.689998626708984,11492000
2023-01-11,39.966094970703125,44.150001525878906,44.15999984741211,43.880001068115234,44.04999923706055,14000500
2023-01-12,40.545440673828125,44.790000915527344,44.86000061035156,44.040000915527344,44.529998779296875,12836700
2023-01-13,40.75364685058594,45.02000045776367,45.04999923706055,44.560001373291016,44.61000061035156,9144300
2023-01-17,40.8713264465332,45.150001525878906,45.349998474121094,45.04999923706055,45.13999938964844,12862000
2023-01-18,40.69028091430664,44.95000076293945,45.72999954223633,44.939998626708984,45.66999816894531,13196900
2023-01-19,40.645015716552734,44.900001525878906,45.02000045776367,44.65999984741211,44.869998931884766,13017200
2023-01-20,41.06142044067383,45.36000061035156,45.36000061035156,44.79999923706055,44.880001068115234,19859800
2023-01-23,41.23341369628906,45.54999923706055,45.599998474121094,45.15999984741211,45.20000076293945,14611000
2023-01-24,41.224369049072266,45.540000915527344,45.61000061035156,45.16999816894531,45.29999923706055,8094300
2023-01-25,41.43256759643555,45.77000045776367,45.79999923706055,45.290000915527344,45.380001068115234,9955200
2023-01-26,41.55929946899414,45.90999984741211,45.93000030517578,45.5099983215332,45.86000061035156,15609000
2023-01-27,41.51404571533203,45.86000061035156,45.959999084472656,45.61000061035156,45.650001525878906,11993400
2023-01-30,41.17005157470703,45.47999954223633,45.83000183105469,45.47999954223633,45.63999938964844,13995000
2023-01-31,41.42350769042969,45.7599983215332,45.77000045776367,45.2599983215332,45.36000061035156,14919700
2023-02-01,41.79467010498047,46.16999816894531,46.349998474121094,45.38999938964844,45.75,13761800
2023-02-02,41.78561019897461,46.15999984741211,46.369998931884766,45.869998931884766,46.31999969482422,10567100
2023-02-03,41.31489181518555,45.63999938964844,46.029998779296875,45.560001373291016,45.66999816894531,13632600
2023-02-06,40.8713264465332,45.150001525878906,45.290000915527344,44.93000030517578,45.20000076293945,8634900
2023-02-07,41.25151824951172,45.56999969482422,45.650001525878906,44.880001068115234,44.97999954223633,11438000
2023-02-08,41.007102966308594,45.29999923706055,45.59000015258789,45.220001220703125,45.529998779296875,9659000
2023-02-09,41.04331588745117,45.34000015258789,45.970001220703125,45.25,45.95000076293945,9026200
2023-02-10,40.92563247680664,45.209999084472656,45.2599983215332,45.0,45.209999084472656,7798500
2023-02-13,41.2786750793457,45.599998474121094,45.599998474121094,45.16999816894531,45.22999954223633,6772900
2023-02-14,41.31489181518555,45.63999938964844,45.880001068115234,45.25,45.36000061035156,10336600
2023-02-15,41.106685638427734,45.40999984741211,45.40999984741211,45.02000045776367,45.040000915527344,10172200
2023-02-16,40.91658401489258,45.20000076293945,45.47999954223633,44.97999954223633,45.040000915527344,8804700
2023-02-17,40.97994613647461,45.27000045776367,45.310001373291016,44.869998931884766,44.970001220703125,6358700
2023-02-21,40.46397018432617,44.70000076293945,45.06999969482422,44.68000030517578,44.959999084472656,8322800
2023-02-22,40.22861099243164,44.439998626708984,44.709999084472656,44.349998474121094,44.630001068115234,8127400
2023-02-23,40.46397018432617,44.70000076293945,44.790000915527344,44.310001373291016,44.689998626708984,9051200
2023-02-24,39.83030319213867,44.0,44.099998474121094,43.810001373291016,43.970001220703125,9836900
2023-02-27,40.273868560791016,44.4900016784668,44.619998931884766,44.349998474121094,44.470001220703125,8274000
2023-02-28,39.984195709228516,44.16999816894531,44.459999084472656,44.16999816894531,44.36000061035156,8185300
2023-03-01,40.237667083740234,44.45000076293945,44.63999938964844,44.279998779296875,44.560001373291016,11018400
2023-03-02,40.301025390625,44.52000045776367,44.560001373291016,44.119998931884766,44.150001525878906,11802200
2023-03-03,40.889427185058594,45.16999816894531,45.20000076293945,44.650001525878906,44.75,8819600
2023-03-06,40.789852142333984,45.060001373291016,45.22999954223633,44.9900016784668,45.08000183105469,8510200
2023-03-07,40.04756546020508,44.2400016784668,44.97999954223633,44.18000030517578,44.95000076293945,9698400
2023-03-08,40.255760192871094,44.470001220703125,44.619998931884766,44.279998779296875,44.380001068115234,9292500
2023-03-09,39.85745620727539,44.029998779296875,44.66999816894531,44.0,44.529998779296875,8120200
2023-03-10,39.46821594238281,43.599998474121094,44.209999084472656,43.56999969482422,44.099998474121094,13449600
2023-03-13,39.24190139770508,43.349998474121094,43.720001220703125,43.09000015258789,43.189998626708984,16105800
2023-03-14,39.70357894897461,43.86000061035156,43.900001525878906,43.529998779296875,43.720001220703125,10302700
2023-03-15,38.5177116394043,42.54999923706055,42.619998931884766,42.02000045776367,42.31999969482422,19880800
2023-03-16,39.115169525146484,43.209999084472656,43.209999084472656,42.31999969482422,42.380001068115234,17464100
2023-03-17,38.66255187988281,42.709999084472656,42.95000076293945,42.54999923706055,42.880001068115234,9922500
2023-03-20,39.25316619873047,43.20000076293945,43.310001373291016,42.90999984741211,42.97999954223633,8755300
2023-03-21,39.76200485229492,43.7599983215332,43.83000183105469,43.5099983215332,43.75,6731100
2023-03-22,39.60753631591797,43.59000015258789,44.36000061035156,43.56999969482422,43.81999969482422,8479300
2023-03-23,39.634796142578125,43.619998931884766,44.27000045776367,43.43000030517578,44.0099983215332,11507200
2023-03-24,39.498504638671875,43.470001220703125,43.5,43.060001373291016,43.29999923706055,10299900
2023-03-27,39.843780517578125,43.849998474121094,43.900001525878906,43.61000061035156,43.72999954223633,24343300
2023-03-28,39.89830780029297,43.90999984741211,44.0,43.790000915527344,43.83000183105469,7671400
2023-03-29,40.35261535644531,44.40999984741211,44.439998626708984,44.25,44.31999969482422,10685100
2023-03-30,40.85237121582031,44.959999084472656,44.97999954223633,44.81999969482422,44.93000030517578,7170900
2023-03-31,41.043182373046875,45.16999816894531,45.2400016784668,45.02000045776367,45.040000915527344,9553300
2023-04-03,41.37938690185547,45.540000915527344,45.54999923706055,45.220001220703125,45.2599983215332,9184100
2023-04-04,41.37029266357422,45.529998779296875,45.689998626708984,45.380001068115234,45.540000915527344,7943900
2023-04-05,41.052268981933594,45.18000030517578,45.380001068115234,45.02000045776367,45.279998779296875,7993800
2023-04-06,41.18857192993164,45.33000183105469,45.439998626708984,45.04999923706055,45.11000061035156,9567400
2023-04-10,41.22492218017578,45.369998931884766,45.380001068115234,45.06999969482422,45.08000183105469,8281400
2023-04-11,41.406639099121094,45.56999969482422,45.65999984741211,45.470001220703125,45.5099983215332,7648300
2023-04-12,41.64289093017578,45.83000183105469,46.060001373291016,45.70000076293945,45.959999084472656,7301700
2023-04-13,42.25167465209961,46.5,46.5099983215332,46.20000076293945,46.25,14720200
2023-04-14,42.042686462402344,46.27000045776367,46.56999969482422,46.08000183105469,46.459999084472656,7888800
2023-04-17,42.00634002685547,46.22999954223633,46.22999954223633,45.970001220703125,46.150001525878906,10834000
2023-04-18,42.169898986816406,46.40999984741211,46.5,46.310001373291016,46.43000030517578,7959700
2023-04-19,42.00634002685547,46.22999954223633,46.310001373291016,46.150001525878906,46.15999984741211,8441900
2023-04-20,42.02451705932617,46.25,46.36000061035156,46.119998931884766,46.13999938964844,12788400
2023-04-21,42.16081237792969,46.400001525878906,46.439998626708984,46.060001373291016,46.279998779296875,9023200
2023-04-24,42.24258804321289,46.4900016784668,46.5,46.34000015258789,46.400001525878906,8234700
2023-04-25,41.57927322387695,45.7599983215332,46.22999954223633,45.7599983215332,46.22999954223633,9776700
2023-04-26,41.58837127685547,45.77000045776367,46.060001373291016,45.70000076293945,46.060001373291016,9787100
2023-04-27,42.115379333496094,46.349998474121094,46.349998474121094,45.900001525878906,46.0,6714400
2023-04-28,42.12446594238281,46.36000061035156,46.380001068115234,45.9900016784668,46.0099983215332,8602400
2023-05-01,42.0881233215332,46.31999969482422,46.540000915527344,46.29999923706055,46.41999816894531,10213800
2023-05-02,41.64289093017578,45.83000183105469,45.93000030517578,45.560001373291016,45.93000030517578,8907300
2023-05-03,41.72465896606445,45.91999816894531,46.310001373291016,45.91999816894531,45.9900016784668,10310100
2023-05-04,41.66106414794922,45.849998474121094,46.040000915527344,45.7400016784668,45.86000061035156,10408900
2023-05-05,42.333457946777344,46.59000015258789,46.66999816894531,46.099998474121094,46.130001068115234,6775300
2023-05-08,42.351627349853516,46.61000061035156,46.72999954223633,46.540000915527344,46.720001220703125,5574100
2023-05-09,42.188072204589844,46.43000030517578,46.5,46.209999084472656,46.2599983215332,8259800
2023-05-10,42.12446594238281,46.36000061035156,46.529998779296875,46.060001373291016,46.529998779296875,14545200
2023-05-11,41.93365478515625,46.150001525878906,46.16999816894531,45.84000015258789,46.06999969482422,10105500
2023-05-12,41.8427848815918,46.04999923706055,46.25,45.88999938964844,46.25,7703600
2023-05-15,42.206241607666016,46.45000076293945,46.45000076293945,46.16999816894531,46.22999954223633,7863200
2023-05-16,41.77009963989258,45.970001220703125,46.310001373291016,45.970001220703125,46.25,7124300
2023-05-17,41.98816680908203,46.209999084472656,46.2400016784668,45.86000061035156,46.060001373291016,8317500
2023-05-18,41.90639877319336,46.119998931884766,46.13999938964844,45.869998931884766,46.099998474121094,10261300
2023-05-19,42.16081237792969,46.400001525878906,46.5,46.2599983215332,46.349998474121094,7726700
2023-05-22,42.1971549987793,46.439998626708984,46.540000915527344,46.36000061035156,46.38999938964844,9103700
2023-05-23,41.606536865234375,45.790000915527344,46.150001525878906,45.790000915527344,46.08000183105469,8717800
2023-05-24,41.015926361083984,45.13999938964844,45.400001525878906,45.11000061035156,45.380001068115234,10880600
2023-05-25,40.9250602722168,45.040000915527344,45.13999938964844,44.869998931884766,45.130001068115234,11789700
2023-05-26,41.30669403076172,45.459999084472656,45.52000045776367,45.220001220703125,45.220001220703125,7929900
2023-05-30,40.95232009887695,45.06999969482422,45.400001525878906,44.95000076293945,45.38999938964844,8594300
2023-05-31,40.55252456665039,44.630001068115234,44.709999084472656,44.31999969482422,44.619998931884766,12619800
2023-06-01,41.17948532104492,45.31999969482422,45.36000061035156,44.84000015258789,44.869998931884766,11813400
2023-06-02,41.788272857666016,45.9900016784668,46.0099983215332,45.83000183105469,45.93000030517578,8823900
2023-06-05,41.52476501464844,45.70000076293945,45.95000076293945,45.689998626708984,45.91999816894531,12685300
2023-06-06,41.88821792602539,46.099998474121094,46.13999938964844,45.7599983215332,45.79999923706055,6659300
2023-06-07,41.48841857910156,45.65999984741211,46.099998474121094,45.63999938964844,45.93000030517578,10547500
2023-06-08,41.91548156738281,46.130001068115234,46.150001525878906,45.79999923706055,45.90999984741211,7142700
2023-06-09,41.89730453491211,46.11000061035156,46.22999954223633,46.040000915527344,46.130001068115234,7001100
2023-06-12,42.0881233215332,46.31999969482422,46.34000015258789,46.130001068115234,46.25,8055900
2023-06-13,42.497005462646484,46.77000045776367,46.869998931884766,46.65999984741211,46.7400016784668,7878000
2023-06-14,42.606048583984375,46.88999938964844,47.130001068115234,46.619998931884766,47.0,7759000
2023-06-15,43.00584411621094,47.33000183105469,47.369998931884766,46.810001373291016,46.849998474121094,10366800
2023-06-16,42.87863540649414,47.189998626708984,47.54999923706055,47.18000030517578,47.54999923706055,13952700
2023-06-20,42.302738189697266,46.130001068115234,46.31999969482422,46.02000045776367,46.27000045776367,9203200
2023-06-21,42.36692810058594,46.20000076293945,46.36000061035156,45.9900016784668,46.06999969482422,10583100
2023-06-22,42.11015701293945,45.91999816894531,45.9900016784668,45.84000015258789,45.88999938964844,10160900
2023-06-23,41.43155288696289,45.18000030517578,45.29999923706055,45.11000061035156,45.13999938964844,9829000
2023-06-26,41.55994415283203,45.31999969482422,45.40999984741211,45.220001220703125,45.25,9830200
2023-06-27,41.89924240112305,45.689998626708984,45.709999084472656,45.290000915527344,45.43000030517578,7898400
2023-06-28,41.90841293334961,45.70000076293945,45.77000045776367,45.540000915527344,45.619998931884766,7297900
2023-06-29,41.8533935546875,45.63999938964844,45.63999938964844,45.439998626708984,45.470001220703125,6635400
2023-06-30,42.348594665527344,46.18000030517578,46.220001220703125,45.9900016784668,46.04999923706055,8137100
2023-07-03,42.42195129394531,46.2599983215332,46.33000183105469,46.18000030517578,46.220001220703125,6362600
2023-07-05,41.96343231201172,45.7599983215332,45.95000076293945,45.689998626708984,45.91999816894531,12565800
2023-07-06,41.22064208984375,44.95000076293945,45.130001068115234,44.709999084472656,45.119998931884766,8980700
2023-07-07,41.56911849975586,45.33000183105469,45.540000915527344,45.0,45.029998779296875,8873700
2023-07-10,41.67915344238281,45.45000076293945,45.470001220703125,45.220001220703125,45.2400016784668,7842700
2023-07-11,42.08264923095703,45.88999938964844,45.900001525878906,45.560001373291016,45.65999984741211,7134000
2023-07-12,42.88964080810547,46.77000045776367,46.79999923706055,46.43000030517578,46.5,10422000
2023-07-13,43.54990768432617,47.4900016784668,47.540000915527344,47.279998779296875,47.29999923706055,7276700
2023-07-14,43.28396987915039,47.20000076293945,47.4900016784668,47.16999816894531,47.459999084472656,7349800
2023-07-17,43.265625,47.18000030517578,47.2400016784668,46.939998626708984,47.02000045776367,6808700
2023-07-18,43.577415466308594,47.52000045776367,47.54999923706055,47.209999084472656,47.25,6484700
2023-07-19,43.568241119384766,47.5099983215332,47.63999938964844,47.38999938964844,47.54999923706055,7538100
2023-07-20,43.31147766113281,47.22999954223633,47.5,47.15999984741211,47.400001525878906,12248800
2023-07-21,43.36649703979492,47.290000915527344,47.349998474121094,47.15999984741211,47.31999969482422,10494700
2023-07-24,43.320648193359375,47.2400016784668,47.369998931884766,47.150001525878906,47.20000076293945,6201900
2023-07-25,43.44903564453125,47.380001068115234,47.439998626708984,47.20000076293945,47.20000076293945,5737500
2023-07-26,43.50404739379883,47.439998626708984,47.59000015258789,47.099998474121094,47.099998474121094,11708800
2023-07-27,43.320648193359375,47.2400016784668,47.77000045776367,47.209999084472656,47.77000045776367,8082000
2023-07-28,43.67829132080078,47.630001068115234,47.779998779296875,47.5,47.599998474121094,7776900
2023-07-31,43.67829132080078,47.630001068115234,47.810001373291016,47.61000061035156,47.65999984741211,7654200
2023-08-01,43.192264556884766,47.099998474121094,47.349998474121094,47.0,47.22999954223633,8343900
2023-08-02,42.35775375366211,46.189998626708984,46.56999969482422,46.13999938964844,46.52000045776367,15392900
2023-08-03,42.22937774658203,46.04999923706055,46.189998626708984,45.83000183105469,45.86000061035156,14960900
2023-08-04,42.348594665527344,46.18000030517578,46.65999984741211,46.130001068115234,46.2599983215332,9944600
2023-08-07,42.68790054321289,46.54999923706055,46.560001373291016,46.27000045776367,46.470001220703125,8266900
2023-08-08,42.36692810058594,46.20000076293945,46.25,45.849998474121094,46.0,9403500
2023-08-09,42.40361404418945,46.2400016784668,46.41999816894531,46.13999938964844,46.310001373291016,8666400
2023-08-10,42.5319938659668,46.380001068115234,46.95000076293945,46.33000183105469,46.68000030517578,8764800
2023-08-11,42.2935676574707,46.119998931884766,46.279998779296875,46.0099983215332,46.09000015258789,7614200
2023-08-14,42.119327545166016,45.93000030517578,45.959999084472656,45.54999923706055,45.689998626708984,7069900
2023-08-15,41.532432556152344,45.290000915527344,45.65999984741211,45.22999954223633,45.650001525878906,7750600
2023-08-16,41.202301025390625,44.93000030517578,45.34000015258789,44.93000030517578,45.13999938964844,8465200
2023-08-17,40.927188873291016,44.630001068115234,45.150001525878906,44.58000183105469,45.11000061035156,10996300
2023-08-18,40.927188873291016,44.630001068115234,44.70000076293945,44.27000045776367,44.29999923706055,11576400
2023-08-21,41.05558395385742,44.77000045776367,44.81999969482422,44.5099983215332,44.72999954223633,10914300
2023-08-22,40.963871002197266,44.66999816894531,44.97999954223633,44.630001068115234,44.959999084472656,10252400
2023-08-23,41.404052734375,45.150001525878906,45.2400016784668,44.84000015258789,44.88999938964844,10161700
2023-08-24,40.8813362121582,44.58000183105469,45.11000061035156,44.560001373291016,44.97999954223633,10026700
2023-08-25,41.13810348510742,44.86000061035156,45.029998779296875,44.470001220703125,44.869998931884766,10748200
2023-08-28,41.56911849975586,45.33000183105469,45.36000061035156,45.119998931884766,45.15999984741211,7763400
2023-08-29,42.10098648071289,45.90999984741211,45.91999816894531,45.16999816894531,45.220001220703125,8886700
2023-08-30,42.09182357788086,45.900001525878906,46.099998474121094,45.810001373291016,45.95000076293945,10957300
2023-08-31,41.95426559448242,45.75,45.959999084472656,45.61000061035156,45.95000076293945,9141700
2023-09-01,42.01845932006836,45.81999969482422,46.209999084472656,45.689998626708984,46.16999816894531,8335600
2023-09-05,41.64247131347656,45.40999984741211,45.70000076293945,45.40999984741211,45.689998626708984,9567800
2023-09-06,41.4774055480957,45.22999954223633,45.470001220703125,45.09000015258789,45.36000061035156,8972300
2023-09-07,41.31234359741211,45.04999923706055,45.189998626708984,44.939998626708984,45.099998474121094,10296300
2023-09-08,41.25732421875,44.9900016784668,45.16999816894531,44.95000076293945,45.02000045776367,9008900
2023-09-11,41.725013732910156,45.5,45.529998779296875,45.27000045776367,45.40999984741211,6083200
2023-09-12,41.54159927368164,45.29999923706055,45.470001220703125,45.209999084472656,45.25,8404700
2023-09-13,41.45906448364258,45.209999084472656,45.369998931884766,45.119998931884766,45.25,6672100
2023-09-14,42.01845932006836,45.81999969482422,45.849998474121094,45.540000915527344,45.58000183105469,7694300
2023-09-15,41.926761627197266,45.720001220703125,46.040000915527344,45.68000030517578,45.900001525878906,9970200
2023-09-18,41.769798278808594,45.2400016784668,45.310001373291016,45.08000183105469,45.25,7494900
2023-09-19,41.779029846191406,45.25,45.40999984741211,45.130001068115234,45.33000183105469,9230400
2023-09-20,41.640533447265625,45.099998474121094,45.65999984741211,45.08000183105469,45.439998626708984,11025000
2023-09-21,40.94806671142578,44.349998474121094,44.75,44.34000015258789,44.65999984741211,11630500
2023-09-22,40.994224548339844,44.400001525878906,44.7599983215332,44.349998474121094,44.619998931884766,11652600
2023-09-25,40.8372688293457,44.22999954223633,44.2599983215332,43.959999084472656,44.06999969482422,11703700
2023-09-26,40.255592346191406,43.599998474121094,43.97999954223633,43.560001373291016,43.86000061035156,13497100
2023-09-27,40.163265228271484,43.5,43.79999923706055,43.220001220703125,43.77000045776367,12446100
2023-09-28,40.49565505981445,43.86000061035156,43.9900016784668,43.47999954223633,43.54999923706055,13567400
2023-09-29,40.366390228271484,43.720001220703125,44.27000045776367,43.619998931884766,44.27000045776367,16047800
2023-10-02,39.738548278808594,43.040000915527344,43.470001220703125,42.90999984741211,43.45000076293945,16236200
2023-10-03,39.23997497558594,42.5,42.7599983215332,42.33000183105469,42.650001525878906,16168000
2023-10-04,39.25843811035156,42.52000045776367,42.58000183105469,42.16999816894531,42.56999969482422,14106100
2023-10-05,39.61852264404297,42.90999984741211,42.95000076293945,42.61000061035156,42.75,12624600
2023-10-06,40.03400421142578,43.36000061035156,43.459999084472656,42.540000915527344,42.810001373291016,11812900
2023-10-09,40.00630569458008,43.33000183105469,43.380001068115234,42.95000076293945,42.970001220703125,9131700
2023-10-10,40.514122009277344,43.880001068115234,44.04999923706055,43.70000076293945,43.75,14448500
2023-10-11,40.68954086303711,44.06999969482422,44.189998626708984,43.81999969482422,44.130001068115234,8211200
2023-10-12,40.338687896728516,43.689998626708984,44.16999816894531,43.5099983215332,44.16999816894531,9695900
2023-10-13,39.97860336303711,43.29999923706055,43.68000030517578,43.189998626708984,43.560001373291016,10924200
2023-10-16,40.29253005981445,43.63999938964844,43.68000030517578,43.31999969482422,43.38999938964844,12284000
2023-10-17,40.30176544189453,43.650001525878906,43.849998474121094,43.2400016784668,43.2599983215332,15063700
2023-10-18,39.61852264404297,42.90999984741211,43.349998474121094,42.849998474121094,43.29999923706055,10263400
2023-10-19,39.29537582397461,42.560001373291016,43.02000045776367,42.47999954223633,42.790000915527344,17765500
2023-10-20,38.926048278808594,42.15999984741211,42.5099983215332,42.13999938964844,42.400001525878906,12890300
2023-10-23,38.94451141357422,42.18000030517578,42.459999084472656,41.81999969482422,41.97999954223633,14594500
2023-10-24,39.13840866088867,42.38999938964844,42.45000076293945,42.16999816894531,42.27000045776367,9538600
2023-10-25,38.79678726196289,42.02000045776367,42.36000061035156,41.97999954223633,42.209999084472656,12721300
2023-10-26,38.510562896728516,41.709999084472656,41.9900016784668,41.58000183105469,41.900001525878906,16776800
2023-10-27,38.39054870605469,41.58000183105469,42.02000045776367,41.47999954223633,42.0,13817400
2023-10-30,38.91682434082031,42.150001525878906,42.16999816894531,41.869998931884766,42.04999923706055,14858800
2023-10-31,38.999916076660156,42.2400016784668,42.290000915527344,42.029998779296875,42.16999816894531,13692100
2023-11-01,39.39692306518555,42.66999816894531,42.689998626708984,42.2599983215332,42.36000061035156,13871800
2023-11-02,40.28329849243164,43.630001068115234,43.63999938964844,43.31999969482422,43.43000030517578,11560700
2023-11-03,40.800331115722656,44.189998626708984,44.31999969482422,44.040000915527344,44.04999923706055,12317000
2023-11-06,40.67107391357422,44.04999923706055,44.33000183105469,43.95000076293945,44.33000183105469,10769500
2023-11-07,40.366390228271484,43.720001220703125,43.81999969482422,43.56999969482422,43.689998626708984,10388600
2023-11-08,40.27405548095703,43.619998931884766,43.810001373291016,43.47999954223633,43.65999984741211,10982000
2023-11-09,40.255592346191406,43.599998474121094,44.099998474121094,43.59000015258789,43.97999954223633,12652000
2023-11-10,40.46794891357422,43.83000183105469,43.849998474121094,43.29999923706055,43.599998474121094,7520400
2023-11-13,40.523353576660156,43.88999938964844,43.970001220703125,43.54999923706055,43.61000061035156,7893800
2023-11-14,41.622066497802734,45.08000183105469,45.13999938964844,44.650001525878906,44.650001525878906,13479000
2023-11-15,41.585140228271484,45.040000915527344,45.27000045776367,45.0,45.11000061035156,17284700
2023-11-16,41.49280548095703,44.939998626708984,45.119998931884766,44.810001373291016,44.91999816894531,9361200
2023-11-17,42.00985336303711,45.5,45.52000045776367,45.2599983215332,45.31999969482422,6926500
2023-11-20,42.194515228271484,45.70000076293945,45.77000045776367,45.470001220703125,45.47999954223633,9554400
2023-11-21,42.0283203125,45.52000045776367,45.72999954223633,45.459999084472656,45.709999084472656,7205700
2023-11-22,42.11141586303711,45.61000061035156,45.630001068115234,45.369998931884766,45.560001373291016,8971500
2023-11-24,42.38840103149414,45.90999984741211,45.91999816894531,45.720001220703125,45.720001220703125,4556000
2023-11-27,42.27760696411133,45.790000915527344,45.84000015258789,45.66999816894531,45.779998779296875,10489700
2023-11-28,42.35146713256836,45.869998931884766,46.0099983215332,45.650001525878906,45.720001220703125,8909000
2023-11-29,42.45302963256836,45.97999954223633,46.150001525878906,45.849998474121094,45.9900016784668,9916700
2023-11-30,42.434566497802734,45.959999084472656,46.029998779296875,45.7599983215332,45.97999954223633,9636900
2023-12-01,42.86851501464844,46.43000030517578,46.45000076293945,45.86000061035156,45.900001525878906,14005700
2023-12-04,42.489959716796875,46.02000045776367,46.16999816894531,45.880001068115234,45.970001220703125,10810000
2023-12-05,42.35146713256836,45.869998931884766,46.040000915527344,45.790000915527344,45.900001525878906,9365600
2023-12-06,42.434566497802734,45.959999084472656,46.38999938964844,45.959999084472656,46.310001373291016,9458700
2023-12-07,42.6376953125,46.18000030517578,46.31999969482422,45.88999938964844,46.09000015258789,17301000
2023-12-08,42.73925018310547,46.290000915527344,46.380001068115234,46.040000915527344,46.060001373291016,9501400
2023-12-11,42.85928726196289,46.41999816894531,46.439998626708984,46.20000076293945,46.279998779296875,13939100
2023-12-12,42.86851501464844,46.43000030517578,46.439998626708984,46.150001525878906,46.33000183105469,11187100
2023-12-13,43.56098175048828,47.18000030517578,47.20000076293945,46.22999954223633,46.43000030517578,12136100
2023-12-14,43.93953323364258,47.59000015258789,47.77000045776367,47.40999984741211,47.459999084472656,16856900
2023-12-15,43.487117767333984,47.099998474121094,47.459999084472656,47.099998474121094,47.400001525878906,18248300
2023-12-18,43.63679122924805,46.650001525878906,46.75,46.529998779296875,46.72999954223633,10386200
2023-12-19,44.057716369628906,47.099998474121094,47.119998931884766,46.90999984741211,46.9900016784668,9253400
2023-12-20,43.599369049072266,46.61000061035156,47.2599983215332,46.59000015258789,47.13999938964844,15779900
2023-12-21,44.33834457397461,47.400001525878906,47.400001525878906,47.060001373291016,47.18000030517578,13337700
2023-12-22,44.44123840332031,47.5099983215332,47.630001068115234,47.349998474121094,47.5,12007600
2023-12-26,44.63767623901367,47.720001220703125,47.790000915527344,47.400001525878906,47.54999923706055,7301600
2023-12-27,44.89023208618164,47.9900016784668,48.029998779296875,47.77000045776367,47.810001373291016,9921200
2023-12-28,44.81540298461914,47.90999984741211,48.15999984741211,47.880001068115234,48.060001373291016,11909200
2023-12-29,44.80604934692383,47.900001525878906,48.08000183105469,47.79999923706055,47.939998626708984,10489500
2024-01-02,44.310279846191406,47.369998931884766,47.61000061035156,47.31999969482422,47.439998626708984,17117300
2024-01-03,43.954830169677734,46.9900016784668,47.150001525878906,46.77000045776367,46.900001525878906,12564000
2024-01-04,44.057716369628906,47.099998474121094,47.33000183105469,46.970001220703125,46.97999954223633,14931900
2024-01-05,44.08578109741211,47.130001068115234,47.54999923706055,47.0,47.040000915527344,9963100
2024-01-08,44.544132232666016,47.619998931884766,47.63999938964844,47.150001525878906,47.20000076293945,8156500
2024-01-09,44.141902923583984,47.189998626708984,47.310001373291016,47.11000061035156,47.22999954223633,13219400
2024-01-10,44.3851203918457,47.45000076293945,47.5099983215332,47.290000915527344,47.36000061035156,10542900
2024-01-11,44.33834457397461,47.400001525878906,47.58000183105469,46.959999084472656,47.52000045776367,12648200
2024-01-12,44.49736404418945,47.56999969482422,47.869998931884766,47.47999954223633,47.720001220703125,7138500
2024-01-16,43.70226287841797,46.720001220703125,47.0,46.619998931884766,46.959999084472656,14475600
2024-01-17,43.2252082824707,46.209999084472656,46.22999954223633,45.90999984741211,46.08000183105469,10354600
2024-01-18,43.618080139160156,46.630001068115234,46.63999938964844,46.33000183105469,46.40999984741211,9243700
2024-01-19,43.758384704589844,46.779998779296875,46.790000915527344,46.36000061035156,46.52000045776367,9932800
2024-01-22,43.87063980102539,46.900001525878906,47.04999923706055,46.810001373291016,46.900001525878906,11607500
2024-01-23,43.795806884765625,46.81999969482422,46.849998474121094,46.599998474121094,46.720001220703125,8069900
2024-01-24,44.067073822021484,47.11000061035156,47.43000030517578,47.09000015258789,47.40999984741211,11566400
2024-01-25,44.1793212890625,47.22999954223633,47.25,47.0,47.220001220703125,13899200
2024-01-26,44.36640548706055,47.43000030517578,47.529998779296875,47.36000061035156,47.459999084472656,8717100
2024-01-29,44.62831497192383,47.709999084472656,47.7599983215332,47.34000015258789,47.400001525878906,9572100
2024-01-30,44.57219696044922,47.650001525878906,47.689998626708984,47.439998626708984,47.619998931884766,8228500
2024-01-31,44.31963348388672,47.380001068115234,47.97999954223633,47.310001373291016,47.84000015258789,14542800
2024-02-01,44.78733825683594,47.880001068115234,47.88999938964844,47.439998626708984,47.540000915527344,12761000
2024-02-02,44.46929931640625,47.540000915527344,47.59000015258789,47.310001373291016,47.54999923706055,11569700
2024-02-05,44.1793212890625,47.22999954223633,47.33000183105469,46.9900016784668,47.25,13406300
2024-02-06,44.450592041015625,47.52000045776367,47.529998779296875,47.20000076293945,47.22999954223633,12103700
2024-02-07,44.47865676879883,47.54999923706055,47.630001068115234,47.45000076293945,47.540000915527344,8819300
2024-02-08,44.40382766723633,47.470001220703125,47.4900016784668,47.290000915527344,47.459999084472656,10014100
2024-02-09,44.56283950805664,47.63999938964844,47.65999984741211,47.369998931884766,47.47999954223633,11254800
2024-02-12,44.67509078979492,47.7599983215332,47.91999816894531,47.61000061035156,47.630001068115234,8598000
2024-02-13,43.8799934387207,46.90999984741211,47.220001220703125,46.720001220703125,47.189998626708984,19980800
2024-02-14,44.42253494262695,47.4900016784668,47.5,47.209999084472656,47.25,10455600
2024-02-15,44.918296813964844,48.02000045776367,48.029998779296875,47.68000030517578,47.689998626708984,9979700
2024-02-16,44.955711364746094,48.060001373291016,48.279998779296875,47.90999984741211,48.02000045776367,9886800
2024-02-20,45.11473846435547,48.22999954223633,48.380001068115234,48.119998931884766,48.33000183105469,9318000
2024-02-21,45.142791748046875,48.2599983215332,48.27000045776367,48.040000915527344,48.130001068115234,10143000
2024-02-22,45.61984634399414,48.77000045776367,48.81999969482422,48.58000183105469,48.65999984741211,17006300
2024-02-23,45.69468688964844,48.849998474121094,48.90999984741211,48.72999954223633,48.83000183105469,7736300
2024-02-26,45.5917854309082,48.7400016784668,48.849998474121094,48.63999938964844,48.849998474121094,9505300
2024-02-27,45.67598342895508,48.83000183105469,48.86000061035156,48.720001220703125,48.779998779296875,8633700
2024-02-28,45.432769775390625,48.56999969482422,48.650001525878906,48.5,48.540000915527344,7449500
2024-02-29,45.535667419433594,48.68000030517578,48.880001068115234,48.470001220703125,48.81999969482422,17630500
2024-03-01,46.02207565307617,49.20000076293945,49.220001220703125,48.709999084472656,48.88999938964844,11199500
2024-03-04,45.900474548339844,49.06999969482422,49.15999984741211,48.97999954223633,49.029998779296875,9774600
2024-03-05,45.78822326660156,48.95000076293945,49.2599983215332,48.810001373291016,49.099998474121094,13584600
2024-03-06,46.34012222290039,49.540000915527344,49.689998626708984,49.40999984741211,49.5,13323300
2024-03-07,46.87329864501953,50.11000061035156,50.16999816894531,49.849998474121094,49.869998931884766,15544900
2024-03-08,46.74234390258789,49.970001220703125,50.36000061035156,49.88999938964844,50.310001373291016,10492500
2024-03-11,46.50849151611328,49.720001220703125,49.7400016784668,49.47999954223633,49.650001525878906,7569700
2024-03-12,46.86394500732422,50.099998474121094,50.099998474121094,49.61000061035156,49.790000915527344,8307400
2024-03-13,46.87329864501953,50.11000061035156,50.22999954223633,50.0099983215332,50.060001373291016,8727300
2024-03-14,46.564613342285156,49.779998779296875,50.18000030517578,49.58000183105469,50.15999984741211,12369600
2024-03-15,46.52416229248047,49.45000076293945,49.56999969482422,49.29999923706055,49.5,13766700
2024-03-18,46.533565521240234,49.459999084472656,49.630001068115234,49.41999816894531,49.61000061035156,12116700
2024-03-19,46.60883331298828,49.540000915527344,49.66999816894531,49.31999969482422,49.40999984741211,10424900
2024-03-20,47.11688995361328,50.08000183105469,50.130001068115234,49.47999954223633,49.52000045776367,15166000
2024-03-21,47.145111083984375,50.11000061035156,50.27000045776367,50.09000015258789,50.16999816894531,8951600
2024-03-22,46.98516845703125,49.939998626708984,50.099998474121094,49.88999938964844,50.08000183105469,9289600
2024-03-25,46.919307708740234,49.869998931884766,50.04999923706055,49.810001373291016,49.81999969482422,7858000
2024-03-26,46.98516845703125,49.939998626708984,50.130001068115234,49.93000030517578,50.11000061035156,12502400
2024-03-27,47.29563903808594,50.27000045776367,50.27000045776367,49.9900016784668,50.040000915527344,7233200
2024-03-28,47.20155334472656,50.16999816894531,50.2400016784668,50.099998474121094,50.099998474121094,8336000
2024-04-01,47.01339340209961,49.970001220703125,50.209999084472656,49.849998474121094,50.099998474121094,9987800
2024-04-02,46.72172927856445,49.65999984741211,49.65999984741211,49.5,49.630001068115234,15614500
2024-04-03,46.97576141357422,49.93000030517578,50.0,49.529998779296875,49.540000915527344,17859100
2024-04-04,46.59942626953125,49.529998779296875,50.290000915527344,49.47999954223633,50.2599983215332,17525700
2024-04-05,46.768775939941406,49.709999084472656,49.81999969482422,49.369998931884766,49.4900016784668,13240900
2024-04-08,46.99457931518555,49.95000076293945,50.04999923706055,49.84000015258789,49.97999954223633,14126200
2024-04-09,47.00397872924805,49.959999084472656,50.220001220703125,49.709999084472656,50.15999984741211,9098900
2024-04-10,46.29835891723633,49.209999084472656,49.43000030517578,49.02000045776367,49.220001220703125,14335600
2024-04-11,46.46770477294922,49.38999938964844,49.47999954223633,48.869998931884766,49.439998626708984,12987500
2024-04-12,45.65859603881836,48.529998779296875,49.09000015258789,48.459999084472656,48.939998626708984,14173500
2024-04-15,45.498653411865234,48.36000061035156,49.130001068115234,48.27000045776367,49.08000183105469,20120000
2024-04-16,45.01882553100586,47.849998474121094,48.08000183105469,47.689998626708984,47.95000076293945,16484100
2024-04-17,45.04705047607422,47.880001068115234,48.13999938964844,47.650001525878906,48.08000183105469,12166200
2024-04-18,45.0000114440918,47.83000183105469,48.15999984741211,47.72999954223633,47.95000076293945,13900800
2024-04-19,45.02823257446289,47.86000061035156,48.04999923706055,47.720001220703125,47.880001068115234,13900300
2024-04-22,45.51747131347656,48.380001068115234,48.54999923706055,48.040000915527344,48.13999938964844,9371200
2024-04-23,45.97848129272461,48.869998931884766,48.91999816894531,48.459999084472656,48.52000045776367,7996300
2024-04-24,45.84675598144531,48.72999954223633,48.90999984741211,48.540000915527344,48.88999938964844,7247700
2024-04-25,45.64918899536133,48.52000045776367,48.61000061035156,47.939998626708984,48.060001373291016,8433500
2024-04-26,45.987884521484375,48.880001068115234,48.959999084472656,48.709999084472656,48.72999954223633,9166200
2024-04-29,46.241912841796875,49.150001525878906,49.25,48.9900016784668,49.189998626708984,8218500
2024-04-30,45.59273147583008,48.459999084472656,49.060001373291016,48.439998626708984,48.93000030517578,10083400
2024-05-01,45.53628921508789,48.400001525878906,48.9900016784668,48.2599983215332,48.40999984741211,12336400
2024-05-02,46.20427703857422,49.11000061035156,49.20000076293945,48.65999984741211,48.95000076293945,18096900
2024-05-03,46.627655029296875,49.560001373291016,49.7400016784668,49.27000045776367,49.65999984741211,11883000
2024-05-06,46.99457931518555,49.95000076293945,49.970001220703125,49.779998779296875,49.84000015258789,8654000
2024-05-07,47.06043243408203,50.02000045776367,50.13999938964844,49.93000030517578,50.040000915527344,7874700
2024-05-08,47.01339340209961,49.970001220703125,49.97999954223633,49.720001220703125,49.7599983215332,6547600
2024-05-09,47.36149978637695,50.34000015258789,50.34000015258789,49.95000076293945,49.95000076293945,7109200
2024-05-10,47.38031768798828,50.36000061035156,50.52000045776367,50.29999923706055,50.5,8819900
2024-05-13,47.370906829833984,50.349998474121094,50.4900016784668,50.279998779296875,50.400001525878906,6602000
2024-05-14,47.70020294189453,50.70000076293945,50.70000076293945,50.47999954223633,50.52000045776367,9694300
2024-05-15,48.180023193359375,51.209999084472656,51.209999084472656,50.810001373291016,50.959999084472656,8035100
2024-05-16,47.90718078613281,50.91999816894531,51.150001525878906,50.90999984741211,51.130001068115234,7410800
2024-05-17,48.076534271240234,51.099998474121094,51.119998931884766,50.84000015258789,50.93000030517578,7276900
2024-05-20,48.09534454345703,51.119998931884766,51.279998779296875,51.099998474121094,51.13999938964844,5731000
2024-05-21,48.02008056640625,51.040000915527344,51.09000015258789,50.93000030517578,50.959999084472656,6900100
2024-05-22,47.568485260009766,50.560001373291016,50.7599983215332,50.43000030517578,50.72999954223633,7250000
2024-05-23,47.30504608154297,50.279998779296875,51.0,50.15999984741211,50.959999084472656,12745600
2024-05-24,47.69078826904297,50.689998626708984,50.779998779296875,50.470001220703125,50.470001220703125,7106300
2024-05-28,47.70020294189453,50.70000076293945,50.9900016784668,50.54999923706055,50.970001220703125,7894200
2024-05-29,46.881675720214844,49.83000183105469,50.099998474121094,49.810001373291016,50.0,7938700
2024-05-30,47.30504608154297,50.279998779296875,50.38999938964844,50.11000061035156,50.15999984741211,9017300
2024-05-31,47.719017028808594,50.720001220703125,50.7400016784668,50.29999923706055,50.560001373291016,10547800
2024-06-03,47.84132766723633,50.849998474121094,51.02000045776367,50.630001068115234,50.93000030517578,9064800
2024-06-04,47.70020294189453,50.70000076293945,50.779998779296875,50.470001220703125,50.689998626708984,8275300
2024-06-05,48.029483795166016,51.04999923706055,51.060001373291016,50.650001525878906,50.939998626708984,7634500
2024-06-06,48.15180587768555,51.18000030517578,51.209999084472656,51.0,51.04999923706055,5781400
2024-06-07,47.55907440185547,50.54999923706055,50.880001068115234,50.540000915527344,50.7599983215332,6722400
2024-06-10,47.62493133544922,50.619998931884766,50.68000030517578,50.209999084472656,50.31999969482422,6424900
2024-06-11,47.088661193847656,50.04999923706055,50.15999984741211,49.79999923706055,50.08000183105469,13418500
2024-06-12,47.662567138671875,50.65999984741211,51.040000915527344,50.56999969482422,50.91999816894531,8405000
2024-06-13,46.99457931518555,49.95000076293945,50.290000915527344,49.75,50.279998779296875,5741300
2024-06-14,46.571197509765625,49.5,49.52000045776367,49.18000030517578,49.38999938964844,8666400
2024-06-17,46.74055480957031,49.68000030517578,49.70000076293945,49.209999084472656,49.380001068115234,8490400
2024-06-18,46.92871856689453,49.880001068115234,49.90999984741211,49.68000030517578,49.68000030517578,11838700
2024-06-20,46.92871856689453,49.880001068115234,49.970001220703125,49.709999084472656,49.79999923706055,8700500
2024-06-21,46.616294860839844,49.09000015258789,49.15999984741211,48.95000076293945,49.08000183105469,7126500
2024-06-24,47.024627685546875,49.52000045776367,49.75,49.470001220703125,49.470001220703125,7928200
2024-06-25,47.091102600097656,49.59000015258789,49.650001525878906,49.40999984741211,49.52000045776367,9191200
2024-06-26,46.77772903442383,49.2599983215332,49.34000015258789,49.099998474121094,49.18000030517578,8628400
2024-06-27,46.891685485839844,49.380001068115234,49.52000045776367,49.27000045776367,49.369998931884766,8564500
2024-06-28,46.929664611816406,49.41999816894531,49.59000015258789,49.209999084472656,49.40999984741211,9419000
2024-07-01,46.9676513671875,49.459999084472656,49.810001373291016,49.34000015258789,49.630001068115234,10764400
2024-07-02,47.072105407714844,49.56999969482422,49.599998474121094,49.2599983215332,49.33000183105469,10081100
2024-07-03,47.632381439208984,50.15999984741211,50.220001220703125,49.810001373291016,49.810001373291016,7160900
2024-07-05,47.93625259399414,50.47999954223633,50.619998931884766,50.18000030517578,50.619998931884766,7272900
2024-07-08,47.72733688354492,50.2599983215332,50.560001373291016,50.22999954223633,50.52000045776367,8229600
2024-07-09,47.56590270996094,50.09000015258789,50.2400016784668,49.959999084472656,50.2400016784668,17483700
2024-07-10,48.23063278198242,50.790000915527344,50.81999969482422,50.459999084472656,50.52000045776367,8188600
2024-07-11,48.420555114746094,50.9900016784668,51.25,50.95000076293945,51.119998931884766,7567600
2024-07-12,48.904850006103516,51.5,51.68000030517578,51.31999969482422,51.349998474121094,6815000
2024-07-15,48.53450393676758,51.11000061035156,51.400001525878906,51.04999923706055,51.400001525878906,6455700
2024-07-16,48.81938552856445,51.40999984741211,51.41999816894531,50.95000076293945,51.0099983215332,6099100
2024-07-17,48.54399871826172,51.119998931884766,51.33000183105469,51.040000915527344,51.13999938964844,7751700
2024-07-18,48.06919479370117,50.619998931884766,51.25,50.5099983215332,51.220001220703125,6991400
2024-07-19,47.7843132019043,50.31999969482422,50.5,50.2400016784668,50.439998626708984,10485600
2024-07-22,48.24962615966797,50.810001373291016,50.83000183105469,50.560001373291016,50.70000076293945,7532100
2024-07-23,48.002723693847656,50.54999923706055,50.65999984741211,50.5,50.59000015258789,5498100
2024-07-24,47.40446853637695,49.91999816894531,50.470001220703125,49.88999938964844,50.40999984741211,6900700
2024-07-25,47.1100959777832,49.61000061035156,50.060001373291016,49.349998474121094,49.5,8841400
2024-07-26,47.72733688354492,50.2599983215332,50.34000015258789,49.939998626708984,50.02000045776367,5992700
2024-07-29,47.53742218017578,50.060001373291016,50.18000030517578,49.83000183105469,50.18000030517578,9552900
2024-07-30,47.64187240600586,50.16999816894531,50.310001373291016,49.9900016784668,50.20000076293945,8415500
2024-07-31,48.34458541870117,50.90999984741211,51.15999984741211,50.77000045776367,50.95000076293945,7592900
2024-08-01,47.1100959777832,49.61000061035156,50.47999954223633,49.36000061035156,50.34000015258789,8740300
2024-08-02,46.283931732177734,48.7400016784668,49.0099983215332,48.369998931884766,48.91999816894531,13257200
2024-08-05,45.20137405395508,47.599998474121094,47.900001525878906,46.79999923706055,46.869998931884766,22549300
2024-08-06,45.277347564697266,47.68000030517578,47.959999084472656,47.119998931884766,47.20000076293945,13854100
2024-08-07,45.49576187133789,47.90999984741211,48.7400016784668,47.880001068115234,48.58000183105469,8239300
2024-08-08,46.27443313598633,48.72999954223633,48.77000045776367,48.130001068115234,48.369998931884766,8135100
2024-08-09,46.43587112426758,48.900001525878906,48.93000030517578,48.4900016784668,48.61000061035156,6351100
2024-08-12,46.45486068725586,48.91999816894531,49.060001373291016,48.75,48.91999816894531,5173900
2024-08-13,47.21455001831055,49.720001220703125,49.7599983215332,49.220001220703125,49.22999954223633,5785200
2024-08-14,47.39497756958008,49.90999984741211,49.95000076293945,49.72999954223633,49.810001373291016,5432900
2024-08-15,47.97423553466797,50.52000045776367,50.63999938964844,50.310001373291016,50.33000183105469,5473500
2024-08-16,48.25912094116211,50.81999969482422,50.869998931884766,50.56999969482422,50.59000015258789,5669100
2024-08-19,48.81938552856445,51.40999984741211,51.470001220703125,51.08000183105469,51.130001068115234,5242900
2024-08-20,48.68644332885742,51.27000045776367,51.45000076293945,51.16999816894531,51.349998474121094,4840200
2024-08-21,49.113765716552734,51.720001220703125,51.810001373291016,51.45000076293945,51.56999969482422,5308700
2024-08-22,48.771907806396484,51.36000061035156,51.869998931884766,51.31999969482422,51.86000061035156,5982500
2024-08-23,49.71202087402344,52.349998474121094,52.400001525878906,51.75,51.83000183105469,5857000
2024-08-26,49.51259994506836,52.13999938964844,52.31999969482422,52.08000183105469,52.25,5216400
2024-08-27,49.70252227783203,52.34000015258789,52.43000030517578,52.150001525878906,52.209999084472656,5473200
2024-08-28,49.45562744140625,52.08000183105469,52.349998474121094,51.900001525878906,52.2599983215332,5682900
2024-08-29,49.58857727050781,52.220001220703125,52.54999923706055,52.18000030517578,52.29999923706055,6437400
2024-08-30,49.750003814697266,52.38999938964844,52.52000045776367,52.08000183105469,52.45000076293945,5128900
2024-09-03,48.8858642578125,51.47999954223633,52.119998931884766,51.36000061035156,52.09000015258789,9777700
2024-09-04,48.73392868041992,51.31999969482422,51.58000183105469,51.150001525878906,51.150001525878906,9505500
2024-09-05,48.74342346191406,51.33000183105469,51.529998779296875,51.150001525878906,51.41999816894531,9941700
2024-09-06,47.8317985534668,50.369998931884766,51.349998474121094,50.279998779296875,51.31999969482422,8885200
2024-09-09,48.34458541870117,50.90999984741211,51.099998474121094,50.77000045776367,50.810001373291016,6081100
2024-09-10,48.1546630859375,50.709999084472656,50.84000015258789,50.279998779296875,50.77000045776367,6381000
2024-09-11,48.430049896240234,51.0,51.02000045776367,50.130001068115234,50.709999084472656,8049200
2024-09-12,48.86686706542969,51.459999084472656,51.470001220703125,50.84000015258789,50.9900016784668,6521300
2024-09-13,48.99981689453125,51.599998474121094,51.790000915527344,51.5099983215332,51.560001373291016,4772200
2024-09-16,49.38915252685547,52.0099983215332,52.02000045776367,51.66999816894531,51.810001373291016,7249300
2024-09-17,49.15175247192383,51.7599983215332,52.029998779296875,51.58000183105469,51.9900016784668,8026200
2024-09-18,48.98082733154297,51.58000183105469,52.2400016784668,51.47999954223633,51.790000915527344,8496600
2024-09-19,49.92093276977539,52.56999969482422,52.66999816894531,52.150001525878906,52.4900016784668,5994800
2024-09-20,49.467681884765625,51.95000076293945,52.150001525878906,51.7400016784668,52.150001525878906,5783800
2024-09-23,49.66764450073242,52.15999984741211,52.209999084472656,52.0099983215332,52.060001373291016,8026800
2024-09-24,49.97235107421875,52.47999954223633,52.5099983215332,52.189998626708984,52.349998474121094,6856300
2024-09-25,49.65812301635742,52.150001525878906,52.540000915527344,52.130001068115234,52.540000915527344,7740300
2024-09-26,50.762691497802734,53.310001373291016,53.400001525878906,52.9900016784668,53.16999816894531,7675600
2024-09-27,50.44846725463867,52.97999954223633,53.380001068115234,52.900001525878906,53.209999084472656,7370200
2024-09-30,50.28658676147461,52.810001373291016,52.9900016784668,52.4900016784668,52.9900016784668,8297500
2024-10-01,49.934261322021484,52.439998626708984,52.84000015258789,52.16999816894531,52.79999923706055,9508300
2024-10-02,49.84856414794922,52.349998474121094,52.4900016784668,52.13999938964844,52.34000015258789,18025500
2024-10-03,49.381980895996094,51.86000061035156,52.0,51.68000030517578,51.88999938964844,10946000
2024-10-04,49.677162170410156,52.16999816894531,52.20000076293945,51.88999938964844,51.939998626708984,7660500
2024-10-07,49.401023864746094,51.880001068115234,52.08000183105469,51.68000030517578,52.04999923706055,9049400
2024-10-08,49.32484436035156,51.79999923706055,51.83000183105469,51.630001068115234,51.790000915527344,7346600
2024-10-09,49.34388732910156,51.81999969482422,51.869998931884766,51.5099983215332,51.529998779296875,7445600
2024-10-10,49.2581901550293,51.72999954223633,51.7599983215332,51.41999816894531,51.619998931884766,9757000
2024-10-11,49.505767822265625,51.9900016784668,52.04999923706055,51.70000076293945,51.720001220703125,6439400
2024-10-14,49.61051559448242,52.099998474121094,52.13999938964844,51.790000915527344,51.83000183105469,5569400
2024-10-15,48.90586853027344,51.36000061035156,51.959999084472656,51.29999923706055,51.90999984741211,9881600
2024-10-16,49.0963134765625,51.560001373291016,51.599998474121094,51.45000076293945,51.5099983215332,7796500
2024-10-17,49.0772705078125,51.540000915527344,51.709999084472656,51.47999954223633,51.70000076293945,7427300
2024-10-18,49.35341262817383,51.83000183105469,51.849998474121094,51.63999938964844,51.7599983215332,6601800
2024-10-21,48.791603088378906,51.2400016784668,51.599998474121094,51.13999938964844,51.560001373291016,5380900
2024-10-22,48.544029235839844,50.97999954223633,51.029998779296875,50.849998474121094,50.90999984741211,7385200
2024-10-23,48.07744216918945,50.4900016784668,50.65999984741211,50.25,50.540000915527344,5952300
2024-10-24,48.248836517333984,50.66999816894531,50.810001373291016,50.43000030517578,50.79999923706055,10057900
2024-10-25,48.09648513793945,50.5099983215332,50.86000061035156,50.400001525878906,50.75,6463300
2024-10-28,48.44880676269531,50.880001068115234,50.959999084472656,50.66999816894531,50.689998626708984,6096600
2024-10-29,48.28693389892578,50.709999084472656,50.880001068115234,50.63999938964844,50.75,10640200
2024-10-30,48.04887008666992,50.459999084472656,50.709999084472656,50.349998474121094,50.38999938964844,6885100
2024-10-31,47.706077575683594,50.099998474121094,50.2599983215332,49.70000076293945,50.22999954223633,11686300
2024-11-01,47.810821533203125,50.209999084472656,50.5,50.150001525878906,50.38999938964844,8733500
2024-11-04,47.87747573852539,50.279998779296875,50.650001525878906,50.2400016784668,50.5,11765000
2024-11-05,48.38215255737305,50.810001373291016,50.83000183105469,50.38999938964844,50.38999938964844,9292200
2024-11-06,47.763206481933594,50.15999984741211,50.18000030517578,49.689998626708984,50.09000015258789,9072500
2024-11-07,48.48689270019531,50.91999816894531,50.97999954223633,50.63999938964844,50.70000076293945,12732500
2024-11-08,47.84891128540039,50.25,50.400001525878906,50.0,50.380001068115234,9223900
2024-11-11,47.82986831665039,50.22999954223633,50.400001525878906,50.16999816894531,50.349998474121094,7435600
2024-11-12,47.04904556274414,49.40999984741211,49.81999969482422,49.150001525878906,49.79999923706055,20244700
2024-11-13,46.78242492675781,49.130001068115234,49.2599983215332,48.84000015258789,49.2599983215332,11300900
2024-11-14,46.82051086425781,49.16999816894531,49.5099983215332,49.119998931884766,49.439998626708984,11520100
2024-11-15,46.68721008300781,49.029998779296875,49.15999984741211,48.90999984741211,49.15999984741211,10970600
2024-11-18,47.00143814086914,49.36000061035156,49.45000076293945,49.0099983215332,49.04999923706055,12142200
2024-11-19,46.944305419921875,49.29999923706055,49.38999938964844,48.90999984741211,48.97999954223633,10521400
2024-11-20,46.81099319458008,49.15999984741211,49.15999984741211,48.84000015258789,49.09000015258789,9005500
2024-11-21,46.92525863647461,49.279998779296875,49.33000183105469,48.97999954223633,49.15999984741211,12278500
2024-11-22,47.13474655151367,49.5,49.54999923706055,49.189998626708984,49.2599983215332,8174700
2024-11-25,47.36328125,49.7400016784668,49.90999984741211,49.58000183105469,49.849998474121094,9054400
2024-11-26,47.07761001586914,49.439998626708984,49.599998474121094,49.290000915527344,49.56999969482422,8338900
2024-11-27,47.325191497802734,49.70000076293945,49.790000915527344,49.540000915527344,49.63999938964844,8229600
2024-11-29,47.896522521972656,50.29999923706055,50.31999969482422,49.81999969482422,49.849998474121094,5491000
2024-12-02,47.944129943847656,50.349998474121094,50.459999084472656,50.0,50.31999969482422,9293000
2024-12-03,48.144100189208984,50.560001373291016,50.689998626708984,50.34000015258789,50.529998779296875,10515400
2024-12-04,48.15362548828125,50.56999969482422,50.70000076293945,50.5099983215332,50.619998931884766,8881800
2024-12-05,48.37262725830078,50.79999923706055,50.900001525878906,50.709999084472656,50.790000915527344,9564000
2024-12-06,48.30596923828125,50.72999954223633,50.959999084472656,50.63999938964844,50.95000076293945,6815900
2024-12-09,48.19170379638672,50.61000061035156,51.040000915527344,50.61000061035156,50.959999084472656,8655500
2024-12-10,47.83938980102539,50.2400016784668,50.56999969482422,50.22999954223633,50.5099983215332,8813900
2024-12-11,48.182186126708984,50.599998474121094,50.650001525878906,50.41999816894531,50.54999923706055,10432000
2024-12-12,47.715599060058594,50.11000061035156,50.52000045776367,50.09000015258789,50.34000015258789,10216500
2024-12-13,47.59181213378906,49.97999954223633,50.20000076293945,49.86000061035156,50.16999816894531,10514700
2024-12-16,47.391845703125,49.77000045776367,49.97999954223633,49.709999084472656,49.810001373291016,27011200
2024-12-17,47.27758026123047,49.650001525878906,49.810001373291016,49.59000015258789,49.689998626708984,11807500
2024-12-18,46.106353759765625,48.41999816894531,49.75,48.369998931884766,49.68000030517578,12065600
2024-12-19,45.992088317871094,48.29999923706055,48.709999084472656,48.27000045776367,48.63999938964844,21518700
2024-12-20,45.97565460205078,47.56999969482422,47.939998626708984,47.09000015258789,47.13999938964844,21038900
2024-12-23,46.24626922607422,47.849998474121094,47.900001525878906,47.45000076293945,47.619998931884766,23194300
2024-12-24,46.429908752441406,48.040000915527344,48.099998474121094,47.75,48.099998474121094,12487500
2024-12-26,46.6135368347168,48.22999954223633,48.290000915527344,48.02000045776367,48.15999984741211,15281600
2024-12-27,46.497562408447266,48.11000061035156,48.22999954223633,47.939998626708984,48.099998474121094,22394000
2024-12-30,46.207611083984375,47.810001373291016,48.0,47.59000015258789,47.880001068115234,17423400
2024-12-31,46.21727752685547,47.81999969482422,48.060001373291016,47.709999084472656,47.97999954223633,14787400
2025-01-02,46.120628356933594,47.720001220703125,48.029998779296875,47.560001373291016,47.939998626708984,13721300
2025-01-03,46.39124298095703,48.0,48.029998779296875,47.7400016784668,47.939998626708984,13622400
2025-01-06,46.845497131347656,48.470001220703125,48.779998779296875,48.400001525878906,48.47999954223633,11852500
2025-01-07,46.690853118896484,48.310001373291016,48.86000061035156,48.22999954223633,48.790000915527344,11744600
2025-01-08,46.63286590576172,48.25,48.33000183105469,47.93000030517578,48.08000183105469,10278100
2025-01-10,45.93699645996094,47.529998779296875,47.9900016784668,47.41999816894531,47.9900016784668,14645500
2025-01-13,45.81135559082031,47.400001525878906,47.40999984741211,47.040000915527344,47.130001068115234,13679300
2025-01-14,45.98532485961914,47.58000183105469,47.65999984741211,47.34000015258789,47.540000915527344,16618600
2025-01-15,46.555545806884766,48.16999816894531,48.29999923706055,47.9900016784668,48.2599983215332,9213400
2025-01-16,46.71018981933594,48.33000183105469,48.4900016784668,48.13999938964844,48.2599983215332,20460100
2025-01-17,46.94214630126953,48.56999969482422,48.810001373291016,48.5,48.56999969482422,8939500
2025-01-21,47.85063552856445,49.5099983215332,49.529998779296875,49.130001068115234,49.209999084472656,17207900
2025-01-22,47.74432373046875,49.400001525878906,49.63999938964844,49.400001525878906,49.63999938964844,7315700
2025-01-23,48.072933197021484,49.7400016784668,49.77000045776367,49.41999816894531,49.47999954223633,9509900
2025-01-24,48.34354019165039,50.02000045776367,50.16999816894531,49.93000030517578,49.959999084472656,8032400
2025-01-27,48.25655746459961,49.93000030517578,49.95000076293945,49.72999954223633,49.75,17764500
2025-01-28,48.20823669433594,49.880001068115234,49.91999816894531,49.61000061035156,49.869998931884766,8915200
2025-01-29,48.20823669433594,49.880001068115234,50.029998779296875,49.709999084472656,49.900001525878906,9510800
2025-01-30,48.73013687133789,50.41999816894531,50.650001525878906,50.18000030517578,50.34000015258789,12208500
2025-01-31,48.2662239074707,49.939998626708984,50.560001373291016,49.88999938964844,50.34000015258789,14215900
2025-02-03,47.6670036315918,49.31999969482422,49.61000061035156,48.880001068115234,49.0099983215332,14542000
2025-02-04,48.24689483642578,49.91999816894531,50.0,49.599998474121094,49.61000061035156,8354100
2025-02-05,48.710811614990234,50.400001525878906,50.470001220703125,50.13999938964844,50.209999084472656,11821800
2025-02-06,48.91376495361328,50.61000061035156,50.7400016784668,50.5,50.54999923706055,9964500
2025-02-07,48.52717590332031,50.209999084472656,50.720001220703125,50.099998474121094,50.619998931884766,13414400
2025-02-10,48.836448669433594,50.529998779296875,50.56999969482422,50.400001525878906,50.439998626708984,7178100
2025-02-11,49.02974319458008,50.72999954223633,50.79999923706055,50.41999816894531,50.439998626708984,7684800
2025-02-12,49.12639617919922,50.83000183105469,50.959999084472656,50.279998779296875,50.349998474121094,10303500
2025-02-13,49.764278411865234,51.4900016784668,51.5,51.02000045776367,51.040000915527344,10109000
2025-02-14,49.78360366821289,51.5099983215332,51.79999923706055,51.5,51.7400016784668,8277000
2025-02-18,50.12187576293945,51.86000061035156,51.900001525878906,51.709999084472656,51.81999969482422,10253100
2025-02-19,49.686954498291016,51.40999984741211,51.5,51.22999954223633,51.400001525878906,7659600
2025-02-20,49.880252838134766,51.61000061035156,51.65999984741211,51.369998931884766,51.540000915527344,6989700
2025-02-21,49.52265548706055,51.2400016784668,51.66999816894531,51.130001068115234,51.66999816894531,8430500
2025-02-24,49.47432327270508,51.189998626708984,51.5099983215332,51.09000015258789,51.41999816894531,12448900
2025-02-25,49.83192825317383,51.560001373291016,51.75,51.31999969482422,51.7400016784668,10265100
2025-02-26,49.90924835205078,51.63999938964844,52.040000915527344,51.529998779296875,51.709999084472656,13514600
2025-02-27,49.31969451904297,51.029998779296875,51.5,51.0099983215332,51.459999084472656,12252100
2025-02-28,49.35835266113281,51.06999969482422,51.09000015258789,50.59000015258789,50.880001068115234,13025300
2025-03-03,49.72562026977539,51.45000076293945,52.09000015258789,51.16999816894531,51.97999954223633,13698800
2025-03-04,49.590309143066406,51.310001373291016,51.849998474121094,50.58000183105469,51.040000915527344,14522700
2025-03-05,50.7597541809082,52.52000045776367,52.630001068115234,51.97999954223633,51.97999954223633,18658400
2025-03-06,50.28617858886719,52.029998779296875,52.619998931884766,51.97999954223633,52.220001220703125,21122800
2025-03-07,50.81774139404297,52.58000183105469,52.630001068115234,51.9900016784668,52.11000061035156,12723900
2025-03-10,49.64829635620117,51.369998931884766,51.90999984741211,51.02000045776367,51.779998779296875,14215500
2025-03-11,49.51298904418945,51.22999954223633,51.5,50.84000015258789,51.459999084472656,16648900
2025-03-12,49.880252838134766,51.61000061035156,51.75,51.2599983215332,51.619998931884766,12650500
2025-03-13,49.50332260131836,51.220001220703125,51.47999954223633,51.09000015258789,51.349998474121094,13255900
2025-03-14,50.45048141479492,52.20000076293945,52.220001220703125,51.65999984741211,51.65999984741211,14118700
2025-03-17,51.04969787597656,52.81999969482422,52.88999938964844,52.33000183105469,52.36000061035156,15984600
2025-03-18,50.98204040527344,52.75,52.83000183105469,52.470001220703125,52.7400016784668,11004100
2025-03-19,51.2140007019043,52.9900016784668,53.150001525878906,52.599998474121094,52.650001525878906,13407700
2025-03-20,50.81774139404297,52.58000183105469,52.630001068115234,52.22999954223633,52.27000045776367,8143200
2025-03-21,50.53810501098633,52.04999923706055,52.130001068115234,51.84000015258789,52.0099983215332,8198000
2025-03-24,50.606075286865234,52.119998931884766,52.20000076293945,51.93000030517578,52.029998779296875,10202000
2025-03-25,50.8779411315918,52.400001525878906,52.5099983215332,52.27000045776367,52.459999084472656,10177500
2025-03-26,50.266239166259766,51.77000045776367,52.209999084472656,51.66999816894531,52.11000061035156,15041900
2025-03-27,50.324501037597656,51.83000183105469,51.959999084472656,51.630001068115234,51.709999084472656,11063900
2025-03-28,49.75163269042969,51.2400016784668,51.630001068115234,51.18000030517578,51.619998931884766,11998600
2025-03-31,49.35354995727539,50.83000183105469,50.97999954223633,50.36000061035156,50.56999969482422,18049300
2025-04-01,49.528316497802734,51.0099983215332,51.15999984741211,50.630001068115234,50.939998626708984,13168500
2025-04-02,49.66425323486328,51.150001525878906,51.189998626708984,50.529998779296875,50.599998474121094,11739200
2025-04-03,48.62533187866211,50.08000183105469,50.77000045776367,49.97999954223633,50.63999938964844,17045400
2025-04-04,45.54740905761719,46.90999984741211,48.36000061035156,46.81999969482422,48.209999084472656,36603400
2025-04-07,44.557037353515625,45.88999938964844,47.54999923706055,45.150001525878906,45.47999954223633,51925000
2025-04-08,44.32400894165039,45.650001525878906,47.52000045776367,45.13999938964844,47.52000045776367,36120600
2025-04-09,47.63496017456055,49.060001373291016,49.22999954223633,45.459999084472656,45.720001220703125,33572600
2025-04-10,46.69313049316406,48.09000015258789,48.369998931884766,47.040000915527344,48.2599983215332,27617300
2025-04-11,47.97479248046875,49.40999984741211,49.5,48.31999969482422,48.43000030517578,17136400
2025-04-14,48.52823257446289,49.97999954223633,50.20000076293945,49.54999923706055,49.77000045776367,9952700
2025-04-15,48.85835647583008,50.31999969482422,50.56999969482422,50.209999084472656,50.209999084472656,8984100
2025-04-16,48.75155258178711,50.209999084472656,50.689998626708984,50.0,50.380001068115234,9296800
2025-04-17,49.2758674621582,50.75,51.029998779296875,50.560001373291016,50.56999969482422,9870700
2025-04-21,49.0428352355957,50.5099983215332,51.130001068115234,50.16999816894531,50.97999954223633,13408400
2025-04-22,50.004085540771484,51.5,51.720001220703125,51.13999938964844,51.220001220703125,15400300
2025-04-23,50.14972686767578,51.650001525878906,52.279998779296875,51.5099983215332,51.970001220703125,10911000
2025-04-24,50.790557861328125,52.310001373291016,52.31999969482422,51.77000045776367,51.900001525878906,8252300
2025-04-25,50.90707015991211,52.43000030517578,52.459999084472656,52.08000183105469,52.22999954223633,7631800
2025-04-28,51.256614685058594,52.790000915527344,52.83000183105469,52.459999084472656,52.5,18104800
2025-04-29,51.411964416503906,52.95000076293945,53.029998779296875,52.75,52.810001373291016,11431000
2025-04-30,51.33428955078125,52.869998931884766,53.0,52.290000915527344,52.59000015258789,10984700
2025-05-01,51.12067794799805,52.650001525878906,53.08000183105469,52.58000183105469,53.04999923706055,9317900
2025-05-02,52.052791595458984,53.61000061035156,53.7599983215332,53.459999084472656,53.540000915527344,9884400
2025-05-05,52.14988708496094,53.709999084472656,53.86000061035156,53.709999084472656,53.790000915527344,8481300
2025-05-06,52.14018249511719,53.70000076293945,53.849998474121094,53.63999938964844,53.689998626708984,17269100
2025-05-07,51.95569610595703,53.5099983215332,53.72999954223633,53.349998474121094,53.61000061035156,10961000
2025-05-08,51.78092575073242,53.33000183105469,53.7400016784668,53.33000183105469,53.7400016784668,12892300
2025-05-09,52.12076187133789,53.68000030517578,53.790000915527344,53.5099983215332,53.790000915527344,11729400
2025-05-12,52.373207092285156,53.939998626708984,53.939998626708984,53.52000045776367,53.77000045776367,12161700
2025-05-13,52.460594177246094,54.029998779296875,54.15999984741211,53.810001373291016,53.86000061035156,9975800
2025-05-14,52.246986389160156,53.810001373291016,54.22999954223633,53.7599983215332,54.209999084472656,11755400
2025-05-15,52.80043029785156,54.380001068115234,54.38999938964844,54.04999923706055,54.15999984741211,9895900
2025-05-16,52.91694259643555,54.5,54.529998779296875,54.209999084472656,54.36000061035156,10793700
2025-05-19,53.34416198730469,54.939998626708984,54.939998626708984,54.41999816894531,54.439998626708984,9975100
2025-05-20,53.59660720825195,55.20000076293945,55.220001220703125,54.9900016784668,55.029998779296875,14531300
2025-05-21,53.30532455444336,54.900001525878906,55.45000076293945,54.869998931884766,55.2599983215332,16508100
2025-05-22,53.2470703125,54.84000015258789,55.0,54.599998474121094,54.650001525878906,12009200
2025-05-23,53.43154525756836,55.029998779296875,55.130001068115234,54.45000076293945,54.45000076293945,12360500
2025-05-27,54.179176330566406,55.79999923706055,55.900001525878906,55.70000076293945,55.869998931884766,12582300
2025-05-28,53.683998107910156,55.290000915527344,55.45000076293945,55.20000076293945,55.369998931884766,12534800
2025-05-29,53.89760208129883,55.5099983215332,55.619998931884766,55.27000045776367,55.560001373291016,11628800
2025-05-30,53.965572357177734,55.58000183105469,55.65999984741211,55.18000030517578,55.529998779296875,14170800
2025-06-02,54.58698654174805,56.220001220703125,56.22999954223633,55.58000183105469,55.720001220703125,11474800
2025-06-03,54.18889236450195,55.810001373291016,55.880001068115234,55.540000915527344,55.75,16827000
2025-06-04,54.4704704284668,56.099998474121094,56.2599983215332,55.95000076293945,56.0099983215332,12306100
2025-06-05,54.4704704284668,56.099998474121094,56.369998931884766,56.0,56.34000015258789,14319000
2025-06-06,54.645233154296875,56.279998779296875,56.349998474121094,56.130001068115234,56.22999954223633,9887400
2025-06-09,54.66465759277344,56.29999923706055,56.5,56.189998626708984,56.220001220703125,11053500
2025-06-10,54.79087829589844,56.43000030517578,56.529998779296875,56.279998779296875,56.5,10078900
2025-06-11,54.78117370605469,56.41999816894531,56.68000030517578,56.369998931884766,56.56999969482422,16068500
2025-06-12,55.20839309692383,56.86000061035156,56.900001525878906,56.650001525878906,56.72999954223633,9588500
2025-06-13,54.53843307495117,56.16999816894531,56.47999954223633,56.029998779296875,56.18000030517578,12588200
2025-06-16,54.810302734375,56.45000076293945,56.90999984741211,56.40999984741211,56.65999984741211,13452500
2025-06-17,54.12092590332031,55.7400016784668,56.25,55.68000030517578,56.209999084472656,12149200
2025-06-18,54.26656723022461,55.88999938964844,56.189998626708984,55.77000045776367,55.97999954223633,18749600
2025-06-20,53.827144622802734,55.0,55.540000915527344,55.0,55.52000045776367,14499600
2025-06-23,54.23818588256836,55.41999816894531,55.41999816894531,54.630001068115234,54.63999938964844,25964800
2025-06-24,54.95262145996094,56.150001525878906,56.209999084472656,55.81999969482422,55.900001525878906,22023200
2025-06-25,54.6785888671875,55.869998931884766,55.93000030517578,55.709999084472656,55.86000061035156,12783800
2025-06-26,55.27558517456055,56.47999954223633,56.529998779296875,56.20000076293945,56.29999923706055,15078700
2025-06-27,55.61812210083008,56.83000183105469,57.04999923706055,56.58000183105469,56.79999923706055,11093400
2025-06-30,55.79427719116211,57.0099983215332,57.040000915527344,56.689998626708984,56.77000045776367,15742500
2025-07-01,55.75513458251953,56.970001220703125,57.040000915527344,56.810001373291016,56.869998931884766,14596800
2025-07-02,55.931297302246094,57.150001525878906,57.15999984741211,56.66999816894531,56.77000045776367,10927900
2025-07-03,55.99980545043945,57.220001220703125,57.310001373291016,57.099998474121094,57.130001068115234,7279700
2025-07-07,55.3049430847168,56.5099983215332,56.90999984741211,56.369998931884766,56.810001373291016,15994700
2025-07-08,55.706199645996094,56.91999816894531,56.97999954223633,56.61000061035156,56.720001220703125,14520300
2025-07-09,56.08788299560547,57.310001373291016,57.33000183105469,57.0099983215332,57.15999984741211,9479400
2025-07-10,56.12702560424805,57.349998474121094,57.38999938964844,57.08000183105469,57.209999084472656,8208900
2025-07-11,55.657264709472656,56.869998931884766,56.970001220703125,56.779998779296875,56.939998626708984,9424800
2025-07-14,55.725772857666016,56.939998626708984,56.970001220703125,56.66999816894531,56.709999084472656,10144900
2025-07-15,55.16792678833008,56.369998931884766,57.0,56.34000015258789,56.970001220703125,9655900
2025-07-16,55.43217086791992,56.63999938964844,56.650001525878906,56.18000030517578,56.369998931884766,15045300
2025-07-17,55.55939865112305,56.77000045776367,56.790000915527344,56.41999816894531,56.5099983215332,12344500
2025-07-18,55.43217086791992,56.63999938964844,57.04999923706055,56.58000183105469,57.04999923706055,7999000
2025-07-21,55.79427719116211,57.0099983215332,57.2599983215332,56.849998474121094,56.95000076293945,9228500
2025-07-22,56.05852127075195,57.279998779296875,57.31999969482422,56.869998931884766,57.0099983215332,12246600
2025-07-23,57.25251007080078,58.5,58.52000045776367,57.90999984741211,57.959999084472656,12462600
2025-07-24,56.85124969482422,58.09000015258789,58.34000015258789,58.06999969482422,58.220001220703125,9123800
2025-07-25,56.78274154663086,58.02000045776367,58.02000045776367,57.630001068115234,57.720001220703125,7312300
2025-07-28,55.94108200073242,57.15999984741211,57.540000915527344,57.060001373291016,57.470001220703125,11187700
2025-07-29,55.9215087890625,57.13999938964844,57.22999954223633,57.029998779296875,57.220001220703125,11933800
2025-07-30,55.500675201416016,56.709999084472656,57.130001068115234,56.5099983215332,56.97999954223633,13314900
2025-07-31,55.02112579345703,56.220001220703125,56.56999969482422,56.099998474121094,56.56999969482422,19166500
2025-08-01,54.82538986206055,56.02000045776367,56.11000061035156,55.68000030517578,56.04999923706055,14943600
2025-08-04,55.58876037597656,56.79999923706055,56.810001373291016,56.59000015258789,56.630001068115234,12578700
2025-08-05,55.68663024902344,56.900001525878906,57.0,56.689998626708984,56.900001525878906,8942400
2025-08-06,56.117244720458984,57.34000015258789,57.400001525878906,57.029998779296875,57.189998626708984,8019200
2025-08-07,56.51850128173828,57.75,57.939998626708984,57.47999954223633,57.91999816894531,10237700
2025-08-08,56.78274154663086,58.02000045776367,58.130001068115234,57.86000061035156,57.93000030517578,7640800
2025-08-11,56.55765151977539,57.790000915527344,57.91999816894531,57.720001220703125,57.810001373291016,10040100
2025-08-12,57.193782806396484,58.439998626708984,58.45000076293945,57.91999816894531,58.0,8588100
2025-08-13,57.45802688598633,58.709999084472656,58.7599983215332,58.56999969482422,58.63999938964844,8893500
2025-08-14,57.36016082763672,58.61000061035156,58.630001068115234,58.380001068115234,58.400001525878906,9971200
2025-08-15,57.61461639404297,58.869998931884766,58.95000076293945,58.790000915527344,58.91999816894531,8013600
2025-08-18,57.5558967590332,58.810001373291016,58.81999969482422,58.63999938964844,58.790000915527344,12094000
2025-08-19,57.48739242553711,58.7400016784668,59.02000045776367,58.689998626708984,58.939998626708984,13533800
2025-08-20,57.63418960571289,58.88999938964844,58.939998626708984,58.709999084472656,58.849998474121094,10937400
2025-08-21,57.36016082763672,58.61000061035156,58.720001220703125,58.47999954223633,58.61000061035156,9940100
2025-08-22,58.2899055480957,59.560001373291016,59.66999816894531,58.83000183105469,58.849998474121094,8334100
2025-08-25,57.5656852722168,58.81999969482422,59.400001525878906,58.81999969482422,59.31999969482422,11252100
2025-08-26,57.58525848388672,58.84000015258789,58.86000061035156,58.650001525878906,58.689998626708984,10959900
2025-08-27,57.51675033569336,58.77000045776367,58.790000915527344,58.380001068115234,58.41999816894531,8263400
2025-08-28,57.75162887573242,59.0099983215332,59.06999969482422,58.86000061035156,58.9900016784668,9558600
2025-08-29,57.45802688598633,58.709999084472656,58.79999923706055,58.58000183105469,58.66999816894531,13976400
2025-09-02,56.94911575317383,58.189998626708984,58.2599983215332,57.810001373291016,57.900001525878906,13307700
2025-09-03,57.07634353637695,58.31999969482422,58.369998931884766,58.099998474121094,58.18000030517578,14512900
2025-09-04,57.42866897583008,58.68000030517578,58.70000076293945,58.369998931884766,58.45000076293945,8704900
2025-09-05,57.70269775390625,58.959999084472656,59.34000015258789,58.790000915527344,59.189998626708984,12146000
2025-09-08,58.26054000854492,59.529998779296875,59.560001373291016,59.22999954223633,59.380001068115234,8503300
2025-09-09,58.10395050048828,59.369998931884766,59.47999954223633,59.2400016784668,59.349998474121094,11960500
2025-09-10,58.14310073852539,59.40999984741211,59.650001525878906,59.34000015258789,59.54999923706055,10548400
2025-09-11,58.78902816772461,60.06999969482422,60.09000015258789,59.59000015258789,59.59000015258789,11815900
2025-09-12,58.54435729980469,59.81999969482422,59.93000030517578,59.70000076293945,59.790000915527344,9183400
2025-09-15,59.014122009277344,60.29999923706055,60.310001373291016,60.040000915527344,60.189998626708984,22308900
2025-09-16,58.94561767578125,60.22999954223633,60.36000061035156,60.029998779296875,60.36000061035156,15148200
2025-09-17,58.74009323120117,60.02000045776367,60.52000045776367,59.7400016784668,60.130001068115234,12221000
2025-09-18,58.92604064941406,60.209999084472656,60.27000045776367,59.86000061035156,60.06999969482422,16783200
2025-09-19,58.65758514404297,59.650001525878906,59.790000915527344,59.56999969482422,59.75,15449000
2025-09-22,58.972259521484375,59.970001220703125,60.0,59.619998931884766,59.77000045776367,10972500
2025-09-23,58.883758544921875,59.880001068115234,60.310001373291016,59.790000915527344,60.310001373291016,13985500
2025-09-24,58.47074508666992,59.459999084472656,59.720001220703125,59.400001525878906,59.59000015258789,10955300
2025-09-25,58.07740020751953,59.060001373291016,59.130001068115234,58.81999969482422,59.08000183105469,14587900
2025-09-26,58.42157745361328,59.40999984741211,59.41999816894531,59.18000030517578,59.189998626708984,10880300
2025-09-29,58.716583251953125,59.709999084472656,59.7400016784668,59.56999969482422,59.61000061035156,12227500
2025-09-30,58.92308807373047,59.91999816894531,59.97999954223633,59.619998931884766,59.63999938964844,14228100
2025-10-01,59.365604400634766,60.369998931884766,60.470001220703125,60.20000076293945,60.209999084472656,13793900
2025-10-02,59.49344253540039,60.5,60.66999816894531,60.18000030517578,60.630001068115234,14710400
2025-10-03,60.044124603271484,61.060001373291016,61.150001525878906,60.81999969482422,60.880001068115234,10005900
2025-10-06,60.16212844848633,61.18000030517578,61.31999969482422,61.06999969482422,61.189998626708984,9944100
2025-10-07,59.64094924926758,60.650001525878906,61.040000915527344,60.619998931884766,61.02000045776367,9942700
2025-10-08,59.82778549194336,60.84000015258789,60.88999938964844,60.68000030517578,60.77000045776367,10158000
2025-10-09,59.316436767578125,60.31999969482422,60.900001525878906,60.16999816894531,60.880001068115234,12014800
2025-10-10,58.195404052734375,59.18000030517578,60.2400016784668,59.099998474121094,60.15999984741211,14102800
2025-10-13,58.80508804321289,59.79999923706055,59.869998931884766,59.47999954223633,59.540000915527344,10517200
2025-10-14,58.982093811035156,59.97999954223633,60.189998626708984,59.29999923706055,59.36000061035156,14567200
2025-10-15,59.39510726928711,60.400001525878906,60.54999923706055,60.02000045776367,60.310001373291016,10995400
2025-10-16,59.650779724121094,60.65999984741211,60.97999954223633,60.459999084472656,60.7599983215332,13762200
2025-10-17,59.699947357177734,60.709999084472656,60.7599983215332,60.33000183105469,60.470001220703125,10372100
2025-10-20,60.22113037109375,61.2400016784668,61.290000915527344,60.970001220703125,60.970001220703125,7678300
2025-10-21,59.68027877807617,60.689998626708984,60.93000030517578,60.65999984741211,60.900001525878906,8757200
2025-10-22,59.699947357177734,60.709999084472656,60.900001525878906,60.439998626708984,60.75,10557400
2025-10-23,60.004791259765625,61.02000045776367,61.130001068115234,60.810001373291016,60.810001373291016,6856700
2025-10-24,60.20146560668945,61.220001220703125,61.310001373291016,61.119998931884766,61.220001220703125,8572200
2025-10-27,60.64397430419922,61.66999816894531,61.689998626708984,61.52000045776367,61.650001525878906,16256400
2025-10-28,60.6341438293457,61.65999984741211,61.79999923706055,61.459999084472656,61.560001373291016,13252500
2025-10-29,60.28996658325195,61.310001373291016,61.7400016784668,61.02000045776367,61.689998626708984,16800300
2025-10-30,60.01462173461914,61.029998779296875,61.279998779296875,60.90999984741211,60.959999084472656,13562000
2025-10-31,59.9654541015625,60.97999954223633,61.06999969482422,60.7400016784668,61.06999969482422,10372700
2025-11-03,60.11296081542969,61.130001068115234,61.16999816894531,60.869998931884766,61.16999816894531,9490600
2025-11-04,59.316436767578125,60.31999969482422,60.65999984741211,60.290000915527344,60.369998931884766,13680200
2025-11-05,59.69011688232422,60.70000076293945,60.790000915527344,60.310001373291016,60.31999969482422,9545100
2025-11-06,59.414772033691406,60.41999816894531,60.72999954223633,60.2400016784668,60.65999984741211,14435400
2025-11-07,59.60161209106445,60.61000061035156,60.61000061035156,59.95000076293945,60.16999816894531,14800600
2025-11-10,60.32929992675781,61.349998474121094,61.400001525878906,60.91999816894531,61.099998474121094,10063100
2025-11-11,60.70297622680664,61.72999954223633,61.81999969482422,61.5099983215332,61.54999923706055,7046900
2025-11-12,61.0963249206543,62.130001068115234,62.20000076293945,61.880001068115234,61.880001068115234,11640200
2025-11-13,60.37847137451172,61.400001525878906,62.11000061035156,61.31999969482422,62.029998779296875,13987900
2025-11-14,60.29979705810547,61.31999969482422,61.47999954223633,60.88999938964844,60.95000076293945,11976300
2025-11-17,59.52294158935547,60.529998779296875,61.130001068115234,60.31999969482422,60.900001525878906,11612500
2025-11-18,58.91325759887695,59.90999984741211,60.099998474121094,59.5,59.790000915527344,21744000
2025-11-19,58.716583251953125,59.709999084472656,60.06999969482422,59.45000076293945,59.790000915527344,14901100
2025-11-20,57.92006301879883,58.900001525878906,60.2599983215332,58.880001068115234,60.099998474121094,19243500
2025-11-21,58.77558898925781,59.77000045776367,59.91999816894531,59.119998931884766,59.380001068115234,16449300
2025-11-24,59.06076431274414,60.060001373291016,60.060001373291016,59.560001373291016,59.65999984741211,24632500
2025-11-25,59.621280670166016,60.630001068115234,60.63999938964844,59.95000076293945,60.15999984741211,16452800
2025-11-26,60.26046371459961,61.279998779296875,61.38999938964844,60.84000015258789,60.84000015258789,10988000
2025-11-28,60.54563903808594,61.56999969482422,61.58000183105469,61.2599983215332,61.34000015258789,5615400
2025-12-01,60.24079513549805,61.2599983215332,61.54999923706055,61.22999954223633,61.34000015258789,10104700
2025-12-02,60.437469482421875,61.459999084472656,61.5099983215332,61.2400016784668,61.4900016784668,16957100
2025-12-03,60.76198196411133,61.790000915527344,61.81999969482422,61.5,61.5,10039700
2025-12-04,60.91931915283203,61.95000076293945,62.130001068115234,61.84000015258789,62.08000183105469,11295900
2025-12-05,61.00782012939453,62.040000915527344,62.31999969482422,61.95000076293945,62.209999084472656,15165000
2025-12-08,60.879981994628906,61.90999984741211,62.16999816894531,61.81999969482422,62.16999816894531,13577000
2025-12-09,60.81114959716797,61.84000015258789,62.11000061035156,61.81999969482422,61.95000076293945,13739000
2025-12-10,61.49950408935547,62.540000915527344,62.63999938964844,61.880001068115234,61.91999816894531,16608700
2025-12-11,61.75517654418945,62.79999923706055,62.91999816894531,62.560001373291016,62.63999938964844,17012900
2025-12-12,61.44049835205078,62.47999954223633,62.90999984741211,62.18000030517578,62.86000061035156,20951400
2025-12-15,61.79450988769531,62.84000015258789,63.08000183105469,62.70000076293945,63.02000045776367,19714700
2025-12-16,61.420833587646484,62.459999084472656,62.7599983215332,62.31999969482422,62.66999816894531,26297300
2025-12-17,60.988155364990234,62.02000045776367,62.56999969482422,62.02000045776367,62.45000076293945,16268800
2025-12-18,61.46999740600586,62.5099983215332,62.849998474121094,62.38999938964844,62.599998474121094,15461500
2025-12-19,61.84000015258789,61.84000015258789,62.08000183105469,61.66999816894531,61.66999816894531,18315900
2025-12-22,62.130001068115234,62.130001068115234,62.16999816894531,61.939998626708984,61.959999084472656,20034300
2025-12-23,62.540000915527344,62.540000915527344,62.58000183105469,62.40999984741211,62.4900016784668,27124800
2025-12-24,62.68000030517578,62.68000030517578,62.720001220703125,62.54999923706055,62.61000061035156,9490500
2025-12-26,62.810001373291016,62.810001373291016,62.810001373291016,62.63999938964844,62.77000045776367,12049000
2025-12-29,62.720001220703125,62.720001220703125,62.81999969482422,62.58000183105469,62.709999084472656,15346900
2025-12-30,62.790000915527344,62.790000915527344,63.02000045776367,62.779998779296875,62.90999984741211,13309600
