Price,Adj Close,Close,High,Low,Open,Volume
Ticker,XLRE,XLRE,XLRE,XLRE,XLRE,XLRE
Date,,,,,,
2015-10-08,21.185569763183594,30.209999084472656,30.209999084472656,30.010000228881836,30.010000228881836,2000
2015-10-09,21.150503158569336,30.15999984741211,30.200000762939453,30.059999465942383,30.200000762939453,4300
2015-10-12,21.283748626708984,30.350000381469727,30.420000076293945,30.270000457763672,30.420000076293945,2300
2015-10-13,21.150503158569336,30.15999984741211,30.15999984741211,30.15999984741211,30.15999984741211,500
2015-10-14,21.150503158569336,30.15999984741211,30.15999984741211,30.15999984741211,30.15999984741211,0
2015-10-15,21.087387084960938,30.06999969482422,30.06999969482422,30.030000686645508,30.030000686645508,2500
2015-10-16,21.488523483276367,30.642000198364258,30.65999984741211,30.59600067138672,30.59600067138672,400
2015-10-19,21.739580154418945,31.0,31.010000228881836,30.700000762939453,30.700000762939453,2000
2015-10-20,21.760618209838867,31.030000686645508,31.360000610351562,30.989999771118164,31.360000610351562,3200
2015-10-21,21.77815055847168,31.05500030517578,31.05500030517578,31.05500030517578,31.05500030517578,400
2015-10-22,22.053754806518555,31.447999954223633,31.46299934387207,31.177000045776367,31.18000030517578,2200
2015-10-23,21.788665771484375,31.06999969482422,31.06999969482422,30.940000534057617,31.05299949645996,3500
2015-10-26,21.816726684570312,31.110000610351562,31.1200008392334,31.027999877929688,31.027999877929688,600
2015-10-27,21.822330474853516,31.118000030517578,31.1200008392334,31.0,31.059999465942383,3400
2015-10-28,21.743085861206055,31.0049991607666,31.329999923706055,31.0049991607666,31.239999771118164,3200
2015-10-29,21.84196662902832,31.145999908447266,31.145999908447266,31.010000228881836,31.030000686645508,3900
2015-10-30,21.70451545715332,30.950000762939453,30.950000762939453,30.950000762939453,30.950000762939453,200
2015-11-02,21.70451545715332,30.950000762939453,30.950000762939453,30.950000762939453,30.950000762939453,100
2015-11-03,21.98502540588379,31.350000381469727,31.600000381469727,31.31999969482422,31.600000381469727,500
2015-11-04,21.89385986328125,31.219999313354492,31.520000457763672,31.219999313354492,31.520000457763672,1900
2015-11-05,21.809709548950195,31.100000381469727,31.280000686645508,30.950000762939453,31.280000686645508,23800
2015-11-06,21.003238677978516,29.950000762939453,30.3799991607666,29.950000762939453,30.3799991607666,9000
2015-11-09,20.83493423461914,29.709999084472656,30.104000091552734,29.600000381469727,30.059999465942383,45500
2015-11-10,21.05933952331543,30.030000686645508,30.110000610351562,29.850000381469727,30.110000610351562,27200
2015-11-11,21.132272720336914,30.134000778198242,30.260000228881836,29.989999771118164,30.104999542236328,27100
2015-11-12,21.003238677978516,29.950000762939453,30.079999923706055,29.860000610351562,29.860000610351562,63900
2015-11-13,20.729738235473633,29.559999465942383,29.8700008392334,29.555999755859375,29.81999969482422,47700
2015-11-16,20.708703994750977,29.530000686645508,29.6200008392334,29.530000686645508,29.530000686645508,4200
2015-11-17,21.031288146972656,29.989999771118164,30.18000030517578,29.93000030517578,30.0,25700
2015-11-18,21.280242919921875,30.344999313354492,30.344999313354492,26.700000762939453,29.639999389648438,28600
2015-11-19,21.395954132080078,30.510000228881836,30.549999237060547,30.40999984741211,30.40999984741211,3500
2015-11-20,21.571271896362305,30.760000228881836,30.770000457763672,30.709999084472656,30.709999084472656,600
2015-11-23,21.6834774017334,30.920000076293945,31.011999130249023,30.920000076293945,30.969999313354492,2400
2015-11-24,21.353878021240234,30.450000762939453,31.020000457763672,30.450000762939453,31.020000457763672,2500
2015-11-25,21.353878021240234,30.450000762939453,30.450000762939453,30.450000762939453,30.450000762939453,0
2015-11-27,21.515169143676758,30.68000030517578,30.68000030517578,30.68000030517578,30.68000030517578,0
2015-11-30,21.56426239013672,30.75,31.0,30.722000122070312,31.0,1600
2015-12-01,21.92121124267578,31.259000778198242,31.259000778198242,30.979999542236328,30.979999542236328,5600
2015-12-02,21.473093032836914,30.6200008392334,31.219999313354492,30.6200008392334,31.110000610351562,4400
2015-12-03,21.045320510864258,30.010000228881836,30.3700008392334,30.010000228881836,30.3700008392334,800
2015-12-04,21.473093032836914,30.6200008392334,30.829999923706055,30.309999465942383,30.309999465942383,4400
2015-12-07,21.473093032836914,30.6200008392334,30.6200008392334,30.6200008392334,30.6200008392334,0
2015-12-08,21.543222427368164,30.719999313354492,30.760000228881836,29.920000076293945,30.280000686645508,4600
2015-12-09,21.424007415771484,30.549999237060547,30.549999237060547,30.510000228881836,30.510000228881836,600
2015-12-10,21.248687744140625,30.299999237060547,30.299999237060547,30.299999237060547,30.299999237060547,700
2015-12-11,21.135072708129883,30.13800048828125,30.18000030517578,30.13800048828125,30.18000030517578,300
2015-12-14,21.200292587280273,30.231000900268555,30.270000457763672,30.09000015258789,30.100000381469727,600
2015-12-15,21.445045471191406,30.579999923706055,30.790000915527344,30.579999923706055,30.722999572753906,4100
2015-12-16,21.83074951171875,31.1299991607666,31.1299991607666,30.860000610351562,30.860000610351562,1600
2015-12-17,21.802696228027344,31.09000015258789,31.459999084472656,31.058000564575195,31.459999084472656,2400
2015-12-18,21.519081115722656,30.350000381469727,30.59000015258789,30.350000381469727,30.562999725341797,1400
2015-12-21,21.554536819458008,30.399999618530273,30.45599937438965,30.399999618530273,30.45599937438965,500
2015-12-22,21.753063201904297,30.68000030517578,30.68000030517578,30.68000030517578,30.68000030517578,200
2015-12-23,21.965770721435547,30.979999542236328,30.979999542236328,30.75,30.75,4500
2015-12-24,21.987041473388672,31.010000228881836,31.010000228881836,30.856000900268555,30.856000900268555,300
2015-12-28,21.92819595336914,30.927000045776367,31.030000686645508,30.920000076293945,31.030000686645508,2100
2015-12-29,22.29192352294922,31.440000534057617,31.489999771118164,31.25,31.25,3500
2015-12-30,22.29192352294922,31.440000534057617,31.59000015258789,31.440000534057617,31.56999969482422,2000
2015-12-31,22.11041259765625,31.18400001525879,31.389999389648438,31.18400001525879,31.31999969482422,36800
2016-01-04,21.597076416015625,30.459999084472656,30.979999542236328,30.361000061035156,30.979999542236328,1900
2016-01-05,22.25151252746582,31.382999420166016,31.382999420166016,30.93000030517578,30.93000030517578,1500
2016-01-06,22.036672592163086,31.079999923706055,31.184999465942383,30.81999969482422,30.81999969482422,3700
2016-01-07,21.63252830505371,30.510000228881836,30.75,30.506999969482422,30.72100067138672,1500
2016-01-08,21.348920822143555,30.110000610351562,30.518999099731445,30.079999923706055,30.510000228881836,4000
2016-01-11,21.476545333862305,30.290000915527344,30.290000915527344,30.290000915527344,30.290000915527344,500
2016-01-12,21.242563247680664,29.959999084472656,30.110000610351562,29.959999084472656,30.040000915527344,2300
2016-01-13,21.02276039123535,29.649999618530273,30.290000915527344,29.649999618530273,30.239999771118164,3300
2016-01-14,21.093666076660156,29.75,29.827999114990234,29.5,29.827999114990234,3700
2016-01-15,20.739152908325195,29.25,29.299999237060547,29.145999908447266,29.145999908447266,1400
2016-01-19,20.88095474243164,29.450000762939453,29.510000228881836,29.354999542236328,29.510000228881836,4700
2016-01-20,20.320817947387695,28.65999984741211,28.889999389648438,28.1200008392334,28.65999984741211,4600
2016-01-21,20.476802825927734,28.8799991607666,28.8799991607666,28.8799991607666,28.8799991607666,100
2016-01-22,20.9022216796875,29.479999542236328,29.479999542236328,29.457000732421875,29.46500015258789,300
2016-01-25,20.9022216796875,29.479999542236328,29.479999542236328,29.479999542236328,29.479999542236328,0
2016-01-26,21.08799934387207,29.742000579833984,29.856000900268555,29.59000015258789,29.59000015258789,500
2016-01-27,20.9022216796875,29.479999542236328,29.479999542236328,29.479999542236328,29.479999542236328,900
2016-01-28,20.675336837768555,29.15999984741211,29.489999771118164,29.15999984741211,29.479999542236328,1700
2016-01-29,20.69660758972168,29.190000534057617,29.200000762939453,29.010000228881836,29.010000228881836,600
2016-02-01,21.13620948791504,29.809999465942383,29.809999465942383,29.60700035095215,29.60700035095215,700
2016-02-02,20.866775512695312,29.43000030517578,29.68000030517578,29.43000030517578,29.68000030517578,1100
2016-02-03,20.88804817199707,29.459999084472656,29.68000030517578,29.047000885009766,29.68000030517578,3800
2016-02-04,21.013540267944336,29.636999130249023,29.645000457763672,29.444000244140625,29.444000244140625,1500
2016-02-05,20.631372451782227,29.097999572753906,29.209999084472656,29.097999572753906,29.209999084472656,200
2016-02-08,19.53805160522461,27.555999755859375,28.100000381469727,27.555999755859375,28.100000381469727,700
2016-02-09,19.38490104675293,27.34000015258789,27.549999237060547,27.070999145507812,27.420000076293945,1400
2016-02-10,19.796133041381836,27.920000076293945,27.920000076293945,27.920000076293945,27.920000076293945,300
2016-02-11,19.29981231689453,27.219999313354492,27.299999237060547,27.219999313354492,27.299999237060547,800
2016-02-12,19.491249084472656,27.489999771118164,27.507999420166016,27.219999313354492,27.219999313354492,1800
2016-02-16,19.491249084472656,27.489999771118164,27.489999771118164,27.489999771118164,27.489999771118164,100
2016-02-17,20.101022720336914,28.350000381469727,28.450000762939453,28.327999114990234,28.399999618530273,2600
2016-02-18,20.349184036254883,28.700000762939453,28.700000762939453,28.481000900268555,28.481000900268555,3900
2016-02-19,20.320817947387695,28.65999984741211,28.65999984741211,28.65999984741211,28.65999984741211,200
2016-02-22,20.63279151916504,29.100000381469727,29.155000686645508,29.075000762939453,29.100000381469727,800
2016-02-23,20.526443481445312,28.950000762939453,28.950000762939453,28.950000762939453,28.950000762939453,300
2016-02-24,20.54345703125,28.974000930786133,28.974000930786133,28.90999984741211,28.91900062561035,800
2016-02-25,20.675336837768555,29.15999984741211,29.15999984741211,29.15999984741211,29.15999984741211,100
2016-02-26,20.824234008789062,29.3700008392334,29.5049991607666,29.3700008392334,29.5,2500
2016-02-29,20.795866012573242,29.329999923706055,29.649999618530273,29.329999923706055,29.62700080871582,700
2016-03-01,21.292192459106445,30.030000686645508,30.040000915527344,29.790000915527344,29.799999237060547,1000
2016-03-02,21.52617073059082,30.360000610351562,30.360000610351562,30.190000534057617,30.229999542236328,1300
2016-03-03,21.55594825744629,30.402000427246094,30.417999267578125,30.36400032043457,30.36400032043457,1100
2016-03-04,21.618349075317383,30.489999771118164,30.530000686645508,30.440000534057617,30.5,1700
2016-03-07,21.604167938232422,30.469999313354492,30.6299991607666,30.469999313354492,30.610000610351562,1500
2016-03-08,21.571550369262695,30.423999786376953,30.44499969482422,30.423999786376953,30.44499969482422,600
2016-03-09,21.50560760498047,30.33099937438965,30.517000198364258,30.25,30.450000762939453,3700
2016-03-10,21.404218673706055,30.187999725341797,30.649999618530273,30.187999725341797,30.649999618530273,1000
2016-03-11,21.90196418762207,30.889999389648438,30.889999389648438,30.780000686645508,30.780000686645508,400
2016-03-14,21.97286033630371,30.989999771118164,31.097999572753906,30.989999771118164,31.038999557495117,3000
2016-03-15,22.118215560913086,31.19499969482422,31.19499969482422,31.0,31.0,2300
2016-03-16,21.951589584350586,30.959999084472656,31.204999923706055,30.959999084472656,31.200000762939453,1500
2016-03-17,22.6861515045166,31.996000289916992,32.04600143432617,31.979999542236328,31.989999771118164,1100
2016-03-18,22.52651596069336,31.469999313354492,31.780000686645508,31.43000030517578,31.690000534057617,136400
2016-03-21,22.4119873046875,31.309999465942383,31.6200008392334,31.2549991607666,31.6200008392334,3400
2016-03-22,22.37261962890625,31.2549991607666,31.40999984741211,31.214000701904297,31.219999313354492,1600
2016-03-23,22.290307998657227,31.139999389648438,31.336999893188477,31.139999389648438,31.264999389648438,2600
2016-03-24,22.326095581054688,31.190000534057617,31.190000534057617,30.976999282836914,31.010000228881836,2200
2016-03-28,22.469257354736328,31.389999389648438,31.469999313354492,31.010000228881836,31.010000228881836,2600
2016-03-29,22.956012725830078,32.06999969482422,32.06999969482422,31.510000228881836,31.719999313354492,17300
2016-03-30,22.90589141845703,32.0,32.33000183105469,31.9950008392334,32.33000183105469,4200
2016-03-31,23.020429611206055,32.15999984741211,32.15999984741211,32.0,32.0,11300
2016-04-01,23.068387985229492,32.22700119018555,32.22700119018555,32.02299880981445,32.02299880981445,700
2016-04-04,23.034748077392578,32.18000030517578,32.27199935913086,32.099998474121094,32.27199935913086,5300
2016-04-05,22.82859230041504,31.892000198364258,31.899999618530273,31.875999450683594,31.899999618530273,300
2016-04-06,22.891578674316406,31.979999542236328,31.979999542236328,31.850000381469727,31.93000030517578,600
2016-04-07,22.70547866821289,31.719999313354492,32.03300094604492,31.719999313354492,32.03300094604492,2100
2016-04-08,22.920225143432617,32.02000045776367,32.25,32.02000045776367,32.189998626708984,1900
2016-04-11,22.90589141845703,32.0,32.20399856567383,31.993999481201172,32.055999755859375,3100
2016-04-12,23.006114959716797,32.13999938964844,32.189998626708984,32.0890007019043,32.0890007019043,1300
2016-04-13,22.918066024780273,32.016998291015625,32.15999984741211,31.948999404907227,32.13999938964844,2800
2016-04-14,22.827157974243164,31.889999389648438,31.969999313354492,31.844999313354492,31.969999313354492,3600
2016-04-15,22.984634399414062,32.11000061035156,32.11000061035156,31.889999389648438,31.889999389648438,700
2016-04-18,23.070539474487305,32.22999954223633,32.22999954223633,31.850000381469727,32.130001068115234,1000
2016-04-19,22.991796493530273,32.119998931884766,32.40999984741211,32.04499816894531,32.40999984741211,32800
2016-04-20,22.762739181518555,31.799999237060547,32.02000045776367,31.760000228881836,32.0099983215332,1900
2016-04-21,22.235902786254883,31.06399917602539,31.6560001373291,31.010000228881836,31.6299991607666,1300
2016-04-22,22.51936149597168,31.459999084472656,31.600000381469727,31.31999969482422,31.389999389648438,2400
2016-04-25,22.67755889892578,31.680999755859375,31.680999755859375,31.5049991607666,31.5049991607666,2300
2016-04-26,22.74126434326172,31.770000457763672,31.97599983215332,31.770000457763672,31.97599983215332,2500
2016-04-27,22.655366897583008,31.649999618530273,31.649999618530273,31.506000518798828,31.6200008392334,1200
2016-04-28,22.678274154663086,31.68199920654297,33.150001525878906,31.68199920654297,33.150001525878906,1100
2016-04-29,22.462095260620117,31.3799991607666,31.649999618530273,31.09000015258789,31.649999618530273,20100
2016-05-02,22.698314666748047,31.709999084472656,31.80900001525879,31.190000534057617,31.190000534057617,3800
2016-05-03,22.81284523010254,31.8700008392334,31.8700008392334,31.604999542236328,31.604999542236328,4700
2016-05-04,23.14211654663086,32.33000183105469,32.33000183105469,31.674999237060547,31.674999237060547,1700
2016-05-05,23.163589477539062,32.36000061035156,32.369998931884766,32.30500030517578,32.34000015258789,2700
2016-05-06,23.2852783203125,32.529998779296875,32.667999267578125,32.23500061035156,32.25600051879883,3800
2016-05-09,23.52006721496582,32.858001708984375,32.9010009765625,32.75,32.779998779296875,5200
2016-05-10,23.60738754272461,32.97999954223633,33.189998626708984,32.91299819946289,33.189998626708984,7700
2016-05-11,23.177906036376953,32.380001068115234,33.09000015258789,32.2400016784668,33.09000015258789,7100
2016-05-12,23.25664520263672,32.4900016784668,32.60499954223633,32.18000030517578,32.470001220703125,3600
2016-05-13,22.920936584472656,32.020999908447266,32.994998931884766,31.90999984741211,32.43000030517578,3700
2016-05-16,23.233741760253906,32.45800018310547,32.5,32.119998931884766,32.119998931884766,7000
2016-05-17,22.848634719848633,31.920000076293945,32.099998474121094,31.920000076293945,32.0,2400
2016-05-18,22.285297393798828,31.132999420166016,31.940000534057617,31.132999420166016,31.940000534057617,5700
2016-05-19,22.24019432067871,31.06999969482422,31.158000946044922,30.985000610351562,31.040000915527344,3000
2016-05-20,22.391952514648438,31.281999588012695,31.299999237060547,31.224000930786133,31.25,2700
2016-05-23,22.462095260620117,31.3799991607666,31.420000076293945,31.350000381469727,31.40999984741211,4200
2016-05-24,22.61241912841797,31.59000015258789,31.719999313354492,31.59000015258789,31.700000762939453,3500
2016-05-25,22.765609741210938,31.804000854492188,31.899999618530273,31.469999313354492,31.899999618530273,5600
2016-05-26,22.748424530029297,31.780000686645508,31.790000915527344,31.68000030517578,31.68000030517578,1000
2016-05-27,22.837900161743164,31.905000686645508,32.02000045776367,31.86400032043457,31.989999771118164,1500
2016-05-31,22.848634719848633,31.920000076293945,32.0099983215332,31.722000122070312,32.0099983215332,2500
2016-06-01,22.762739181518555,31.799999237060547,31.809999465942383,31.634000778198242,31.75,2500
2016-06-02,22.834318161010742,31.899999618530273,31.899999618530273,31.832000732421875,31.832000732421875,800
2016-06-03,22.937395095825195,32.04399871826172,32.15999984741211,31.90999984741211,31.90999984741211,2400
2016-06-06,22.948850631713867,32.060001373291016,32.09000015258789,31.899999618530273,32.09000015258789,3100
2016-06-07,22.96746253967285,32.08599853515625,32.237998962402344,32.0,32.060001373291016,2500
2016-06-08,23.07769203186035,32.2400016784668,32.25,32.04999923706055,32.06999969482422,2700
2016-06-09,23.126371383666992,32.30799865722656,32.30799865722656,32.141998291015625,32.2599983215332,6100
2016-06-10,23.013275146484375,32.150001525878906,32.20000076293945,32.119998931884766,32.119998931884766,1600
2016-06-13,23.006114959716797,32.13999938964844,32.38800048828125,32.13999938964844,32.349998474121094,5800
2016-06-14,22.89874267578125,31.989999771118164,32.099998474121094,31.950000762939453,32.02799987792969,4900
2016-06-15,23.134960174560547,32.31999969482422,32.41999816894531,32.23099899291992,32.23099899291992,8600
2016-06-16,23.253786087036133,32.486000061035156,32.52000045776367,32.18199920654297,32.183998107910156,7200
2016-06-17,23.217693328857422,32.16999816894531,32.20000076293945,31.898000717163086,32.02000045776367,6800
2016-06-20,23.239349365234375,32.20000076293945,32.4900016784668,32.20000076293945,32.4900016784668,4900
2016-06-21,23.4269962310791,32.459999084472656,32.459999084472656,32.369998931884766,32.369998931884766,3200
2016-06-22,23.40534019470215,32.43000030517578,32.470001220703125,32.32699966430664,32.38999938964844,2700
2016-06-23,23.506383895874023,32.56999969482422,32.56999969482422,32.53099822998047,32.53099822998047,5300
2016-06-24,23.210479736328125,32.15999984741211,32.25,31.850000381469727,32.0,5700
2016-06-27,23.17439842224121,32.11000061035156,32.209999084472656,31.885000228881836,32.0,3400
2016-06-28,23.60021209716797,32.70000076293945,32.70000076293945,32.4900016784668,32.58000183105469,8600
2016-06-29,24.047670364379883,33.31999969482422,33.34000015258789,33.17599868774414,33.2400016784668,7600
2016-06-30,24.242538452148438,33.59000015258789,33.599998474121094,33.23099899291992,33.540000915527344,11900
2016-07-01,24.228105545043945,33.56999969482422,33.83000183105469,33.529998779296875,33.83000183105469,4900
2016-07-05,24.40492820739746,33.814998626708984,33.84000015258789,33.61000061035156,33.61000061035156,2300
2016-07-06,24.372453689575195,33.77000045776367,33.9900016784668,33.58000183105469,33.9900016784668,8300
2016-07-07,24.06932258605957,33.349998474121094,33.900001525878906,33.327999114990234,33.900001525878906,3400
2016-07-08,24.48648452758789,33.928001403808594,34.0,33.60100173950195,33.72999954223633,17900
2016-07-11,24.675567626953125,34.189998626708984,34.220001220703125,33.86000061035156,34.220001220703125,6100
2016-07-12,24.72609519958496,34.2599983215332,34.2599983215332,33.970001220703125,34.2599983215332,919000
2016-07-13,24.841556549072266,34.41999816894531,34.41999816894531,34.21099853515625,34.31999969482422,27800
2016-07-14,24.703710556030273,34.229000091552734,34.47999954223633,34.08599853515625,34.47999954223633,8400
2016-07-15,24.667633056640625,34.17900085449219,34.17900085449219,33.96699905395508,34.040000915527344,304400
2016-07-18,24.675567626953125,34.189998626708984,34.220001220703125,34.06999969482422,34.220001220703125,6700
2016-07-19,24.746299743652344,34.28799819946289,34.290000915527344,34.10499954223633,34.10499954223633,7200
2016-07-20,24.71165657043457,34.2400016784668,34.33000183105469,34.17100143432617,34.33000183105469,9400
2016-07-21,24.783830642700195,34.34000015258789,34.36000061035156,34.11000061035156,34.2599983215332,8300
2016-07-22,24.97147560119629,34.599998474121094,34.720001220703125,34.46500015258789,34.5,10900
2016-07-25,24.935388565063477,34.54999923706055,34.650001525878906,34.400001525878906,34.650001525878906,22800
2016-07-26,24.794654846191406,34.35499954223633,34.650001525878906,34.32099914550781,34.650001525878906,8500
2016-07-27,24.610610961914062,34.099998474121094,34.56999969482422,33.97999954223633,34.56999969482422,8400
2016-07-28,24.762178421020508,34.310001373291016,34.41999816894531,33.98500061035156,34.15999984741211,10600
2016-07-29,25.02777099609375,34.678001403808594,34.77000045776367,34.36000061035156,34.36000061035156,17500
2016-08-01,25.10860252380371,34.790000915527344,34.81999969482422,34.595001220703125,34.709999084472656,30700
2016-08-02,24.72609519958496,34.2599983215332,34.75,34.19300079345703,34.75,90100
2016-08-03,24.53844451904297,34.0,34.279998779296875,33.9109992980957,34.279998779296875,22000
2016-08-04,24.495141983032227,33.939998626708984,34.15999984741211,33.81999969482422,34.15999984741211,234100
2016-08-05,24.495141983032227,33.939998626708984,34.029998779296875,33.880001068115234,33.97999954223633,21500
2016-08-08,24.4879207611084,33.93000030517578,34.06800079345703,33.93000030517578,33.939998626708984,45100
2016-08-09,24.65390968322754,34.15999984741211,34.15999984741211,33.83000183105469,34.099998474121094,204300
2016-08-10,24.603397369384766,34.09000015258789,34.2400016784668,34.02000045776367,34.2400016784668,12300
2016-08-11,24.372453689575195,33.77000045776367,34.21500015258789,33.619998931884766,34.21500015258789,19400
2016-08-12,24.45183753967285,33.880001068115234,34.11000061035156,33.79499816894531,34.11000061035156,11600
2016-08-15,24.422971725463867,33.84000015258789,34.09000015258789,33.83000183105469,34.09000015258789,14900
2016-08-16,24.12706756591797,33.43000030517578,33.630001068115234,33.43000030517578,33.630001068115234,18600
2016-08-17,24.228105545043945,33.56999969482422,33.599998474121094,33.2599983215332,33.599998474121094,18300
2016-08-18,24.17758560180664,33.5,33.59000015258789,33.400001525878906,33.59000015258789,11700
2016-08-19,23.989938735961914,33.2400016784668,33.439998626708984,33.130001068115234,33.439998626708984,20900
2016-08-22,24.10541343688965,33.400001525878906,33.400001525878906,33.119998931884766,33.119998931884766,56300
2016-08-23,24.090978622436523,33.380001068115234,33.540000915527344,33.380001068115234,33.540000915527344,60600
2016-08-24,24.026025772094727,33.290000915527344,33.54999923706055,33.13999938964844,33.54999923706055,58700
2016-08-25,24.12706756591797,33.43000030517578,33.63999938964844,33.130001068115234,33.130001068115234,24400
2016-08-26,23.888891220092773,33.099998474121094,33.58000183105469,32.900001525878906,33.540000915527344,33700
2016-08-29,24.12706756591797,33.43000030517578,33.47999954223633,33.069000244140625,33.130001068115234,22900
2016-08-30,24.054887771606445,33.33000183105469,33.4900016784668,33.15999984741211,33.4900016784668,38600
2016-08-31,24.090978622436523,33.380001068115234,33.459999084472656,33.189998626708984,33.43000030517578,143400
2016-09-01,24.08376121520996,33.369998931884766,33.5099983215332,33.15999984741211,33.5099983215332,69500
2016-09-02,24.242538452148438,33.59000015258789,33.88999938964844,33.400001525878906,33.400001525878906,48900
2016-09-06,24.44462013244629,33.869998931884766,33.88999938964844,33.5,33.7599983215332,169500
2016-09-07,24.56650733947754,33.86000061035156,33.86000061035156,33.56999969482422,33.79999923706055,555900
2016-09-08,24.25453758239746,33.43000030517578,33.900001525878906,33.43000030517578,33.81999969482422,322500
2016-09-09,23.333105087280273,32.15999984741211,33.220001220703125,32.119998931884766,33.220001220703125,906700
2016-09-12,23.427425384521484,32.290000915527344,32.68000030517578,32.0,32.150001525878906,5085900
2016-09-13,23.01386833190918,31.719999313354492,32.34000015258789,31.65999984741211,32.209999084472656,926700
2016-09-14,23.057409286499023,31.780000686645508,32.209999084472656,31.649999618530273,32.209999084472656,532100
2016-09-15,23.23153305053711,32.02000045776367,32.04999923706055,31.670000076293945,31.829999923706055,528600
2016-09-16,23.15172576904297,31.90999984741211,32.04999923706055,31.719999313354492,32.04999923706055,2119500
2016-09-19,23.391149520874023,32.2400016784668,32.27000045776367,31.950000762939453,31.989999771118164,4242400
2016-09-20,23.347618103027344,32.18000030517578,32.470001220703125,32.18000030517578,32.470001220703125,3387100
2016-09-21,23.616064071655273,32.54999923706055,32.63999938964844,31.829999923706055,32.13999938964844,2247900
2016-09-22,24.080398559570312,33.189998626708984,33.25,32.77000045776367,32.77000045776367,1728200
2016-09-23,24.174718856811523,33.31999969482422,33.45000076293945,32.84000015258789,33.06999969482422,19150800
2016-09-26,24.225507736206055,33.38999938964844,33.439998626708984,33.130001068115234,33.150001525878906,2998900
2016-09-27,24.015098571777344,33.099998474121094,33.439998626708984,33.060001373291016,33.369998931884766,3562300
2016-09-28,24.181978225708008,33.33000183105469,33.349998474121094,33.060001373291016,33.11000061035156,4122700
2016-09-29,23.88451385498047,32.91999816894531,33.290000915527344,32.810001373291016,33.18000030517578,2674400
2016-09-30,23.775678634643555,32.77000045776367,33.279998779296875,32.72999954223633,33.0099983215332,2058000
2016-10-03,23.318592071533203,32.13999938964844,32.70000076293945,32.09000015258789,32.65999984741211,2344800
2016-10-04,22.96308135986328,31.649999618530273,32.150001525878906,31.472999572753906,32.150001525878906,3262600
2016-10-05,22.53502082824707,31.059999465942383,31.850000381469727,30.954999923706055,31.65999984741211,4848700
2016-10-06,22.57855224609375,31.1200008392334,31.329999923706055,30.6299991607666,30.920000076293945,2438800
2016-10-07,22.520505905151367,31.040000915527344,31.600000381469727,30.899999618530273,31.190000534057617,1711500
2016-10-10,22.607574462890625,31.15999984741211,31.315000534057617,31.0,31.049999237060547,2403900
2016-10-11,22.433446884155273,30.920000076293945,31.200000762939453,30.822999954223633,31.079999923706055,1770400
2016-10-12,22.752681732177734,31.360000610351562,31.360000610351562,30.93000030517578,30.969999313354492,1411700
2016-10-13,22.82522964477539,31.459999084472656,31.540000915527344,31.1200008392334,31.270000457763672,3299300
2016-10-14,22.79621124267578,31.420000076293945,31.729999542236328,31.350000381469727,31.559999465942383,2381400
2016-10-17,22.817981719970703,31.450000762939453,31.610000610351562,31.399999618530273,31.420000076293945,1148300
2016-10-18,22.934062957763672,31.610000610351562,31.809999465942383,31.54400062561035,31.649999618530273,4753200
2016-10-19,23.021129608154297,31.729999542236328,31.760000228881836,31.440000534057617,31.760000228881836,1515600
2016-10-20,22.941322326660156,31.6200008392334,31.829999923706055,31.46500015258789,31.56999969482422,1977100
2016-10-21,22.92680549621582,31.600000381469727,31.610000610351562,31.350000381469727,31.399999618530273,1295700
2016-10-24,22.95583152770996,31.639999389648438,31.959999084472656,31.541000366210938,31.649999618530273,1108700
2016-10-25,22.92680549621582,31.600000381469727,31.6299991607666,31.40999984741211,31.530000686645508,1402700
2016-10-26,22.629335403442383,31.190000534057617,31.5,30.989999771118164,31.399999618530273,1481900
2016-10-27,22.09244728088379,30.450000762939453,31.110000610351562,30.354999542236328,31.110000610351562,1409100
2016-10-28,22.15048599243164,30.530000686645508,30.78499984741211,30.43000030517578,30.549999237060547,2338200
2016-10-31,22.45521354675293,30.950000762939453,30.979999542236328,30.52199935913086,30.600000381469727,1071400
2016-11-01,22.012638092041016,30.34000015258789,30.900999069213867,30.204999923706055,30.8700008392334,3438600
2016-11-02,21.6716365814209,29.8700008392334,30.31999969482422,29.8700008392334,30.25,1699300
2016-11-03,21.57731819152832,29.739999771118164,29.920000076293945,29.68000030517578,29.81999969482422,1922500
2016-11-04,21.722431182861328,29.940000534057617,30.049999237060547,29.670000076293945,29.770000457763672,1757400
2016-11-07,22.12146759033203,30.489999771118164,30.510000228881836,30.1299991607666,30.139999389648438,2997600
2016-11-08,22.259321212768555,30.68000030517578,30.770000457763672,30.360000610351562,30.3799991607666,1513400
2016-11-09,21.758703231811523,29.989999771118164,30.243999481201172,29.479999542236328,29.68000030517578,4760900
2016-11-10,21.432209014892578,29.540000915527344,29.8700008392334,29.073999404907227,29.850000381469727,5345000
2016-11-11,21.453977584838867,29.56999969482422,29.90999984741211,29.469999313354492,29.469999313354492,3702500
2016-11-14,21.874788284301758,30.149999618530273,30.270000457763672,29.200000762939453,29.40999984741211,4315200
2016-11-15,21.729684829711914,29.950000762939453,30.520000457763672,29.790000915527344,30.170000076293945,3161100
2016-11-16,21.715164184570312,29.93000030517578,30.09000015258789,29.700000762939453,29.81999969482422,2059000
2016-11-17,21.512014389038086,29.649999618530273,30.09000015258789,29.600000381469727,29.860000610351562,1573600
2016-11-18,21.55554962158203,29.709999084472656,29.809999465942383,29.5,29.600000381469727,1276900
2016-11-21,21.49751091003418,29.6299991607666,29.979999542236328,29.610000610351562,29.75,1584900
2016-11-22,21.867530822753906,30.139999389648438,30.190000534057617,29.670000076293945,29.709999084472656,2567200
2016-11-23,21.715164184570312,29.93000030517578,30.020000457763672,29.709999084472656,29.8700008392334,1666200
2016-11-25,21.809492111206055,30.059999465942383,30.229999542236328,29.940000534057617,29.940000534057617,790000
2016-11-28,21.889301300048828,30.170000076293945,30.385000228881836,30.0,30.0,1957300
2016-11-29,22.041662216186523,30.3799991607666,30.549999237060547,30.110000610351562,30.110000610351562,1769200
2016-11-30,21.773212432861328,30.010000228881836,30.2549991607666,29.899999618530273,30.100000381469727,2233900
2016-12-01,21.43946647644043,29.549999237060547,29.913999557495117,29.40999984741211,29.81999969482422,2486800
2016-12-02,21.642614364624023,29.829999923706055,30.121000289916992,29.549999237060547,29.639999389648438,2399200
2016-12-05,21.816741943359375,30.06999969482422,30.104999542236328,29.764999389648438,29.829999923706055,1608800
2016-12-06,21.911067962646484,30.200000762939453,30.3799991607666,30.059999465942383,30.110000610351562,1341000
2016-12-07,22.368146896362305,30.829999923706055,30.8799991607666,30.229999542236328,30.229999542236328,2068400
2016-12-08,22.484233856201172,30.989999771118164,31.1200008392334,30.510000228881836,30.510000228881836,1703900
2016-12-09,22.469724655151367,30.969999313354492,31.260000228881836,30.93000030517578,30.940000534057617,1664600
2016-12-12,22.701889038085938,31.290000915527344,31.304000854492188,30.790000915527344,30.850000381469727,2744800
2016-12-13,22.75993537902832,31.3700008392334,31.479999542236328,31.14699935913086,31.40999984741211,2182100
2016-12-14,22.360891342163086,30.81999969482422,31.399999618530273,30.729999542236328,31.34000015258789,3364000
2016-12-15,22.17951011657715,30.56999969482422,30.924999237060547,30.510000228881836,30.729999542236328,3224700
2016-12-16,22.490571975708008,30.440000534057617,30.610000610351562,30.09000015258789,30.1299991607666,3455600
2016-12-19,22.690052032470703,30.709999084472656,30.809999465942383,30.450000762939453,30.530000686645508,2260000
2016-12-20,22.704833984375,30.729999542236328,30.8700008392334,30.55500030517578,30.65999984741211,1764200
2016-12-21,22.41667938232422,30.34000015258789,30.940000534057617,30.31999969482422,30.75,1871800
2016-12-22,22.387126922607422,30.299999237060547,30.323999404907227,30.006000518798828,30.239999771118164,1399800
2016-12-23,22.409292221069336,30.329999923706055,30.43000030517578,30.229999542236328,30.31999969482422,931600
2016-12-27,22.46839714050293,30.40999984741211,30.520000457763672,30.280000686645508,30.399999618530273,1143600
2016-12-28,22.298463821411133,30.18000030517578,30.459999084472656,30.114999771118164,30.389999389648438,2570500
2016-12-29,22.505338668823242,30.459999084472656,30.569000244140625,30.1299991607666,30.209999084472656,1526200
2016-12-30,22.719606399536133,30.75,30.81999969482422,30.3799991607666,30.43000030517578,1853300
2017-01-03,22.793495178222656,30.850000381469727,30.979000091552734,30.634000778198242,30.860000610351562,2682300
2017-01-04,23.081645965576172,31.239999771118164,31.295000076293945,30.860000610351562,30.8700008392334,1838000
2017-01-05,23.19985580444336,31.399999618530273,31.420000076293945,30.833999633789062,31.079999923706055,2198800
2017-01-06,23.19985580444336,31.399999618530273,31.549999237060547,31.239999771118164,31.25,1747500
2017-01-09,23.052093505859375,31.200000762939453,31.469999313354492,31.15999984741211,31.440000534057617,2125400
2017-01-10,22.76393699645996,30.809999465942383,31.200000762939453,30.780000686645508,31.149999618530273,1582700
2017-01-11,22.638338088989258,30.639999389648438,30.86400032043457,30.6200008392334,30.760000228881836,2192400
2017-01-12,22.72699546813965,30.760000228881836,30.795000076293945,30.389999389648438,30.540000915527344,1481100
2017-01-13,22.675275802612305,30.690000534057617,30.829999923706055,30.6299991607666,30.670000076293945,1469600
2017-01-17,22.8599910736084,30.940000534057617,30.959999084472656,30.600000381469727,30.670000076293945,1759100
2017-01-18,22.91170883178711,31.010000228881836,31.139999389648438,30.889999389648438,30.979999542236328,1575700
2017-01-19,22.690052032470703,30.709999084472656,30.90999984741211,30.645000457763672,30.8799991607666,1631100
2017-01-20,22.83043670654297,30.899999618530273,30.93000030517578,30.649999618530273,30.690000534057617,1605100
2017-01-23,22.970821380615234,31.09000015258789,31.149999618530273,30.84000015258789,30.84000015258789,3551400
2017-01-24,22.978208541870117,31.100000381469727,31.209999084472656,30.969999313354492,31.020000457763672,1890200
2017-01-25,22.83782386779785,30.90999984741211,31.25,30.822999954223633,31.25,1630800
2017-01-26,22.823049545288086,30.889999389648438,31.100000381469727,30.860000610351562,30.90999984741211,1486000
2017-01-27,22.63094711303711,30.6299991607666,31.0,30.520000457763672,30.969999313354492,1649800
2017-01-30,22.505338668823242,30.459999084472656,30.65999984741211,30.3700008392334,30.510000228881836,2281100
2017-01-31,22.690052032470703,30.709999084472656,30.8799991607666,30.510000228881836,30.520000457763672,1712200
2017-02-01,22.438846588134766,30.3700008392334,30.8700008392334,30.350000381469727,30.670000076293945,1835900
2017-02-02,22.704833984375,30.729999542236328,30.770000457763672,30.31999969482422,30.31999969482422,2040600
2017-02-03,22.852598190307617,30.93000030517578,31.020000457763672,30.809999465942383,30.90999984741211,1745200
2017-02-06,22.71221923828125,30.739999771118164,30.950000762939453,30.700000762939453,30.8700008392334,1362600
2017-02-07,22.667892456054688,30.68000030517578,30.8700008392334,30.645000457763672,30.799999237060547,1496700
2017-02-08,22.8599910736084,30.940000534057617,31.0049991607666,30.639999389648438,30.639999389648438,1378900
2017-02-09,22.956045150756836,31.06999969482422,31.09000015258789,30.889999389648438,30.940000534057617,1821600
2017-02-10,23.1112003326416,31.280000686645508,31.299999237060547,30.979999542236328,31.020000457763672,1524500
2017-02-13,23.22202491760254,31.43000030517578,31.479999542236328,31.18000030517578,31.34000015258789,1896700
2017-02-14,23.10381317138672,31.270000457763672,31.371999740600586,30.989999771118164,31.350000381469727,2444600
2017-02-15,23.037309646606445,31.18000030517578,31.25,30.899999618530273,31.049999237060547,3360300
2017-02-16,23.133359909057617,31.309999465942383,31.549999237060547,31.139999389648438,31.149999618530273,3238300
2017-02-17,23.19985580444336,31.399999618530273,31.489999771118164,31.21500015258789,31.280000686645508,3247900
2017-02-21,23.51756477355957,31.829999923706055,31.864999771118164,31.34000015258789,31.350000381469727,4280800
2017-02-22,23.428903579711914,31.709999084472656,31.969999313354492,31.579999923706055,31.84000015258789,2463200
2017-02-23,23.584064483642578,31.920000076293945,31.959999084472656,31.670000076293945,31.84000015258789,1938400
2017-02-24,23.702274322509766,32.08000183105469,32.095001220703125,31.770000457763672,31.920000076293945,2542500
2017-02-27,23.820497512817383,32.2400016784668,32.349998474121094,32.09000015258789,32.09000015258789,1902400
2017-02-28,23.746604919433594,32.13999938964844,32.2869987487793,32.073001861572266,32.150001525878906,2041100
2017-03-01,23.687503814697266,32.060001373291016,32.24800109863281,31.920000076293945,32.060001373291016,3039800
2017-03-02,23.613615036010742,31.959999084472656,32.09000015258789,31.8700008392334,32.0,2142800
2017-03-03,23.53973388671875,31.860000610351562,31.959999084472656,31.56999969482422,31.889999389648438,1804500
2017-03-06,23.443683624267578,31.729999542236328,31.799999237060547,31.584999084472656,31.719999313354492,2279600
2017-03-07,23.36241340637207,31.6200008392334,31.719999313354492,31.45400047302246,31.709999084472656,1645900
2017-03-08,23.015148162841797,31.149999618530273,31.540000915527344,31.135000228881836,31.450000762939453,1665900
2017-03-09,22.719606399536133,30.75,31.264999389648438,30.700000762939453,31.139999389648438,3171600
2017-03-10,22.69743537902832,30.719999313354492,31.15999984741211,30.540000915527344,30.90999984741211,1691100
2017-03-13,22.72699546813965,30.760000228881836,30.906999588012695,30.665000915527344,30.719999313354492,1929300
2017-03-14,22.69743537902832,30.719999313354492,30.81999969482422,30.600000381469727,30.719999313354492,2139600
2017-03-15,23.133359909057617,31.309999465942383,31.450000762939453,30.790000915527344,30.790000915527344,3130200
2017-03-16,23.081645965576172,31.239999771118164,31.440000534057617,31.15999984741211,31.299999237060547,1667700
2017-03-17,23.12476921081543,31.100000381469727,31.246999740600586,31.010000228881836,31.079999923706055,2376300
2017-03-20,23.147075653076172,31.1299991607666,31.2450008392334,31.049999237060547,31.100000381469727,1573300
2017-03-21,23.10989761352539,31.079999923706055,31.34000015258789,31.065000534057617,31.200000762939453,3225200
2017-03-22,23.161951065063477,31.149999618530273,31.177000045776367,30.860000610351562,31.139999389648438,3095500
2017-03-23,23.332965850830078,31.3799991607666,31.565000534057617,31.100000381469727,31.100000381469727,2233400
2017-03-24,23.3106632232666,31.350000381469727,31.530000686645508,31.26799964904785,31.440000534057617,3880200
2017-03-27,23.12476921081543,31.100000381469727,31.395000457763672,31.03499984741211,31.280000686645508,3656300
2017-03-28,23.258615493774414,31.280000686645508,31.31999969482422,30.940000534057617,31.079999923706055,2237100
2017-03-29,23.340404510498047,31.389999389648438,31.399999618530273,31.15999984741211,31.200000762939453,1632300
2017-03-30,23.3924560546875,31.459999084472656,31.489999771118164,31.125,31.31999969482422,1888600
2017-03-31,23.496549606323242,31.600000381469727,31.700000762939453,31.3799991607666,31.420000076293945,2066900
2017-04-03,23.52629852294922,31.639999389648438,31.700000762939453,31.514999389648438,31.65999984741211,1877400
2017-04-04,23.459369659423828,31.549999237060547,31.799999237060547,31.525999069213867,31.639999389648438,1737500
2017-04-05,23.496549606323242,31.600000381469727,31.770000457763672,31.549999237060547,31.579999923706055,2115200
2017-04-06,23.630390167236328,31.780000686645508,31.799999237060547,31.450000762939453,31.579999923706055,1374700
2017-04-07,23.660137176513672,31.81999969482422,31.940000534057617,31.729999542236328,31.780000686645508,1401000
2017-04-10,23.82371711730957,32.040000915527344,32.08000183105469,31.790000915527344,31.899999618530273,1474200
2017-04-11,23.93525505065918,32.189998626708984,32.249000549316406,32.025001525878906,32.060001373291016,1626600
2017-04-12,23.898075103759766,32.13999938964844,32.279998779296875,32.08000183105469,32.13999938964844,1814200
2017-04-13,23.846027374267578,32.06999969482422,32.215999603271484,32.04999923706055,32.13999938964844,2052000
2017-04-17,24.12113380432129,32.439998626708984,32.45000076293945,32.099998474121094,32.099998474121094,2002800
2017-04-18,24.18062973022461,32.52000045776367,32.560001373291016,32.290000915527344,32.36000061035156,4023300
2017-04-19,24.12858009338379,32.45000076293945,32.590999603271484,32.404998779296875,32.54999923706055,1692800
2017-04-20,24.12113380432129,32.439998626708984,32.47999954223633,32.279998779296875,32.41999816894531,2695000
2017-04-21,24.039352416992188,32.33000183105469,32.540000915527344,32.25,32.400001525878906,2376700
2017-04-24,23.80140495300293,32.0099983215332,32.5,31.770000457763672,32.459999084472656,1928000
2017-04-25,23.85345458984375,32.08000183105469,32.130001068115234,31.954999923706055,32.06999969482422,1458500
2017-04-26,23.652698516845703,31.809999465942383,32.09000015258789,31.780000686645508,32.02000045776367,1489400
2017-04-27,23.667572021484375,31.829999923706055,32.02000045776367,31.770000457763672,31.81999969482422,1436500
2017-04-28,23.533729553222656,31.649999618530273,31.81999969482422,31.489999771118164,31.790000915527344,1816500
2017-05-01,23.68244171142578,31.850000381469727,31.906999588012695,31.579999923706055,31.700000762939453,2636700
2017-05-02,23.68988037109375,31.860000610351562,31.97100067138672,31.719999313354492,31.81999969482422,1845600
2017-05-03,23.39988899230957,31.469999313354492,31.93000030517578,31.389999389648438,31.809999465942383,2193400
2017-05-04,23.42219352722168,31.5,31.533000946044922,31.139999389648438,31.309999465942383,1428400
2017-05-05,23.60808563232422,31.75,31.760000228881836,31.530000686645508,31.530000686645508,1717400
2017-05-08,23.481679916381836,31.579999923706055,31.833999633789062,31.420000076293945,31.709999084472656,1279800
2017-05-09,23.3924560546875,31.459999084472656,31.59000015258789,31.350000381469727,31.540000915527344,1770200
2017-05-10,23.51885986328125,31.6299991607666,31.739999771118164,31.399999618530273,31.459999084472656,1520300
2017-05-11,23.407318115234375,31.479999542236328,31.510000228881836,31.229999542236328,31.489999771118164,1999100
2017-05-12,23.318096160888672,31.360000610351562,31.510000228881836,31.31999969482422,31.469999313354492,1506800
2017-05-15,23.42219352722168,31.5,31.65999984741211,31.354000091552734,31.360000610351562,2380100
2017-05-16,23.303224563598633,31.34000015258789,31.489999771118164,31.264999389648438,31.479999542236328,1369100
2017-05-17,23.45193862915039,31.540000915527344,31.690000534057617,31.25,31.25,2978800
2017-05-18,23.496549606323242,31.600000381469727,31.665000915527344,31.290000915527344,31.450000762939453,2455800
2017-05-19,23.630390167236328,31.780000686645508,31.93000030517578,31.440000534057617,31.56999969482422,1397300
2017-05-22,23.68988037109375,31.860000610351562,31.969999313354492,31.719999313354492,31.780000686645508,1371300
2017-05-23,23.719615936279297,31.899999618530273,32.029998779296875,31.850000381469727,31.889999389648438,1995000
2017-05-24,23.85345458984375,32.08000183105469,32.130001068115234,31.8700008392334,31.8700008392334,1051700
2017-05-25,23.94268798828125,32.20000076293945,32.347999572753906,32.029998779296875,32.13999938964844,1042900
2017-05-26,23.793975830078125,32.0,32.268001556396484,31.920000076293945,32.209999084472656,1352100
2017-05-30,23.72705841064453,31.90999984741211,32.060001373291016,31.899999618530273,31.989999771118164,898800
2017-05-31,23.68988037109375,31.860000610351562,32.060001373291016,31.809999465942383,31.950000762939453,1616300
2017-06-01,23.764230728149414,31.959999084472656,32.0099983215332,31.725000381469727,31.8700008392334,1563000
2017-06-02,23.972434997558594,32.2400016784668,32.30699920654297,32.06999969482422,32.13999938964844,1224900
2017-06-05,23.912946701049805,32.15999984741211,32.2400016784668,32.0,32.189998626708984,1287600
2017-06-06,23.80140495300293,32.0099983215332,32.16999816894531,31.979999542236328,32.16999816894531,1316500
2017-06-07,23.927820205688477,32.18000030517578,32.209999084472656,31.950000762939453,32.04999923706055,1078800
2017-06-08,23.8162841796875,32.029998779296875,32.22999954223633,31.770000457763672,32.16999816894531,2293800
2017-06-09,23.927820205688477,32.18000030517578,32.2599983215332,31.889999389648438,31.979999542236328,1787600
2017-06-12,24.083961486816406,32.38999938964844,32.400001525878906,32.0099983215332,32.09000015258789,3136000
2017-06-13,24.14345932006836,32.470001220703125,32.4900016784668,32.27000045776367,32.45000076293945,1567300
2017-06-14,24.21780776977539,32.56999969482422,32.790000915527344,32.46500015258789,32.7400016784668,2232900
2017-06-15,24.336776733398438,32.72999954223633,32.823001861572266,32.349998474121094,32.43000030517578,1347300
2017-06-16,24.323270797729492,32.439998626708984,32.529998779296875,32.310001373291016,32.5099983215332,1754100
2017-06-19,24.338274002075195,32.459999084472656,32.5,32.31999969482422,32.470001220703125,6082200
2017-06-20,24.29329490661621,32.400001525878906,32.56999969482422,32.183998107910156,32.4900016784668,2348900
2017-06-21,24.24080467224121,32.33000183105469,32.439998626708984,32.15999984741211,32.40999984741211,1659900
2017-06-22,24.25579833984375,32.349998474121094,32.45000076293945,32.202999114990234,32.290000915527344,5944300
2017-06-23,24.36077117919922,32.4900016784668,32.619998931884766,32.34600067138672,32.349998474121094,8197700
2017-06-26,24.473243713378906,32.63999938964844,32.7760009765625,32.540000915527344,32.540000915527344,2483200
2017-06-27,24.375761032104492,32.5099983215332,32.834999084472656,32.5099983215332,32.54999923706055,2173300
2017-06-28,24.4057559967041,32.54999923706055,32.66999816894531,32.47999954223633,32.59000015258789,2715000
2017-06-29,24.158329010009766,32.220001220703125,32.41999816894531,32.15999984741211,32.34000015258789,3041700
2017-06-30,24.143325805664062,32.20000076293945,32.45000076293945,32.11000061035156,32.25,1256800
2017-07-03,24.36826515197754,32.5,32.560001373291016,32.220001220703125,32.34000015258789,1035700
2017-07-05,24.07585334777832,32.11000061035156,32.58000183105469,32.02000045776367,32.41999816894531,2908600
2017-07-06,23.64097023010254,31.530000686645508,32.0099983215332,31.489999771118164,32.0,1840000
2017-07-07,23.775938034057617,31.709999084472656,31.790000915527344,31.520000457763672,31.520000457763672,1325000
2017-07-10,23.588483810424805,31.459999084472656,31.799999237060547,31.450000762939453,31.729999542236328,1098200
2017-07-11,23.550996780395508,31.40999984741211,31.530000686645508,31.209999084472656,31.43000030517578,1279300
2017-07-12,23.858413696289062,31.81999969482422,31.93000030517578,31.579999923706055,31.579999923706055,1910800
2017-07-13,23.90339469909668,31.8799991607666,31.934999465942383,31.770000457763672,31.829999923706055,1181500
2017-07-14,24.143325805664062,32.20000076293945,32.2400016784668,31.989999771118164,31.989999771118164,1167400
2017-07-17,24.195812225341797,32.27000045776367,32.33000183105469,32.119998931884766,32.16999816894531,2285100
2017-07-18,24.16582489013672,32.22999954223633,32.36000061035156,32.18000030517578,32.27000045776367,2302900
2017-07-19,24.345775604248047,32.470001220703125,32.470001220703125,32.130001068115234,32.220001220703125,4613900
2017-07-20,24.278291702270508,32.380001068115234,32.58000183105469,32.36000061035156,32.540000915527344,1048300
2017-07-21,24.323270797729492,32.439998626708984,32.470001220703125,32.279998779296875,32.36000061035156,1201000
2017-07-24,24.30828285217285,32.41999816894531,32.470001220703125,32.2599983215332,32.439998626708984,1091500
2017-07-25,24.30828285217285,32.41999816894531,32.43000030517578,32.20000076293945,32.43000030517578,2142800
2017-07-26,24.510726928710938,32.689998626708984,32.77000045776367,32.34000015258789,32.43000030517578,1903800
2017-07-27,24.48823356628418,32.65999984741211,32.75600051879883,32.31999969482422,32.560001373291016,2164700
2017-07-28,24.473243713378906,32.63999938964844,32.77000045776367,32.52000045776367,32.59000015258789,2060200
2017-07-31,24.435747146606445,32.59000015258789,32.654998779296875,32.36000061035156,32.619998931884766,1526500
2017-08-01,24.540721893310547,32.72999954223633,32.84000015258789,32.45000076293945,32.650001525878906,2364500
2017-08-02,24.420751571655273,32.56999969482422,32.650001525878906,32.45000076293945,32.650001525878906,1712500
2017-08-03,24.36077117919922,32.4900016784668,32.65999984741211,32.38999938964844,32.54999923706055,1101300
2017-08-04,24.435747146606445,32.59000015258789,32.65999984741211,32.459999084472656,32.459999084472656,939600
2017-08-07,24.420751571655273,32.56999969482422,32.63999938964844,32.43000030517578,32.560001373291016,781900
2017-08-08,24.30828285217285,32.41999816894531,32.560001373291016,32.31999969482422,32.5099983215332,1070700
2017-08-09,24.338274002075195,32.459999084472656,32.5,32.29999923706055,32.41999816894531,1134400
2017-08-10,24.120832443237305,32.16999816894531,32.41999816894531,32.154998779296875,32.369998931884766,1412000
2017-08-11,23.963382720947266,31.959999084472656,32.20000076293945,31.823999404907227,32.08000183105469,1548100
2017-08-14,24.36077117919922,32.4900016784668,32.53499984741211,32.06999969482422,32.08000183105469,1196900
2017-08-15,24.315780639648438,32.43000030517578,32.439998626708984,32.224998474121094,32.380001068115234,2138100
2017-08-16,24.390766143798828,32.529998779296875,32.64500045776367,32.459999084472656,32.459999084472656,1043500
2017-08-17,24.21830940246582,32.29999923706055,32.595001220703125,32.29999923706055,32.47999954223633,1376000
2017-08-18,24.038360595703125,32.060001373291016,32.22999954223633,31.969999313354492,32.22999954223633,1276900
2017-08-21,24.285789489746094,32.38999938964844,32.459999084472656,32.02000045776367,32.099998474121094,1094500
2017-08-22,24.270793914794922,32.369998931884766,32.52000045776367,32.2400016784668,32.45000076293945,1150200
2017-08-23,24.518230438232422,32.70000076293945,32.75,32.310001373291016,32.34000015258789,974000
2017-08-24,24.473243713378906,32.63999938964844,32.93000030517578,32.630001068115234,32.75,1595100
2017-08-25,24.59320831298828,32.79999923706055,32.90999984741211,32.650001525878906,32.7599983215332,1063600
2017-08-28,24.465744018554688,32.630001068115234,32.86000061035156,32.540000915527344,32.84000015258789,895100
2017-08-29,24.450740814208984,32.61000061035156,32.75,32.59000015258789,32.599998474121094,2577300
2017-08-30,24.563213348388672,32.7599983215332,32.77000045776367,32.45000076293945,32.58000183105469,963600
2017-08-31,24.683183670043945,32.91999816894531,33.040000915527344,32.79999923706055,32.869998931884766,1816200
2017-09-01,24.683183670043945,32.91999816894531,33.04999923706055,32.880001068115234,32.959999084472656,1656200
2017-09-05,24.660686492919922,32.88999938964844,33.029998779296875,32.689998626708984,32.939998626708984,2346200
2017-09-06,24.69817352294922,32.939998626708984,33.099998474121094,32.89500045776367,32.9900016784668,2529300
2017-09-07,24.885622024536133,33.189998626708984,33.255001068115234,32.939998626708984,32.9900016784668,1652700
2017-09-08,24.89311981201172,33.20000076293945,33.314998626708984,33.08000183105469,33.150001525878906,1102000
2017-09-11,25.07307243347168,33.439998626708984,33.459999084472656,33.22999954223633,33.22999954223633,1267500
2017-09-12,24.803152084350586,33.08000183105469,33.439998626708984,32.94499969482422,33.40999984741211,1335600
2017-09-13,24.69817352294922,32.939998626708984,33.060001373291016,32.81999969482422,33.060001373291016,1286700
2017-09-14,24.87062644958496,33.16999816894531,33.18000030517578,32.7599983215332,32.88999938964844,1492500
2017-09-15,24.95823097229004,33.04999923706055,33.04999923706055,32.790000915527344,32.869998931884766,3210600
2017-09-18,24.814739227294922,32.86000061035156,33.10499954223633,32.779998779296875,33.0,1012300
2017-09-19,24.565540313720703,32.529998779296875,32.88999938964844,32.439998626708984,32.86000061035156,1991000
2017-09-20,24.497568130493164,32.439998626708984,32.650001525878906,32.290000915527344,32.58000183105469,1283800
2017-09-21,24.459819793701172,32.38999938964844,32.599998474121094,32.380001068115234,32.41999816894531,2548100
2017-09-22,24.248374938964844,32.11000061035156,32.459999084472656,32.07600021362305,32.36000061035156,1542300
2017-09-25,24.338993072509766,32.22999954223633,32.31999969482422,32.099998474121094,32.119998931884766,1180600
2017-09-26,24.361650466918945,32.2599983215332,32.349998474121094,32.20000076293945,32.27000045776367,1360500
2017-09-27,24.157752990722656,31.989999771118164,32.220001220703125,31.8799991607666,32.150001525878906,1612400
2017-09-28,24.33144187927246,32.220001220703125,32.2400016784668,31.940000534057617,31.959999084472656,1318900
2017-09-29,24.34654426574707,32.2400016784668,32.27000045776367,32.06999969482422,32.16999816894531,2488500
2017-10-02,24.25592613220215,32.119998931884766,32.340999603271484,32.11000061035156,32.279998779296875,1814800
2017-10-03,24.248374938964844,32.11000061035156,32.19599914550781,32.04100036621094,32.119998931884766,2533700
2017-10-04,24.459819793701172,32.38999938964844,32.40700149536133,32.04999923706055,32.119998931884766,1743100
2017-10-05,24.535335540771484,32.4900016784668,32.61000061035156,32.43000030517578,32.43000030517578,1766800
2017-10-06,24.46738052368164,32.400001525878906,32.435001373291016,32.09000015258789,32.34000015258789,1274600
2017-10-09,24.520231246948242,32.470001220703125,32.540000915527344,32.349998474121094,32.439998626708984,1148000
2017-10-10,24.55799102783203,32.52000045776367,32.72999954223633,32.46200180053711,32.540000915527344,987300
2017-10-11,24.693923950195312,32.70000076293945,32.75,32.52000045776367,32.560001373291016,1176400
2017-10-12,24.867605209350586,32.93000030517578,32.95000076293945,32.68000030517578,32.72999954223633,2136200
2017-10-13,24.935575485229492,33.02000045776367,33.117000579833984,32.900001525878906,33.06999969482422,1857900
2017-10-16,24.814739227294922,32.86000061035156,33.08000183105469,32.834999084472656,32.9900016784668,1423900
2017-10-17,24.814739227294922,32.86000061035156,32.88999938964844,32.75,32.810001373291016,1767600
2017-10-18,24.769437789916992,32.79999923706055,32.90999984741211,32.7400016784668,32.83000183105469,1294100
2017-10-19,24.754335403442383,32.779998779296875,32.86000061035156,32.654998779296875,32.790000915527344,1472800
2017-10-20,24.716577529907227,32.72999954223633,32.83000183105469,32.6150016784668,32.790000915527344,1253000
2017-10-23,24.625951766967773,32.61000061035156,32.79999923706055,32.56999969482422,32.79999923706055,1095700
2017-10-24,24.46738052368164,32.400001525878906,32.63999938964844,32.290000915527344,32.560001373291016,1940700
2017-10-25,24.406959533691406,32.31999969482422,32.404998779296875,32.130001068115234,32.310001373291016,1912300
2017-10-26,24.271032333374023,32.13999938964844,32.439998626708984,32.029998779296875,32.439998626708984,1646400
2017-10-27,24.30879020690918,32.189998626708984,32.310001373291016,31.864999771118164,32.08000183105469,2042500
2017-10-30,24.459819793701172,32.38999938964844,32.56999969482422,32.08000183105469,32.08000183105469,1738800
2017-10-31,24.54288673400879,32.5,32.5,32.16999816894531,32.369998931884766,2091600
2017-11-01,24.520231246948242,32.470001220703125,32.599998474121094,32.415000915527344,32.54999923706055,2057700
2017-11-02,24.731679916381836,32.75,32.94300079345703,32.5099983215332,32.54999923706055,2972100
2017-11-03,24.731679916381836,32.75,32.79999923706055,32.5,32.56999969482422,2023300
2017-11-06,25.109262466430664,33.25,33.3849983215332,32.90999984741211,32.939998626708984,2303700
2017-11-07,25.34336280822754,33.560001373291016,33.61000061035156,33.29999923706055,33.29999923706055,2246700
2017-11-08,25.532155990600586,33.810001373291016,33.880001068115234,33.459999084472656,33.56999969482422,2190800
2017-11-09,25.532155990600586,33.810001373291016,33.970001220703125,33.33000183105469,33.70000076293945,1663300
2017-11-10,25.532155990600586,33.810001373291016,33.90999984741211,33.61399841308594,33.689998626708984,1760800
2017-11-13,25.6076717376709,33.90999984741211,34.02399826049805,33.810001373291016,33.900001525878906,1510300
2017-11-14,25.585018157958984,33.880001068115234,33.95000076293945,33.7599983215332,33.88999938964844,2062000
2017-11-15,25.396228790283203,33.630001068115234,33.88999938964844,33.599998474121094,33.86000061035156,1761200
2017-11-16,25.494401931762695,33.7599983215332,33.849998474121094,33.61000061035156,33.61000061035156,2092100
2017-11-17,25.34336280822754,33.560001373291016,33.79999923706055,33.54999923706055,33.619998931884766,1758600
2017-11-20,25.282947540283203,33.47999954223633,33.630001068115234,33.439998626708984,33.59000015258789,1567000
2017-11-21,25.41888427734375,33.65999984741211,33.69499969482422,33.516998291015625,33.58000183105469,1228600
2017-11-22,25.335811614990234,33.54999923706055,33.66999816894531,33.4900016784668,33.63999938964844,881100
2017-11-24,25.426429748535156,33.66999816894531,33.720001220703125,33.59000015258789,33.59000015258789,407300
2017-11-27,25.350914001464844,33.56999969482422,33.72999954223633,33.56999969482422,33.70000076293945,652400
2017-11-28,25.290504455566406,33.4900016784668,33.630001068115234,33.31999969482422,33.599998474121094,1720900
2017-11-29,25.230091094970703,33.40999984741211,33.50699996948242,33.209999084472656,33.47999954223633,2106900
2017-11-30,25.260297775268555,33.45000076293945,33.54999923706055,33.33000183105469,33.4900016784668,2192500
2017-12-01,25.305604934692383,33.5099983215332,33.63999938964844,33.22999954223633,33.5099983215332,3029400
2017-12-04,24.97333335876465,33.06999969482422,33.68000030517578,33.06999969482422,33.560001373291016,1627500
2017-12-05,24.87515640258789,32.939998626708984,33.13999938964844,32.93000030517578,33.11000061035156,1918200
2017-12-06,24.91292381286621,32.9900016784668,33.060001373291016,32.84000015258789,32.959999084472656,1815200
2017-12-07,25.011091232299805,33.119998931884766,33.15999984741211,32.900001525878906,33.029998779296875,1290400
2017-12-08,25.071500778198242,33.20000076293945,33.2599983215332,33.11000061035156,33.18000030517578,1444000
2017-12-11,25.13191795349121,33.279998779296875,33.279998779296875,33.07500076293945,33.189998626708984,1670700
2017-12-12,25.245195388793945,33.43000030517578,33.52899932861328,33.16999816894531,33.38999938964844,1017900
2017-12-13,25.237638473510742,33.41999816894531,33.66999816894531,33.400001525878906,33.47999954223633,1735300
2017-12-14,25.260297775268555,33.45000076293945,33.56999969482422,33.400001525878906,33.45000076293945,981400
2017-12-15,25.34046745300293,33.189998626708984,33.27000045776367,33.058998107910156,33.20000076293945,1770300
2017-12-18,25.424448013305664,33.29999923706055,33.45500183105469,33.25,33.25,1096400
2017-12-19,24.943445205688477,32.66999816894531,33.310001373291016,32.61000061035156,33.29999923706055,1713000
2017-12-20,24.67622184753418,32.31999969482422,32.72800064086914,32.310001373291016,32.66999816894531,1431000
2017-12-21,24.592235565185547,32.209999084472656,32.41999816894531,32.150001525878906,32.400001525878906,1218500
2017-12-22,24.7525634765625,32.41999816894531,32.459999084472656,32.20000076293945,32.2599983215332,1012800
2017-12-26,24.88236427307129,32.59000015258789,32.650001525878906,32.380001068115234,32.439998626708984,811600
2017-12-27,24.981616973876953,32.720001220703125,32.779998779296875,32.619998931884766,32.66999816894531,4420200
2017-12-28,25.126684188842773,32.90999984741211,32.91999816894531,32.65999984741211,32.75,1133100
2017-12-29,25.149587631225586,32.939998626708984,33.040000915527344,32.869998931884766,32.959999084472656,925600
2018-01-02,25.00452423095703,32.75,33.040000915527344,32.709999084472656,32.9900016784668,1744200
2018-01-03,25.01215934753418,32.7599983215332,32.84000015258789,32.65999984741211,32.790000915527344,1715100
2018-01-04,24.584598541259766,32.20000076293945,32.75,32.20000076293945,32.75,1824100
2018-01-05,24.638044357299805,32.27000045776367,32.32500076293945,32.18000030517578,32.27000045776367,1400200
2018-01-08,24.806015014648438,32.4900016784668,32.529998779296875,32.279998779296875,32.310001373291016,990600
2018-01-09,24.523523330688477,32.119998931884766,32.4900016784668,32.099998474121094,32.470001220703125,1277200
2018-01-10,24.141773223876953,31.6200008392334,31.979999542236328,31.469999313354492,31.969999313354492,2174500
2018-01-11,23.989072799682617,31.420000076293945,31.739999771118164,31.351999282836914,31.700000762939453,1343200
2018-01-12,23.813467025756836,31.190000534057617,31.43000030517578,31.10300064086914,31.389999389648438,1657200
2018-01-16,23.927997589111328,31.34000015258789,31.850000381469727,31.270000457763672,31.3799991607666,5520200
2018-01-17,24.065425872802734,31.520000457763672,31.610000610351562,31.309999465942383,31.43000030517578,1713400
2018-01-18,23.83637237548828,31.219999313354492,31.479999542236328,31.170000076293945,31.469999313354492,2276600
2018-01-19,24.00434112548828,31.440000534057617,31.459999084472656,31.200000762939453,31.299999237060547,1641000
2018-01-22,24.233396530151367,31.739999771118164,31.75,31.43000030517578,31.459999084472656,2095700
2018-01-23,24.60750961303711,32.22999954223633,32.22999954223633,31.75,31.809999465942383,1873300
2018-01-24,24.538789749145508,32.13999938964844,32.2599983215332,32.0099983215332,32.13999938964844,2990100
2018-01-25,24.485347747802734,32.06999969482422,32.13999938964844,31.864999771118164,32.119998931884766,2115900
2018-01-26,24.554065704345703,32.15999984741211,32.16699981689453,31.90999984741211,32.08000183105469,1472300
2018-01-29,24.27156639099121,31.790000915527344,32.11000061035156,31.760000228881836,32.06999969482422,2092900
2018-01-30,24.172304153442383,31.65999984741211,31.780000686645508,31.549999237060547,31.649999618530273,2347200
2018-01-31,24.66858673095703,32.310001373291016,32.31999969482422,31.530000686645508,31.709999084472656,4213100
2018-02-01,24.218122482299805,31.719999313354492,32.41999816894531,31.65999984741211,32.209999084472656,3937800
2018-02-02,23.943262100219727,31.360000610351562,31.6299991607666,31.15999984741211,31.399999618530273,3719200
2018-02-05,23.324825286865234,30.549999237060547,31.59000015258789,30.489999771118164,31.25,7652400
2018-02-06,23.279022216796875,30.489999771118164,30.65999984741211,29.81999969482422,30.290000915527344,6741200
2018-02-07,23.172128677368164,30.350000381469727,30.8799991607666,30.31999969482422,30.420000076293945,10201500
2018-02-08,22.446805953979492,29.399999618530273,30.56999969482422,29.3799991607666,30.280000686645508,10497600
2018-02-09,22.973621368408203,30.09000015258789,30.31999969482422,29.170000076293945,29.549999237060547,9654500
2018-02-12,23.034704208374023,30.170000076293945,30.31999969482422,29.440000534057617,30.219999313354492,5294500
2018-02-13,23.20267105102539,30.389999389648438,30.479999542236328,29.989999771118164,30.09000015258789,3049300
2018-02-14,23.057605743408203,30.200000762939453,30.231000900268555,29.739999771118164,30.100000381469727,4055300
2018-02-15,23.271385192871094,30.479999542236328,30.530000686645508,30.09000015258789,30.219999313354492,2924100
2018-02-16,23.42408561706543,30.68000030517578,30.81999969482422,30.469999313354492,30.479999542236328,7702800
2018-02-20,23.187402725219727,30.3700008392334,30.84000015258789,30.350000381469727,30.520000457763672,12237200
2018-02-21,22.759843826293945,29.809999465942383,30.469999313354492,29.809999465942383,30.360000610351562,3924000
2018-02-22,23.019433975219727,30.149999618530273,30.40999984741211,29.93000030517578,29.93000030517578,2969600
2018-02-23,23.439353942871094,30.700000762939453,30.700000762939453,30.209999084472656,30.280000686645508,3106500
2018-02-26,23.523340225219727,30.809999465942383,30.84000015258789,30.60700035095215,30.790000915527344,2436200
2018-02-27,23.019433975219727,30.149999618530273,30.850000381469727,30.149999618530273,30.84000015258789,5371800
2018-02-28,22.988893508911133,30.110000610351562,30.559999465942383,30.110000610351562,30.309999465942383,3312500
2018-03-01,22.874370574951172,29.959999084472656,30.43000030517578,29.860000610351562,30.1200008392334,5627200
2018-03-02,22.798019409179688,29.860000610351562,29.920000076293945,29.610000610351562,29.850000381469727,4863200
2018-03-05,23.11868667602539,30.280000686645508,30.385000228881836,29.65999984741211,29.739999771118164,2574200
2018-03-06,23.210311889648438,30.399999618530273,30.489999771118164,30.09000015258789,30.270000457763672,11143400
2018-03-07,23.30956268310547,30.530000686645508,30.600000381469727,30.170000076293945,30.239999771118164,19120500
2018-03-08,23.4927978515625,30.770000457763672,30.770000457763672,30.489999771118164,30.6200008392334,2200900
2018-03-09,23.64550018310547,30.969999313354492,30.969999313354492,30.632999420166016,30.780000686645508,2277300
2018-03-12,23.760019302368164,31.1200008392334,31.195999145507812,30.93000030517578,30.969999313354492,3270400
2018-03-13,23.83637237548828,31.219999313354492,31.3700008392334,31.09000015258789,31.200000762939453,2837200
2018-03-14,23.882184982299805,31.280000686645508,31.364999771118164,31.15999984741211,31.299999237060547,3261600
2018-03-15,23.882184982299805,31.280000686645508,31.415000915527344,31.139999389648438,31.309999465942383,3602400
2018-03-16,24.007368087768555,31.260000228881836,31.309999465942383,30.985000610351562,31.06999969482422,2807500
2018-03-19,23.769289016723633,30.950000762939453,31.260000228881836,30.770000457763672,31.260000228881836,4095700
2018-03-20,23.76161003112793,30.940000534057617,31.190000534057617,30.823999404907227,30.969999313354492,3647200
2018-03-21,23.546566009521484,30.65999984741211,31.030000686645508,30.520000457763672,30.940000534057617,4715800
2018-03-22,23.462093353271484,30.549999237060547,31.020000457763672,30.520000457763672,30.6200008392334,5319800
2018-03-23,23.093461990356445,30.06999969482422,30.639999389648438,29.989999771118164,30.600000381469727,6203100
2018-03-26,23.408336639404297,30.479999542236328,30.53499984741211,30.1299991607666,30.31999969482422,4544100
2018-03-27,23.44673728942871,30.530000686645508,30.959999084472656,30.190000534057617,30.489999771118164,6480500
2018-03-28,23.87680435180664,31.09000015258789,31.204999923706055,30.6299991607666,30.6299991607666,7058300
2018-03-29,23.869129180908203,31.079999923706055,31.229999542236328,30.96500015258789,31.190000534057617,4264100
2018-04-02,23.577289581298828,30.700000762939453,31.190000534057617,30.479999542236328,31.1200008392334,6294600
2018-04-03,23.661771774291992,30.809999465942383,30.915000915527344,30.520000457763672,30.760000228881836,7277400
2018-04-04,23.93824577331543,31.170000076293945,31.239999771118164,30.549999237060547,30.6200008392334,5217200
2018-04-05,23.96129035949707,31.200000762939453,31.225000381469727,30.93000030517578,31.219999313354492,3365500
2018-04-06,23.715524673461914,30.8799991607666,31.34000015258789,30.809999465942383,31.110000610351562,5657600
2018-04-09,23.70785140991211,30.8700008392334,31.139999389648438,30.795000076293945,30.940000534057617,3302000
2018-04-10,23.546566009521484,30.65999984741211,31.079999923706055,30.540000915527344,31.079999923706055,6040300
2018-04-11,23.608013153076172,30.739999771118164,31.020000457763672,30.56999969482422,30.56999969482422,2896700
2018-04-12,23.331533432006836,30.3799991607666,30.90999984741211,30.309999465942383,30.81999969482422,2634500
2018-04-13,23.45441436767578,30.540000915527344,30.59000015258789,30.350000381469727,30.389999389648438,3011700
2018-04-16,23.56193733215332,30.68000030517578,30.80500030517578,30.489999771118164,30.6200008392334,2515300
2018-04-17,23.87680435180664,31.09000015258789,31.270000457763672,30.658000946044922,30.770000457763672,2845800
2018-04-18,23.815364837646484,31.010000228881836,31.200000762939453,31.010000228881836,31.1299991607666,2118000
2018-04-19,23.416013717651367,30.489999771118164,30.93000030517578,30.309999465942383,30.899999618530273,2723000
2018-04-20,23.208654403686523,30.219999313354492,30.606000900268555,30.18000030517578,30.530000686645508,3173400
2018-04-23,23.254735946655273,30.280000686645508,30.389999389648438,30.135000228881836,30.219999313354492,1929900
2018-04-24,23.277772903442383,30.309999465942383,30.479999542236328,30.15999984741211,30.309999465942383,3914000
2018-04-25,23.200977325439453,30.209999084472656,30.360000610351562,30.033000946044922,30.260000228881836,2337900
2018-04-26,23.5004940032959,30.600000381469727,30.783000946044922,30.285999298095703,30.309999465942383,2621900
2018-04-27,23.815364837646484,31.010000228881836,31.110000610351562,30.34000015258789,30.510000228881836,3408300
2018-04-30,23.72321319580078,30.889999389648438,31.1299991607666,30.850000381469727,30.940000534057617,2895500
2018-05-01,23.89217185974121,31.110000610351562,31.135000228881836,30.822999954223633,30.940000534057617,3077000
2018-05-02,23.784648895263672,30.969999313354492,31.1299991607666,30.791000366210938,31.0,3362800
2018-05-03,23.77696990966797,30.959999084472656,31.084999084472656,30.799999237060547,30.93000030517578,3260600
2018-05-04,24.04576301574707,31.309999465942383,31.399999618530273,30.920000076293945,30.93000030517578,1804100
2018-05-07,24.091846466064453,31.3700008392334,31.43000030517578,31.235000610351562,31.360000610351562,1737500
2018-05-08,23.922887802124023,31.149999618530273,31.31999969482422,31.045000076293945,31.270000457763672,1693200
2018-05-09,24.107208251953125,31.389999389648438,31.389999389648438,31.059999465942383,31.149999618530273,1498200
2018-05-10,24.32992172241211,31.68000030517578,31.7450008392334,31.469999313354492,31.5,1628800
2018-05-11,24.214725494384766,31.530000686645508,31.809999465942383,31.489999771118164,31.690000534057617,1206700
2018-05-14,24.04576301574707,31.309999465942383,31.559999465942383,31.149999618530273,31.540000915527344,1882900
2018-05-15,23.638729095458984,30.780000686645508,31.110000610351562,30.69499969482422,31.110000610351562,2371100
2018-05-16,23.577289581298828,30.700000762939453,30.959999084472656,30.639999389648438,30.850000381469727,1562100
2018-05-17,23.45441436767578,30.540000915527344,30.719999313354492,30.459999084472656,30.670000076293945,1758200
2018-05-18,23.469768524169922,30.559999465942383,30.719999313354492,30.43000030517578,30.559999465942383,1395300
2018-05-21,23.70785140991211,30.8700008392334,30.954999923706055,30.43000030517578,30.6299991607666,1477100
2018-05-22,23.738567352294922,30.90999984741211,30.950000762939453,30.719999313354492,30.8700008392334,1567200
2018-05-23,23.930566787719727,31.15999984741211,31.270000457763672,30.889999389648438,30.899999618530273,1543900
2018-05-24,23.838411331176758,31.040000915527344,31.290000915527344,30.885000228881836,31.170000076293945,1537500
2018-05-25,23.95360565185547,31.190000534057617,31.31999969482422,31.06999969482422,31.06999969482422,1713600
2018-05-29,24.015047073364258,31.270000457763672,31.375,30.989999771118164,31.1200008392334,3255100
2018-05-30,24.32992172241211,31.68000030517578,31.80500030517578,31.15999984741211,31.239999771118164,3589000
2018-05-31,24.253122329711914,31.579999923706055,31.68000030517578,31.440000534057617,31.540000915527344,3811900
2018-06-01,24.352964401245117,31.709999084472656,31.774999618530273,31.479999542236328,31.56999969482422,2424400
2018-06-04,24.591041564941406,32.02000045776367,32.02000045776367,31.674999237060547,31.780000686645508,3660700
2018-06-05,24.46816062927246,31.860000610351562,32.1349983215332,31.809999465942383,32.06999969482422,2623600
2018-06-06,24.53727912902832,31.950000762939453,31.959999084472656,31.71500015258789,31.84000015258789,2120300
2018-06-07,24.53727912902832,31.950000762939453,32.029998779296875,31.760000228881836,31.979999542236328,4379700
2018-06-08,24.621761322021484,32.060001373291016,32.084999084472656,31.8700008392334,31.920000076293945,2237300
2018-06-11,24.61408233642578,32.04999923706055,32.15999984741211,31.989999771118164,32.029998779296875,1788600
2018-06-12,24.7523193359375,32.22999954223633,32.310001373291016,31.915000915527344,31.920000076293945,1508900
2018-06-13,24.199359893798828,31.510000228881836,32.27000045776367,31.475000381469727,32.22999954223633,2002600
2018-06-14,24.429759979248047,31.809999465942383,31.93899917602539,31.6299991607666,31.6299991607666,2131100
2018-06-15,24.390256881713867,31.489999771118164,31.760000228881836,31.452999114990234,31.530000686645508,2439000
2018-06-18,24.36702537536621,31.459999084472656,31.549999237060547,31.28499984741211,31.389999389648438,2107100
2018-06-19,24.39800453186035,31.5,31.674999237060547,31.34000015258789,31.34000015258789,2535800
2018-06-20,24.661348342895508,31.84000015258789,31.8700008392334,31.479999542236328,31.540000915527344,3725000
2018-06-21,24.808513641357422,32.029998779296875,32.06999969482422,31.780000686645508,31.8700008392334,2827000
2018-06-22,25.025381088256836,32.310001373291016,32.34000015258789,31.934999465942383,32.13999938964844,2292900
2018-06-25,24.963422775268555,32.22999954223633,32.3849983215332,32.04499816894531,32.33000183105469,6956700
2018-06-26,25.095094680786133,32.400001525878906,32.54499816894531,32.15999984741211,32.27000045776367,2106700
2018-06-27,25.025381088256836,32.310001373291016,32.61000061035156,32.310001373291016,32.47999954223633,3679600
2018-06-28,25.273237228393555,32.630001068115234,32.68000030517578,32.29999923706055,32.29999923706055,2795800
2018-06-29,25.3351993560791,32.709999084472656,32.86000061035156,32.34000015258789,32.599998474121094,2923000
2018-07-02,25.188037872314453,32.52000045776367,32.75,32.154998779296875,32.66999816894531,6280200
2018-07-03,25.3351993560791,32.709999084472656,32.97999954223633,32.470001220703125,32.560001373291016,2916200
2018-07-05,25.66825294494629,33.13999938964844,33.15999984741211,32.70500183105469,32.77000045776367,2699600
2018-07-06,25.77668571472168,33.279998779296875,33.349998474121094,33.165000915527344,33.22999954223633,2440800
2018-07-09,25.53658103942871,32.970001220703125,33.33000183105469,32.810001373291016,33.33000183105469,2344600
2018-07-10,25.66050148010254,33.130001068115234,33.16999816894531,32.79999923706055,32.9900016784668,3077300
2018-07-11,25.583044052124023,33.029998779296875,33.189998626708984,32.974998474121094,33.099998474121094,2347300
2018-07-12,25.645017623901367,33.11000061035156,33.16999816894531,32.939998626708984,33.11000061035156,1660700
2018-07-13,25.559816360473633,33.0,33.255001068115234,32.97999954223633,33.130001068115234,2142700
2018-07-16,25.420392990112305,32.81999969482422,32.959999084472656,32.59400177001953,32.86000061035156,2759100
2018-07-17,25.25,32.599998474121094,32.90999984741211,32.560001373291016,32.83000183105469,1720400
2018-07-18,25.157052993774414,32.47999954223633,32.68000030517578,32.31999969482422,32.54999923706055,2092200
2018-07-19,25.397165298461914,32.790000915527344,32.935001373291016,32.36000061035156,32.41999816894531,2363400
2018-07-20,25.172542572021484,32.5,32.77000045776367,32.38999938964844,32.709999084472656,2041700
2018-07-23,25.10283660888672,32.40999984741211,32.4900016784668,32.2130012512207,32.4900016784668,2796900
2018-07-24,25.033124923706055,32.31999969482422,32.52000045776367,32.13999938964844,32.38999938964844,2104200
2018-07-25,25.280981063842773,32.63999938964844,32.69499969482422,32.31999969482422,32.34000015258789,2608800
2018-07-26,25.366182327270508,32.75,32.900001525878906,32.66999816894531,32.66999816894531,2256900
2018-07-27,25.133813858032227,32.45000076293945,32.85499954223633,32.42100143432617,32.849998474121094,2666300
2018-07-30,25.110580444335938,32.41999816894531,32.51499938964844,32.189998626708984,32.47999954223633,2941100
2018-07-31,25.598541259765625,33.04999923706055,33.13999938964844,32.619998931884766,32.66999816894531,4027300
2018-08-01,25.768936157226562,33.27000045776367,33.310001373291016,32.650001525878906,32.79999923706055,3776600
2018-08-02,25.645017623901367,33.11000061035156,33.314998626708984,33.04800033569336,33.13999938964844,2963100
2018-08-03,25.978065490722656,33.540000915527344,33.584999084472656,33.099998474121094,33.130001068115234,2721000
2018-08-06,25.923851013183594,33.470001220703125,33.66999816894531,33.400001525878906,33.56999969482422,2860800
2018-08-07,25.869630813598633,33.400001525878906,33.66999816894531,33.209999084472656,33.56999969482422,2122400
2018-08-08,25.706979751586914,33.189998626708984,33.45000076293945,33.154998779296875,33.45000076293945,2437300
2018-08-09,25.75345230102539,33.25,33.369998931884766,33.16999816894531,33.20000076293945,1937500
2018-08-10,25.50559425354004,32.93000030517578,33.31999969482422,32.90999984741211,33.189998626708984,2656000
2018-08-13,25.49785041809082,32.91999816894531,33.029998779296875,32.849998474121094,32.93000030517578,1652300
2018-08-14,25.598541259765625,33.04999923706055,33.125,32.90999984741211,32.9900016784668,1559100
2018-08-15,25.823158264160156,33.34000015258789,33.3650016784668,32.959999084472656,33.060001373291016,2608300
2018-08-16,26.0245361328125,33.599998474121094,33.630001068115234,33.310001373291016,33.33000183105469,4032200
2018-08-17,26.27239227294922,33.91999816894531,33.93000030517578,33.59000015258789,33.619998931884766,2608600
2018-08-20,26.303373336791992,33.959999084472656,34.1349983215332,33.90999984741211,33.970001220703125,1947100
2018-08-21,26.063270568847656,33.650001525878906,33.95000076293945,33.599998474121094,33.88999938964844,2117700
2018-08-22,25.900606155395508,33.439998626708984,33.630001068115234,33.29999923706055,33.630001068115234,1380300
2018-08-23,25.83864974975586,33.36000061035156,33.51499938964844,33.34000015258789,33.43000030517578,1233500
2018-08-24,26.016788482666016,33.59000015258789,33.599998474121094,33.29999923706055,33.31999969482422,3533100
2018-08-27,25.978065490722656,33.540000915527344,33.66999816894531,33.36000061035156,33.61000061035156,2515300
2018-08-28,26.295625686645508,33.95000076293945,33.95000076293945,33.45000076293945,33.540000915527344,1887900
2018-08-29,26.256900787353516,33.900001525878906,34.060001373291016,33.880001068115234,33.939998626708984,1468700
2018-08-30,26.117481231689453,33.720001220703125,33.970001220703125,33.665000915527344,33.959999084472656,1730100
2018-08-31,26.218172073364258,33.849998474121094,33.95000076293945,33.7400016784668,33.7599983215332,1579300
2018-09-04,25.985809326171875,33.54999923706055,33.88999938964844,33.47999954223633,33.779998779296875,2310700
2018-09-05,26.148462295532227,33.7599983215332,33.849998474121094,33.31999969482422,33.47999954223633,3257000
2018-09-06,26.23366355895996,33.869998931884766,33.93000030517578,33.7599983215332,33.810001373291016,1960400
2018-09-07,25.900606155395508,33.439998626708984,33.720001220703125,33.40999984741211,33.709999084472656,1899000
2018-09-10,26.040027618408203,33.619998931884766,33.79999923706055,33.54999923706055,33.59000015258789,1797100
2018-09-11,26.047773361206055,33.630001068115234,33.7400016784668,33.41999816894531,33.5099983215332,1534300
2018-09-12,26.07100486755371,33.65999984741211,33.7599983215332,33.5099983215332,33.66999816894531,1388600
2018-09-13,26.23366355895996,33.869998931884766,33.959999084472656,33.709999084472656,33.790000915527344,1576500
2018-09-14,26.009050369262695,33.58000183105469,33.790000915527344,33.375,33.77000045776367,1828300
2018-09-17,26.156206130981445,33.77000045776367,33.81999969482422,33.494998931884766,33.5,2338800
2018-09-18,26.00130271911621,33.56999969482422,33.790000915527344,33.5,33.720001220703125,1451800
2018-09-19,25.75345230102539,33.25,33.59000015258789,33.19499969482422,33.58000183105469,2033100
2018-09-20,25.94708251953125,33.5,33.52000045776367,33.130001068115234,33.2599983215332,1928400
2018-09-21,25.947084426879883,33.150001525878906,33.30500030517578,33.040000915527344,33.16999816894531,1954600
2018-09-24,25.43832015991211,32.5,33.04999923706055,32.375,33.040000915527344,2862000
2018-09-25,25.414836883544922,32.470001220703125,32.665000915527344,32.433998107910156,32.5,1710600
2018-09-26,25.133058547973633,32.11000061035156,32.529998779296875,32.06999969482422,32.5,2323300
2018-09-27,25.211328506469727,32.209999084472656,32.380001068115234,32.130001068115234,32.15999984741211,1599100
2018-09-28,25.524417877197266,32.61000061035156,32.630001068115234,32.16999816894531,32.220001220703125,3145400
2018-10-01,25.328737258911133,32.36000061035156,32.698001861572266,32.34000015258789,32.61000061035156,3654400
2018-10-02,25.250457763671875,32.2599983215332,32.439998626708984,32.2599983215332,32.369998931884766,2752400
2018-10-03,24.96085548400879,31.889999389648438,32.404998779296875,31.709999084472656,32.290000915527344,2625100
2018-10-04,24.84345245361328,31.739999771118164,31.889999389648438,31.469999313354492,31.889999389648438,2934700
2018-10-05,24.85127830505371,31.75,31.950000762939453,31.700000762939453,31.780000686645508,3406600
2018-10-08,25.17219352722168,32.15999984741211,32.30500030517578,31.770000457763672,31.850000381469727,3076200
2018-10-09,25.2582950592041,32.27000045776367,32.369998931884766,32.0099983215332,32.150001525878906,4429900
2018-10-10,24.85910415649414,31.760000228881836,32.33000183105469,31.760000228881836,32.18000030517578,4361500
2018-10-11,24.131179809570312,30.829999923706055,31.850000381469727,30.760000228881836,31.81999969482422,9558500
2018-10-12,24.115522384643555,30.809999465942383,31.280000686645508,30.649999618530273,31.010000228881836,5288200
2018-10-15,24.26424217224121,31.0,31.290000915527344,30.760000228881836,30.799999237060547,3894500
2018-10-16,24.71822166442871,31.579999923706055,31.674999237060547,30.93000030517578,31.040000915527344,3272200
2018-10-17,24.64777183532715,31.489999771118164,31.674999237060547,31.260000228881836,31.540000915527344,3449400
2018-10-18,24.655601501464844,31.5,31.774999618530273,31.3700008392334,31.479999542236328,3345200
2018-10-19,24.90606689453125,31.81999969482422,31.93000030517578,31.530000686645508,31.530000686645508,2999900
2018-10-22,24.55384635925293,31.3700008392334,31.9950008392334,31.360000610351562,31.899999618530273,4269600
2018-10-23,24.710391998291016,31.56999969482422,31.709999084472656,31.15999984741211,31.280000686645508,5159700
2018-10-24,24.999998092651367,31.940000534057617,32.209999084472656,31.559999465942383,31.6200008392334,5443600
2018-10-25,25.297433853149414,32.31999969482422,32.4900016784668,31.860000610351562,32.0099983215332,5413800
2018-10-26,24.63994598388672,31.479999542236328,32.220001220703125,31.309999465942383,32.18000030517578,8951600
2018-10-29,25.04695701599121,32.0,32.150001525878906,31.709999084472656,31.709999084472656,6143200
2018-10-30,25.46179962158203,32.529998779296875,32.75,31.959999084472656,32.040000915527344,7427400
2018-10-31,25.117403030395508,32.09000015258789,32.529998779296875,32.02000045776367,32.529998779296875,4202400
2018-11-01,25.211328506469727,32.209999084472656,32.314998626708984,31.969999313354492,32.18000030517578,4848800
2018-11-02,24.999998092651367,31.940000534057617,32.279998779296875,31.579999923706055,32.27000045776367,6876800
2018-11-05,25.414836883544922,32.470001220703125,32.58000183105469,32.02000045776367,32.02000045776367,4093100
2018-11-06,25.55572509765625,32.650001525878906,32.65999984741211,32.40999984741211,32.470001220703125,2958800
2018-11-07,25.837499618530273,33.0099983215332,33.029998779296875,32.625,32.81999969482422,3917900
2018-11-08,25.89229393005371,33.08000183105469,33.08000183105469,32.79499816894531,32.970001220703125,2665000
2018-11-09,25.923603057861328,33.119998931884766,33.20000076293945,32.93000030517578,33.029998779296875,3558700
2018-11-12,25.978397369384766,33.189998626708984,33.4900016784668,33.130001068115234,33.130001068115234,2861900
2018-11-13,26.033180236816406,33.2599983215332,33.349998474121094,33.0099983215332,33.189998626708984,6307600
2018-11-14,26.025360107421875,33.25,33.380001068115234,33.08000183105469,33.380001068115234,4369000
2018-11-15,25.821847915649414,32.9900016784668,33.18000030517578,32.66999816894531,33.119998931884766,7158900
2018-11-16,26.189729690551758,33.459999084472656,33.459999084472656,32.939998626708984,32.97999954223633,3738100
2018-11-19,26.26017189025879,33.54999923706055,33.7599983215332,33.310001373291016,33.470001220703125,4668200
2018-11-20,25.91577911376953,33.11000061035156,33.650001525878906,33.099998474121094,33.41999816894531,6593700
2018-11-21,25.900121688842773,33.09000015258789,33.36000061035156,32.939998626708984,33.150001525878906,3707500
2018-11-23,25.80619239807129,32.970001220703125,33.130001068115234,32.779998779296875,33.0099983215332,2543000
2018-11-26,25.86098289489746,33.040000915527344,33.18000030517578,32.849998474121094,33.04999923706055,3242200
2018-11-27,26.001869201660156,33.220001220703125,33.22999954223633,32.86000061035156,33.02000045776367,3227200
2018-11-28,26.21320152282715,33.4900016784668,33.529998779296875,33.08000183105469,33.220001220703125,3645700
2018-11-29,26.2445125579834,33.529998779296875,33.69499969482422,33.279998779296875,33.47999954223633,2600700
2018-11-30,26.494983673095703,33.849998474121094,33.8849983215332,33.46500015258789,33.630001068115234,4327200
2018-12-03,26.620216369628906,34.0099983215332,34.029998779296875,33.70000076293945,33.900001525878906,5321300
2018-12-04,26.268003463745117,33.560001373291016,34.130001068115234,33.5099983215332,33.959999084472656,6476800
2018-12-06,26.988096237182617,34.47999954223633,34.5,33.09000015258789,33.47999954223633,6368500
2018-12-07,26.581087112426758,33.959999084472656,34.380001068115234,33.86000061035156,34.369998931884766,5559900
2018-12-10,26.47933006286621,33.83000183105469,33.9900016784668,33.314998626708984,33.959999084472656,9157900
2018-12-11,26.52629852294922,33.88999938964844,34.13999938964844,33.869998931884766,33.9900016784668,4645200
2018-12-12,26.025360107421875,33.25,34.119998931884766,33.224998474121094,34.02000045776367,4298900
2018-12-13,26.20537757873535,33.47999954223633,33.7599983215332,33.279998779296875,33.279998779296875,4652700
2018-12-14,26.158422470092773,33.41999816894531,33.52000045776367,33.209999084472656,33.380001068115234,4138700
2018-12-17,25.180021286010742,32.16999816894531,33.540000915527344,32.099998474121094,33.459999084472656,7214000
2018-12-18,25.43049430847168,32.4900016784668,32.72999954223633,32.33000183105469,32.459999084472656,8109100
2018-12-19,25.195674896240234,32.189998626708984,32.779998779296875,32.09000015258789,32.52000045776367,12878000
2018-12-20,24.890417098999023,31.799999237060547,32.32500076293945,31.579999923706055,32.310001373291016,11333000
2018-12-21,24.50950813293457,30.950000762939453,32.099998474121094,30.91900062561035,31.600000381469727,15120000
2018-12-24,23.606731414794922,29.809999465942383,31.100000381469727,29.801000595092773,31.100000381469727,10641000
2018-12-26,24.359045028686523,30.760000228881836,30.770000457763672,29.520000457763672,29.90999984741211,10947900
2018-12-27,24.41448211669922,30.829999923706055,30.84000015258789,29.93000030517578,30.559999465942383,14151800
2018-12-28,24.501585006713867,30.940000534057617,31.239999771118164,30.677000045776367,31.110000610351562,10391000
2018-12-31,24.549102783203125,31.0,31.049999237060547,30.510000228881836,31.040000915527344,7807200
2019-01-02,23.986846923828125,30.290000915527344,30.850000381469727,30.110000610351562,30.799999237060547,10445000
2019-01-03,24.09771728515625,30.43000030517578,30.93000030517578,30.25,30.260000228881836,9743800
2019-01-04,24.343210220336914,30.739999771118164,31.020000457763672,30.469999313354492,30.68000030517578,9620900
2019-01-07,24.549102783203125,31.0,31.219999313354492,30.75,30.780000686645508,5141800
2019-01-08,24.97673797607422,31.540000915527344,31.610000610351562,31.09000015258789,31.190000534057617,7575900
2019-01-09,24.8737850189209,31.40999984741211,31.6299991607666,31.139999389648438,31.579999923706055,5100800
2019-01-10,25.269739151000977,31.90999984741211,31.950000762939453,31.260000228881836,31.31999969482422,7837200
2019-01-11,25.317251205444336,31.969999313354492,31.989999771118164,31.68000030517578,31.809999465942383,3095100
2019-01-14,25.238059997558594,31.8700008392334,32.060001373291016,31.739999771118164,31.850000381469727,2918300
2019-01-15,25.523151397705078,32.22999954223633,32.29999923706055,31.889999389648438,31.889999389648438,3925000
2019-01-16,25.641937255859375,32.380001068115234,32.51499938964844,32.11000061035156,32.20000076293945,7295900
2019-01-17,25.768644332885742,32.540000915527344,32.58000183105469,32.290000915527344,32.34000015258789,3397100
2019-01-18,25.86366844177246,32.65999984741211,32.66999816894531,32.39400100708008,32.66999816894531,7865600
2019-01-22,25.816160202026367,32.599998474121094,32.720001220703125,32.33000183105469,32.630001068115234,8116300
2019-01-23,25.83199119567871,32.619998931884766,32.77000045776367,32.40999984741211,32.77000045776367,3087500
2019-01-24,25.934940338134766,32.75,32.82500076293945,32.38999938964844,32.56999969482422,4578000
2019-01-25,26.235858917236328,33.130001068115234,33.15999984741211,32.65999984741211,32.86000061035156,3031400
2019-01-28,26.497196197509766,33.459999084472656,33.4900016784668,32.959999084472656,33.02000045776367,5276000
2019-01-29,26.703092575073242,33.720001220703125,33.7400016784668,33.279998779296875,33.34000015258789,2530000
2019-01-30,26.924821853637695,34.0,34.119998931884766,33.630001068115234,33.7599983215332,5118100
2019-01-31,27.186153411865234,34.33000183105469,34.38999938964844,33.65999984741211,33.970001220703125,7024500
2019-02-01,27.019851684570312,34.119998931884766,34.470001220703125,33.66999816894531,34.380001068115234,9829200
2019-02-04,27.178232192993164,34.31999969482422,34.34000015258789,33.79999923706055,34.08000183105469,6513600
2019-02-05,27.360368728637695,34.54999923706055,34.560001373291016,34.130001068115234,34.36000061035156,4186000
2019-02-06,27.14655876159668,34.279998779296875,34.4900016784668,34.165000915527344,34.45000076293945,3535200
2019-02-07,27.376211166381836,34.56999969482422,34.584999084472656,34.09000015258789,34.20000076293945,6325300
2019-02-08,27.376211166381836,34.56999969482422,34.66999816894531,34.369998931884766,34.43000030517578,2913100
2019-02-11,27.455392837524414,34.66999816894531,34.720001220703125,34.45000076293945,34.599998474121094,2971900
2019-02-12,27.265342712402344,34.43000030517578,34.70000076293945,34.292999267578125,34.70000076293945,8982900
2019-02-13,27.447479248046875,34.65999984741211,34.68000030517578,34.29999923706055,34.40999984741211,3751800
2019-02-14,27.550432205200195,34.790000915527344,34.91999816894531,34.470001220703125,34.68000030517578,4007000
2019-02-15,27.716726303100586,35.0,35.0099983215332,34.790000915527344,34.88999938964844,2674800
2019-02-19,27.74840545654297,35.040000915527344,35.119998931884766,34.880001068115234,34.95000076293945,3921300
2019-02-20,27.57418441772461,34.81999969482422,35.0,34.5629997253418,34.869998931884766,3200300
2019-02-21,27.621700286865234,34.880001068115234,34.88999938964844,34.47999954223633,34.689998626708984,4484200
2019-02-22,27.78009033203125,35.08000183105469,35.220001220703125,34.7599983215332,34.91999816894531,3477800
2019-02-25,27.550432205200195,34.790000915527344,35.189998626708984,34.75,35.13999938964844,4075800
2019-02-26,27.494998931884766,34.720001220703125,34.95000076293945,34.65999984741211,34.88999938964844,2674700
2019-02-27,27.407888412475586,34.61000061035156,34.77000045776367,34.33000183105469,34.59000015258789,3252300
2019-02-28,27.487071990966797,34.709999084472656,35.119998931884766,34.4900016784668,34.599998474121094,5002100
2019-03-01,27.455392837524414,34.66999816894531,34.77000045776367,34.26499938964844,34.77000045776367,5897500
2019-03-04,27.566268920898438,34.810001373291016,34.849998474121094,34.404998779296875,34.77000045776367,6178600
2019-03-05,27.645450592041016,34.90999984741211,35.040000915527344,34.689998626708984,34.75,4066400
2019-03-06,27.57418441772461,34.81999969482422,35.04999923706055,34.7599983215332,34.91999816894531,3832300
2019-03-07,27.550432205200195,34.790000915527344,35.09000015258789,34.68000030517578,34.84000015258789,7592600
2019-03-08,27.57418441772461,34.81999969482422,34.98500061035156,34.65599822998047,34.720001220703125,3103900
2019-03-11,28.001813888549805,35.36000061035156,35.38999938964844,34.93199920654297,34.97999954223633,4124100
2019-03-12,28.152278900146484,35.54999923706055,35.630001068115234,35.38999938964844,35.40999984741211,4323800
2019-03-13,28.286903381347656,35.720001220703125,35.83000183105469,35.56999969482422,35.56999969482422,2726000
2019-03-14,28.358171463012695,35.810001373291016,35.81999969482422,35.61000061035156,35.72999954223633,4504400
2019-03-15,28.24189567565918,35.459999084472656,35.65999984741211,35.38999938964844,35.63999938964844,5436300
2019-03-18,28.09853172302246,35.279998779296875,35.56999969482422,35.119998931884766,35.5,3318300
2019-03-19,28.01888084411621,35.18000030517578,35.369998931884766,35.06999969482422,35.310001373291016,3464300
2019-03-20,28.146318435668945,35.34000015258789,35.529998779296875,34.946998596191406,35.209999084472656,8689800
2019-03-21,28.648086547851562,35.970001220703125,35.97999954223633,35.27000045776367,35.290000915527344,4798000
2019-03-22,28.5126895904541,35.79999923706055,36.30699920654297,35.79999923706055,35.970001220703125,5026000
2019-03-25,28.536577224731445,35.83000183105469,35.970001220703125,35.665000915527344,35.81999969482422,4370800
2019-03-26,28.7117919921875,36.04999923706055,36.06999969482422,35.849998474121094,35.959999084472656,2357500
2019-03-27,28.616222381591797,35.93000030517578,36.220001220703125,35.709999084472656,36.11000061035156,2939100
2019-03-28,28.855152130126953,36.22999954223633,36.23500061035156,35.88999938964844,36.0099983215332,3626500
2019-03-29,28.847192764282227,36.220001220703125,36.290000915527344,36.064998626708984,36.220001220703125,3565600
2019-04-01,28.759580612182617,36.11000061035156,36.290000915527344,35.77000045776367,36.27000045776367,6733100
2019-04-02,29.006479263305664,36.41999816894531,36.48500061035156,35.880001068115234,36.150001525878906,6604200
2019-04-03,28.974624633789062,36.380001068115234,36.540000915527344,36.099998474121094,36.40999984741211,3581300
2019-04-04,28.887014389038086,36.27000045776367,36.43000030517578,36.11000061035156,36.41999816894531,3507700
2019-04-05,29.110017776489258,36.54999923706055,36.58700180053711,36.209999084472656,36.310001373291016,2869900
2019-04-08,28.966651916503906,36.369998931884766,36.59000015258789,36.27000045776367,36.540000915527344,2918500
2019-04-09,28.87904167175293,36.2599983215332,36.43000030517578,36.209999084472656,36.380001068115234,2094500
2019-04-10,29.110017776489258,36.54999923706055,36.54999923706055,36.310001373291016,36.349998474121094,2606200
2019-04-11,29.070199966430664,36.5,36.70000076293945,36.349998474121094,36.560001373291016,3705500
2019-04-12,29.229482650756836,36.70000076293945,36.70000076293945,36.20000076293945,36.45000076293945,2691300
2019-04-15,29.05426597595215,36.47999954223633,36.709999084472656,36.369998931884766,36.709999084472656,2115300
2019-04-16,28.36932373046875,35.619998931884766,36.4900016784668,35.439998626708984,36.4900016784668,3994500
2019-04-17,28.074636459350586,35.25,35.79999923706055,35.1349983215332,35.72999954223633,4323500
2019-04-18,28.29764175415039,35.529998779296875,35.59000015258789,35.11000061035156,35.40999984741211,2756900
2019-04-22,27.987031936645508,35.13999938964844,35.459999084472656,34.82500076293945,35.459999084472656,4012600
2019-04-23,28.30560874938965,35.540000915527344,35.630001068115234,35.13999938964844,35.27000045776367,5469100
2019-04-24,28.504716873168945,35.790000915527344,35.93000030517578,35.54999923706055,35.63999938964844,3304200
2019-04-25,28.472864151000977,35.75,35.86000061035156,35.459999084472656,35.68000030517578,4198400
2019-04-26,28.664012908935547,35.9900016784668,36.01499938964844,35.709999084472656,35.88999938964844,2517000
2019-04-29,28.36932373046875,35.619998931884766,36.06999969482422,35.57500076293945,35.869998931884766,3256800
2019-04-30,28.695865631103516,36.029998779296875,36.07500076293945,35.38999938964844,35.63999938964844,4650200
2019-05-01,28.695865631103516,36.029998779296875,36.470001220703125,35.959999084472656,36.060001373291016,6051300
2019-05-02,28.75161361694336,36.099998474121094,36.459999084472656,36.040000915527344,36.040000915527344,5382600
2019-05-03,28.950721740722656,36.349998474121094,36.40999984741211,36.08000183105469,36.25,3223400
2019-05-06,28.831256866455078,36.20000076293945,36.34000015258789,35.970001220703125,36.189998626708984,3377200
2019-05-07,28.33746910095215,35.58000183105469,36.13999938964844,35.31999969482422,36.08000183105469,3711800
2019-05-08,28.33746910095215,35.58000183105469,35.91999816894531,35.564998626708984,35.650001525878906,3831500
2019-05-09,28.43303871154785,35.70000076293945,35.7400016784668,35.2599983215332,35.5,5684500
2019-05-10,28.759580612182617,36.11000061035156,36.20000076293945,35.595001220703125,35.619998931884766,3268400
2019-05-13,28.759580612182617,36.11000061035156,36.16999816894531,35.79999923706055,35.869998931884766,3392100
2019-05-14,28.86311912536621,36.2400016784668,36.38999938964844,36.099998474121094,36.18000030517578,3984400
2019-05-15,29.05426597595215,36.47999954223633,36.61000061035156,36.099998474121094,36.2400016784668,3478200
2019-05-16,29.221515655517578,36.689998626708984,36.84000015258789,36.45000076293945,36.47999954223633,2834200
2019-05-17,29.181699752807617,36.63999938964844,36.709999084472656,36.439998626708984,36.52000045776367,3403200
2019-05-20,28.7117919921875,36.04999923706055,36.56999969482422,35.91999816894531,36.5099983215332,3472100
2019-05-21,28.950721740722656,36.349998474121094,36.45500183105469,36.150001525878906,36.209999084472656,2353600
2019-05-22,29.086116790771484,36.52000045776367,36.54999923706055,36.310001373291016,36.38999938964844,1982800
2019-05-23,29.229482650756836,36.70000076293945,36.73500061035156,36.36000061035156,36.41999816894531,2521100
2019-05-24,29.269302368164062,36.75,36.9900016784668,36.7400016784668,36.86000061035156,1523600
2019-05-28,28.966651916503906,36.369998931884766,36.9900016784668,36.36000061035156,36.93000030517578,2496400
2019-05-29,28.63215446472168,35.95000076293945,36.43000030517578,35.801998138427734,36.34000015258789,2648700
2019-05-30,28.80736541748047,36.16999816894531,36.28499984741211,35.93000030517578,35.9900016784668,2656200
2019-05-31,29.04630470275879,36.470001220703125,36.66999816894531,36.040000915527344,36.09000015258789,4582100
2019-06-03,29.157804489135742,36.61000061035156,36.66999816894531,36.290000915527344,36.599998474121094,6621400
2019-06-04,28.998517990112305,36.40999984741211,36.619998931884766,36.099998474121094,36.619998931884766,3596800
2019-06-05,29.659564971923828,37.2400016784668,37.2599983215332,36.4900016784668,36.619998931884766,4495200
2019-06-06,29.715316772460938,37.310001373291016,37.380001068115234,37.08000183105469,37.34000015258789,2272500
2019-06-07,29.810890197753906,37.43000030517578,37.65999984741211,37.380001068115234,37.52000045776367,2114000
2019-06-10,29.70734977722168,37.29999923706055,37.5099983215332,37.130001068115234,37.47999954223633,3041400
2019-06-11,29.763097763061523,37.369998931884766,37.47999954223633,37.1150016784668,37.400001525878906,2472200
2019-06-12,29.87459945678711,37.5099983215332,37.689998626708984,37.380001068115234,37.41999816894531,2555500
2019-06-13,29.914424896240234,37.560001373291016,37.6150016784668,37.415000915527344,37.540000915527344,2511300
2019-06-14,30.041860580444336,37.720001220703125,37.84600067138672,37.560001373291016,37.560001373291016,1945900
2019-06-17,30.368396759033203,38.130001068115234,38.17499923706055,37.81999969482422,37.81999969482422,4130200
2019-06-18,30.280794143676758,38.02000045776367,38.4900016784668,37.869998931884766,38.33000183105469,4654400
2019-06-19,30.479900360107422,38.27000045776367,38.39500045776367,37.810001373291016,37.9900016784668,4654300
2019-06-20,30.663082122802734,38.5,38.619998931884766,38.41999816894531,38.45000076293945,4478800
2019-06-21,30.320289611816406,37.77000045776367,38.16999816894531,37.58000183105469,38.16999816894531,9512500
2019-06-24,30.16777992248535,37.58000183105469,37.9900016784668,37.52000045776367,37.86000061035156,5083600
2019-06-25,29.758371353149414,37.06999969482422,37.7599983215332,37.060001373291016,37.619998931884766,3829000
2019-06-26,29.180376052856445,36.349998474121094,37.06999969482422,36.220001220703125,37.06999969482422,7944600
2019-06-27,29.421215057373047,36.650001525878906,36.790000915527344,36.54999923706055,36.56999969482422,4578500
2019-06-28,29.517549514770508,36.77000045776367,36.979000091552734,36.650001525878906,36.709999084472656,5010600
2019-07-01,29.461347579956055,36.70000076293945,37.0,36.28499984741211,36.95000076293945,6775000
2019-07-02,30.007225036621094,37.380001068115234,37.38999938964844,36.77000045776367,36.79999923706055,5959000
2019-07-03,30.440719604492188,37.91999816894531,37.93000030517578,37.448001861572266,37.4900016784668,3519500
2019-07-05,30.272125244140625,37.709999084472656,37.8390007019043,37.130001068115234,37.63999938964844,5079200
2019-07-08,30.384523391723633,37.849998474121094,37.93000030517578,37.619998931884766,37.68000030517578,3435900
2019-07-09,30.545072555541992,38.04999923706055,38.095001220703125,37.720001220703125,37.77000045776367,3166600
2019-07-10,30.71365737915039,38.2599983215332,38.310001373291016,37.970001220703125,38.189998626708984,8591200
2019-07-11,30.320289611816406,37.77000045776367,38.209999084472656,37.60499954223633,38.20000076293945,5157600
2019-07-12,30.19988441467285,37.619998931884766,37.84000015258789,37.494998931884766,37.790000915527344,3620400
2019-07-15,30.24001693725586,37.66999816894531,37.91999816894531,37.56999969482422,37.70000076293945,2650100
2019-07-16,30.191862106323242,37.61000061035156,37.74599838256836,37.4900016784668,37.630001068115234,3533000
2019-07-17,30.039331436157227,37.41999816894531,37.83000183105469,37.224998474121094,37.709999084472656,3227300
2019-07-18,30.031309127807617,37.40999984741211,37.52000045776367,37.130001068115234,37.33000183105469,4028800
2019-07-19,29.541622161865234,36.79999923706055,37.4900016784668,36.7599983215332,37.45000076293945,4515800
2019-07-22,29.509511947631836,36.7599983215332,36.88999938964844,36.60499954223633,36.849998474121094,3031000
2019-07-23,29.798507690429688,37.119998931884766,37.130001068115234,36.720001220703125,36.849998474121094,3084800
2019-07-24,29.774425506591797,37.09000015258789,37.209999084472656,36.959999084472656,37.16999816894531,2663600
2019-07-25,29.645980834960938,36.93000030517578,37.130001068115234,36.77000045776367,37.04999923706055,3237500
2019-07-26,29.7423152923584,37.04999923706055,37.150001525878906,36.77000045776367,36.959999084472656,2822300
2019-07-29,29.854698181152344,37.189998626708984,37.439998626708984,37.119998931884766,37.13999938964844,3030900
2019-07-30,30.15172576904297,37.560001373291016,37.67499923706055,37.18000030517578,37.189998626708984,3455600
2019-07-31,30.031309127807617,37.40999984741211,37.88999938964844,37.189998626708984,37.599998474121094,6644000
2019-08-01,30.10356330871582,37.5,37.84000015258789,37.15999984741211,37.52000045776367,9956300
2019-08-02,30.336366653442383,37.790000915527344,38.04499816894531,37.46500015258789,37.540000915527344,4953600
2019-08-05,29.758371353149414,37.06999969482422,37.720001220703125,36.619998931884766,37.70000076293945,6359700
2019-08-06,30.12763214111328,37.529998779296875,37.68000030517578,37.02000045776367,37.150001525878906,6841500
2019-08-07,30.408607482910156,37.880001068115234,38.130001068115234,36.95500183105469,37.560001373291016,7396200
2019-08-08,30.8902587890625,38.47999954223633,38.47999954223633,37.599998474121094,37.93000030517578,5601800
2019-08-09,30.882238388061523,38.470001220703125,38.630001068115234,38.09000015258789,38.38999938964844,4695700
2019-08-12,30.858156204223633,38.439998626708984,38.584999084472656,38.20500183105469,38.459999084472656,3727900
2019-08-13,30.874208450317383,38.459999084472656,38.599998474121094,38.09000015258789,38.439998626708984,5176100
2019-08-14,30.39255142211914,37.86000061035156,38.36000061035156,37.810001373291016,38.36000061035156,5999600
2019-08-15,30.81801414489746,38.38999938964844,38.470001220703125,37.86000061035156,37.970001220703125,5501400
2019-08-16,31.034753799438477,38.65999984741211,38.7599983215332,38.369998931884766,38.47999954223633,3766700
2019-08-19,31.315715789794922,39.0099983215332,39.09000015258789,38.650001525878906,38.84000015258789,2930000
2019-08-20,31.082916259765625,38.720001220703125,39.150001525878906,38.689998626708984,39.060001373291016,3245400
2019-08-21,31.21136474609375,38.880001068115234,38.97700119018555,38.65999984741211,38.810001373291016,3480700
2019-08-22,31.3638858795166,39.06999969482422,39.11000061035156,38.63999938964844,38.91999816894531,2511100
2019-08-23,30.970544815063477,38.58000183105469,39.3380012512207,38.415000915527344,39.08000183105469,6048100
2019-08-26,31.25952911376953,38.939998626708984,38.95000076293945,38.59000015258789,38.77000045776367,3621000
2019-08-27,31.155179977416992,38.810001373291016,39.22999954223633,38.790000915527344,39.119998931884766,3042200
2019-08-28,31.24347686767578,38.91999816894531,38.9900016784668,38.724998474121094,38.83000183105469,3129500
2019-08-29,31.468246459960938,39.20000076293945,39.26499938964844,38.97999954223633,39.130001068115234,3070700
2019-08-30,31.47627830505371,39.209999084472656,39.38999938964844,39.09000015258789,39.31999969482422,3623100
2019-09-03,31.925832748413086,39.77000045776367,39.77000045776367,39.130001068115234,39.150001525878906,6160800
2019-09-04,32.190731048583984,40.099998474121094,40.13999938964844,39.849998474121094,39.959999084472656,3541500
2019-09-05,31.909765243530273,39.75,40.11000061035156,39.61000061035156,40.099998474121094,3925900
2019-09-06,31.94991683959961,39.79999923706055,39.98699951171875,39.689998626708984,39.77000045776367,2457600
2019-09-09,31.709074020385742,39.5,39.83000183105469,39.400001525878906,39.81999969482422,4618900
2019-09-10,31.24347686767578,38.91999816894531,39.310001373291016,38.650001525878906,39.310001373291016,5632900
2019-09-11,31.171236038208008,38.83000183105469,38.939998626708984,38.61000061035156,38.86000061035156,7353200
2019-09-12,31.355863571166992,39.060001373291016,39.310001373291016,38.7599983215332,39.119998931884766,5425200
2019-09-13,30.97856903076172,38.59000015258789,39.15999984741211,38.46500015258789,38.95000076293945,5653800
2019-09-16,31.2996768951416,38.9900016784668,39.0099983215332,38.540000915527344,38.58000183105469,4535700
2019-09-17,31.741188049316406,39.540000915527344,39.54999923706055,39.150001525878906,39.15999984741211,6054200
2019-09-18,31.644859313964844,39.41999816894531,39.709999084472656,39.03300094604492,39.63999938964844,4031700
2019-09-19,31.749221801757812,39.54999923706055,39.689998626708984,39.380001068115234,39.47999954223633,3941500
2019-09-20,31.614246368408203,39.119998931884766,39.439998626708984,39.099998474121094,39.369998931884766,5392500
2019-09-23,31.727394104003906,39.2599983215332,39.42499923706055,39.02000045776367,39.09000015258789,3196700
2019-09-24,31.686994552612305,39.209999084472656,39.4900016784668,39.029998779296875,39.36000061035156,6528700
2019-09-25,31.6546573638916,39.16999816894531,39.34000015258789,39.029998779296875,39.220001220703125,3912600
2019-09-26,31.961755752563477,39.54999923706055,39.62799835205078,39.2599983215332,39.290000915527344,2565600
2019-09-27,31.75164794921875,39.290000915527344,39.63999938964844,38.97999954223633,39.619998931884766,3350700
2019-09-30,31.792043685913086,39.34000015258789,39.54999923706055,39.279998779296875,39.31999969482422,3492500
2019-10-01,31.517282485961914,39.0,39.400001525878906,38.849998474121094,39.29999923706055,6075600
2019-10-02,31.32332992553711,38.7599983215332,39.04499816894531,38.529998779296875,38.95000076293945,5305300
2019-10-03,31.695077896118164,39.220001220703125,39.29999923706055,38.70000076293945,38.7599983215332,6328400
2019-10-04,31.84053611755371,39.400001525878906,39.4900016784668,39.2400016784668,39.279998779296875,2653300
2019-10-07,31.783967971801758,39.33000183105469,39.5099983215332,39.150001525878906,39.29999923706055,3165800
2019-10-08,31.630414962768555,39.13999938964844,39.46500015258789,38.939998626708984,39.29999923706055,4616600
2019-10-09,31.727394104003906,39.2599983215332,39.41999816894531,39.165000915527344,39.290000915527344,2969000
2019-10-10,31.808218002319336,39.36000061035156,39.41999816894531,39.040000915527344,39.209999084472656,3373400
2019-10-11,31.70315933227539,39.22999954223633,39.56999969482422,39.189998626708984,39.470001220703125,4949200
2019-10-14,31.75164794921875,39.290000915527344,39.439998626708984,39.11000061035156,39.2599983215332,1794100
2019-10-15,31.775896072387695,39.31999969482422,39.369998931884766,38.9900016784668,39.29999923706055,3091100
2019-10-16,31.735477447509766,39.27000045776367,39.36000061035156,39.01499938964844,39.31999969482422,5929800
2019-10-17,31.945592880249023,39.529998779296875,39.63999938964844,39.27000045776367,39.369998931884766,4775600
2019-10-18,32.2526969909668,39.90999984741211,39.9900016784668,39.52000045776367,39.52000045776367,2313300
2019-10-21,32.47089385986328,40.18000030517578,40.209999084472656,39.810001373291016,39.91999816894531,1957300
2019-10-22,32.3739013671875,40.060001373291016,40.34000015258789,40.0099983215332,40.27000045776367,2226000
2019-10-23,32.430477142333984,40.130001068115234,40.22999954223633,39.790000915527344,40.08000183105469,2159900
2019-10-24,32.30924987792969,39.97999954223633,40.2599983215332,39.8650016784668,40.209999084472656,1781800
2019-10-25,31.913272857666016,39.4900016784668,39.95000076293945,39.400001525878906,39.88999938964844,2842500
2019-10-28,31.57383918762207,39.06999969482422,39.47800064086914,38.9900016784668,39.41999816894531,3318300
2019-10-29,31.6546573638916,39.16999816894531,39.41999816894531,39.060001373291016,39.130001068115234,2167200
2019-10-30,31.889034271240234,39.459999084472656,39.459999084472656,38.95000076293945,39.25,2637400
2019-10-31,31.783967971801758,39.33000183105469,39.58000183105469,39.18000030517578,39.529998779296875,3263900
2019-11-01,31.70315933227539,39.22999954223633,39.51499938964844,38.81999969482422,39.380001068115234,3370000
2019-11-04,31.347576141357422,38.790000915527344,39.20000076293945,38.7400016784668,39.15999984741211,3045400
2019-11-05,30.806114196777344,38.119998931884766,38.66999816894531,37.88999938964844,38.66999816894531,6643600
2019-11-06,30.919260025024414,38.2599983215332,38.43899917602539,38.1349983215332,38.16999816894531,2425600
2019-11-07,30.587926864624023,37.849998474121094,38.15999984741211,37.71500015258789,38.150001525878906,3725800
2019-11-08,30.53135108947754,37.779998779296875,38.04999923706055,37.68000030517578,37.77000045776367,2612100
2019-11-11,30.587926864624023,37.849998474121094,37.98699951171875,37.75,37.7599983215332,2538700
2019-11-12,30.38589096069336,37.599998474121094,38.10599899291992,37.54999923706055,37.849998474121094,6213800
2019-11-13,30.6929874420166,37.97999954223633,38.06999969482422,37.63999938964844,37.65999984741211,2220800
2019-11-14,31.00007438659668,38.36000061035156,38.36000061035156,38.02000045776367,38.06999969482422,2525100
2019-11-15,31.15361785888672,38.54999923706055,38.560001373291016,38.27000045776367,38.38999938964844,2615000
2019-11-18,31.32332992553711,38.7599983215332,38.93000030517578,38.56999969482422,38.599998474121094,2835500
2019-11-19,31.387975692749023,38.84000015258789,38.93000030517578,38.689998626708984,38.83000183105469,3345100
2019-11-20,31.404144287109375,38.86000061035156,38.95000076293945,38.612998962402344,38.810001373291016,5711400
2019-11-21,30.98392677307129,38.34000015258789,38.77000045776367,38.29100036621094,38.77000045776367,3556100
2019-11-22,30.806114196777344,38.119998931884766,38.400001525878906,37.935001373291016,38.380001068115234,3614400
2019-11-25,30.83036994934082,38.150001525878906,38.40999984741211,38.084999084472656,38.20000076293945,2712000
2019-11-26,31.258678436279297,38.68000030517578,38.68000030517578,38.150001525878906,38.18000030517578,4916300
2019-11-27,31.35565757751465,38.79999923706055,38.810001373291016,38.5099983215332,38.65999984741211,2605700
2019-11-29,31.23443603515625,38.650001525878906,38.95000076293945,38.61000061035156,38.77000045776367,2550800
2019-12-02,30.660655975341797,37.939998626708984,38.619998931884766,37.939998626708984,38.54999923706055,6651500
2019-12-03,30.911176681518555,38.25,38.31999969482422,37.90999984741211,37.91999816894531,3584000
2019-12-04,31.07281494140625,38.45000076293945,38.54499816894531,38.09000015258789,38.16999816894531,2283800
2019-12-05,31.121305465698242,38.5099983215332,38.5099983215332,38.23500061035156,38.38999938964844,3042200
2019-12-06,31.12938117980957,38.52000045776367,38.70000076293945,38.48500061035156,38.52000045776367,3855600
2019-12-09,31.16979217529297,38.56999969482422,38.68000030517578,38.415000915527344,38.56999969482422,2562300
2019-12-10,30.951589584350586,38.29999923706055,38.709999084472656,38.20000076293945,38.599998474121094,7303200
2019-12-11,30.717222213745117,38.0099983215332,38.38999938964844,37.880001068115234,38.38999938964844,6222900
2019-12-12,30.34547996520996,37.54999923706055,38.15999984741211,37.439998626708984,38.029998779296875,7621000
2019-12-13,30.377809524536133,37.59000015258789,37.72999954223633,37.2599983215332,37.540000915527344,6152000
2019-12-16,30.61216926574707,37.880001068115234,37.9900016784668,37.415000915527344,37.650001525878906,5093900
2019-12-17,30.280838012695312,37.470001220703125,38.0,37.39500045776367,37.95000076293945,4452000
2019-12-18,30.709144592285156,38.0,38.06999969482422,37.470001220703125,37.470001220703125,3504100
2019-12-19,31.00007438659668,38.36000061035156,38.38999938964844,37.88999938964844,37.959999084472656,3334500
2019-12-20,31.23944091796875,38.2400016784668,38.345001220703125,38.04999923706055,38.099998474121094,3691800
2019-12-23,31.051536560058594,38.0099983215332,38.36000061035156,37.939998626708984,38.310001373291016,3000600
2019-12-24,31.09238624572754,38.060001373291016,38.150001525878906,37.91999816894531,38.040000915527344,1120200
2019-12-26,31.280290603637695,38.290000915527344,38.310001373291016,38.060001373291016,38.13999938964844,1607200
2019-12-27,31.3946475982666,38.43000030517578,38.470001220703125,38.26499938964844,38.40999984741211,1828500
2019-12-30,31.370153427124023,38.400001525878906,38.459999084472656,38.220001220703125,38.349998474121094,2638400
2019-12-31,31.590717315673828,38.66999816894531,38.709999084472656,38.349998474121094,38.380001068115234,3675000
2020-01-02,31.223102569580078,38.220001220703125,38.849998474121094,38.06999969482422,38.790000915527344,4380100
2020-01-03,31.451833724975586,38.5,38.584999084472656,37.970001220703125,37.9900016784668,3499000
2020-01-06,31.459997177124023,38.5099983215332,38.65999984741211,38.349998474121094,38.43000030517578,3097200
2020-01-07,31.116901397705078,38.09000015258789,38.400001525878906,37.8849983215332,38.400001525878906,3550600
2020-01-08,31.272111892700195,38.279998779296875,38.34000015258789,37.9900016784668,38.130001068115234,5089000
2020-01-09,31.263948440551758,38.27000045776367,38.36000061035156,38.150001525878906,38.25,2885000
2020-01-10,31.566204071044922,38.63999938964844,38.6510009765625,38.26499938964844,38.349998474121094,6513200
2020-01-13,31.95016098022461,39.11000061035156,39.11000061035156,38.650001525878906,38.65999984741211,2988100
2020-01-14,31.79494857788086,38.91999816894531,39.06999969482422,38.70500183105469,39.06999969482422,3720200
2020-01-15,32.01551818847656,39.189998626708984,39.310001373291016,39.0099983215332,39.02000045776367,4468700
2020-01-16,32.30144119262695,39.540000915527344,39.540000915527344,39.18000030517578,39.279998779296875,4244500
2020-01-17,32.34229278564453,39.59000015258789,39.72999954223633,39.470001220703125,39.52000045776367,3014700
2020-01-21,32.6690673828125,39.9900016784668,40.02000045776367,39.529998779296875,39.599998474121094,2329500
2020-01-22,32.40764617919922,39.66999816894531,40.209999084472656,39.599998474121094,40.099998474121094,5815200
2020-01-23,32.718082427978516,40.04999923706055,40.08000183105469,39.59000015258789,39.689998626708984,2637800
2020-01-24,32.6690673828125,39.9900016784668,40.20500183105469,39.84000015258789,40.130001068115234,2397900
2020-01-27,32.53019332885742,39.81999969482422,39.970001220703125,39.709999084472656,39.75,6741600
2020-01-28,32.611881256103516,39.91999816894531,40.0890007019043,39.77000045776367,39.869998931884766,2904300
2020-01-29,32.44032287597656,39.709999084472656,40.13999938964844,39.66999816894531,40.04999923706055,5409600
2020-01-30,32.51384735107422,39.79999923706055,39.83300018310547,39.5099983215332,39.58000183105469,3847400
2020-01-31,32.04819869995117,39.22999954223633,39.75,39.1349983215332,39.70000076293945,7586200
2020-02-03,32.080875396728516,39.27000045776367,39.63800048828125,39.23500061035156,39.38999938964844,6254800
2020-02-04,32.49751281738281,39.779998779296875,39.92499923706055,39.334999084472656,39.40999984741211,5309500
2020-02-05,32.47300720214844,39.75,39.91999816894531,39.650001525878906,39.81999969482422,3049300
2020-02-06,32.611881256103516,39.91999816894531,40.0099983215332,39.79999923706055,39.880001068115234,2676700
2020-02-07,32.62821960449219,39.939998626708984,39.98500061035156,39.82500076293945,39.939998626708984,3216600
2020-02-10,33.004005432128906,40.400001525878906,40.41999816894531,40.029998779296875,40.06999969482422,3489300
2020-02-11,33.40430450439453,40.88999938964844,41.16999816894531,40.540000915527344,40.540000915527344,10001700
2020-02-12,33.6167106628418,41.150001525878906,41.25,40.790000915527344,40.939998626708984,2539700
2020-02-13,33.8209342956543,41.400001525878906,41.494998931884766,41.040000915527344,41.09000015258789,2825500
2020-02-14,34.213069915771484,41.880001068115234,41.88999938964844,41.439998626708984,41.5,2235200
2020-02-18,34.18037796020508,41.84000015258789,41.93000030517578,41.59000015258789,41.93000030517578,3260100
2020-02-19,33.69839859008789,41.25,41.849998474121094,41.25,41.849998474121094,2606100
2020-02-20,34.074188232421875,41.709999084472656,41.7400016784668,41.15999984741211,41.36000061035156,3901800
2020-02-21,34.25390625,41.93000030517578,42.0,41.65999984741211,41.709999084472656,2986900
2020-02-24,33.796424865722656,41.369998931884766,41.814998626708984,41.180999755859375,41.439998626708984,4703100
2020-02-25,32.946815490722656,40.33000183105469,41.619998931884766,40.18000030517578,41.47999954223633,9190200
2020-02-26,32.660888671875,39.97999954223633,40.69499969482422,39.89099884033203,40.380001068115234,8641900
2020-02-27,30.81463623046875,37.720001220703125,39.47999954223633,37.709999084472656,39.31999969482422,15861500
2020-02-28,30.054889678955078,36.790000915527344,37.15999984741211,35.69300079345703,36.91999816894531,44499000
2020-03-02,31.549869537353516,38.619998931884766,38.630001068115234,36.880001068115234,36.970001220703125,19686200
2020-03-03,31.525352478027344,38.59000015258789,39.55500030517578,38.220001220703125,38.70000076293945,37983700
2020-03-04,32.750762939453125,40.09000015258789,40.13999938964844,39.040000915527344,39.099998474121094,13712900
2020-03-05,31.99917221069336,39.16999816894531,39.75,38.72999954223633,39.43000030517578,13348200
2020-03-06,31.451833724975586,38.5,38.65999984741211,37.2400016784668,38.31999969482422,16942300
2020-03-09,29.229785919189453,35.779998779296875,36.959999084472656,35.75,36.45000076293945,12791800
2020-03-10,30.651247024536133,37.52000045776367,37.58000183105469,35.400001525878906,36.70000076293945,18902400
2020-03-11,29.00921058654785,35.5099983215332,36.66999816894531,35.150001525878906,36.61000061035156,16089100
2020-03-12,26.517580032348633,32.459999084472656,34.58000183105469,28.0,33.2599983215332,9058600
2020-03-13,28.8458309173584,35.310001373291016,35.36000061035156,32.529998779296875,34.16999816894531,9694900
2020-03-16,24.230173110961914,29.65999984741211,32.65999984741211,29.43000030517578,31.799999237060547,5840100
2020-03-17,25.70064353942871,31.459999084472656,32.290000915527344,29.440000534057617,30.110000610351562,7267800
2020-03-18,23.895227432250977,29.25,30.8700008392334,28.3700008392334,29.600000381469727,12255800
2020-03-19,23.51944351196289,28.790000915527344,29.540000915527344,28.0,28.81999969482422,13526100
2020-03-20,22.18784523010254,27.15999984741211,29.600000381469727,26.969999313354492,28.950000762939453,16549800
2020-03-23,20.95490837097168,25.459999084472656,26.920000076293945,24.8799991607666,26.8799991607666,28171300
2020-03-24,22.782089233398438,27.68000030517578,27.770000457763672,26.219999313354492,26.6299991607666,15346800
2020-03-25,23.794437408447266,28.90999984741211,30.43000030517578,27.479999542236328,27.8799991607666,18863500
2020-03-26,25.621618270874023,31.1299991607666,31.260000228881836,28.959999084472656,29.15999984741211,17228600
2020-03-27,25.687461853027344,31.209999084472656,31.950000762939453,30.149999618530273,30.170000076293945,11840800
2020-03-30,26.35413360595703,32.02000045776367,32.18000030517578,30.690000534057617,31.3799991607666,10377700
2020-03-31,25.51462173461914,31.0,31.84000015258789,30.270000457763672,31.790000915527344,9015800
2020-04-01,23.96728515625,29.1200008392334,29.6200008392334,28.479999542236328,29.600000381469727,11255400
2020-04-02,24.321191787719727,29.549999237060547,29.969999313354492,28.760000228881836,28.780000686645508,11021700
2020-04-03,24.115432739257812,29.299999237060547,29.799999237060547,28.770000457763672,29.34000015258789,7984100
2020-04-06,25.860300064086914,31.420000076293945,31.549999237060547,30.40999984741211,30.40999984741211,9514500
2020-04-07,25.8685359954834,31.43000030517578,32.9900016784668,31.40999984741211,32.68000030517578,19488600
2020-04-08,27.81093978881836,33.790000915527344,33.970001220703125,31.5,31.84000015258789,27207800
2020-04-09,29.243051528930664,35.529998779296875,35.95000076293945,34.349998474121094,34.400001525878906,49899800
2020-04-13,27.901473999023438,33.900001525878906,35.38999938964844,33.69499969482422,35.33000183105469,9877300
2020-04-14,28.831520080566406,35.029998779296875,35.189998626708984,34.59000015258789,34.59000015258789,6720300
2020-04-15,27.720394134521484,33.68000030517578,34.380001068115234,33.38999938964844,34.11000061035156,5378900
2020-04-16,27.539323806762695,33.459999084472656,34.02000045776367,33.26499938964844,33.72999954223633,4372800
2020-04-17,28.4282283782959,34.540000915527344,34.70000076293945,33.959999084472656,34.349998474121094,6540400
2020-04-20,27.374717712402344,33.2599983215332,34.060001373291016,33.2599983215332,33.93000030517578,5773900
2020-04-21,26.97142219543457,32.77000045776367,33.0099983215332,32.369998931884766,32.47999954223633,7839500
2020-04-22,27.440567016601562,33.34000015258789,33.63999938964844,33.02000045776367,33.27000045776367,5386000
2020-04-23,27.127803802490234,32.959999084472656,33.619998931884766,32.88999938964844,33.400001525878906,6367800
2020-04-24,27.226573944091797,33.08000183105469,33.23099899291992,32.71500015258789,33.130001068115234,5142700
2020-04-27,28.016704559326172,34.040000915527344,34.15999984741211,33.349998474121094,33.349998474121094,4024200
2020-04-28,28.041391372680664,34.06999969482422,35.02000045776367,34.040000915527344,34.63999938964844,5955000
2020-04-29,28.115467071533203,34.15999984741211,34.869998931884766,34.13999938964844,34.7599983215332,6095100
2020-04-30,27.917932510375977,33.91999816894531,34.04999923706055,33.369998931884766,33.709999084472656,6837500
2020-05-01,27.061960220336914,32.880001068115234,33.310001373291016,32.68000030517578,33.09000015258789,5724300
2020-05-04,27.04549789428711,32.86000061035156,32.88999938964844,32.09000015258789,32.59000015258789,6816600
2020-05-05,27.218341827392578,33.06999969482422,33.50899887084961,33.025001525878906,33.13999938964844,4899400
2020-05-06,26.716279983520508,32.459999084472656,33.31999969482422,32.459999084472656,33.16999816894531,4609500
2020-05-07,26.95496368408203,32.75,33.15999984741211,32.560001373291016,32.779998779296875,4927700
2020-05-08,27.448787689208984,33.349998474121094,33.45000076293945,33.040000915527344,33.130001068115234,4428800
2020-05-11,27.11957359313965,32.95000076293945,33.45000076293945,32.779998779296875,32.9900016784668,4566400
2020-05-12,25.96729850769043,31.549999237060547,33.11000061035156,31.530000686645508,33.08000183105469,16049400
2020-05-13,25.555774688720703,31.049999237060547,31.739999771118164,30.895000457763672,31.3700008392334,5131500
2020-05-14,25.588693618774414,31.09000015258789,31.09000015258789,30.030000686645508,30.649999618530273,8269300
2020-05-15,25.49816131591797,30.979999542236328,30.989999771118164,30.389999389648438,30.8700008392334,7482800
2020-05-18,26.740970611572266,32.4900016784668,32.75,31.90999984741211,31.90999984741211,6286400
2020-05-19,26.22244644165039,31.860000610351562,32.439998626708984,31.860000610351562,32.31999969482422,5799300
2020-05-20,26.469362258911133,32.15999984741211,32.25,31.90999984741211,32.20000076293945,4041700
2020-05-21,26.33767318725586,32.0,32.27000045776367,31.760000228881836,32.04999923706055,4289000
2020-05-22,26.9138126373291,32.70000076293945,32.720001220703125,31.8799991607666,32.029998779296875,4743200
2020-05-26,27.769784927368164,33.7400016784668,33.970001220703125,33.345001220703125,33.72999954223633,5756600
2020-05-27,28.362380981445312,34.459999084472656,34.459999084472656,33.599998474121094,34.43000030517578,5779800
2020-05-28,28.683368682861328,34.849998474121094,34.90999984741211,34.439998626708984,34.86000061035156,5281400
2020-05-29,28.51876449584961,34.650001525878906,34.81999969482422,34.310001373291016,34.619998931884766,7830900
2020-06-01,29.086669921875,35.34000015258789,35.60499954223633,34.52000045776367,34.619998931884766,5275600
2020-06-02,29.275968551635742,35.56999969482422,35.709999084472656,35.15999984741211,35.560001373291016,4613100
2020-06-03,29.975568771362305,36.41999816894531,36.625,35.83000183105469,35.88999938964844,3685700
2020-06-04,29.415884017944336,35.7400016784668,36.2599983215332,35.459999084472656,36.2400016784668,3692400
2020-06-05,30.49408721923828,37.04999923706055,37.29999923706055,36.709999084472656,36.869998931884766,5313700
2020-06-08,31.16075897216797,37.86000061035156,37.86000061035156,37.380001068115234,37.439998626708984,4384200
2020-06-09,30.79861068725586,37.41999816894531,37.599998474121094,36.970001220703125,37.310001373291016,3636100
2020-06-10,30.222482681274414,36.720001220703125,37.43000030517578,36.5,37.2599983215332,3956600
2020-06-11,28.354148864746094,34.45000076293945,35.720001220703125,34.40999984741211,35.33000183105469,17916000
2020-06-12,29.251279830932617,35.540000915527344,35.689998626708984,34.65999984741211,35.52000045776367,7645100
2020-06-15,29.621658325195312,35.9900016784668,36.119998931884766,34.529998779296875,34.58000183105469,5146600
2020-06-16,30.115482330322266,36.59000015258789,37.20000076293945,35.9900016784668,37.099998474121094,6559300
2020-06-17,29.761571884155273,36.15999984741211,36.81999969482422,36.150001525878906,36.81999969482422,3553800
2020-06-18,29.391197204589844,35.709999084472656,35.95000076293945,35.540000915527344,35.900001525878906,2261000
2020-06-19,29.094900131225586,35.349998474121094,36.25,35.08000183105469,36.220001220703125,5057400
2020-06-22,29.011953353881836,34.97999954223633,35.10499954223633,34.5099983215332,34.970001220703125,2525400
2020-06-23,28.904142379760742,34.849998474121094,35.400001525878906,34.79999923706055,35.310001373291016,2444900
2020-06-24,28.165983200073242,33.959999084472656,34.58000183105469,33.2599983215332,34.45000076293945,6262800
2020-06-25,28.464563369750977,34.31999969482422,34.34000015258789,33.67399978637695,33.779998779296875,3520100
2020-06-26,27.975223541259766,33.72999954223633,34.38999938964844,33.650001525878906,34.220001220703125,4398900
2020-06-29,28.45627212524414,34.310001373291016,34.310001373291016,33.630001068115234,34.0099983215332,4052700
2020-06-30,28.8709659576416,34.810001373291016,34.97999954223633,34.290000915527344,34.380001068115234,3640600
2020-07-01,29.658878326416016,35.7599983215332,35.869998931884766,34.875,34.95000076293945,5182500
2020-07-02,29.559356689453125,35.63999938964844,36.31999969482422,35.5099983215332,36.290000915527344,2586000
2020-07-06,29.592533111572266,35.68000030517578,36.36000061035156,35.612998962402344,36.25,3206300
2020-07-07,29.111478805541992,35.099998474121094,35.529998779296875,35.09000015258789,35.380001068115234,2668600
2020-07-08,29.09490203857422,35.08000183105469,35.31999969482422,34.77000045776367,35.209999084472656,11063900
2020-07-09,28.995372772216797,34.959999084472656,35.099998474121094,34.400001525878906,35.0099983215332,6024700
2020-07-10,29.02854347229004,35.0,35.18000030517578,34.81999969482422,34.959999084472656,5978400
2020-07-13,28.572383880615234,34.45000076293945,35.189998626708984,34.36000061035156,35.119998931884766,10021700
2020-07-14,28.854381561279297,34.790000915527344,34.900001525878906,34.400001525878906,34.4900016784668,6206300
2020-07-15,28.987075805664062,34.95000076293945,35.369998931884766,34.755001068115234,35.25,7492500
2020-07-16,28.647031784057617,34.540000915527344,34.970001220703125,34.45500183105469,34.810001373291016,3339300
2020-07-17,29.04513168334961,35.02000045776367,35.189998626708984,34.5099983215332,34.689998626708984,8696300
2020-07-20,28.771440505981445,34.689998626708984,35.2400016784668,34.56999969482422,35.04999923706055,2792300
2020-07-21,28.779727935791016,34.70000076293945,35.09000015258789,34.599998474121094,35.0099983215332,5930700
2020-07-22,29.128076553344727,35.119998931884766,35.130001068115234,34.43000030517578,34.650001525878906,21831500
2020-07-23,28.978784561157227,34.939998626708984,35.25,34.560001373291016,35.060001373291016,9896100
2020-07-24,28.8626766204834,34.79999923706055,35.099998474121094,34.72999954223633,34.880001068115234,3388800
2020-07-27,29.202714920043945,35.209999084472656,35.22999954223633,34.459999084472656,34.81999969482422,3487800
2020-07-28,29.791582107543945,35.91999816894531,36.097999572753906,35.119998931884766,35.20000076293945,3591000
2020-07-29,30.35556983947754,36.599998474121094,36.599998474121094,36.029998779296875,36.04999923706055,3072600
2020-07-30,30.106754302978516,36.29999923706055,36.31999969482422,35.81999969482422,36.130001068115234,3104000
2020-07-31,30.07357406616211,36.2599983215332,36.31999969482422,35.7400016784668,36.25,4594400
2020-08-03,29.592533111572266,35.68000030517578,36.18000030517578,35.584999084472656,36.130001068115234,4743600
2020-08-04,30.0321044921875,36.209999084472656,36.32500076293945,35.63999938964844,35.689998626708984,4030600
2020-08-05,29.80817413330078,35.939998626708984,36.43000030517578,35.84000015258789,36.349998474121094,2729100
2020-08-06,29.866233825683594,36.0099983215332,36.06999969482422,35.744998931884766,35.869998931884766,2887800
2020-08-07,30.272624969482422,36.5,36.525001525878906,35.849998474121094,35.86000061035156,4065400
2020-08-10,30.22286605834961,36.439998626708984,36.66999816894531,36.290000915527344,36.58000183105469,2986400
2020-08-11,29.642295837402344,35.7400016784668,36.75,35.617000579833984,36.75,5520100
2020-08-12,30.015520095825195,36.189998626708984,36.279998779296875,35.84000015258789,36.0,4035200
2020-08-13,29.66717529296875,35.77000045776367,36.36000061035156,35.72999954223633,36.09000015258789,4096600
2020-08-14,29.741817474365234,35.86000061035156,36.130001068115234,35.71200180053711,35.75,2416800
2020-08-17,30.007221221923828,36.18000030517578,36.18000030517578,35.736000061035156,35.849998474121094,2824900
2020-08-18,29.974048614501953,36.13999938964844,36.26499938964844,35.90999984741211,36.25,2603600
2020-08-19,29.360305786132812,35.400001525878906,36.22999954223633,35.349998474121094,36.209999084472656,4328900
2020-08-20,29.675464630126953,35.779998779296875,35.94499969482422,35.16999816894531,35.2599983215332,3032800
2020-08-21,29.774991989135742,35.900001525878906,35.9900016784668,35.441001892089844,35.869998931884766,2155700
2020-08-24,29.816471099853516,35.95000076293945,35.970001220703125,35.43000030517578,35.95000076293945,3438400
2020-08-25,29.907699584960938,36.060001373291016,36.099998474121094,35.74100112915039,36.060001373291016,3226600
2020-08-26,29.70035743713379,35.810001373291016,36.0099983215332,35.56700134277344,35.959999084472656,2231400
2020-08-27,30.098459243774414,36.290000915527344,36.400001525878906,35.86000061035156,35.900001525878906,3098400
2020-08-28,30.330690383911133,36.56999969482422,36.56999969482422,35.9900016784668,36.349998474121094,1583700
2020-08-31,30.065277099609375,36.25,36.52000045776367,36.119998931884766,36.52000045776367,3522700
2020-09-01,30.015520095825195,36.189998626708984,36.2400016784668,35.869998931884766,36.13999938964844,4280200
2020-09-02,30.68732261657715,37.0,37.040000915527344,35.959999084472656,36.2400016784668,4663200
2020-09-03,30.173107147216797,36.380001068115234,37.20000076293945,36.11000061035156,36.95000076293945,8943100
2020-09-04,30.065277099609375,36.25,36.72999954223633,35.619998931884766,36.5,9308100
2020-09-08,29.68376922607422,35.790000915527344,36.099998474121094,35.52000045776367,36.0099983215332,6823000
2020-09-09,30.007221221923828,36.18000030517578,36.66999816894531,35.959999084472656,36.029998779296875,4081600
2020-09-10,29.58423614501953,35.66999816894531,36.25,35.650001525878906,36.13999938964844,6048400
2020-09-11,29.484710693359375,35.54999923706055,35.86000061035156,35.290000915527344,35.77000045776367,5445000
2020-09-14,30.206274032592773,36.41999816894531,36.513999938964844,35.790000915527344,35.790000915527344,3205600
2020-09-15,30.604381561279297,36.900001525878906,37.2400016784668,36.4900016784668,36.52000045776367,2947800
2020-09-16,30.80344009399414,37.13999938964844,37.51499938964844,36.959999084472656,37.08000183105469,3545400
2020-09-17,30.123342514038086,36.31999969482422,37.060001373291016,36.07400131225586,36.81999969482422,3656800
2020-09-18,29.52617835998535,35.599998474121094,36.34000015258789,35.529998779296875,36.34000015258789,6254300
2020-09-21,28.736019134521484,34.439998626708984,35.040000915527344,34.255001068115234,34.9900016784668,6227100
2020-09-22,29.078123092651367,34.849998474121094,35.130001068115234,34.47999954223633,34.529998779296875,4578000
2020-09-23,28.24374008178711,33.849998474121094,34.86000061035156,33.79499816894531,34.790000915527344,4330800
2020-09-24,28.377243041992188,34.0099983215332,34.45000076293945,33.7400016784668,33.869998931884766,4926400
2020-09-25,28.92793083190918,34.66999816894531,34.709999084472656,33.81999969482422,33.880001068115234,2765000
2020-09-28,29.428564071655273,35.27000045776367,35.41999816894531,35.060001373291016,35.119998931884766,2802800
2020-09-29,29.27836799621582,35.09000015258789,35.31999969482422,34.880001068115234,35.16999816894531,2217600
2020-09-30,29.428564071655273,35.27000045776367,35.599998474121094,34.91999816894531,35.2599983215332,4386100
2020-10-01,29.912492752075195,35.849998474121094,35.86000061035156,35.16999816894531,35.400001525878906,5842200
2020-10-02,30.396440505981445,36.43000030517578,36.540000915527344,35.290000915527344,35.310001373291016,4494600
2020-10-05,30.563310623168945,36.630001068115234,36.68000030517578,35.8849983215332,36.529998779296875,2185900
2020-10-06,30.30466079711914,36.31999969482422,36.83000183105469,36.189998626708984,36.72999954223633,4225600
2020-10-07,30.388093948364258,36.41999816894531,36.654998779296875,36.290000915527344,36.560001373291016,2158300
2020-10-08,30.897062301635742,37.029998779296875,37.209999084472656,36.599998474121094,36.650001525878906,2208700
2020-10-09,30.813629150390625,36.93000030517578,37.25,36.78900146484375,37.2400016784668,2617400
2020-10-12,30.972158432006836,37.119998931884766,37.20000076293945,36.7599983215332,37.0,2747100
2020-10-13,30.446500778198242,36.4900016784668,37.0,36.279998779296875,37.0,4258700
2020-10-14,30.096052169799805,36.06999969482422,36.54999923706055,36.02000045776367,36.540000915527344,7041600
2020-10-15,30.2379093170166,36.2400016784668,36.540000915527344,35.83000183105469,35.849998474121094,3691200
2020-10-16,30.129440307617188,36.11000061035156,36.34000015258789,35.9900016784668,36.27000045776367,2730500
2020-10-19,29.653844833374023,35.540000915527344,36.33000183105469,35.5,36.189998626708984,3782500
2020-10-20,29.85408592224121,35.779998779296875,36.03499984741211,35.68000030517578,35.7400016784668,5962200
2020-10-21,29.745630264282227,35.650001525878906,35.869998931884766,35.560001373291016,35.66999816894531,3566700
2020-10-22,29.537033081054688,35.400001525878906,35.689998626708984,35.334999084472656,35.63999938964844,3013900
2020-10-23,29.728939056396484,35.630001068115234,35.72999954223633,35.345001220703125,35.540000915527344,2194100
2020-10-26,29.370149612426758,35.20000076293945,35.36000061035156,34.869998931884766,35.36000061035156,3322600
2020-10-27,28.99467658996582,34.75,35.439998626708984,34.75,35.2599983215332,2760300
2020-10-28,28.35220718383789,33.97999954223633,34.56999969482422,33.83000183105469,34.189998626708984,5331500
2020-10-29,28.67761993408203,34.369998931884766,34.65999984741211,33.7400016784668,34.060001373291016,4989600
2020-10-30,28.49405288696289,34.150001525878906,34.369998931884766,33.709999084472656,34.15999984741211,5662400
2020-11-02,29.194931030273438,34.9900016784668,34.9900016784668,34.290000915527344,34.529998779296875,5349800
2020-11-03,29.653844833374023,35.540000915527344,35.7599983215332,35.15999984741211,35.27000045776367,4895700
2020-11-04,29.737285614013672,35.63999938964844,36.29999923706055,35.45000076293945,35.689998626708984,5642500
2020-11-05,29.845745086669922,35.77000045776367,36.119998931884766,35.611000061035156,35.91999816894531,4718500
2020-11-06,29.728939056396484,35.630001068115234,36.05500030517578,35.5,35.79999923706055,4562400
2020-11-09,30.51325798034668,36.56999969482422,39.11000061035156,36.47999954223633,37.349998474121094,11855500
2020-11-10,30.680126190185547,36.77000045776367,36.9900016784668,36.459999084472656,36.619998931884766,9593400
2020-11-11,30.913745880126953,37.04999923706055,37.27000045776367,36.66999816894531,36.959999084472656,6219300
2020-11-12,30.596689224243164,36.66999816894531,37.165000915527344,36.45000076293945,36.939998626708984,5034500
2020-11-13,31.297565460205078,37.5099983215332,37.599998474121094,36.869998931884766,36.869998931884766,3078700
2020-11-16,31.497812271118164,37.75,38.27000045776367,37.29999923706055,38.189998626708984,4066500
2020-11-17,31.514509201049805,37.77000045776367,37.90999984741211,37.2400016784668,37.52000045776367,4501200
2020-11-18,30.980493545532227,37.130001068115234,38.14500045776367,37.11000061035156,37.79999923706055,4579100
2020-11-19,31.030567169189453,37.189998626708984,37.2599983215332,36.68000030517578,37.08000183105469,4583900
2020-11-20,30.82196807861328,36.939998626708984,37.25,36.810001373291016,37.2400016784668,2799000
2020-11-23,30.72184181213379,36.81999969482422,37.220001220703125,36.755001068115234,37.150001525878906,4084700
2020-11-24,30.70516586303711,36.79999923706055,37.369998931884766,36.757999420166016,37.2400016784668,3201500
2020-11-25,30.78025245666504,36.88999938964844,36.970001220703125,36.56999969482422,36.869998931884766,3553300
2020-11-27,30.72184181213379,36.81999969482422,37.060001373291016,36.66999816894531,37.060001373291016,1791100
2020-11-30,30.454843521118164,36.5,36.79999923706055,36.32500076293945,36.79999923706055,4225200
2020-12-01,30.838659286499023,36.959999084472656,37.0880012512207,36.790000915527344,36.869998931884766,4491900
2020-12-02,30.51325798034668,36.56999969482422,37.09000015258789,36.540000915527344,36.86000061035156,3019100
2020-12-03,30.738529205322266,36.84000015258789,37.02000045776367,36.599998474121094,36.63999938964844,2953400
2020-12-04,31.147384643554688,37.33000183105469,37.349998474121094,37.0099983215332,37.04999923706055,3325500
2020-12-07,30.838659286499023,36.959999084472656,37.36000061035156,36.834999084472656,37.279998779296875,3027800
2020-12-08,30.696815490722656,36.790000915527344,37.040000915527344,36.77000045776367,36.81999969482422,2184100
2020-12-09,30.413124084472656,36.45000076293945,36.86000061035156,36.220001220703125,36.83000183105469,3443200
2020-12-10,30.246248245239258,36.25,36.599998474121094,36.13999938964844,36.310001373291016,2687300
2020-12-11,30.262941360473633,36.27000045776367,36.279998779296875,35.849998474121094,36.099998474121094,2340600
2020-12-14,30.04599952697754,36.0099983215332,36.79499816894531,35.9900016784668,36.58000183105469,3412600
2020-12-15,30.57166290283203,36.63999938964844,36.63999938964844,35.939998626708984,36.20000076293945,2593200
2020-12-16,30.580007553100586,36.650001525878906,36.904998779296875,36.43899917602539,36.709999084472656,2919300
2020-12-17,30.938791275024414,37.08000183105469,37.130001068115234,36.7400016784668,36.849998474121094,2124200
2020-12-18,30.4047794342041,36.439998626708984,37.130001068115234,36.17499923706055,37.11000061035156,4150700
2020-12-21,30.13094711303711,35.650001525878906,35.7400016784668,35.29999923706055,35.529998779296875,5463900
2020-12-22,30.342241287231445,35.900001525878906,35.900001525878906,35.529998779296875,35.68000030517578,1673100
2020-12-23,30.054874420166016,35.560001373291016,36.21799850463867,35.560001373291016,36.02000045776367,1965300
2020-12-24,30.35068702697754,35.90999984741211,35.90999984741211,35.68000030517578,35.70000076293945,1600000
2020-12-28,30.59579849243164,36.20000076293945,36.22999954223633,35.86000061035156,36.029998779296875,2955500
2020-12-29,30.359134674072266,35.91999816894531,36.5099983215332,35.91999816894531,36.36000061035156,2212200
2020-12-30,30.528169631958008,36.119998931884766,36.38999938964844,35.935001373291016,36.0099983215332,2365000
2020-12-31,30.900068283081055,36.560001373291016,36.61000061035156,35.849998474121094,36.130001068115234,4083800
2021-01-04,29.902734756469727,35.380001068115234,36.709999084472656,35.369998931884766,36.63999938964844,4967000
2021-01-05,29.868932723999023,35.34000015258789,35.68000030517578,35.310001373291016,35.400001525878906,4432400
2021-01-06,29.725248336791992,35.16999816894531,35.39500045776367,34.970001220703125,35.349998474121094,7383400
2021-01-07,29.81821632385254,35.279998779296875,35.400001525878906,35.01499938964844,35.25,3433700
2021-01-08,30.139385223388672,35.65999984741211,35.77000045776367,35.31999969482422,35.369998931884766,3419900
2021-01-11,29.632280349731445,35.060001373291016,35.630001068115234,34.95500183105469,35.470001220703125,4050000
2021-01-12,29.657630920410156,35.09000015258789,35.130001068115234,34.650001525878906,34.9900016784668,4372500
2021-01-13,30.063323974609375,35.56999969482422,35.630001068115234,35.06999969482422,35.06999969482422,3024400
2021-01-14,30.2492733001709,35.790000915527344,36.02000045776367,35.5,35.66999816894531,3792500
2021-01-15,30.714128494262695,36.34000015258789,36.40599822998047,35.630001068115234,35.709999084472656,4213000
2021-01-19,30.51127052307129,36.099998474121094,36.540000915527344,36.025001525878906,36.52000045776367,3317800
2021-01-20,31.145164489746094,36.849998474121094,36.99399948120117,36.0099983215332,36.189998626708984,4404200
2021-01-21,31.04374122619629,36.72999954223633,36.76900100708008,36.369998931884766,36.70000076293945,2669600
2021-01-22,31.11981201171875,36.81999969482422,36.90999984741211,36.52000045776367,36.54999923706055,2355200
2021-01-25,31.398717880249023,37.150001525878906,37.369998931884766,36.630001068115234,36.810001373291016,5784200
2021-01-26,31.719892501831055,37.529998779296875,37.630001068115234,37.119998931884766,37.20000076293945,3398900
2021-01-27,31.314199447631836,37.04999923706055,37.689998626708984,36.810001373291016,37.29999923706055,8415100
2021-01-28,31.398717880249023,37.150001525878906,37.590999603271484,36.79999923706055,37.119998931884766,11831200
2021-01-29,31.069087982177734,36.7599983215332,37.290000915527344,36.54999923706055,36.869998931884766,5590700
2021-02-01,31.770601272583008,37.59000015258789,37.60499954223633,36.52000045776367,36.9900016784668,3729300
2021-02-02,31.905834197998047,37.75,37.939998626708984,37.5099983215332,37.779998779296875,3017400
2021-02-03,31.779050827026367,37.599998474121094,37.72999954223633,37.09000015258789,37.70000076293945,3472200
2021-02-04,31.95654296875,37.810001373291016,38.040000915527344,37.529998779296875,37.650001525878906,3040200
2021-02-05,32.06642150878906,37.939998626708984,38.0099983215332,37.779998779296875,37.91999816894531,2019400
2021-02-08,32.134037017822266,38.02000045776367,38.029998779296875,37.689998626708984,37.959999084472656,2590000
2021-02-09,32.277713775634766,38.189998626708984,38.310001373291016,37.97999954223633,38.099998474121094,1682200
2021-02-10,32.49747085571289,38.45000076293945,38.70500183105469,38.23099899291992,38.380001068115234,3329000
2021-02-11,32.43830871582031,38.380001068115234,38.61000061035156,38.18000030517578,38.5,2301000
2021-02-12,32.429847717285156,38.369998931884766,38.459999084472656,38.020999908447266,38.290000915527344,1826300
2021-02-16,32.08332443237305,37.959999084472656,38.470001220703125,37.77000045776367,38.43000030517578,3341300
2021-02-17,32.10868453979492,37.9900016784668,38.05500030517578,37.720001220703125,37.939998626708984,3277200
2021-02-18,32.0917854309082,37.970001220703125,38.029998779296875,37.81999969482422,37.84000015258789,2932100
2021-02-19,32.193199157714844,38.09000015258789,38.36000061035156,37.98500061035156,38.150001525878906,2448500
2021-02-22,32.379146575927734,38.310001373291016,38.45000076293945,37.880001068115234,38.029998779296875,4293100
2021-02-23,32.49747085571289,38.45000076293945,38.689998626708984,38.30500030517578,38.540000915527344,5986100
2021-02-24,32.649600982666016,38.630001068115234,38.76499938964844,38.310001373291016,38.45000076293945,3779900
2021-02-25,32.117130279541016,38.0,38.900001525878906,37.7400016784668,38.63999938964844,6790200
2021-02-26,31.559307098388672,37.34000015258789,38.119998931884766,37.31700134277344,38.119998931884766,8008400
2021-03-01,31.593109130859375,37.380001068115234,38.02000045776367,37.375,37.7599983215332,4505600
2021-03-02,31.398717880249023,37.150001525878906,37.41999816894531,36.849998474121094,37.400001525878906,7482600
2021-03-03,31.009929656982422,36.689998626708984,37.150001525878906,36.6349983215332,37.150001525878906,7743400
2021-03-04,30.7817325592041,36.41999816894531,37.119998931884766,36.06999969482422,36.810001373291016,11162900
2021-03-05,31.13671112060547,36.84000015258789,37.0,35.88999938964844,36.70000076293945,9431800
2021-03-08,31.28883934020996,37.02000045776367,37.47999954223633,36.66999816894531,36.93000030517578,5381500
2021-03-09,31.64382553100586,37.439998626708984,37.69499969482422,37.209999084472656,37.209999084472656,4163400
2021-03-10,31.95654296875,37.810001373291016,38.040000915527344,37.380001068115234,37.47999954223633,4908400
2021-03-11,32.429847717285156,38.369998931884766,38.650001525878906,37.82500076293945,37.91999816894531,4092700
2021-03-12,32.9876708984375,39.029998779296875,39.029998779296875,38.310001373291016,38.33000183105469,3621600
2021-03-15,33.35955810546875,39.470001220703125,39.58000183105469,38.84199905395508,39.060001373291016,4585700
2021-03-16,33.35955810546875,39.470001220703125,39.65999984741211,39.290000915527344,39.529998779296875,3814700
2021-03-17,33.30884552001953,39.40999984741211,39.45000076293945,39.060001373291016,39.400001525878906,4914800
2021-03-18,33.09755325317383,39.15999984741211,39.27000045776367,38.86000061035156,39.189998626708984,4147000
2021-03-19,32.658050537109375,38.63999938964844,39.308998107910156,38.58000183105469,39.16999816894531,5718700
2021-03-22,33.01829147338867,38.68000030517578,38.79999923706055,38.15999984741211,38.279998779296875,4371700
2021-03-23,33.12071990966797,38.79999923706055,39.06999969482422,38.599998474121094,38.7599983215332,4453800
2021-03-24,32.975608825683594,38.630001068115234,39.029998779296875,38.505001068115234,38.779998779296875,10398000
2021-03-25,33.25728988647461,38.959999084472656,39.005001068115234,38.220001220703125,38.630001068115234,5725300
2021-03-26,34.06824493408203,39.90999984741211,39.93000030517578,39.040000915527344,39.13999938964844,4550900
2021-03-29,33.99142074584961,39.81999969482422,40.0,39.34000015258789,39.77000045776367,5335600
2021-03-30,33.84629821777344,39.650001525878906,39.81999969482422,39.54999923706055,39.7599983215332,4534600
2021-03-31,33.709712982177734,39.4900016784668,39.895999908447266,39.27000045776367,39.599998474121094,5083900
2021-04-01,34.24750518798828,40.119998931884766,40.119998931884766,39.470001220703125,39.68000030517578,6082700
2021-04-05,34.42676544189453,40.33000183105469,40.369998931884766,39.939998626708984,40.369998931884766,5235600
2021-04-06,34.51211929321289,40.43000030517578,40.43000030517578,40.08000183105469,40.2400016784668,4270100
2021-04-07,34.554813385009766,40.47999954223633,40.57400131225586,40.1150016784668,40.45000076293945,3063200
2021-04-08,34.38408279418945,40.279998779296875,40.70000076293945,40.244998931884766,40.529998779296875,4042700
2021-04-09,34.43531036376953,40.34000015258789,40.38999938964844,40.15999984741211,40.349998474121094,1887000
2021-04-12,34.64017105102539,40.58000183105469,40.584999084472656,40.09000015258789,40.43000030517578,2946900
2021-04-13,34.84504699707031,40.81999969482422,40.86000061035156,40.47999954223633,40.58000183105469,7557800
2021-04-14,34.63163757324219,40.56999969482422,41.0099983215332,40.52000045776367,40.79999923706055,3027900
2021-04-15,35.2889289855957,41.34000015258789,41.349998474121094,40.70000076293945,40.79999923706055,3786400
2021-04-16,35.340145111083984,41.400001525878906,41.54999923706055,41.290000915527344,41.52000045776367,3173700
2021-04-19,35.45112991333008,41.529998779296875,41.54499816894531,41.165000915527344,41.40999984741211,3291600
2021-04-20,35.843780517578125,41.9900016784668,42.119998931884766,41.400001525878906,41.45000076293945,5042100
2021-04-21,36.005977630615234,42.18000030517578,42.2599983215332,41.93000030517578,42.060001373291016,4182600
2021-04-22,35.852333068847656,42.0,42.369998931884766,41.93000030517578,42.130001068115234,4074600
2021-04-23,36.05719757080078,42.2400016784668,42.36000061035156,41.97999954223633,42.11000061035156,3551700
2021-04-26,36.13401794433594,42.33000183105469,42.56999969482422,42.220001220703125,42.40999984741211,2893600
2021-04-27,36.13401794433594,42.33000183105469,42.470001220703125,42.220001220703125,42.470001220703125,3715200
2021-04-28,36.005977630615234,42.18000030517578,42.47999954223633,42.150001525878906,42.400001525878906,2246200
2021-04-29,36.270599365234375,42.4900016784668,42.58000183105469,42.20000076293945,42.40999984741211,4261900
2021-04-30,36.50960159301758,42.77000045776367,42.810001373291016,42.29999923706055,42.34000015258789,4592300
2021-05-03,36.31327438354492,42.540000915527344,42.869998931884766,42.47999954223633,42.869998931884766,5074000
2021-05-04,36.091339111328125,42.279998779296875,42.720001220703125,42.02000045776367,42.45000076293945,4892400
2021-05-05,35.56208801269531,41.65999984741211,42.22999954223633,41.47999954223633,42.220001220703125,5972400
2021-05-06,35.73281478881836,41.86000061035156,41.90999984741211,41.5099983215332,41.68000030517578,4116400
2021-05-07,36.16816711425781,42.369998931884766,42.38999938964844,41.81999969482422,41.81999969482422,3863600
2021-05-10,36.33034896850586,42.560001373291016,42.9379997253418,42.46500015258789,42.58000183105469,3873100
2021-05-11,35.90353775024414,42.060001373291016,42.21799850463867,41.67499923706055,42.11000061035156,5546200
2021-05-12,35.03285217285156,41.040000915527344,42.0,41.02000045776367,41.88999938964844,5443800
2021-05-13,35.47672653198242,41.560001373291016,41.79800033569336,41.11000061035156,41.119998931884766,10719300
2021-05-14,35.80965042114258,41.95000076293945,42.11000061035156,41.619998931884766,41.77000045776367,3828600
2021-05-17,35.82672119140625,41.970001220703125,42.07500076293945,41.81999969482422,41.90999984741211,3583400
2021-05-18,35.89500427246094,42.04999923706055,42.29899978637695,41.67499923706055,41.95000076293945,4545500
2021-05-19,35.7584228515625,41.88999938964844,41.88999938964844,41.33000183105469,41.72999954223633,7500900
2021-05-20,36.20231246948242,42.40999984741211,42.56999969482422,41.744998931884766,41.81999969482422,5260700
2021-05-21,36.142555236816406,42.34000015258789,42.56999969482422,42.27000045776367,42.5099983215332,4565100
2021-05-24,36.535221099853516,42.79999923706055,42.994998931884766,42.5099983215332,42.58000183105469,9873000
2021-05-25,36.637657165527344,42.91999816894531,43.07899856567383,42.61000061035156,42.900001525878906,4333800
2021-05-26,36.723026275634766,43.02000045776367,43.29999923706055,42.88999938964844,43.0,4738200
2021-05-27,36.68034744262695,42.970001220703125,43.18000030517578,42.90399932861328,43.15999984741211,4288000
2021-05-28,36.927894592285156,43.2599983215332,43.40999984741211,43.150001525878906,43.22800064086914,3534100
2021-06-01,37.559574127197266,44.0,44.0,43.279998779296875,43.47999954223633,5512300
2021-06-02,38.080291748046875,44.61000061035156,44.619998931884766,43.97999954223633,44.11000061035156,4599000
2021-06-03,38.00346755981445,44.52000045776367,44.560001373291016,44.23500061035156,44.44200134277344,3447300
2021-06-04,38.03761291503906,44.560001373291016,44.72999954223633,44.34000015258789,44.66999816894531,3061300
2021-06-07,38.39612579345703,44.97999954223633,45.150001525878906,44.619998931884766,44.619998931884766,5659700
2021-06-08,38.60100173950195,45.220001220703125,45.36800003051758,45.005001068115234,45.06999969482422,5577200
2021-06-09,38.643680572509766,45.27000045776367,45.46799850463867,45.22999954223633,45.380001068115234,2401800
2021-06-10,39.036346435546875,45.72999954223633,45.810001373291016,45.17499923706055,45.290000915527344,3818400
2021-06-11,38.788795471191406,45.439998626708984,45.779998779296875,45.27000045776367,45.779998779296875,4478100
2021-06-14,39.01074981689453,45.70000076293945,45.720001220703125,45.380001068115234,45.45000076293945,2746000
2021-06-15,38.65221405029297,45.279998779296875,45.70000076293945,45.2400016784668,45.70000076293945,2948300
2021-06-16,38.30223846435547,44.869998931884766,45.505001068115234,44.83000183105469,45.380001068115234,6093100
2021-06-17,38.447349548339844,45.040000915527344,45.06999969482422,44.66999816894531,44.77000045776367,4558600
2021-06-18,37.84127426147461,44.33000183105469,45.04499816894531,44.33000183105469,44.790000915527344,9034600
2021-06-21,38.59302520751953,44.91999816894531,45.029998779296875,44.06999969482422,44.2400016784668,4818200
2021-06-22,38.421199798583984,44.720001220703125,44.95000076293945,44.709999084472656,44.939998626708984,2428600
2021-06-23,38.30092239379883,44.58000183105469,44.84400177001953,44.52299880981445,44.70000076293945,5049300
2021-06-24,38.1204948425293,44.369998931884766,44.7400016784668,44.18000030517578,44.7400016784668,3267900
2021-06-25,38.39542007446289,44.689998626708984,44.70000076293945,44.29999923706055,44.459999084472656,3278500
2021-06-28,38.4126091003418,44.709999084472656,44.779998779296875,44.349998474121094,44.779998779296875,3260700
2021-06-29,38.3868408203125,44.68000030517578,44.97800064086914,44.599998474121094,44.65999984741211,2851400
2021-06-30,38.08613586425781,44.33000183105469,44.91999816894531,44.279998779296875,44.65999984741211,6087600
2021-07-01,38.24077224731445,44.5099983215332,44.849998474121094,44.165000915527344,44.31999969482422,6332000
2021-07-02,38.421199798583984,44.720001220703125,44.875999450683594,44.5,44.65999984741211,3992900
2021-07-06,38.764862060546875,45.119998931884766,45.15999984741211,44.40999984741211,44.70000076293945,5002400
2021-07-07,38.96246337890625,45.349998474121094,45.52000045776367,44.86000061035156,45.09000015258789,4634400
2021-07-08,38.928104400634766,45.310001373291016,45.43000030517578,44.970001220703125,45.06999969482422,5252900
2021-07-09,39.44358825683594,45.90999984741211,45.939998626708984,45.349998474121094,45.529998779296875,4090400
2021-07-12,39.787254333496094,46.310001373291016,46.36000061035156,45.849998474121094,45.88999938964844,3406600
2021-07-13,39.271759033203125,45.709999084472656,46.2400016784668,45.560001373291016,46.150001525878906,4764500
2021-07-14,39.615413665771484,46.11000061035156,46.244998931884766,45.61000061035156,45.75,3942900
2021-07-15,39.67555618286133,46.18000030517578,46.25,46.01499938964844,46.06999969482422,4138400
2021-07-16,39.7185173034668,46.22999954223633,46.54499816894531,46.18000030517578,46.33000183105469,4107200
2021-07-19,39.09992599487305,45.5099983215332,45.91999816894531,45.130001068115234,45.810001373291016,8124900
2021-07-20,39.80442810058594,46.33000183105469,46.47999954223633,45.66999816894531,45.7400016784668,4986200
2021-07-21,39.68415069580078,46.189998626708984,46.470001220703125,46.1150016784668,46.40999984741211,4280500
2021-07-22,39.400630950927734,45.86000061035156,46.029998779296875,45.619998931884766,46.029998779296875,4127600
2021-07-23,39.761470794677734,46.279998779296875,46.31999969482422,45.880001068115234,46.0099983215332,4995800
2021-07-26,39.761470794677734,46.279998779296875,46.29899978637695,45.880001068115234,46.16999816894531,3699600
2021-07-27,40.07936096191406,46.650001525878906,46.689998626708984,46.095001220703125,46.2599983215332,3937400
2021-07-28,39.83880615234375,46.369998931884766,46.70000076293945,46.220001220703125,46.68000030517578,6457100
2021-07-29,39.7185173034668,46.22999954223633,46.7400016784668,46.18000030517578,46.4900016784668,7659100
2021-07-30,39.847389221191406,46.380001068115234,46.93000030517578,46.27000045776367,46.33000183105469,4998700
2021-08-02,39.864566802978516,46.400001525878906,46.88999938964844,46.34000015258789,46.619998931884766,6819300
2021-08-03,40.027809143066406,46.59000015258789,46.665000915527344,46.28799819946289,46.529998779296875,6669700
2021-08-04,39.8989372253418,46.439998626708984,46.79999923706055,46.220001220703125,46.599998474121094,4374600
2021-08-05,40.21682357788086,46.810001373291016,46.83000183105469,46.40999984741211,46.689998626708984,5469000
2021-08-06,40.14808654785156,46.72999954223633,47.0099983215332,46.63199996948242,46.849998474121094,3452600
2021-08-09,39.96767044067383,46.52000045776367,46.72999954223633,46.40999984741211,46.72999954223633,3556200
2021-08-10,39.53809356689453,46.02000045776367,46.599998474121094,45.9900016784668,46.58000183105469,6752900
2021-08-11,39.75288391113281,46.27000045776367,46.369998931884766,46.04999923706055,46.2400016784668,4074400
2021-08-12,39.890342712402344,46.43000030517578,46.439998626708984,46.11000061035156,46.369998931884766,3733000
2021-08-13,40.15667724609375,46.7400016784668,46.7599983215332,46.3849983215332,46.58000183105469,4763300
2021-08-16,40.199642181396484,46.790000915527344,46.97999954223633,46.599998474121094,46.66999816894531,4879200
2021-08-17,40.27696990966797,46.880001068115234,46.89500045776367,46.470001220703125,46.630001068115234,4916800
2021-08-18,39.855979919433594,46.38999938964844,46.790000915527344,46.33000183105469,46.77000045776367,5431500
2021-08-19,40.19105529785156,46.779998779296875,46.849998474121094,46.119998931884766,46.25,5385100
2021-08-20,40.38005447387695,47.0,47.23699951171875,46.43000030517578,46.7599983215332,4420700
2021-08-23,40.22541809082031,46.81999969482422,47.15999984741211,46.720001220703125,47.13999938964844,4653700
2021-08-24,39.924713134765625,46.470001220703125,46.939998626708984,46.349998474121094,46.939998626708984,4291800
2021-08-25,39.881752014160156,46.41999816894531,46.654998779296875,46.2599983215332,46.470001220703125,4543600
2021-08-26,39.90753173828125,46.45000076293945,46.595001220703125,46.275001525878906,46.470001220703125,2861300
2021-08-27,40.2340087890625,46.83000183105469,46.959999084472656,46.540000915527344,46.63999938964844,2530500
2021-08-30,40.723724365234375,47.400001525878906,47.415000915527344,46.77000045776367,46.869998931884766,6169800
2021-08-31,40.96428298950195,47.68000030517578,47.7400016784668,47.119998931884766,47.2400016784668,4855300
2021-09-01,41.66878890991211,48.5,48.54999923706055,47.7400016784668,47.75,9196200
2021-09-02,41.86639404296875,48.72999954223633,48.72999954223633,48.13999938964844,48.58000183105469,6576100
2021-09-03,41.86639404296875,48.72999954223633,48.80500030517578,48.154998779296875,48.58000183105469,5537900
2021-09-07,41.4024543762207,48.189998626708984,48.599998474121094,47.73400115966797,48.54999923706055,7162300
2021-09-08,41.651607513427734,48.47999954223633,48.630001068115234,47.90999984741211,48.0099983215332,6704200
2021-09-09,40.76668930053711,47.45000076293945,48.2599983215332,47.439998626708984,48.209999084472656,4573200
2021-09-10,40.251182556152344,46.849998474121094,47.52000045776367,46.83000183105469,47.5,6203600
2021-09-13,40.47455978393555,47.11000061035156,47.505001068115234,46.9109992980957,47.33000183105469,5495200
2021-09-14,40.38865280151367,47.0099983215332,47.38999938964844,46.77000045776367,47.33000183105469,5234500
2021-09-15,40.543296813964844,47.189998626708984,47.439998626708984,46.83000183105469,47.11000061035156,4885700
2021-09-16,40.620628356933594,47.279998779296875,47.479000091552734,46.849998474121094,47.189998626708984,4685700
2021-09-17,40.251182556152344,46.849998474121094,47.33000183105469,46.77299880981445,47.02000045776367,8711800
2021-09-20,39.975589752197266,46.27000045776367,46.6150016784668,45.720001220703125,46.06999969482422,13017800
2021-09-21,39.984222412109375,46.279998779296875,46.83000183105469,46.2599983215332,46.459999084472656,6982600
2021-09-22,40.3211669921875,46.66999816894531,46.93000030517578,46.349998474121094,46.599998474121094,6432400
2021-09-23,40.12245178222656,46.439998626708984,46.91999816894531,46.369998931884766,46.779998779296875,4571500
2021-09-24,39.66456604003906,45.90999984741211,46.52000045776367,45.779998779296875,46.349998474121094,5211600
2021-09-27,39.0079460144043,45.150001525878906,46.13999938964844,45.10499954223633,45.869998931884766,6701100
2021-09-28,38.77467346191406,44.880001068115234,45.08000183105469,44.529998779296875,44.869998931884766,12068800
2021-09-29,39.02522277832031,45.16999816894531,45.380001068115234,45.0,45.04999923706055,5975800
2021-09-30,38.40317153930664,44.45000076293945,45.39500045776367,44.45000076293945,45.380001068115234,6342800
2021-10-01,38.817874908447266,44.93000030517578,45.25,44.400001525878906,44.7400016784668,8294700
2021-10-04,38.86106872558594,44.97999954223633,45.15999984741211,44.650001525878906,44.84000015258789,10456400
2021-10-05,38.558677673339844,44.630001068115234,45.060001373291016,44.43000030517578,45.060001373291016,5480300
2021-10-06,38.93019485473633,45.060001373291016,45.099998474121094,43.95000076293945,44.459999084472656,8996300
2021-10-07,38.973384857177734,45.11000061035156,45.720001220703125,45.04999923706055,45.29999923706055,7269800
2021-10-08,38.55004119873047,44.619998931884766,45.16999816894531,44.54999923706055,45.11000061035156,5464400
2021-10-11,38.601890563964844,44.68000030517578,44.875999450683594,44.34000015258789,44.599998474121094,4151900
2021-10-12,39.12026596069336,45.279998779296875,45.47999954223633,44.65999984741211,44.75,5663300
2021-10-13,39.34489440917969,45.540000915527344,45.59000015258789,44.85300064086914,45.20000076293945,9279200
2021-10-14,39.8978271484375,46.18000030517578,46.23500061035156,45.709999084472656,45.81999969482422,4392500
2021-10-15,39.91511535644531,46.20000076293945,46.599998474121094,45.91999816894531,46.47999954223633,5210100
2021-10-18,39.984222412109375,46.279998779296875,46.470001220703125,45.93000030517578,46.029998779296875,4251300
2021-10-19,40.16566467285156,46.4900016784668,46.70000076293945,46.40999984741211,46.52000045776367,3509700
2021-10-20,40.779075622558594,47.20000076293945,47.209999084472656,46.5099983215332,46.58000183105469,5596400
2021-10-21,40.908668518066406,47.349998474121094,47.38999938964844,47.025001525878906,47.18000030517578,5528800
2021-10-22,41.202415466308594,47.689998626708984,47.79499816894531,47.40999984741211,47.4900016784668,5378000
2021-10-25,41.323368072509766,47.83000183105469,47.94499969482422,47.35499954223633,47.72999954223633,4933100
2021-10-26,41.5134391784668,48.04999923706055,48.21900177001953,47.83000183105469,47.88999938964844,9546200
2021-10-27,41.21105194091797,47.70000076293945,48.31999969482422,47.70000076293945,48.290000915527344,7158300
2021-10-28,41.815826416015625,48.400001525878906,48.400001525878906,47.672000885009766,47.689998626708984,6690300
2021-10-29,41.314735412597656,47.81999969482422,48.36000061035156,47.61000061035156,48.220001220703125,7925200
2021-11-01,41.40976333618164,47.93000030517578,48.025001525878906,47.14500045776367,47.939998626708984,6766900
2021-11-02,41.79854965209961,48.380001068115234,48.54800033569336,47.91999816894531,48.16999816894531,6617300
2021-11-03,42.04045486450195,48.65999984741211,48.7599983215332,48.15999984741211,48.439998626708984,4814500
2021-11-04,41.565284729003906,48.11000061035156,48.70000076293945,47.90999984741211,48.58000183105469,4620600
2021-11-05,41.66032028198242,48.220001220703125,48.849998474121094,48.13800048828125,48.58000183105469,5731400
2021-11-08,41.65167999267578,48.209999084472656,48.41999816894531,47.77000045776367,48.36000061035156,5791700
2021-11-09,41.80718231201172,48.38999938964844,48.47999954223633,48.20000076293945,48.310001373291016,4410400
2021-11-10,41.5998420715332,48.150001525878906,48.560001373291016,48.14500045776367,48.2400016784668,5063100
2021-11-11,41.61711502075195,48.16999816894531,48.209999084472656,47.810001373291016,48.209999084472656,4191900
2021-11-12,41.6343994140625,48.189998626708984,48.349998474121094,48.0099983215332,48.33000183105469,3902800
2021-11-15,41.8676643371582,48.459999084472656,48.459999084472656,48.0099983215332,48.209999084472656,3591500
2021-11-16,41.60847854614258,48.15999984741211,48.58000183105469,48.064998626708984,48.4900016784668,4936700
2021-11-17,41.88494110107422,48.47999954223633,48.540000915527344,47.459999084472656,48.060001373291016,15340000
2021-11-18,41.87630844116211,48.470001220703125,48.58000183105469,48.25,48.529998779296875,5484700
2021-11-19,41.65167999267578,48.209999084472656,48.59000015258789,48.09000015258789,48.52000045776367,5099600
2021-11-22,41.4443244934082,47.970001220703125,48.41999816894531,47.849998474121094,48.220001220703125,5416900
2021-11-23,41.88494110107422,48.47999954223633,48.6150016784668,47.89500045776367,48.119998931884766,9784700
2021-11-24,42.4465217590332,49.130001068115234,49.19499969482422,48.34000015258789,48.470001220703125,5086700
2021-11-26,41.297447204589844,47.79999923706055,48.59000015258789,47.72999954223633,48.470001220703125,6829200
2021-11-29,41.815826416015625,48.400001525878906,48.7599983215332,47.808998107910156,48.16999816894531,7173400
2021-11-30,40.9432258605957,47.38999938964844,48.29999923706055,47.369998931884766,48.18000030517578,11022100
2021-12-01,40.40756607055664,46.77000045776367,48.43000030517578,46.7400016784668,47.900001525878906,12299600
2021-12-02,41.5134391784668,48.04999923706055,48.34000015258789,46.97999954223633,47.09000015258789,10097200
2021-12-03,41.30608367919922,47.810001373291016,48.34000015258789,47.400001525878906,48.11000061035156,11826500
2021-12-06,41.90222930908203,48.5,48.900001525878906,48.13999938964844,48.15999984741211,8711100
2021-12-07,42.64522933959961,49.36000061035156,49.435001373291016,48.7599983215332,48.880001068115234,7763600
2021-12-08,42.82666778564453,49.56999969482422,49.70000076293945,49.189998626708984,49.36000061035156,6931400
2021-12-09,42.28236770629883,48.939998626708984,49.470001220703125,48.89500045776367,49.459999084472656,3572400
2021-12-10,42.49835968017578,49.189998626708984,49.22999954223633,48.88199996948242,49.13999938964844,3683700
2021-12-13,43.068572998046875,49.849998474121094,50.07500076293945,48.97999954223633,49.04999923706055,5105600
2021-12-14,42.5933952331543,49.29999923706055,49.849998474121094,48.93000030517578,49.7400016784668,8920600
2021-12-15,43.224082946777344,50.029998779296875,50.099998474121094,49.40999984741211,49.459999084472656,8196000
2021-12-16,43.388240814208984,50.220001220703125,50.54999923706055,49.904998779296875,50.13999938964844,7161500
2021-12-17,43.24136734008789,50.04999923706055,50.64500045776367,49.97999954223633,50.16999816894531,8626500
2021-12-20,42.95817565917969,49.29999923706055,49.5,48.77000045776367,49.04999923706055,9760200
2021-12-21,43.20215606689453,49.58000183105469,49.88999938964844,49.375,49.63999938964844,6024000
2021-12-22,43.629119873046875,50.06999969482422,50.099998474121094,49.67499923706055,49.72999954223633,4530000
2021-12-23,43.49842071533203,49.91999816894531,50.189998626708984,49.630001068115234,50.16999816894531,5264600
2021-12-27,44.38719940185547,50.939998626708984,50.939998626708984,49.959999084472656,50.060001373291016,5183100
2021-12-28,44.57890701293945,51.15999984741211,51.18000030517578,50.77000045776367,50.939998626708984,5592700
2021-12-29,44.84903335571289,51.470001220703125,51.619998931884766,51.02000045776367,51.2599983215332,4404700
2021-12-30,45.049442291259766,51.70000076293945,51.869998931884766,51.439998626708984,51.52000045776367,3665900
2021-12-31,45.145294189453125,51.810001373291016,52.16999816894531,51.65999984741211,51.720001220703125,3979100
2022-01-03,44.72703552246094,51.33000183105469,51.97999954223633,50.54999923706055,51.97999954223633,8441200
2022-01-04,44.552764892578125,51.130001068115234,51.689998626708984,51.08000183105469,51.470001220703125,7440700
2022-01-05,43.10630798339844,49.470001220703125,50.959999084472656,49.439998626708984,50.959999084472656,14980800
2022-01-06,43.15858459472656,49.529998779296875,49.67499923706055,48.880001068115234,49.5099983215332,9807100
2022-01-07,42.93204116821289,49.27000045776367,49.5989990234375,49.040000915527344,49.369998931884766,6141100
2022-01-10,42.679344177246094,48.97999954223633,48.97999954223633,48.25,48.849998474121094,6870600
2022-01-11,42.6096305847168,48.900001525878906,48.98500061035156,48.17499923706055,48.880001068115234,7442400
2022-01-12,42.722896575927734,49.029998779296875,49.349998474121094,48.84000015258789,48.84000015258789,4686800
2022-01-13,42.57477951049805,48.86000061035156,49.29999923706055,48.7760009765625,49.20000076293945,5481200
2022-01-14,42.07809066772461,48.290000915527344,48.63999938964844,47.72999954223633,48.58000183105469,5737300
2022-01-18,41.7905387878418,47.959999084472656,48.119998931884766,47.47999954223633,47.9900016784668,8948300
2022-01-19,41.25030517578125,47.34000015258789,48.5,47.34000015258789,48.209999084472656,7152500
2022-01-20,40.88432312011719,46.91999816894531,48.06100082397461,46.869998931884766,47.43000030517578,7586800
2022-01-21,40.858184814453125,46.88999938964844,47.46500015258789,46.775001525878906,47.150001525878906,10920600
2022-01-24,40.94532775878906,46.9900016784668,47.084999084472656,45.35300064086914,46.470001220703125,19972200
2022-01-25,40.83205795288086,46.86000061035156,47.20000076293945,45.9900016784668,46.43000030517578,10908900
2022-01-26,40.15238571166992,46.08000183105469,47.66999816894531,45.744998931884766,47.099998474121094,12858500
2022-01-27,39.42915344238281,45.25,46.71500015258789,45.06999969482422,46.43000030517578,8783800
2022-01-28,40.79720687866211,46.81999969482422,46.81999969482422,44.79999923706055,45.349998474121094,6455400
2022-01-31,41.25030517578125,47.34000015258789,47.40999984741211,46.41999816894531,46.56999969482422,4557200
2022-02-01,40.971466064453125,47.02000045776367,47.40999984741211,46.709999084472656,47.34000015258789,8057400
2022-02-02,41.67727279663086,47.83000183105469,47.935001373291016,47.2400016784668,47.279998779296875,6716600
2022-02-03,41.25030517578125,47.34000015258789,47.709999084472656,47.279998779296875,47.54999923706055,4484000
2022-02-04,40.68392562866211,46.689998626708984,47.29999923706055,46.34000015258789,47.0,5447900
2022-02-07,40.692630767822266,46.70000076293945,47.0099983215332,46.560001373291016,46.689998626708984,5403300
2022-02-08,40.32665252685547,46.279998779296875,46.71500015258789,46.18000030517578,46.56999969482422,4876000
2022-02-09,41.302589416503906,47.400001525878906,47.42499923706055,46.810001373291016,46.83000183105469,4927400
2022-02-10,40.126251220703125,46.04999923706055,47.21500015258789,45.78499984741211,46.630001068115234,8187100
2022-02-11,39.5772819519043,45.41999816894531,46.33000183105469,45.13999938964844,46.220001220703125,9040100
2022-02-14,39.15031433105469,44.93000030517578,45.689998626708984,44.72999954223633,45.459999084472656,6979200
2022-02-15,39.34202194213867,45.150001525878906,45.540000915527344,44.9900016784668,45.349998474121094,5395100
2022-02-16,39.44658279418945,45.27000045776367,45.380001068115234,44.790000915527344,45.220001220703125,5675200
2022-02-17,39.106746673583984,44.880001068115234,45.31999969482422,44.775001525878906,45.150001525878906,5008400
2022-02-18,38.93248748779297,44.68000030517578,45.189998626708984,44.54100036621094,44.7400016784668,6226000
2022-02-22,38.82791519165039,44.560001373291016,44.869998931884766,44.290000915527344,44.599998474121094,6832300
2022-02-23,38.32252883911133,43.97999954223633,45.20000076293945,43.91999816894531,44.95000076293945,5917600
2022-02-24,38.98476791381836,44.7400016784668,44.875,43.0,43.15999984741211,11608800
2022-02-25,39.96068572998047,45.86000061035156,45.89500045776367,44.709999084472656,44.91999816894531,6193400
2022-02-28,39.27230453491211,45.06999969482422,45.529998779296875,44.59000015258789,45.27000045776367,8591800
2022-03-01,39.193885803222656,44.97999954223633,45.540000915527344,44.72999954223633,45.290000915527344,9027900
2022-03-02,39.89097595214844,45.779998779296875,45.98500061035156,45.12200164794922,45.13999938964844,5481500
2022-03-03,40.32665252685547,46.279998779296875,46.45500183105469,45.66999816894531,46.040000915527344,5774900
2022-03-04,40.6664924621582,46.66999816894531,46.709999084472656,45.83000183105469,45.93000030517578,6193600
2022-03-07,39.92583084106445,45.81999969482422,46.720001220703125,45.81999969482422,46.58000183105469,7882200
2022-03-08,39.568572998046875,45.40999984741211,46.310001373291016,45.369998931884766,45.83000183105469,10469300
2022-03-09,40.230812072753906,46.16999816894531,46.61000061035156,46.04999923706055,46.189998626708984,6229300
2022-03-10,40.37022399902344,46.33000183105469,46.400001525878906,45.470001220703125,45.720001220703125,5638500
2022-03-11,39.96940231323242,45.869998931884766,46.880001068115234,45.85499954223633,46.560001373291016,4363500
2022-03-14,39.72541427612305,45.59000015258789,46.2400016784668,45.40999984741211,46.220001220703125,4846100
2022-03-15,40.03911209106445,45.95000076293945,46.310001373291016,45.540000915527344,46.119998931884766,4988500
2022-03-16,40.48350143432617,46.459999084472656,46.66899871826172,45.5,46.310001373291016,6868200
2022-03-17,41.05860137939453,47.119998931884766,47.13999938964844,46.27000045776367,46.31999969482422,4499700
2022-03-18,41.15444564819336,47.22999954223633,47.439998626708984,46.93000030517578,47.290000915527344,4727800
2022-03-21,40.943260192871094,46.720001220703125,47.220001220703125,46.4900016784668,46.95000076293945,3979300
2022-03-22,40.96955108642578,46.75,47.06999969482422,46.68000030517578,46.88999938964844,2853300
2022-03-23,40.50507354736328,46.220001220703125,46.79999923706055,46.16400146484375,46.619998931884766,3976800
2022-03-24,40.820560455322266,46.58000183105469,46.58000183105469,46.09000015258789,46.290000915527344,3758900
2022-03-25,41.30255889892578,47.130001068115234,47.15999984741211,46.599998474121094,46.7599983215332,4003200
2022-03-28,41.82836151123047,47.72999954223633,47.7599983215332,47.15999984741211,47.15999984741211,3705400
2022-03-29,43.05526351928711,49.130001068115234,49.20000076293945,48.09000015258789,48.09000015258789,5108100
2022-03-30,42.81864929199219,48.86000061035156,48.9900016784668,48.59000015258789,48.939998626708984,3881400
2022-03-31,42.34540939331055,48.31999969482422,49.220001220703125,48.290000915527344,49.099998474121094,5624200
2022-04-01,43.18672180175781,49.279998779296875,49.310001373291016,48.29999923706055,48.54999923706055,6746700
2022-04-04,43.05526351928711,49.130001068115234,49.43000030517578,48.69499969482422,49.2599983215332,5056000
2022-04-05,43.09030532836914,49.16999816894531,49.810001373291016,48.939998626708984,48.939998626708984,5239100
2022-04-06,43.73005294799805,49.900001525878906,49.959999084472656,48.75,48.959999084472656,6810900
2022-04-07,43.370758056640625,49.4900016784668,49.709999084472656,49.13999938964844,49.619998931884766,6015900
2022-04-08,43.52849197387695,49.66999816894531,49.83000183105469,49.25,49.4900016784668,5033700
2022-04-11,42.93257522583008,48.9900016784668,49.790000915527344,48.849998474121094,49.560001373291016,5041300
2022-04-12,42.801116943359375,48.84000015258789,49.2599983215332,48.630001068115234,48.88999938964844,6728900
2022-04-13,42.97639083862305,49.040000915527344,49.10499954223633,48.619998931884766,48.90999984741211,8415000
2022-04-14,42.731014251708984,48.7599983215332,49.380001068115234,48.73400115966797,49.150001525878906,5098900
2022-04-18,42.625850677490234,48.63999938964844,48.970001220703125,48.380001068115234,48.66999816894531,5247900
2022-04-19,43.51972579956055,49.65999984741211,49.790000915527344,48.900001525878906,48.90999984741211,5908900
2022-04-20,44.343505859375,50.599998474121094,50.7400016784668,49.709999084472656,49.79999923706055,6241800
2022-04-21,44.0543098449707,50.27000045776367,50.970001220703125,50.2400016784668,50.79999923706055,6083100
2022-04-22,43.265586853027344,49.369998931884766,50.20000076293945,49.33000183105469,50.20000076293945,8511100
2022-04-25,43.06402587890625,49.13999938964844,49.45000076293945,48.34000015258789,49.310001373291016,8143800
2022-04-26,42.389244079589844,48.369998931884766,49.380001068115234,48.36000061035156,49.04999923706055,8830300
2022-04-27,42.135093688964844,48.08000183105469,48.86000061035156,48.029998779296875,48.470001220703125,13001300
2022-04-28,42.906280517578125,48.959999084472656,49.10499954223633,47.779998779296875,48.43000030517578,9532500
2022-04-29,40.83809280395508,46.599998474121094,48.66999816894531,46.4900016784668,48.619998931884766,11520500
2022-05-02,39.77770233154297,45.38999938964844,46.88999938964844,44.45800018310547,46.72999954223633,17231300
2022-05-03,40.259700775146484,45.939998626708984,46.2599983215332,45.220001220703125,45.619998931884766,13431300
2022-05-04,40.73292922973633,46.47999954223633,46.54999923706055,45.154998779296875,45.93000030517578,14707100
2022-05-05,39.690067291259766,45.290000915527344,46.58000183105469,44.959999084472656,46.220001220703125,13591600
2022-05-06,39.28695297241211,44.83000183105469,45.08000183105469,44.33000183105469,44.900001525878906,16154900
2022-05-09,37.45536804199219,42.7400016784668,44.41999816894531,42.599998474121094,44.41999816894531,18005000
2022-05-10,36.622825622558594,41.790000915527344,43.56999969482422,41.52000045776367,43.2599983215332,27771000
2022-05-11,36.57025146484375,41.72999954223633,42.66999816894531,41.65999984741211,41.90999984741211,25360800
2022-05-12,36.84191131591797,42.040000915527344,42.040000915527344,41.369998931884766,41.709999084472656,20802700
2022-05-13,37.76209259033203,43.09000015258789,43.119998931884766,42.119998931884766,42.5099983215332,8949200
2022-05-16,37.45536804199219,42.7400016784668,43.13999938964844,42.69499969482422,42.959999084472656,7445500
2022-05-17,37.85848617553711,43.20000076293945,43.29999923706055,42.59000015258789,43.25,7254800
2022-05-18,36.7542839050293,41.939998626708984,43.18000030517578,41.79999923706055,43.130001068115234,9546400
2022-05-19,36.68417739868164,41.86000061035156,42.349998474121094,41.59000015258789,41.650001525878906,8204600
2022-05-20,37.113582611083984,42.349998474121094,42.43000030517578,41.689998626708984,42.310001373291016,9859500
2022-05-23,37.595584869384766,42.900001525878906,43.0,42.11000061035156,42.68000030517578,8100200
2022-05-24,38.03376388549805,43.400001525878906,43.470001220703125,42.13999938964844,42.630001068115234,9706200
2022-05-25,38.244083404541016,43.63999938964844,43.790000915527344,43.060001373291016,43.209999084472656,7668000
2022-05-26,38.20026779174805,43.59000015258789,44.11600112915039,43.5,43.90999984741211,7131100
2022-05-27,39.27818298339844,44.81999969482422,44.84000015258789,43.83000183105469,43.83000183105469,4540800
2022-05-31,38.75236511230469,44.220001220703125,44.54999923706055,43.970001220703125,44.349998474121094,15462000
2022-06-01,38.33171844482422,43.7400016784668,44.41999816894531,43.2599983215332,44.38999938964844,9317800
2022-06-02,38.91010665893555,44.400001525878906,44.41999816894531,42.904998779296875,43.529998779296875,8401500
2022-06-03,38.41934585571289,43.84000015258789,44.310001373291016,43.7400016784668,44.0,6905100
2022-06-06,38.30542755126953,43.709999084472656,44.220001220703125,43.59000015258789,44.150001525878906,7605400
2022-06-07,38.75236511230469,44.220001220703125,44.25,43.20000076293945,43.5,4812800
2022-06-08,37.82344055175781,43.15999984741211,44.040000915527344,43.060001373291016,43.970001220703125,5418800
2022-06-09,36.95583724975586,42.16999816894531,43.34000015258789,42.15999984741211,43.0099983215332,5533800
2022-06-10,36.07948684692383,41.16999816894531,41.72999954223633,41.150001525878906,41.61000061035156,8566800
2022-06-13,34.34430694580078,39.189998626708984,40.2599983215332,39.02000045776367,40.099998474121094,13192800
2022-06-14,34.09892272949219,38.90999984741211,39.400001525878906,38.630001068115234,39.31999969482422,9800800
2022-06-15,34.87887954711914,39.79999923706055,40.36000061035156,39.16999816894531,39.29999923706055,9429200
2022-06-16,34.046348571777344,38.849998474121094,39.310001373291016,38.65999984741211,38.93000030517578,8398000
2022-06-17,34.2479133605957,39.08000183105469,39.63999938964844,38.74399948120117,39.029998779296875,14302000
2022-06-21,34.8857307434082,39.4900016784668,39.81999969482422,39.13999938964844,39.18000030517578,6031800
2022-06-22,35.451107025146484,40.130001068115234,40.685001373291016,39.08000183105469,39.119998931884766,5776400
2022-06-23,36.14899826049805,40.91999816894531,41.05500030517578,40.279998779296875,40.31999969482422,7414500
2022-06-24,36.93523025512695,41.810001373291016,41.83000183105469,41.099998474121094,41.209999084472656,6781800
2022-06-27,36.80271530151367,41.65999984741211,42.16999816894531,41.470001220703125,41.72999954223633,4743000
2022-06-28,36.2991828918457,41.09000015258789,42.18000030517578,41.02000045776367,41.869998931884766,3487300
2022-06-29,36.069496154785156,40.83000183105469,40.91999816894531,40.27000045776367,40.75,4473000
2022-06-30,36.09599685668945,40.86000061035156,41.36000061035156,40.33000183105469,40.650001525878906,4305200
2022-07-01,36.740882873535156,41.59000015258789,41.709999084472656,40.720001220703125,40.779998779296875,4894100
2022-07-05,36.59070587158203,41.41999816894531,41.41999816894531,40.415000915527344,41.18000030517578,4563400
2022-07-06,36.564208984375,41.38999938964844,41.959999084472656,41.279998779296875,41.59000015258789,5866400
2022-07-07,36.59070587158203,41.41999816894531,41.84000015258789,41.279998779296875,41.59000015258789,3019300
2022-07-08,36.422855377197266,41.22999954223633,41.505001068115234,41.02000045776367,41.2599983215332,3067500
2022-07-11,36.422855377197266,41.22999954223633,41.349998474121094,40.83000183105469,41.11000061035156,3716600
2022-07-12,36.193172454833984,40.970001220703125,41.42499923706055,40.68000030517578,41.0,3978300
2022-07-13,35.99882507324219,40.75,41.09000015258789,40.2400016784668,40.4900016784668,5314500
2022-07-14,35.64546203613281,40.349998474121094,40.529998779296875,39.9900016784668,40.040000915527344,4305800
2022-07-15,36.21966552734375,41.0,41.244998931884766,40.630001068115234,40.849998474121094,3126600
2022-07-18,35.86631393432617,40.599998474121094,41.29999923706055,40.45000076293945,41.290000915527344,4191200
2022-07-19,36.85572814941406,41.720001220703125,41.790000915527344,40.90999984741211,40.9900016784668,3414900
2022-07-20,36.670204162597656,41.5099983215332,42.099998474121094,41.380001068115234,41.61000061035156,3630300
2022-07-21,37.050079345703125,41.939998626708984,41.95000076293945,41.22999954223633,41.58000183105469,5243600
2022-07-22,37.332763671875,42.2599983215332,42.5099983215332,41.939998626708984,42.16999816894531,3791600
2022-07-25,37.35926818847656,42.290000915527344,42.54999923706055,42.064998626708984,42.2599983215332,3131300
2022-07-26,37.42993927001953,42.369998931884766,42.64500045776367,42.209999084472656,42.33000183105469,3006400
2022-07-27,37.63312530517578,42.599998474121094,42.689998626708984,42.099998474121094,42.43000030517578,5156000
2022-07-28,39.020076751708984,44.16999816894531,44.22999954223633,42.880001068115234,43.04999923706055,5375700
2022-07-29,39.170249938964844,44.34000015258789,44.540000915527344,43.9900016784668,44.18000030517578,3523300
2022-08-01,38.816890716552734,43.939998626708984,44.2400016784668,43.77000045776367,44.13999938964844,4102700
2022-08-02,38.30451202392578,43.36000061035156,44.06999969482422,43.33000183105469,43.97999954223633,3477300
2022-08-03,38.463531494140625,43.540000915527344,43.959999084472656,43.529998779296875,43.630001068115234,3208100
2022-08-04,38.498863220214844,43.58000183105469,43.755001068115234,43.310001373291016,43.630001068115234,3236400
2022-08-05,38.622535705566406,43.720001220703125,43.7599983215332,43.099998474121094,43.2599983215332,3320200
2022-08-08,38.90523147583008,44.040000915527344,44.5099983215332,43.810001373291016,44.130001068115234,4055100
2022-08-09,39.21442413330078,44.38999938964844,44.38999938964844,43.939998626708984,44.20000076293945,2368400
2022-08-10,39.74446105957031,44.9900016784668,45.06999969482422,44.619998931884766,44.88999938964844,3617200
2022-08-11,39.55894470214844,44.779998779296875,45.310001373291016,44.6349983215332,45.220001220703125,2815500
2022-08-12,40.23033905029297,45.540000915527344,45.569000244140625,44.9900016784668,45.060001373291016,2392600
2022-08-15,40.40701675415039,45.7400016784668,45.8650016784668,45.38999938964844,45.5,3296500
2022-08-16,40.24800491333008,45.560001373291016,45.814998626708984,45.43000030517578,45.52000045776367,3279000
2022-08-17,40.133155822753906,45.43000030517578,45.70100021362305,45.11000061035156,45.13999938964844,3331300
2022-08-18,39.85930633544922,45.119998931884766,45.58000183105469,44.86000061035156,45.5099983215332,1654800
2022-08-19,39.47060775756836,44.68000030517578,45.08000183105469,44.53499984741211,45.02000045776367,3202300
2022-08-22,38.6490478515625,43.75,44.369998931884766,43.709999084472656,44.34000015258789,3430400
2022-08-23,38.06599426269531,43.09000015258789,43.709999084472656,42.93000030517578,43.63999938964844,2800000
2022-08-24,38.3663444519043,43.43000030517578,43.665000915527344,43.09000015258789,43.16999816894531,3277100
2022-08-25,38.95823287963867,44.099998474121094,44.11000061035156,43.45000076293945,43.630001068115234,1713900
2022-08-26,37.968814849853516,42.97999954223633,44.130001068115234,42.959999084472656,44.130001068115234,2725600
2022-08-29,37.64195251464844,42.61000061035156,43.040000915527344,42.5,42.7400016784668,2492900
2022-08-30,37.10308074951172,42.0,42.7599983215332,41.869998931884766,42.689998626708984,3539400
2022-08-31,36.97056198120117,41.849998474121094,42.459999084472656,41.75,42.22999954223633,4646700
2022-09-01,37.10308074951172,42.0,42.0099983215332,41.2400016784668,41.529998779296875,5343200
2022-09-02,36.46702194213867,41.279998779296875,42.44499969482422,41.185001373291016,42.349998474121094,3911300
2022-09-06,36.846885681152344,41.709999084472656,41.91999816894531,41.2599983215332,41.38999938964844,6399500
2022-09-07,37.553611755371094,42.5099983215332,42.58000183105469,41.69499969482422,41.720001220703125,4618500
2022-09-08,37.65961456298828,42.630001068115234,42.75,42.13999938964844,42.2599983215332,4505200
2022-09-09,38.02182388305664,43.040000915527344,43.19499969482422,42.52000045776367,42.790000915527344,2909100
2022-09-12,38.33985900878906,43.400001525878906,43.474998474121094,43.11000061035156,43.20000076293945,2802400
2022-09-13,36.882225036621094,41.75,42.71699905395508,41.599998474121094,42.560001373291016,4139500
2022-09-14,36.43169403076172,41.2400016784668,41.689998626708984,40.95000076293945,41.599998474121094,4143900
2022-09-15,35.63662338256836,40.34000015258789,41.28200149536133,40.290000915527344,41.189998626708984,6227200
2022-09-16,35.64546203613281,40.349998474121094,40.380001068115234,39.8650016784668,40.029998779296875,6045400
2022-09-19,35.57769775390625,39.90999984741211,39.90999984741211,39.27000045776367,39.619998931884766,4129400
2022-09-20,34.64168167114258,38.86000061035156,39.560001373291016,38.66999816894531,39.540000915527344,6259200
2022-09-21,34.13356018066406,38.290000915527344,39.415000915527344,38.27000045776367,39.16999816894531,9215800
2022-09-22,33.81263732910156,37.93000030517578,38.18000030517578,37.775001525878906,38.15999984741211,6380200
2022-09-23,33.39366149902344,37.459999084472656,37.75,37.01499938964844,37.540000915527344,7329900
2022-09-26,32.493289947509766,36.45000076293945,37.27000045776367,36.05500030517578,37.2400016784668,10027200
2022-09-27,32.06540298461914,35.970001220703125,37.05500030517578,35.902000427246094,36.790000915527344,10794400
2022-09-28,32.67158889770508,36.650001525878906,36.79999923706055,35.91999816894531,36.2400016784668,7304200
2022-09-29,31.762310028076172,35.630001068115234,36.33000183105469,35.41999816894531,36.33000183105469,7684000
2022-09-30,32.10106658935547,36.0099983215332,36.27000045776367,35.720001220703125,35.790000915527344,7700800
2022-10-03,32.69832992553711,36.68000030517578,36.900001525878906,35.9900016784668,36.58000183105469,11620000
2022-10-04,33.21536636352539,37.2599983215332,37.599998474121094,36.97999954223633,37.09000015258789,8889900
2022-10-05,32.60026931762695,36.56999969482422,36.83000183105469,35.97999954223633,36.77000045776367,7074300
2022-10-06,31.530534744262695,35.369998931884766,36.58000183105469,35.31999969482422,36.45000076293945,8933000
2022-10-07,30.78171157836914,34.529998779296875,35.2599983215332,34.334999084472656,35.029998779296875,6487600
2022-10-10,30.434049606323242,34.13999938964844,34.91999816894531,34.09000015258789,34.619998931884766,7805100
2022-10-11,30.719308853149414,34.459999084472656,34.72999954223633,33.709999084472656,34.040000915527344,8847600
2022-10-12,30.309247970581055,34.0,34.43000030517578,33.83000183105469,34.400001525878906,8899300
2022-10-13,30.87977409362793,34.63999938964844,34.810001373291016,33.125,33.290000915527344,14575700
2022-10-14,30.104211807250977,33.77000045776367,35.150001525878906,33.70000076293945,35.06999969482422,9011700
2022-10-17,31.227434158325195,35.029998779296875,35.165000915527344,34.31999969482422,34.380001068115234,7687600
2022-10-18,31.637510299682617,35.4900016784668,35.96500015258789,35.15999984741211,35.68000030517578,7743400
2022-10-19,30.8441104888916,34.599998474121094,35.27000045776367,34.400001525878906,35.16999816894531,7615200
2022-10-20,30.692567825317383,34.43000030517578,34.959999084472656,34.32500076293945,34.61000061035156,7603500
2022-10-21,30.90651512145996,34.66999816894531,34.68000030517578,33.959999084472656,34.5,9826900
2022-10-24,30.888689041137695,34.650001525878906,35.14500045776367,34.380001068115234,35.0,6076300
2022-10-25,32.1099739074707,36.02000045776367,36.060001373291016,34.68000030517578,34.70000076293945,7176700
2022-10-26,32.04757308959961,35.95000076293945,36.290000915527344,35.720001220703125,36.040000915527344,8945000
2022-10-27,32.06540298461914,35.970001220703125,36.38999938964844,35.814998626708984,36.130001068115234,8435500
2022-10-28,32.82313919067383,36.81999969482422,36.91999816894531,35.65999984741211,35.869998931884766,5460300
2022-10-31,32.74290084838867,36.72999954223633,36.970001220703125,36.31999969482422,36.47999954223633,7154700
2022-11-01,32.68941879272461,36.66999816894531,37.29999923706055,36.564998626708984,37.099998474121094,6000900
2022-11-02,31.833629608154297,35.709999084472656,36.95000076293945,35.64500045776367,36.470001220703125,13999400
2022-11-03,31.815792083740234,35.689998626708984,35.97999954223633,35.029998779296875,35.43000030517578,10969400
2022-11-04,32.26152038574219,36.189998626708984,36.3650016784668,35.459999084472656,36.0099983215332,7524100
2022-11-07,32.25260925292969,36.18000030517578,36.560001373291016,35.959999084472656,36.41999816894531,6479800
2022-11-08,32.44871139526367,36.400001525878906,36.77000045776367,36.165000915527344,36.279998779296875,6225500
2022-11-09,32.092140197753906,36.0,36.7400016784668,35.93000030517578,36.29800033569336,7752900
2022-11-10,34.55253982543945,38.7599983215332,38.86000061035156,37.189998626708984,37.345001220703125,11979200
2022-11-11,34.53471374511719,38.7400016784668,39.20000076293945,38.6349983215332,38.880001068115234,7291400
2022-11-14,33.616519927978516,37.709999084472656,38.56999969482422,37.709999084472656,38.52000045776367,6304100
2022-11-15,34.035499572753906,38.18000030517578,38.41999816894531,37.75,38.2599983215332,9588700
2022-11-16,33.79480743408203,37.90999984741211,38.310001373291016,37.810001373291016,38.130001068115234,7771200
2022-11-17,33.491722106933594,37.56999969482422,37.689998626708984,37.255001068115234,37.38199996948242,4402600
2022-11-18,33.919612884521484,38.04999923706055,38.20000076293945,37.66999816894531,38.06999969482422,5865600
2022-11-21,34.160308837890625,38.31999969482422,38.369998931884766,37.83000183105469,37.987998962402344,4836700
2022-11-22,34.329673767089844,38.5099983215332,38.529998779296875,38.21900177001953,38.470001220703125,5547200
2022-11-23,34.38315963745117,38.56999969482422,38.72999954223633,38.220001220703125,38.45000076293945,3604500
2022-11-25,34.58820343017578,38.79999923706055,38.84000015258789,38.58000183105469,38.689998626708984,2254100
2022-11-28,33.616519927978516,37.709999084472656,38.7400016784668,37.625,38.56999969482422,7298200
2022-11-29,34.17812728881836,38.34000015258789,38.38999938964844,37.650001525878906,37.78799819946289,4954300
2022-11-30,34.980438232421875,39.2400016784668,39.27000045776367,38.0099983215332,38.2400016784668,8120200
2022-12-01,34.90911865234375,39.15999984741211,39.84000015258789,38.84000015258789,39.630001068115234,9814100
2022-12-02,34.739749908447266,38.970001220703125,39.16999816894531,38.4900016784668,38.68000030517578,5460800
2022-12-05,34.15139389038086,38.310001373291016,38.81999969482422,38.22999954223633,38.61000061035156,7165500
2022-12-06,33.89286804199219,38.02000045776367,38.459999084472656,37.84000015258789,38.38999938964844,5249500
2022-12-07,33.96417999267578,38.099998474121094,38.505001068115234,37.84000015258789,37.900001525878906,6159800
2022-12-08,34.21379470825195,38.380001068115234,38.685001373291016,38.119998931884766,38.22999954223633,4461000
2022-12-09,34.14247131347656,38.29999923706055,38.71500015258789,38.15999984741211,38.27000045776367,6077000
2022-12-12,34.42774200439453,38.619998931884766,38.63999938964844,37.97999954223633,38.34000015258789,4945000
2022-12-13,35.18547439575195,39.470001220703125,40.0,38.9900016784668,39.81999969482422,10763800
2022-12-14,34.84672164916992,39.09000015258789,39.90999984741211,38.935001373291016,39.41999816894531,10786500
2022-12-15,34.4455680847168,38.63999938964844,38.9900016784668,38.400001525878906,38.59000015258789,6033200
2022-12-16,33.42931365966797,37.5,38.13999938964844,37.124000549316406,38.119998931884766,8016200
2022-12-19,33.03352737426758,36.63999938964844,37.04999923706055,36.41999816894531,37.0,4543900
2022-12-20,32.96139907836914,36.560001373291016,36.779998779296875,36.119998931884766,36.459999084472656,4333900
2022-12-21,33.294986724853516,36.93000030517578,37.310001373291016,36.7599983215332,36.88800048828125,4082400
2022-12-22,33.132694244384766,36.75,36.83000183105469,36.095001220703125,36.599998474121094,4206200
2022-12-23,33.43022155761719,37.08000183105469,37.099998474121094,36.474998474121094,36.630001068115234,3935100
2022-12-27,33.403167724609375,37.04999923706055,37.1879997253418,36.720001220703125,37.099998474121094,4259700
2022-12-28,32.871238708496094,36.459999084472656,37.34000015258789,36.42499923706055,37.13999938964844,4730900
2022-12-29,33.60152053833008,37.27000045776367,37.3650016784668,36.619998931884766,36.72100067138672,4143200
2022-12-30,33.294986724853516,36.93000030517578,37.18000030517578,36.529998779296875,37.040000915527344,5087800
2023-01-03,33.42120361328125,37.06999969482422,37.560001373291016,36.61000061035156,37.22999954223633,7060300
2023-01-04,34.18753433227539,37.91999816894531,38.2599983215332,37.27000045776367,37.400001525878906,7586900
2023-01-05,33.18679428100586,36.810001373291016,37.619998931884766,36.75,37.619998931884766,6581100
2023-01-06,34.15147399902344,37.880001068115234,38.0099983215332,36.83000183105469,37.11000061035156,6329600
2023-01-09,34.13344192504883,37.86000061035156,38.310001373291016,37.72999954223633,38.060001373291016,3965600
2023-01-10,34.23262405395508,37.970001220703125,37.9900016784668,37.470001220703125,37.79999923706055,5196700
2023-01-11,35.476783752441406,39.349998474121094,39.36000061035156,38.209999084472656,38.209999084472656,4733100
2023-01-12,35.87347412109375,39.790000915527344,39.869998931884766,39.060001373291016,39.439998626708984,5102300
2023-01-13,35.666114807128906,39.560001373291016,39.720001220703125,39.25,39.34000015258789,3796000
2023-01-17,35.67512893676758,39.56999969482422,39.82500076293945,39.470001220703125,39.58000183105469,5463200
2023-01-18,35.12516784667969,38.959999084472656,39.81999969482422,38.90399932861328,39.779998779296875,7466700
2023-01-19,34.95387268066406,38.77000045776367,39.2599983215332,38.7400016784668,38.790000915527344,7253700
2023-01-20,35.35957717895508,39.220001220703125,39.2599983215332,38.279998779296875,38.79999923706055,4262500
2023-01-23,35.45874786376953,39.33000183105469,39.5890007019043,38.939998626708984,39.25,7002200
2023-01-24,35.61201858520508,39.5,39.650001525878906,38.540000915527344,39.29999923706055,7089700
2023-01-25,35.6480827331543,39.540000915527344,39.61000061035156,39.150001525878906,39.25,8163100
2023-01-26,36.05378341674805,39.9900016784668,39.9900016784668,39.54999923706055,39.7599983215332,4497400
2023-01-27,36.37835693359375,40.349998474121094,40.52000045776367,39.86000061035156,39.869998931884766,3519900
2023-01-30,35.93658447265625,39.86000061035156,40.494998931884766,39.83000183105469,40.029998779296875,3806400
2023-01-31,36.5947265625,40.59000015258789,40.64500045776367,39.7599983215332,39.849998474121094,4274800
2023-02-01,36.865203857421875,40.88999938964844,41.16999816894531,39.9900016784668,40.41999816894531,7921000
2023-02-02,37.712677001953125,41.83000183105469,42.209999084472656,41.2400016784668,41.310001373291016,7014400
2023-02-03,36.928306579589844,40.959999084472656,41.2599983215332,40.40999984741211,41.22999954223633,7467200
2023-02-06,36.693904876708984,40.70000076293945,40.74399948120117,40.189998626708984,40.380001068115234,5384400
2023-02-07,36.54964828491211,40.540000915527344,40.755001068115234,40.0099983215332,40.39099884033203,7056600
2023-02-08,36.45047378540039,40.43000030517578,40.61000061035156,40.23500061035156,40.380001068115234,4347800
2023-02-09,36.0988655090332,40.040000915527344,40.849998474121094,39.93000030517578,40.720001220703125,3476900
2023-02-10,36.170989990234375,40.119998931884766,40.22999954223633,39.6150016784668,39.83000183105469,4253400
2023-02-13,36.50457763671875,40.4900016784668,40.55500030517578,40.220001220703125,40.27000045776367,2943000
2023-02-14,36.12591552734375,40.06999969482422,40.630001068115234,39.85499954223633,40.347999572753906,4544900
2023-02-15,36.22508239746094,40.18000030517578,40.19499969482422,39.720001220703125,39.83000183105469,3873000
2023-02-16,35.891502380371094,39.810001373291016,40.15299987792969,39.2599983215332,39.529998779296875,4807200
2023-02-17,35.71118927001953,39.61000061035156,39.7400016784668,39.2400016784668,39.63999938964844,7192500
2023-02-21,35.00796890258789,38.83000183105469,39.400001525878906,38.654998779296875,39.400001525878906,4220800
2023-02-22,34.69241714477539,38.47999954223633,38.97999954223633,38.29999923706055,38.95000076293945,7049600
2023-02-23,35.02599334716797,38.849998474121094,38.93000030517578,38.470001220703125,38.709999084472656,9331700
2023-02-24,34.376869201660156,38.130001068115234,38.4900016784668,37.944000244140625,38.369998931884766,8159000
2023-02-27,34.43096160888672,38.189998626708984,38.77000045776367,38.02000045776367,38.66999816894531,4816100
2023-02-28,34.44898986816406,38.209999084472656,38.68000030517578,38.06999969482422,38.220001220703125,4202100
2023-03-01,33.91706466674805,37.619998931884766,38.0099983215332,37.375,37.970001220703125,7279000
2023-03-02,34.35883331298828,38.11000061035156,38.16999816894531,37.29999923706055,37.349998474121094,5067200
2023-03-03,34.93583679199219,38.75,38.834999084472656,38.290000915527344,38.400001525878906,4420200
2023-03-06,34.80060577392578,38.599998474121094,38.959999084472656,38.529998779296875,38.959999084472656,4248500
2023-03-07,33.92607498168945,37.630001068115234,38.66999816894531,37.599998474121094,38.599998474121094,5385900
2023-03-08,34.40391159057617,38.15999984741211,38.38999938964844,37.619998931884766,37.650001525878906,4473000
2023-03-09,33.61954879760742,37.290000915527344,38.290000915527344,37.209999084472656,38.25,5683500
2023-03-10,32.54667663574219,36.099998474121094,37.34000015258789,35.95000076293945,37.25,11736200
2023-03-13,33.0695915222168,36.68000030517578,37.220001220703125,35.814998626708984,35.869998931884766,16936000
2023-03-14,33.41218948364258,37.060001373291016,37.40999984741211,36.625,37.25,7719000
2023-03-15,33.43022155761719,37.08000183105469,37.20500183105469,36.45000076293945,36.45000076293945,14961500
2023-03-16,33.43022155761719,37.08000183105469,37.25,36.41999816894531,36.810001373291016,8068700
2023-03-17,32.663883209228516,36.22999954223633,36.959999084472656,36.209999084472656,36.939998626708984,8692500
2023-03-20,33.014366149902344,36.36000061035156,36.49300003051758,35.869998931884766,36.060001373291016,4962800
2023-03-21,32.823692321777344,36.150001525878906,36.63999938964844,35.763999938964844,36.61000061035156,4952600
2023-03-22,31.62514877319336,34.83000183105469,35.91999816894531,34.80400085449219,35.88999938964844,8042000
2023-03-23,31.434471130371094,34.619998931884766,35.42499923706055,34.5099983215332,34.939998626708984,7494000
2023-03-24,32.24257278442383,35.5099983215332,35.52000045776367,34.34000015258789,34.40999984741211,8241100
2023-03-27,32.13362121582031,35.38999938964844,35.84000015258789,35.34000015258789,35.72999954223633,5108800
2023-03-28,32.02466583251953,35.27000045776367,35.470001220703125,35.0,35.11000061035156,5117800
2023-03-29,32.78737258911133,36.11000061035156,36.130001068115234,35.619998931884766,35.619998931884766,4108600
2023-03-30,33.2141227722168,36.58000183105469,36.67599868774414,36.43000030517578,36.5,4383800
2023-03-31,33.940513610839844,37.380001068115234,37.400001525878906,36.70500183105469,36.7400016784668,6971500
2023-04-03,33.622711181640625,37.029998779296875,37.55500030517578,36.82500076293945,37.290000915527344,6452000
2023-04-04,33.63179397583008,37.040000915527344,37.21500015258789,36.80500030517578,37.04999923706055,5639900
2023-04-05,33.45927810668945,36.849998474121094,37.22999954223633,36.81999969482422,36.970001220703125,4476400
2023-04-06,33.68627166748047,37.099998474121094,37.10499954223633,36.650001525878906,36.97999954223633,4053400
2023-04-10,33.858795166015625,37.290000915527344,37.29999923706055,36.709999084472656,36.880001068115234,3814600
2023-04-11,34.02223205566406,37.470001220703125,37.77000045776367,37.209999084472656,37.380001068115234,9963400
2023-04-12,33.92234802246094,37.36000061035156,37.880001068115234,37.29499816894531,37.849998474121094,6764800
2023-04-13,33.813392639160156,37.2400016784668,37.4119987487793,36.888999938964844,37.40999984741211,4650800
2023-04-14,33.23228073120117,36.599998474121094,37.439998626708984,36.34000015258789,37.29999923706055,4853400
2023-04-17,33.98590850830078,37.43000030517578,37.43000030517578,36.619998931884766,36.619998931884766,4601000
2023-04-18,33.93142318725586,37.369998931884766,37.5,37.1619987487793,37.5,3479300
2023-04-19,34.13119125366211,37.59000015258789,37.689998626708984,37.060001373291016,37.130001068115234,5605700
2023-04-20,33.72259521484375,37.13999938964844,37.38999938964844,36.98400115966797,37.36000061035156,4243600
2023-04-21,33.758907318115234,37.18000030517578,37.34000015258789,36.880001068115234,37.22999954223633,3252700
2023-04-24,33.66811752319336,37.08000183105469,37.369998931884766,36.79499816894531,37.25,3709700
2023-04-25,33.35940170288086,36.7400016784668,37.040000915527344,36.720001220703125,36.869998931884766,3664000
2023-04-26,33.087005615234375,36.439998626708984,37.0099983215332,36.34000015258789,36.650001525878906,4446300
2023-04-27,33.88603210449219,37.31999969482422,37.404998779296875,36.540000915527344,36.540000915527344,4278800
2023-04-28,34.27646255493164,37.75,37.880001068115234,37.25,37.31999969482422,5256200
2023-05-01,33.95867156982422,37.400001525878906,37.83000183105469,37.35499954223633,37.630001068115234,4381900
2023-05-02,33.37755584716797,36.7599983215332,37.38999938964844,36.529998779296875,37.31999969482422,6376400
2023-05-03,33.16872024536133,36.529998779296875,37.2400016784668,36.5,36.83000183105469,6140700
2023-05-04,33.477439880371094,36.869998931884766,37.099998474121094,36.38999938964844,36.52000045776367,4887800
2023-05-05,33.99498748779297,37.439998626708984,37.52000045776367,37.040000915527344,37.11000061035156,3265600
2023-05-08,33.758907318115234,37.18000030517578,37.4900016784668,37.04999923706055,37.31999969482422,3358700
2023-05-09,33.64995193481445,37.060001373291016,37.19499969482422,36.650001525878906,37.060001373291016,2995000
2023-05-10,33.96775436401367,37.40999984741211,37.56999969482422,37.040000915527344,37.38999938964844,3770000
2023-05-11,33.61363220214844,37.02000045776367,37.209999084472656,36.78499984741211,37.18000030517578,3419800
2023-05-12,33.67719650268555,37.09000015258789,37.15999984741211,36.78499984741211,37.15999984741211,2950200
2023-05-15,33.61363220214844,37.02000045776367,37.23500061035156,36.891998291015625,37.130001068115234,3003600
2023-05-16,32.714725494384766,36.029998779296875,36.9900016784668,36.029998779296875,36.9900016784668,3240300
2023-05-17,33.141483306884766,36.5,36.564998626708984,35.95000076293945,36.279998779296875,3220400
2023-05-18,32.93264389038086,36.27000045776367,36.46500015258789,35.97999954223633,36.36000061035156,4111000
2023-05-19,32.87815856933594,36.209999084472656,36.630001068115234,36.04999923706055,36.47999954223633,4578700
2023-05-22,33.0960807800293,36.45000076293945,36.68000030517578,36.05799865722656,36.279998779296875,3943200
2023-05-23,32.6874885559082,36.0,36.65999984741211,35.959999084472656,36.380001068115234,3152000
2023-05-24,31.97018051147461,35.209999084472656,35.900001525878906,35.150001525878906,35.8849983215332,3991400
2023-05-25,32.042823791503906,35.290000915527344,35.57500076293945,35.040000915527344,35.38999938964844,5230700
2023-05-26,32.41509246826172,35.70000076293945,35.78499984741211,35.22999954223633,35.380001068115234,4403100
2023-05-30,32.514976501464844,35.810001373291016,36.29999923706055,35.7400016784668,35.970001220703125,4540300
2023-05-31,32.72381591796875,36.040000915527344,36.11000061035156,35.61000061035156,35.83000183105469,6945100
2023-06-01,32.73289489746094,36.04999923706055,36.25,35.68000030517578,36.0099983215332,5485000
2023-06-02,33.42296600341797,36.810001373291016,36.95500183105469,36.310001373291016,36.47999954223633,4350000
2023-06-05,33.26860046386719,36.63999938964844,37.040000915527344,36.54999923706055,36.88999938964844,3970500
2023-06-06,33.46836471557617,36.86000061035156,36.935001373291016,36.5099983215332,36.84000015258789,3260600
2023-06-07,34.08578109741211,37.540000915527344,37.630001068115234,36.790000915527344,37.018001556396484,4415600
2023-06-08,33.876953125,37.310001373291016,37.40999984741211,36.89500045776367,37.369998931884766,4027000
2023-06-09,33.70443344116211,37.119998931884766,37.41999816894531,36.915000915527344,37.34000015258789,4261700
2023-06-12,33.68627166748047,37.099998474121094,37.150001525878906,36.775001525878906,37.099998474121094,3819100
2023-06-13,33.93142318725586,37.369998931884766,37.40999984741211,36.970001220703125,37.099998474121094,4358200
2023-06-14,34.11302947998047,37.56999969482422,37.79600143432617,37.22999954223633,37.4900016784668,7845400
2023-06-15,34.25830078125,37.72999954223633,37.810001373291016,37.15999984741211,37.41999816894531,4383300
2023-06-16,34.22198486328125,37.689998626708984,38.060001373291016,37.63999938964844,37.7400016784668,6076400
2023-06-20,33.85438537597656,36.93000030517578,37.209999084472656,36.68000030517578,37.130001068115234,4026500
2023-06-21,33.70770263671875,36.77000045776367,36.904998779296875,36.470001220703125,36.72999954223633,4543300
2023-06-22,33.23101806640625,36.25,36.83000183105469,36.025001525878906,36.79999923706055,5103500
2023-06-23,32.873497009277344,35.86000061035156,36.3849983215332,35.84000015258789,36.130001068115234,5414100
2023-06-26,33.606868743896484,36.65999984741211,36.689998626708984,35.810001373291016,35.849998474121094,2988900
2023-06-27,33.97355270385742,37.060001373291016,37.14500045776367,36.54999923706055,36.7599983215332,4012700
2023-06-28,34.06523132324219,37.15999984741211,37.215999603271484,36.8120002746582,37.060001373291016,3963100
2023-06-29,34.37691116333008,37.5,37.5,36.84000015258789,37.0099983215332,3727400
2023-06-30,34.551090240478516,37.689998626708984,37.90999984741211,37.220001220703125,37.810001373291016,6437000
2023-07-03,34.82610321044922,37.9900016784668,38.19499969482422,37.470001220703125,37.540000915527344,3628200
2023-07-05,35.000282287597656,38.18000030517578,38.42900085449219,37.65999984741211,37.880001068115234,6300600
2023-07-06,34.80777359008789,37.970001220703125,38.02000045776367,37.2599983215332,37.75,5046400
2023-07-07,34.64276123046875,37.790000915527344,38.029998779296875,37.632999420166016,37.720001220703125,4617200
2023-07-10,34.76193618774414,37.91999816894531,37.95000076293945,37.595001220703125,37.689998626708984,4345300
2023-07-11,35.1561164855957,38.349998474121094,38.380001068115234,37.880001068115234,38.0,4772800
2023-07-12,35.32112503051758,38.529998779296875,38.869998931884766,38.5099983215332,38.77000045776367,7247700
2023-07-13,35.559478759765625,38.790000915527344,38.810001373291016,38.27000045776367,38.52000045776367,4708100
2023-07-14,35.559478759765625,38.790000915527344,38.816001892089844,38.470001220703125,38.70000076293945,3901500
2023-07-17,35.2569580078125,38.459999084472656,38.810001373291016,38.435001373291016,38.65999984741211,4556400
2023-07-18,34.9636116027832,38.13999938964844,38.58000183105469,37.814998626708984,38.560001373291016,6513800
2023-07-19,35.348628997802734,38.560001373291016,38.81999969482422,38.380001068115234,38.41999816894531,6610700
2023-07-20,35.22945785522461,38.43000030517578,38.439998626708984,37.880001068115234,38.369998931884766,6665000
2023-07-21,35.38530731201172,38.599998474121094,38.720001220703125,38.41999816894531,38.560001373291016,4801800
2023-07-24,35.724491119384766,38.970001220703125,38.9900016784668,38.61000061035156,38.709999084472656,5157000
2023-07-25,35.45864486694336,38.68000030517578,39.099998474121094,38.66999816894531,38.90999984741211,4383300
2023-07-26,35.58697509765625,38.81999969482422,38.900001525878906,38.59000015258789,38.599998474121094,5117900
2023-07-27,34.83526611328125,38.0,39.20000076293945,37.9900016784668,39.099998474121094,7511200
2023-07-28,34.73442840576172,37.88999938964844,38.560001373291016,37.849998474121094,38.439998626708984,5870000
2023-07-31,35.00944519042969,38.189998626708984,38.3650016784668,37.89500045776367,38.0,4940900
2023-08-01,34.945274353027344,38.119998931884766,38.275001525878906,37.959999084472656,38.09000015258789,6124600
2023-08-02,34.79860305786133,37.959999084472656,38.029998779296875,37.71500015258789,37.88999938964844,6503700
2023-08-03,34.321903228759766,37.439998626708984,37.54999923706055,36.91899871826172,37.5099983215332,6268000
2023-08-04,33.98272705078125,37.06999969482422,37.667999267578125,36.95500183105469,37.27000045776367,5874700
2023-08-07,34.413578033447266,37.540000915527344,37.54999923706055,37.15999984741211,37.18000030517578,3606100
2023-08-08,34.23939895629883,37.349998474121094,37.45500183105469,36.9900016784668,37.25,4094200
2023-08-09,34.321903228759766,37.439998626708984,37.61000061035156,37.119998931884766,37.27000045776367,5354500
2023-08-10,34.21189498901367,37.31999969482422,37.790000915527344,37.20500183105469,37.540000915527344,4901600
2023-08-11,34.276065826416016,37.38999938964844,37.439998626708984,37.04999923706055,37.15999984741211,3643000
2023-08-14,34.09272766113281,37.189998626708984,37.34000015258789,37.06999969482422,37.34000015258789,3069500
2023-08-15,33.744380950927734,36.810001373291016,37.047000885009766,36.724998474121094,36.95000076293945,3931200
2023-08-16,33.33185577392578,36.36000061035156,36.8650016784668,36.31999969482422,36.849998474121094,4804500
2023-08-17,33.0843391418457,36.09000015258789,36.66999816894531,36.06999969482422,36.38999938964844,5679300
2023-08-18,33.17601013183594,36.189998626708984,36.290000915527344,35.790000915527344,35.84000015258789,4503900
2023-08-21,32.89182662963867,35.880001068115234,36.15999984741211,35.57500076293945,36.130001068115234,3958300
2023-08-22,32.99266815185547,35.9900016784668,36.1150016784668,35.84000015258789,36.02000045776367,5446600
2023-08-23,33.4785270690918,36.52000045776367,36.54999923706055,36.150001525878906,36.15999984741211,5105800
2023-08-24,33.32267761230469,36.349998474121094,37.025001525878906,36.34000015258789,36.58000183105469,5086900
2023-08-25,33.41435623168945,36.45000076293945,36.63999938964844,36.25,36.439998626708984,4985900
2023-08-28,33.68021011352539,36.7400016784668,36.915000915527344,36.56999969482422,36.56999969482422,4212900
2023-08-29,34.06523132324219,37.15999984741211,37.185001373291016,36.59000015258789,36.75,3808200
2023-08-30,34.18440246582031,37.290000915527344,37.40999984741211,37.125,37.209999084472656,3051300
2023-08-31,33.93688201904297,37.02000045776367,37.33000183105469,36.97999954223633,37.27000045776367,4084700
2023-09-01,33.918556213378906,37.0,37.30500030517578,36.880001068115234,37.25,3927600
2023-09-05,33.579368591308594,36.630001068115234,36.994998931884766,36.62900161743164,36.939998626708984,5000000
2023-09-06,33.51519775390625,36.560001373291016,36.72100067138672,36.25,36.619998931884766,3974900
2023-09-07,33.79021453857422,36.86000061035156,37.005001068115234,36.47999954223633,36.529998779296875,3861000
2023-09-08,33.57019805908203,36.619998931884766,36.935001373291016,36.560001373291016,36.93000030517578,4369000
2023-09-11,33.58852767944336,36.63999938964844,36.75,36.45000076293945,36.65999984741211,3336700
2023-09-12,33.58852767944336,36.63999938964844,36.689998626708984,36.32500076293945,36.56999969482422,3225000
2023-09-13,33.24934387207031,36.27000045776367,36.65999984741211,36.16999816894531,36.65999984741211,4274000
2023-09-14,33.85438537597656,36.93000030517578,37.0,36.54999923706055,36.56999969482422,3686900
2023-09-15,33.726043701171875,36.790000915527344,36.93000030517578,36.654998779296875,36.790000915527344,4755300
2023-09-18,33.431270599365234,36.18000030517578,36.50699996948242,36.099998474121094,36.5,3812000
2023-09-19,33.255714416503906,35.9900016784668,36.290000915527344,35.88999938964844,36.18000030517578,3937100
2023-09-20,33.320396423339844,36.060001373291016,36.474998474121094,36.029998779296875,36.25,3873400
2023-09-21,32.165367126464844,34.810001373291016,35.86000061035156,34.790000915527344,35.84000015258789,5749900
2023-09-22,31.94359588623047,34.56999969482422,35.02899932861328,34.5099983215332,34.79999923706055,8497400
2023-09-25,31.88814926147461,34.5099983215332,34.529998779296875,34.255001068115234,34.400001525878906,5017200
2023-09-26,31.324499130249023,33.900001525878906,34.36800003051758,33.78499984741211,34.25,7143100
2023-09-27,31.047290802001953,33.599998474121094,34.18000030517578,33.45899963378906,34.040000915527344,9007100
2023-09-28,31.370702743530273,33.95000076293945,34.04999923706055,33.68000030517578,33.77000045776367,7431500
2023-09-29,31.48158073425293,34.06999969482422,34.540000915527344,33.88999938964844,34.470001220703125,7305700
2023-10-02,30.9086856842041,33.45000076293945,34.11000061035156,33.244998931884766,33.939998626708984,8673300
2023-10-03,30.34503173828125,32.84000015258789,33.43000030517578,32.7400016784668,33.27000045776367,9197900
2023-10-04,30.66843605041504,33.189998626708984,33.22999954223633,32.619998931884766,33.060001373291016,9241000
2023-10-05,30.89020538330078,33.43000030517578,33.46500015258789,33.02000045776367,33.209999084472656,7857600
2023-10-06,31.01032829284668,33.560001373291016,33.770999908447266,32.81999969482422,33.15999984741211,10218500
2023-10-09,31.416898727416992,34.0,34.09000015258789,33.34000015258789,33.369998931884766,6258000
2023-10-10,31.527782440185547,34.119998931884766,34.40999984741211,33.79999923706055,33.970001220703125,4979700
2023-10-11,32.165367126464844,34.810001373291016,34.81999969482422,34.34000015258789,34.400001525878906,5178300
2023-10-12,31.74030876159668,34.349998474121094,34.75,34.17499923706055,34.70000076293945,5970000
2023-10-13,31.73107147216797,34.34000015258789,34.650001525878906,34.18000030517578,34.529998779296875,5688400
2023-10-16,32.05447769165039,34.689998626708984,34.79999923706055,34.189998626708984,34.54999923706055,7719300
2023-10-17,31.88814926147461,34.5099983215332,34.970001220703125,34.275001525878906,34.41999816894531,7239500
2023-10-18,31.185894012451172,33.75,34.404998779296875,33.7400016784668,34.279998779296875,8313200
2023-10-19,30.41895294189453,32.91999816894531,33.72999954223633,32.89500045776367,33.47999954223633,10377000
2023-10-20,30.261865615844727,32.75,33.23500061035156,32.7400016784668,33.06999969482422,8556300
2023-10-23,30.003143310546875,32.470001220703125,32.90999984741211,32.369998931884766,32.470001220703125,6709100
2023-10-24,30.381988525390625,32.880001068115234,32.959999084472656,32.56999969482422,32.58000183105469,5749200
2023-10-25,29.744407653808594,32.189998626708984,32.650001525878906,32.099998474121094,32.540000915527344,8454400
2023-10-26,30.372751235961914,32.869998931884766,33.095001220703125,32.29999923706055,32.33000183105469,10663200
2023-10-27,29.892255783081055,32.349998474121094,32.959999084472656,32.23500061035156,32.959999084472656,10350600
2023-10-30,29.984657287597656,32.45000076293945,32.720001220703125,31.989999771118164,32.540000915527344,7071900
2023-10-31,30.585275650024414,33.099998474121094,33.13999938964844,32.43000030517578,32.7400016784668,8490800
2023-11-01,30.742359161376953,33.27000045776367,33.310001373291016,32.904998779296875,33.13999938964844,8343100
2023-11-02,31.694107055664062,34.29999923706055,34.45000076293945,33.7400016784668,33.810001373291016,8882200
2023-11-03,32.44256591796875,35.11000061035156,35.625,34.84000015258789,34.93000030517578,8575200
2023-11-06,31.999038696289062,34.630001068115234,35.06999969482422,34.45500183105469,35.04999923706055,7431300
2023-11-07,31.73107147216797,34.34000015258789,34.650001525878906,34.29999923706055,34.58000183105469,6579300
2023-11-08,31.915876388549805,34.540000915527344,34.619998931884766,34.36000061035156,34.5,7298000
2023-11-09,31.42613983154297,34.0099983215332,34.65999984741211,33.95000076293945,34.63999938964844,7336200
2023-11-10,31.777273178100586,34.38999938964844,34.439998626708984,33.94499969482422,34.25,5969000
2023-11-13,31.509302139282227,34.099998474121094,34.22999954223633,33.895999908447266,34.119998931884766,4313800
2023-11-14,33.20950698852539,35.939998626708984,36.224998474121094,35.11000061035156,35.279998779296875,10526900
2023-11-15,33.28343200683594,36.02000045776367,36.33100128173828,35.869998931884766,35.869998931884766,7168900
2023-11-16,33.27419662475586,36.0099983215332,36.20500183105469,35.90999984741211,36.119998931884766,5026800
2023-11-17,33.23723602294922,35.970001220703125,36.33000183105469,35.81999969482422,36.31999969482422,4417300
2023-11-20,33.4959602355957,36.25,36.25,35.619998931884766,35.90999984741211,4228100
2023-11-21,33.329627990722656,36.06999969482422,36.20500183105469,35.970001220703125,36.11000061035156,3300600
2023-11-22,33.431270599365234,36.18000030517578,36.474998474121094,36.040000915527344,36.36000061035156,4951400
2023-11-24,33.56063461303711,36.31999969482422,36.33000183105469,35.939998626708984,36.119998931884766,2620300
2023-11-27,33.680763244628906,36.45000076293945,36.665000915527344,36.189998626708984,36.34000015258789,4648900
2023-11-28,33.865577697753906,36.650001525878906,36.70000076293945,36.18000030517578,36.33000183105469,6450900
2023-11-29,34.124298095703125,36.93000030517578,37.220001220703125,36.880001068115234,36.91999816894531,7941600
2023-11-30,34.4015007019043,37.22999954223633,37.26499938964844,36.779998779296875,36.900001525878906,5804100
2023-12-01,35.12223815917969,38.0099983215332,38.040000915527344,37.11000061035156,37.220001220703125,7274200
2023-12-04,35.3162956237793,38.220001220703125,38.2400016784668,37.7599983215332,37.79999923706055,10359500
2023-12-05,35.16844940185547,38.060001373291016,38.099998474121094,37.83000183105469,38.06999969482422,7758300
2023-12-06,35.04832458496094,37.93000030517578,38.44900131225586,37.90999984741211,38.290000915527344,4832200
2023-12-07,35.09453201293945,37.97999954223633,38.150001525878906,37.79999923706055,37.970001220703125,5663100
2023-12-08,35.020606994628906,37.900001525878906,38.029998779296875,37.5099983215332,37.90999984741211,4873800
2023-12-11,35.14072799682617,38.029998779296875,38.095001220703125,37.71500015258789,37.810001373291016,4871000
2023-12-12,35.13148498535156,38.02000045776367,38.125999450683594,37.79999923706055,38.040000915527344,5580500
2023-12-13,36.406646728515625,39.400001525878906,39.52000045776367,37.93000030517578,38.060001373291016,7112400
2023-12-14,37.41383743286133,40.4900016784668,40.75,40.099998474121094,40.18000030517578,8647400
2023-12-15,36.961055755615234,40.0,40.400001525878906,39.654998779296875,40.290000915527344,8011100
2023-12-18,36.85926818847656,39.470001220703125,39.79499816894531,39.40999984741211,39.72999954223633,6638700
2023-12-19,37.11140823364258,39.7400016784668,39.849998474121094,39.599998474121094,39.61000061035156,4681400
2023-12-20,36.64448547363281,39.2400016784668,40.0099983215332,39.21500015258789,39.7400016784668,6513500
2023-12-21,36.95265197753906,39.56999969482422,39.68000030517578,39.16999816894531,39.54999923706055,6684700
2023-12-22,37.10206985473633,39.72999954223633,40.0099983215332,39.540000915527344,39.689998626708984,4929100
2023-12-26,37.372886657714844,40.02000045776367,40.130001068115234,39.69499969482422,39.779998779296875,2537600
2023-12-27,37.587677001953125,40.25,40.2599983215332,39.915000915527344,40.099998474121094,4006300
2023-12-28,37.821136474609375,40.5,40.5,40.15999984741211,40.25,3764800
2023-12-29,37.41024398803711,40.060001373291016,40.40999984741211,40.02000045776367,40.22999954223633,5777300
2024-01-02,37.755767822265625,40.43000030517578,40.45000076293945,39.779998779296875,39.970001220703125,6591500
2024-01-03,36.85926818847656,39.470001220703125,40.130001068115234,39.39500045776367,40.130001068115234,7424500
2024-01-04,36.7658805847168,39.369998931884766,39.65999984741211,39.23500061035156,39.38999938964844,7180300
2024-01-05,36.6911735534668,39.290000915527344,39.630001068115234,38.917999267578125,39.150001525878906,5770300
2024-01-08,37.195457458496094,39.83000183105469,39.869998931884766,39.189998626708984,39.2599983215332,4812700
2024-01-09,36.93397521972656,39.54999923706055,39.7400016784668,39.290000915527344,39.52000045776367,4134500
2024-01-10,36.99000549316406,39.61000061035156,39.79999923706055,39.470001220703125,39.61000061035156,4498600
2024-01-11,36.64448547363281,39.2400016784668,39.52000045776367,39.06999969482422,39.40999984741211,5151900
2024-01-12,36.92463684082031,39.540000915527344,39.7400016784668,39.31999969482422,39.650001525878906,4393500
2024-01-16,36.70051193237305,39.29999923706055,39.54999923706055,39.178001403808594,39.349998474121094,11100100
2024-01-17,36.028141021728516,38.58000183105469,39.279998779296875,38.18000030517578,38.81999969482422,9752000
2024-01-18,35.794673919677734,38.33000183105469,38.75,38.0880012512207,38.599998474121094,6142100
2024-01-19,36.14019775390625,38.70000076293945,38.849998474121094,38.130001068115234,38.459999084472656,7967800
2024-01-22,36.308292388916016,38.880001068115234,39.29999923706055,38.73500061035156,38.83000183105469,5850600
2024-01-23,36.112178802490234,38.66999816894531,39.150001525878906,38.529998779296875,39.040000915527344,4549800
2024-01-24,35.617244720458984,38.13999938964844,39.08000183105469,38.11000061035156,39.060001373291016,7349500
2024-01-25,36.102848052978516,38.65999984741211,38.81999969482422,38.470001220703125,38.68000030517578,6601700
2024-01-26,35.944091796875,38.4900016784668,38.79999923706055,38.40999984741211,38.709999084472656,4398000
2024-01-29,36.205570220947266,38.77000045776367,38.810001373291016,38.38999938964844,38.47999954223633,5724200
2024-01-30,35.869380950927734,38.40999984741211,38.7400016784668,38.33000183105469,38.54999923706055,6931500
2024-01-31,35.60790252685547,38.130001068115234,38.880001068115234,38.03499984741211,38.630001068115234,11580700
2024-02-01,36.233585357666016,38.79999923706055,38.814998626708984,37.89500045776367,38.04999923706055,10887000
2024-02-02,35.775997161865234,38.310001373291016,38.560001373291016,37.650001525878906,38.36000061035156,12844000
2024-02-05,35.06626892089844,37.54999923706055,37.869998931884766,37.43000030517578,37.83000183105469,8668200
2024-02-06,35.59856414794922,38.119998931884766,38.17499923706055,37.47999954223633,37.630001068115234,7866800
2024-02-07,35.57987976074219,38.099998474121094,38.310001373291016,37.869998931884766,38.257999420166016,6679000
2024-02-08,35.775997161865234,38.310001373291016,38.39699935913086,37.95000076293945,37.970001220703125,4517700
2024-02-09,35.869380950927734,38.40999984741211,38.439998626708984,37.94499969482422,38.29999923706055,5515700
2024-02-12,35.75731658935547,38.290000915527344,38.665000915527344,38.2130012512207,38.5,5376400
2024-02-13,35.10361862182617,37.59000015258789,37.599998474121094,37.07500076293945,37.52000045776367,21419000
2024-02-14,35.33708190917969,37.84000015258789,38.060001373291016,37.52000045776367,37.720001220703125,14186400
2024-02-15,36.1869010925293,38.75,38.79600143432617,38.16999816894531,38.16999816894531,8637600
2024-02-16,35.81334686279297,38.349998474121094,38.55699920654297,38.06999969482422,38.22999954223633,7683100
2024-02-20,35.75731658935547,38.290000915527344,38.4900016784668,37.970001220703125,38.209999084472656,6929300
2024-02-21,36.018795013427734,38.56999969482422,38.61800003051758,38.279998779296875,38.45000076293945,5653100
2024-02-22,36.112178802490234,38.66999816894531,38.880001068115234,38.564998626708984,38.689998626708984,6144400
2024-02-23,36.15887451171875,38.720001220703125,38.922000885009766,38.599998474121094,38.7400016784668,5263400
2024-02-26,35.747982025146484,38.279998779296875,38.82500076293945,38.220001220703125,38.63999938964844,6427800
2024-02-27,35.775997161865234,38.310001373291016,38.65999984741211,38.189998626708984,38.5099983215332,9466100
2024-02-28,36.233585357666016,38.79999923706055,38.959999084472656,38.06999969482422,38.130001068115234,7497600
2024-02-29,36.52307891845703,39.11000061035156,39.31999969482422,38.95000076293945,39.04999923706055,12860800
2024-03-01,36.92463684082031,39.540000915527344,39.58000183105469,38.61000061035156,39.0099983215332,9655500
2024-03-04,37.34487533569336,39.9900016784668,40.01900100708008,39.18000030517578,39.45000076293945,8697600
2024-03-05,36.86860275268555,39.47999954223633,40.095001220703125,39.314998626708984,39.83000183105469,6913800
2024-03-06,37.07405090332031,39.70000076293945,39.84000015258789,39.4900016784668,39.7400016784668,5483600
2024-03-07,37.07405090332031,39.70000076293945,40.005001068115234,39.47999954223633,39.91999816894531,5077000
2024-03-08,37.51296615600586,40.16999816894531,40.26499938964844,39.93000030517578,39.9900016784668,7551200
2024-03-11,37.32619094848633,39.970001220703125,40.33000183105469,39.779998779296875,40.029998779296875,4594600
2024-03-12,37.232810974121094,39.869998931884766,40.02000045776367,39.52000045776367,39.869998931884766,5669000
2024-03-13,36.99934768676758,39.619998931884766,40.01499938964844,39.4900016784668,39.79999923706055,6245300
2024-03-14,36.47638702392578,39.060001373291016,39.540000915527344,38.689998626708984,39.43000030517578,10442800
2024-03-15,36.45771026611328,39.040000915527344,39.12799835205078,38.68000030517578,38.68000030517578,9639600
2024-03-18,36.452064514160156,38.77000045776367,39.0099983215332,38.709999084472656,38.84000015258789,4971000
2024-03-19,36.452064514160156,38.77000045776367,38.90999984741211,38.5099983215332,38.790000915527344,5255100
2024-03-20,36.602500915527344,38.93000030517578,39.02199935913086,38.310001373291016,38.439998626708984,8678200
2024-03-21,36.74353790283203,39.08000183105469,39.29999923706055,38.845001220703125,39.099998474121094,6263500
2024-03-22,36.311031341552734,38.619998931884766,39.16999816894531,38.58000183105469,39.08000183105469,4402500
2024-03-25,36.170005798339844,38.470001220703125,38.790000915527344,38.439998626708984,38.66999816894531,5661600
2024-03-26,36.019569396972656,38.310001373291016,38.564998626708984,38.279998779296875,38.5,6160300
2024-03-27,36.93157196044922,39.279998779296875,39.279998779296875,38.619998931884766,38.72999954223633,6711000
2024-03-28,37.1666259765625,39.529998779296875,39.619998931884766,39.369998931884766,39.369998931884766,5695400
2024-04-01,36.51788330078125,38.84000015258789,39.619998931884766,38.790000915527344,39.61000061035156,8064400
2024-04-02,36.113590240478516,38.40999984741211,38.599998474121094,38.279998779296875,38.599998474121094,7393500
2024-04-03,36.13239669799805,38.43000030517578,38.5099983215332,38.17499923706055,38.369998931884766,5392200
2024-04-04,35.85032653808594,38.130001068115234,38.959999084472656,38.02000045776367,38.810001373291016,6667800
2024-04-05,36.085384368896484,38.380001068115234,38.47100067138672,37.95000076293945,38.029998779296875,6055700
2024-04-08,36.395652770996094,38.709999084472656,38.7400016784668,38.40999984741211,38.4900016784668,5588500
2024-04-09,36.85635757446289,39.20000076293945,39.209999084472656,38.775001525878906,38.900001525878906,7565200
2024-04-10,35.34261703491211,37.59000015258789,38.18000030517578,37.345001220703125,38.18000030517578,14873300
2024-04-11,35.380218505859375,37.630001068115234,37.904998779296875,37.30500030517578,37.84000015258789,9441800
2024-04-12,35.01354217529297,37.2400016784668,37.5,37.09000015258789,37.4900016784668,9246200
2024-04-15,34.40240478515625,36.59000015258789,37.529998779296875,36.345001220703125,37.470001220703125,7757100
2024-04-16,33.87588119506836,36.029998779296875,36.5099983215332,35.915000915527344,36.459999084472656,11776100
2024-04-17,33.59382247924805,35.72999954223633,36.099998474121094,35.724998474121094,35.93000030517578,11722700
2024-04-18,33.60322570800781,35.7400016784668,35.94900131225586,35.56999969482422,35.88999938964844,10327600
2024-04-19,33.734859466552734,35.880001068115234,36.04999923706055,35.7400016784668,35.900001525878906,10629100
2024-04-22,34.007511138916016,36.16999816894531,36.2599983215332,35.790000915527344,36.029998779296875,7762900
2024-04-23,34.317787170410156,36.5,36.61600112915039,36.16999816894531,36.2599983215332,10804900
2024-04-24,34.44941329956055,36.63999938964844,36.709999084472656,36.150001525878906,36.33000183105469,10758500
2024-04-25,34.251976013183594,36.43000030517578,36.5099983215332,36.02000045776367,36.310001373291016,8374300
2024-04-26,34.280174255371094,36.459999084472656,36.83000183105469,36.38999938964844,36.45000076293945,6950900
2024-04-29,34.6656608581543,36.869998931884766,36.959999084472656,36.63199996948242,36.650001525878906,6987400
2024-04-30,34.02631378173828,36.189998626708984,36.77000045776367,36.16999816894531,36.560001373291016,9796800
2024-05-01,34.04511642456055,36.209999084472656,36.858001708984375,36.07500076293945,36.18000030517578,15601300
2024-05-02,34.53403091430664,36.72999954223633,36.779998779296875,36.13999938964844,36.58000183105469,13264300
2024-05-03,34.80669403076172,37.02000045776367,37.58000183105469,36.93000030517578,37.33000183105469,11887700
2024-05-06,34.81609344482422,37.029998779296875,37.33000183105469,36.849998474121094,37.27000045776367,9739000
2024-05-07,35.18278121948242,37.41999816894531,37.5099983215332,37.17499923706055,37.310001373291016,13276100
2024-05-08,34.85371017456055,37.06999969482422,37.224998474121094,36.98500061035156,37.209999084472656,8182100
2024-05-09,35.681095123291016,37.95000076293945,37.97999954223633,37.5,37.5099983215332,8914600
2024-05-10,35.549461364746094,37.810001373291016,38.02000045776367,37.689998626708984,38.0,6882900
2024-05-13,35.64348602294922,37.90999984741211,38.1349983215332,37.70000076293945,37.970001220703125,6846500
2024-05-14,35.89734649658203,38.18000030517578,38.36600112915039,37.994998931884766,38.15999984741211,9703800
2024-05-15,36.508480072021484,38.83000183105469,38.95000076293945,38.66999816894531,38.80799865722656,10083500
2024-05-16,36.442665100097656,38.7599983215332,39.007999420166016,38.720001220703125,38.86000061035156,7195600
2024-05-17,36.442665100097656,38.7599983215332,38.86000061035156,38.619998931884766,38.81999969482422,6153000
2024-05-20,36.217018127441406,38.52000045776367,38.790000915527344,38.474998474121094,38.70000076293945,4067100
2024-05-21,36.18880844116211,38.4900016784668,38.57500076293945,38.34000015258789,38.43000030517578,3621500
2024-05-22,35.878536224365234,38.15999984741211,38.55500030517578,38.040000915527344,38.43000030517578,7027100
2024-05-23,35.11696243286133,37.349998474121094,38.16999816894531,37.32500076293945,38.16999816894531,5597300
2024-05-24,35.11696243286133,37.349998474121094,37.61000061035156,37.29999923706055,37.58000183105469,4686100
2024-05-28,34.910118103027344,37.130001068115234,37.685001373291016,37.08000183105469,37.59000015258789,4696100
2024-05-29,34.58104705810547,36.779998779296875,36.849998474121094,36.619998931884766,36.79999923706055,6076400
2024-05-30,35.07935333251953,37.310001373291016,37.31999969482422,36.974998474121094,37.040000915527344,5867800
2024-05-31,35.775115966796875,38.04999923706055,38.060001373291016,37.35499954223633,37.540000915527344,7949600
2024-06-03,35.634090423583984,37.900001525878906,38.189998626708984,37.69900131225586,38.119998931884766,5826300
2024-06-04,35.97256088256836,38.2599983215332,38.40999984741211,37.790000915527344,37.83000183105469,5647500
2024-06-05,35.9255485534668,38.209999084472656,38.290000915527344,37.9900016784668,38.290000915527344,4541200
2024-06-06,35.981964111328125,38.27000045776367,38.30500030517578,37.880001068115234,38.06999969482422,3888600
2024-06-07,35.699893951416016,37.970001220703125,38.06999969482422,37.63999938964844,37.7599983215332,5140400
2024-06-10,35.878536224365234,38.15999984741211,38.29999923706055,37.650001525878906,37.849998474121094,4148800
2024-06-11,35.765716552734375,38.040000915527344,38.2400016784668,37.904998779296875,38.029998779296875,3492400
2024-06-12,36.019569396972656,38.310001373291016,39.025001525878906,38.279998779296875,38.869998931884766,7600800
2024-06-13,36.19820785522461,38.5,38.630001068115234,38.209999084472656,38.45000076293945,3704300
2024-06-14,36.226417541503906,38.529998779296875,38.64500045776367,38.209999084472656,38.36000061035156,4975400
2024-06-17,36.03837585449219,38.33000183105469,38.529998779296875,38.09000015258789,38.31999969482422,4880900
2024-06-18,36.17940902709961,38.47999954223633,38.630001068115234,38.36000061035156,38.43000030517578,4893400
2024-06-20,36.085384368896484,38.380001068115234,38.4900016784668,38.2400016784668,38.36000061035156,4503300
2024-06-21,36.17940902709961,38.47999954223633,38.529998779296875,38.16999816894531,38.43000030517578,5287100
2024-06-24,36.42348861694336,38.349998474121094,38.7599983215332,38.02000045776367,38.119998931884766,5891800
2024-06-25,35.910621643066406,37.810001373291016,38.31999969482422,37.650001525878906,38.31999969482422,4429900
2024-06-26,35.863136291503906,37.7599983215332,37.880001068115234,37.529998779296875,37.619998931884766,3639300
2024-06-27,36.18605422973633,38.099998474121094,38.15999984741211,37.7400016784668,37.869998931884766,3571700
2024-06-28,36.48047637939453,38.40999984741211,38.56999969482422,38.099998474121094,38.31999969482422,5569800
2024-07-01,36.12907028198242,38.040000915527344,38.439998626708984,37.810001373291016,38.31999969482422,5700100
2024-07-02,36.28103256225586,38.20000076293945,38.28499984741211,37.979000091552734,38.040000915527344,3985500
2024-07-03,36.24303436279297,38.15999984741211,38.439998626708984,38.130001068115234,38.290000915527344,2359100
2024-07-05,36.37600326538086,38.29999923706055,38.34000015258789,38.02000045776367,38.27000045776367,3785800
2024-07-08,36.461490631103516,38.38999938964844,38.45600128173828,38.21500015258789,38.310001373291016,4443200
2024-07-09,36.47098159790039,38.400001525878906,38.525001525878906,38.0099983215332,38.33000183105469,3679200
2024-07-10,36.727420806884766,38.66999816894531,38.685001373291016,38.27000045776367,38.58000183105469,3935600
2024-07-11,37.7056770324707,39.70000076293945,39.88999938964844,39.220001220703125,39.2599983215332,8693400
2024-07-12,37.981117248535156,39.9900016784668,40.25,39.8489990234375,39.959999084472656,5322200
2024-07-15,38.1425666809082,40.15999984741211,40.22600173950195,39.84000015258789,40.04999923706055,4828400
2024-07-16,38.50347900390625,40.540000915527344,40.58000183105469,40.130001068115234,40.41999816894531,5753700
2024-07-17,38.845401763916016,40.900001525878906,41.13999938964844,40.560001373291016,40.619998931884766,7445800
2024-07-18,38.52247619628906,40.560001373291016,41.35499954223633,40.46500015258789,40.630001068115234,6016200
2024-07-19,38.4749870300293,40.5099983215332,40.724998474121094,40.33000183105469,40.630001068115234,5259100
2024-07-22,38.85489273071289,40.90999984741211,40.95000076293945,40.349998474121094,40.56999969482422,5233000
2024-07-23,38.78841018676758,40.84000015258789,41.125,40.66899871826172,40.88999938964844,4351500
2024-07-24,38.25653839111328,40.279998779296875,41.1150016784668,40.2400016784668,40.83000183105469,5606900
2024-07-25,38.04759216308594,40.060001373291016,40.93000030517578,39.972999572753906,40.5,8353400
2024-07-26,38.68393325805664,40.72999954223633,40.869998931884766,40.18000030517578,40.22999954223633,5702800
2024-07-29,38.93088150024414,40.9900016784668,41.130001068115234,40.41999816894531,40.72999954223633,5418100
2024-07-30,39.21580123901367,41.290000915527344,41.380001068115234,41.0,41.15999984741211,4674000
2024-07-31,39.12083053588867,41.189998626708984,41.63999938964844,41.04499816894531,41.22999954223633,8786900
2024-08-01,39.72868347167969,41.83000183105469,41.90999984741211,41.38999938964844,41.619998931884766,9813900
2024-08-02,39.757171630859375,41.86000061035156,42.29999923706055,41.4900016784668,41.849998474121094,8818200
2024-08-05,38.60795593261719,40.650001525878906,41.875999450683594,40.584999084472656,41.27000045776367,14134700
2024-08-06,39.462745666503906,41.54999923706055,41.959999084472656,40.529998779296875,40.68000030517578,11389400
2024-08-07,39.17781448364258,41.25,42.2400016784668,41.20500183105469,41.65999984741211,9907700
2024-08-08,39.510231018066406,41.599998474121094,41.64899826049805,41.060001373291016,41.15999984741211,10383100
2024-08-09,39.70968246459961,41.810001373291016,41.91999816894531,41.31999969482422,41.779998779296875,5454900
2024-08-12,39.47224426269531,41.560001373291016,41.66999816894531,41.25699996948242,41.630001068115234,4924500
2024-08-13,39.7476692199707,41.849998474121094,41.90999984741211,41.59000015258789,41.849998474121094,3707000
2024-08-14,39.89013671875,42.0,42.20000076293945,41.77000045776367,41.91999816894531,3300600
2024-08-15,39.77616500854492,41.880001068115234,42.09000015258789,41.70100021362305,42.029998779296875,6282100
2024-08-16,39.757171630859375,41.86000061035156,42.0,41.650001525878906,41.84000015258789,4212300
2024-08-19,39.9946174621582,42.11000061035156,42.150001525878906,41.834999084472656,41.86000061035156,3971100
2024-08-20,40.0326042175293,42.150001525878906,42.255001068115234,41.94499969482422,42.09000015258789,4828200
2024-08-21,40.16556930541992,42.290000915527344,42.349998474121094,41.939998626708984,42.18000030517578,4214800
2024-08-22,40.412506103515625,42.54999923706055,42.54999923706055,42.220001220703125,42.349998474121094,4953100
2024-08-23,41.191314697265625,43.369998931884766,43.45000076293945,42.64500045776367,42.709999084472656,6135200
2024-08-26,41.16282653808594,43.34000015258789,43.66999816894531,43.270999908447266,43.58000183105469,4047800
2024-08-27,41.26729965209961,43.45000076293945,43.494998931884766,43.0099983215332,43.08000183105469,3717600
2024-08-28,41.12483215332031,43.29999923706055,43.58000183105469,43.04999923706055,43.45000076293945,5035000
2024-08-29,40.963375091552734,43.130001068115234,43.29999923706055,42.93000030517578,43.22999954223633,5339900
2024-08-30,41.362274169921875,43.54999923706055,43.56999969482422,43.0,43.34000015258789,5611600
2024-09-03,41.457252502441406,43.650001525878906,43.86000061035156,43.25,43.27000045776367,7580900
2024-09-04,41.55223083496094,43.75,44.20000076293945,43.525001525878906,43.75,5855600
2024-09-05,41.438255310058594,43.630001068115234,44.099998474121094,43.51499938964844,44.08000183105469,5539200
2024-09-06,41.438255310058594,43.630001068115234,43.69499969482422,43.233001708984375,43.65999984741211,6671700
2024-09-09,41.93213653564453,44.150001525878906,44.257999420166016,43.56999969482422,43.630001068115234,5070000
2024-09-10,42.672950744628906,44.93000030517578,44.959999084472656,44.2599983215332,44.34000015258789,7884500
2024-09-11,42.55897903442383,44.810001373291016,44.869998931884766,44.0099983215332,44.529998779296875,5792200
2024-09-12,42.63495635986328,44.88999938964844,44.959999084472656,44.380001068115234,44.880001068115234,4263300
2024-09-13,42.938880920410156,45.209999084472656,45.2599983215332,44.974998474121094,45.119998931884766,3707500
2024-09-16,43.08135223388672,45.36000061035156,45.58000183105469,45.224998474121094,45.41999816894531,4130200
2024-09-17,42.73942947387695,45.0,45.5099983215332,44.85499954223633,45.380001068115234,5919400
2024-09-18,42.615962982177734,44.869998931884766,45.5099983215332,44.810001373291016,45.060001373291016,6234400
2024-09-19,42.51148223876953,44.7599983215332,45.2400016784668,44.4900016784668,45.2400016784668,4552400
2024-09-20,42.43551254272461,44.68000030517578,44.724998474121094,44.400001525878906,44.5,4839800
2024-09-23,42.905113220214844,44.86000061035156,44.88999938964844,44.560001373291016,44.689998626708984,4013700
2024-09-24,42.905113220214844,44.86000061035156,45.02000045776367,44.470001220703125,44.650001525878906,4103800
2024-09-25,42.723388671875,44.66999816894531,45.06999969482422,44.54999923706055,44.95000076293945,3457000
2024-09-26,42.30256271362305,44.22999954223633,44.720001220703125,44.06999969482422,44.689998626708984,4552700
2024-09-27,42.359954833984375,44.290000915527344,44.64500045776367,44.220001220703125,44.540000915527344,3613700
2024-09-30,42.723388671875,44.66999816894531,44.70000076293945,44.04999923706055,44.130001068115234,4929900
2024-10-01,42.46516036987305,44.400001525878906,44.880001068115234,44.20000076293945,44.79999923706055,6453100
2024-10-02,42.312137603759766,44.2400016784668,44.275001525878906,43.93000030517578,43.95000076293945,4022000
2024-10-03,41.90087127685547,43.810001373291016,44.21500015258789,43.68000030517578,44.099998474121094,3504500
2024-10-04,41.623504638671875,43.52000045776367,43.59000015258789,43.099998474121094,43.560001373291016,5386100
2024-10-07,41.31745147705078,43.20000076293945,43.290000915527344,42.97999954223633,43.2400016784668,3793500
2024-10-08,41.44179153442383,43.33000183105469,43.4900016784668,43.1349983215332,43.380001068115234,4039700
2024-10-09,41.460914611816406,43.349998474121094,43.38600158691406,43.08000183105469,43.2400016784668,3338800
2024-10-10,41.116607666015625,42.9900016784668,43.470001220703125,42.84000015258789,43.11000061035156,3659600
2024-10-11,41.53742980957031,43.43000030517578,43.439998626708984,43.095001220703125,43.220001220703125,2312100
2024-10-14,41.8243522644043,43.72999954223633,43.790000915527344,43.209999084472656,43.31999969482422,3542900
2024-10-15,42.35038757324219,44.279998779296875,44.63999938964844,43.88999938964844,43.91999816894531,5176300
2024-10-16,42.771209716796875,44.720001220703125,44.78499984741211,44.25,44.380001068115234,3662700
2024-10-17,42.49385070800781,44.43000030517578,44.630001068115234,44.2599983215332,44.59000015258789,2934000
2024-10-18,42.790348052978516,44.7400016784668,44.75600051879883,44.345001220703125,44.52000045776367,3950800
2024-10-21,41.910430908203125,43.81999969482422,44.68000030517578,43.7599983215332,44.47999954223633,5938700
2024-10-22,41.977386474609375,43.88999938964844,44.060001373291016,43.619998931884766,43.72999954223633,4497400
2024-10-23,42.388641357421875,44.31999969482422,44.39500045776367,43.7400016784668,43.779998779296875,4849500
2024-10-24,42.484283447265625,44.41999816894531,44.689998626708984,44.34000015258789,44.36000061035156,3188600
2024-10-25,42.1495361328125,44.06999969482422,44.97999954223633,44.04999923706055,44.790000915527344,4820700
2024-10-28,42.28343963623047,44.209999084472656,44.650001525878906,44.125,44.459999084472656,3129100
2024-10-29,41.90087127685547,43.810001373291016,44.30500030517578,43.7400016784668,44.06999969482422,4557100
2024-10-30,42.053897857666016,43.970001220703125,44.290000915527344,43.790000915527344,43.849998474121094,5513800
2024-10-31,41.31745147705078,43.20000076293945,43.88999938964844,43.189998626708984,43.5,5866200
2024-11-01,40.877498626708984,42.7400016784668,43.54499816894531,42.709999084472656,43.4900016784668,6141400
2024-11-04,41.336578369140625,43.220001220703125,43.290000915527344,42.875,42.91999816894531,6509900
2024-11-05,41.90087127685547,43.810001373291016,43.81999969482422,42.875,43.11000061035156,4747500
2024-11-06,40.7818603515625,42.63999938964844,43.65999984741211,42.189998626708984,43.41999816894531,12721600
2024-11-07,41.28875732421875,43.16999816894531,43.290000915527344,42.720001220703125,42.79999923706055,10597900
2024-11-08,41.99650955200195,43.90999984741211,44.03499984741211,43.31999969482422,43.369998931884766,7348100
2024-11-11,41.6330680847168,43.529998779296875,44.060001373291016,43.4900016784668,43.849998474121094,7899300
2024-11-12,41.107032775878906,42.97999954223633,43.58000183105469,42.96500015258789,43.41999816894531,4972000
2024-11-13,41.432220458984375,43.31999969482422,43.650001525878906,43.244998931884766,43.459999084472656,5095000
2024-11-14,41.05921936035156,42.93000030517578,43.25,42.875,43.25,4860400
2024-11-15,41.107032775878906,42.97999954223633,43.058998107910156,42.60499954223633,42.72999954223633,5875700
2024-11-18,41.470481872558594,43.36000061035156,43.369998931884766,42.68000030517578,42.790000915527344,3810800
2024-11-19,41.64263916015625,43.540000915527344,43.66999816894531,43.04499816894531,43.22999954223633,3693100
2024-11-20,41.575687408447266,43.470001220703125,43.529998779296875,43.130001068115234,43.290000915527344,3198700
2024-11-21,41.85304641723633,43.7599983215332,43.904998779296875,43.31999969482422,43.5099983215332,3070100
2024-11-22,42.16866683959961,44.09000015258789,44.16999816894531,43.88999938964844,43.93000030517578,3333900
2024-11-25,42.73295974731445,44.68000030517578,44.880001068115234,44.31999969482422,44.36000061035156,4625700
2024-11-26,42.9433708190918,44.900001525878906,44.97999954223633,44.46500015258789,44.630001068115234,3183800
2024-11-27,43.23986053466797,45.209999084472656,45.481998443603516,45.099998474121094,45.11000061035156,3531500
2024-11-29,43.03900909423828,45.0,45.43000030517578,44.974998474121094,45.2400016784668,3737500
2024-12-02,42.388641357421875,44.31999969482422,44.83000183105469,44.15999984741211,44.75,4837300
2024-12-03,42.139976501464844,44.060001373291016,44.45000076293945,44.029998779296875,44.36000061035156,4164900
2024-12-04,42.025203704833984,43.939998626708984,44.09000015258789,43.689998626708984,44.060001373291016,3315800
2024-12-05,41.92000198364258,43.83000183105469,43.86000061035156,43.54999923706055,43.68000030517578,2971300
2024-12-06,41.86260986328125,43.77000045776367,44.08000183105469,43.564998626708984,43.95000076293945,3624700
2024-12-09,41.948692321777344,43.86000061035156,43.994998931884766,43.685001373291016,43.849998474121094,5211000
2024-12-10,41.269630432128906,43.150001525878906,43.790000915527344,43.01499938964844,43.790000915527344,4090500
2024-12-11,41.164424896240234,43.040000915527344,43.38999938964844,42.91999816894531,43.27000045776367,4988900
2024-12-12,41.13572692871094,43.0099983215332,43.47999954223633,42.93000030517578,42.9900016784668,3418100
2024-12-13,40.96357345581055,42.83000183105469,43.06999969482422,42.7400016784668,42.970001220703125,3833300
2024-12-16,40.7531623840332,42.61000061035156,43.13999938964844,42.59000015258789,42.849998474121094,3642900
2024-12-17,40.571441650390625,42.41999816894531,42.80500030517578,42.27000045776367,42.400001525878906,5319100
2024-12-18,38.98377990722656,40.7599983215332,42.4900016784668,40.709999084472656,42.279998779296875,9802600
2024-12-19,38.31428527832031,40.060001373291016,41.09000015258789,40.0099983215332,40.79999923706055,8386500
2024-12-20,39.012474060058594,40.790000915527344,41.220001220703125,40.150001525878906,40.25,9792600
2024-12-23,39.19034194946289,40.540000915527344,40.599998474121094,40.08000183105469,40.209999084472656,6917200
2024-12-24,39.45136260986328,40.810001373291016,40.84000015258789,40.36000061035156,40.38999938964844,2812100
2024-12-26,39.50935745239258,40.869998931884766,40.939998626708984,40.5,40.70000076293945,4044800
2024-12-27,39.19034194946289,40.540000915527344,40.9900016784668,40.400001525878906,40.630001068115234,4588800
2024-12-30,39.006675720214844,40.349998474121094,40.45000076293945,39.92499923706055,40.43000030517578,4493500
2024-12-31,39.31601333618164,40.66999816894531,40.75,40.279998779296875,40.66999816894531,7590600
2025-01-02,38.948673248291016,40.290000915527344,40.77000045776367,40.16999816894531,40.720001220703125,9786400
2025-01-03,39.4803581237793,40.84000015258789,40.900001525878906,40.25,40.380001068115234,5128600
2025-01-06,38.939002990722656,40.279998779296875,40.9900016784668,40.220001220703125,40.86000061035156,5980200
2025-01-07,38.648990631103516,39.97999954223633,40.6349983215332,39.8849983215332,40.41999816894531,8867700
2025-01-08,38.813331604003906,40.150001525878906,40.16999816894531,39.6150016784668,40.0099983215332,6312800
2025-01-10,37.8756217956543,39.18000030517578,39.619998931884766,39.14500045776367,39.52000045776367,8343100
2025-01-13,38.35897445678711,39.68000030517578,39.68899917602539,39.04999923706055,39.130001068115234,5769300
2025-01-14,38.687660217285156,40.02000045776367,40.11000061035156,39.709999084472656,39.810001373291016,5022100
2025-01-15,38.85199737548828,40.189998626708984,41.150001525878906,40.13999938964844,41.060001373291016,6511000
2025-01-16,39.7220344543457,41.09000015258789,41.125,40.154998779296875,40.290000915527344,5600900
2025-01-17,39.712371826171875,41.08000183105469,41.310001373291016,41.060001373291016,41.209999084472656,4913400
2025-01-21,40.43740463256836,41.83000183105469,41.869998931884766,41.2400016784668,41.2599983215332,6105700
2025-01-22,39.7317008972168,41.099998474121094,41.75,41.060001373291016,41.75,5837100
2025-01-23,40.050716400146484,41.43000030517578,41.439998626708984,40.79499816894531,41.189998626708984,3916200
2025-01-24,40.16672134399414,41.54999923706055,41.84000015258789,41.2599983215332,41.290000915527344,4038800
2025-01-27,40.56307601928711,41.959999084472656,42.005001068115234,41.40999984741211,41.5,11135800
2025-01-28,40.07005310058594,41.45000076293945,41.900001525878906,41.310001373291016,41.900001525878906,4366300
2025-01-29,39.60603332519531,40.970001220703125,41.58000183105469,40.779998779296875,41.5,3945600
2025-01-30,40.1280517578125,41.5099983215332,41.81999969482422,41.14400100708008,41.599998474121094,4481500
2025-01-31,40.041046142578125,41.41999816894531,41.83000183105469,41.290000915527344,41.380001068115234,4730300
2025-02-03,39.9733772277832,41.349998474121094,41.5099983215332,40.68000030517578,41.08000183105469,7439600
2025-02-04,39.9733772277832,41.349998474121094,41.457000732421875,40.91999816894531,41.06999969482422,4559300
2025-02-05,40.60173797607422,42.0,42.10499954223633,41.40999984741211,41.83000183105469,4356900
2025-02-06,40.71773910522461,42.119998931884766,42.25,41.81999969482422,42.2400016784668,3680600
2025-02-07,40.57273864746094,41.970001220703125,42.26499938964844,41.779998779296875,42.22999954223633,5337100
2025-02-10,40.630741119384766,42.029998779296875,42.095001220703125,41.64500045776367,42.060001373291016,3907600
2025-02-11,40.853084564208984,42.2599983215332,42.27000045776367,41.76499938964844,41.83000183105469,3276300
2025-02-12,40.50507354736328,41.900001525878906,42.04999923706055,41.43000030517578,41.43000030517578,6834300
2025-02-13,40.8240852355957,42.22999954223633,42.34000015258789,41.66999816894531,41.810001373291016,7069100
2025-02-14,40.65974426269531,42.060001373291016,42.4900016784668,42.04999923706055,42.349998474121094,4528100
2025-02-18,40.80474853515625,42.209999084472656,42.3849983215332,41.91999816894531,41.95000076293945,5622200
2025-02-19,40.8820915222168,42.290000915527344,42.387001037597656,41.96500015258789,42.029998779296875,4405400
2025-02-20,41.16243362426758,42.58000183105469,42.650001525878906,42.05500030517578,42.290000915527344,3947300
2025-02-21,40.8240852355957,42.22999954223633,42.650001525878906,42.02000045776367,42.59000015258789,5072100
2025-02-24,41.00775909423828,42.41999816894531,42.64500045776367,42.06999969482422,42.29999923706055,4435200
2025-02-25,41.44277572631836,42.869998931884766,43.08000183105469,42.54999923706055,42.560001373291016,5698200
2025-02-26,41.239768981933594,42.65999984741211,43.04499816894531,42.53499984741211,42.95000076293945,5472200
2025-02-27,41.42344284057617,42.849998474121094,43.08000183105469,42.59000015258789,42.66999816894531,4040600
2025-02-28,41.71345520019531,43.150001525878906,43.244998931884766,42.68000030517578,43.060001373291016,5771500
2025-03-03,42.071136474609375,43.52000045776367,43.74599838256836,43.16999816894531,43.29999923706055,9874300
2025-03-04,41.58778381347656,43.02000045776367,43.861000061035156,42.91999816894531,43.560001373291016,9765700
2025-03-05,41.97446823120117,43.41999816894531,43.53499984741211,42.540000915527344,42.54999923706055,5564100
2025-03-06,40.8240852355957,42.22999954223633,43.150001525878906,42.165000915527344,43.060001373291016,7954300
2025-03-07,41.056095123291016,42.470001220703125,42.637001037597656,41.939998626708984,42.310001373291016,7083600
2025-03-10,40.65974426269531,42.060001373291016,42.88999938964844,41.86000061035156,42.43000030517578,9447900
2025-03-11,40.23439025878906,41.619998931884766,42.314998626708984,41.3849983215332,42.16999816894531,7103500
2025-03-12,40.089385986328125,41.470001220703125,41.814998626708984,41.34000015258789,41.689998626708984,6013500
2025-03-13,39.30635070800781,40.65999984741211,41.709999084472656,40.60300064086914,41.47999954223633,6167200
2025-03-14,40.07005310058594,41.45000076293945,41.48500061035156,40.79999923706055,41.04499816894531,4548100
2025-03-17,40.77574920654297,42.18000030517578,42.32500076293945,41.459999084472656,41.459999084472656,4422800
2025-03-18,40.52439880371094,41.91999816894531,42.38999938964844,41.7599983215332,42.18000030517578,4860300
2025-03-19,40.57273864746094,41.970001220703125,42.2869987487793,41.6150016784668,41.95000076293945,3919100
2025-03-20,40.52439880371094,41.91999816894531,42.15999984741211,41.7400016784668,41.970001220703125,3452800
2025-03-21,40.1280517578125,41.5099983215332,41.79999923706055,41.244998931884766,41.72999954223633,6237900
2025-03-24,40.68649673461914,41.81999969482422,41.904998779296875,41.310001373291016,41.5,4457800
2025-03-25,40.200050354003906,41.31999969482422,41.83000183105469,41.08000183105469,41.81999969482422,4660800
2025-03-26,40.40435791015625,41.529998779296875,41.724998474121094,41.34400177001953,41.5099983215332,3717700
2025-03-27,40.30706787109375,41.43000030517578,41.91999816894531,41.32500076293945,41.59000015258789,3586700
2025-03-28,40.2876091003418,41.40999984741211,41.650001525878906,41.165000915527344,41.61000061035156,4905600
2025-03-31,40.71567916870117,41.849998474121094,42.1150016784668,41.470001220703125,41.529998779296875,7736800
2025-04-01,40.744873046875,41.880001068115234,42.08000183105469,41.369998931884766,41.9900016784668,5903000
2025-04-02,40.939453125,42.08000183105469,42.17499923706055,41.599998474121094,41.810001373291016,4657000
2025-04-03,39.713600158691406,40.81999969482422,42.060001373291016,40.7599983215332,41.65999984741211,11584800
2025-04-04,37.904014587402344,38.959999084472656,40.619998931884766,38.915000915527344,40.619998931884766,15419700
2025-04-07,36.98949432373047,38.02000045776367,39.47999954223633,37.16999816894531,38.29999923706055,25297200
2025-04-08,36.074974060058594,37.08000183105469,38.98500061035156,36.64500045776367,38.88999938964844,16319500
2025-04-09,38.14723587036133,39.209999084472656,39.3849983215332,35.7599983215332,36.459999084472656,27138900
2025-04-10,37.33973693847656,38.380001068115234,39.25,37.43000030517578,38.81999969482422,19936700
2025-04-11,37.86509704589844,38.91999816894531,39.0099983215332,37.7400016784668,38.18000030517578,10742800
2025-04-14,38.70178985595703,39.779998779296875,40.0,39.11000061035156,39.22999954223633,6543600
2025-04-15,38.760162353515625,39.84000015258789,40.150001525878906,39.63999938964844,39.91999816894531,4272300
2025-04-16,38.74070739746094,39.81999969482422,40.349998474121094,39.56999969482422,39.9900016784668,6021900
2025-04-17,39.35363006591797,40.45000076293945,40.77899932861328,39.970001220703125,39.970001220703125,4793500
2025-04-21,38.536399841308594,39.61000061035156,40.20000076293945,39.11000061035156,40.11000061035156,4364300
2025-04-22,39.324440002441406,40.41999816894531,40.61000061035156,39.97999954223633,40.18000030517578,4213200
2025-04-23,39.37308883666992,40.470001220703125,41.22999954223633,40.22999954223633,40.7599983215332,8046200
2025-04-24,39.48983383178711,40.59000015258789,40.904998779296875,40.28499984741211,40.4900016784668,5093400
2025-04-25,39.431461334228516,40.529998779296875,40.7599983215332,40.275001525878906,40.61000061035156,4511000
2025-04-28,39.674686431884766,40.779998779296875,40.88999938964844,40.40999984741211,40.52000045776367,4403400
2025-04-29,39.99574279785156,41.11000061035156,41.290000915527344,40.720001220703125,40.790000915527344,4088100
2025-04-30,40.18058776855469,41.29999923706055,41.45000076293945,40.619998931884766,40.849998474121094,5100700
2025-05-01,40.29733657836914,41.41999816894531,41.77000045776367,41.154998779296875,41.41999816894531,6986300
2025-05-02,40.793514251708984,41.93000030517578,42.060001373291016,41.7400016784668,41.92499923706055,4073900
2025-05-05,40.744873046875,41.880001068115234,42.10499954223633,41.630001068115234,41.92499923706055,3018300
2025-05-06,40.46273422241211,41.59000015258789,41.92499923706055,41.400001525878906,41.689998626708984,2531600
2025-05-07,40.43354797363281,41.560001373291016,41.91699981689453,41.5,41.619998931884766,3892500
2025-05-08,40.23896408081055,41.36000061035156,41.79999923706055,41.28499984741211,41.779998779296875,3841000
2025-05-09,40.4821891784668,41.61000061035156,41.749000549316406,41.290000915527344,41.38999938964844,2540300
2025-05-12,40.5211067199707,41.650001525878906,42.13999938964844,41.439998626708984,42.11000061035156,5525700
2025-05-13,39.97628402709961,41.09000015258789,41.66999816894531,40.94499969482422,41.56999969482422,6501800
2025-05-14,39.63576889038086,40.7400016784668,40.9900016784668,40.540000915527344,40.9900016784668,4416300
2025-05-15,40.36544418334961,41.4900016784668,41.505001068115234,40.849998474121094,40.91999816894531,4703800
2025-05-16,40.87134552001953,42.0099983215332,42.029998779296875,41.43000030517578,41.56999969482422,3421200
2025-05-19,40.95890808105469,42.099998474121094,42.1349983215332,41.630001068115234,41.68000030517578,3023400
2025-05-20,40.744873046875,41.880001068115234,42.0099983215332,41.7400016784668,41.7599983215332,2311800
2025-05-21,39.66495895385742,40.77000045776367,41.7599983215332,40.75,41.66999816894531,3708700
2025-05-22,39.52875518798828,40.630001068115234,40.869998931884766,40.30500030517578,40.84000015258789,3599300
2025-05-23,39.53847885131836,40.63999938964844,40.7599983215332,40.39699935913086,40.595001220703125,3751400
2025-05-27,40.19032287597656,41.310001373291016,41.426998138427734,40.849998474121094,40.9900016784668,3626800
2025-05-28,40.19032287597656,41.310001373291016,41.349998474121094,41.01300048828125,41.349998474121094,3491900
2025-05-29,40.56001663208008,41.689998626708984,41.86000061035156,41.2599983215332,41.310001373291016,4811800
2025-05-30,40.59893798828125,41.72999954223633,41.84000015258789,41.310001373291016,41.529998779296875,6882700
2025-06-02,40.657310485839844,41.790000915527344,41.80500030517578,41.040000915527344,41.43000030517578,4756500
2025-06-03,40.511375427246094,41.63999938964844,41.70000076293945,41.30500030517578,41.59000015258789,6276900
2025-06-04,40.63785171508789,41.77000045776367,41.939998626708984,41.42499923706055,41.540000915527344,2969700
2025-06-05,40.62812042236328,41.7599983215332,41.974998474121094,41.55500030517578,41.83000183105469,5412000
2025-06-06,40.744873046875,41.880001068115234,42.11000061035156,41.67499923706055,41.959999084472656,3533600
2025-06-09,40.72541046142578,41.86000061035156,42.1349983215332,41.56999969482422,41.82500076293945,4581000
2025-06-10,41.085384368896484,42.22999954223633,42.2400016784668,41.900001525878906,41.970001220703125,4832800
2025-06-11,40.86161422729492,42.0,42.41999816894531,41.82400131225586,42.22999954223633,4809300
2025-06-12,41.085384368896484,42.22999954223633,42.29999923706055,41.95000076293945,42.0,4151500
2025-06-13,40.754600524902344,41.88999938964844,42.16999816894531,41.59000015258789,42.0,6375700
2025-06-16,40.793514251708984,41.93000030517578,42.41999816894531,41.77000045776367,42.0,6304400
2025-06-17,40.62812042236328,41.7599983215332,42.02000045776367,41.599998474121094,41.90999984741211,5610100
2025-06-18,40.705955505371094,41.84000015258789,42.150001525878906,41.619998931884766,41.83000183105469,5529900
2025-06-20,40.69622802734375,41.83000183105469,42.224998474121094,41.779998779296875,42.02000045776367,5834600
2025-06-23,41.2901496887207,42.060001373291016,42.10499954223633,41.51499938964844,41.56999969482422,6057900
2025-06-24,41.486488342285156,42.2599983215332,42.415000915527344,41.904998779296875,42.16999816894531,5292600
2025-06-25,40.475341796875,41.22999954223633,42.060001373291016,41.185001373291016,41.970001220703125,10960100
2025-06-26,40.2201042175293,40.970001220703125,41.22999954223633,40.474998474121094,41.220001220703125,14023700
2025-06-27,40.36735534667969,41.119998931884766,41.529998779296875,40.90999984741211,41.040000915527344,6608200
2025-06-30,40.661865234375,41.41999816894531,41.470001220703125,40.66999816894531,41.150001525878906,6959500
2025-07-01,40.93674087524414,41.70000076293945,42.0,41.30500030517578,41.349998474121094,9438400
2025-07-02,41.01527404785156,41.779998779296875,41.85599899291992,41.439998626708984,41.650001525878906,6737400
2025-07-03,41.034912109375,41.79999923706055,41.96500015258789,41.619998931884766,41.790000915527344,5758100
2025-07-07,40.720767974853516,41.47999954223633,42.04999923706055,41.22999954223633,41.709999084472656,6417800
2025-07-08,40.661865234375,41.41999816894531,41.59700012207031,41.2400016784668,41.29999923706055,5768600
2025-07-09,40.642234802246094,41.400001525878906,41.52000045776367,41.23500061035156,41.459999084472656,4867800
2025-07-10,40.848388671875,41.61000061035156,41.88999938964844,41.290000915527344,41.439998626708984,6045300
2025-07-11,40.809120178222656,41.56999969482422,41.68000030517578,41.15999984741211,41.29999923706055,5802500
2025-07-14,41.08399200439453,41.849998474121094,41.869998931884766,41.52000045776367,41.560001373291016,7270600
2025-07-15,40.55388259887695,41.310001373291016,41.90999984741211,41.20000076293945,41.86000061035156,6427500
2025-07-16,40.99563980102539,41.7599983215332,41.79499816894531,41.345001220703125,41.63999938964844,8487900
2025-07-17,40.95637512207031,41.720001220703125,41.88999938964844,41.525001525878906,41.709999084472656,7848700
2025-07-18,41.07417678833008,41.84000015258789,41.98500061035156,41.650001525878906,41.7599983215332,5608100
2025-07-21,41.23124694824219,42.0,42.290000915527344,41.900001525878906,42.05500030517578,5336600
2025-07-22,41.9478874206543,42.72999954223633,42.78499984741211,42.125,42.18000030517578,6165500
2025-07-23,42.06569290161133,42.849998474121094,42.90999984741211,42.650001525878906,42.790000915527344,5625700
2025-07-24,42.00679016113281,42.790000915527344,42.95500183105469,42.70000076293945,42.779998779296875,6727900
2025-07-25,42.00679016113281,42.790000915527344,42.84000015258789,42.33000183105469,42.79999923706055,4698000
2025-07-28,41.28033447265625,42.04999923706055,42.66999816894531,42.0099983215332,42.59000015258789,4776600
2025-07-29,41.96752166748047,42.75,42.790000915527344,42.040000915527344,42.279998779296875,9447100
2025-07-30,41.37850570678711,42.150001525878906,42.77000045776367,41.869998931884766,42.65999984741211,9908200
2025-07-31,40.65205001831055,41.40999984741211,42.099998474121094,41.349998474121094,41.869998931884766,10320700
2025-08-01,40.534244537353516,41.290000915527344,41.869998931884766,41.040000915527344,41.845001220703125,9602600
2025-08-04,40.877838134765625,41.63999938964844,41.7599983215332,41.32500076293945,41.36000061035156,6584500
2025-08-05,41.01527404785156,41.779998779296875,41.89500045776367,41.45000076293945,41.619998931884766,6265300
2025-08-06,40.67168045043945,41.43000030517578,41.90999984741211,41.415000915527344,41.90999984741211,7569500
2025-08-07,40.82875442504883,41.59000015258789,41.68000030517578,41.310001373291016,41.68000030517578,6429600
2025-08-08,40.49497985839844,41.25,41.709999084472656,41.17499923706055,41.66999816894531,7161600
2025-08-11,40.259368896484375,41.0099983215332,41.290000915527344,40.970001220703125,41.09000015258789,6054800
2025-08-12,40.32809066772461,41.08000183105469,41.15999984741211,40.694000244140625,41.06999969482422,8099800
2025-08-13,40.593143463134766,41.349998474121094,41.400001525878906,40.97999954223633,41.150001525878906,4962700
2025-08-14,40.30845642089844,41.060001373291016,41.13999938964844,40.77000045776367,41.084999084472656,7988300
2025-08-15,40.573516845703125,41.33000183105469,41.46500015258789,41.040000915527344,41.060001373291016,5689600
2025-08-18,40.190650939941406,40.939998626708984,41.41999816894531,40.93000030517578,41.41999816894531,4496900
2025-08-19,40.90728759765625,41.66999816894531,41.689998626708984,41.11000061035156,41.150001525878906,6803400
2025-08-20,41.064361572265625,41.83000183105469,42.189998626708984,41.720001220703125,41.779998779296875,7026700
2025-08-21,40.91710662841797,41.68000030517578,41.849998474121094,41.51499938964844,41.650001525878906,5851800
2025-08-22,41.565025329589844,42.34000015258789,42.584999084472656,41.93000030517578,42.01499938964844,6488900
2025-08-25,41.35887145996094,42.130001068115234,42.43000030517578,42.05500030517578,42.290000915527344,6213400
2025-08-26,41.241065979003906,42.0099983215332,42.20000076293945,41.849998474121094,42.09000015258789,4318200
2025-08-27,41.41777038574219,42.189998626708984,42.349998474121094,42.060001373291016,42.119998931884766,5171300
2025-08-28,41.30978775024414,42.08000183105469,42.22999954223633,41.86000061035156,42.220001220703125,4199700
2025-08-29,41.53557586669922,42.310001373291016,42.33000183105469,42.09000015258789,42.16999816894531,4810600
2025-09-02,40.82875442504883,41.59000015258789,42.02000045776367,41.44300079345703,41.93000030517578,8204200
2025-09-03,40.720767974853516,41.47999954223633,41.665000915527344,41.34000015258789,41.470001220703125,5668000
2025-09-04,40.99563980102539,41.7599983215332,41.83000183105469,41.369998931884766,41.63999938964844,5991100
2025-09-05,41.407955169677734,42.18000030517578,42.38999938964844,41.93000030517578,41.97999954223633,5298300
2025-09-08,41.133079528808594,41.900001525878906,41.91999816894531,41.54999923706055,41.65999984741211,7678500
2025-09-09,41.11344909667969,41.880001068115234,41.88999938964844,41.6619987487793,41.724998474121094,4308300
2025-09-10,41.09381103515625,41.86000061035156,42.18000030517578,41.790000915527344,41.88999938964844,4006500
2025-09-11,41.7613639831543,42.540000915527344,42.619998931884766,41.915000915527344,41.91999816894531,3604900
2025-09-12,41.5748405456543,42.349998474121094,42.58000183105469,42.310001373291016,42.41999816894531,2515100
2025-09-15,41.5257568359375,42.29999923706055,42.560001373291016,42.185001373291016,42.400001525878906,3844000
2025-09-16,41.28033447265625,42.04999923706055,42.38999938964844,41.970001220703125,42.2599983215332,5432500
2025-09-17,41.26070022583008,42.029998779296875,42.650001525878906,41.9900016784668,42.16999816894531,7312900
2025-09-18,41.2901496887207,42.060001373291016,42.2599983215332,41.94499969482422,42.04499816894531,5162000
2025-09-19,41.08399200439453,41.849998474121094,42.17499923706055,41.849998474121094,42.099998474121094,5331000
2025-09-22,41.219512939453125,41.66999816894531,41.7599983215332,41.33000183105469,41.54999923706055,4786500
2025-09-23,41.54594802856445,42.0,42.064998626708984,41.68000030517578,41.689998626708984,3002000
2025-09-24,41.1205940246582,41.56999969482422,41.959999084472656,41.560001373291016,41.959999084472656,3990500
2025-09-25,41.02167892456055,41.470001220703125,41.76499938964844,41.44499969482422,41.619998931884766,3559500
2025-09-26,41.42724609375,41.880001068115234,41.965999603271484,41.51499938964844,41.61000061035156,3436200
2025-09-29,41.506378173828125,41.959999084472656,42.04999923706055,41.7400016784668,41.91999816894531,3891100
2025-09-30,41.67454147338867,42.130001068115234,42.15999984741211,41.810001373291016,42.02000045776367,3940800
2025-10-01,41.67454147338867,42.130001068115234,42.334999084472656,42.0099983215332,42.11000061035156,6818800
2025-10-02,41.4569206237793,41.90999984741211,42.040000915527344,41.689998626708984,42.0,6391600
2025-10-03,41.625083923339844,42.08000183105469,42.39500045776367,41.959999084472656,41.959999084472656,4820800
2025-10-06,41.20962142944336,41.65999984741211,42.099998474121094,41.630001068115234,42.095001220703125,4921700
2025-10-07,41.08102798461914,41.529998779296875,41.709999084472656,41.345001220703125,41.709999084472656,5191500
2025-10-08,40.87329864501953,41.31999969482422,41.47999954223633,41.22999954223633,41.30500030517578,6809300
2025-10-09,40.68535232543945,41.130001068115234,41.45000076293945,41.025001525878906,41.415000915527344,4517100
2025-10-10,40.24021911621094,40.68000030517578,41.310001373291016,40.619998931884766,41.209999084472656,10153200
2025-10-13,40.46773147583008,40.90999984741211,40.94599914550781,40.61000061035156,40.689998626708984,6720700
2025-10-14,40.853511810302734,41.29999923706055,41.349998474121094,40.779998779296875,40.849998474121094,7769100
2025-10-15,41.44702911376953,41.900001525878906,42.02000045776367,41.40999984741211,41.43000030517578,7393900
2025-10-16,41.31843185424805,41.77000045776367,42.150001525878906,41.72999954223633,41.9900016784668,9443200
2025-10-17,41.585514068603516,42.040000915527344,42.0989990234375,41.630001068115234,41.79999923706055,9458500
2025-10-20,42.020755767822266,42.47999954223633,42.4900016784668,42.150001525878906,42.28799819946289,4826100
2025-10-21,41.89216232299805,42.349998474121094,42.59600067138672,42.244998931884766,42.380001068115234,6887700
2025-10-22,42.080108642578125,42.540000915527344,42.61000061035156,42.290000915527344,42.540000915527344,7755300
2025-10-23,42.04054260253906,42.5,42.720001220703125,42.10499954223633,42.59000015258789,9446300
2025-10-24,42.18892288208008,42.650001525878906,42.880001068115234,42.63999938964844,42.720001220703125,7820300
2025-10-27,42.277950286865234,42.7400016784668,42.7760009765625,42.45000076293945,42.66999816894531,6851400
2025-10-28,41.338218688964844,41.790000915527344,42.61000061035156,41.77000045776367,42.53499984741211,17438000
2025-10-29,40.21054458618164,40.650001525878906,41.52000045776367,40.529998779296875,41.349998474121094,13140800
2025-10-30,40.43805694580078,40.880001068115234,41.13999938964844,40.58000183105469,40.67499923706055,14353400
2025-10-31,40.45783996582031,40.900001525878906,41.058998107910156,40.4900016784668,40.58000183105469,9788100
2025-11-03,40.38859558105469,40.83000183105469,40.869998931884766,40.279998779296875,40.47999954223633,10847400
2025-11-04,40.497406005859375,40.939998626708984,41.005001068115234,40.7400016784668,40.93000030517578,8413000
2025-11-05,40.48751449584961,40.93000030517578,41.119998931884766,40.70500183105469,41.060001373291016,6925600
2025-11-06,40.289676666259766,40.72999954223633,41.04499816894531,40.70000076293945,40.869998931884766,8171900
2025-11-07,40.82383728027344,41.27000045776367,41.290000915527344,40.79999923706055,40.91999816894531,7674200
2025-11-10,40.79416275024414,41.2400016784668,41.404998779296875,40.95000076293945,41.189998626708984,6823600
2025-11-11,41.24919128417969,41.70000076293945,41.71500015258789,41.310001373291016,41.31999969482422,5743700
2025-11-12,40.92275619506836,41.369998931884766,41.64500045776367,41.3650016784668,41.47999954223633,5801500
2025-11-13,40.38859558105469,40.83000183105469,41.31999969482422,40.775001525878906,41.18000030517578,8032500
2025-11-14,40.50729751586914,40.95000076293945,41.029998779296875,40.709999084472656,41.0099983215332,6434600
2025-11-17,40.24021911621094,40.68000030517578,41.11000061035156,40.560001373291016,41.099998474121094,5861900
2025-11-18,40.38859558105469,40.83000183105469,40.95500183105469,40.540000915527344,40.720001220703125,6634200
2025-11-19,40.072052001953125,40.5099983215332,40.849998474121094,40.380001068115234,40.849998474121094,7201800
2025-11-20,39.93356704711914,40.369998931884766,40.97999954223633,40.35499954223633,40.83000183105469,7477000
2025-11-21,40.45783996582031,40.900001525878906,41.08000183105469,40.439998626708984,40.650001525878906,7858600
2025-11-24,40.517189025878906,40.959999084472656,41.03499984741211,40.630001068115234,40.939998626708984,6796900
2025-11-25,40.843624114990234,41.290000915527344,41.459999084472656,41.040000915527344,41.06999969482422,5898100
2025-11-26,41.02167892456055,41.470001220703125,41.685001373291016,41.15999984741211,41.16999816894531,6814100
2025-11-28,41.219512939453125,41.66999816894531,41.78499984741211,41.41999816894531,41.47999954223633,3771900
2025-12-01,40.64578628540039,41.09000015258789,41.38999938964844,41.07500076293945,41.22999954223633,6008700
2025-12-02,40.54686737060547,40.9900016784668,41.25,40.834999084472656,41.2400016784668,5411600
2025-12-03,40.625999450683594,41.06999969482422,41.16999816894531,40.86399841308594,40.939998626708984,4501400
2025-12-04,40.556758880615234,41.0,41.290000915527344,40.939998626708984,40.9900016784668,7427000
2025-12-05,40.54686737060547,40.9900016784668,41.19499969482422,40.8849983215332,40.9900016784668,4553300
2025-12-08,40.29956817626953,40.7400016784668,41.005001068115234,40.709999084472656,40.970001220703125,6046300
2025-12-09,40.062164306640625,40.5,41.084999084472656,40.470001220703125,40.84000015258789,6325000
2025-12-10,40.141300201416016,40.58000183105469,40.87799835205078,40.534000396728516,40.61000061035156,7956300
2025-12-11,40.358917236328125,40.79999923706055,40.92499923706055,40.619998931884766,40.66999816894531,10300400
2025-12-12,40.3094596862793,40.75,41.119998931884766,40.60499954223633,40.970001220703125,7441900
2025-12-15,40.46773147583008,40.90999984741211,40.98500061035156,40.6150016784668,40.97999954223633,7820400
2025-12-16,40.11162185668945,40.54999923706055,41.02000045776367,40.500999450683594,40.95000076293945,7722200
2025-12-17,40.289676666259766,40.72999954223633,40.869998931884766,40.540000915527344,40.55500030517578,8811800
2025-12-18,40.04237747192383,40.47999954223633,40.9900016784668,40.43000030517578,40.880001068115234,9482100
2025-12-19,39.89400100708008,40.33000183105469,40.61600112915039,40.314998626708984,40.369998931884766,8338000
2025-12-22,40.189998626708984,40.189998626708984,40.2400016784668,39.724998474121094,39.849998474121094,6797800
2025-12-23,40.18000030517578,40.18000030517578,40.22999954223633,39.994998931884766,40.22999954223633,8384200
2025-12-24,40.439998626708984,40.439998626708984,40.5099983215332,40.20000076293945,40.20000076293945,3242600
2025-12-26,40.52000045776367,40.52000045776367,40.540000915527344,40.308998107910156,40.349998474121094,5973000
2025-12-29,40.630001068115234,40.630001068115234,40.7400016784668,40.52000045776367,40.689998626708984,9519300
2025-12-30,40.720001220703125,40.720001220703125,40.7400016784668,40.560001373291016,40.630001068115234,7967100
