Price,Adj Close,Close,High,Low,Open,Volume
Ticker,XLU,XLU,XLU,XLU,XLU,XLU
Date,,,,,,
2015-01-02,16.626705169677734,23.719999313354492,23.834999084472656,23.454999923706055,23.834999084472656,33829400
2015-01-05,16.423431396484375,23.43000030517578,23.799999237060547,23.325000762939453,23.799999237060547,47823600
2015-01-06,16.43394660949707,23.44499969482422,23.860000610351562,23.43000030517578,23.440000534057617,38787400
2015-01-07,16.59516716003418,23.674999237060547,23.774999618530273,23.399999618530273,23.59000015258789,28644600
2015-01-08,16.7108211517334,23.84000015258789,23.93000030517578,23.7549991607666,23.815000534057617,28055400
2015-01-09,16.605684280395508,23.690000534057617,23.905000686645508,23.565000534057617,23.844999313354492,17845400
2015-01-12,16.567123413085938,23.635000228881836,23.795000076293945,23.479999542236328,23.71500015258789,21750000
2015-01-13,16.612688064575195,23.700000762939453,24.06999969482422,23.579999923706055,23.760000228881836,31959000
2015-01-14,16.75638771057129,23.905000686645508,23.940000534057617,23.545000076293945,23.700000762939453,30926000
2015-01-15,16.88956642150879,24.094999313354492,24.15999984741211,23.875,23.94499969482422,29080400
2015-01-16,17.040273666381836,24.309999465942383,24.31999969482422,24.020000457763672,24.09000015258789,25977400
2015-01-20,17.082332611083984,24.3700008392334,24.454999923706055,24.135000228881836,24.3799991607666,22477600
2015-01-21,17.247051239013672,24.604999542236328,24.639999389648438,24.139999389648438,24.344999313354492,27644400
2015-01-22,17.17345428466797,24.5,24.739999771118164,24.325000762939453,24.670000076293945,35062200
2015-01-23,17.22252082824707,24.56999969482422,24.690000534057617,24.489999771118164,24.579999923706055,14190600
2015-01-26,17.212005615234375,24.55500030517578,24.575000762939453,24.329999923706055,24.549999237060547,16258200
2015-01-27,17.236543655395508,24.59000015258789,24.719999313354492,24.44499969482422,24.4950008392334,17492000
2015-01-28,17.089336395263672,24.3799991607666,24.889999389648438,24.315000534057617,24.604999542236328,27390600
2015-01-29,17.31715202331543,24.704999923706055,24.75,24.239999771118164,24.31999969482422,24089600
2015-01-30,16.935131072998047,24.15999984741211,24.674999237060547,24.1299991607666,24.674999237060547,29831800
2015-02-02,17.008731842041016,24.264999389648438,24.354999542236328,23.905000686645508,24.155000686645508,44798600
2015-02-03,17.07181739807129,24.354999542236328,24.440000534057617,24.110000610351562,24.219999313354492,32319000
2015-02-04,16.86503028869629,24.059999465942383,24.399999618530273,24.0,24.28499984741211,27718000
2015-02-05,17.019248962402344,24.280000686645508,24.329999923706055,23.989999771118164,24.1299991607666,26330600
2015-02-06,16.31828498840332,23.280000686645508,24.174999237060547,23.135000228881836,24.125,64368400
2015-02-09,16.174592971801758,23.075000762939453,23.395000457763672,22.96500015258789,23.229999542236328,39484400
2015-02-10,16.50754165649414,23.549999237060547,23.584999084472656,23.024999618530273,23.05500030517578,41782200
2015-02-11,16.15005111694336,23.040000915527344,23.454999923706055,22.985000610351562,23.454999923706055,39086200
2015-02-12,16.076461791992188,22.934999465942383,23.104999542236328,22.854999542236328,23.084999084472656,41164000
2015-02-13,15.831119537353516,22.584999084472656,22.920000076293945,22.405000686645508,22.885000228881836,65308600
2015-02-17,15.817095756530762,22.565000534057617,22.799999237060547,22.364999771118164,22.514999389648438,52747400
2015-02-18,16.192113876342773,23.100000381469727,23.1299991607666,22.510000228881836,22.549999237060547,64208000
2015-02-19,16.009870529174805,22.84000015258789,23.114999771118164,22.760000228881836,23.049999237060547,28572800
2015-02-20,16.013368606567383,22.844999313354492,22.920000076293945,22.549999237060547,22.920000076293945,27740200
2015-02-23,16.122020721435547,23.0,23.014999389648438,22.81999969482422,22.885000228881836,17977000
2015-02-24,16.241180419921875,23.170000076293945,23.295000076293945,22.93000030517578,23.030000686645508,28665000
2015-02-25,15.974821090698242,22.790000915527344,23.170000076293945,22.764999389648438,23.149999618530273,23783800
2015-02-26,15.869670867919922,22.639999389648438,22.899999618530273,22.59000015258789,22.899999618530273,28517800
2015-02-27,15.852155685424805,22.614999771118164,22.69499969482422,22.510000228881836,22.635000228881836,24968800
2015-03-02,15.547235488891602,22.18000030517578,22.600000381469727,22.024999618530273,22.600000381469727,55060000
2015-03-03,15.641863822937012,22.315000534057617,22.34000015258789,22.030000686645508,22.165000915527344,37113600
2015-03-04,15.554244995117188,22.190000534057617,22.264999389648438,22.114999771118164,22.264999389648438,24124000
2015-03-05,15.67691421508789,22.364999771118164,22.46500015258789,22.2450008392334,22.2450008392334,23115800
2015-03-06,15.207269668579102,21.69499969482422,22.059999465942383,21.610000610351562,22.0049991607666,53594000
2015-03-09,15.235306739807129,21.735000610351562,21.844999313354492,21.690000534057617,21.75,26060200
2015-03-10,15.207269668579102,21.69499969482422,21.954999923706055,21.635000228881836,21.674999237060547,27244000
2015-03-11,15.10912799835205,21.55500030517578,21.81999969482422,21.5049991607666,21.6200008392334,19976400
2015-03-12,15.396529197692871,21.96500015258789,22.05500030517578,21.670000076293945,21.700000762939453,34158000
2015-03-13,15.238815307617188,21.739999771118164,21.934999465942383,21.540000915527344,21.934999465942383,27968200
2015-03-16,15.501669883728027,22.114999771118164,22.274999618530273,21.864999771118164,21.899999618530273,25615800
2015-03-17,15.477144241333008,22.079999923706055,22.209999084472656,22.0049991607666,22.05500030517578,18376800
2015-03-18,15.894207000732422,22.674999237060547,22.815000534057617,22.010000228881836,22.075000762939453,47453000
2015-03-19,15.747005462646484,22.46500015258789,22.825000762939453,22.405000686645508,22.549999237060547,26323000
2015-03-20,15.888651847839355,22.489999771118164,22.55500030517578,22.2549991607666,22.469999313354492,27758400
2015-03-23,15.89925479888916,22.5049991607666,22.610000610351562,22.424999237060547,22.475000381469727,20520400
2015-03-24,15.722634315490723,22.2549991607666,22.610000610351562,22.200000762939453,22.4950008392334,21258600
2015-03-25,15.538948059082031,21.9950008392334,22.405000686645508,21.975000381469727,22.30500030517578,28315800
2015-03-26,15.408247947692871,21.809999465942383,22.084999084472656,21.7450008392334,21.940000534057617,25400200
2015-03-27,15.500093460083008,21.940000534057617,22.06999969482422,21.78499984741211,21.850000381469727,13556800
2015-03-30,15.69084358215332,22.209999084472656,22.295000076293945,21.934999465942383,22.059999465942383,16955000
2015-03-31,15.69437313079834,22.21500015258789,22.420000076293945,22.049999237060547,22.145000457763672,20419400
2015-04-01,15.708507537841797,22.235000610351562,22.295000076293945,21.885000228881836,22.149999618530273,34579400
2015-04-02,15.736761093139648,22.274999618530273,22.375,22.174999237060547,22.200000762939453,22537200
2015-04-06,15.955768585205078,22.584999084472656,22.719999313354492,22.344999313354492,22.3700008392334,24990200
2015-04-07,15.772087097167969,22.325000762939453,22.59000015258789,22.309999465942383,22.579999923706055,13840000
2015-04-08,15.726163864135742,22.260000228881836,22.354999542236328,22.145000457763672,22.325000762939453,17916000
2015-04-09,15.659049987792969,22.165000915527344,22.260000228881836,22.030000686645508,22.25,22818200
2015-04-10,15.775619506835938,22.329999923706055,22.420000076293945,22.145000457763672,22.2450008392334,18541400
2015-04-13,15.620187759399414,22.110000610351562,22.329999923706055,22.09000015258789,22.28499984741211,16952800
2015-04-14,15.697909355163574,22.219999313354492,22.295000076293945,22.100000381469727,22.165000915527344,22051200
2015-04-15,15.736761093139648,22.274999618530273,22.469999313354492,22.2450008392334,22.280000686645508,19362200
2015-04-16,15.634315490722656,22.1299991607666,22.225000381469727,21.94499969482422,22.200000762939453,27135800
2015-04-17,15.577804565429688,22.049999237060547,22.229999542236328,21.975000381469727,22.03499984741211,17001000
2015-04-20,15.810941696166992,22.3799991607666,22.55500030517578,22.125,22.139999389648438,18538800
2015-04-21,15.669650077819824,22.18000030517578,22.549999237060547,22.100000381469727,22.3799991607666,23398200
2015-04-22,15.701436996459961,22.225000381469727,22.28499984741211,22.084999084472656,22.2450008392334,17496600
2015-04-23,15.789746284484863,22.350000381469727,22.459999084472656,22.149999618530273,22.149999618530273,18436400
2015-04-24,15.948712348937988,22.575000762939453,22.729999542236328,22.295000076293945,22.350000381469727,29082400
2015-04-27,15.75796127319336,22.30500030517578,22.670000076293945,22.235000610351562,22.635000228881836,21013200
2015-04-28,15.870989799499512,22.46500015258789,22.469999313354492,22.1299991607666,22.209999084472656,19495600
2015-04-29,15.803874015808105,22.3700008392334,22.44499969482422,22.184999465942383,22.299999237060547,26662000
2015-04-30,15.620187759399414,22.110000610351562,22.325000762939453,21.940000534057617,22.31999969482422,35176400
2015-05-01,15.708507537841797,22.235000610351562,22.2450008392334,21.969999313354492,22.059999465942383,25014800
2015-05-04,15.82507038116455,22.399999618530273,22.56999969482422,22.204999923706055,22.239999771118164,26646200
2015-05-05,15.471832275390625,21.899999618530273,22.364999771118164,21.84000015258789,22.364999771118164,37242400
2015-05-06,15.387057304382324,21.780000686645508,22.0,21.565000534057617,21.895000457763672,33952200
2015-05-07,15.443571090698242,21.860000610351562,22.010000228881836,21.799999237060547,21.854999542236328,25374000
2015-05-08,15.553078651428223,22.014999389648438,22.260000228881836,21.924999237060547,22.139999389648438,28766400
2015-05-11,15.447108268737793,21.864999771118164,22.19499969482422,21.844999313354492,22.010000228881836,25278600
2015-05-12,15.429443359375,21.84000015258789,21.864999771118164,21.6200008392334,21.75,27070400
2015-05-13,15.27755069732666,21.625,21.985000610351562,21.549999237060547,21.915000915527344,27959200
2015-05-14,15.454170227050781,21.875,21.934999465942383,21.71500015258789,21.735000610351562,24485400
2015-05-15,15.655519485473633,22.15999984741211,22.204999923706055,21.899999618530273,21.934999465942383,35583400
2015-05-18,15.715570449829102,22.2450008392334,22.28499984741211,22.049999237060547,22.049999237060547,20487200
2015-05-19,15.750894546508789,22.295000076293945,22.350000381469727,22.06999969482422,22.145000457763672,25816000
2015-05-20,15.775619506835938,22.329999923706055,22.489999771118164,22.2450008392334,22.295000076293945,18137400
2015-05-21,15.768555641174316,22.31999969482422,22.40999984741211,22.21500015258789,22.385000228881836,16125200
2015-05-22,15.743826866149902,22.28499984741211,22.350000381469727,22.145000457763672,22.239999771118164,17847800
2015-05-26,15.644922256469727,22.145000457763672,22.274999618530273,22.0,22.25,21127800
2015-05-27,15.708507537841797,22.235000610351562,22.274999618530273,22.1200008392334,22.165000915527344,15275600
2015-05-28,15.743826866149902,22.28499984741211,22.34000015258789,22.145000457763672,22.225000381469727,19973800
2015-05-29,15.719106674194336,22.25,22.350000381469727,22.165000915527344,22.239999771118164,18321000
2015-06-01,15.740297317504883,22.280000686645508,22.415000915527344,22.209999084472656,22.309999465942383,17678200
2015-06-02,15.531885147094727,21.985000610351562,22.18000030517578,21.829999923706055,22.15999984741211,24302600
2015-06-03,15.30228042602539,21.65999984741211,21.989999771118164,21.540000915527344,21.899999618530273,46725000
2015-06-04,15.281086921691895,21.6299991607666,21.780000686645508,21.59000015258789,21.684999465942383,26601800
2015-06-05,15.090338706970215,21.360000610351562,21.450000762939453,21.274999618530273,21.350000381469727,31837600
2015-06-08,15.002023696899414,21.235000610351562,21.3799991607666,21.219999313354492,21.3799991607666,15835400
2015-06-09,14.966703414916992,21.184999465942383,21.315000534057617,21.184999465942383,21.200000762939453,20536800
2015-06-10,15.04088020324707,21.290000915527344,21.450000762939453,21.28499984741211,21.375,22182000
2015-06-11,15.16098403930664,21.459999084472656,21.5049991607666,21.3700008392334,21.46500015258789,17953800
2015-06-12,15.026750564575195,21.270000457763672,21.440000534057617,21.264999389648438,21.3700008392334,17258600
2015-06-15,15.002023696899414,21.235000610351562,21.334999084472656,21.145000457763672,21.209999084472656,20152200
2015-06-16,15.072677612304688,21.334999084472656,21.334999084472656,21.104999542236328,21.19499969482422,16073600
2015-06-17,15.199838638305664,21.514999389648438,21.549999237060547,21.280000686645508,21.344999313354492,36583800
2015-06-18,15.401185989379883,21.799999237060547,21.854999542236328,21.540000915527344,21.540000915527344,41434000
2015-06-19,15.252547264099121,21.395000457763672,21.65999984741211,21.385000228881836,21.645000457763672,26751000
2015-06-22,15.231151580810547,21.364999771118164,21.479999542236328,21.315000534057617,21.43000030517578,20547600
2015-06-23,15.02441692352295,21.075000762939453,21.329999923706055,21.045000076293945,21.28499984741211,32553800
2015-06-24,14.906785011291504,20.90999984741211,21.145000457763672,20.899999618530273,21.100000381469727,24459800
2015-06-25,14.806984901428223,20.770000457763672,20.975000381469727,20.764999389648438,20.924999237060547,23374600
2015-06-26,14.896097183227539,20.895000457763672,20.93000030517578,20.655000686645508,20.725000381469727,17541400
2015-06-29,14.81767749786377,20.78499984741211,21.1299991607666,20.770000457763672,20.860000610351562,32343000
2015-06-30,14.77846622467041,20.729999542236328,20.905000686645508,20.684999465942383,20.885000228881836,22217400
2015-07-01,14.867576599121094,20.854999542236328,20.860000610351562,20.700000762939453,20.7549991607666,22503600
2015-07-02,15.052932739257812,21.114999771118164,21.18000030517578,20.950000762939453,20.9950008392334,19150800
2015-07-06,15.113529205322266,21.200000762939453,21.2549991607666,21.010000228881836,21.084999084472656,27996400
2015-07-07,15.487805366516113,21.725000381469727,21.809999465942383,21.270000457763672,21.270000457763672,52236600
2015-07-08,15.405814170837402,21.610000610351562,21.78499984741211,21.56999969482422,21.649999618530273,30993600
2015-07-09,15.234724044799805,21.3700008392334,21.725000381469727,21.299999237060547,21.674999237060547,31152000
2015-07-10,15.316706657409668,21.485000610351562,21.639999389648438,21.309999465942383,21.3799991607666,24810200
2015-07-13,15.323834419250488,21.4950008392334,21.635000228881836,21.364999771118164,21.545000076293945,17169400
2015-07-14,15.302447319030762,21.46500015258789,21.614999771118164,21.399999618530273,21.469999313354492,13642400
2015-07-15,15.377307891845703,21.56999969482422,21.575000762939453,21.350000381469727,21.440000534057617,19801600
2015-07-16,15.605439186096191,21.889999389648438,21.924999237060547,21.540000915527344,21.56999969482422,25185400
2015-07-17,15.452155113220215,21.674999237060547,21.920000076293945,21.665000915527344,21.889999389648438,20984600
2015-07-20,15.373740196228027,21.565000534057617,21.684999465942383,21.454999923706055,21.584999084472656,19625000
2015-07-21,15.234724044799805,21.3700008392334,21.575000762939453,21.280000686645508,21.524999618530273,20569600
2015-07-22,15.302447319030762,21.46500015258789,21.575000762939453,21.350000381469727,21.405000686645508,16504400
2015-07-23,15.07431697845459,21.145000457763672,21.459999084472656,21.040000915527344,21.44499969482422,27894600
2015-07-24,15.088577270507812,21.165000915527344,21.239999771118164,21.09000015258789,21.155000686645508,17178200
2015-07-27,15.281063079833984,21.434999465942383,21.530000686645508,21.104999542236328,21.165000915527344,23905600
2015-07-28,15.352350234985352,21.53499984741211,21.55500030517578,21.354999542236328,21.434999465942383,17485200
2015-07-29,15.409382820129395,21.614999771118164,21.635000228881836,21.375,21.53499984741211,27001600
2015-07-30,15.523452758789062,21.774999618530273,21.844999313354492,21.5049991607666,21.594999313354492,22630800
2015-07-31,15.680289268493652,21.9950008392334,22.170000076293945,21.950000762939453,21.975000381469727,24108400
2015-08-03,15.762269020080566,22.110000610351562,22.235000610351562,22.0,22.024999618530273,26394600
2015-08-04,15.509193420410156,21.7549991607666,22.084999084472656,21.709999084472656,22.05500030517578,24067200
2015-08-05,15.548398971557617,21.809999465942383,21.96500015258789,21.7450008392334,21.84000015258789,22313200
2015-08-06,15.630378723144531,21.924999237060547,21.94499969482422,21.614999771118164,21.864999771118164,34290200
2015-08-07,15.822870254516602,22.19499969482422,22.290000915527344,21.790000915527344,21.905000686645508,42326600
2015-08-10,15.758711814880371,22.104999542236328,22.30500030517578,22.059999465942383,22.200000762939453,24179000
2015-08-11,15.83712387084961,22.21500015258789,22.385000228881836,22.049999237060547,22.190000534057617,30244600
2015-08-12,16.11872673034668,22.610000610351562,22.649999618530273,22.139999389648438,22.190000534057617,46919600
2015-08-13,16.122291564941406,22.614999771118164,22.68000030517578,22.350000381469727,22.520000457763672,21557800
2015-08-14,16.243478775024414,22.78499984741211,22.799999237060547,22.475000381469727,22.524999618530273,20668600
2015-08-17,16.321895599365234,22.895000457763672,22.9950008392334,22.7450008392334,22.860000610351562,18319400
2015-08-18,16.28269386291504,22.84000015258789,22.8799991607666,22.7450008392334,22.81999969482422,23482600
2015-08-19,16.35041618347168,22.934999465942383,23.0049991607666,22.665000915527344,22.78499984741211,18491200
2015-08-20,16.254173278808594,22.799999237060547,23.06999969482422,22.719999313354492,22.84000015258789,25552000
2015-08-21,16.05812644958496,22.524999618530273,22.825000762939453,22.510000228881836,22.725000381469727,37494800
2015-08-24,15.455724716186523,21.68000030517578,22.28499984741211,21.575000762939453,22.079999923706055,70201000
2015-08-25,14.981644630432129,21.014999389648438,22.09000015258789,20.9950008392334,21.950000762939453,57265400
2015-08-26,15.248980522155762,21.389999389648438,21.440000534057617,20.985000610351562,21.15999984741211,43739800
2015-08-27,15.427207946777344,21.639999389648438,21.649999618530273,21.344999313354492,21.510000228881836,34091000
2015-08-28,15.380871772766113,21.575000762939453,21.674999237060547,21.280000686645508,21.610000610351562,19361400
2015-08-31,15.134917259216309,21.229999542236328,21.545000076293945,21.05500030517578,21.545000076293945,24156800
2015-09-01,14.724996566772461,20.655000686645508,21.040000915527344,20.540000915527344,21.0,38812400
2015-09-02,14.735699653625488,20.670000076293945,20.864999771118164,20.4950008392334,20.799999237060547,18243400
2015-09-03,14.803415298461914,20.764999389648438,20.8700008392334,20.625,20.625,17170400
2015-09-04,14.600240707397461,20.479999542236328,20.645000457763672,20.399999618530273,20.600000381469727,26859200
2015-09-08,14.910355567932129,20.915000915527344,20.915000915527344,20.649999618530273,20.670000076293945,22413800
2015-09-09,14.724996566772461,20.655000686645508,21.024999618530273,20.614999771118164,20.96500015258789,23085000
2015-09-10,14.700048446655273,20.6200008392334,20.825000762939453,20.559999465942383,20.645000457763672,13532800
2015-09-11,14.81054973602295,20.774999618530273,20.78499984741211,20.5,20.594999313354492,14955800
2015-09-14,14.846189498901367,20.825000762939453,20.96500015258789,20.780000686645508,20.850000381469727,16745200
2015-09-15,14.924607276916504,20.934999465942383,20.985000610351562,20.719999313354492,20.850000381469727,13158200
2015-09-16,15.07431697845459,21.145000457763672,21.209999084472656,20.924999237060547,20.9950008392334,17239600
2015-09-17,15.281063079833984,21.434999465942383,21.709999084472656,21.084999084472656,21.084999084472656,45446200
2015-09-18,15.195063591003418,21.114999771118164,21.360000610351562,21.065000534057617,21.145000457763672,28717400
2015-09-21,15.25623607635498,21.200000762939453,21.309999465942383,21.100000381469727,21.100000381469727,17541800
2015-09-22,15.06552791595459,20.934999465942383,21.19499969482422,20.875,21.104999542236328,21944400
2015-09-23,15.105114936828613,20.989999771118164,21.040000915527344,20.864999771118164,20.940000534057617,10533000
2015-09-24,15.227446556091309,21.15999984741211,21.200000762939453,20.915000915527344,20.985000610351562,22652000
2015-09-25,15.37497615814209,21.364999771118164,21.575000762939453,21.100000381469727,21.200000762939453,19010000
2015-09-28,15.299413681030273,21.260000228881836,21.4950008392334,21.219999313354492,21.364999771118164,19014000
2015-09-29,15.303009986877441,21.264999389648438,21.389999389648438,21.18000030517578,21.299999237060547,17362800
2015-09-30,15.576471328735352,21.645000457763672,21.670000076293945,21.30500030517578,21.309999465942383,19276000
2015-10-01,15.392960548400879,21.389999389648438,21.725000381469727,21.229999542236328,21.69499969482422,31292000
2015-10-02,15.598063468933105,21.674999237060547,21.674999237060547,21.354999542236328,21.549999237060547,26396800
2015-10-05,15.799558639526367,21.954999923706055,21.989999771118164,21.655000686645508,21.735000610351562,24022400
2015-10-06,15.691615104675293,21.80500030517578,21.975000381469727,21.670000076293945,21.90999984741211,23043800
2015-10-07,15.637643814086914,21.729999542236328,21.875,21.69499969482422,21.829999923706055,19056800
2015-10-08,15.83194351196289,22.0,22.03499984741211,21.649999618530273,21.71500015258789,21060800
2015-10-09,15.756380081176758,21.895000457763672,22.014999389648438,21.825000762939453,21.9950008392334,26190200
2015-10-12,15.896712303161621,22.09000015258789,22.219999313354492,21.899999618530273,21.975000381469727,14986000
2015-10-13,15.860727310180664,22.040000915527344,22.165000915527344,21.9950008392334,22.06999969482422,19146800
2015-10-14,15.857128143310547,22.03499984741211,22.200000762939453,22.0049991607666,22.139999389648438,15691000
2015-10-15,16.091012954711914,22.360000610351562,22.399999618530273,22.014999389648438,22.1200008392334,16568200
2015-10-16,16.112598419189453,22.389999389648438,22.530000686645508,22.31999969482422,22.3799991607666,18817400
2015-10-19,16.12339210510254,22.405000686645508,22.415000915527344,22.18000030517578,22.3700008392334,20432400
2015-10-20,16.177366256713867,22.479999542236328,22.575000762939453,22.31999969482422,22.334999084472656,19526200
2015-10-21,16.14498519897461,22.434999465942383,22.665000915527344,22.420000076293945,22.545000076293945,16822000
2015-10-22,16.332082748413086,22.69499969482422,22.760000228881836,22.450000762939453,22.530000686645508,26220000
2015-10-23,16.044235229492188,22.295000076293945,22.684999465942383,22.280000686645508,22.674999237060547,25170400
2015-10-26,15.986660957336426,22.21500015258789,22.360000610351562,22.040000915527344,22.344999313354492,22227000
2015-10-27,15.929092407226562,22.135000228881836,22.2450008392334,22.065000534057617,22.19499969482422,16992400
2015-10-28,15.75997257232666,21.899999618530273,22.225000381469727,21.655000686645508,22.139999389648438,34842200
2015-10-29,15.670028686523438,21.774999618530273,21.860000610351562,21.485000610351562,21.790000915527344,32579600
2015-10-30,15.741988182067871,21.875,21.959999084472656,21.719999313354492,21.799999237060547,23263400
2015-11-02,15.75997257232666,21.899999618530273,21.94499969482422,21.729999542236328,21.860000610351562,34873600
2015-11-03,15.806756019592285,21.96500015258789,21.989999771118164,21.760000228881836,21.81999969482422,24866400
2015-11-04,15.889513969421387,22.079999923706055,22.149999618530273,21.940000534057617,21.940000534057617,21437800
2015-11-05,15.752784729003906,21.889999389648438,22.100000381469727,21.889999389648438,22.03499984741211,27525800
2015-11-06,15.202260971069336,21.125,21.584999084472656,20.94499969482422,21.53499984741211,64718000
2015-11-09,15.241843223571777,21.18000030517578,21.280000686645508,20.985000610351562,21.030000686645508,26666600
2015-11-10,15.378578186035156,21.3700008392334,21.434999465942383,21.149999618530273,21.190000534057617,17009200
2015-11-11,15.51170825958252,21.55500030517578,21.594999313354492,21.385000228881836,21.43000030517578,21946800
2015-11-12,15.36418342590332,21.350000381469727,21.704999923706055,21.334999084472656,21.5,17679200
2015-11-13,15.306610107421875,21.270000457763672,21.524999618530273,21.204999923706055,21.375,19032800
2015-11-16,15.565672874450684,21.6299991607666,21.635000228881836,21.235000610351562,21.309999465942383,18351200
2015-11-17,15.28502368927002,21.239999771118164,21.75,21.18000030517578,21.6200008392334,26988000
2015-11-18,15.382166862487793,21.375,21.420000076293945,21.065000534057617,21.2549991607666,30925000
2015-11-19,15.547689437866211,21.604999542236328,21.649999618530273,21.405000686645508,21.424999237060547,24729600
2015-11-20,15.612454414367676,21.69499969482422,21.850000381469727,21.600000381469727,21.639999389648438,25040000
2015-11-23,15.468528747558594,21.4950008392334,21.7450008392334,21.459999084472656,21.719999313354492,23794000
2015-11-24,15.446938514709473,21.46500015258789,21.4950008392334,21.295000076293945,21.399999618530273,17583400
2015-11-25,15.353384971618652,21.334999084472656,21.459999084472656,21.2549991607666,21.459999084472656,15356400
2015-11-27,15.382166862487793,21.375,21.475000381469727,21.344999313354492,21.395000457763672,7960600
2015-11-30,15.407355308532715,21.40999984741211,21.565000534057617,21.364999771118164,21.399999618530273,22746000
2015-12-01,15.529696464538574,21.579999923706055,21.625,21.375,21.459999084472656,25103000
2015-12-02,15.184270858764648,21.100000381469727,21.549999237060547,21.094999313354492,21.4950008392334,25132200
2015-12-03,15.069128036499023,20.940000534057617,21.06999969482422,20.8700008392334,21.065000534057617,29758400
2015-12-04,15.281424522399902,21.235000610351562,21.264999389648438,20.950000762939453,21.014999389648438,21923000
2015-12-07,15.349784851074219,21.329999923706055,21.34000015258789,21.084999084472656,21.184999465942383,27030200
2015-12-08,15.328200340270996,21.299999237060547,21.329999923706055,21.1299991607666,21.2450008392334,21275800
2015-12-09,15.331803321838379,21.30500030517578,21.530000686645508,21.135000228881836,21.204999923706055,21351600
2015-12-10,15.079924583435059,20.954999923706055,21.315000534057617,20.934999465942383,21.274999618530273,19367200
2015-12-11,15.036746978759766,20.895000457763672,21.065000534057617,20.75,20.905000686645508,28705400
2015-12-14,15.112303733825684,21.0,21.0049991607666,20.7549991607666,20.975000381469727,32809200
2015-12-15,15.231049537658691,21.165000915527344,21.295000076293945,21.020000457763672,21.030000686645508,20221800
2015-12-16,15.616055488586426,21.700000762939453,21.735000610351562,21.18000030517578,21.2450008392334,36601000
2015-12-17,15.648438453674316,21.7450008392334,21.864999771118164,21.579999923706055,21.739999771118164,26323400
2015-12-18,15.453943252563477,21.2549991607666,21.520000457763672,21.09000015258789,21.4950008392334,36814400
2015-12-21,15.443038940429688,21.239999771118164,21.389999389648438,21.1299991607666,21.30500030517578,18063000
2015-12-22,15.57391357421875,21.420000076293945,21.475000381469727,21.104999542236328,21.299999237060547,16251600
2015-12-23,15.813844680786133,21.75,21.799999237060547,21.424999237060547,21.454999923706055,17163400
2015-12-24,15.802937507629395,21.735000610351562,21.799999237060547,21.674999237060547,21.674999237060547,5431600
2015-12-28,15.83202075958252,21.774999618530273,21.80500030517578,21.604999542236328,21.604999542236328,10073000
2015-12-29,15.919273376464844,21.895000457763672,21.969999313354492,21.84000015258789,21.8799991607666,18447800
2015-12-30,15.904725074768066,21.875,21.969999313354492,21.829999923706055,21.90999984741211,15663000
2015-12-31,15.733866691589355,21.639999389648438,21.899999618530273,21.44499969482422,21.84000015258789,20863400
2016-01-04,15.701149940490723,21.594999313354492,21.600000381469727,21.334999084472656,21.514999389648438,29693400
2016-01-05,15.813844680786133,21.75,21.80500030517578,21.280000686645508,21.584999084472656,21896000
2016-01-06,15.784765243530273,21.709999084472656,21.799999237060547,21.53499984741211,21.6200008392334,25437600
2016-01-07,15.679335594177246,21.565000534057617,21.674999237060547,21.434999465942383,21.475000381469727,24547400
2016-01-08,15.672070503234863,21.55500030517578,21.729999542236328,21.514999389648438,21.579999923706055,23361600
2016-01-11,15.7556734085083,21.670000076293945,21.770000457763672,21.559999465942383,21.56999969482422,32779200
2016-01-12,15.69387149810791,21.584999084472656,21.75,21.415000915527344,21.684999465942383,28720200
2016-01-13,15.68660831451416,21.575000762939453,21.760000228881836,21.510000228881836,21.665000915527344,34957800
2016-01-14,15.922904968261719,21.899999618530273,22.024999618530273,21.5,21.56999969482422,46166000
2016-01-15,15.781129837036133,21.704999923706055,21.84000015258789,21.44499969482422,21.68000030517578,37878200
2016-01-19,16.017427444458008,22.030000686645508,22.09000015258789,21.735000610351562,21.81999969482422,35769200
2016-01-20,15.657524108886719,21.53499984741211,21.975000381469727,21.225000381469727,21.940000534057617,39800200
2016-01-21,15.642980575561523,21.514999389648438,21.68000030517578,21.325000762939453,21.600000381469727,28175800
2016-01-22,15.922904968261719,21.899999618530273,21.915000915527344,21.540000915527344,21.645000457763672,30121000
2016-01-25,15.788399696350098,21.71500015258789,21.94499969482422,21.635000228881836,21.889999389648438,27042800
2016-01-26,15.897459030151367,21.864999771118164,22.079999923706055,21.764999389648438,21.764999389648438,22919200
2016-01-27,15.933812141418457,21.915000915527344,22.075000762939453,21.729999542236328,21.825000762939453,27463800
2016-01-28,16.18828773498535,22.264999389648438,22.40999984741211,21.764999389648438,21.885000228881836,31127800
2016-01-29,16.511838912963867,22.709999084472656,22.729999542236328,22.40999984741211,22.40999984741211,35880800
2016-02-01,16.668155670166016,22.924999237060547,23.030000686645508,22.59000015258789,22.604999542236328,59221800
2016-02-02,16.740859985351562,23.024999618530273,23.049999237060547,22.729999542236328,22.84000015258789,31940200
2016-02-03,16.948078155517578,23.309999465942383,23.415000915527344,23.100000381469727,23.104999542236328,65904800
2016-02-04,16.875370025634766,23.209999084472656,23.415000915527344,23.149999618530273,23.290000915527344,55205200
2016-02-05,16.929903030395508,23.28499984741211,23.375,22.8700008392334,23.075000762939453,54772600
2016-02-08,16.871732711791992,23.204999923706055,23.5,22.989999771118164,23.235000610351562,58024800
2016-02-09,16.929903030395508,23.28499984741211,23.375,23.06999969482422,23.125,45241800
2016-02-10,16.91172218322754,23.260000228881836,23.385000228881836,22.860000610351562,23.229999542236328,51841200
2016-02-11,16.613622665405273,22.850000381469727,23.30500030517578,22.84000015258789,23.114999771118164,50780000
2016-02-12,16.562726974487305,22.780000686645508,22.96500015258789,22.594999313354492,22.834999084472656,42037400
2016-02-16,16.668155670166016,22.924999237060547,22.975000381469727,22.684999465942383,22.895000457763672,29277200
2016-02-17,16.635433197021484,22.8799991607666,23.0,22.729999542236328,23.0,38160600
2016-02-18,16.9080867767334,23.2549991607666,23.334999084472656,22.815000534057617,22.834999084472656,37768600
2016-02-19,16.795391082763672,23.100000381469727,23.219999313354492,22.950000762939453,23.155000686645508,34040200
2016-02-22,16.991703033447266,23.3700008392334,23.3700008392334,23.094999313354492,23.225000381469727,24873200
2016-02-23,17.006244659423828,23.389999389648438,23.44499969482422,23.190000534057617,23.295000076293945,23577600
2016-02-24,17.08622169494629,23.5,23.545000076293945,23.290000915527344,23.389999389648438,33501800
2016-02-25,17.260723114013672,23.739999771118164,23.739999771118164,23.5049991607666,23.575000762939453,24323800
2016-02-26,16.784488677978516,23.084999084472656,23.65999984741211,23.079999923706055,23.604999542236328,65907200
2016-02-29,16.831741333007812,23.149999618530273,23.3700008392334,23.030000686645508,23.049999237060547,40275600
2016-03-01,16.74812889099121,23.03499984741211,23.325000762939453,22.889999389648438,23.270000457763672,47283400
2016-03-02,16.83538055419922,23.155000686645508,23.165000915527344,22.540000915527344,22.975000381469727,60448400
2016-03-03,16.93717384338379,23.295000076293945,23.295000076293945,22.8799991607666,23.190000534057617,42548200
2016-03-04,17.126209259033203,23.55500030517578,23.6299991607666,23.09000015258789,23.145000457763672,44256800
2016-03-07,17.220733642578125,23.684999465942383,23.735000610351562,23.440000534057617,23.514999389648438,36985600
2016-03-08,17.39159393310547,23.920000076293945,23.940000534057617,23.604999542236328,23.729999542236328,32749600
2016-03-09,17.471574783325195,24.030000686645508,24.104999542236328,23.850000381469727,23.8700008392334,28513200
2016-03-10,17.48611068725586,24.049999237060547,24.1299991607666,23.81999969482422,24.020000457763672,38942800
2016-03-11,17.504289627075195,24.075000762939453,24.225000381469727,24.024999618530273,24.165000915527344,31390800
2016-03-14,17.526098251342773,24.104999542236328,24.149999618530273,23.969999313354492,24.06999969482422,23449600
2016-03-15,17.558822631835938,24.149999618530273,24.229999542236328,24.049999237060547,24.079999923706055,27474000
2016-03-16,17.827842712402344,24.520000457763672,24.520000457763672,23.899999618530273,24.059999465942383,55736400
2016-03-17,17.925992965698242,24.655000686645508,24.709999084472656,24.334999084472656,24.424999237060547,35069800
2016-03-18,17.81171226501465,24.315000534057617,24.545000076293945,24.30500030517578,24.469999313354492,33981400
2016-03-21,17.79340171813965,24.290000915527344,24.40999984741211,24.05500030517578,24.239999771118164,31486400
2016-03-22,17.73479652404785,24.209999084472656,24.389999389648438,24.18000030517578,24.260000228881836,22914800
2016-03-23,17.866653442382812,24.389999389648438,24.485000610351562,24.100000381469727,24.209999084472656,30479200
2016-03-24,17.914276123046875,24.454999923706055,24.489999771118164,24.309999465942383,24.3799991607666,30147000
2016-03-28,17.84834098815918,24.364999771118164,24.625,24.315000534057617,24.4950008392334,22489200
2016-03-29,18.112049102783203,24.725000381469727,24.7450008392334,24.344999313354492,24.440000534057617,35107200
2016-03-30,18.06810188293457,24.665000915527344,24.780000686645508,24.575000762939453,24.725000381469727,29033800
2016-03-31,18.1743221282959,24.809999465942383,24.834999084472656,24.610000610351562,24.700000762939453,29406800
2016-04-01,18.24391746520996,24.905000686645508,24.940000534057617,24.6299991607666,24.709999084472656,35745200
2016-04-04,18.1669979095459,24.799999237060547,24.940000534057617,24.674999237060547,24.90999984741211,30572200
2016-04-05,17.826364517211914,24.334999084472656,24.78499984741211,24.315000534057617,24.7450008392334,37316800
2016-04-06,17.804391860961914,24.30500030517578,24.34000015258789,24.155000686645508,24.299999237060547,40589000
2016-04-07,17.79706382751465,24.295000076293945,24.454999923706055,24.229999542236328,24.270000457763672,30560400
2016-04-08,17.892292022705078,24.424999237060547,24.584999084472656,24.344999313354492,24.3700008392334,32873800
2016-04-11,17.81537437438965,24.31999969482422,24.579999923706055,24.299999237060547,24.424999237060547,22250000
2016-04-12,17.939910888671875,24.489999771118164,24.520000457763672,24.28499984741211,24.325000762939453,26854400
2016-04-13,17.830034255981445,24.34000015258789,24.559999465942383,24.209999084472656,24.559999465942383,26641000
2016-04-14,17.80805206298828,24.309999465942383,24.395000457763672,24.229999542236328,24.280000686645508,24181600
2016-04-15,17.90694236755371,24.44499969482422,24.5,24.274999618530273,24.360000610351562,21925800
2016-04-18,17.976537704467773,24.540000915527344,24.540000915527344,24.264999389648438,24.43000030517578,18248000
2016-04-19,18.00583839416504,24.579999923706055,24.614999771118164,24.420000076293945,24.565000534057617,20990800
2016-04-20,17.55532455444336,23.96500015258789,24.6299991607666,23.950000762939453,24.600000381469727,52137400
2016-04-21,17.18905258178711,23.46500015258789,23.940000534057617,23.364999771118164,23.875,64131400
2016-04-22,17.34288787841797,23.674999237060547,23.704999923706055,23.514999389648438,23.530000686645508,24618000
2016-04-25,17.375856399536133,23.719999313354492,23.725000381469727,23.559999465942383,23.575000762939453,25485800
2016-04-26,17.4014949798584,23.7549991607666,23.854999542236328,23.690000534057617,23.735000610351562,26043000
2016-04-27,17.654220581054688,24.100000381469727,24.239999771118164,23.75,23.825000762939453,49118400
2016-04-28,17.628578186035156,24.065000534057617,24.125,23.75,23.889999389648438,40316000
2016-04-29,17.73479652404785,24.209999084472656,24.235000610351562,23.78499984741211,23.96500015258789,40354400
2016-05-02,17.87764549255371,24.405000686645508,24.524999618530273,24.19499969482422,24.225000381469727,32733200
2016-05-03,17.862993240356445,24.385000228881836,24.514999389648438,24.25,24.385000228881836,31493400
2016-05-04,18.07176399230957,24.670000076293945,24.825000762939453,24.31999969482422,24.395000457763672,35207800
2016-05-05,18.002172470092773,24.575000762939453,24.875,24.485000610351562,24.600000381469727,31653000
2016-05-06,17.884971618652344,24.415000915527344,24.540000915527344,24.19499969482422,24.454999923706055,40107200
2016-05-09,17.98752784729004,24.55500030517578,24.59000015258789,24.3799991607666,24.43000030517578,22463600
2016-05-10,18.00583839416504,24.579999923706055,24.670000076293945,24.489999771118164,24.579999923706055,26515800
2016-05-11,18.07176399230957,24.670000076293945,24.690000534057617,24.450000762939453,24.584999084472656,24347800
2016-05-12,18.1779842376709,24.815000534057617,24.854999542236328,24.540000915527344,24.6299991607666,35455400
2016-05-13,18.090078353881836,24.69499969482422,24.80500030517578,24.575000762939453,24.75,25253200
2016-05-16,18.112049102783203,24.725000381469727,24.729999542236328,24.520000457763672,24.610000610351562,22174200
2016-05-17,17.804391860961914,24.30500030517578,24.704999923706055,24.174999237060547,24.645000457763672,35066000
2016-05-18,17.471086502075195,23.850000381469727,24.354999542236328,23.770000457763672,24.165000915527344,54513000
2016-05-19,17.646894454956055,24.09000015258789,24.094999313354492,23.625,23.760000228881836,39165600
2016-05-20,17.687183380126953,24.145000457763672,24.174999237060547,23.959999084472656,24.145000457763672,30371400
2016-05-23,17.529685974121094,23.93000030517578,24.200000762939453,23.899999618530273,24.139999389648438,25380400
2016-05-24,17.705501556396484,24.170000076293945,24.200000762939453,23.934999465942383,23.969999313354492,26766600
2016-05-25,17.654220581054688,24.100000381469727,24.174999237060547,23.93000030517578,24.040000915527344,28699800
2016-05-26,17.85567283630371,24.375,24.405000686645508,24.06999969482422,24.06999969482422,26309000
2016-05-27,17.884971618652344,24.415000915527344,24.459999084472656,24.290000915527344,24.3700008392334,30211000
2016-05-31,18.002172470092773,24.575000762939453,24.594999313354492,24.3700008392334,24.375,31172400
2016-06-01,18.049789428710938,24.639999389648438,24.670000076293945,24.520000457763672,24.56999969482422,22566200
2016-06-02,18.05711555480957,24.649999618530273,24.649999618530273,24.405000686645508,24.6200008392334,15407400
2016-06-03,18.34280776977539,25.040000915527344,25.174999237060547,24.854999542236328,24.975000381469727,37437800
2016-06-06,18.317169189453125,25.0049991607666,25.135000228881836,24.899999618530273,25.049999237060547,21685600
2016-06-07,18.302518844604492,24.985000610351562,25.155000686645508,24.934999465942383,25.024999618530273,15808000
2016-06-08,18.412397384643555,25.135000228881836,25.155000686645508,24.94499969482422,24.979999542236328,13530200
2016-06-09,18.569894790649414,25.350000381469727,25.395000457763672,25.114999771118164,25.149999618530273,19405000
2016-06-10,18.522281646728516,25.28499984741211,25.454999923706055,25.184999465942383,25.325000762939453,25822600
2016-06-13,18.50029945373535,25.2549991607666,25.420000076293945,25.235000610351562,25.325000762939453,26143400
2016-06-14,18.599197387695312,25.389999389648438,25.405000686645508,25.1299991607666,25.264999389648438,23212800
2016-06-15,18.48198699951172,25.229999542236328,25.43000030517578,25.139999389648438,25.3799991607666,21782600
2016-06-16,18.599197387695312,25.389999389648438,25.44499969482422,25.18000030517578,25.200000762939453,20054200
2016-06-17,18.666406631469727,25.274999618530273,25.280000686645508,25.020000457763672,25.15999984741211,38422600
2016-06-20,18.59623908996582,25.18000030517578,25.309999465942383,24.989999771118164,25.235000610351562,31875800
2016-06-21,18.62209701538086,25.21500015258789,25.334999084472656,25.03499984741211,25.19499969482422,17338200
2016-06-22,18.533464431762695,25.094999313354492,25.2549991607666,25.06999969482422,25.21500015258789,15960600
2016-06-23,18.585161209106445,25.165000915527344,25.174999237060547,24.9950008392334,25.049999237060547,16850400
2016-06-24,18.614704132080078,25.204999923706055,25.43000030517578,24.895000457763672,25.110000610351562,48382000
2016-06-27,18.843643188476562,25.514999389648438,25.584999084472656,25.139999389648438,25.174999237060547,33574600
2016-06-28,18.913808822631836,25.610000610351562,25.625,25.315000534057617,25.524999618530273,26414600
2016-06-29,18.96551513671875,25.68000030517578,25.799999237060547,25.59000015258789,25.729999542236328,28026800
2016-06-30,19.375394821166992,26.235000610351562,26.264999389648438,25.68000030517578,25.795000076293945,34744800
2016-07-01,19.379085540771484,26.239999771118164,26.3799991607666,25.969999313354492,26.3799991607666,34961600
2016-07-05,19.523099899291992,26.434999465942383,26.475000381469727,26.239999771118164,26.31999969482422,25106800
2016-07-06,19.563718795776367,26.489999771118164,26.510000228881836,26.25,26.405000686645508,30205400
2016-07-07,19.20184326171875,26.0,26.415000915527344,25.950000762939453,26.399999618530273,45437200
2016-07-08,19.401247024536133,26.270000457763672,26.28499984741211,25.719999313354492,25.774999618530273,32184800
2016-07-11,19.386472702026367,26.25,26.270000457763672,25.94499969482422,26.190000534057617,29012000
2016-07-12,19.12059783935547,25.889999389648438,26.18000030517578,25.875,26.075000762939453,36004600
2016-07-13,19.272001266479492,26.094999313354492,26.094999313354492,25.940000534057617,26.0,29209400
2016-07-14,19.146446228027344,25.924999237060547,26.045000076293945,25.80500030517578,25.834999084472656,34722600
2016-07-15,19.20184326171875,26.0,26.065000534057617,25.875,25.895000457763672,25903400
2016-07-18,19.257230758666992,26.075000762939453,26.155000686645508,26.024999618530273,26.030000686645508,22336200
2016-07-19,19.2239990234375,26.030000686645508,26.104999542236328,25.90999984741211,26.049999237060547,21364000
2016-07-20,19.11321449279785,25.8799991607666,26.05500030517578,25.84000015258789,25.9950008392334,23199200
2016-07-21,19.227689743041992,26.03499984741211,26.05500030517578,25.735000610351562,25.764999389648438,26518400
2016-07-22,19.482484817504883,26.3799991607666,26.405000686645508,25.94499969482422,25.969999313354492,26441400
2016-07-25,19.44924545288086,26.334999084472656,26.3700008392334,26.174999237060547,26.344999313354492,14310600
2016-07-26,19.27938461303711,26.104999542236328,26.364999771118164,26.030000686645508,26.344999313354492,25018200
2016-07-27,19.057825088500977,25.80500030517578,26.075000762939453,25.579999923706055,26.045000076293945,45119600
2016-07-28,19.13167953491211,25.905000686645508,25.950000762939453,25.729999542236328,25.790000915527344,18231600
2016-07-29,19.246152877807617,26.059999465942383,26.145000457763672,25.864999771118164,25.90999984741211,30949400
2016-08-01,19.257230758666992,26.075000762939453,26.135000228881836,25.979999542236328,25.9950008392334,23317000
2016-08-02,19.13167953491211,25.905000686645508,26.0049991607666,25.78499984741211,25.940000534057617,27411000
2016-08-03,19.017208099365234,25.75,25.950000762939453,25.670000076293945,25.905000686645508,22810600
2016-08-04,19.006132125854492,25.735000610351562,25.93000030517578,25.665000915527344,25.780000686645508,24544000
2016-08-05,18.732872009277344,25.364999771118164,25.645000457763672,25.350000381469727,25.59000015258789,53904200
2016-08-08,18.72549057006836,25.354999542236328,25.584999084472656,25.290000915527344,25.354999542236328,27053400
2016-08-09,18.721792221069336,25.350000381469727,25.485000610351562,25.28499984741211,25.389999389648438,20188400
2016-08-10,18.72549057006836,25.354999542236328,25.469999313354492,25.290000915527344,25.40999984741211,16981600
2016-08-11,18.769794464111328,25.415000915527344,25.43000030517578,25.274999618530273,25.350000381469727,18963000
2016-08-12,18.79564666748047,25.450000762939453,25.635000228881836,25.44499969482422,25.5049991607666,24322800
2016-08-15,18.507614135742188,25.059999465942383,25.540000915527344,25.059999465942383,25.450000762939453,25268800
2016-08-16,18.289751052856445,24.764999389648438,25.014999389648438,24.764999389648438,25.0,40363200
2016-08-17,18.563005447387695,25.135000228881836,25.184999465942383,24.545000076293945,24.735000610351562,56913200
2016-08-18,18.791955947875977,25.44499969482422,25.44499969482422,25.084999084472656,25.1299991607666,27889000
2016-08-19,18.563005447387695,25.135000228881836,25.375,25.0,25.270000457763672,29396000
2016-08-22,18.61101531982422,25.200000762939453,25.309999465942383,25.125,25.174999237060547,18203600
2016-08-23,18.529775619506836,25.09000015258789,25.360000610351562,25.075000762939453,25.239999771118164,19157400
2016-08-24,18.522388458251953,25.079999923706055,25.1200008392334,24.885000228881836,25.049999237060547,16096600
2016-08-25,18.533464431762695,25.094999313354492,25.18000030517578,25.049999237060547,25.05500030517578,14445600
2016-08-26,18.149429321289062,24.575000762939453,25.280000686645508,24.55500030517578,25.110000610351562,41822000
2016-08-29,18.297138214111328,24.774999618530273,24.834999084472656,24.625,24.649999618530273,26031400
2016-08-30,18.105113983154297,24.514999389648438,24.875,24.485000610351562,24.7549991607666,24523000
2016-08-31,18.178972244262695,24.614999771118164,24.625,24.434999465942383,24.489999771118164,23004200
2016-09-01,18.086650848388672,24.489999771118164,24.635000228881836,24.459999084472656,24.549999237060547,31964000
2016-09-02,18.32668113708496,24.815000534057617,24.84000015258789,24.530000686645508,24.579999923706055,32542000
2016-09-06,18.526084899902344,25.084999084472656,25.114999771118164,24.875,24.94499969482422,30518200
2016-09-07,18.529775619506836,25.09000015258789,25.145000457763672,24.94499969482422,25.100000381469727,22981400
2016-09-08,18.592548370361328,25.174999237060547,25.204999923706055,24.920000076293945,24.920000076293945,25683200
2016-09-09,17.894638061523438,24.229999542236328,24.954999923706055,24.219999313354492,24.924999237060547,51518200
2016-09-12,18.212207794189453,24.65999984741211,24.709999084472656,24.190000534057617,24.190000534057617,51064600
2016-09-13,17.961105346679688,24.31999969482422,24.610000610351562,24.209999084472656,24.579999923706055,44593800
2016-09-14,18.031267166137695,24.415000915527344,24.610000610351562,24.30500030517578,24.40999984741211,30459600
2016-09-15,18.16789436340332,24.600000381469727,24.645000457763672,24.329999923706055,24.389999389648438,50523600
2016-09-16,18.34516716003418,24.6299991607666,24.665000915527344,24.2450008392334,24.424999237060547,43448400
2016-09-19,18.52764320373535,24.875,24.885000228881836,24.649999618530273,24.709999084472656,25061600
2016-09-20,18.494129180908203,24.829999923706055,25.014999389648438,24.815000534057617,24.975000381469727,25715800
2016-09-21,18.870271682739258,25.334999084472656,25.354999542236328,24.825000762939453,24.875,38810200
2016-09-22,18.985715866088867,25.489999771118164,25.545000076293945,25.30500030517578,25.540000915527344,24070600
2016-09-23,18.970815658569336,25.469999313354492,25.540000915527344,25.295000076293945,25.415000915527344,22006800
2016-09-26,18.92240333557129,25.405000686645508,25.510000228881836,25.31999969482422,25.469999313354492,16105600
2016-09-27,18.676610946655273,25.075000762939453,25.614999771118164,25.049999237060547,25.489999771118164,35879200
2016-09-28,18.65054702758789,25.040000915527344,25.170000076293945,24.825000762939453,25.09000015258789,33238400
2016-09-29,18.371232986450195,24.665000915527344,24.9950008392334,24.540000915527344,24.985000610351562,38494600
2016-09-30,18.244613647460938,24.4950008392334,24.864999771118164,24.3700008392334,24.684999465942383,29672600
2016-10-03,17.987646102905273,24.149999618530273,24.5049991607666,24.0049991607666,24.5049991607666,38985400
2016-10-04,17.611507415771484,23.645000457763672,24.155000686645508,23.5,24.135000228881836,51383600
2016-10-05,17.574260711669922,23.594999313354492,23.885000228881836,23.5049991607666,23.700000762939453,56343800
2016-10-06,17.570541381835938,23.59000015258789,23.709999084472656,23.395000457763672,23.514999389648438,40391400
2016-10-07,17.548194885253906,23.559999465942383,23.979999542236328,23.549999237060547,23.7549991607666,34431600
2016-10-10,17.693437576293945,23.7549991607666,23.774999618530273,23.575000762939453,23.575000762939453,19549600
2016-10-11,17.492334365844727,23.485000610351562,23.739999771118164,23.44499969482422,23.739999771118164,28694000
2016-10-12,17.66364288330078,23.71500015258789,23.760000228881836,23.459999084472656,23.5,30854600
2016-10-13,17.88336753845215,24.010000228881836,24.165000915527344,23.704999923706055,23.7549991607666,61084200
2016-10-14,17.78281021118164,23.875,24.114999771118164,23.84000015258789,23.885000228881836,35896600
2016-10-17,17.879642486572266,24.0049991607666,24.065000534057617,23.920000076293945,23.950000762939453,22879800
2016-10-18,18.032337188720703,24.209999084472656,24.260000228881836,23.899999618530273,24.110000610351562,29522200
2016-10-19,17.991365432739258,24.155000686645508,24.229999542236328,24.045000076293945,24.19499969482422,17005000
2016-10-20,17.98019790649414,24.139999389648438,24.329999923706055,24.094999313354492,24.200000762939453,17861600
2016-10-21,17.875919342041016,24.0,24.125,23.895000457763672,24.03499984741211,36307200
2016-10-24,17.942955017089844,24.09000015258789,24.18000030517578,23.94499969482422,24.104999542236328,21489400
2016-10-25,18.054677963256836,24.239999771118164,24.239999771118164,24.030000686645508,24.059999465942383,19772600
2016-10-26,18.099363327026367,24.299999237060547,24.329999923706055,24.05500030517578,24.174999237060547,21702000
2016-10-27,17.991365432739258,24.155000686645508,24.2549991607666,23.985000610351562,24.15999984741211,31109800
2016-10-28,18.047231674194336,24.229999542236328,24.344999313354492,24.100000381469727,24.139999389648438,32927800
2016-10-31,18.408470153808594,24.71500015258789,24.860000610351562,24.225000381469727,24.290000915527344,45431600
2016-11-01,18.073299407958984,24.264999389648438,24.69499969482422,24.200000762939453,24.645000457763672,48308800
2016-11-02,17.84612464904785,23.959999084472656,24.21500015258789,23.760000228881836,24.149999618530273,52983400
2016-11-03,17.913166046142578,24.049999237060547,24.145000457763672,23.815000534057617,23.899999618530273,23641000
2016-11-04,17.857303619384766,23.975000381469727,24.375,23.959999084472656,24.145000457763672,29114400
2016-11-07,18.17013168334961,24.395000457763672,24.399999618530273,23.844999313354492,24.075000762939453,35456200
2016-11-08,18.311643600463867,24.584999084472656,24.68000030517578,24.385000228881836,24.424999237060547,37695800
2016-11-09,17.637577056884766,23.68000030517578,24.174999237060547,23.639999389648438,24.155000686645508,85620400
2016-11-10,17.213022232055664,23.110000610351562,23.579999923706055,22.80500030517578,23.55500030517578,106246800
2016-11-11,17.142261505126953,23.014999389648438,23.329999923706055,22.924999237060547,23.059999465942383,61903000
2016-11-14,17.13109016418457,23.0,23.049999237060547,22.665000915527344,22.84000015258789,56381600
2016-11-15,17.40667724609375,23.3700008392334,23.424999237060547,23.1200008392334,23.1299991607666,50383600
2016-11-16,17.287506103515625,23.209999084472656,23.485000610351562,23.059999465942383,23.424999237060547,33634800
2016-11-17,17.291231155395508,23.21500015258789,23.34000015258789,23.100000381469727,23.100000381469727,38399600
2016-11-18,17.239086151123047,23.145000457763672,23.329999923706055,23.045000076293945,23.280000686645508,21397000
2016-11-21,17.42157554626465,23.389999389648438,23.395000457763672,23.174999237060547,23.209999084472656,24596600
2016-11-22,17.488605499267578,23.479999542236328,23.514999389648438,23.280000686645508,23.399999618530273,21286000
2016-11-23,17.313573837280273,23.2450008392334,23.459999084472656,23.149999618530273,23.149999618530273,28306800
2016-11-25,17.563091278076172,23.579999923706055,23.65999984741211,23.280000686645508,23.280000686645508,15732400
2016-11-28,17.901987075805664,24.03499984741211,24.09000015258789,23.645000457763672,23.649999618530273,46863400
2016-11-29,17.976470947265625,24.135000228881836,24.25,23.934999465942383,23.975000381469727,28895400
2016-11-30,17.410398483276367,23.375,23.834999084472656,23.375,23.780000686645508,46934800
2016-12-01,17.272607803344727,23.190000534057617,23.28499984741211,23.020000457763672,23.18000030517578,36732200
2016-12-02,17.429018020629883,23.399999618530273,23.565000534057617,23.2450008392334,23.325000762939453,32798800
2016-12-05,17.451364517211914,23.43000030517578,23.434999465942383,23.084999084472656,23.299999237060547,29776600
2016-12-06,17.41785430908203,23.385000228881836,23.514999389648438,23.329999923706055,23.420000076293945,16844000
2016-12-07,17.645023345947266,23.690000534057617,23.690000534057617,23.44499969482422,23.469999313354492,25804800
2016-12-08,17.67481803894043,23.729999542236328,23.774999618530273,23.3700008392334,23.540000915527344,28791000
2016-12-09,17.86103057861328,23.979999542236328,23.989999771118164,23.709999084472656,23.709999084472656,32037800
2016-12-12,18.047231674194336,24.229999542236328,24.2549991607666,23.875,23.8799991607666,43960200
2016-12-13,18.23343849182129,24.479999542236328,24.5,24.260000228881836,24.350000381469727,40434000
2016-12-14,17.857303619384766,23.975000381469727,24.719999313354492,23.94499969482422,24.59000015258789,56707800
2016-12-15,17.983924865722656,24.145000457763672,24.170000076293945,23.799999237060547,23.924999237060547,35643200
2016-12-16,18.203142166137695,24.204999923706055,24.290000915527344,23.920000076293945,23.975000381469727,40238000
2016-12-19,18.270824432373047,24.295000076293945,24.360000610351562,24.084999084472656,24.350000381469727,23300400
2016-12-20,18.293384552001953,24.325000762939453,24.395000457763672,24.19499969482422,24.225000381469727,17326200
2016-12-21,18.218183517456055,24.225000381469727,24.44499969482422,24.219999313354492,24.329999923706055,16888400
2016-12-22,18.2821044921875,24.309999465942383,24.354999542236328,24.165000915527344,24.209999084472656,14930400
2016-12-23,18.278345108032227,24.30500030517578,24.399999618530273,24.225000381469727,24.34000015258789,15557000
2016-12-27,18.293384552001953,24.325000762939453,24.385000228881836,24.184999465942383,24.209999084472656,26268800
2016-12-28,18.12041664123535,24.094999313354492,24.354999542236328,24.059999465942383,24.34000015258789,17658600
2016-12-29,18.36482810974121,24.420000076293945,24.459999084472656,24.1299991607666,24.190000534057617,29355600
2016-12-30,18.2632999420166,24.28499984741211,24.475000381469727,24.209999084472656,24.46500015258789,28055400
2017-01-03,18.218183517456055,24.225000381469727,24.315000534057617,24.06999969482422,24.25,37761400
2017-01-04,18.28586196899414,24.315000534057617,24.440000534057617,24.21500015258789,24.260000228881836,29101000
2017-01-05,18.30466651916504,24.34000015258789,24.3799991607666,24.079999923706055,24.3700008392334,32612800
2017-01-06,18.361066818237305,24.415000915527344,24.459999084472656,24.174999237060547,24.219999313354492,21934400
2017-01-09,18.12041664123535,24.094999313354492,24.514999389648438,24.09000015258789,24.5049991607666,27694400
2017-01-10,18.064010620117188,24.020000457763672,24.100000381469727,23.924999237060547,24.09000015258789,22448400
2017-01-11,18.252025604248047,24.270000457763672,24.295000076293945,24.010000228881836,24.014999389648438,26795400
2017-01-12,18.26706886291504,24.290000915527344,24.329999923706055,24.145000457763672,24.28499984741211,18820800
2017-01-13,18.24073600769043,24.2549991607666,24.325000762939453,24.100000381469727,24.239999771118164,24346600
2017-01-17,18.440031051635742,24.520000457763672,24.600000381469727,24.315000534057617,24.334999084472656,30652000
2017-01-18,18.41746711730957,24.489999771118164,24.610000610351562,24.450000762939453,24.450000762939453,26461800
2017-01-19,18.255783081054688,24.274999618530273,24.489999771118164,24.21500015258789,24.350000381469727,27601000
2017-01-20,18.289623260498047,24.31999969482422,24.389999389648438,24.165000915527344,24.309999465942383,23748400
2017-01-23,18.19561767578125,24.19499969482422,24.40999984741211,24.170000076293945,24.354999542236328,21251000
2017-01-24,18.19186782836914,24.190000534057617,24.295000076293945,24.145000457763672,24.190000534057617,22098800
2017-01-25,18.19186782836914,24.190000534057617,24.21500015258789,24.05500030517578,24.079999923706055,38460000
2017-01-26,18.199377059936523,24.200000762939453,24.315000534057617,24.09000015258789,24.18000030517578,22976400
2017-01-27,18.19561767578125,24.19499969482422,24.31999969482422,24.145000457763672,24.2450008392334,14457600
2017-01-30,18.21065902709961,24.21500015258789,24.295000076293945,24.06999969482422,24.204999923706055,18639800
2017-01-31,18.492671966552734,24.59000015258789,24.610000610351562,24.209999084472656,24.235000610351562,31833000
2017-02-01,18.17306137084961,24.165000915527344,24.469999313354492,24.094999313354492,24.459999084472656,48759000
2017-02-02,18.36482810974121,24.420000076293945,24.420000076293945,24.094999313354492,24.239999771118164,31322200
2017-02-03,18.387392044067383,24.450000762939453,24.549999237060547,24.395000457763672,24.489999771118164,22673200
2017-02-06,18.349788665771484,24.399999618530273,24.559999465942383,24.375,24.545000076293945,14084000
2017-02-07,18.394914627075195,24.459999084472656,24.5,24.375,24.440000534057617,12218200
2017-02-08,18.575397491455078,24.700000762939453,24.7450008392334,24.475000381469727,24.520000457763672,31764000
2017-02-09,18.41746711730957,24.489999771118164,24.735000610351562,24.43000030517578,24.674999237060547,28992000
2017-02-10,18.534042358398438,24.645000457763672,24.68000030517578,24.420000076293945,24.424999237060547,18959200
2017-02-13,18.62428092956543,24.764999389648438,24.790000915527344,24.579999923706055,24.665000915527344,26085600
2017-02-14,18.488916397094727,24.584999084472656,24.739999771118164,24.454999923706055,24.729999542236328,37568600
2017-02-15,18.443796157836914,24.524999618530273,24.53499984741211,24.325000762939453,24.40999984741211,37850800
2017-02-16,18.62804412841797,24.770000457763672,24.780000686645508,24.530000686645508,24.530000686645508,28002200
2017-02-17,18.63932228088379,24.78499984741211,24.860000610351562,24.645000457763672,24.834999084472656,19947000
2017-02-21,18.834856033325195,25.045000076293945,25.100000381469727,24.665000915527344,24.75,22717000
2017-02-22,18.913814544677734,25.149999618530273,25.200000762939453,24.94499969482422,25.045000076293945,32037200
2017-02-23,19.10934829711914,25.40999984741211,25.5,25.204999923706055,25.260000228881836,30007200
2017-02-24,19.39889144897461,25.795000076293945,25.795000076293945,25.4950008392334,25.4950008392334,37259400
2017-02-27,19.289838790893555,25.649999618530273,25.764999389648438,25.614999771118164,25.7450008392334,27965800
2017-02-28,19.46656608581543,25.885000228881836,25.950000762939453,25.600000381469727,25.645000457763672,28820800
2017-03-01,19.293598175048828,25.655000686645508,25.844999313354492,25.489999771118164,25.514999389648438,58243200
2017-03-02,19.43272590637207,25.84000015258789,26.0,25.530000686645508,25.565000534057617,34745600
2017-03-03,19.372568130493164,25.760000228881836,25.854999542236328,25.545000076293945,25.84000015258789,35150000
2017-03-06,19.334962844848633,25.709999084472656,25.764999389648438,25.6200008392334,25.71500015258789,15233600
2017-03-07,19.32367706298828,25.69499969482422,25.790000915527344,25.65999984741211,25.68000030517578,35903400
2017-03-08,19.04542350769043,25.325000762939453,25.5,25.274999618530273,25.475000381469727,36787800
2017-03-09,19.00406265258789,25.270000457763672,25.475000381469727,25.25,25.385000228881836,25685600
2017-03-10,19.1619930267334,25.479999542236328,25.530000686645508,25.31999969482422,25.405000686645508,22983600
2017-03-13,19.218395233154297,25.55500030517578,25.56999969482422,25.43000030517578,25.459999084472656,28116000
2017-03-14,19.199586868286133,25.530000686645508,25.600000381469727,25.44499969482422,25.524999618530273,23341000
2017-03-15,19.50792694091797,25.940000534057617,26.06999969482422,25.56999969482422,25.6200008392334,45238400
2017-03-16,19.293598175048828,25.655000686645508,25.889999389648438,25.604999542236328,25.889999389648438,37456800
2017-03-17,19.409910202026367,25.614999771118164,25.760000228881836,25.520000457763672,25.549999237060547,30257000
2017-03-20,19.281095504760742,25.44499969482422,25.725000381469727,25.375,25.674999237060547,14296000
2017-03-21,19.55388832092285,25.80500030517578,25.899999618530273,25.44499969482422,25.459999084472656,50834200
2017-03-22,19.64860725402832,25.93000030517578,26.114999771118164,25.825000762939453,25.90999984741211,50505600
2017-03-23,19.587989807128906,25.850000381469727,26.084999084472656,25.780000686645508,25.924999237060547,45130600
2017-03-24,19.659975051879883,25.94499969482422,26.040000915527344,25.799999237060547,25.864999771118164,24814200
2017-03-27,19.584197998046875,25.844999313354492,26.104999542236328,25.7450008392334,26.049999237060547,23642800
2017-03-28,19.569042205810547,25.825000762939453,25.8700008392334,25.709999084472656,25.84000015258789,16955600
2017-03-29,19.5159969329834,25.7549991607666,25.84000015258789,25.645000457763672,25.815000534057617,13911000
2017-03-30,19.36444854736328,25.55500030517578,25.71500015258789,25.485000610351562,25.71500015258789,39422400
2017-03-31,19.44022560119629,25.655000686645508,25.780000686645508,25.565000534057617,25.584999084472656,19982000
2017-04-03,19.43643569946289,25.649999618530273,25.655000686645508,25.415000915527344,25.655000686645508,30951600
2017-04-04,19.497051239013672,25.729999542236328,25.825000762939453,25.575000762939453,25.625,20268600
2017-04-05,19.60692596435547,25.875,25.899999618530273,25.645000457763672,25.700000762939453,25299000
2017-04-06,19.557674407958984,25.809999465942383,25.854999542236328,25.709999084472656,25.844999313354492,18777600
2017-04-07,19.474321365356445,25.700000762939453,25.94499969482422,25.68000030517578,25.90999984741211,39836000
2017-04-10,19.508426666259766,25.7450008392334,25.774999618530273,25.56999969482422,25.71500015258789,16969600
2017-04-11,19.500850677490234,25.735000610351562,25.78499984741211,25.565000534057617,25.760000228881836,19688400
2017-04-12,19.644817352294922,25.924999237060547,25.940000534057617,25.6200008392334,25.700000762939453,21042000
2017-04-13,19.58041000366211,25.84000015258789,25.959999084472656,25.725000381469727,25.954999923706055,21712200
2017-04-17,19.66754913330078,25.954999923706055,25.96500015258789,25.829999923706055,25.899999618530273,14545200
2017-04-18,19.713016510009766,26.014999389648438,26.06999969482422,25.915000915527344,25.9950008392334,29414800
2017-04-19,19.576618194580078,25.834999084472656,25.9950008392334,25.7450008392334,25.985000610351562,25034000
2017-04-20,19.500850677490234,25.735000610351562,25.80500030517578,25.549999237060547,25.80500030517578,26964600
2017-04-21,19.599355697631836,25.864999771118164,25.975000381469727,25.700000762939453,25.700000762939453,26517400
2017-04-24,19.70164680480957,26.0,26.030000686645508,25.71500015258789,25.889999389648438,36213400
2017-04-25,19.675125122070312,25.96500015258789,26.0049991607666,25.81999969482422,25.924999237060547,21783200
2017-04-26,19.614505767822266,25.885000228881836,26.079999923706055,25.860000610351562,25.959999084472656,19194800
2017-04-27,19.68270492553711,25.975000381469727,26.100000381469727,25.854999542236328,25.875,18933000
2017-04-28,19.587989807128906,25.850000381469727,25.975000381469727,25.770000457763672,25.940000534057617,18811400
2017-05-01,19.47053337097168,25.69499969482422,25.90999984741211,25.6299991607666,25.90999984741211,21385000
2017-05-02,19.493270874023438,25.725000381469727,25.81999969482422,25.6200008392334,25.725000381469727,18877200
2017-05-03,19.42506980895996,25.635000228881836,25.790000915527344,25.6200008392334,25.760000228881836,21014400
2017-05-04,19.493270874023438,25.725000381469727,25.7549991607666,25.55500030517578,25.559999465942383,28078200
2017-05-05,19.599355697631836,25.864999771118164,25.959999084472656,25.774999618530273,25.799999237060547,21570600
2017-05-08,19.59177589416504,25.854999542236328,25.915000915527344,25.725000381469727,25.885000228881836,17579400
2017-05-09,19.44780158996582,25.665000915527344,25.854999542236328,25.6200008392334,25.834999084472656,15517800
2017-05-10,19.478111267089844,25.704999923706055,25.760000228881836,25.565000534057617,25.684999465942383,16879600
2017-05-11,19.504629135131836,25.739999771118164,25.739999771118164,25.53499984741211,25.639999389648438,15398400
2017-05-12,19.599355697631836,25.864999771118164,25.920000076293945,25.764999389648438,25.799999237060547,15046200
2017-05-15,19.68270492553711,25.975000381469727,26.020000457763672,25.84000015258789,25.8700008392334,12702200
2017-05-16,19.53873062133789,25.78499984741211,26.010000228881836,25.7549991607666,25.934999465942383,15306200
2017-05-17,19.587989807128906,25.850000381469727,25.969999313354492,25.735000610351562,25.850000381469727,30065600
2017-05-18,19.65618324279785,25.940000534057617,26.075000762939453,25.719999313354492,25.905000686645508,33752000
2017-05-19,19.73195457458496,26.040000915527344,26.040000915527344,25.790000915527344,25.934999465942383,19802600
2017-05-22,19.90245819091797,26.264999389648438,26.30500030517578,25.985000610351562,26.0,15558600
2017-05-23,19.955493927001953,26.334999084472656,26.489999771118164,26.264999389648438,26.309999465942383,30580400
2017-05-24,20.069164276123047,26.485000610351562,26.530000686645508,26.334999084472656,26.360000610351562,15204600
2017-05-25,20.23208236694336,26.700000762939453,26.7450008392334,26.475000381469727,26.540000915527344,33554600
2017-05-26,20.23208236694336,26.700000762939453,26.760000228881836,26.649999618530273,26.71500015258789,15299200
2017-05-30,20.296485900878906,26.78499984741211,26.850000381469727,26.645000457763672,26.719999313354492,12584600
2017-05-31,20.398786544799805,26.920000076293945,27.014999389648438,26.78499984741211,26.815000534057617,25241400
2017-06-01,20.54275894165039,27.110000610351562,27.114999771118164,26.81999969482422,26.850000381469727,22237200
2017-06-02,20.565494537353516,27.139999389648438,27.315000534057617,27.059999465942383,27.315000534057617,19913200
2017-06-05,20.50108528137207,27.05500030517578,27.165000915527344,27.014999389648438,27.139999389648438,14700000
2017-06-06,20.45561408996582,26.9950008392334,27.114999771118164,26.959999084472656,27.114999771118164,15002400
2017-06-07,20.523815155029297,27.084999084472656,27.149999618530273,26.950000762939453,26.9950008392334,15762600
2017-06-08,20.353317260742188,26.860000610351562,27.049999237060547,26.69499969482422,27.030000686645508,26585200
2017-06-09,20.334375381469727,26.834999084472656,26.854999542236328,26.645000457763672,26.774999618530273,27876400
2017-06-12,20.296485900878906,26.78499984741211,26.979999542236328,26.635000228881836,26.8700008392334,25642200
2017-06-13,20.345745086669922,26.850000381469727,26.8700008392334,26.690000534057617,26.7549991607666,17829800
2017-06-14,20.45561408996582,26.9950008392334,27.139999389648438,26.90999984741211,27.020000457763672,31664200
2017-06-15,20.573074340820312,27.149999618530273,27.18000030517578,26.920000076293945,26.920000076293945,31099000
2017-06-16,20.66741180419922,27.05500030517578,27.110000610351562,26.959999084472656,27.010000228881836,35391600
2017-06-19,20.598657608032227,26.96500015258789,27.094999313354492,26.8700008392334,27.079999923706055,35644600
2017-06-20,20.61012077331543,26.979999542236328,27.014999389648438,26.93000030517578,26.9950008392334,15177000
2017-06-21,20.487895965576172,26.81999969482422,27.014999389648438,26.68000030517578,26.975000381469727,20153200
2017-06-22,20.392406463623047,26.69499969482422,26.8799991607666,26.674999237060547,26.780000686645508,15862400
2017-06-23,20.323657989501953,26.604999542236328,26.799999237060547,26.549999237060547,26.700000762939453,17286200
2017-06-26,20.46115493774414,26.78499984741211,26.934999465942383,26.56999969482422,26.665000915527344,20710000
2017-06-27,20.23198699951172,26.485000610351562,26.739999771118164,26.40999984741211,26.665000915527344,20957600
2017-06-28,20.037187576293945,26.229999542236328,26.625,26.204999923706055,26.565000534057617,18577600
2017-06-29,19.876771926879883,26.020000457763672,26.110000610351562,25.920000076293945,26.075000762939453,41191400
2017-06-30,19.84621810913086,25.979999542236328,26.190000534057617,25.979999542236328,26.049999237060547,30225800
2017-07-03,19.75455093383789,25.860000610351562,26.09000015258789,25.825000762939453,26.020000457763672,25409400
2017-07-05,19.6590633392334,25.735000610351562,25.94499969482422,25.665000915527344,25.94499969482422,28005200
2017-07-06,19.651424407958984,25.725000381469727,25.7549991607666,25.6299991607666,25.6299991607666,28073600
2017-07-07,19.66670036315918,25.7450008392334,25.8700008392334,25.69499969482422,25.719999313354492,26526000
2017-07-10,19.651424407958984,25.725000381469727,25.8799991607666,25.704999923706055,25.81999969482422,32627600
2017-07-11,19.639963150024414,25.709999084472656,25.764999389648438,25.584999084472656,25.764999389648438,18111800
2017-07-12,19.808019638061523,25.93000030517578,26.0049991607666,25.885000228881836,25.934999465942383,24286000
2017-07-13,19.739267349243164,25.84000015258789,25.985000610351562,25.81999969482422,25.915000915527344,13842000
2017-07-14,19.83094024658203,25.959999084472656,26.079999923706055,25.93000030517578,26.010000228881836,25215000
2017-07-17,19.922603607177734,26.079999923706055,26.079999923706055,25.920000076293945,25.975000381469727,15338000
2017-07-18,19.97989845275879,26.155000686645508,26.184999465942383,26.06999969482422,26.139999389648438,15780800
2017-07-19,20.06393051147461,26.264999389648438,26.274999618530273,26.125,26.200000762939453,21338800
2017-07-20,20.209068298339844,26.454999923706055,26.459999084472656,26.270000457763672,26.334999084472656,16925000
2017-07-21,20.35421371459961,26.645000457763672,26.645000457763672,26.3700008392334,26.459999084472656,18504000
2017-07-24,20.16323471069336,26.395000457763672,26.65999984741211,26.354999542236328,26.65999984741211,21069600
2017-07-25,20.048648834228516,26.2450008392334,26.415000915527344,26.21500015258789,26.34000015258789,21136200
2017-07-26,20.2396297454834,26.4950008392334,26.4950008392334,26.200000762939453,26.239999771118164,17262400
2017-07-27,20.289276123046875,26.559999465942383,26.559999465942383,26.389999389648438,26.420000076293945,19173800
2017-07-28,20.25872230529785,26.520000457763672,26.594999313354492,26.395000457763672,26.520000457763672,19278000
2017-07-31,20.327476501464844,26.610000610351562,26.670000076293945,26.450000762939453,26.489999771118164,23722600
2017-08-01,20.442060470581055,26.760000228881836,26.809999465942383,26.625,26.649999618530273,21646200
2017-08-02,20.529903411865234,26.875,26.8799991607666,26.545000076293945,26.704999923706055,16031800
2017-08-03,20.63303565979004,27.010000228881836,27.010000228881836,26.790000915527344,26.90999984741211,20929400
2017-08-04,20.54136848449707,26.889999389648438,26.950000762939453,26.7450008392334,26.8700008392334,34930800
2017-08-07,20.606304168701172,26.975000381469727,26.985000610351562,26.850000381469727,26.920000076293945,10322800
2017-08-08,20.69032859802246,27.084999084472656,27.084999084472656,26.915000915527344,26.950000762939453,15137400
2017-08-09,20.583383560180664,26.94499969482422,27.200000762939453,26.924999237060547,27.1299991607666,17704400
2017-08-10,20.648317337036133,27.030000686645508,27.079999923706055,26.844999313354492,26.905000686645508,19229600
2017-08-11,20.52608871459961,26.8700008392334,27.024999618530273,26.774999618530273,26.969999313354492,18672600
2017-08-14,20.644495010375977,27.024999618530273,27.040000915527344,26.8700008392334,26.875,23655600
2017-08-15,20.759075164794922,27.174999237060547,27.19499969482422,26.825000762939453,26.84000015258789,19164600
2017-08-16,20.843109130859375,27.28499984741211,27.299999237060547,27.1299991607666,27.1299991607666,14263600
2017-08-17,20.694150924682617,27.09000015258789,27.315000534057617,27.06999969482422,27.225000381469727,17912600
2017-08-18,20.81637191772461,27.25,27.3799991607666,27.0,27.0,29697600
2017-08-21,20.89276695251465,27.350000381469727,27.395000457763672,27.225000381469727,27.329999923706055,11312000
2017-08-22,20.938596725463867,27.40999984741211,27.415000915527344,27.270000457763672,27.364999771118164,16300600
2017-08-23,21.007352828979492,27.5,27.510000228881836,27.309999465942383,27.399999618530273,14092600
2017-08-24,20.9920711517334,27.479999542236328,27.545000076293945,27.43000030517578,27.485000610351562,14034800
2017-08-25,21.06081771850586,27.56999969482422,27.670000076293945,27.479999542236328,27.545000076293945,15723600
2017-08-28,21.099016189575195,27.6200008392334,27.665000915527344,27.489999771118164,27.665000915527344,15745400
2017-08-29,21.053184509277344,27.559999465942383,27.709999084472656,27.55500030517578,27.665000915527344,15860600
2017-08-30,20.9920711517334,27.479999542236328,27.56999969482422,27.440000534057617,27.545000076293945,11502200
2017-08-31,20.995899200439453,27.485000610351562,27.559999465942383,27.46500015258789,27.5049991607666,20939000
2017-09-01,20.93095588684082,27.399999618530273,27.56999969482422,27.31999969482422,27.524999618530273,22537400
2017-09-05,20.984434127807617,27.469999313354492,27.489999771118164,27.315000534057617,27.450000762939453,18080800
2017-09-06,20.888940811157227,27.344999313354492,27.545000076293945,27.295000076293945,27.5,22857400
2017-09-07,21.045541763305664,27.549999237060547,27.579999923706055,27.344999313354492,27.3700008392334,24703400
2017-09-08,21.14484977722168,27.68000030517578,27.700000762939453,27.459999084472656,27.510000228881836,18039800
2017-09-11,21.324363708496094,27.915000915527344,27.950000762939453,27.625,27.6299991607666,20183200
2017-09-12,20.96915054321289,27.450000762939453,27.895000457763672,27.299999237060547,27.895000457763672,37790600
2017-09-13,20.86603355407715,27.315000534057617,27.44499969482422,27.295000076293945,27.424999237060547,21458200
2017-09-14,21.041732788085938,27.545000076293945,27.559999465942383,27.219999313354492,27.299999237060547,20390800
2017-09-15,21.071353912353516,27.375,27.454999923706055,27.25,27.415000915527344,17030200
2017-09-18,20.855833053588867,27.094999313354492,27.375,26.915000915527344,27.354999542236328,31607000
2017-09-19,20.81349754333496,27.040000915527344,27.15999984741211,27.0,27.139999389648438,31560000
2017-09-20,20.659555435180664,26.84000015258789,27.145000457763672,26.735000610351562,27.084999084472656,39494000
2017-09-21,20.655702590942383,26.834999084472656,27.010000228881836,26.799999237060547,26.864999771118164,21424600
2017-09-22,20.486364364624023,26.614999771118164,26.94499969482422,26.614999771118164,26.90999984741211,22483800
2017-09-25,20.674943923950195,26.860000610351562,26.889999389648438,26.610000610351562,26.655000686645508,23446600
2017-09-26,20.63646125793457,26.809999465942383,26.905000686645508,26.760000228881836,26.850000381469727,20022200
2017-09-27,20.359357833862305,26.450000762939453,26.729999542236328,26.31999969482422,26.625,24701600
2017-09-28,20.432483673095703,26.545000076293945,26.614999771118164,26.28499984741211,26.354999542236328,28365000
2017-09-29,20.417089462280273,26.524999618530273,26.635000228881836,26.43000030517578,26.55500030517578,24254200
2017-10-02,20.451725006103516,26.56999969482422,26.69499969482422,26.479999542236328,26.510000228881836,33228600
2017-10-03,20.393999099731445,26.4950008392334,26.59000015258789,26.329999923706055,26.584999084472656,19115000
2017-10-04,20.597972869873047,26.760000228881836,26.770000457763672,26.43000030517578,26.510000228881836,24281000
2017-10-05,20.578733444213867,26.735000610351562,26.790000915527344,26.614999771118164,26.75,25278400
2017-10-06,20.563339233398438,26.71500015258789,26.725000381469727,26.510000228881836,26.610000610351562,20836400
2017-10-09,20.590274810791016,26.75,26.815000534057617,26.71500015258789,26.764999389648438,14681400
2017-10-10,20.790403366088867,27.010000228881836,27.014999389648438,26.729999542236328,26.815000534057617,16653600
2017-10-11,20.87892723083496,27.125,27.260000228881836,26.975000381469727,26.979999542236328,30938200
2017-10-12,20.98668670654297,27.264999389648438,27.334999084472656,27.110000610351562,27.155000686645508,27336400
2017-10-13,20.840442657470703,27.075000762939453,27.385000228881836,26.9950008392334,27.34000015258789,25425400
2017-10-16,20.794248580932617,27.014999389648438,27.125,26.795000076293945,27.065000534057617,22492800
2017-10-17,20.917409896850586,27.174999237060547,27.229999542236328,26.924999237060547,27.0,19199200
2017-10-18,20.87892723083496,27.125,27.18000030517578,27.020000457763672,27.059999465942383,17382000
2017-10-19,21.098299026489258,27.40999984741211,27.40999984741211,27.145000457763672,27.174999237060547,20571800
2017-10-20,21.113691329956055,27.43000030517578,27.485000610351562,27.290000915527344,27.299999237060547,22462800
2017-10-23,21.12523651123047,27.44499969482422,27.5,27.329999923706055,27.424999237060547,21222000
2017-10-24,21.14448356628418,27.469999313354492,27.5,27.334999084472656,27.399999618530273,22671400
2017-10-25,21.052114486694336,27.350000381469727,27.405000686645508,27.024999618530273,27.354999542236328,36662600
2017-10-26,21.05596160888672,27.354999542236328,27.625,27.344999313354492,27.479999542236328,34659200
2017-10-27,21.18681526184082,27.524999618530273,27.59000015258789,27.274999618530273,27.325000762939453,20732200
2017-10-30,21.1906681060791,27.530000686645508,27.584999084472656,27.325000762939453,27.325000762939453,20114800
2017-10-31,21.213760375976562,27.559999465942383,27.614999771118164,27.440000534057617,27.510000228881836,19064000
2017-11-01,21.094453811645508,27.405000686645508,27.604999542236328,27.354999542236328,27.604999542236328,21758400
2017-11-02,21.171419143676758,27.5049991607666,27.6200008392334,27.334999084472656,27.405000686645508,29453800
2017-11-03,21.248394012451172,27.604999542236328,27.739999771118164,27.40999984741211,27.469999313354492,23264400
2017-11-06,21.167579650878906,27.5,27.655000686645508,27.485000610351562,27.639999389648438,23993000
2017-11-07,21.421585083007812,27.829999923706055,27.8700008392334,27.44499969482422,27.545000076293945,22649000
2017-11-08,21.436979293823242,27.850000381469727,27.924999237060547,27.655000686645508,27.815000534057617,19169800
2017-11-09,21.463924407958984,27.885000228881836,27.934999465942383,27.704999923706055,27.770000457763672,21525200
2017-11-10,21.36385154724121,27.7549991607666,27.81999969482422,27.65999984741211,27.735000610351562,22073000
2017-11-13,21.617862701416016,28.084999084472656,28.110000610351562,27.78499984741211,27.78499984741211,19645600
2017-11-14,21.887277603149414,28.434999465942383,28.454999923706055,27.9950008392334,28.0049991607666,24747600
2017-11-15,21.698686599731445,28.190000534057617,28.614999771118164,28.15999984741211,28.545000076293945,24130400
2017-11-16,21.629413604736328,28.100000381469727,28.184999465942383,28.014999389648438,28.1200008392334,22882200
2017-11-17,21.47931671142578,27.905000686645508,28.110000610351562,27.8799991607666,28.040000915527344,33300800
2017-11-20,21.41388702392578,27.81999969482422,27.954999923706055,27.774999618530273,27.920000076293945,18583800
2017-11-21,21.471616744995117,27.895000457763672,27.975000381469727,27.81999969482422,27.899999618530273,15512000
2017-11-22,21.471616744995117,27.895000457763672,27.950000762939453,27.790000915527344,27.875,11157800
2017-11-24,21.506256103515625,27.940000534057617,28.049999237060547,27.895000457763672,27.90999984741211,10004400
2017-11-27,21.598628997802734,28.059999465942383,28.110000610351562,27.905000686645508,27.975000381469727,14393600
2017-11-28,21.698686599731445,28.190000534057617,28.2450008392334,28.06999969482422,28.1299991607666,18371000
2017-11-29,21.71023178100586,28.204999923706055,28.325000762939453,27.9950008392334,28.094999313354492,31138800
2017-11-30,21.78335952758789,28.299999237060547,28.360000610351562,28.184999465942383,28.239999771118164,31783000
2017-12-01,21.71023178100586,28.204999923706055,28.450000762939453,28.049999237060547,28.395000457763672,48151800
2017-12-04,21.58708381652832,28.045000076293945,28.329999923706055,28.0,28.219999313354492,26111600
2017-12-05,21.313825607299805,27.690000534057617,28.09000015258789,27.55500030517578,28.09000015258789,39752000
2017-12-06,21.39464569091797,27.795000076293945,27.850000381469727,27.645000457763672,27.735000610351562,18889600
2017-12-07,21.433130264282227,27.844999313354492,27.850000381469727,27.625,27.7450008392334,22950400
2017-12-08,21.502405166625977,27.934999465942383,27.940000534057617,27.700000762939453,27.809999465942383,19950600
2017-12-11,21.633264541625977,28.104999542236328,28.1200008392334,27.829999923706055,27.90999984741211,30870800
2017-12-12,21.263792037963867,27.625,28.03499984741211,27.610000610351562,28.0,43101000
2017-12-13,21.321521759033203,27.700000762939453,27.854999542236328,27.6200008392334,27.700000762939453,34770200
2017-12-14,21.29458236694336,27.665000915527344,27.790000915527344,27.450000762939453,27.674999237060547,26287200
2017-12-15,21.372657775878906,27.510000228881836,27.610000610351562,27.420000076293945,27.5,27275200
2017-12-18,21.13570213317871,27.204999923706055,27.614999771118164,27.165000915527344,27.53499984741211,38807000
2017-12-19,20.751136779785156,26.709999084472656,27.239999771118164,26.69499969482422,27.204999923706055,29775000
2017-12-20,20.587989807128906,26.5,26.78499984741211,26.485000610351562,26.690000534057617,31512000
2017-12-21,20.343259811401367,26.184999465942383,26.31999969482422,26.079999923706055,26.315000534057617,39869800
2017-12-22,20.374338150024414,26.225000381469727,26.325000762939453,26.200000762939453,26.21500015258789,22943400
2017-12-26,20.253915786743164,26.06999969482422,26.334999084472656,26.065000534057617,26.2549991607666,16487400
2017-12-27,20.339378356933594,26.18000030517578,26.229999542236328,26.110000610351562,26.165000915527344,21232800
2017-12-28,20.4520263671875,26.325000762939453,26.334999084472656,26.184999465942383,26.229999542236328,9821600
2017-12-29,20.46367835998535,26.34000015258789,26.454999923706055,26.28499984741211,26.405000686645508,14060200
2018-01-02,20.27333641052246,26.094999313354492,26.3700008392334,26.014999389648438,26.334999084472656,24540000
2018-01-03,20.114072799682617,25.889999389648438,26.190000534057617,25.799999237060547,26.0,41615800
2018-01-04,19.947040557861328,25.674999237060547,25.979999542236328,25.625,25.809999465942383,29943600
2018-01-05,19.939266204833984,25.665000915527344,25.80500030517578,25.53499984741211,25.764999389648438,46832600
2018-01-08,20.1257266998291,25.905000686645508,25.924999237060547,25.65999984741211,25.709999084472656,28601000
2018-01-09,19.9276123046875,25.649999618530273,25.90999984741211,25.610000610351562,25.899999618530273,30877400
2018-01-10,19.710084915161133,25.3700008392334,25.540000915527344,25.315000534057617,25.5,31124000
2018-01-11,19.63627815246582,25.274999618530273,25.459999084472656,25.190000534057617,25.344999313354492,33091000
2018-01-12,19.52362632751465,25.1299991607666,25.334999084472656,25.05500030517578,25.200000762939453,37270600
2018-01-16,19.480894088745117,25.075000762939453,25.299999237060547,24.93000030517578,25.229999542236328,54585600
2018-01-17,19.601316452026367,25.229999542236328,25.299999237060547,25.079999923706055,25.114999771118164,46903200
2018-01-18,19.477005004882812,25.06999969482422,25.235000610351562,24.940000534057617,25.229999542236328,42659400
2018-01-19,19.418743133544922,24.9950008392334,25.225000381469727,24.96500015258789,25.170000076293945,37263800
2018-01-22,19.445932388305664,25.030000686645508,25.274999618530273,24.989999771118164,25.114999771118164,41073000
2018-01-23,19.63239097595215,25.270000457763672,25.450000762939453,25.049999237060547,25.125,53347800
2018-01-24,19.511972427368164,25.114999771118164,25.25,25.075000762939453,25.229999542236328,39062800
2018-01-25,19.814960479736328,25.5049991607666,25.524999618530273,25.110000610351562,25.125,52570000
2018-01-26,19.82662010192871,25.520000457763672,25.649999618530273,25.264999389648438,25.575000762939453,47900000
2018-01-29,19.574127197265625,25.19499969482422,25.44499969482422,25.165000915527344,25.399999618530273,36121800
2018-01-30,19.609079360961914,25.239999771118164,25.344999313354492,25.165000915527344,25.174999237060547,26178200
2018-01-31,19.82662010192871,25.520000457763672,25.545000076293945,25.1299991607666,25.270000457763672,54822800
2018-02-01,19.51585578918457,25.1200008392334,25.59000015258789,25.045000076293945,25.489999771118164,57039200
2018-02-02,19.37601089477539,24.940000534057617,25.18000030517578,24.90999984741211,24.9950008392334,43612800
2018-02-05,19.05748176574707,24.530000686645508,25.165000915527344,24.485000610351562,24.899999618530273,66944600
2018-02-06,18.773914337158203,24.165000915527344,24.3700008392334,23.684999465942383,24.239999771118164,83343200
2018-02-07,18.6845645904541,24.049999237060547,24.434999465942383,24.040000915527344,24.149999618530273,55760400
2018-02-08,18.474803924560547,23.780000686645508,24.30500030517578,23.7549991607666,23.979999542236328,52083800
2018-02-09,18.863256454467773,24.280000686645508,24.46500015258789,23.774999618530273,23.844999313354492,72845000
2018-02-12,19.006982803344727,24.46500015258789,24.600000381469727,24.110000610351562,24.329999923706055,53008800
2018-02-13,19.092439651489258,24.575000762939453,24.670000076293945,24.200000762939453,24.454999923706055,50134400
2018-02-14,18.878793716430664,24.299999237060547,24.530000686645508,24.229999542236328,24.364999771118164,40682200
2018-02-15,19.29832649230957,24.84000015258789,24.850000381469727,24.325000762939453,24.360000610351562,33008200
2018-02-16,19.469236373901367,25.059999465942383,25.1200008392334,24.760000228881836,24.854999542236328,40133000
2018-02-20,19.21674919128418,24.735000610351562,25.065000534057617,24.614999771118164,24.975000381469727,33546600
2018-02-21,18.964250564575195,24.40999984741211,24.915000915527344,24.405000686645508,24.75,44922800
2018-02-22,19.06136703491211,24.53499984741211,24.719999313354492,24.399999618530273,24.489999771118164,40257800
2018-02-23,19.558584213256836,25.174999237060547,25.204999923706055,24.575000762939453,24.604999542236328,41284800
2018-02-26,19.50031852722168,25.100000381469727,25.31999969482422,25.049999237060547,25.274999618530273,27209800
2018-02-27,19.189558029174805,24.700000762939453,25.270000457763672,24.690000534057617,25.1200008392334,36402400
2018-02-28,19.05748176574707,24.530000686645508,24.854999542236328,24.530000686645508,24.790000915527344,23892200
2018-03-01,19.06136703491211,24.53499984741211,24.93000030517578,24.420000076293945,24.579999923706055,43182600
2018-03-02,19.010866165161133,24.469999313354492,24.764999389648438,24.264999389648438,24.520000457763672,33714200
2018-03-05,19.399322509765625,24.969999313354492,25.024999618530273,24.360000610351562,24.40999984741211,31000800
2018-03-06,19.139060974121094,24.635000228881836,24.9950008392334,24.579999923706055,24.940000534057617,41416000
2018-03-07,18.995328903198242,24.450000762939453,24.665000915527344,24.354999542236328,24.559999465942383,33357600
2018-03-08,19.135175704956055,24.6299991607666,24.684999465942383,24.46500015258789,24.5049991607666,24517600
2018-03-09,19.189558029174805,24.700000762939453,24.704999923706055,24.510000228881836,24.579999923706055,26197000
2018-03-12,19.271127700805664,24.80500030517578,24.834999084472656,24.68000030517578,24.709999084472656,32463600
2018-03-13,19.313861846923828,24.860000610351562,25.010000228881836,24.670000076293945,24.895000457763672,37745000
2018-03-14,19.511972427368164,25.114999771118164,25.200000762939453,24.920000076293945,24.934999465942383,38264600
2018-03-15,19.50031852722168,25.100000381469727,25.329999923706055,24.950000762939453,25.100000381469727,42135600
2018-03-16,19.67139434814453,25.125,25.190000534057617,24.889999389648438,24.905000686645508,39512600
2018-03-19,19.55003547668457,24.969999313354492,25.19499969482422,24.825000762939453,25.110000610351562,43379200
2018-03-20,19.46000099182129,24.854999542236328,25.079999923706055,24.795000076293945,24.975000381469727,29936400
2018-03-21,19.39344596862793,24.770000457763672,25.110000610351562,24.684999465942383,24.875,38471800
2018-03-22,19.47957420349121,24.8799991607666,25.280000686645508,24.725000381469727,24.795000076293945,50664800
2018-03-23,19.205535888671875,24.530000686645508,25.104999542236328,24.479999542236328,24.8799991607666,34668600
2018-03-26,19.405187606811523,24.78499984741211,24.81999969482422,24.559999465942383,24.610000610351562,27519200
2018-03-27,19.68313217163086,25.139999389648438,25.399999618530273,24.739999771118164,24.81999969482422,42912000
2018-03-28,19.675310134887695,25.1299991607666,25.270000457763672,24.96500015258789,25.170000076293945,46346200
2018-03-29,19.781003952026367,25.264999389648438,25.385000228881836,25.15999984741211,25.204999923706055,30929000
2018-04-02,19.628324508666992,25.06999969482422,25.43000030517578,24.889999389648438,25.309999465942383,35585200
2018-04-03,19.69487953186035,25.155000686645508,25.274999618530273,24.959999084472656,25.024999618530273,27597600
2018-04-04,19.73793601989746,25.209999084472656,25.274999618530273,24.94499969482422,25.149999618530273,32714600
2018-04-05,19.894527435302734,25.40999984741211,25.485000610351562,24.924999237060547,25.204999923706055,28572600
2018-04-06,19.73793601989746,25.209999084472656,25.5,25.155000686645508,25.44499969482422,28624000
2018-04-09,19.777088165283203,25.260000228881836,25.434999465942383,25.145000457763672,25.229999542236328,23512200
2018-04-10,19.624414443969727,25.065000534057617,25.295000076293945,25.010000228881836,25.264999389648438,28182400
2018-04-11,19.597015380859375,25.030000686645508,25.145000457763672,24.94499969482422,25.05500030517578,16048200
2018-04-12,19.338645935058594,24.700000762939453,25.100000381469727,24.649999618530273,25.03499984741211,24157600
2018-04-13,19.491315841674805,24.895000457763672,25.0049991607666,24.7450008392334,24.7450008392334,20874600
2018-04-16,19.757518768310547,25.235000610351562,25.25,24.934999465942383,24.950000762939453,30795200
2018-04-17,19.957164764404297,25.489999771118164,25.579999923706055,25.190000534057617,25.295000076293945,26389000
2018-04-18,19.882781982421875,25.395000457763672,25.7450008392334,25.389999389648438,25.520000457763672,28240000
2018-04-19,19.871042251586914,25.3799991607666,25.440000534057617,25.174999237060547,25.30500030517578,30335400
2018-04-20,19.69095802307129,25.149999618530273,25.40999984741211,25.06999969482422,25.350000381469727,28160000
2018-04-23,19.702709197998047,25.165000915527344,25.309999465942383,25.06999969482422,25.184999465942383,23874000
2018-04-24,19.835805892944336,25.334999084472656,25.489999771118164,25.145000457763672,25.184999465942383,33808800
2018-04-25,19.8397274017334,25.34000015258789,25.43000030517578,25.149999618530273,25.2450008392334,26815000
2018-04-26,20.03936767578125,25.594999313354492,25.6299991607666,25.25,25.364999771118164,23534200
2018-04-27,20.24294090270996,25.854999542236328,25.950000762939453,25.514999389648438,25.565000534057617,34314600
2018-04-30,20.18421745300293,25.780000686645508,25.979999542236328,25.7549991607666,25.895000457763672,25492000
2018-05-01,20.121580123901367,25.700000762939453,25.825000762939453,25.655000686645508,25.780000686645508,21942600
2018-05-02,20.102008819580078,25.674999237060547,25.795000076293945,25.575000762939453,25.704999923706055,25960600
2018-05-03,20.074602127075195,25.639999389648438,25.760000228881836,25.350000381469727,25.625,32960200
2018-05-04,20.164642333984375,25.7549991607666,25.8700008392334,25.684999465942383,25.684999465942383,23486800
2018-05-07,20.05894660949707,25.6200008392334,25.795000076293945,25.584999084472656,25.739999771118164,17044000
2018-05-08,19.55786895751953,24.979999542236328,25.559999465942383,24.934999465942383,25.514999389648438,46295800
2018-05-09,19.420848846435547,24.80500030517578,25.030000686645508,24.709999084472656,24.985000610351562,44301000
2018-05-10,19.69487953186035,25.155000686645508,25.15999984741211,24.8799991607666,25.014999389648438,27922800
2018-05-11,19.7222843170166,25.190000534057617,25.260000228881836,25.09000015258789,25.18000030517578,12957800
2018-05-14,19.647899627685547,25.094999313354492,25.274999618530273,24.985000610351562,25.229999542236328,17025600
2018-05-15,19.483484268188477,24.885000228881836,25.059999465942383,24.764999389648438,24.94499969482422,22141400
2018-05-16,19.330812454223633,24.690000534057617,24.93000030517578,24.594999313354492,24.895000457763672,27082600
2018-05-17,19.17422103881836,24.489999771118164,24.764999389648438,24.440000534057617,24.69499969482422,22552000
2018-05-18,19.178138732910156,24.4950008392334,24.639999389648438,24.30500030517578,24.559999465942383,23620800
2018-05-21,19.276002883911133,24.6200008392334,24.690000534057617,24.415000915527344,24.524999618530273,21484000
2018-05-22,19.346471786499023,24.709999084472656,24.854999542236328,24.610000610351562,24.610000610351562,22051400
2018-05-23,19.52263069152832,24.934999465942383,24.989999771118164,24.735000610351562,24.795000076293945,27165800
2018-05-24,19.68313217163086,25.139999389648438,25.15999984741211,24.885000228881836,24.969999313354492,25795200
2018-05-25,19.769256591796875,25.25,25.315000534057617,25.125,25.174999237060547,27743200
2018-05-29,19.769256591796875,25.25,25.420000076293945,25.06999969482422,25.204999923706055,34561400
2018-05-30,19.92975616455078,25.454999923706055,25.5,25.114999771118164,25.18000030517578,27771800
2018-05-31,19.961074829101562,25.4950008392334,25.645000457763672,25.270000457763672,25.424999237060547,30216400
2018-06-01,19.655729293823242,25.104999542236328,25.440000534057617,24.985000610351562,25.43000030517578,34360000
2018-06-04,19.4991455078125,24.905000686645508,25.260000228881836,24.885000228881836,25.155000686645508,28729000
2018-06-05,19.39735984802246,24.774999618530273,24.985000610351562,24.68000030517578,24.950000762939453,29829200
2018-06-06,18.935426712036133,24.184999465942383,24.799999237060547,24.184999465942383,24.770000457763672,52255800
2018-06-07,19.068527221679688,24.354999542236328,24.594999313354492,24.174999237060547,24.225000381469727,43051600
2018-06-08,19.060697555541992,24.344999313354492,24.454999923706055,24.270000457763672,24.44499969482422,22482400
2018-06-11,19.02154541015625,24.295000076293945,24.489999771118164,24.225000381469727,24.399999618530273,34670400
2018-06-12,19.240774154663086,24.575000762939453,24.604999542236328,24.260000228881836,24.274999618530273,33322600
2018-06-13,19.189884185791016,24.510000228881836,24.75,24.434999465942383,24.604999542236328,33451400
2018-06-14,19.428678512573242,24.815000534057617,24.8700008392334,24.520000457763672,24.549999237060547,32277200
2018-06-15,19.566919326782227,24.770000457763672,24.780000686645508,24.3700008392334,24.565000534057617,43422400
2018-06-18,19.63011360168457,24.850000381469727,24.93000030517578,24.704999923706055,24.7549991607666,34453400
2018-06-19,19.823652267456055,25.094999313354492,25.184999465942383,24.850000381469727,24.895000457763672,33294800
2018-06-20,19.83945083618164,25.114999771118164,25.18000030517578,25.0049991607666,25.135000228881836,24635400
2018-06-21,19.906597137451172,25.200000762939453,25.329999923706055,25.059999465942383,25.139999389648438,25407400
2018-06-22,20.044828414916992,25.375,25.440000534057617,25.165000915527344,25.21500015258789,25953400
2018-06-25,20.376611709594727,25.795000076293945,25.850000381469727,25.3799991607666,25.3799991607666,42932400
2018-06-26,20.400312423706055,25.825000762939453,25.975000381469727,25.670000076293945,25.725000381469727,39817400
2018-06-27,20.499046325683594,25.950000762939453,26.0,25.725000381469727,25.795000076293945,43529400
2018-06-28,20.49115562438965,25.940000534057617,26.184999465942383,25.899999618530273,25.975000381469727,30075600
2018-06-29,20.522748947143555,25.979999542236328,26.084999084472656,25.75,25.895000457763672,28741400
2018-07-02,20.66888999938965,26.165000915527344,26.18000030517578,25.875,25.9950008392334,31405600
2018-07-03,20.72813606262207,26.239999771118164,26.395000457763672,26.05500030517578,26.174999237060547,21211200
2018-07-05,20.838727951049805,26.3799991607666,26.399999618530273,26.145000457763672,26.2549991607666,22062000
2018-07-06,21.00067138671875,26.584999084472656,26.645000457763672,26.389999389648438,26.434999465942383,24793400
2018-07-09,20.352916717529297,25.764999389648438,26.584999084472656,25.674999237060547,26.579999923706055,55873600
2018-07-10,20.54644775390625,26.010000228881836,26.149999618530273,25.44499969482422,25.520000457763672,54218200
2018-07-11,20.732086181640625,26.2450008392334,26.290000915527344,25.979999542236328,26.0,43544600
2018-07-12,20.74789047241211,26.264999389648438,26.31999969482422,26.125,26.2450008392334,34273400
2018-07-13,20.7518310546875,26.270000457763672,26.360000610351562,26.094999313354492,26.299999237060547,21918600
2018-07-16,20.732086181640625,26.2450008392334,26.315000534057617,26.114999771118164,26.25,20986400
2018-07-17,20.716289520263672,26.225000381469727,26.329999923706055,26.200000762939453,26.28499984741211,22107000
2018-07-18,20.609649658203125,26.09000015258789,26.239999771118164,25.979999542236328,26.19499969482422,20722600
2018-07-19,20.79923439025879,26.329999923706055,26.485000610351562,26.114999771118164,26.114999771118164,22238800
2018-07-20,20.653091430664062,26.145000457763672,26.31999969482422,25.969999313354492,26.25,27657000
2018-07-23,20.5069522857666,25.959999084472656,26.200000762939453,25.8700008392334,26.149999618530273,29527400
2018-07-24,20.578046798706055,26.049999237060547,26.1299991607666,25.59000015258789,25.889999389648438,31397600
2018-07-25,20.637290954589844,26.125,26.2549991607666,25.96500015258789,26.045000076293945,26937400
2018-07-26,20.858478546142578,26.405000686645508,26.479999542236328,26.204999923706055,26.25,38142000
2018-07-27,20.79133415222168,26.31999969482422,26.53499984741211,26.21500015258789,26.420000076293945,31495800
2018-07-30,20.664939880371094,26.15999984741211,26.28499984741211,26.075000762939453,26.28499984741211,18952800
2018-07-31,20.850576400756836,26.395000457763672,26.46500015258789,26.18000030517578,26.274999618530273,30439600
2018-08-01,20.716289520263672,26.225000381469727,26.299999237060547,26.0,26.2450008392334,39970800
2018-08-02,20.818979263305664,26.354999542236328,26.434999465942383,26.059999465942383,26.21500015258789,34583800
2018-08-03,21.052013397216797,26.649999618530273,26.719999313354492,26.274999618530273,26.364999771118164,30833200
2018-08-06,21.06781578063965,26.670000076293945,26.825000762939453,26.6200008392334,26.674999237060547,24398200
2018-08-07,21.036212921142578,26.6299991607666,26.674999237060547,26.420000076293945,26.6200008392334,26216400
2018-08-08,20.925622940063477,26.489999771118164,26.579999923706055,26.395000457763672,26.540000915527344,34012000
2018-08-09,21.020418167114258,26.610000610351562,26.625,26.395000457763672,26.485000610351562,17362200
2018-08-10,20.929567337036133,26.4950008392334,26.829999923706055,26.485000610351562,26.645000457763672,26601000
2018-08-13,20.95722198486328,26.530000686645508,26.579999923706055,26.405000686645508,26.540000915527344,34546800
2018-08-14,21.00067138671875,26.584999084472656,26.690000534057617,26.510000228881836,26.540000915527344,19887600
2018-08-15,21.194202423095703,26.829999923706055,26.989999771118164,26.614999771118164,26.670000076293945,38545400
2018-08-16,21.42328643798828,27.1200008392334,27.139999389648438,26.71500015258789,26.770000457763672,26545800
2018-08-17,21.53388023376465,27.260000228881836,27.3799991607666,27.05500030517578,27.104999542236328,28230200
2018-08-20,21.458839416503906,27.165000915527344,27.329999923706055,27.100000381469727,27.315000534057617,19149200
2018-08-21,21.30479621887207,26.969999313354492,27.139999389648438,26.889999389648438,27.125,23701600
2018-08-22,21.14680290222168,26.770000457763672,27.0,26.670000076293945,26.9950008392334,25305200
2018-08-23,21.131011962890625,26.75,26.940000534057617,26.700000762939453,26.760000228881836,22336200
2018-08-24,21.22184944152832,26.864999771118164,26.889999389648438,26.614999771118164,26.719999313354492,15692600
2018-08-27,21.091516494750977,26.700000762939453,26.959999084472656,26.565000534057617,26.885000228881836,24768200
2018-08-28,21.048065185546875,26.645000457763672,26.735000610351562,26.565000534057617,26.635000228881836,20132200
2018-08-29,21.202104568481445,26.84000015258789,26.84000015258789,26.670000076293945,26.709999084472656,23822400
2018-08-30,21.210002899169922,26.850000381469727,26.9950008392334,26.7549991607666,26.885000228881836,26951400
2018-08-31,21.11915397644043,26.735000610351562,27.0,26.635000228881836,26.889999389648438,24265000
2018-09-04,21.21394920349121,26.854999542236328,27.0,26.739999771118164,26.764999389648438,25930200
2018-09-05,21.510183334350586,27.229999542236328,27.2450008392334,26.825000762939453,26.825000762939453,29669600
2018-09-06,21.632619857788086,27.385000228881836,27.469999313354492,27.165000915527344,27.2450008392334,24705600
2018-09-07,21.36798858642578,27.049999237060547,27.25,26.989999771118164,27.1200008392334,32367000
2018-09-10,21.474634170532227,27.184999465942383,27.295000076293945,27.084999084472656,27.104999542236328,19864800
2018-09-11,21.419340133666992,27.114999771118164,27.28499984741211,27.059999465942383,27.174999237060547,18093400
2018-09-12,21.39958953857422,27.09000015258789,27.260000228881836,27.030000686645508,27.110000610351562,19619800
2018-09-13,21.561525344848633,27.295000076293945,27.30500030517578,26.954999923706055,27.079999923706055,17548400
2018-09-14,21.446985244750977,27.149999618530273,27.209999084472656,26.920000076293945,27.184999465942383,26135000
2018-09-17,21.51807975769043,27.239999771118164,27.280000686645508,27.06999969482422,27.100000381469727,28518200
2018-09-18,21.478588104248047,27.190000534057617,27.280000686645508,27.059999465942383,27.200000762939453,19535000
2018-09-19,21.012516021728516,26.600000381469727,27.18000030517578,26.475000381469727,27.18000030517578,51020000
2018-09-20,21.05596160888672,26.655000686645508,26.68000030517578,26.344999313354492,26.565000534057617,35629000
2018-09-21,21.145631790161133,26.530000686645508,26.625,26.2549991607666,26.375,40685200
2018-09-24,20.958328247070312,26.295000076293945,26.53499984741211,26.270000457763672,26.440000534057617,27053600
2018-09-25,20.671390533447266,25.934999465942383,26.235000610351562,25.889999389648438,26.219999313354492,40048000
2018-09-26,20.468141555786133,25.68000030517578,26.06999969482422,25.670000076293945,26.059999465942383,48164400
2018-09-27,20.679357528686523,25.94499969482422,26.084999084472656,25.684999465942383,25.7450008392334,32913600
2018-09-28,20.982236862182617,26.325000762939453,26.344999313354492,25.96500015258789,26.0,30854800
2018-10-01,20.910503387451172,26.235000610351562,26.295000076293945,26.135000228881836,26.2450008392334,25157400
2018-10-02,21.193450927734375,26.59000015258789,26.65999984741211,26.28499984741211,26.28499984741211,31666400
2018-10-03,20.93839454650879,26.270000457763672,26.684999465942383,26.045000076293945,26.545000076293945,49352600
2018-10-04,21.04998779296875,26.40999984741211,26.46500015258789,26.010000228881836,26.204999923706055,48151800
2018-10-05,21.37278938293457,26.815000534057617,26.899999618530273,26.350000381469727,26.3700008392334,60780000
2018-10-08,21.552122116088867,27.040000915527344,27.219999313354492,26.799999237060547,26.920000076293945,42978600
2018-10-09,21.639799118041992,27.149999618530273,27.270000457763672,26.975000381469727,27.014999389648438,36227600
2018-10-10,21.52023696899414,27.0,27.44499969482422,26.989999771118164,27.104999542236328,61168000
2018-10-11,21.125703811645508,26.5049991607666,27.139999389648438,26.3700008392334,27.075000762939453,85789600
2018-10-12,21.101791381835938,26.475000381469727,26.55500030517578,26.2549991607666,26.469999313354492,43738200
2018-10-15,21.20142364501953,26.600000381469727,26.770000457763672,26.440000534057617,26.469999313354492,36706000
2018-10-16,21.420612335205078,26.875,27.024999618530273,26.489999771118164,26.56999969482422,35875000
2018-10-17,21.380756378173828,26.825000762939453,26.954999923706055,26.68000030517578,26.84000015258789,28517000
2018-10-18,21.41263771057129,26.864999771118164,27.030000686645508,26.725000381469727,26.895000457763672,33038000
2018-10-19,21.74740219116211,27.28499984741211,27.43000030517578,26.78499984741211,26.8700008392334,59579200
2018-10-22,21.60792350769043,27.110000610351562,27.344999313354492,27.045000076293945,27.315000534057617,24500000
2018-10-23,21.48836326599121,26.959999084472656,27.334999084472656,26.850000381469727,27.15999984741211,37849200
2018-10-24,22.010425567626953,27.614999771118164,27.7450008392334,26.96500015258789,27.079999923706055,58326800
2018-10-25,21.667695999145508,27.184999465942383,27.434999465942383,27.049999237060547,27.434999465942383,59822400
2018-10-26,21.2691707611084,26.684999465942383,27.40999984741211,26.5,27.329999923706055,73786000
2018-10-29,21.56805992126465,27.059999465942383,27.18000030517578,26.7450008392334,26.7450008392334,49946400
2018-10-30,21.65176010131836,27.165000915527344,27.329999923706055,26.844999313354492,27.165000915527344,50131000
2018-10-31,21.396697998046875,26.844999313354492,27.104999542236328,26.684999465942383,26.940000534057617,50286000
2018-11-01,21.301057815551758,26.725000381469727,26.899999618530273,26.549999237060547,26.885000228881836,54054800
2018-11-02,21.18149757385254,26.575000762939453,26.8700008392334,26.399999618530273,26.799999237060547,48273200
2018-11-05,21.480390548706055,26.950000762939453,27.045000076293945,26.6299991607666,26.69499969482422,42506600
2018-11-06,21.623855590820312,27.1299991607666,27.190000534057617,26.889999389648438,26.924999237060547,26136200
2018-11-07,21.870941162109375,27.440000534057617,27.479999542236328,27.114999771118164,27.329999923706055,41450800
2018-11-08,21.835073471069336,27.395000457763672,27.55500030517578,27.165000915527344,27.46500015258789,41168200
2018-11-09,21.866958618164062,27.434999465942383,27.55500030517578,27.2450008392334,27.299999237060547,40030200
2018-11-12,21.854999542236328,27.420000076293945,27.704999923706055,27.03499984741211,27.235000610351562,55327800
2018-11-13,21.9466609954834,27.53499984741211,27.594999313354492,27.204999923706055,27.415000915527344,47516000
2018-11-14,21.719499588012695,27.25,27.479999542236328,27.155000686645508,27.299999237060547,55155600
2018-11-15,21.5401668548584,27.024999618530273,27.135000228881836,26.78499984741211,27.110000610351562,68562400
2018-11-16,21.870941162109375,27.440000534057617,27.56999969482422,27.235000610351562,27.440000534057617,42812800
2018-11-19,21.96659278869629,27.559999465942383,27.584999084472656,27.28499984741211,27.399999618530273,29144000
2018-11-20,21.874923706054688,27.44499969482422,27.834999084472656,27.280000686645508,27.639999389648438,48856800
2018-11-21,21.552122116088867,27.040000915527344,27.385000228881836,26.96500015258789,27.350000381469727,37819400
2018-11-23,21.56407928466797,27.05500030517578,27.1200008392334,26.875,27.075000762939453,16235800
2018-11-26,21.691604614257812,27.21500015258789,27.229999542236328,26.940000534057617,27.084999084472656,32202000
2018-11-27,21.854999542236328,27.420000076293945,27.450000762939453,27.084999084472656,27.19499969482422,26366800
2018-11-28,21.839059829711914,27.399999618530273,27.530000686645508,27.30500030517578,27.450000762939453,24124400
2018-11-29,21.83108901977539,27.389999389648438,27.440000534057617,27.110000610351562,27.440000534057617,34979200
2018-11-30,22.153894424438477,27.795000076293945,27.81999969482422,27.385000228881836,27.454999923706055,36333600
2018-12-03,22.3770694732666,28.075000762939453,28.075000762939453,27.545000076293945,27.704999923706055,35813000
2018-12-04,22.39300537109375,28.094999313354492,28.405000686645508,28.024999618530273,28.145000457763672,44536000
2018-12-06,22.416921615600586,28.125,28.219999313354492,27.549999237060547,28.209999084472656,49395800
2018-12-07,22.500606536865234,28.229999542236328,28.395000457763672,27.895000457763672,28.084999084472656,39458800
2018-12-10,22.54444122314453,28.28499984741211,28.375,27.739999771118164,28.229999542236328,42296200
2018-12-11,22.636106491088867,28.399999618530273,28.4950008392334,28.170000076293945,28.31999969482422,52186800
2018-12-12,22.49263572692871,28.219999313354492,28.55500030517578,28.204999923706055,28.3700008392334,36594800
2018-12-13,22.687915802001953,28.46500015258789,28.59000015258789,28.235000610351562,28.239999771118164,36144000
2018-12-14,22.644079208374023,28.40999984741211,28.55500030517578,28.2450008392334,28.489999771118164,50311200
2018-12-17,21.914775848388672,27.4950008392334,28.485000610351562,27.385000228881836,28.46500015258789,60421600
2018-12-18,21.7673282623291,27.309999465942383,27.844999313354492,27.229999542236328,27.649999618530273,47270800
2018-12-19,21.731456756591797,27.264999389648438,27.584999084472656,27.104999542236328,27.364999771118164,55856800
2018-12-20,21.719499588012695,27.25,27.639999389648438,26.940000534057617,27.290000915527344,78047600
2018-12-21,21.626667022705078,26.905000686645508,27.709999084472656,26.825000762939453,27.225000381469727,71291600
2018-12-24,20.722370147705078,25.780000686645508,27.05500030517578,25.674999237060547,26.854999542236328,45330600
2018-12-26,21.003704071044922,26.1299991607666,26.165000915527344,25.405000686645508,25.78499984741211,61678200
2018-12-27,21.180543899536133,26.350000381469727,26.385000228881836,25.700000762939453,26.139999389648438,59461200
2018-12-28,21.232791900634766,26.415000915527344,26.68000030517578,26.315000534057617,26.40999984741211,42175200
2018-12-31,21.268959045410156,26.459999084472656,26.53499984741211,26.184999465942383,26.424999237060547,32604400
2019-01-02,20.90322494506836,26.0049991607666,26.3799991607666,25.850000381469727,26.354999542236328,50347800
2019-01-03,20.899206161499023,26.0,26.219999313354492,25.8799991607666,26.0049991607666,43175000
2019-01-04,21.208677291870117,26.385000228881836,26.399999618530273,25.844999313354492,25.8799991607666,38007000
2019-01-07,21.063989639282227,26.204999923706055,26.334999084472656,26.059999465942383,26.219999313354492,32535400
2019-01-08,21.325233459472656,26.530000686645508,26.559999465942383,26.084999084472656,26.229999542236328,33287000
2019-01-09,21.196617126464844,26.3700008392334,26.625,26.295000076293945,26.514999389648438,36149400
2019-01-10,21.47393798828125,26.71500015258789,26.764999389648438,26.364999771118164,26.399999618530273,50916200
2019-01-11,21.393556594848633,26.614999771118164,26.735000610351562,26.450000762939453,26.68000030517578,49685000
2019-01-14,20.91126823425293,26.014999389648438,26.6200008392334,25.770000457763672,26.299999237060547,46979600
2019-01-15,21.168489456176758,26.334999084472656,26.479999542236328,25.8799991607666,25.905000686645508,54186200
2019-01-16,21.24485206604004,26.43000030517578,26.440000534057617,26.135000228881836,26.28499984741211,36696400
2019-01-17,21.333271026611328,26.540000915527344,26.600000381469727,26.3700008392334,26.40999984741211,41571800
2019-01-18,21.357389450073242,26.56999969482422,26.65999984741211,26.450000762939453,26.575000762939453,28309400
2019-01-22,21.397579193115234,26.6200008392334,26.764999389648438,26.360000610351562,26.565000534057617,33828800
2019-01-23,21.614604949951172,26.889999389648438,26.905000686645508,26.579999923706055,26.625,28422200
2019-01-24,21.727140426635742,27.030000686645508,27.05500030517578,26.670000076293945,26.8700008392334,43848200
2019-01-25,21.42972755432129,26.65999984741211,27.06999969482422,26.6200008392334,26.94499969482422,36308200
2019-01-28,21.329256057739258,26.53499984741211,26.764999389648438,26.415000915527344,26.665000915527344,28367600
2019-01-29,21.389537811279297,26.610000610351562,26.735000610351562,26.520000457763672,26.65999984741211,25237000
2019-01-30,21.554319381713867,26.815000534057617,26.93000030517578,26.5,26.540000915527344,37157800
2019-01-31,22.008472442626953,27.3799991607666,27.459999084472656,26.684999465942383,26.80500030517578,46163200
2019-02-01,21.9240779876709,27.274999618530273,27.3799991607666,27.040000915527344,27.264999389648438,31124800
2019-02-04,21.96024513244629,27.31999969482422,27.334999084472656,26.96500015258789,27.155000686645508,36131400
2019-02-05,22.00445556640625,27.375,27.424999237060547,27.165000915527344,27.31999969482422,24592200
2019-02-06,21.992399215698242,27.360000610351562,27.469999313354492,27.225000381469727,27.334999084472656,18408400
2019-02-07,22.281776428222656,27.719999313354492,27.719999313354492,27.235000610351562,27.31999969482422,32150800
2019-02-08,22.378232955932617,27.84000015258789,27.854999542236328,27.594999313354492,27.655000686645508,29267400
2019-02-11,22.370195388793945,27.829999923706055,27.975000381469727,27.735000610351562,27.84000015258789,29458200
2019-02-12,22.422441482543945,27.895000457763672,28.03499984741211,27.674999237060547,27.834999084472656,29506600
2019-02-13,22.358135223388672,27.815000534057617,27.885000228881836,27.700000762939453,27.809999465942383,26763600
2019-02-14,22.321964263916016,27.770000457763672,27.915000915527344,27.670000076293945,27.834999084472656,38188000
2019-02-15,22.390287399291992,27.854999542236328,27.959999084472656,27.7549991607666,27.860000610351562,18689000
2019-02-19,22.522918701171875,28.020000457763672,28.049999237060547,27.790000915527344,27.875,28978600
2019-02-20,22.623395919799805,28.145000457763672,28.19499969482422,27.860000610351562,28.010000228881836,28716800
2019-02-21,22.788183212280273,28.350000381469727,28.395000457763672,27.96500015258789,28.059999465942383,38200000
2019-02-22,22.92884063720703,28.524999618530273,28.530000686645508,28.270000457763672,28.399999618530273,30495000
2019-02-25,22.78013801574707,28.34000015258789,28.56999969482422,28.225000381469727,28.549999237060547,26160200
2019-02-26,22.752004623413086,28.30500030517578,28.440000534057617,28.15999984741211,28.399999618530273,27405400
2019-02-27,22.78013801574707,28.34000015258789,28.43000030517578,28.209999084472656,28.239999771118164,23912600
2019-02-28,22.912765502929688,28.5049991607666,28.575000762939453,28.204999923706055,28.354999542236328,25616200
2019-03-01,22.960996627807617,28.565000534057617,28.584999084472656,28.325000762939453,28.514999389648438,26836000
2019-03-04,23.00118637084961,28.614999771118164,28.674999237060547,28.334999084472656,28.600000381469727,24675200
2019-03-05,22.973052978515625,28.579999923706055,28.684999465942383,28.530000686645508,28.614999771118164,24091000
2019-03-06,22.973052978515625,28.579999923706055,28.684999465942383,28.479999542236328,28.610000610351562,22608600
2019-03-07,23.04941749572754,28.674999237060547,28.854999542236328,28.594999313354492,28.6299991607666,30257000
2019-03-08,23.12980079650879,28.774999618530273,28.799999237060547,28.5049991607666,28.709999084472656,36031800
2019-03-11,23.29458236694336,28.979999542236328,28.989999771118164,28.764999389648438,28.78499984741211,28917600
2019-03-12,23.45534324645996,29.18000030517578,29.209999084472656,28.975000381469727,29.030000686645508,34204200
2019-03-13,23.479455947875977,29.209999084472656,29.280000686645508,29.104999542236328,29.125,31775200
2019-03-14,23.475439071655273,29.204999923706055,29.3700008392334,29.094999313354492,29.19499969482422,30310800
2019-03-15,23.56046485900879,29.094999313354492,29.190000534057617,28.8700008392334,29.03499984741211,35429800
2019-03-18,23.471393585205078,28.985000610351562,29.149999618530273,28.860000610351562,29.110000610351562,30017600
2019-03-19,23.204166412353516,28.655000686645508,28.985000610351562,28.549999237060547,28.940000534057617,45271600
2019-03-20,23.2648983001709,28.729999542236328,28.959999084472656,28.584999084472656,28.709999084472656,37761000
2019-03-21,23.511882781982422,29.03499984741211,29.094999313354492,28.704999923706055,28.75,30743600
2019-03-22,23.68193817138672,29.2450008392334,29.450000762939453,29.03499984741211,29.145000457763672,40905000
2019-03-25,23.702178955078125,29.270000457763672,29.360000610351562,29.149999618530273,29.270000457763672,27526000
2019-03-26,23.87223243713379,29.479999542236328,29.5,29.2450008392334,29.28499984741211,31399400
2019-03-27,23.706228256225586,29.274999618530273,29.53499984741211,29.139999389648438,29.510000228881836,34647000
2019-03-28,23.426856994628906,28.93000030517578,29.3700008392334,28.829999923706055,29.270000457763672,49497600
2019-03-29,23.5523681640625,29.084999084472656,29.1200008392334,28.81999969482422,28.889999389648438,43670200
2019-04-01,23.390413284301758,28.885000228881836,29.084999084472656,28.71500015258789,29.084999084472656,53363800
2019-04-02,23.422805786132812,28.924999237060547,28.979999542236328,28.7450008392334,28.94499969482422,49956200
2019-04-03,23.38636016845703,28.8799991607666,29.0,28.665000915527344,28.864999771118164,30901000
2019-04-04,23.30537986755371,28.780000686645508,28.954999923706055,28.610000610351562,28.93000030517578,32529200
2019-04-05,23.524024963378906,29.049999237060547,29.065000534057617,28.690000534057617,28.780000686645508,30838600
2019-04-08,23.358016967773438,28.844999313354492,29.024999618530273,28.770000457763672,28.985000610351562,29363400
2019-04-09,23.414701461791992,28.915000915527344,28.94499969482422,28.78499984741211,28.8700008392334,25987800
2019-04-10,23.341829299926758,28.825000762939453,29.170000076293945,28.760000228881836,28.975000381469727,33782400
2019-04-11,23.459243774414062,28.969999313354492,28.979999542236328,28.78499984741211,28.81999969482422,34840000
2019-04-12,23.568565368652344,29.104999542236328,29.135000228881836,28.719999313354492,28.864999771118164,31853200
2019-04-15,23.564512252807617,29.100000381469727,29.229999542236328,29.024999618530273,29.1299991607666,30506200
2019-04-16,23.272994995117188,28.739999771118164,29.165000915527344,28.645000457763672,29.100000381469727,39377400
2019-04-17,23.183921813964844,28.6299991607666,28.78499984741211,28.604999542236328,28.709999084472656,30389600
2019-04-18,23.196067810058594,28.645000457763672,28.844999313354492,28.6299991607666,28.700000762939453,32078800
2019-04-22,23.175823211669922,28.6200008392334,28.729999542236328,28.559999465942383,28.635000228881836,21371000
2019-04-23,23.24060821533203,28.700000762939453,28.790000915527344,28.489999771118164,28.6299991607666,34136400
2019-04-24,23.390413284301758,28.885000228881836,28.985000610351562,28.725000381469727,28.770000457763672,32856800
2019-04-25,23.487585067749023,29.0049991607666,29.1200008392334,28.725000381469727,28.7549991607666,30506600
2019-04-26,23.524024963378906,29.049999237060547,29.34000015258789,29.020000457763672,29.165000915527344,29034800
2019-04-29,23.38636016845703,28.8799991607666,29.03499984741211,28.760000228881836,29.024999618530273,41551800
2019-04-30,23.771007537841797,29.354999542236328,29.375,28.834999084472656,28.885000228881836,44033400
2019-05-01,23.528076171875,29.05500030517578,29.350000381469727,29.030000686645508,29.270000457763672,52825400
2019-05-02,23.475439071655273,28.989999771118164,29.155000686645508,28.774999618530273,29.0,46927600
2019-05-03,23.604999542236328,29.149999618530273,29.200000762939453,28.94499969482422,28.989999771118164,32142600
2019-05-06,23.475439071655273,28.989999771118164,29.229999542236328,28.93000030517578,29.149999618530273,26779000
2019-05-07,23.402557373046875,28.899999618530273,29.014999389648438,28.764999389648438,28.94499969482422,25084400
2019-05-08,23.08269500732422,28.5049991607666,28.895000457763672,28.479999542236328,28.864999771118164,57384800
2019-05-09,23.054353713989258,28.469999313354492,28.6299991607666,28.329999923706055,28.5049991607666,32347600
2019-05-10,23.467342376708984,28.979999542236328,28.9950008392334,28.40999984741211,28.46500015258789,50316000
2019-05-13,23.718374252319336,29.290000915527344,29.354999542236328,28.850000381469727,28.889999389648438,40192600
2019-05-14,23.56046485900879,29.094999313354492,29.31999969482422,29.040000915527344,29.295000076293945,35218800
2019-05-15,23.519973754882812,29.045000076293945,29.219999313354492,29.010000228881836,29.110000610351562,29155000
2019-05-16,23.67789077758789,29.239999771118164,29.329999923706055,28.934999465942383,29.014999389648438,27816600
2019-05-17,23.799352645874023,29.389999389648438,29.5049991607666,29.06999969482422,29.110000610351562,20954200
2019-05-20,23.831737518310547,29.43000030517578,29.614999771118164,29.354999542236328,29.454999923706055,18237400
2019-05-21,23.87628173828125,29.485000610351562,29.725000381469727,29.405000686645508,29.475000381469727,23008800
2019-05-22,24.054426193237305,29.704999923706055,29.735000610351562,29.440000534057617,29.530000686645508,18515800
2019-05-23,24.260921478271484,29.959999084472656,29.96500015258789,29.704999923706055,29.735000610351562,30329000
2019-05-24,24.224485397338867,29.915000915527344,30.135000228881836,29.8799991607666,29.979999542236328,17424800
2019-05-28,23.82769203186035,29.424999237060547,29.979999542236328,29.375,29.954999923706055,32795800
2019-05-29,23.511882781982422,29.03499984741211,29.524999618530273,28.96500015258789,29.4950008392334,40238200
2019-05-30,23.475439071655273,28.989999771118164,29.200000762939453,28.899999618530273,29.040000915527344,33645200
2019-05-31,23.584758758544922,29.125,29.204999923706055,28.8700008392334,29.0,36514000
2019-06-03,23.81959342956543,29.415000915527344,29.454999923706055,29.06999969482422,29.219999313354492,40670800
2019-06-04,23.839839935302734,29.440000534057617,29.479999542236328,28.895000457763672,29.44499969482422,37057800
2019-06-05,24.350000381469727,30.06999969482422,30.170000076293945,29.44499969482422,29.549999237060547,63510600
2019-06-06,24.49980926513672,30.2549991607666,30.309999465942383,30.024999618530273,30.110000610351562,51022400
2019-06-07,24.317611694335938,30.030000686645508,30.594999313354492,30.014999389648438,30.40999984741211,37986200
2019-06-10,24.1516056060791,29.825000762939453,30.0,29.674999237060547,29.940000534057617,27400600
2019-06-11,24.005844116210938,29.645000457763672,29.895000457763672,29.475000381469727,29.815000534057617,36072200
2019-06-12,24.317611694335938,30.030000686645508,30.075000762939453,29.760000228881836,29.795000076293945,24700400
2019-06-13,24.366195678710938,30.09000015258789,30.18000030517578,29.889999389648438,30.100000381469727,32424000
2019-06-14,24.62127685546875,30.405000686645508,30.459999084472656,30.114999771118164,30.125,28485400
2019-06-17,24.552438735961914,30.31999969482422,30.4950008392334,30.1299991607666,30.405000686645508,22924200
2019-06-18,24.451221466064453,30.19499969482422,30.5049991607666,29.989999771118164,30.454999923706055,46290600
2019-06-19,24.63747215270996,30.424999237060547,30.55500030517578,30.049999237060547,30.059999465942383,43191800
2019-06-20,24.795377731323242,30.6200008392334,30.690000534057617,30.270000457763672,30.584999084472656,38275600
2019-06-21,24.89128875732422,30.4950008392334,30.549999237060547,30.135000228881836,30.350000381469727,30116400
2019-06-24,24.899444580078125,30.5049991607666,30.594999313354492,30.389999389648438,30.549999237060547,19774400
2019-06-25,24.748437881469727,30.31999969482422,30.530000686645508,30.25,30.530000686645508,24290800
2019-06-26,24.209728240966797,29.65999984741211,30.309999465942383,29.649999618530273,30.2450008392334,33777000
2019-06-27,24.242368698120117,29.700000762939453,29.84000015258789,29.584999084472656,29.7549991607666,28271000
2019-06-28,24.33624267578125,29.815000534057617,29.979999542236328,29.649999618530273,29.709999084472656,32266400
2019-07-01,24.2750186920166,29.739999771118164,29.864999771118164,29.469999313354492,29.834999084472656,35846800
2019-07-02,24.605602264404297,30.145000457763672,30.19499969482422,29.844999313354492,29.850000381469727,42719000
2019-07-03,24.77701187133789,30.354999542236328,30.540000915527344,30.209999084472656,30.235000610351562,31573200
2019-07-05,24.764772415161133,30.34000015258789,30.385000228881836,29.875,30.165000915527344,31892800
2019-07-08,24.801498413085938,30.385000228881836,30.479999542236328,30.19499969482422,30.360000610351562,18836400
2019-07-09,24.834150314331055,30.424999237060547,30.434999465942383,30.170000076293945,30.334999084472656,34965400
2019-07-10,24.89128875732422,30.4950008392334,30.65999984741211,30.354999542236328,30.459999084472656,22972000
2019-07-11,24.899444580078125,30.5049991607666,30.6200008392334,30.2450008392334,30.459999084472656,39996000
2019-07-12,24.7362003326416,30.30500030517578,30.530000686645508,30.19499969482422,30.4950008392334,22490600
2019-07-15,24.834150314331055,30.424999237060547,30.469999313354492,30.19499969482422,30.309999465942383,18690600
2019-07-16,24.691308975219727,30.25,30.454999923706055,30.09000015258789,30.350000381469727,28749200
2019-07-17,24.785171508789062,30.364999771118164,30.540000915527344,30.25,30.354999542236328,26709400
2019-07-18,25.001476287841797,30.6299991607666,30.635000228881836,30.200000762939453,30.3700008392334,29466400
2019-07-19,24.63825035095215,30.184999465942383,30.645000457763672,30.170000076293945,30.559999465942383,30616600
2019-07-22,24.58519744873047,30.1200008392334,30.290000915527344,29.94499969482422,30.260000228881836,26353000
2019-07-23,24.430105209350586,29.93000030517578,30.174999237060547,29.875,30.155000686645508,33581200
2019-07-24,24.450515747070312,29.954999923706055,30.09000015258789,29.725000381469727,30.014999389648438,27121400
2019-07-25,24.389293670654297,29.8799991607666,30.075000762939453,29.729999542236328,29.860000610351562,28296600
2019-07-26,24.479084014892578,29.989999771118164,30.104999542236328,29.84000015258789,29.905000686645508,27758000
2019-07-29,24.605602264404297,30.145000457763672,30.190000534057617,29.905000686645508,30.075000762939453,33243400
2019-07-30,24.41786766052246,29.915000915527344,30.21500015258789,29.764999389648438,30.075000762939453,37991200
2019-07-31,24.303592681884766,29.774999618530273,30.06999969482422,29.594999313354492,29.924999237060547,48762000
2019-08-01,24.552549362182617,30.079999923706055,30.25,29.625,29.725000381469727,58986200
2019-08-02,24.548465728759766,30.075000762939453,30.325000762939453,30.010000228881836,30.125,29878600
2019-08-05,24.197481155395508,29.645000457763672,30.219999313354492,29.485000610351562,30.139999389648438,53153600
2019-08-06,24.499486923217773,30.014999389648438,30.1299991607666,29.344999313354492,29.674999237060547,54071800
2019-08-07,24.560707092285156,30.09000015258789,30.270000457763672,29.600000381469727,30.024999618530273,49909400
2019-08-08,24.813739776611328,30.399999618530273,30.479999542236328,29.90999984741211,30.075000762939453,34115000
2019-08-09,24.842308044433594,30.434999465942383,30.56999969482422,30.325000762939453,30.424999237060547,23627000
2019-08-12,24.7933349609375,30.375,30.520000457763672,30.219999313354492,30.440000534057617,27249600
2019-08-13,24.809659957885742,30.395000457763672,30.5049991607666,30.190000534057617,30.3700008392334,35494400
2019-08-14,24.605602264404297,30.145000457763672,30.59000015258789,30.065000534057617,30.434999465942383,40581000
2019-08-15,24.923933029174805,30.53499984741211,30.639999389648438,30.06999969482422,30.25,44171600
2019-08-16,25.050451278686523,30.690000534057617,30.78499984741211,30.5049991607666,30.549999237060547,32243000
2019-08-19,25.20962142944336,30.885000228881836,30.989999771118164,30.575000762939453,30.625,28468000
2019-08-20,25.16880226135254,30.834999084472656,30.959999084472656,30.704999923706055,30.954999923706055,31048800
2019-08-21,25.336137771606445,31.040000915527344,31.040000915527344,30.760000228881836,30.78499984741211,28795800
2019-08-22,25.36063003540039,31.06999969482422,31.110000610351562,30.80500030517578,31.020000457763672,29834200
2019-08-23,25.091264724731445,30.739999771118164,31.229999542236328,30.584999084472656,31.1299991607666,42595800
2019-08-26,25.38102912902832,31.094999313354492,31.104999542236328,30.739999771118164,30.815000534057617,25701400
2019-08-27,25.425926208496094,31.149999618530273,31.3700008392334,31.114999771118164,31.2450008392334,38448800
2019-08-28,25.356544494628906,31.065000534057617,31.295000076293945,30.954999923706055,31.184999465942383,31791600
2019-08-29,25.532033920288086,31.280000686645508,31.290000915527344,30.989999771118164,31.239999771118164,35467000
2019-08-30,25.540197372436523,31.290000915527344,31.399999618530273,31.19499969482422,31.375,24166000
2019-09-03,25.993209838867188,31.844999313354492,31.850000381469727,31.2450008392334,31.280000686645508,42728200
2019-09-04,26.0176944732666,31.875,32.01499938964844,31.674999237060547,31.934999465942383,31633200
2019-09-05,25.73609733581543,31.530000686645508,31.735000610351562,31.420000076293945,31.665000915527344,58664800
2019-09-06,25.634063720703125,31.405000686645508,31.68000030517578,31.309999465942383,31.610000610351562,25326400
2019-09-09,25.507549285888672,31.25,31.395000457763672,31.190000534057617,31.34000015258789,33649800
2019-09-10,25.540197372436523,31.290000915527344,31.290000915527344,31.020000457763672,31.200000762939453,38336000
2019-09-11,25.79323387145996,31.600000381469727,31.625,31.104999542236328,31.2450008392334,45377000
2019-09-12,25.850366592407227,31.670000076293945,31.885000228881836,31.524999618530273,31.790000915527344,47199400
2019-09-13,25.687118530273438,31.469999313354492,31.700000762939453,31.375,31.489999771118164,49998200
2019-09-16,25.70752716064453,31.4950008392334,31.545000076293945,31.31999969482422,31.520000457763672,23926000
2019-09-17,25.931995391845703,31.770000457763672,31.844999313354492,31.53499984741211,31.549999237060547,34658200
2019-09-18,26.04218101501465,31.905000686645508,32.005001068115234,31.690000534057617,31.889999389648438,41925400
2019-09-19,26.16461753845215,32.05500030517578,32.084999084472656,31.885000228881836,32.005001068115234,30041400
2019-09-20,26.268259048461914,31.934999465942383,31.969999313354492,31.690000534057617,31.850000381469727,36989200
2019-09-23,26.27237892150879,31.940000534057617,32.060001373291016,31.860000610351562,31.924999237060547,17616600
2019-09-24,26.580835342407227,32.314998626708984,32.42499923706055,32.029998779296875,32.05500030517578,53815800
2019-09-25,26.56438636779785,32.29499816894531,32.33000183105469,32.119998931884766,32.290000915527344,32467600
2019-09-26,26.70421600341797,32.46500015258789,32.55500030517578,32.314998626708984,32.375,26746800
2019-09-27,26.609622955322266,32.349998474121094,32.529998779296875,32.16999816894531,32.5099983215332,33229600
2019-09-30,26.626075744628906,32.369998931884766,32.53499984741211,32.279998779296875,32.375,21670400
2019-10-01,26.56438636779785,32.29499816894531,32.349998474121094,32.119998931884766,32.2599983215332,47566800
2019-10-02,26.21068572998047,31.864999771118164,32.279998779296875,31.78499984741211,32.224998474121094,29720600
2019-10-03,26.27237892150879,31.940000534057617,31.954999923706055,31.709999084472656,31.875,59569200
2019-10-04,26.638410568237305,32.3849983215332,32.45500183105469,31.934999465942383,31.979999542236328,37167000
2019-10-07,26.535593032836914,32.2599983215332,32.39500045776367,32.18000030517578,32.35499954223633,25731800
2019-10-08,26.288827896118164,31.959999084472656,32.26499938964844,31.94499969482422,32.2400016784668,43191800
2019-10-09,26.416330337524414,32.1150016784668,32.2400016784668,31.969999313354492,32.04499816894531,17954000
2019-10-10,26.387535095214844,32.08000183105469,32.150001525878906,31.799999237060547,32.040000915527344,31210600
2019-10-11,26.288827896118164,31.959999084472656,32.15999984741211,31.850000381469727,32.04999923706055,32154600
2019-10-14,26.120203018188477,31.7549991607666,32.064998626708984,31.65999984741211,32.04999923706055,19892000
2019-10-15,26.037944793701172,31.655000686645508,31.850000381469727,31.575000762939453,31.774999618530273,31726600
2019-10-16,26.09552764892578,31.725000381469727,31.739999771118164,31.489999771118164,31.635000228881836,32355000
2019-10-17,26.161333084106445,31.80500030517578,31.8700008392334,31.649999618530273,31.725000381469727,25999600
2019-10-18,26.247699737548828,31.90999984741211,31.979999542236328,31.649999618530273,31.729999542236328,29105800
2019-10-21,26.35051918029785,32.03499984741211,32.04499816894531,31.815000534057617,31.915000915527344,22924800
2019-10-22,26.461563110351562,32.16999816894531,32.314998626708984,32.01499938964844,32.11000061035156,31182600
2019-10-23,26.568492889404297,32.29999923706055,32.380001068115234,32.15999984741211,32.244998931884766,25821800
2019-10-24,26.658977508544922,32.40999984741211,32.46500015258789,32.26499938964844,32.314998626708984,22922400
2019-10-25,26.387535095214844,32.08000183105469,32.47999954223633,31.950000762939453,32.435001373291016,33850200
2019-10-28,26.02560806274414,31.639999389648438,32.0,31.600000381469727,31.915000915527344,50137200
2019-10-29,26.050283432006836,31.670000076293945,31.739999771118164,31.530000686645508,31.6200008392334,39544800
2019-10-30,26.28060531616211,31.950000762939453,32.029998779296875,31.690000534057617,31.69499969482422,39360600
2019-10-31,26.42455291748047,32.125,32.165000915527344,31.875,31.979999542236328,34491800
2019-11-01,26.358739852905273,32.04499816894531,32.244998931884766,31.989999771118164,32.14500045776367,31381800
2019-11-04,26.021499633789062,31.635000228881836,32.03499984741211,31.520000457763672,32.01499938964844,48685600
2019-11-05,25.754165649414062,31.309999465942383,31.579999923706055,31.225000381469727,31.479999542236328,43993800
2019-11-06,25.852876663208008,31.43000030517578,31.559999465942383,31.315000534057617,31.364999771118164,35543800
2019-11-07,25.503284454345703,31.0049991607666,31.424999237060547,30.799999237060547,31.264999389648438,45689400
2019-11-08,25.396360397338867,30.875,31.045000076293945,30.739999771118164,30.90999984741211,31943000
2019-11-11,25.240070343017578,30.684999465942383,30.920000076293945,30.655000686645508,30.885000228881836,18546400
2019-11-12,25.301761627197266,30.760000228881836,30.81999969482422,30.670000076293945,30.690000534057617,25337000
2019-11-13,25.676029205322266,31.21500015258789,31.28499984741211,30.829999923706055,30.8700008392334,33593800
2019-11-14,25.766508102416992,31.325000762939453,31.485000610351562,31.225000381469727,31.315000534057617,33672000
2019-11-15,25.84876251220703,31.424999237060547,31.440000534057617,31.2450008392334,31.34000015258789,19931600
2019-11-18,25.9022274017334,31.489999771118164,31.75,31.434999465942383,31.489999771118164,32981600
2019-11-19,25.836421966552734,31.40999984741211,31.584999084472656,31.2450008392334,31.399999618530273,36104800
2019-11-20,25.992712020874023,31.600000381469727,31.645000457763672,31.3799991607666,31.454999923706055,39359000
2019-11-21,25.9022274017334,31.489999771118164,31.625,31.385000228881836,31.594999313354492,28418000
2019-11-22,25.910451889038086,31.5,31.575000762939453,31.274999618530273,31.559999465942383,22970400
2019-11-25,25.824087142944336,31.395000457763672,31.6200008392334,31.325000762939453,31.530000686645508,40797400
2019-11-26,25.910451889038086,31.5,31.545000076293945,31.375,31.44499969482422,32300200
2019-11-27,25.95569610595703,31.55500030517578,31.59000015258789,31.399999618530273,31.424999237060547,25056400
2019-11-29,25.931020736694336,31.524999618530273,31.735000610351562,31.4950008392334,31.614999771118164,10243000
2019-12-02,25.762392044067383,31.31999969482422,31.454999923706055,31.2549991607666,31.375,37401200
2019-12-03,25.832311630249023,31.405000686645508,31.46500015258789,31.329999923706055,31.399999618530273,25801800
2019-12-04,26.02972412109375,31.645000457763672,31.69499969482422,31.3700008392334,31.395000457763672,39195400
2019-12-05,26.07496452331543,31.700000762939453,31.704999923706055,31.514999389648438,31.594999313354492,24899400
2019-12-06,25.996816635131836,31.604999542236328,31.790000915527344,31.579999923706055,31.579999923706055,19164400
2019-12-09,25.906339645385742,31.4950008392334,31.68000030517578,31.440000534057617,31.674999237060547,23166400
2019-12-10,25.9022274017334,31.489999771118164,31.55500030517578,31.40999984741211,31.489999771118164,25197600
2019-12-11,25.97214126586914,31.575000762939453,31.6299991607666,31.415000915527344,31.530000686645508,23980200
2019-12-12,25.861101150512695,31.440000534057617,31.65999984741211,31.30500030517578,31.53499984741211,48234200
2019-12-13,26.0626220703125,31.684999465942383,31.739999771118164,31.334999084472656,31.454999923706055,38669200
2019-12-16,26.387535095214844,32.08000183105469,32.099998474121094,31.684999465942383,31.684999465942383,41547800
2019-12-17,26.473901748657227,32.185001373291016,32.3849983215332,32.06999969482422,32.099998474121094,33694600
2019-12-18,26.580835342407227,32.314998626708984,32.36000061035156,32.040000915527344,32.209999084472656,25615800
2019-12-19,26.589061737060547,32.32500076293945,32.369998931884766,32.125,32.314998626708984,33803200
2019-12-20,26.771854400634766,32.29499816894531,32.470001220703125,32.064998626708984,32.064998626708984,45942200
2019-12-23,26.523155212402344,31.9950008392334,32.3650016784668,31.90999984741211,32.349998474121094,32956000
2019-12-24,26.560457229614258,32.040000915527344,32.05500030517578,31.8700008392334,32.029998779296875,9025600
2019-12-26,26.606056213378906,32.095001220703125,32.125,31.959999084472656,32.06999969482422,13317000
2019-12-27,26.684804916381836,32.189998626708984,32.189998626708984,32.03499984741211,32.095001220703125,20603400
2019-12-30,26.6806640625,32.185001373291016,32.189998626708984,32.01499938964844,32.05500030517578,23868600
2019-12-31,26.784286499023438,32.310001373291016,32.349998474121094,32.13999938964844,32.18000030517578,21616800
2020-01-02,26.448545455932617,31.905000686645508,32.375,31.78499984741211,32.3650016784668,38215400
2020-01-03,26.502429962158203,31.969999313354492,32.084999084472656,31.854999542236328,31.93000030517578,35978600
2020-01-06,26.527301788330078,32.0,32.095001220703125,31.8799991607666,31.93000030517578,20889000
2020-01-07,26.489992141723633,31.954999923706055,31.969999313354492,31.774999618530273,31.920000076293945,26140600
2020-01-08,26.477561950683594,31.940000534057617,32.08000183105469,31.889999389648438,31.969999313354492,25482800
2020-01-09,26.62264060974121,32.1150016784668,32.150001525878906,31.895000457763672,31.899999618530273,23286200
2020-01-10,26.69309425354004,32.20000076293945,32.314998626708984,32.14500045776367,32.15999984741211,21165800
2020-01-13,26.854745864868164,32.39500045776367,32.4900016784668,32.189998626708984,32.189998626708984,25342200
2020-01-14,26.933502197265625,32.4900016784668,32.5,32.25,32.39500045776367,22990000
2020-01-15,27.310686111450195,32.94499969482422,33.0,32.55500030517578,32.560001373291016,31771800
2020-01-16,27.48062515258789,33.150001525878906,33.185001373291016,32.959999084472656,32.970001220703125,21797600
2020-01-17,27.671293258666992,33.380001068115234,33.42499923706055,33.04999923706055,33.13999938964844,26517600
2020-01-21,27.924137115478516,33.685001373291016,33.70000076293945,33.31999969482422,33.45500183105469,47753000
2020-01-22,28.01116943359375,33.790000915527344,33.8849983215332,33.70000076293945,33.75,21683200
2020-01-23,28.259864807128906,34.09000015258789,34.099998474121094,33.75,33.78499984741211,25938600
2020-01-24,28.334470748901367,34.18000030517578,34.30500030517578,33.94499969482422,34.0,28803000
2020-01-27,28.264009475708008,34.095001220703125,34.400001525878906,34.0,34.15999984741211,22544400
2020-01-28,28.38006591796875,34.23500061035156,34.380001068115234,34.04499816894531,34.130001068115234,35056800
2020-01-29,28.45467758178711,34.32500076293945,34.375,34.119998931884766,34.255001068115234,21599600
2020-01-30,28.719945907592773,34.64500045776367,34.665000915527344,34.220001220703125,34.30500030517578,28808600
2020-01-31,28.591455459594727,34.4900016784668,34.720001220703125,34.310001373291016,34.58000183105469,40949000
2020-02-03,28.682641983032227,34.599998474121094,34.63999938964844,34.46500015258789,34.54499816894531,27095800
2020-02-04,28.396652221679688,34.255001068115234,34.685001373291016,34.220001220703125,34.58000183105469,41384200
2020-02-05,28.51270866394043,34.39500045776367,34.47999954223633,34.10499954223633,34.18000030517578,32610200
2020-02-06,28.520992279052734,34.404998779296875,34.599998474121094,34.31999969482422,34.43000030517578,29908200
2020-02-07,28.429800033569336,34.29499816894531,34.53499984741211,34.28499984741211,34.48500061035156,21392800
2020-02-10,28.537572860717773,34.42499923706055,34.42499923706055,34.224998474121094,34.349998474121094,16279600
2020-02-11,28.64120101928711,34.54999923706055,34.665000915527344,34.46500015258789,34.48500061035156,20539400
2020-02-12,28.661922454833984,34.57500076293945,34.68000030517578,34.3849983215332,34.494998931884766,16094800
2020-02-13,28.9810791015625,34.959999084472656,34.97999954223633,34.54999923706055,34.60499954223633,27175200
2020-02-14,29.17588996887207,35.19499969482422,35.224998474121094,34.974998474121094,35.025001525878906,21108200
2020-02-18,29.420433044433594,35.4900016784668,35.54999923706055,35.22999954223633,35.33000183105469,30069600
2020-02-19,29.101280212402344,35.10499954223633,35.400001525878906,35.10499954223633,35.349998474121094,22391000
2020-02-20,29.20490264892578,35.22999954223633,35.25,34.94499969482422,35.1150016784668,28810200
2020-02-21,29.151018142700195,35.165000915527344,35.39500045776367,35.130001068115234,35.165000915527344,23457200
2020-02-24,28.811140060424805,34.755001068115234,35.209999084472656,34.7400016784668,35.01499938964844,40884200
2020-02-25,28.205982208251953,34.025001525878906,34.849998474121094,33.96500015258789,34.790000915527344,56276600
2020-02-26,27.919984817504883,33.68000030517578,34.33000183105469,33.67499923706055,34.025001525878906,52384600
2020-02-27,26.664085388183594,32.165000915527344,33.72999954223633,32.154998779296875,33.54499816894531,87206200
2020-02-28,25.772932052612305,31.09000015258789,31.46500015258789,30.350000381469727,31.43000030517578,180526200
2020-03-02,27.289960861206055,32.91999816894531,32.96500015258789,31.174999237060547,31.25,84351600
2020-03-03,26.954227447509766,32.51499938964844,33.619998931884766,32.3849983215332,32.939998626708984,126558000
2020-03-04,28.483692169189453,34.36000061035156,34.404998779296875,32.92499923706055,32.94499969482422,62856400
2020-03-05,28.044334411621094,33.83000183105469,34.290000915527344,33.43000030517578,33.79499816894531,67070200
2020-03-06,27.816362380981445,33.55500030517578,33.689998626708984,32.30500030517578,32.935001373291016,70997800
2020-03-09,26.303476333618164,31.729999542236328,32.625,31.229999542236328,31.774999618530273,74339400
2020-03-10,26.548023223876953,32.025001525878906,32.619998931884766,30.594999313354492,32.25,81616800
2020-03-11,25.213367462158203,30.415000915527344,31.329999923706055,29.985000610351562,31.309999465942383,64307800
2020-03-12,22.66840934753418,27.344999313354492,29.270000457763672,27.0049991607666,28.75,77766400
2020-03-13,23.90358543395996,28.834999084472656,28.885000228881836,26.825000762939453,28.885000228881836,54277200
2020-03-16,21.188682556152344,25.559999465942383,28.2549991607666,25.459999084472656,26.229999542236328,56293400
2020-03-17,23.899442672729492,28.829999923706055,29.075000762939453,26.020000457763672,26.30500030517578,77946000
2020-03-18,22.859073638916016,27.575000762939453,28.0049991607666,26.114999771118164,27.104999542236328,85692800
2020-03-19,21.528564453125,25.969999313354492,27.440000534057617,25.889999389648438,27.31999969482422,65459000
2020-03-20,19.82086753845215,23.90999984741211,26.209999084472656,23.739999771118164,26.209999084472656,56358400
2020-03-23,18.809436798095703,22.46500015258789,23.594999313354492,21.719999313354492,23.594999313354492,64018000
2020-03-24,20.831464767456055,24.8799991607666,24.985000610351562,23.165000915527344,23.325000762939453,54902800
2020-03-25,21.363130569458008,25.514999389648438,26.584999084472656,24.165000915527344,24.915000915527344,61255000
2020-03-26,23.1842098236084,27.690000534057617,27.989999771118164,25.530000686645508,25.790000915527344,61794400
2020-03-27,23.30980682373047,27.84000015258789,28.844999313354492,26.719999313354492,26.854999542236328,50186200
2020-03-30,24.172197341918945,28.8700008392334,29.045000076293945,27.959999084472656,28.079999923706055,59519000
2020-03-31,23.196767807006836,27.704999923706055,28.645000457763672,27.614999771118164,28.645000457763672,67456400
2020-04-01,21.802701950073242,26.040000915527344,26.975000381469727,25.540000915527344,26.610000610351562,53420600
2020-04-02,22.48508644104004,26.854999542236328,27.040000915527344,25.614999771118164,25.760000228881836,53121600
2020-04-03,21.681297302246094,25.895000457763672,26.889999389648438,25.69499969482422,26.559999465942383,31872000
2020-04-06,23.355854034423828,27.895000457763672,28.174999237060547,26.844999313354492,26.844999313354492,41379600
2020-04-07,23.062808990478516,27.545000076293945,28.690000534057617,27.510000228881836,28.645000457763672,49163200
2020-04-08,24.3187198638916,29.045000076293945,29.28499984741211,27.479999542236328,27.709999084472656,64925600
2020-04-09,25.465791702270508,30.415000915527344,30.889999389648438,29.375,29.485000610351562,87722800
2020-04-13,24.657825469970703,29.450000762939453,30.260000228881836,29.155000686645508,30.260000228881836,27830400
2020-04-14,25.382068634033203,30.315000534057617,30.360000610351562,29.795000076293945,30.084999084472656,34175600
2020-04-15,24.54478645324707,29.315000534057617,29.84000015258789,29.149999618530273,29.479999542236328,25671600
2020-04-16,24.548969268798828,29.31999969482422,29.565000534057617,29.030000686645508,29.440000534057617,20800000
2020-04-17,25.340200424194336,30.264999389648438,30.424999237060547,29.540000915527344,29.94499969482422,21555000
2020-04-20,24.38152313232422,29.1200008392334,30.075000762939453,29.075000762939453,30.075000762939453,28761000
2020-04-21,23.97962188720703,28.639999389648438,28.985000610351562,28.31999969482422,28.594999313354492,40783200
2020-04-22,24.678754806518555,29.475000381469727,29.71500015258789,28.985000610351562,29.18000030517578,31190800
2020-04-23,24.264301300048828,28.979999542236328,29.645000457763672,28.815000534057617,29.565000534057617,24830400
2020-04-24,24.415010452270508,29.15999984741211,29.28499984741211,28.655000686645508,29.030000686645508,23973800
2020-04-27,24.670377731323242,29.46500015258789,29.68000030517578,29.299999237060547,29.329999923706055,25481000
2020-04-28,24.76247787475586,29.575000762939453,30.200000762939453,29.440000534057617,29.8799991607666,28643400
2020-04-29,24.536418914794922,29.30500030517578,30.06999969482422,29.184999465942383,30.05500030517578,23575600
2020-04-30,23.97125244140625,28.6299991607666,29.139999389648438,28.364999771118164,29.094999313354492,38733800
2020-05-01,23.39353370666504,27.940000534057617,28.315000534057617,27.780000686645508,28.295000076293945,26918600
2020-05-04,23.569358825683594,28.149999618530273,28.219999313354492,27.625,27.795000076293945,24027600
2020-05-05,23.761932373046875,28.3799991607666,28.719999313354492,28.21500015258789,28.25,23653600
2020-05-06,22.953960418701172,27.415000915527344,28.5,27.375,28.479999542236328,48150400
2020-05-07,23.046058654785156,27.524999618530273,27.975000381469727,27.479999542236328,27.729999542236328,42266200
2020-05-08,23.5107479095459,28.079999923706055,28.190000534057617,27.729999542236328,27.860000610351562,26553200
2020-05-11,23.410276412963867,27.959999084472656,28.065000534057617,27.46500015258789,27.860000610351562,31326400
2020-05-12,23.20514488220215,27.71500015258789,28.155000686645508,27.65999984741211,28.030000686645508,43734400
2020-05-13,23.008384704589844,27.479999542236328,27.65999984741211,27.165000915527344,27.65999984741211,39645000
2020-05-14,23.25537872314453,27.774999618530273,27.854999542236328,26.829999923706055,27.204999923706055,46233200
2020-05-15,22.945589065551758,27.405000686645508,27.59000015258789,26.985000610351562,27.579999923706055,69347600
2020-05-18,23.887527465820312,28.530000686645508,28.709999084472656,28.049999237060547,28.049999237060547,45994600
2020-05-19,23.49400520324707,28.059999465942383,28.489999771118164,28.05500030517578,28.40999984741211,32655800
2020-05-20,23.6237850189209,28.21500015258789,28.530000686645508,28.104999542236328,28.350000381469727,23583200
2020-05-21,23.385156631469727,27.93000030517578,28.34000015258789,27.875,28.139999389648438,33868200
2020-05-22,23.64471435546875,28.239999771118164,28.264999389648438,27.84000015258789,27.93000030517578,23838000
2020-05-26,23.799612045288086,28.424999237060547,28.975000381469727,28.395000457763672,28.75,35071800
2020-05-27,24.084287643432617,28.764999389648438,28.975000381469727,28.3700008392334,28.924999237060547,32984600
2020-05-28,24.795970916748047,29.614999771118164,29.739999771118164,29.110000610351562,29.135000228881836,42582000
2020-05-29,24.988540649414062,29.844999313354492,30.0,29.3700008392334,29.545000076293945,29511800
2020-06-01,25.285778045654297,30.200000762939453,30.385000228881836,29.665000915527344,29.834999084472656,29112800
2020-06-02,25.449047088623047,30.395000457763672,30.415000915527344,29.989999771118164,30.315000534057617,27998600
2020-06-03,25.754648208618164,30.760000228881836,30.975000381469727,30.53499984741211,30.559999465942383,25682800
2020-06-04,25.294151306152344,30.209999084472656,30.65999984741211,29.81999969482422,30.594999313354492,43679200
2020-06-05,25.61650276184082,30.594999313354492,31.18000030517578,30.454999923706055,30.485000610351562,44260000
2020-06-08,26.303071975708008,31.415000915527344,31.514999389648438,30.43000030517578,30.649999618530273,31919000
2020-06-09,25.775585174560547,30.78499984741211,31.145000457763672,30.44499969482422,31.1299991607666,37283600
2020-06-10,25.624876022338867,30.604999542236328,30.989999771118164,30.5049991607666,30.78499984741211,25052000
2020-06-11,24.62432861328125,29.40999984741211,30.165000915527344,29.19499969482422,30.079999923706055,69420400
2020-06-12,24.56153106689453,29.334999084472656,30.0049991607666,28.975000381469727,29.969999313354492,46404800
2020-06-15,24.728988647460938,29.53499984741211,29.75,28.565000534057617,28.815000534057617,33434000
2020-06-16,24.84202003479004,29.670000076293945,30.415000915527344,29.510000228881836,30.25,34226600
2020-06-17,24.76666259765625,29.579999923706055,29.799999237060547,29.295000076293945,29.795000076293945,24374400
2020-06-18,24.76247787475586,29.575000762939453,29.655000686645508,29.239999771118164,29.395000457763672,26507600
2020-06-19,24.06753921508789,28.7450008392334,29.934999465942383,28.700000762939453,29.809999465942383,58531600
2020-06-22,24.3022518157959,28.78499984741211,28.96500015258789,28.225000381469727,28.489999771118164,25906400
2020-06-23,24.057409286499023,28.4950008392334,29.114999771118164,28.415000915527344,29.079999923706055,25244400
2020-06-24,23.837902069091797,28.235000610351562,28.40999984741211,27.895000457763672,28.280000686645508,28538400
2020-06-25,23.54240608215332,27.885000228881836,28.190000534057617,27.559999465942383,28.174999237060547,43502400
2020-06-26,23.293344497680664,27.59000015258789,28.15999984741211,27.405000686645508,27.844999313354492,57463400
2020-06-29,23.73236656188965,28.110000610351562,28.125,27.514999389648438,27.809999465942383,29730600
2020-06-30,23.821012496948242,28.21500015258789,28.3700008392334,27.950000762939453,28.114999771118164,33743800
2020-07-01,24.37822914123535,28.875,29.0,28.190000534057617,28.239999771118164,39777400
2020-07-02,24.441551208496094,28.950000762939453,29.260000228881836,28.875,29.079999923706055,24295200
2020-07-06,24.141834259033203,28.594999313354492,29.2450008392334,28.360000610351562,29.05500030517578,30775400
2020-07-07,24.044740676879883,28.479999542236328,28.584999084472656,28.145000457763672,28.280000686645508,22681000
2020-07-08,24.260032653808594,28.735000610351562,28.829999923706055,28.3799991607666,28.434999465942383,24359400
2020-07-09,23.93499183654785,28.350000381469727,28.610000610351562,27.954999923706055,28.594999313354492,35750400
2020-07-10,24.38667106628418,28.885000228881836,28.96500015258789,28.34000015258789,28.350000381469727,27166400
2020-07-13,24.41200065612793,28.915000915527344,29.200000762939453,28.780000686645508,28.885000228881836,35531600
2020-07-14,24.639955520629883,29.184999465942383,29.354999542236328,28.885000228881836,28.920000076293945,67894200
2020-07-15,24.542861938476562,29.06999969482422,29.674999237060547,29.014999389648438,29.459999084472656,26940400
2020-07-16,24.855241775512695,29.440000534057617,29.520000457763672,29.020000457763672,29.094999313354492,30126400
2020-07-17,25.416675567626953,30.104999542236328,30.184999465942383,29.575000762939453,29.600000381469727,45901600
2020-07-20,25.08319664001465,29.709999084472656,30.084999084472656,29.65999984741211,30.0,24255200
2020-07-21,25.197166442871094,29.844999313354492,30.190000534057617,29.690000534057617,29.78499984741211,30216000
2020-07-22,25.585533142089844,30.30500030517578,30.415000915527344,29.420000076293945,29.709999084472656,29694200
2020-07-23,25.615081787109375,30.34000015258789,30.55500030517578,30.15999984741211,30.295000076293945,38277400
2020-07-24,25.446226119995117,30.139999389648438,30.709999084472656,29.969999313354492,30.399999618530273,35397000
2020-07-27,25.138071060180664,29.774999618530273,30.170000076293945,29.559999465942383,30.149999618530273,22638600
2020-07-28,25.517993927001953,30.225000381469727,30.479999542236328,29.674999237060547,29.700000762939453,37792000
2020-07-29,25.636188507080078,30.364999771118164,30.44499969482422,30.139999389648438,30.280000686645508,18205600
2020-07-30,25.636188507080078,30.364999771118164,30.3700008392334,29.9950008392334,30.145000457763672,25475800
2020-07-31,25.678401947021484,30.415000915527344,30.4950008392334,29.989999771118164,30.28499984741211,24228000
2020-08-03,25.399791717529297,30.084999084472656,30.399999618530273,29.924999237060547,30.395000457763672,19303800
2020-08-04,25.678401947021484,30.415000915527344,30.549999237060547,29.989999771118164,30.065000534057617,41663600
2020-08-05,25.349136352539062,30.024999618530273,30.5,29.905000686645508,30.479999542236328,23658600
2020-08-06,25.496885299682617,30.200000762939453,30.25,29.84000015258789,29.9950008392334,27576000
2020-08-07,25.957012176513672,30.7450008392334,30.864999771118164,30.075000762939453,30.079999923706055,30942200
2020-08-10,25.94856834411621,30.735000610351562,30.975000381469727,30.635000228881836,30.844999313354492,21208600
2020-08-11,25.387130737304688,30.06999969482422,30.829999923706055,29.989999771118164,30.770000457763672,50996000
2020-08-12,25.754384994506836,30.5049991607666,30.709999084472656,30.149999618530273,30.15999984741211,34570600
2020-08-13,25.71217155456543,30.454999923706055,30.520000457763672,30.219999313354492,30.3799991607666,31627200
2020-08-14,25.488441467285156,30.190000534057617,30.43000030517578,30.110000610351562,30.389999389648438,17336600
2020-08-17,25.454669952392578,30.149999618530273,30.415000915527344,30.03499984741211,30.21500015258789,19020400
2020-08-18,25.340696334838867,30.014999389648438,30.25,29.860000610351562,30.1299991607666,24294600
2020-08-19,25.26470947265625,29.924999237060547,30.104999542236328,29.864999771118164,30.09000015258789,18042800
2020-08-20,25.04098129272461,29.65999984741211,29.954999923706055,29.579999923706055,29.80500030517578,25932000
2020-08-21,25.08319664001465,29.709999084472656,29.764999389648438,29.40999984741211,29.684999465942383,18933400
2020-08-24,25.302703857421875,29.969999313354492,29.979999542236328,29.520000457763672,29.795000076293945,14985800
2020-08-25,25.062082290649414,29.684999465942383,30.030000686645508,29.584999084472656,30.024999618530273,23573200
2020-08-26,24.783475875854492,29.354999542236328,29.600000381469727,29.2450008392334,29.579999923706055,23329800
2020-08-27,24.863683700561523,29.450000762939453,29.65999984741211,29.270000457763672,29.440000534057617,38907200
2020-08-28,24.935443878173828,29.53499984741211,29.565000534057617,29.229999542236328,29.510000228881836,16995800
2020-08-31,25.01143455505371,29.625,29.80500030517578,29.485000610351562,29.489999771118164,19975600
2020-09-01,24.724382400512695,29.28499984741211,29.549999237060547,29.170000076293945,29.530000686645508,26620400
2020-09-02,25.4926700592041,30.19499969482422,30.329999923706055,29.229999542236328,29.350000381469727,37298400
2020-09-03,25.20560646057129,29.854999542236328,30.520000457763672,29.575000762939453,30.204999923706055,38871400
2020-09-04,25.062082290649414,29.684999465942383,30.084999084472656,29.299999237060547,29.915000915527344,35792200
2020-09-08,24.922780990600586,29.520000457763672,29.75,29.239999771118164,29.71500015258789,28990800
2020-09-09,25.252050399780273,29.90999984741211,30.295000076293945,29.709999084472656,29.739999771118164,30869400
2020-09-10,24.817249298095703,29.395000457763672,29.829999923706055,29.360000610351562,29.795000076293945,36280400
2020-09-11,24.876344680786133,29.46500015258789,29.559999465942383,29.235000610351562,29.459999084472656,25332600
2020-09-14,25.218276977539062,29.8700008392334,30.024999618530273,29.579999923706055,29.610000610351562,20927200
2020-09-15,25.387130737304688,30.06999969482422,30.514999389648438,29.90999984741211,30.174999237060547,23342600
2020-09-16,25.353357315063477,30.030000686645508,30.239999771118164,29.834999084472656,29.96500015258789,23082200
2020-09-17,25.146512985229492,29.78499984741211,29.950000762939453,29.549999237060547,29.84000015258789,22775400
2020-09-18,24.703277587890625,29.260000228881836,29.799999237060547,29.19499969482422,29.780000686645508,31969600
2020-09-21,24.54957389831543,28.829999923706055,28.96500015258789,28.454999923706055,28.799999237060547,30371200
2020-09-22,24.70284652709961,29.010000228881836,29.204999923706055,28.825000762939453,28.844999313354492,21247400
2020-09-23,24.32391357421875,28.565000534057617,29.094999313354492,28.540000915527344,29.045000076293945,21576400
2020-09-24,24.59640121459961,28.885000228881836,29.09000015258789,28.360000610351562,28.53499984741211,31328200
2020-09-25,25.000885009765625,29.360000610351562,29.389999389648438,28.655000686645508,28.760000228881836,22576000
2020-09-28,25.064746856689453,29.434999465942383,29.729999542236328,29.385000228881836,29.489999771118164,20359600
2020-09-29,25.05622673034668,29.424999237060547,29.725000381469727,29.290000915527344,29.524999618530273,18435800
2020-09-30,25.28188705444336,29.690000534057617,29.834999084472656,29.440000534057617,29.610000610351562,24208200
2020-10-01,25.537343978881836,29.989999771118164,30.065000534057617,29.704999923706055,29.764999389648438,26142000
2020-10-02,25.839635848999023,30.344999313354492,30.5,29.684999465942383,29.75,33890000
2020-10-05,26.163219451904297,30.725000381469727,30.809999465942383,30.219999313354492,30.424999237060547,22076800
2020-10-06,26.384614944458008,30.985000610351562,31.334999084472656,30.610000610351562,30.7450008392334,32776800
2020-10-07,26.546403884887695,31.174999237060547,31.30500030517578,30.94499969482422,31.145000457763672,24403600
2020-10-08,27.031776428222656,31.7450008392334,31.795000076293945,31.290000915527344,31.309999465942383,27235600
2020-10-09,27.02752113342285,31.739999771118164,31.934999465942383,31.524999618530273,31.920000076293945,17091200
2020-10-12,27.19782257080078,31.940000534057617,32.154998779296875,31.68000030517578,31.760000228881836,14970200
2020-10-13,27.010488510131836,31.719999313354492,31.80500030517578,31.364999771118164,31.719999313354492,20210400
2020-10-14,26.976428985595703,31.68000030517578,31.895000457763672,31.514999389648438,31.760000228881836,22338800
2020-10-15,26.959394454956055,31.65999984741211,31.834999084472656,31.299999237060547,31.3799991607666,19124000
2020-10-16,27.248916625976562,32.0,32.119998931884766,31.665000915527344,31.700000762939453,16081000
2020-10-19,27.019004821777344,31.729999542236328,32.154998779296875,31.639999389648438,31.985000610351562,26603000
2020-10-20,27.18079376220703,31.920000076293945,32.095001220703125,31.739999771118164,31.860000610351562,24979400
2020-10-21,27.108417510986328,31.834999084472656,32.04499816894531,31.7450008392334,31.850000381469727,14200000
2020-10-22,27.491600036621094,32.28499984741211,32.34000015258789,31.790000915527344,31.8799991607666,15212000
2020-10-23,27.5682373046875,32.375,32.5,32.19499969482422,32.44499969482422,14485000
2020-10-26,27.55972671508789,32.3650016784668,32.42499923706055,31.915000915527344,32.125,20763200
2020-10-27,27.53843879699707,32.34000015258789,32.66999816894531,32.185001373291016,32.42499923706055,19601800
2020-10-28,26.73799705505371,31.399999618530273,32.29999923706055,31.334999084472656,31.889999389648438,34026600
2020-10-29,26.810380935668945,31.485000610351562,31.8700008392334,30.8799991607666,31.28499984741211,29847800
2020-10-30,26.559181213378906,31.190000534057617,31.5049991607666,30.889999389648438,31.309999465942383,34824600
2020-11-02,27.142475128173828,31.875,31.920000076293945,31.299999237060547,31.614999771118164,29911800
2020-11-03,27.5341796875,32.334999084472656,32.685001373291016,32.14500045776367,32.275001525878906,30157400
2020-11-04,27.121185302734375,31.850000381469727,32.64500045776367,31.815000534057617,32.14500045776367,36662200
2020-11-05,27.363868713378906,32.1349983215332,32.720001220703125,32.11000061035156,32.185001373291016,31525200
2020-11-06,27.30426788330078,32.064998626708984,32.439998626708984,31.979999542236328,32.154998779296875,18955400
2020-11-09,27.810930252075195,32.65999984741211,33.96500015258789,32.630001068115234,32.994998931884766,46072200
2020-11-10,28.21114730834961,33.130001068115234,33.224998474121094,32.70000076293945,32.834999084472656,31172000
2020-11-11,28.317583084106445,33.255001068115234,33.54999923706055,33.125,33.29999923706055,19459000
2020-11-12,27.862018585205078,32.720001220703125,33.1349983215332,32.46500015258789,33.060001373291016,53020200
2020-11-13,28.138763427734375,33.04499816894531,33.1349983215332,32.81999969482422,32.880001068115234,26324800
2020-11-16,28.424028396606445,33.380001068115234,33.474998474121094,32.98500061035156,33.45500183105469,27375000
2020-11-17,27.86627960205078,32.724998474121094,33.32500076293945,32.67499923706055,33.165000915527344,16811200
2020-11-18,27.32129669189453,32.084999084472656,32.935001373291016,32.07500076293945,32.89500045776367,25581400
2020-11-19,27.04880714416504,31.764999389648438,32.07500076293945,31.540000915527344,32.04999923706055,26996200
2020-11-20,27.05306625366211,31.770000457763672,31.989999771118164,31.610000610351562,31.709999084472656,18632200
2020-11-23,27.057321548461914,31.774999618530273,31.954999923706055,31.6299991607666,31.895000457763672,16930600
2020-11-24,27.346845626831055,32.1150016784668,32.19499969482422,31.8700008392334,32.029998779296875,21807000
2020-11-25,27.419219970703125,32.20000076293945,32.209999084472656,31.795000076293945,32.07500076293945,22985200
2020-11-27,27.146738052368164,31.8799991607666,32.220001220703125,31.75,32.189998626708984,12073200
2020-11-30,26.755035400390625,31.420000076293945,31.809999465942383,31.295000076293945,31.790000915527344,26889400
2020-12-01,26.942367553710938,31.639999389648438,32.084999084472656,31.6200008392334,31.655000686645508,30174800
2020-12-02,27.121185302734375,31.850000381469727,31.864999771118164,31.290000915527344,31.489999771118164,24397600
2020-12-03,26.84018325805664,31.520000457763672,31.829999923706055,31.434999465942383,31.799999237060547,18753600
2020-12-04,26.57195281982422,31.204999923706055,31.625,31.030000686645508,31.549999237060547,21005000
2020-12-07,26.72097396850586,31.3799991607666,31.53499984741211,31.094999313354492,31.100000381469727,17391400
2020-12-08,26.640073776245117,31.28499984741211,31.489999771118164,31.045000076293945,31.174999237060547,21005400
2020-12-09,26.593242645263672,31.229999542236328,31.360000610351562,31.020000457763672,31.309999465942383,22969800
2020-12-10,26.45699691772461,31.06999969482422,31.315000534057617,30.924999237060547,31.21500015258789,21602800
2020-12-11,26.499570846557617,31.1200008392334,31.15999984741211,30.90999984741211,30.940000534057617,13351400
2020-12-14,26.36332893371582,30.959999084472656,31.600000381469727,30.93000030517578,31.34000015258789,27208800
2020-12-15,26.88275718688965,31.56999969482422,31.649999618530273,30.950000762939453,31.104999542236328,22357200
2020-12-16,26.57195281982422,31.204999923706055,31.790000915527344,31.165000915527344,31.6299991607666,24312800
2020-12-17,26.75078010559082,31.415000915527344,31.645000457763672,31.309999465942383,31.315000534057617,25389800
2020-12-18,26.520858764648438,31.145000457763672,31.53499984741211,30.9950008392334,31.420000076293945,20877400
2020-12-21,26.199695587158203,30.510000228881836,30.639999389648438,30.15999984741211,30.639999389648438,27915400
2020-12-22,26.148176193237305,30.450000762939453,30.579999923706055,30.360000610351562,30.5,24177000
2020-12-23,26.096649169921875,30.389999389648438,30.834999084472656,30.385000228881836,30.594999313354492,11543400
2020-12-24,26.28127670288086,30.604999542236328,30.6200008392334,30.290000915527344,30.454999923706055,7272400
2020-12-28,26.39720344543457,30.739999771118164,30.940000534057617,30.625,30.764999389648438,11739000
2020-12-29,26.392906188964844,30.735000610351562,30.959999084472656,30.649999618530273,30.815000534057617,15165000
2020-12-30,26.526016235351562,30.889999389648438,30.989999771118164,30.704999923706055,30.7549991607666,11847200
2020-12-31,26.92102813720703,31.350000381469727,31.395000457763672,30.815000534057617,30.895000457763672,18184000
2021-01-04,26.242633819580078,30.559999465942383,31.405000686645508,30.385000228881836,31.405000686645508,25260600
2021-01-05,26.23833465576172,30.55500030517578,30.71500015258789,30.30500030517578,30.625,16666600
2021-01-06,26.890972137451172,31.315000534057617,31.520000457763672,30.65999984741211,30.729999542236328,35961800
2021-01-07,26.538896560668945,30.905000686645508,31.545000076293945,30.875,31.485000610351562,24758800
2021-01-08,26.762163162231445,31.165000915527344,31.229999542236328,30.889999389648438,30.94499969482422,26930600
2021-01-11,26.513132095336914,30.875,31.174999237060547,30.645000457763672,31.049999237060547,16657200
2021-01-12,26.371440887451172,30.709999084472656,30.93000030517578,30.34000015258789,30.825000762939453,24619000
2021-01-13,26.886674880981445,31.309999465942383,31.40999984741211,30.75,30.80500030517578,26687400
2021-01-14,26.783634185791016,31.190000534057617,31.344999313354492,31.010000228881836,31.31999969482422,26067000
2021-01-15,27.045541763305664,31.4950008392334,31.59000015258789,31.010000228881836,31.125,27564800
2021-01-19,26.942493438720703,31.375,31.69499969482422,31.329999923706055,31.665000915527344,18993200
2021-01-20,27.10135841369629,31.559999465942383,31.700000762939453,31.18000030517578,31.364999771118164,44796200
2021-01-21,26.942493438720703,31.375,31.549999237060547,31.31999969482422,31.485000610351562,13975600
2021-01-22,26.98114013671875,31.420000076293945,31.524999618530273,31.165000915527344,31.28499984741211,18760000
2021-01-25,27.52213478088379,32.04999923706055,32.095001220703125,31.274999618530273,31.309999465942383,37848600
2021-01-26,27.247343063354492,31.729999542236328,32.040000915527344,31.600000381469727,32.005001068115234,19473600
2021-01-27,26.513132095336914,30.875,31.709999084472656,30.735000610351562,31.475000381469727,39287400
2021-01-28,26.83085823059082,31.2450008392334,31.719999313354492,30.899999618530273,30.979999542236328,25465800
2021-01-29,26.684873580932617,31.075000762939453,31.389999389648438,30.8799991607666,31.084999084472656,27760600
2021-02-01,26.81368637084961,31.225000381469727,31.5049991607666,30.96500015258789,31.274999618530273,16109400
2021-02-02,27.03265953063965,31.479999542236328,31.96500015258789,31.200000762939453,31.329999923706055,28698600
2021-02-03,26.946792602539062,31.3799991607666,31.59000015258789,31.309999465942383,31.44499969482422,16266800
2021-02-04,27.157176971435547,31.625,31.670000076293945,31.274999618530273,31.364999771118164,22702200
2021-02-05,27.303159713745117,31.795000076293945,31.969999313354492,31.635000228881836,31.764999389648438,11920000
2021-02-08,27.092771530151367,31.549999237060547,31.875,31.43000030517578,31.864999771118164,21531400
2021-02-09,27.131412506103516,31.594999313354492,31.709999084472656,31.334999084472656,31.604999542236328,12386800
2021-02-10,27.238752365112305,31.719999313354492,31.850000381469727,31.5049991607666,31.780000686645508,19621200
2021-02-11,27.084184646606445,31.540000915527344,31.809999465942383,31.489999771118164,31.704999923706055,17422600
2021-02-12,26.886674880981445,31.309999465942383,31.59000015258789,31.145000457763672,31.44499969482422,20216000
2021-02-16,26.58612632751465,30.959999084472656,31.315000534057617,30.915000915527344,31.274999618530273,31723200
2021-02-17,26.60759162902832,30.985000610351562,31.040000915527344,30.774999618530273,30.9950008392334,20358200
2021-02-18,26.766456604003906,31.170000076293945,31.30500030517578,30.934999465942383,30.934999465942383,15419600
2021-02-19,26.367145538330078,30.704999923706055,31.190000534057617,30.68000030517578,31.174999237060547,17935400
2021-02-22,25.851911544799805,30.104999542236328,30.655000686645508,29.81999969482422,30.6200008392334,35602800
2021-02-23,26.06659507751465,30.354999542236328,30.459999084472656,30.06999969482422,30.225000381469727,26213200
2021-02-24,25.761749267578125,30.0,30.334999084472656,29.969999313354492,30.280000686645508,23673600
2021-02-25,25.52989387512207,29.729999542236328,30.084999084472656,29.584999084472656,29.940000534057617,31360400
2021-02-26,25.057592391967773,29.18000030517578,30.014999389648438,29.170000076293945,29.829999923706055,38014800
2021-03-01,25.611473083496094,29.825000762939453,30.15999984741211,29.545000076293945,29.549999237060547,31427400
2021-03-02,25.53418731689453,29.735000610351562,29.950000762939453,29.56999969482422,29.8700008392334,29306200
2021-03-03,25.23363494873047,29.385000228881836,29.690000534057617,29.135000228881836,29.690000534057617,45849800
2021-03-04,25.21216583251953,29.360000610351562,29.90999984741211,29.200000762939453,29.405000686645508,44172600
2021-03-05,25.624351501464844,29.84000015258789,29.979999542236328,29.225000381469727,29.485000610351562,33606600
2021-03-08,25.98501968383789,30.260000228881836,30.524999618530273,29.844999313354492,29.924999237060547,38423800
2021-03-09,26.328506469726562,30.65999984741211,30.760000228881836,30.385000228881836,30.424999237060547,22224400
2021-03-10,26.508834838867188,30.8700008392334,30.96500015258789,30.565000534057617,30.649999618530273,27421200
2021-03-11,26.440139770507812,30.790000915527344,31.18000030517578,30.774999618530273,30.815000534057617,17168800
2021-03-12,26.796512603759766,31.204999923706055,31.299999237060547,30.780000686645508,30.924999237060547,20043800
2021-03-15,27.140003204345703,31.604999542236328,31.684999465942383,31.25,31.25,24417200
2021-03-16,27.174352645874023,31.645000457763672,31.725000381469727,31.44499969482422,31.530000686645508,29243400
2021-03-17,26.732105255126953,31.1299991607666,31.625,31.100000381469727,31.6200008392334,34407000
2021-03-18,26.63335609436035,31.014999389648438,31.225000381469727,30.799999237060547,31.100000381469727,29627600
2021-03-19,26.706344604492188,31.100000381469727,31.3700008392334,30.69499969482422,31.024999618530273,38712600
2021-03-22,26.667848587036133,30.825000762939453,30.96500015258789,30.604999542236328,30.799999237060547,25641000
2021-03-23,27.06580924987793,31.28499984741211,31.405000686645508,30.75,30.815000534057617,26117200
2021-03-24,27.074460983276367,31.295000076293945,31.520000457763672,31.075000762939453,31.184999465942383,22058400
2021-03-25,27.364282608032227,31.6299991607666,31.735000610351562,31.2549991607666,31.395000457763672,28309600
2021-03-26,27.45512580871582,31.735000610351562,31.764999389648438,31.31999969482422,31.625,20770200
2021-03-29,27.749267578125,32.07500076293945,32.224998474121094,31.655000686645508,31.670000076293945,32775600
2021-03-30,27.498380661010742,31.78499984741211,31.975000381469727,31.549999237060547,31.975000381469727,22111200
2021-03-31,27.701688766479492,32.02000045776367,32.08000183105469,31.735000610351562,31.799999237060547,22259200
2021-04-01,27.675735473632812,31.989999771118164,32.04499816894531,31.774999618530273,31.969999313354492,21046600
2021-04-05,27.978530883789062,32.34000015258789,32.54499816894531,32.07500076293945,32.10499954223633,29288200
2021-04-06,28.12560272216797,32.5099983215332,32.51499938964844,32.06999969482422,32.30500030517578,17258600
2021-04-07,28.091001510620117,32.470001220703125,32.64500045776367,32.30500030517578,32.48500061035156,15798400
2021-04-08,28.069368362426758,32.44499969482422,32.654998779296875,32.375,32.55500030517578,19909800
2021-04-09,28.039087295532227,32.40999984741211,32.61000061035156,32.345001220703125,32.474998474121094,15751200
2021-04-12,28.06504249572754,32.439998626708984,32.66999816894531,32.33000183105469,32.415000915527344,14201400
2021-04-13,28.398120880126953,32.82500076293945,32.8849983215332,32.25,32.310001373291016,18250800
2021-04-14,28.5235652923584,32.970001220703125,32.970001220703125,32.65999984741211,32.744998931884766,15125400
2021-04-15,28.839340209960938,33.334999084472656,33.349998474121094,32.95500183105469,32.974998474121094,23863400
2021-04-16,29.07292366027832,33.60499954223633,33.73500061035156,33.38999938964844,33.459999084472656,22376000
2021-04-19,28.925853729248047,33.435001373291016,33.68000030517578,33.35499954223633,33.625,21503400
2021-04-20,29.293535232543945,33.86000061035156,33.94499969482422,33.415000915527344,33.435001373291016,29548800
2021-04-21,29.046977996826172,33.57500076293945,34.025001525878906,33.45000076293945,33.89500045776367,19230200
2021-04-22,28.839340209960938,33.334999084472656,33.665000915527344,33.30500030517578,33.54999923706055,17983600
2021-04-23,28.800413131713867,33.290000915527344,33.459999084472656,33.20500183105469,33.349998474121094,16881600
2021-04-26,28.636030197143555,33.099998474121094,33.32500076293945,33.0,33.30500030517578,12578400
2021-04-27,28.415428161621094,32.845001220703125,33.064998626708984,32.790000915527344,33.04999923706055,20942000
2021-04-28,28.37649154663086,32.79999923706055,32.95000076293945,32.64500045776367,32.86000061035156,15158200
2021-04-29,28.636030197143555,33.099998474121094,33.119998931884766,32.79999923706055,32.79999923706055,19223600
2021-04-30,28.86097526550293,33.36000061035156,33.369998931884766,32.970001220703125,33.16999816894531,20484600
2021-05-03,28.856647491455078,33.35499954223633,33.665000915527344,33.29999923706055,33.435001373291016,21544000
2021-05-04,28.748497009277344,33.22999954223633,33.380001068115234,33.0099983215332,33.31999969482422,23445600
2021-05-05,28.264020919799805,32.66999816894531,33.22999954223633,32.48500061035156,33.22999954223633,23562800
2021-05-06,28.48030662536621,32.91999816894531,32.95000076293945,32.540000915527344,32.7599983215332,23305400
2021-05-07,28.566823959350586,33.02000045776367,33.27000045776367,32.88999938964844,32.900001525878906,18110800
2021-05-10,28.856647491455078,33.35499954223633,33.689998626708984,33.09000015258789,33.09000015258789,26442000
2021-05-11,28.501941680908203,32.94499969482422,33.3650016784668,32.71500015258789,33.31999969482422,28210000
2021-05-12,27.835777282714844,32.17499923706055,32.90999984741211,32.15999984741211,32.90999984741211,29553800
2021-05-13,28.372169494628906,32.79499816894531,32.9900016784668,32.185001373291016,32.209999084472656,28222800
2021-05-14,28.510589599609375,32.95500183105469,33.165000915527344,32.875,32.875,18910600
2021-05-17,28.277009963989258,32.685001373291016,33.130001068115234,32.6349983215332,32.939998626708984,25124000
2021-05-18,28.27267837524414,32.68000030517578,32.790000915527344,32.529998779296875,32.6150016784668,19532400
2021-05-19,28.2250919342041,32.625,32.654998779296875,32.244998931884766,32.525001525878906,26238000
2021-05-20,28.47165870666504,32.90999984741211,33.11000061035156,32.67499923706055,32.685001373291016,25679600
2021-05-21,28.618732452392578,33.08000183105469,33.20500183105469,32.845001220703125,32.9900016784668,20487800
2021-05-24,28.566823959350586,33.02000045776367,33.29499816894531,33.0,33.2400016784668,19343000
2021-05-25,28.220766067504883,32.619998931884766,33.05500030517578,32.54499816894531,33.05500030517578,20427400
2021-05-26,28.2250919342041,32.625,32.76499938964844,32.529998779296875,32.63999938964844,16841600
2021-05-27,28.034761428833008,32.404998779296875,32.7400016784668,32.39500045776367,32.7400016784668,16996200
2021-05-28,28.18616485595703,32.58000183105469,32.70000076293945,32.47999954223633,32.599998474121094,19565000
2021-06-01,28.013137817382812,32.380001068115234,32.72999954223633,32.30500030517578,32.654998779296875,22052200
2021-06-02,28.16020965576172,32.54999923706055,32.72999954223633,32.29999923706055,32.43000030517578,20491400
2021-06-03,28.32891082763672,32.744998931884766,32.849998474121094,32.290000915527344,32.400001525878906,23707200
2021-06-04,28.2856502532959,32.69499969482422,32.880001068115234,32.654998779296875,32.83000183105469,14469600
2021-06-07,28.337562561035156,32.755001068115234,32.80500030517578,32.66999816894531,32.724998474121094,13822400
2021-06-08,28.095325469970703,32.474998474121094,32.849998474121094,32.334999084472656,32.82500076293945,18363600
2021-06-09,28.346210479736328,32.76499938964844,32.82500076293945,32.48500061035156,32.55500030517578,18760800
2021-06-10,28.532217025756836,32.97999954223633,33.01499938964844,32.709999084472656,32.790000915527344,16654400
2021-06-11,28.597105026245117,33.05500030517578,33.08000183105469,32.82500076293945,32.97999954223633,18198400
2021-06-14,28.65766143798828,33.125,33.209999084472656,32.92499923706055,33.060001373291016,13733000
2021-06-15,28.74418067932129,33.224998474121094,33.404998779296875,33.06999969482422,33.165000915527344,32781000
2021-06-16,28.31161117553711,32.724998474121094,33.43000030517578,32.709999084472656,33.310001373291016,46277600
2021-06-17,28.467330932617188,32.904998779296875,33.084999084472656,32.60499954223633,32.70000076293945,25708800
2021-06-18,27.72764015197754,32.04999923706055,32.7400016784668,32.0,32.71500015258789,36079800
2021-06-21,28.08684539794922,32.21500015258789,32.29499816894531,31.725000381469727,31.905000686645508,27886600
2021-06-22,27.916831970214844,32.02000045776367,32.310001373291016,32.005001068115234,32.21500015258789,16608600
2021-06-23,27.620405197143555,31.68000030517578,32.0,31.584999084472656,32.0,25666400
2021-06-24,27.59424591064453,31.649999618530273,31.729999542236328,31.510000228881836,31.719999313354492,15215800
2021-06-25,27.89067840576172,31.989999771118164,32.01499938964844,31.6299991607666,31.665000915527344,18273600
2021-06-28,28.069408416748047,32.19499969482422,32.35499954223633,32.07500076293945,32.119998931884766,16735200
2021-06-29,27.616037368774414,31.674999237060547,32.28499984741211,31.579999923706055,32.095001220703125,24688000
2021-06-30,27.563730239868164,31.614999771118164,31.770000457763672,31.4950008392334,31.649999618530273,19077400
2021-07-01,27.86452293395996,31.959999084472656,32.06999969482422,31.549999237060547,31.674999237060547,22993200
2021-07-02,27.908111572265625,32.0099983215332,32.04499816894531,31.850000381469727,32.04499816894531,18629400
2021-07-06,28.02581214904785,32.14500045776367,32.165000915527344,31.639999389648438,32.005001068115234,18156400
2021-07-07,28.208900451660156,32.35499954223633,32.36000061035156,31.979999542236328,32.15999984741211,24199200
2021-07-08,28.12607765197754,32.2599983215332,32.45500183105469,32.125,32.17499923706055,20513000
2021-07-09,28.160951614379883,32.29999923706055,32.38999938964844,32.03499984741211,32.30500030517578,21484200
2021-07-12,28.252492904663086,32.404998779296875,32.43000030517578,32.11000061035156,32.26499938964844,17323000
2021-07-13,28.038894653320312,32.15999984741211,32.45500183105469,32.04499816894531,32.349998474121094,22493200
2021-07-14,28.283010482788086,32.439998626708984,32.58000183105469,32.02000045776367,32.16999816894531,20720000
2021-07-15,28.601240158081055,32.80500030517578,32.83000183105469,32.31999969482422,32.33000183105469,28574600
2021-07-16,28.888954162597656,33.1349983215332,33.30500030517578,32.80500030517578,32.84000015258789,33106600
2021-07-19,28.43122673034668,32.61000061035156,33.26499938964844,32.2400016784668,33.0,45585000
2021-07-20,28.55328941345215,32.75,33.08000183105469,32.63999938964844,32.63999938964844,33779200
2021-07-21,28.239421844482422,32.38999938964844,32.845001220703125,32.3650016784668,32.77000045776367,22456800
2021-07-22,28.283010482788086,32.439998626708984,32.584999084472656,32.334999084472656,32.42499923706055,22875400
2021-07-23,28.64482879638672,32.85499954223633,32.8849983215332,32.459999084472656,32.52000045776367,16216800
2021-07-26,28.65355682373047,32.8650016784668,32.96500015258789,32.6349983215332,32.790000915527344,17936800
2021-07-27,29.146146774291992,33.43000030517578,33.48500061035156,32.650001525878906,32.84000015258789,34285800
2021-07-28,28.923824310302734,33.17499923706055,33.474998474121094,32.93000030517578,33.415000915527344,24948200
2021-07-29,29.002294540405273,33.26499938964844,33.36000061035156,33.07500076293945,33.23500061035156,30247800
2021-07-30,28.7581729888916,32.98500061035156,33.525001525878906,32.90999984741211,33.244998931884766,25265200
2021-08-02,28.980501174926758,33.2400016784668,33.36000061035156,33.02000045776367,33.060001373291016,23564200
2021-08-03,29.146146774291992,33.43000030517578,33.584999084472656,33.1349983215332,33.290000915527344,25994400
2021-08-04,29.10256004333496,33.380001068115234,33.41999816894531,32.96500015258789,33.29499816894531,32378000
2021-08-05,29.4207820892334,33.744998931884766,33.790000915527344,33.34000015258789,33.42499923706055,31790800
2021-08-06,29.40334701538086,33.724998474121094,33.970001220703125,33.630001068115234,33.709999084472656,20000800
2021-08-09,29.39463233947754,33.71500015258789,33.84000015258789,33.529998779296875,33.75,16865200
2021-08-10,29.425146102905273,33.75,33.8650016784668,33.595001220703125,33.744998931884766,15834200
2021-08-11,29.699777603149414,34.064998626708984,34.220001220703125,33.82500076293945,33.82500076293945,18488800
2021-08-12,29.73029136657715,34.099998474121094,34.220001220703125,33.9900016784668,34.005001068115234,18920200
2021-08-13,29.939542770385742,34.34000015258789,34.380001068115234,34.099998474121094,34.16999816894531,23580800
2021-08-16,30.122631072998047,34.54999923706055,34.79499816894531,34.30500030517578,34.34000015258789,25796600
2021-08-17,30.140064239501953,34.56999969482422,34.57500076293945,34.224998474121094,34.45500183105469,23037200
2021-08-18,29.98749351501465,34.39500045776367,34.63999938964844,34.279998779296875,34.564998626708984,31411200
2021-08-19,30.10955047607422,34.53499984741211,34.814998626708984,34.375,34.40999984741211,27723000
2021-08-20,30.484447479248047,34.96500015258789,34.9900016784668,34.29499816894531,34.474998474121094,23581600
2021-08-23,30.09210968017578,34.51499938964844,34.95000076293945,34.45000076293945,34.939998626708984,21830800
2021-08-24,29.89594841003418,34.290000915527344,34.529998779296875,34.060001373291016,34.5,25331000
2021-08-25,29.952621459960938,34.35499954223633,34.46500015258789,34.09000015258789,34.28499984741211,16329800
2021-08-26,29.878503799438477,34.27000045776367,34.369998931884766,34.19499969482422,34.35499954223633,16631800
2021-08-27,29.869783401489258,34.2599983215332,34.415000915527344,34.19499969482422,34.30500030517578,21005000
2021-08-30,29.913389205932617,34.310001373291016,34.40999984741211,34.1349983215332,34.25,23691400
2021-08-31,29.878503799438477,34.27000045776367,34.46500015258789,34.125,34.29499816894531,22580200
2021-09-01,30.270849227905273,34.720001220703125,34.834999084472656,34.31999969482422,34.3650016784668,26667400
2021-09-02,30.545473098754883,35.03499984741211,35.03499984741211,34.7599983215332,34.79499816894531,20598800
2021-09-03,30.29264259338379,34.744998931884766,34.97999954223633,34.65999984741211,34.93000030517578,18942000
2021-09-07,29.891590118408203,34.28499984741211,34.720001220703125,34.224998474121094,34.71500015258789,26290200
2021-09-08,30.427780151367188,34.900001525878906,34.994998931884766,34.185001373291016,34.26499938964844,29176200
2021-09-09,30.262123107910156,34.709999084472656,34.915000915527344,34.68000030517578,34.790000915527344,16355000
2021-09-10,29.83927345275879,34.224998474121094,34.724998474121094,34.21500015258789,34.685001373291016,24654400
2021-09-13,29.786964416503906,34.165000915527344,34.55500030517578,34.064998626708984,34.51499938964844,26236400
2021-09-14,29.68669891357422,34.04999923706055,34.3849983215332,33.96500015258789,34.275001525878906,28103200
2021-09-15,29.647470474243164,34.005001068115234,34.22999954223633,33.814998626708984,34.0,19812800
2021-09-16,29.398988723754883,33.720001220703125,34.13999938964844,33.66999816894531,34.0,31464000
2021-09-17,28.945621490478516,33.20000076293945,33.83000183105469,33.16999816894531,33.650001525878906,25108000
2021-09-20,28.89247703552246,32.88999938964844,33.18000030517578,32.529998779296875,32.880001068115234,45678600
2021-09-21,28.813417434692383,32.79999923706055,33.209999084472656,32.779998779296875,32.98500061035156,26417600
2021-09-22,28.79584312438965,32.779998779296875,33.04499816894531,32.654998779296875,32.91999816894531,24787600
2021-09-23,28.642118453979492,32.60499954223633,33.025001525878906,32.57500076293945,32.779998779296875,19333200
2021-09-24,28.611371994018555,32.56999969482422,32.814998626708984,32.4900016784668,32.599998474121094,23660200
2021-09-27,28.273168563842773,32.185001373291016,32.845001220703125,32.13999938964844,32.51499938964844,21783400
2021-09-28,27.917388916015625,31.780000686645508,32.20500183105469,31.684999465942383,32.154998779296875,40471600
2021-09-29,28.281949996948242,32.19499969482422,32.41999816894531,31.790000915527344,31.875,30867600
2021-09-30,28.057945251464844,31.940000534057617,32.334999084472656,31.895000457763672,32.314998626708984,27142600
2021-10-01,28.057945251464844,31.940000534057617,32.19499969482422,31.829999923706055,32.1349983215332,29001200
2021-10-04,28.44446563720703,32.380001068115234,32.470001220703125,31.889999389648438,31.905000686645508,40402600
2021-10-05,28.374187469482422,32.29999923706055,32.53499984741211,32.2599983215332,32.41999816894531,26130400
2021-10-06,28.813417434692383,32.79999923706055,32.82500076293945,32.0099983215332,32.20000076293945,33152400
2021-10-07,28.659687042236328,32.625,33.119998931884766,32.59000015258789,32.86000061035156,27540200
2021-10-08,28.4488525390625,32.3849983215332,32.685001373291016,32.36000061035156,32.619998931884766,17795800
2021-10-11,28.062334060668945,31.94499969482422,32.314998626708984,31.899999618530273,32.25,25420200
2021-10-12,28.25119972229004,32.15999984741211,32.255001068115234,31.905000686645508,31.989999771118164,20996000
2021-10-13,28.580625534057617,32.53499984741211,32.560001373291016,32.0,32.16999816894531,26205400
2021-10-14,28.9320068359375,32.935001373291016,33.0,32.564998626708984,32.64500045776367,21398000
2021-10-15,28.84855842590332,32.84000015258789,33.099998474121094,32.78499984741211,32.98500061035156,29602400
2021-10-18,28.571842193603516,32.525001525878906,32.70500183105469,32.349998474121094,32.619998931884766,20702000
2021-10-19,28.9320068359375,32.935001373291016,32.97999954223633,32.685001373291016,32.775001525878906,21413600
2021-10-20,29.388803482055664,33.45500183105469,33.584999084472656,33.03499984741211,33.06999969482422,27799600
2021-10-21,29.388803482055664,33.45500183105469,33.59000015258789,33.40999984741211,33.474998474121094,17372800
2021-10-22,29.538143157958984,33.625,33.685001373291016,33.470001220703125,33.54499816894531,21399800
2021-10-25,29.4107666015625,33.47999954223633,33.685001373291016,33.400001525878906,33.57500076293945,15160200
2021-10-26,29.56888771057129,33.65999984741211,33.91999816894531,33.45500183105469,33.5099983215332,19391400
2021-10-27,29.371234893798828,33.435001373291016,33.82500076293945,33.400001525878906,33.7400016784668,22263600
2021-10-28,29.56450080871582,33.654998779296875,33.65999984741211,33.3650016784668,33.404998779296875,15443600
2021-10-29,29.388803482055664,33.45500183105469,33.78499984741211,33.290000915527344,33.64500045776367,26666800
2021-11-01,29.494224548339844,33.57500076293945,33.65999984741211,33.34000015258789,33.44499969482422,16182800
2021-11-02,29.520572662353516,33.60499954223633,33.76499938964844,33.3650016784668,33.70000076293945,19864800
2021-11-03,29.4107666015625,33.47999954223633,33.68000030517578,33.209999084472656,33.54999923706055,20992200
2021-11-04,29.248252868652344,33.29499816894531,33.5,32.95000076293945,33.43000030517578,32183000
2021-11-05,29.524961471557617,33.61000061035156,33.755001068115234,33.369998931884766,33.404998779296875,21584400
2021-11-08,29.08574104309082,33.11000061035156,33.654998779296875,32.95000076293945,33.650001525878906,19670200
2021-11-09,29.235071182250977,33.279998779296875,33.375,33.064998626708984,33.16999816894531,16489400
2021-11-10,29.472261428833008,33.54999923706055,33.58000183105469,33.28499984741211,33.30500030517578,25833200
2021-11-11,29.292173385620117,33.345001220703125,33.54499816894531,33.16999816894531,33.529998779296875,15747400
2021-11-12,29.27460479736328,33.32500076293945,33.415000915527344,33.18000030517578,33.334999084472656,18179000
2021-11-15,29.6611328125,33.76499938964844,33.779998779296875,33.400001525878906,33.470001220703125,19003800
2021-11-16,29.520572662353516,33.60499954223633,33.845001220703125,33.584999084472656,33.779998779296875,13213400
2021-11-17,29.546920776367188,33.6349983215332,33.685001373291016,33.35499954223633,33.525001525878906,19001800
2021-11-18,29.39319610595703,33.459999084472656,33.64500045776367,33.345001220703125,33.58000183105469,15305000
2021-11-19,29.56010627746582,33.650001525878906,33.724998474121094,33.415000915527344,33.505001068115234,20606000
2021-11-22,29.740188598632812,33.85499954223633,34.03499984741211,33.53499984741211,33.625,23154000
2021-11-23,29.770938873291016,33.88999938964844,34.09000015258789,33.685001373291016,33.849998474121094,19036400
2021-11-24,29.788501739501953,33.90999984741211,33.97999954223633,33.70000076293945,33.875,15931600
2021-11-26,29.322927474975586,33.380001068115234,33.88999938964844,33.29499816894531,33.66999816894531,21854600
2021-11-29,29.75775909423828,33.875,33.970001220703125,33.369998931884766,33.63999938964844,22821800
2021-11-30,28.88808250427246,32.8849983215332,33.720001220703125,32.85499954223633,33.71500015258789,48623000
2021-12-01,28.940793991088867,32.94499969482422,33.7400016784668,32.92499923706055,33.10499954223633,46024600
2021-12-02,29.309743881225586,33.3650016784668,33.67499923706055,33.025001525878906,33.025001525878906,35050200
2021-12-03,29.604021072387695,33.70000076293945,33.709999084472656,33.040000915527344,33.529998779296875,42771400
2021-12-06,30.056434631347656,34.21500015258789,34.56999969482422,33.904998779296875,33.91999816894531,47222000
2021-12-07,30.280441284179688,34.470001220703125,34.55500030517578,34.130001068115234,34.220001220703125,21789000
2021-12-08,30.249692916870117,34.435001373291016,34.665000915527344,34.25,34.5,25994400
2021-12-09,30.210166931152344,34.38999938964844,34.584999084472656,34.154998779296875,34.51499938964844,23783400
2021-12-10,30.37267303466797,34.57500076293945,34.7400016784668,34.39500045776367,34.529998779296875,23403600
2021-12-13,30.74601936340332,35.0,35.16999816894531,34.540000915527344,34.540000915527344,27500000
2021-12-14,30.56154441833496,34.790000915527344,35.064998626708984,34.625,34.994998931884766,35005000
2021-12-15,31.062267303466797,35.36000061035156,35.38999938964844,34.75,34.75,45364600
2021-12-16,31.220386505126953,35.540000915527344,35.755001068115234,35.29499816894531,35.32500076293945,30209200
2021-12-17,30.75041961669922,35.005001068115234,35.58000183105469,34.93000030517578,35.404998779296875,43674000
2021-12-20,30.779632568359375,34.76499938964844,34.79999923706055,34.119998931884766,34.400001525878906,30091200
2021-12-21,30.73536491394043,34.71500015258789,35.10499954223633,34.529998779296875,34.875,32355800
2021-12-22,30.86817169189453,34.8650016784668,34.915000915527344,34.61000061035156,34.65999984741211,18967800
2021-12-23,30.863744735717773,34.86000061035156,35.040000915527344,34.82500076293945,34.8849983215332,14505400
2021-12-27,31.014249801635742,35.029998779296875,35.029998779296875,34.77000045776367,34.875,15707400
2021-12-28,31.29314613342285,35.345001220703125,35.35499954223633,35.05500030517578,35.08000183105469,16104000
2021-12-29,31.461368560791016,35.53499984741211,35.59000015258789,35.32500076293945,35.3849983215332,13755400
2021-12-30,31.576461791992188,35.665000915527344,35.70000076293945,35.404998779296875,35.630001068115234,18672400
2021-12-31,31.687129974365234,35.790000915527344,35.915000915527344,35.52000045776367,35.59000015258789,18618800
2022-01-03,31.37282943725586,35.435001373291016,35.78499984741211,35.029998779296875,35.775001525878906,43299600
2022-01-04,31.27543830871582,35.32500076293945,35.779998779296875,35.314998626708984,35.435001373291016,29321800
2022-01-05,31.257732391357422,35.30500030517578,35.70500183105469,35.27000045776367,35.29999923706055,44486400
2022-01-06,30.934568405151367,34.939998626708984,35.45000076293945,34.900001525878906,35.30500030517578,36259600
2022-01-07,31.1691837310791,35.20500183105469,35.375,34.650001525878906,34.8650016784668,39272000
2022-01-10,30.96555519104004,34.974998474121094,35.224998474121094,34.80500030517578,35.17499923706055,31169800
2022-01-11,30.686670303344727,34.65999984741211,35.07500076293945,34.43000030517578,34.94499969482422,33653800
2022-01-12,30.7840633392334,34.77000045776367,34.86000061035156,34.45000076293945,34.54999923706055,28113600
2022-01-13,30.934568405151367,34.939998626708984,35.07500076293945,34.73500061035156,34.755001068115234,33949000
2022-01-14,30.72208023071289,34.70000076293945,35.005001068115234,34.525001525878906,34.939998626708984,32547200
2022-01-18,30.354656219482422,34.28499984741211,34.505001068115234,34.01499938964844,34.44499969482422,35534800
2022-01-19,30.491897583007812,34.439998626708984,34.744998931884766,34.28499984741211,34.29499816894531,32051200
2022-01-20,30.5317325592041,34.48500061035156,34.98500061035156,34.44499969482422,34.54499816894531,29529600
2022-01-21,30.474180221557617,34.41999816894531,34.834999084472656,34.35499954223633,34.654998779296875,48542600
2022-01-24,30.182010650634766,34.09000015258789,34.4900016784668,33.21500015258789,34.380001068115234,57602000
2022-01-25,29.708341598510742,33.55500030517578,33.959999084472656,33.400001525878906,33.560001373291016,52218600
2022-01-26,29.46487045288086,33.279998779296875,33.98500061035156,33.095001220703125,33.619998931884766,49234200
2022-01-27,29.72605323791504,33.57500076293945,33.994998931884766,33.40999984741211,33.59000015258789,44982000
2022-01-28,30.084619522094727,33.97999954223633,34.0099983215332,33.22999954223633,33.48500061035156,50050400
2022-01-31,30.655685424804688,34.625,34.654998779296875,33.709999084472656,33.779998779296875,52580000
2022-02-01,30.2484130859375,34.165000915527344,34.71500015258789,33.845001220703125,34.529998779296875,41020200
2022-02-02,30.695518493652344,34.66999816894531,34.720001220703125,34.08000183105469,34.13999938964844,45723800
2022-02-03,30.558290481567383,34.51499938964844,34.72999954223633,34.41999816894531,34.56999969482422,34289800
2022-02-04,30.31481170654297,34.2400016784668,34.54499816894531,33.89500045776367,34.21500015258789,37029200
2022-02-07,30.270553588867188,34.189998626708984,34.33000183105469,33.97999954223633,34.18000030517578,27543600
2022-02-08,30.292686462402344,34.21500015258789,34.439998626708984,34.130001068115234,34.33000183105469,38853200
2022-02-09,30.425485610961914,34.3650016784668,34.540000915527344,34.2599983215332,34.459999084472656,35231800
2022-02-10,29.655216217041016,33.494998931884766,34.189998626708984,33.42499923706055,34.025001525878906,45060000
2022-02-11,29.672931671142578,33.51499938964844,33.88999938964844,33.369998931884766,33.63999938964844,36059800
2022-02-14,29.42060089111328,33.22999954223633,33.68000030517578,32.90999984741211,33.625,37112200
2022-02-15,29.28337287902832,33.07500076293945,33.564998626708984,32.92499923706055,33.435001373291016,34174400
2022-02-16,29.349775314331055,33.150001525878906,33.290000915527344,32.82500076293945,33.119998931884766,32184600
2022-02-17,29.36747932434082,33.16999816894531,33.33000183105469,32.76499938964844,33.0,29159800
2022-02-18,29.314359664916992,33.11000061035156,33.3849983215332,32.959999084472656,33.060001373291016,33686800
2022-02-22,29.28337287902832,33.07500076293945,33.310001373291016,32.849998474121094,33.22999954223633,34421400
2022-02-23,28.787569046020508,32.51499938964844,33.23500061035156,32.47999954223633,33.1349983215332,34583600
2022-02-24,29.017759323120117,32.775001525878906,32.84000015258789,32.13999938964844,32.30500030517578,57320000
2022-02-25,29.916404724121094,33.790000915527344,33.83000183105469,32.9900016784668,33.064998626708984,42528000
2022-02-28,30.07134437561035,33.96500015258789,34.01499938964844,33.54499816894531,33.584999084472656,36705200
2022-03-01,29.810161590576172,33.66999816894531,34.189998626708984,33.415000915527344,33.89500045776367,33464600
2022-03-02,30.173160552978516,34.08000183105469,34.20500183105469,33.665000915527344,33.685001373291016,29259800
2022-03-03,30.704378128051758,34.68000030517578,34.849998474121094,34.185001373291016,34.21500015258789,41471200
2022-03-04,31.38167953491211,35.44499969482422,35.474998474121094,34.52000045776367,34.59000015258789,48683600
2022-03-07,31.78894805908203,35.904998779296875,35.98500061035156,35.224998474121094,35.525001525878906,61944000
2022-03-08,31.29756736755371,35.349998474121094,36.185001373291016,35.334999084472656,36.0,53129800
2022-03-09,31.07622718811035,35.099998474121094,35.654998779296875,35.03499984741211,35.60499954223633,50953800
2022-03-10,31.28428840637207,35.334999084472656,35.404998779296875,34.810001373291016,34.834999084472656,34039800
2022-03-11,31.17804718017578,35.21500015258789,35.625,35.18000030517578,35.38999938964844,24988400
2022-03-14,31.14263153076172,35.17499923706055,35.619998931884766,34.994998931884766,35.439998626708984,41004600
2022-03-15,31.541048049926758,35.625,35.70000076293945,35.310001373291016,35.51499938964844,29004400
2022-03-16,31.483495712280273,35.560001373291016,35.73500061035156,35.05500030517578,35.58000183105469,40011800
2022-03-17,31.616296768188477,35.709999084472656,35.96500015258789,35.5099983215332,35.58000183105469,31830000
2022-03-18,31.346269607543945,35.404998779296875,35.869998931884766,35.32500076293945,35.709999084472656,37038000
2022-03-21,31.555706024169922,35.404998779296875,35.56999969482422,35.209999084472656,35.220001220703125,36294400
2022-03-22,31.60027503967285,35.45500183105469,35.540000915527344,35.17499923706055,35.540000915527344,29286400
2022-03-23,31.644840240478516,35.505001068115234,35.709999084472656,35.244998931884766,35.41999816894531,27990000
2022-03-24,31.970155715942383,35.869998931884766,35.915000915527344,35.5099983215332,35.58000183105469,26591400
2022-03-25,32.43362045288086,36.38999938964844,36.404998779296875,35.915000915527344,36.0,28922000
2022-03-28,32.6430778503418,36.625,36.625,36.209999084472656,36.42499923706055,30959800
2022-03-29,32.94612121582031,36.96500015258789,36.96500015258789,36.54499816894531,36.61000061035156,38114600
2022-03-30,33.21794891357422,37.27000045776367,37.279998779296875,36.88999938964844,37.0,35229200
2022-03-31,33.18230056762695,37.22999954223633,37.56999969482422,37.209999084472656,37.244998931884766,35701200
2022-04-01,33.64575958251953,37.75,37.775001525878906,36.97999954223633,37.20000076293945,38013800
2022-04-04,33.387290954589844,37.459999084472656,37.595001220703125,37.07500076293945,37.595001220703125,28391000
2022-04-05,33.596744537353516,37.69499969482422,38.125,37.470001220703125,37.474998474121094,38140600
2022-04-06,34.26519775390625,38.44499969482422,38.470001220703125,37.64500045776367,37.814998626708984,56489200
2022-04-07,34.18052673339844,38.349998474121094,38.44499969482422,38.0,38.43000030517578,42033800
2022-04-08,34.29639434814453,38.47999954223633,38.6150016784668,38.154998779296875,38.4900016784668,34388600
2022-04-11,33.82847595214844,37.95500183105469,38.55500030517578,37.900001525878906,38.505001068115234,46335800
2022-04-12,33.95770263671875,38.099998474121094,38.29999923706055,37.71500015258789,37.849998474121094,45313800
2022-04-13,33.890869140625,38.025001525878906,38.20500183105469,37.775001525878906,38.10499954223633,35313000
2022-04-14,33.90869140625,38.04499816894531,38.29999923706055,37.9900016784668,38.099998474121094,28427000
2022-04-18,33.725982666015625,37.84000015258789,38.30500030517578,37.65999984741211,38.09000015258789,29878000
2022-04-19,33.9443473815918,38.084999084472656,38.15999984741211,37.84000015258789,37.95000076293945,33030400
2022-04-20,34.22064208984375,38.39500045776367,38.584999084472656,38.279998779296875,38.4900016784668,36652400
2022-04-21,33.6546745300293,37.7599983215332,38.380001068115234,37.72999954223633,38.27000045776367,36817000
2022-04-22,33.08871841430664,37.125,37.75,37.099998474121094,37.709999084472656,54683400
2022-04-25,32.8614387512207,36.869998931884766,37.275001525878906,36.2599983215332,37.255001068115234,59671800
2022-04-26,32.53166198730469,36.5,37.19499969482422,36.48500061035156,36.7400016784668,41106200
2022-04-27,32.37568283081055,36.32500076293945,36.8650016784668,36.20500183105469,36.525001525878906,49067800
2022-04-28,32.736663818359375,36.72999954223633,36.86000061035156,36.310001373291016,36.5,39902600
2022-04-29,31.756256103515625,35.630001068115234,36.6349983215332,35.57500076293945,36.56999969482422,54338200
2022-05-02,31.430931091308594,35.26499938964844,35.96500015258789,34.81999969482422,35.79999923706055,65832200
2022-05-03,31.55125617980957,35.400001525878906,35.97999954223633,35.23500061035156,35.39500045776367,42152800
2022-05-04,32.255374908447266,36.189998626708984,36.255001068115234,35.470001220703125,35.619998931884766,56580200
2022-05-05,31.925594329833984,35.81999969482422,36.25,35.5,35.95000076293945,54849200
2022-05-06,32.17960739135742,36.10499954223633,36.220001220703125,35.599998474121094,35.61000061035156,55359800
2022-05-09,31.9389591217041,35.834999084472656,36.20000076293945,35.53499984741211,35.8849983215332,51419400
2022-05-10,31.55125617980957,35.400001525878906,36.375,34.97999954223633,35.8849983215332,65578400
2022-05-11,31.77853012084961,35.654998779296875,36.25,35.345001220703125,35.375,72101800
2022-05-12,31.45766830444336,35.29499816894531,35.70500183105469,34.91999816894531,35.6150016784668,49892000
2022-05-13,31.832008361816406,35.71500015258789,35.77000045776367,35.14500045776367,35.60499954223633,30208800
2022-05-16,31.930051803588867,35.82500076293945,35.97999954223633,35.58000183105469,35.72999954223633,23213600
2022-05-17,32.259822845458984,36.19499969482422,36.20000076293945,35.439998626708984,35.994998931884766,29901800
2022-05-18,31.947877883911133,35.845001220703125,36.33000183105469,35.75,36.255001068115234,37456600
2022-05-19,31.881031036376953,35.77000045776367,35.93000030517578,35.26499938964844,35.68000030517578,36552200
2022-05-20,31.970155715942383,35.869998931884766,35.970001220703125,35.375,35.8650016784668,31358000
2022-05-23,32.353416442871094,36.29999923706055,36.46500015258789,35.939998626708984,36.279998779296875,27082200
2022-05-24,32.99958801269531,37.025001525878906,37.095001220703125,36.095001220703125,36.369998931884766,32311400
2022-05-25,32.9773063659668,37.0,37.119998931884766,36.7599983215332,37.064998626708984,27723800
2022-05-26,33.07088088989258,37.10499954223633,37.375,37.07500076293945,37.22999954223633,23290000
2022-05-27,33.587825775146484,37.685001373291016,37.685001373291016,36.915000915527344,37.07500076293945,23241200
2022-05-31,33.12437057495117,37.165000915527344,37.474998474121094,37.005001068115234,37.334999084472656,31041000
2022-06-01,33.07088088989258,37.10499954223633,37.29999923706055,36.76499938964844,37.29999923706055,22422200
2022-06-02,33.2937126159668,37.35499954223633,37.38999938964844,36.529998779296875,37.28499984741211,25038200
2022-06-03,33.13327407836914,37.17499923706055,37.404998779296875,37.10499954223633,37.20000076293945,17691200
2022-06-06,33.28033447265625,37.34000015258789,37.630001068115234,37.29499816894531,37.5099983215332,20345800
2022-06-07,33.48086929321289,37.564998626708984,37.599998474121094,37.01499938964844,37.244998931884766,19820000
2022-06-08,32.82578659057617,36.83000183105469,37.400001525878906,36.775001525878906,37.400001525878906,19971400
2022-06-09,32.03700256347656,35.94499969482422,36.98500061035156,35.91999816894531,36.810001373291016,25767600
2022-06-10,31.791900634765625,35.66999816894531,35.9900016784668,35.369998931884766,35.59000015258789,32800600
2022-06-13,30.330204010009766,34.029998779296875,35.29499816894531,33.86000061035156,35.21500015258789,52721400
2022-06-14,29.563705444335938,33.16999816894531,34.19499969482422,32.79499816894531,34.06999969482422,51342600
2022-06-15,29.755329132080078,33.3849983215332,33.89500045776367,32.97999954223633,33.46500015258789,51664800
2022-06-16,29.180456161499023,32.7400016784668,32.970001220703125,32.47999954223633,32.970001220703125,48754400
2022-06-17,28.90861701965332,32.435001373291016,33.02000045776367,32.165000915527344,32.790000915527344,43129400
2022-06-21,29.458890914916992,32.790000915527344,32.970001220703125,32.209999084472656,32.290000915527344,37266400
2022-06-22,29.768844604492188,33.1349983215332,33.380001068115234,32.60499954223633,32.6150016784668,28582200
2022-06-23,30.469615936279297,33.915000915527344,33.974998474121094,33.28499984741211,33.33000183105469,41140200
2022-06-24,30.999671936035156,34.505001068115234,34.57500076293945,33.959999084472656,34.095001220703125,30075200
2022-06-27,31.251222610473633,34.78499984741211,34.8650016784668,34.29499816894531,34.43000030517578,23276800
2022-06-28,31.134424209594727,34.654998779296875,35.16999816894531,34.61000061035156,34.900001525878906,26371800
2022-06-29,31.156890869140625,34.68000030517578,34.814998626708984,34.459999084472656,34.709999084472656,30329400
2022-06-30,31.502777099609375,35.064998626708984,35.32500076293945,34.41999816894531,34.46500015258789,37737800
2022-07-01,32.275413513183594,35.92499923706055,35.98500061035156,35.10499954223633,35.244998931884766,34255800
2022-07-05,31.174854278564453,34.70000076293945,35.869998931884766,34.154998779296875,35.845001220703125,44053600
2022-07-06,31.498289108276367,35.060001373291016,35.380001068115234,34.595001220703125,34.869998931884766,28518200
2022-07-07,31.46684455871582,35.025001525878906,35.35499954223633,34.98500061035156,35.2400016784668,16799400
2022-07-08,31.363525390625,34.90999984741211,35.064998626708984,34.79499816894531,34.9900016784668,12564600
2022-07-11,31.56117057800293,35.130001068115234,35.19499969482422,34.69499969482422,34.775001525878906,13232800
2022-07-12,31.408449172973633,34.959999084472656,35.404998779296875,34.814998626708984,34.92499923706055,19140800
2022-07-13,31.278179168701172,34.814998626708984,35.189998626708984,34.60499954223633,34.6349983215332,38159200
2022-07-14,31.278179168701172,34.814998626708984,34.8650016784668,34.17499923706055,34.255001068115234,18925000
2022-07-15,31.336576461791992,34.880001068115234,34.93000030517578,34.279998779296875,34.849998474121094,17484200
2022-07-18,30.90084457397461,34.39500045776367,34.849998474121094,34.380001068115234,34.79999923706055,15422000
2022-07-19,31.098501205444336,34.6150016784668,34.80500030517578,34.5,34.619998931884766,22715400
2022-07-20,30.685222625732422,34.154998779296875,34.689998626708984,34.11000061035156,34.67499923706055,34085200
2022-07-21,30.766082763671875,34.244998931884766,34.2599983215332,33.92499923706055,34.25,26029400
2022-07-22,31.18834114074707,34.71500015258789,34.849998474121094,34.439998626708984,34.52000045776367,19543000
2022-07-25,31.579151153564453,35.150001525878906,35.15999984741211,34.564998626708984,34.65999984741211,17292000
2022-07-26,31.767805099487305,35.36000061035156,35.470001220703125,35.08000183105469,35.119998931884766,17934400
2022-07-27,31.79476547241211,35.38999938964844,35.48500061035156,35.095001220703125,35.19499969482422,20684200
2022-07-28,32.93574523925781,36.65999984741211,36.73500061035156,35.98500061035156,36.01499938964844,29715600
2022-07-29,33.21873474121094,36.974998474121094,37.130001068115234,36.584999084472656,36.59000015258789,24547600
2022-08-01,33.25468063354492,37.01499938964844,37.04499816894531,36.625,36.86000061035156,23148800
2022-08-02,33.18729782104492,36.939998626708984,37.39500045776367,36.90999984741211,37.18000030517578,22916600
2022-08-03,33.3939323425293,37.16999816894531,37.2599983215332,36.310001373291016,36.8849983215332,21960400
2022-08-04,33.46580505371094,37.25,37.52000045776367,37.06999969482422,37.189998626708984,17328200
2022-08-05,33.34453201293945,37.1150016784668,37.31999969482422,36.76499938964844,37.150001525878906,22050200
2022-08-08,33.3939323425293,37.16999816894531,37.61000061035156,36.994998931884766,37.435001373291016,16899000
2022-08-09,33.766780853271484,37.584999084472656,37.654998779296875,37.2599983215332,37.28499984741211,16213600
2022-08-10,33.915016174316406,37.75,37.834999084472656,37.474998474121094,37.755001068115234,15778600
2022-08-11,33.910526275634766,37.744998931884766,38.125,37.6349983215332,37.80500030517578,16048200
2022-08-12,34.46303939819336,38.36000061035156,38.3650016784668,37.92499923706055,38.0,15798800
2022-08-15,34.75053405761719,38.68000030517578,38.720001220703125,38.21500015258789,38.28499984741211,15571000
2022-08-16,34.84935760498047,38.790000915527344,38.93000030517578,38.55500030517578,38.595001220703125,15577600
2022-08-17,34.790958404541016,38.724998474121094,38.89500045776367,38.599998474121094,38.630001068115234,21286000
2022-08-18,34.921234130859375,38.869998931884766,38.9900016784668,38.73500061035156,38.7599983215332,16559000
2022-08-19,34.903263092041016,38.849998474121094,39.025001525878906,38.67499923706055,38.81999969482422,17286600
2022-08-22,34.42710494995117,38.31999969482422,38.73500061035156,38.220001220703125,38.665000915527344,26453000
2022-08-23,34.22047424316406,38.09000015258789,38.334999084472656,37.935001373291016,38.25,15747000
2022-08-24,34.328277587890625,38.209999084472656,38.2599983215332,37.94499969482422,38.040000915527344,15002200
2022-08-25,34.539405822753906,38.44499969482422,38.44499969482422,38.0099983215332,38.29999923706055,14601800
2022-08-26,34.00934982299805,37.85499954223633,38.59000015258789,37.81999969482422,38.459999084472656,17732400
2022-08-29,34.112667083740234,37.970001220703125,38.25,37.439998626708984,37.65999984741211,22477400
2022-08-30,33.61404037475586,37.415000915527344,37.9900016784668,37.275001525878906,37.959999084472656,20560600
2022-08-31,33.3939323425293,37.16999816894531,37.665000915527344,37.154998779296875,37.435001373291016,22012800
2022-09-01,33.874595642089844,37.70500183105469,37.7599983215332,37.025001525878906,37.025001525878906,28160000
2022-09-02,33.5107307434082,37.29999923706055,38.154998779296875,37.189998626708984,37.79999923706055,25536800
2022-09-06,33.5960807800293,37.39500045776367,37.915000915527344,37.29999923706055,37.5099983215332,32900400
2022-09-07,34.647216796875,38.564998626708984,38.619998931884766,37.53499984741211,37.57500076293945,31509800
2022-09-08,34.62026596069336,38.53499984741211,38.790000915527344,38.33000183105469,38.41999816894531,25150600
2022-09-09,34.759517669677734,38.689998626708984,38.90999984741211,38.42499923706055,38.76499938964844,21181400
2022-09-12,35.0919303894043,39.060001373291016,39.11000061035156,38.67499923706055,38.79499816894531,22680600
2022-09-13,34.15758514404297,38.02000045776367,38.82500076293945,37.834999084472656,38.665000915527344,35156200
2022-09-14,34.43609619140625,38.33000183105469,38.54499816894531,37.994998931884766,38.03499984741211,22297400
2022-09-15,33.57810974121094,37.375,38.025001525878906,37.279998779296875,38.025001525878906,36110000
2022-09-16,33.45232391357422,37.23500061035156,37.525001525878906,37.16999816894531,37.2400016784668,32222400
2022-09-19,33.9005126953125,37.47999954223633,37.48500061035156,36.77000045776367,36.869998931884766,21462800
2022-09-20,33.40755844116211,36.935001373291016,37.23500061035156,36.665000915527344,37.23500061035156,23408400
2022-09-21,32.95077896118164,36.43000030517578,37.42499923706055,36.415000915527344,37.17499923706055,30461200
2022-09-22,32.833194732666016,36.29999923706055,36.54499816894531,36.11000061035156,36.400001525878906,34700800
2022-09-23,32.453311920166016,35.880001068115234,35.994998931884766,35.41999816894531,35.94499969482422,32420600
2022-09-26,31.670921325683594,35.01499938964844,35.834999084472656,34.665000915527344,35.790000915527344,35939000
2022-09-27,31.13727569580078,34.42499923706055,35.29999923706055,34.255001068115234,35.244998931884766,38286000
2022-09-28,31.471935272216797,34.79499816894531,35.0099983215332,34.369998931884766,34.82500076293945,45882600
2022-09-29,30.210163116455078,33.400001525878906,34.69499969482422,33.33000183105469,34.6150016784668,40662000
2022-09-30,29.62676429748535,32.755001068115234,33.689998626708984,32.685001373291016,33.560001373291016,45553000
2022-10-03,30.495084762573242,33.71500015258789,33.900001525878906,33.060001373291016,33.290000915527344,50894000
2022-10-04,31.14179229736328,34.43000030517578,34.459999084472656,33.7400016784668,33.95000076293945,33993000
2022-10-05,30.44985580444336,33.665000915527344,33.9900016784668,33.290000915527344,33.9900016784668,34411400
2022-10-06,29.445865631103516,32.55500030517578,33.57500076293945,32.52000045776367,33.52000045776367,51342000
2022-10-07,28.835330963134766,31.8799991607666,32.58000183105469,31.65999984741211,32.459999084472656,42166800
2022-10-10,28.885080337524414,31.934999465942383,32.314998626708984,31.889999389648438,31.94499969482422,33035600
2022-10-11,28.78106117248535,31.81999969482422,32.23500061035156,31.649999618530273,31.815000534057617,34320000
2022-10-12,27.822294235229492,30.760000228881836,31.829999923706055,30.739999771118164,31.770000457763672,41833000
2022-10-13,28.51875877380371,31.530000686645508,31.655000686645508,30.174999237060547,30.295000076293945,61429800
2022-10-14,28.107213973999023,31.075000762939453,32.084999084472656,30.920000076293945,31.854999542236328,39305800
2022-10-17,28.695133209228516,31.725000381469727,32.025001525878906,31.5,31.5,28247400
2022-10-18,29.219743728637695,32.30500030517578,32.47999954223633,31.985000610351562,32.35499954223633,32083800
2022-10-19,28.83985710144043,31.885000228881836,32.099998474121094,31.610000610351562,31.885000228881836,25686800
2022-10-20,28.111732482910156,31.079999923706055,31.895000457763672,30.93000030517578,31.895000457763672,31037000
2022-10-21,28.631818771362305,31.655000686645508,31.889999389648438,30.979999542236328,31.19499969482422,31087200
2022-10-24,28.871509552001953,31.920000076293945,32.16999816894531,31.575000762939453,31.825000762939453,20061000
2022-10-25,29.45039176940918,32.560001373291016,32.64500045776367,31.950000762939453,32.025001525878906,28403600
2022-10-26,29.43682289123535,32.54499816894531,32.900001525878906,32.404998779296875,32.73500061035156,27068800
2022-10-27,29.67198944091797,32.80500030517578,33.17499923706055,32.709999084472656,32.779998779296875,24514600
2022-10-28,30.486042022705078,33.70500183105469,33.775001525878906,32.89500045776367,32.939998626708984,27185800
2022-10-31,30.201114654541016,33.38999938964844,33.7599983215332,33.189998626708984,33.619998931884766,21789600
2022-11-01,30.318700790405273,33.52000045776367,33.71500015258789,33.255001068115234,33.59000015258789,21479000
2022-11-02,30.024744033813477,33.19499969482422,34.10499954223633,33.18000030517578,33.40999984741211,42680400
2022-11-03,30.155895233154297,33.34000015258789,33.6349983215332,32.70000076293945,32.880001068115234,28656400
2022-11-04,30.3413143157959,33.54499816894531,33.68000030517578,32.959999084472656,33.40999984741211,24298400
2022-11-07,29.762441635131836,32.904998779296875,33.53499984741211,32.3849983215332,33.47999954223633,28592800
2022-11-08,29.97047233581543,33.1349983215332,33.34000015258789,32.845001220703125,32.95000076293945,24827800
2022-11-09,29.73530387878418,32.875,33.255001068115234,32.810001373291016,33.0,25781800
2022-11-10,31.13727569580078,34.42499923706055,34.48500061035156,33.3650016784668,33.8650016784668,35830400
2022-11-11,30.789052963256836,34.040000915527344,34.51499938964844,33.71500015258789,34.42499923706055,30624000
2022-11-14,30.42272186279297,33.6349983215332,34.244998931884766,33.619998931884766,34.060001373291016,20490600
2022-11-15,30.757389068603516,34.005001068115234,34.2400016784668,33.595001220703125,33.9900016784668,27241600
2022-11-16,31.033260345458984,34.310001373291016,34.48500061035156,34.02000045776367,34.02000045776367,26462200
2022-11-17,30.49055290222168,33.709999084472656,34.029998779296875,33.54499816894531,33.935001373291016,23247200
2022-11-18,31.13727569580078,34.42499923706055,34.459999084472656,34.0099983215332,34.025001525878906,23483000
2022-11-21,31.277477264404297,34.58000183105469,34.68000030517578,34.345001220703125,34.369998931884766,22876400
2022-11-22,31.544292449951172,34.875,35.09000015258789,34.654998779296875,34.744998931884766,14904800
2022-11-23,31.897048950195312,35.26499938964844,35.279998779296875,34.775001525878906,34.775001525878906,14333400
2022-11-25,32.08247375488281,35.470001220703125,35.58000183105469,35.369998931884766,35.39500045776367,8983000
2022-11-28,31.752328872680664,35.10499954223633,35.36000061035156,34.95500183105469,35.224998474121094,18262600
2022-11-29,31.517162322998047,34.845001220703125,34.91999816894531,34.63999938964844,34.88999938964844,19004400
2022-11-30,32.30406951904297,35.71500015258789,35.790000915527344,34.744998931884766,34.779998779296875,32946400
2022-12-01,32.27694320678711,35.685001373291016,36.255001068115234,35.595001220703125,36.064998626708984,30706200
2022-12-02,32.123172760009766,35.51499938964844,35.61000061035156,35.15999984741211,35.30500030517578,20708200
2022-12-05,31.94227409362793,35.314998626708984,35.45000076293945,35.18000030517578,35.244998931884766,22903000
2022-12-06,32.14126205444336,35.53499984741211,35.55500030517578,35.130001068115234,35.26499938964844,25649600
2022-12-07,31.99201774597168,35.369998931884766,35.80500030517578,35.2400016784668,35.564998626708984,28297800
2022-12-08,32.20005416870117,35.599998474121094,35.72999954223633,35.244998931884766,35.375,19920000
2022-12-09,32.03272247314453,35.415000915527344,35.724998474121094,35.380001068115234,35.474998474121094,23837200
2022-12-12,32.76536560058594,36.224998474121094,36.23500061035156,35.470001220703125,35.60499954223633,22763800
2022-12-13,32.86486053466797,36.334999084472656,36.89500045776367,35.939998626708984,36.73500061035156,27388400
2022-12-14,32.82415771484375,36.290000915527344,36.845001220703125,36.025001525878906,36.459999084472656,26637400
2022-12-15,32.426177978515625,35.849998474121094,36.209999084472656,35.68000030517578,36.150001525878906,26308000
2022-12-16,31.874446868896484,35.2400016784668,35.58000183105469,34.79999923706055,35.58000183105469,39263400
2022-12-19,31.7476806640625,34.814998626708984,35.150001525878906,34.59000015258789,34.775001525878906,19664600
2022-12-20,31.756803512573242,34.82500076293945,35.01499938964844,34.56999969482422,34.79499816894531,15964000
2022-12-21,32.19906997680664,35.310001373291016,35.32500076293945,34.91999816894531,35.03499984741211,16484800
2022-12-22,32.003021240234375,35.095001220703125,35.255001068115234,34.51499938964844,35.255001068115234,14103800
2022-12-23,32.33129119873047,35.45500183105469,35.47999954223633,35.025001525878906,35.029998779296875,11349400
2022-12-27,32.53190994262695,35.67499923706055,35.75,35.310001373291016,35.53499984741211,12211400
2022-12-28,32.22186279296875,35.334999084472656,35.904998779296875,35.279998779296875,35.755001068115234,14431200
2022-12-29,32.45440673828125,35.59000015258789,35.790000915527344,35.48500061035156,35.5099983215332,11555200
2022-12-30,32.14435958862305,35.25,35.6150016784668,34.91999816894531,35.55500030517578,14700200
2023-01-03,32.14435958862305,35.25,35.470001220703125,34.77000045776367,35.349998474121094,25774200
2023-01-04,32.43616485595703,35.56999969482422,35.88999938964844,35.35499954223633,35.40999984741211,20872600
2023-01-05,31.734004974365234,34.79999923706055,35.435001373291016,34.69499969482422,35.29999923706055,19572800
2023-01-06,32.37233352661133,35.5,35.66999816894531,35.14500045776367,35.19499969482422,19620400
2023-01-09,32.5911865234375,35.7400016784668,36.0099983215332,35.38999938964844,35.494998931884766,23438800
2023-01-10,32.60030746459961,35.75,35.77000045776367,35.33000183105469,35.64500045776367,17215000
2023-01-11,32.86475372314453,36.040000915527344,36.09000015258789,35.744998931884766,35.75,21371800
2023-01-12,32.64133834838867,35.79499816894531,36.1349983215332,35.76499938964844,36.084999084472656,25797800
2023-01-13,32.52280044555664,35.665000915527344,35.78499984741211,35.400001525878906,35.64500045776367,23793600
2023-01-17,32.477203369140625,35.6150016784668,35.94499969482422,35.55500030517578,35.689998626708984,19530400
2023-01-18,31.697528839111328,34.7599983215332,35.77000045776367,34.71500015258789,35.77000045776367,29020400
2023-01-19,31.378366470336914,34.40999984741211,34.779998779296875,34.32500076293945,34.744998931884766,28394000
2023-01-20,31.565305709838867,34.6150016784668,34.630001068115234,33.91999816894531,34.38999938964844,26621000
2023-01-23,31.574424743652344,34.625,34.959999084472656,34.345001220703125,34.494998931884766,19652600
2023-01-24,31.734004974365234,34.79999923706055,34.904998779296875,34.21500015258789,34.65999984741211,20658800
2023-01-25,31.305416107177734,34.33000183105469,34.40999984741211,33.97999954223633,34.290000915527344,25983000
2023-01-26,31.4102783203125,34.44499969482422,34.5,34.084999084472656,34.150001525878906,20360000
2023-01-27,31.4102783203125,34.44499969482422,34.595001220703125,34.23500061035156,34.369998931884766,15425800
2023-01-30,31.268943786621094,34.290000915527344,34.68000030517578,34.26499938964844,34.31999969482422,15561000
2023-01-31,31.501466751098633,34.54499816894531,34.55500030517578,33.97999954223633,34.3849983215332,19442400
2023-02-01,31.556182861328125,34.60499954223633,34.849998474121094,34.1349983215332,34.380001068115234,30944600
2023-02-02,31.624574661254883,34.68000030517578,35.064998626708984,34.35499954223633,34.625,24997000
2023-02-03,30.963455200195312,33.95500183105469,34.505001068115234,33.5,34.369998931884766,25362200
2023-02-06,31.227901458740234,34.244998931884766,34.275001525878906,33.77000045776367,33.83000183105469,31414200
2023-02-07,31.214229583740234,34.22999954223633,34.34000015258789,33.755001068115234,34.09000015258789,21124400
2023-02-08,30.68988609313965,33.654998779296875,34.04499816894531,33.48500061035156,34.029998779296875,22471400
2023-02-09,30.27041244506836,33.19499969482422,33.91999816894531,33.13999938964844,33.73500061035156,20715200
2023-02-10,30.872262954711914,33.85499954223633,33.8849983215332,33.189998626708984,33.22999954223633,30963400
2023-02-13,31.059202194213867,34.060001373291016,34.14500045776367,33.869998931884766,33.869998931884766,16183800
2023-02-14,30.926977157592773,33.915000915527344,34.2599983215332,33.73500061035156,34.025001525878906,14150400
2023-02-15,31.12759017944336,34.1349983215332,34.15999984741211,33.720001220703125,33.720001220703125,11020000
2023-02-16,30.890493392944336,33.875,34.03499984741211,33.51499938964844,33.79999923706055,18399600
2023-02-17,31.22334098815918,34.2400016784668,34.400001525878906,33.70500183105469,33.8849983215332,21873200
2023-02-21,30.639726638793945,33.599998474121094,34.084999084472656,33.57500076293945,33.9900016784668,16969000
2023-02-22,30.52118682861328,33.470001220703125,33.85499954223633,33.380001068115234,33.595001220703125,26750200
2023-02-23,30.361600875854492,33.29499816894531,33.619998931884766,33.150001525878906,33.619998931884766,21406600
2023-02-24,30.370723724365234,33.30500030517578,33.42499923706055,32.869998931884766,33.005001068115234,23150400
2023-02-27,30.165546417236328,33.08000183105469,33.790000915527344,33.0099983215332,33.470001220703125,21720600
2023-02-28,29.63664436340332,32.5,33.09000015258789,32.5,32.93000030517578,41151800
2023-03-01,29.148773193359375,31.96500015258789,32.36000061035156,31.815000534057617,32.33000183105469,47276000
2023-03-02,29.70047378540039,32.56999969482422,32.59000015258789,31.875,31.920000076293945,30688600
2023-03-03,30.206579208374023,33.125,33.14500045776367,32.380001068115234,32.70000076293945,30175200
2023-03-06,30.35247802734375,33.28499984741211,33.3849983215332,33.099998474121094,33.14500045776367,24243200
2023-03-07,29.855497360229492,32.7400016784668,33.400001525878906,32.58000183105469,33.314998626708984,24055200
2023-03-08,30.083471298217773,32.9900016784668,33.05500030517578,32.60499954223633,32.72999954223633,27407400
2023-03-09,29.84181785583496,32.724998474121094,33.3849983215332,32.6150016784668,33.08000183105469,34067200
2023-03-10,29.3721923828125,32.209999084472656,32.8849983215332,32.04499816894531,32.8849983215332,41666400
2023-03-13,29.82358169555664,32.70500183105469,33.42499923706055,32.125,32.16999816894531,67671200
2023-03-14,30.215696334838867,33.1349983215332,33.404998779296875,32.810001373291016,32.95000076293945,35118400
2023-03-15,30.62604522705078,33.584999084472656,33.79999923706055,32.880001068115234,33.040000915527344,48336800
2023-03-16,30.831235885620117,33.810001373291016,34.005001068115234,33.33000183105469,33.459999084472656,31646800
2023-03-17,30.53485870361328,33.48500061035156,33.79999923706055,33.23500061035156,33.72999954223633,35814600
2023-03-20,30.773700714111328,33.5,33.61000061035156,33.279998779296875,33.290000915527344,38838000
2023-03-21,30.15363311767578,32.82500076293945,33.595001220703125,32.3849983215332,33.55500030517578,51865000
2023-03-22,29.561124801635742,32.18000030517578,32.95500183105469,32.165000915527344,32.779998779296875,35793200
2023-03-23,29.25798225402832,31.850000381469727,32.5,31.690000534057617,32.189998626708984,33769000
2023-03-24,30.172012329101562,32.845001220703125,32.85499954223633,31.854999542236328,31.885000228881836,36112000
2023-03-27,30.2087459564209,32.8849983215332,33.18000030517578,32.79499816894531,32.94499969482422,28273800
2023-03-28,30.291423797607422,32.974998474121094,33.32500076293945,32.80500030517578,32.80500030517578,22038800
2023-03-29,30.73236083984375,33.45500183105469,33.5099983215332,33.150001525878906,33.150001525878906,19807800
2023-03-30,30.865562438964844,33.599998474121094,33.76499938964844,33.40999984741211,33.53499984741211,20585600
2023-03-31,31.090625762939453,33.845001220703125,33.86000061035156,33.51499938964844,33.709999084472656,23444000
2023-04-03,30.879348754882812,33.6150016784668,33.8650016784668,33.42499923706055,33.720001220703125,24071400
2023-04-04,31.035507202148438,33.78499984741211,33.845001220703125,33.505001068115234,33.595001220703125,21613800
2023-04-05,31.839298248291016,34.65999984741211,34.755001068115234,33.92499923706055,33.93000030517578,37674400
2023-04-06,32.06436538696289,34.904998779296875,34.97999954223633,34.54999923706055,34.939998626708984,33350400
2023-04-10,32.000057220458984,34.834999084472656,34.845001220703125,34.36000061035156,34.70500183105469,20463000
2023-04-11,32.02761459350586,34.8650016784668,34.96500015258789,34.69499969482422,34.78499984741211,17274000
2023-04-12,31.995460510253906,34.83000183105469,35.08000183105469,34.70500183105469,34.93000030517578,25109200
2023-04-13,32.000057220458984,34.834999084472656,34.93000030517578,34.17499923706055,34.67499923706055,32892400
2023-04-14,31.641788482666016,34.44499969482422,34.650001525878906,34.28499984741211,34.58000183105469,18129400
2023-04-17,31.816328048706055,34.6349983215332,34.69499969482422,34.290000915527344,34.505001068115234,15613800
2023-04-18,31.650985717773438,34.45500183105469,34.720001220703125,34.32500076293945,34.650001525878906,15566200
2023-04-19,31.894412994384766,34.720001220703125,34.82500076293945,34.4900016784668,34.540000915527344,20634600
2023-04-20,31.88523292541504,34.709999084472656,34.845001220703125,34.505001068115234,34.75,14737400
2023-04-21,31.97709846496582,34.810001373291016,35.05500030517578,34.60499954223633,34.935001373291016,14075600
2023-04-24,32.13785934448242,34.98500061035156,35.04499816894531,34.59000015258789,34.79999923706055,13579000
2023-04-25,32.1057014465332,34.95000076293945,35.13999938964844,34.845001220703125,34.85499954223633,20503200
2023-04-26,31.352426528930664,34.130001068115234,34.790000915527344,34.09000015258789,34.68000030517578,29513800
2023-04-27,31.729061126708984,34.540000915527344,34.56999969482422,34.20000076293945,34.22999954223633,24933400
2023-04-28,31.68313217163086,34.4900016784668,34.69499969482422,34.275001525878906,34.439998626708984,24246800
2023-05-01,31.73824119567871,34.54999923706055,34.8849983215332,34.380001068115234,34.40999984741211,21016200
2023-05-02,31.352426528930664,34.130001068115234,34.61000061035156,33.935001373291016,34.52000045776367,22931000
2023-05-03,31.265161514282227,34.03499984741211,34.525001525878906,33.994998931884766,34.31999969482422,23714400
2023-05-04,31.50400733947754,34.29499816894531,34.43000030517578,33.775001525878906,34.095001220703125,29262200
2023-05-05,31.706096649169922,34.51499938964844,34.599998474121094,34.18000030517578,34.18000030517578,22833200
2023-05-08,31.60964584350586,34.40999984741211,34.72999954223633,34.29499816894531,34.47999954223633,16573400
2023-05-09,31.568302154541016,34.3650016784668,34.45500183105469,34.119998931884766,34.33000183105469,20562200
2023-05-10,31.8576717376709,34.68000030517578,34.77000045776367,34.33000183105469,34.58000183105469,21416600
2023-05-11,31.53156280517578,34.32500076293945,34.709999084472656,34.165000915527344,34.70000076293945,29748200
2023-05-12,31.706096649169922,34.51499938964844,34.73500061035156,34.310001373291016,34.51499938964844,23748200
2023-05-15,31.30650520324707,34.08000183105469,34.69499969482422,33.939998626708984,34.64500045776367,26370200
2023-05-16,30.612951278686523,33.32500076293945,34.10499954223633,33.30500030517578,34.040000915527344,28008000
2023-05-17,30.502708435058594,33.20500183105469,33.439998626708984,33.064998626708984,33.43000030517578,34176600
2023-05-18,30.410844802856445,33.10499954223633,33.13999938964844,32.814998626708984,33.04999923706055,32335600
2023-05-19,30.364917755126953,33.05500030517578,33.44499969482422,33.03499984741211,33.2599983215332,24945000
2023-05-22,30.37410545349121,33.064998626708984,33.310001373291016,32.94499969482422,33.13999938964844,18989400
2023-05-23,30.268461227416992,32.95000076293945,33.275001525878906,32.86000061035156,32.939998626708984,24128000
2023-05-24,30.070959091186523,32.73500061035156,33.025001525878906,32.68000030517578,32.904998779296875,23127600
2023-05-25,29.666763305664062,32.29499816894531,32.689998626708984,32.064998626708984,32.67499923706055,32252200
2023-05-26,29.666763305664062,32.29499816894531,32.31999969482422,31.96500015258789,32.244998931884766,33187800
2023-05-30,29.55194091796875,32.16999816894531,32.51499938964844,32.119998931884766,32.349998474121094,31165800
2023-05-31,29.82293128967285,32.46500015258789,32.61000061035156,31.979999542236328,32.185001373291016,34266200
2023-06-01,29.602460861206055,32.224998474121094,32.56999969482422,32.025001525878906,32.525001525878906,37306400
2023-06-02,29.910202026367188,32.560001373291016,32.685001373291016,31.985000610351562,32.060001373291016,46091600
2023-06-05,30.052589416503906,32.71500015258789,33.06999969482422,32.560001373291016,32.630001068115234,24089000
2023-06-06,30.02962303161621,32.689998626708984,32.91999816894531,32.599998474121094,32.8650016784668,25723200
2023-06-07,30.53945541381836,33.244998931884766,33.32500076293945,32.51499938964844,32.71500015258789,38529600
2023-06-08,30.672649383544922,33.38999938964844,33.439998626708984,32.98500061035156,33.23500061035156,29318200
2023-06-09,30.49352264404297,33.19499969482422,33.42499923706055,33.17499923706055,33.400001525878906,26632600
2023-06-12,30.438405990600586,33.1349983215332,33.310001373291016,33.0,33.220001220703125,22967400
2023-06-13,30.433815002441406,33.130001068115234,33.244998931884766,32.880001068115234,32.935001373291016,23737200
2023-06-14,30.415443420410156,33.11000061035156,33.505001068115234,33.04499816894531,33.25,28047200
2023-06-15,30.74614715576172,33.470001220703125,33.54999923706055,33.165000915527344,33.23500061035156,27402400
2023-06-16,30.911495208740234,33.650001525878906,33.91999816894531,33.525001525878906,33.54999923706055,27370800
2023-06-20,30.548959732055664,32.9900016784668,33.35499954223633,32.95500183105469,33.28499984741211,25850800
2023-06-21,30.794357299804688,33.255001068115234,33.290000915527344,32.51499938964844,32.875,21445400
2023-06-22,30.558223724365234,33.0,33.44499969482422,32.904998779296875,33.380001068115234,20000800
2023-06-23,30.109107971191406,32.51499938964844,33.209999084472656,32.470001220703125,33.095001220703125,25439200
2023-06-26,30.405433654785156,32.834999084472656,32.935001373291016,32.44499969482422,32.56999969482422,20535200
2023-06-27,30.41469383239746,32.845001220703125,32.959999084472656,32.7400016784668,32.86000061035156,17020800
2023-06-28,29.965578079223633,32.36000061035156,32.834999084472656,32.275001525878906,32.834999084472656,29447600
2023-06-29,29.965578079223633,32.36000061035156,32.540000915527344,32.03499984741211,32.10499954223633,29307800
2023-06-30,30.2989444732666,32.720001220703125,32.755001068115234,32.38999938964844,32.404998779296875,27858600
2023-07-03,30.52581214904785,32.96500015258789,32.97999954223633,32.540000915527344,32.650001525878906,16329200
2023-07-05,30.87306785583496,33.34000015258789,33.59000015258789,32.80500030517578,32.849998474121094,38338000
2023-07-06,30.49803352355957,32.935001373291016,33.16999816894531,32.755001068115234,33.07500076293945,30845600
2023-07-07,30.27579116821289,32.69499969482422,32.92499923706055,32.61000061035156,32.720001220703125,25787600
2023-07-10,30.146150588989258,32.55500030517578,32.75,32.29499816894531,32.63999938964844,24820200
2023-07-11,30.521183013916016,32.959999084472656,32.970001220703125,32.5,32.619998931884766,22871800
2023-07-12,30.96566390991211,33.439998626708984,33.47999954223633,33.0,33.060001373291016,26655000
2023-07-13,31.072160720825195,33.55500030517578,33.564998626708984,33.31999969482422,33.439998626708984,19835400
2023-07-14,30.951772689819336,33.42499923706055,33.56999969482422,33.23500061035156,33.470001220703125,20285600
2023-07-17,30.595266342163086,33.040000915527344,33.38999938964844,33.025001525878906,33.314998626708984,21260800
2023-07-18,30.359132766723633,32.78499984741211,33.29499816894531,32.494998931884766,33.0099983215332,36264600
2023-07-19,30.669342041015625,33.119998931884766,33.314998626708984,32.810001373291016,32.810001373291016,27154000
2023-07-20,31.229576110839844,33.724998474121094,33.775001525878906,33.040000915527344,33.209999084472656,33329000
2023-07-21,31.69721031188965,34.22999954223633,34.3650016784668,33.79999923706055,33.86000061035156,36746000
2023-07-24,31.613868713378906,34.13999938964844,34.34000015258789,33.97999954223633,34.279998779296875,26484600
2023-07-25,31.669437408447266,34.20000076293945,34.30500030517578,33.994998931884766,34.099998474121094,16701600
2023-07-26,31.669437408447266,34.20000076293945,34.58000183105469,34.040000915527344,34.11000061035156,23158200
2023-07-27,31.10919761657715,33.595001220703125,34.209999084472656,33.525001525878906,34.064998626708984,32130200
2023-07-28,31.03974723815918,33.52000045776367,33.95000076293945,33.35499954223633,33.814998626708984,26432200
2023-07-31,31.053634643554688,33.53499984741211,33.790000915527344,33.380001068115234,33.654998779296875,25047000
2023-08-01,30.673974990844727,33.125,33.66999816894531,33.10499954223633,33.494998931884766,26919600
2023-08-02,30.673974990844727,33.125,33.279998779296875,32.935001373291016,32.9900016784668,30335000
2023-08-03,29.974836349487305,32.369998931884766,33.04999923706055,32.34000015258789,33.025001525878906,41266400
2023-08-04,29.62758445739746,31.9950008392334,32.665000915527344,31.854999542236328,32.45500183105469,36497800
2023-08-07,29.622955322265625,31.989999771118164,32.26499938964844,31.979999542236328,32.1150016784668,25131800
2023-08-08,29.761856079101562,32.13999938964844,32.154998779296875,31.690000534057617,31.985000610351562,30350200
2023-08-09,29.826675415039062,32.209999084472656,32.494998931884766,32.06999969482422,32.125,26387400
2023-08-10,29.73407554626465,32.11000061035156,32.53499984741211,32.01499938964844,32.34000015258789,27384400
2023-08-11,29.89612579345703,32.28499984741211,32.33000183105469,32.040000915527344,32.13999938964844,24336200
2023-08-14,29.659996032714844,32.029998779296875,32.28499984741211,31.889999389648438,32.26499938964844,21549600
2023-08-15,29.17847442626953,31.510000228881836,31.860000610351562,31.489999771118164,31.844999313354492,30379000
2023-08-16,29.308115005493164,31.649999618530273,31.790000915527344,31.524999618530273,31.645000457763672,25028400
2023-08-17,29.243295669555664,31.579999923706055,31.9950008392334,31.565000534057617,31.684999465942383,23752800
2023-08-18,29.396085739135742,31.7450008392334,31.81999969482422,31.545000076293945,31.575000762939453,25675600
2023-08-21,29.21088218688965,31.545000076293945,31.735000610351562,31.295000076293945,31.649999618530273,24162000
2023-08-22,29.294221878051758,31.635000228881836,31.725000381469727,31.405000686645508,31.524999618530273,27057800
2023-08-23,29.40997314453125,31.760000228881836,31.84000015258789,31.540000915527344,31.80500030517578,26772000
2023-08-24,29.238662719726562,31.575000762939453,32.13999938964844,31.545000076293945,31.704999923706055,25933800
2023-08-25,29.460905075073242,31.815000534057617,31.975000381469727,31.600000381469727,31.6200008392334,24981000
2023-08-28,29.456274032592773,31.809999465942383,32.04499816894531,31.7450008392334,31.8700008392334,17326400
2023-08-29,29.567399978637695,31.93000030517578,32.025001525878906,31.719999313354492,31.850000381469727,23746200
2023-08-30,29.433124542236328,31.78499984741211,32.03499984741211,31.665000915527344,31.825000762939453,22480800
2023-08-31,29.150691986083984,31.479999542236328,31.940000534057617,31.469999313354492,31.90999984741211,27542200
2023-09-01,29.002532958984375,31.31999969482422,31.7549991607666,31.075000762939453,31.645000457763672,28775400
2023-09-05,28.558048248291016,30.84000015258789,31.31999969482422,30.670000076293945,31.299999237060547,37650600
2023-09-06,28.62286949157715,30.90999984741211,30.94499969482422,30.709999084472656,30.885000228881836,38940200
2023-09-07,28.997901916503906,31.315000534057617,31.565000534057617,31.094999313354492,31.174999237060547,33748600
2023-09-08,29.25255584716797,31.59000015258789,31.645000457763672,31.270000457763672,31.3700008392334,32521400
2023-09-11,29.37293243408203,31.719999313354492,31.885000228881836,31.545000076293945,31.55500030517578,27023600
2023-09-12,29.40997314453125,31.760000228881836,31.850000381469727,31.5049991607666,31.71500015258789,22094800
2023-09-13,29.761856079101562,32.13999938964844,32.28499984741211,31.774999618530273,31.774999618530273,30120800
2023-09-14,30.19708251953125,32.61000061035156,32.630001068115234,32.29499816894531,32.34000015258789,26201000
2023-09-15,30.067441940307617,32.470001220703125,32.80500030517578,32.435001373291016,32.55500030517578,34802000
2023-09-18,30.045034408569336,32.185001373291016,32.290000915527344,31.959999084472656,32.22999954223633,19135000
2023-09-19,29.88166618347168,32.0099983215332,32.275001525878906,32.0,32.15999984741211,24889000
2023-09-20,29.909677505493164,32.040000915527344,32.375,31.94499969482422,32.13999938964844,18736000
2023-09-21,29.596952438354492,31.704999923706055,32.07500076293945,31.690000534057617,32.01499938964844,25628600
2023-09-22,29.540939331054688,31.645000457763672,31.854999542236328,31.434999465942383,31.565000534057617,24595400
2023-09-25,29.498931884765625,31.600000381469727,31.625,31.270000457763672,31.459999084472656,24729800
2023-09-26,28.61676025390625,30.655000686645508,31.5049991607666,30.56999969482422,31.469999313354492,46833400
2023-09-27,28.06599235534668,30.065000534057617,30.670000076293945,29.985000610351562,30.594999313354492,52042200
2023-09-28,27.459211349487305,29.415000915527344,30.239999771118164,29.3700008392334,30.18000030517578,77189800
2023-09-29,27.50588607788086,29.46500015258789,29.90999984741211,29.30500030517578,29.670000076293945,45737800
2023-10-02,26.226978302001953,28.094999313354492,29.295000076293945,27.760000228881836,29.295000076293945,111645400
2023-10-03,26.530370712280273,28.420000076293945,28.514999389648438,27.46500015258789,27.875,115236400
2023-10-04,26.502361297607422,28.389999389648438,28.6200008392334,27.94499969482422,28.565000534057617,58997200
2023-10-05,26.34833335876465,28.225000381469727,28.399999618530273,27.950000762939453,28.315000534057617,56290000
2023-10-06,26.721736907958984,28.625,28.69499969482422,27.385000228881836,27.875,68207400
2023-10-09,26.9877872467041,28.90999984741211,28.90999984741211,28.454999923706055,28.575000762939453,40487600
2023-10-10,27.356521606445312,29.30500030517578,29.31999969482422,28.90999984741211,28.90999984741211,61414400
2023-10-11,27.799942016601562,29.780000686645508,29.80500030517578,29.260000228881836,29.469999313354492,53347400
2023-10-12,27.370527267456055,29.31999969482422,29.80500030517578,29.05500030517578,29.6299991607666,55086600
2023-10-13,27.678585052490234,29.649999618530273,29.84000015258789,29.440000534057617,29.514999389648438,39568800
2023-10-16,27.96330451965332,29.954999923706055,30.065000534057617,29.479999542236328,29.709999084472656,39554800
2023-10-17,27.888626098632812,29.875,30.065000534057617,29.655000686645508,29.700000762939453,36960400
2023-10-18,27.645915985107422,29.614999771118164,30.024999618530273,29.424999237060547,29.844999313354492,46727000
2023-10-19,27.370527267456055,29.31999969482422,29.795000076293945,29.299999237060547,29.520000457763672,39363800
2023-10-20,27.085800170898438,29.014999389648438,29.53499984741211,29.010000228881836,29.25,40044800
2023-10-23,26.857097625732422,28.770000457763672,29.184999465942383,28.520000457763672,28.75,41041200
2023-10-24,27.54789161682129,29.510000228881836,29.6299991607666,29.114999771118164,29.204999923706055,47194400
2023-10-25,27.70192527770996,29.674999237060547,29.735000610351562,29.34000015258789,29.459999084472656,41309400
2023-10-26,27.939971923828125,29.93000030517578,30.19499969482422,29.7450008392334,29.7549991607666,47174600
2023-10-27,27.412534713745117,29.364999771118164,29.969999313354492,29.274999618530273,29.799999237060547,40502400
2023-10-30,27.622573852539062,29.59000015258789,29.78499984741211,29.264999389648438,29.489999771118164,28539200
2023-10-31,27.860618591308594,29.844999313354492,29.875,29.5,29.709999084472656,21364600
2023-11-01,28.17801284790039,30.184999465942383,30.364999771118164,29.594999313354492,29.885000228881836,46523000
2023-11-02,28.7054500579834,30.75,30.90999984741211,30.200000762939453,30.25,51100200
2023-11-03,28.873477935791016,30.93000030517578,31.325000762939453,30.920000076293945,31.28499984741211,45147200
2023-11-06,28.798799514770508,30.850000381469727,31.084999084472656,30.81999969482422,30.985000610351562,38240000
2023-11-07,28.58875846862793,30.625,30.905000686645508,30.575000762939453,30.864999771118164,37684600
2023-11-08,28.378721237182617,30.399999618530273,30.5049991607666,30.059999465942383,30.4950008392334,43295600
2023-11-09,28.00531578063965,30.0,30.549999237060547,29.985000610351562,30.454999923706055,32195600
2023-11-10,28.15467643737793,30.15999984741211,30.2450008392334,29.959999084472656,30.135000228881836,28030200
2023-11-13,27.81861114501953,29.799999237060547,30.165000915527344,29.7549991607666,30.094999313354492,31159600
2023-11-14,28.929487228393555,30.989999771118164,31.014999389648438,30.40999984741211,30.469999313354492,57318200
2023-11-15,28.84080696105957,30.895000457763672,31.344999313354492,30.825000762939453,30.905000686645508,49662800
2023-11-16,28.994834899902344,31.059999465942383,31.309999465942383,31.03499984741211,31.149999618530273,34650400
2023-11-17,29.07418441772461,31.145000457763672,31.264999389648438,30.975000381469727,31.229999542236328,23879000
2023-11-20,28.98550033569336,31.049999237060547,31.170000076293945,30.639999389648438,31.0,28316600
2023-11-21,29.046178817749023,31.114999771118164,31.18000030517578,30.825000762939453,31.024999618530273,20288400
2023-11-22,29.18620491027832,31.264999389648438,31.274999618530273,30.969999313354492,31.225000381469727,17919600
2023-11-24,29.26088523864746,31.344999313354492,31.350000381469727,31.139999389648438,31.260000228881836,9798600
2023-11-27,29.307559967041016,31.395000457763672,31.459999084472656,31.145000457763672,31.3700008392334,24833200
2023-11-28,29.40091323852539,31.4950008392334,31.725000381469727,31.274999618530273,31.399999618530273,29415200
2023-11-29,29.16753578186035,31.2450008392334,31.6299991607666,31.135000228881836,31.5049991607666,35806400
2023-11-30,29.29355812072754,31.3799991607666,31.420000076293945,31.1200008392334,31.334999084472656,30483600
2023-12-01,29.652957916259766,31.764999389648438,31.770000457763672,31.190000534057617,31.395000457763672,29342800
2023-12-04,29.536272048950195,31.639999389648438,31.905000686645508,31.479999542236328,31.614999771118164,30515800
2023-12-05,29.32623291015625,31.415000915527344,31.674999237060547,31.290000915527344,31.670000076293945,22536600
2023-12-06,29.718305587768555,31.834999084472656,31.844999313354492,31.510000228881836,31.55500030517578,26817800
2023-12-07,29.652957916259766,31.764999389648438,31.9950008392334,31.6200008392334,31.8799991607666,21876600
2023-12-08,29.596952438354492,31.704999923706055,31.850000381469727,31.469999313354492,31.71500015258789,24002800
2023-12-11,29.788320541381836,31.90999984741211,31.950000762939453,31.540000915527344,31.540000915527344,22448800
2023-12-12,29.666963577270508,31.780000686645508,31.969999313354492,31.53499984741211,31.954999923706055,21768200
2023-12-13,30.78717041015625,32.97999954223633,32.97999954223633,31.645000457763672,31.815000534057617,43452000
2023-12-14,30.385765075683594,32.54999923706055,33.349998474121094,32.48500061035156,33.18000030517578,64968200
2023-12-15,29.858333587646484,31.985000610351562,32.38999938964844,31.75,32.224998474121094,53129000
2023-12-18,29.790956497192383,31.614999771118164,31.954999923706055,31.549999237060547,31.774999618530273,32507000
2023-12-19,29.960569381713867,31.795000076293945,31.834999084472656,31.59000015258789,31.725000381469727,25377800
2023-12-20,29.352783203125,31.149999618530273,31.844999313354492,31.145000457763672,31.7549991607666,36651800
2023-12-21,29.404611587524414,31.204999923706055,31.420000076293945,30.985000610351562,31.2549991607666,31753600
2023-12-22,29.50355339050293,31.309999465942383,31.6200008392334,31.25,31.31999969482422,26447400
2023-12-26,29.682592391967773,31.5,31.6200008392334,31.25,31.260000228881836,19075000
2023-12-27,29.663745880126953,31.479999542236328,31.540000915527344,31.31999969482422,31.440000534057617,18984400
2023-12-28,29.87576675415039,31.704999923706055,31.75,31.3799991607666,31.3799991607666,17346400
2023-12-29,29.83807373046875,31.665000915527344,31.729999542236328,31.454999923706055,31.635000228881836,22478000
2024-01-02,30.271533966064453,32.125,32.20000076293945,31.46500015258789,31.530000686645508,30758600
2024-01-03,30.384607315063477,32.244998931884766,32.30500030517578,31.895000457763672,32.1150016784668,32866400
2024-01-04,30.29037857055664,32.14500045776367,32.45000076293945,32.10499954223633,32.279998779296875,26622400
2024-01-05,30.403453826904297,32.26499938964844,32.41999816894531,31.954999923706055,32.099998474121094,27190400
2024-01-08,30.62489891052246,32.5,32.5099983215332,32.095001220703125,32.19499969482422,23434400
2024-01-09,30.375185012817383,32.23500061035156,32.380001068115234,32.165000915527344,32.33000183105469,28805400
2024-01-10,30.3704776763916,32.22999954223633,32.380001068115234,32.1150016784668,32.23500061035156,21853800
2024-01-11,29.663745880126953,31.479999542236328,32.130001068115234,31.3799991607666,32.125,44353600
2024-01-12,29.83336067199707,31.65999984741211,31.790000915527344,31.53499984741211,31.690000534057617,19537400
2024-01-16,29.508268356323242,31.315000534057617,31.59000015258789,31.239999771118164,31.5049991607666,30454000
2024-01-17,29.07951545715332,30.860000610351562,31.420000076293945,30.625,31.135000228881836,39178000
2024-01-18,28.768558502197266,30.530000686645508,30.735000610351562,30.354999542236328,30.704999923706055,39464000
2024-01-19,28.730865478515625,30.489999771118164,30.610000610351562,30.295000076293945,30.559999465942383,28257600
2024-01-22,28.584806442260742,30.334999084472656,30.704999923706055,30.204999923706055,30.479999542236328,41676200
2024-01-23,28.636634826660156,30.389999389648438,30.485000610351562,30.209999084472656,30.344999313354492,41100200
2024-01-24,28.245574951171875,29.975000381469727,30.649999618530273,29.93000030517578,30.600000381469727,50878200
2024-01-25,28.754423141479492,30.514999389648438,30.520000457763672,30.09000015258789,30.375,50516800
2024-01-26,28.8392276763916,30.604999542236328,30.719999313354492,30.5049991607666,30.594999313354492,36653200
2024-01-29,29.022977828979492,30.799999237060547,30.920000076293945,30.44499969482422,30.625,26054400
2024-01-30,29.013559341430664,30.790000915527344,30.975000381469727,30.524999618530273,30.725000381469727,36109000
2024-01-31,28.952306747436523,30.725000381469727,31.18000030517578,30.549999237060547,31.045000076293945,59642400
2024-02-01,29.50355339050293,31.309999465942383,31.309999465942383,30.454999923706055,30.594999313354492,51507200
2024-02-02,28.97115135192871,30.7450008392334,31.045000076293945,30.530000686645508,30.954999923706055,51839600
2024-02-05,28.36807632446289,30.104999542236328,30.46500015258789,30.09000015258789,30.44499969482422,39895000
2024-02-06,28.47173500061035,30.21500015258789,30.315000534057617,29.9950008392334,30.09000015258789,27557000
2024-02-07,28.490577697753906,30.235000610351562,30.399999618530273,30.075000762939453,30.334999084472656,23748600
2024-02-08,28.287982940673828,30.020000457763672,30.165000915527344,29.760000228881836,30.100000381469727,41755400
2024-02-09,28.396347045898438,30.135000228881836,30.165000915527344,29.875,29.934999465942383,29647800
2024-02-12,28.726154327392578,30.485000610351562,30.510000228881836,30.059999465942383,30.135000228881836,25219000
2024-02-13,28.250288009643555,29.979999542236328,30.469999313354492,29.56999969482422,30.315000534057617,45402200
2024-02-14,28.4057674407959,30.145000457763672,30.21500015258789,29.920000076293945,30.09000015258789,34871800
2024-02-15,28.88163185119629,30.649999618530273,30.674999237060547,30.239999771118164,30.239999771118164,34680800
2024-02-16,28.848651885986328,30.614999771118164,30.760000228881836,30.315000534057617,30.5,29914200
2024-02-20,28.829805374145508,30.594999313354492,30.94499969482422,30.530000686645508,30.559999465942383,22764000
2024-02-21,29.21143913269043,31.0,31.040000915527344,30.645000457763672,30.795000076293945,31565000
2024-02-22,28.985286712646484,30.760000228881836,30.889999389648438,30.524999618530273,30.7549991607666,31841600
2024-02-23,29.19259262084961,30.979999542236328,31.125,30.75,30.825000762939453,24572800
2024-02-26,28.617788314819336,30.3700008392334,30.850000381469727,30.315000534057617,30.829999923706055,25587000
2024-02-27,29.159610748291016,30.94499969482422,30.954999923706055,30.424999237060547,30.549999237060547,27487600
2024-02-28,29.24913215637207,31.040000915527344,31.084999084472656,30.84000015258789,30.90999984741211,22983600
2024-02-29,29.258554458618164,31.049999237060547,31.309999465942383,30.905000686645508,31.15999984741211,30675400
2024-03-01,29.07951545715332,30.860000610351562,30.959999084472656,30.479999542236328,30.954999923706055,42511000
2024-03-04,29.569515228271484,31.3799991607666,31.424999237060547,30.71500015258789,30.71500015258789,33020800
2024-03-05,29.484708786010742,31.290000915527344,31.985000610351562,31.15999984741211,31.475000381469727,49602800
2024-03-06,29.76740074157715,31.59000015258789,31.75,31.44499969482422,31.514999389648438,32652200
2024-03-07,29.960569381713867,31.795000076293945,31.93000030517578,31.735000610351562,31.850000381469727,21384200
2024-03-08,30.035959243774414,31.875,31.969999313354492,31.610000610351562,31.885000228881836,27511600
2024-03-11,30.18672752380371,32.03499984741211,32.10499954223633,31.709999084472656,31.829999923706055,20968200
2024-03-12,29.894611358642578,31.725000381469727,31.985000610351562,31.524999618530273,31.969999313354492,29489000
2024-03-13,30.097206115722656,31.940000534057617,32.224998474121094,31.8700008392334,31.975000381469727,25877800
2024-03-14,29.856918334960938,31.684999465942383,31.9950008392334,31.459999084472656,31.8700008392334,31869800
2024-03-15,29.899322509765625,31.729999542236328,31.899999618530273,31.55500030517578,31.584999084472656,35445000
2024-03-18,30.037084579467773,31.614999771118164,31.815000534057617,31.325000762939453,31.510000228881836,26843800
2024-03-19,30.303110122680664,31.895000457763672,31.924999237060547,31.600000381469727,31.690000534057617,19985400
2024-03-20,30.34111213684082,31.934999465942383,32.099998474121094,31.7549991607666,31.84000015258789,32620800
2024-03-21,30.293609619140625,31.885000228881836,32.23500061035156,31.8700008392334,32.02000045776367,40327800
2024-03-22,30.336366653442383,31.93000030517578,32.14500045776367,31.889999389648438,32.084999084472656,21059400
2024-03-25,30.478878021240234,32.08000183105469,32.099998474121094,31.885000228881836,32.02000045776367,23194200
2024-03-26,30.132095336914062,31.71500015258789,32.209999084472656,31.690000534057617,32.1150016784668,29830400
2024-03-27,30.97292137145996,32.599998474121094,32.599998474121094,31.915000915527344,31.950000762939453,34600400
2024-03-28,31.18669319152832,32.82500076293945,32.880001068115234,32.5099983215332,32.595001220703125,27492200
2024-04-01,30.996673583984375,32.625,32.8650016784668,32.415000915527344,32.83000183105469,22702600
2024-04-02,31.048931121826172,32.68000030517578,32.869998931884766,32.53499984741211,32.54999923706055,30212400
2024-04-03,30.925416946411133,32.54999923706055,32.76499938964844,32.43000030517578,32.67499923706055,26574200
2024-04-04,30.863662719726562,32.48500061035156,32.900001525878906,32.26499938964844,32.80500030517578,29356800
2024-04-05,30.953922271728516,32.58000183105469,32.665000915527344,32.119998931884766,32.275001525878906,32322400
2024-04-08,31.158187866210938,32.79499816894531,32.849998474121094,32.540000915527344,32.584999084472656,20142600
2024-04-09,31.329204559326172,32.974998474121094,33.040000915527344,32.77000045776367,32.8650016784668,24024200
2024-04-10,30.79240608215332,32.40999984741211,32.53499984741211,32.125,32.314998626708984,38280600
2024-04-11,30.730649948120117,32.345001220703125,32.6349983215332,32.125,32.595001220703125,25621200
2024-04-12,30.497875213623047,32.099998474121094,32.5,31.94499969482422,32.404998779296875,39844800
2024-04-15,30.21760368347168,31.80500030517578,32.45500183105469,31.684999465942383,32.31999969482422,29407800
2024-04-16,29.818565368652344,31.385000228881836,31.739999771118164,31.274999618530273,31.704999923706055,32907600
2024-04-17,30.440876007080078,32.040000915527344,32.119998931884766,31.530000686645508,31.59000015258789,28152800
2024-04-18,30.61189079284668,32.220001220703125,32.33000183105469,31.915000915527344,32.150001525878906,22288600
2024-04-19,31.082183837890625,32.71500015258789,32.78499984741211,32.27000045776367,32.30500030517578,37004600
2024-04-22,31.36720848083496,33.01499938964844,33.10499954223633,32.5099983215332,32.73500061035156,23458600
2024-04-23,31.51447105407715,33.16999816894531,33.380001068115234,32.91999816894531,33.0,22338000
2024-04-24,31.704490661621094,33.369998931884766,33.47999954223633,32.70500183105469,32.869998931884766,26127000
2024-04-25,31.78999900817871,33.459999084472656,33.595001220703125,33.0,33.290000915527344,31562400
2024-04-26,31.443218231201172,33.095001220703125,33.505001068115234,33.08000183105469,33.459999084472656,24547400
2024-04-29,31.87075424194336,33.54499816894531,33.60499954223633,33.29499816894531,33.32500076293945,29368200
2024-04-30,31.704490661621094,33.369998931884766,33.630001068115234,33.13999938964844,33.36000061035156,29724800
2024-05-01,32.07027816772461,33.755001068115234,34.060001373291016,33.23500061035156,33.3650016784668,42371800
2024-05-02,32.241294860839844,33.935001373291016,34.02000045776367,33.625,33.89500045776367,28609400
2024-05-03,32.49782180786133,34.20500183105469,34.314998626708984,33.900001525878906,34.20000076293945,29817000
2024-05-06,32.66408157348633,34.380001068115234,34.415000915527344,34.099998474121094,34.310001373291016,21221400
2024-05-07,33.03461837768555,34.77000045776367,34.79999923706055,34.45000076293945,34.525001525878906,28808200
2024-05-08,33.38139724731445,35.1349983215332,35.154998779296875,34.61000061035156,34.69499969482422,27708200
2024-05-09,33.88969421386719,35.66999816894531,35.70500183105469,35.03499984741211,35.11000061035156,48549200
2024-05-10,33.8564453125,35.6349983215332,35.92499923706055,35.53499984741211,35.869998931884766,39129200
2024-05-13,33.8564453125,35.6349983215332,35.93000030517578,35.564998626708984,35.755001068115234,21219200
2024-05-14,33.94670486450195,35.72999954223633,35.84000015258789,35.529998779296875,35.790000915527344,23566400
2024-05-15,34.45500183105469,36.26499938964844,36.3650016784668,36.040000915527344,36.099998474121094,29176600
2024-05-16,34.33624267578125,36.13999938964844,36.45500183105469,36.084999084472656,36.28499984741211,25322400
2024-05-17,34.364742279052734,36.16999816894531,36.255001068115234,35.970001220703125,36.095001220703125,21715600
2024-05-20,34.307735443115234,36.11000061035156,36.25,36.029998779296875,36.25,13830400
2024-05-21,34.616519927978516,36.435001373291016,36.45000076293945,36.08000183105469,36.09000015258789,16263400
2024-05-22,34.20798110961914,36.005001068115234,36.36000061035156,35.970001220703125,36.23500061035156,21128800
2024-05-23,33.62842559814453,35.39500045776367,35.95000076293945,35.375,35.95000076293945,28718600
2024-05-24,33.9657096862793,35.75,35.88999938964844,35.41999816894531,35.48500061035156,16366800
2024-05-28,33.93245315551758,35.71500015258789,35.93000030517578,35.63999938964844,35.78499984741211,17765200
2024-05-29,33.49541091918945,35.255001068115234,35.45000076293945,35.125,35.404998779296875,28118600
2024-05-30,33.94670486450195,35.72999954223633,35.755001068115234,35.30500030517578,35.369998931884766,18129600
2024-05-31,34.545257568359375,36.36000061035156,36.39500045776367,35.69499969482422,35.849998474121094,24777600
2024-06-03,34.15097427368164,35.94499969482422,36.334999084472656,35.814998626708984,36.29999923706055,36915800
2024-06-04,34.13672637939453,35.93000030517578,36.05500030517578,35.53499984741211,35.85499954223633,29419600
2024-06-05,33.941951751708984,35.724998474121094,35.91999816894531,35.665000915527344,35.88999938964844,17920400
2024-06-06,33.590423583984375,35.35499954223633,35.85499954223633,35.30500030517578,35.64500045776367,18184800
2024-06-07,33.22463607788086,34.970001220703125,35.33000183105469,34.959999084472656,35.04999923706055,16286800
2024-06-10,33.65217590332031,35.41999816894531,35.47999954223633,34.875,34.96500015258789,19591400
2024-06-11,33.44791030883789,35.20500183105469,35.255001068115234,34.904998779296875,35.119998931884766,22694800
2024-06-12,33.22938537597656,34.974998474121094,35.654998779296875,34.86000061035156,35.650001525878906,24912200
2024-06-13,33.30539321899414,35.05500030517578,35.185001373291016,34.689998626708984,35.029998779296875,22974000
2024-06-14,33.22463607788086,34.970001220703125,35.01499938964844,34.70500183105469,34.849998474121094,20280600
2024-06-17,32.85885238647461,34.584999084472656,34.8650016784668,34.54999923706055,34.78499984741211,21026400
2024-06-18,32.873104095458984,34.599998474121094,34.61000061035156,34.275001525878906,34.30500030517578,24573600
2024-06-20,33.15813446044922,34.900001525878906,34.970001220703125,34.595001220703125,34.709999084472656,27948000
2024-06-21,32.96335983276367,34.69499969482422,35.06999969482422,34.66999816894531,35.029998779296875,18990800
2024-06-24,33.39674377441406,34.869998931884766,34.98500061035156,34.3849983215332,34.40999984741211,17956800
2024-06-25,33.080684661865234,34.540000915527344,34.89500045776367,34.43000030517578,34.79999923706055,25099400
2024-06-26,32.94181442260742,34.39500045776367,34.470001220703125,34.189998626708984,34.40999984741211,13882000
2024-06-27,32.9992790222168,34.45500183105469,34.5,34.220001220703125,34.42499923706055,10899600
2024-06-28,32.63054275512695,34.06999969482422,34.5,33.90999984741211,34.45500183105469,23063000
2024-07-01,32.40547561645508,33.834999084472656,34.48500061035156,33.79999923706055,34.42499923706055,16757800
2024-07-02,32.57307815551758,34.0099983215332,34.07500076293945,33.86000061035156,33.915000915527344,16724200
2024-07-03,32.76941680908203,34.21500015258789,34.45500183105469,33.994998931884766,34.060001373291016,13241200
2024-07-05,32.826881408691406,34.275001525878906,34.41999816894531,34.1150016784668,34.27000045776367,13830600
2024-07-08,32.86040115356445,34.310001373291016,34.41999816894531,34.18000030517578,34.30500030517578,13634400
2024-07-09,32.956180572509766,34.40999984741211,34.70000076293945,34.275001525878906,34.310001373291016,21601200
2024-07-10,33.267452239990234,34.73500061035156,34.744998931884766,34.279998779296875,34.540000915527344,13800000
2024-07-11,33.8756217956543,35.369998931884766,35.46500015258789,34.89500045776367,34.90999984741211,29766400
2024-07-12,34.124637603759766,35.630001068115234,35.86000061035156,35.34000015258789,35.494998931884766,16524200
2024-07-15,33.29618453979492,34.76499938964844,35.34000015258789,34.709999084472656,35.22999954223633,29827600
2024-07-16,33.55477523803711,35.03499984741211,35.095001220703125,34.869998931884766,34.974998474121094,15009200
2024-07-17,33.57392501831055,35.05500030517578,35.5,34.90999984741211,35.0,27516000
2024-07-18,33.54520034790039,35.025001525878906,35.3650016784668,34.96500015258789,35.0099983215332,13542600
2024-07-19,33.58350372314453,35.064998626708984,35.17499923706055,34.85499954223633,35.09000015258789,12985400
2024-07-22,33.86604309082031,35.36000061035156,35.439998626708984,35.130001068115234,35.25,12965400
2024-07-23,33.655330657958984,35.13999938964844,35.35499954223633,35.1150016784668,35.290000915527344,12686400
2024-07-24,34.03364562988281,35.53499984741211,35.67499923706055,35.17499923706055,35.38999938964844,25284800
2024-07-25,33.75111389160156,35.2400016784668,35.88999938964844,35.09000015258789,35.70000076293945,26666000
2024-07-26,34.0815315246582,35.584999084472656,35.654998779296875,35.38999938964844,35.52000045776367,16706400
2024-07-29,34.23477554321289,35.744998931884766,35.86000061035156,35.43000030517578,35.720001220703125,15151200
2024-07-30,34.41196060180664,35.93000030517578,35.959999084472656,35.630001068115234,35.70500183105469,16696400
2024-07-31,34.85731887817383,36.39500045776367,36.474998474121094,36.04499816894531,36.435001373291016,21765400
2024-08-01,35.48463821411133,37.04999923706055,37.099998474121094,36.41999816894531,36.46500015258789,32567400
2024-08-02,35.5421028137207,37.11000061035156,37.779998779296875,36.60499954223633,37.52000045776367,48257200
2024-08-05,34.603511810302734,36.130001068115234,37.30500030517578,36.09000015258789,37.30500030517578,41099800
2024-08-06,34.89562225341797,36.435001373291016,36.85499954223633,36.244998931884766,36.27000045776367,29286400
2024-08-07,35.091957092285156,36.63999938964844,37.06999969482422,36.5,36.73500061035156,24758800
2024-08-08,35.13027572631836,36.68000030517578,36.904998779296875,36.39500045776367,36.5,23360400
2024-08-09,35.2499885559082,36.80500030517578,36.85499954223633,36.17499923706055,36.77000045776367,16708400
2024-08-12,35.31223678588867,36.869998931884766,36.8849983215332,36.595001220703125,36.814998626708984,15027000
2024-08-13,35.51816177368164,37.084999084472656,37.119998931884766,36.86000061035156,37.025001525878906,17075000
2024-08-14,35.49421310424805,37.060001373291016,37.279998779296875,36.78499984741211,37.0,16166000
2024-08-15,35.48942565917969,37.05500030517578,37.165000915527344,36.720001220703125,36.845001220703125,18807600
2024-08-16,35.647457122802734,37.220001220703125,37.345001220703125,36.935001373291016,37.095001220703125,13522800
2024-08-19,35.88210678100586,37.46500015258789,37.4900016784668,37.224998474121094,37.255001068115234,11505400
2024-08-20,35.80548095703125,37.3849983215332,37.59000015258789,37.345001220703125,37.46500015258789,15989800
2024-08-21,36.059288024902344,37.650001525878906,37.76499938964844,37.38999938964844,37.439998626708984,13451800
2024-08-22,36.01618957519531,37.60499954223633,37.77000045776367,37.45500183105469,37.689998626708984,14648000
2024-08-23,36.11675262451172,37.709999084472656,37.88999938964844,37.599998474121094,37.73500061035156,15050400
2024-08-26,36.35140609741211,37.95500183105469,38.11000061035156,37.834999084472656,37.84000015258789,13336400
2024-08-27,36.06407928466797,37.654998779296875,38.0099983215332,37.63999938964844,37.875,16666800
2024-08-28,36.06407928466797,37.654998779296875,37.97999954223633,37.625,37.77000045776367,10482800
2024-08-29,36.26042175292969,37.86000061035156,37.89500045776367,37.40999984741211,37.779998779296875,12758200
2024-08-30,36.53337478637695,38.14500045776367,38.20000076293945,37.790000915527344,37.93000030517578,17007400
2024-09-03,36.48069763183594,38.09000015258789,38.3650016784668,37.970001220703125,38.154998779296875,23627000
2024-09-04,36.791969299316406,38.415000915527344,38.70500183105469,38.224998474121094,38.275001525878906,27303200
2024-09-05,36.70098114013672,38.31999969482422,38.755001068115234,38.20500183105469,38.70500183105469,15545400
2024-09-06,36.35140609741211,37.95500183105469,38.48500061035156,37.95000076293945,38.404998779296875,19605800
2024-09-09,36.72013473510742,38.34000015258789,38.345001220703125,37.900001525878906,38.119998931884766,14366200
2024-09-10,36.89253616333008,38.52000045776367,38.68000030517578,38.279998779296875,38.40999984741211,23255400
2024-09-11,37.00746154785156,38.63999938964844,38.68000030517578,38.07500076293945,38.525001525878906,20766600
2024-09-12,37.088871002197266,38.724998474121094,38.790000915527344,38.48500061035156,38.724998474121094,19335000
2024-09-13,37.610843658447266,39.27000045776367,39.279998779296875,38.70500183105469,38.85499954223633,16238800
2024-09-16,37.89816665649414,39.56999969482422,39.68000030517578,39.290000915527344,39.39500045776367,19910600
2024-09-17,37.86943435668945,39.540000915527344,39.689998626708984,39.40999984741211,39.59000015258789,27963000
2024-09-18,37.582115173339844,39.2400016784668,39.58000183105469,39.06999969482422,39.470001220703125,47034800
2024-09-19,37.36183166503906,39.0099983215332,39.189998626708984,38.689998626708984,39.099998474121094,41536400
2024-09-20,38.34831619262695,40.040000915527344,40.125,39.44499969482422,39.5,44279200
2024-09-23,38.72870635986328,40.165000915527344,40.20000076293945,39.869998931884766,40.01499938964844,23340600
2024-09-24,38.453895568847656,39.880001068115234,40.3849983215332,39.79499816894531,39.939998626708984,28105200
2024-09-25,38.6563835144043,40.09000015258789,40.209999084472656,39.7400016784668,40.099998474121094,16359200
2024-09-26,38.39121627807617,39.814998626708984,40.189998626708984,39.70500183105469,40.01499938964844,19794600
2024-09-27,38.772098541259766,40.209999084472656,40.31999969482422,39.939998626708984,39.97999954223633,14804000
2024-09-30,38.945655822753906,40.38999938964844,40.415000915527344,39.93000030517578,40.290000915527344,19014200
2024-10-01,39.25904083251953,40.71500015258789,40.775001525878906,40.099998474121094,40.345001220703125,24362400
2024-10-02,39.2783203125,40.73500061035156,40.810001373291016,40.3849983215332,40.45500183105469,16491600
2024-10-03,39.26385498046875,40.720001220703125,41.029998779296875,40.619998931884766,40.959999084472656,24205400
2024-10-04,39.2011833190918,40.654998779296875,40.70000076293945,40.2400016784668,40.369998931884766,25082800
2024-10-07,38.299617767333984,39.720001220703125,40.54499816894531,39.6150016784668,40.52000045776367,35284000
2024-10-08,38.318904876708984,39.7400016784668,40.02000045776367,39.73500061035156,39.89500045776367,26022200
2024-10-09,37.991065979003906,39.400001525878906,39.75,39.17499923706055,39.630001068115234,34288000
2024-10-10,37.87535095214844,39.279998779296875,39.75,39.2599983215332,39.439998626708984,26326600
2024-10-11,38.20801544189453,39.625,39.625,39.025001525878906,39.150001525878906,19332600
2024-10-14,38.69013214111328,40.125,40.15999984741211,39.61000061035156,39.685001373291016,18041800
2024-10-15,38.86369705200195,40.30500030517578,40.599998474121094,40.2599983215332,40.29999923706055,26427600
2024-10-16,39.63508987426758,41.10499954223633,41.185001373291016,40.32500076293945,40.505001068115234,19099600
2024-10-17,39.283145904541016,40.7400016784668,41.25,40.709999084472656,41.2400016784668,23527200
2024-10-18,39.50973892211914,40.974998474121094,40.994998931884766,40.525001525878906,40.70500183105469,14035200
2024-10-21,39.355464935302734,40.814998626708984,41.189998626708984,40.654998779296875,41.06999969482422,14811600
2024-10-22,39.215641021728516,40.66999816894531,40.755001068115234,40.345001220703125,40.540000915527344,17119200
2024-10-23,39.59170150756836,41.060001373291016,41.07500076293945,40.625,40.70000076293945,19645000
2024-10-24,39.33617401123047,40.79499816894531,41.150001525878906,40.65999984741211,41.064998626708984,13092000
2024-10-25,38.752811431884766,40.189998626708984,41.03499984741211,40.15999984741211,41.0,17518200
2024-10-28,39.05655288696289,40.505001068115234,40.709999084472656,40.310001373291016,40.404998779296875,14622800
2024-10-29,38.22248458862305,39.63999938964844,40.060001373291016,39.630001068115234,40.05500030517578,27733000
2024-10-30,38.13087463378906,39.54499816894531,39.869998931884766,39.474998474121094,39.79499816894531,20910600
2024-10-31,38.526214599609375,39.95500183105469,40.25,39.6150016784668,39.64500045776367,27516000
2024-11-01,37.66804504394531,39.064998626708984,40.06999969482422,39.029998779296875,39.95000076293945,30861000
2024-11-04,37.21966552734375,38.599998474121094,38.880001068115234,38.38999938964844,38.67499923706055,27956200
2024-11-05,37.7789306640625,39.18000030517578,39.18000030517578,38.46500015258789,38.58000183105469,19016200
2024-11-06,37.3884162902832,38.775001525878906,38.94499969482422,38.40999984741211,38.67499923706055,32958800
2024-11-07,37.455909729003906,38.845001220703125,39.23500061035156,38.63999938964844,38.970001220703125,37703200
2024-11-08,38.17426681518555,39.59000015258789,39.67499923706055,39.0099983215332,39.040000915527344,28857200
2024-11-11,38.28033447265625,39.70000076293945,39.935001373291016,39.505001068115234,39.595001220703125,26011000
2024-11-12,37.84160232543945,39.244998931884766,39.66999816894531,39.05500030517578,39.58000183105469,18703200
2024-11-13,37.774105072021484,39.17499923706055,39.51499938964844,39.0099983215332,39.5,16411800
2024-11-14,37.64393615722656,39.040000915527344,39.42499923706055,38.97999954223633,39.224998474121094,17707400
2024-11-15,38.20801544189453,39.625,39.67499923706055,38.994998931884766,39.06999969482422,23931400
2024-11-18,38.540679931640625,39.970001220703125,40.08000183105469,39.540000915527344,39.59000015258789,14660200
2024-11-19,38.78656005859375,40.224998474121094,40.22999954223633,39.630001068115234,39.81999969482422,11750400
2024-11-20,38.805843353271484,40.244998931884766,40.435001373291016,40.04499816894531,40.29999923706055,12196800
2024-11-21,39.480812072753906,40.94499969482422,40.994998931884766,40.11000061035156,40.30500030517578,21764000
2024-11-22,39.268672943115234,40.724998474121094,41.1349983215332,40.709999084472656,41.07500076293945,15761400
2024-11-25,39.340999603271484,40.79999923706055,41.125,40.5,41.04999923706055,14253800
2024-11-26,39.96775436401367,41.45000076293945,41.474998474121094,40.810001373291016,40.915000915527344,17374800
2024-11-27,39.96775436401367,41.45000076293945,41.70500183105469,41.40999984741211,41.57500076293945,17156600
2024-11-29,39.982215881347656,41.46500015258789,41.6150016784668,41.375,41.584999084472656,9234800
2024-12-02,39.124046325683594,40.57500076293945,41.474998474121094,40.560001373291016,41.459999084472656,22084200
2024-12-03,38.78656005859375,40.224998474121094,40.95000076293945,40.21500015258789,40.81999969482422,18853600
2024-12-04,38.78173828125,40.220001220703125,40.45000076293945,40.064998626708984,40.349998474121094,24169400
2024-12-05,38.90226745605469,40.345001220703125,40.56999969482422,40.15999984741211,40.26499938964844,14226000
2024-12-06,38.42014694213867,39.845001220703125,40.459999084472656,39.77000045776367,40.3650016784668,14228600
2024-12-09,37.93803024291992,39.345001220703125,39.900001525878906,39.31999969482422,39.845001220703125,21053800
2024-12-10,37.6632194519043,39.060001373291016,39.279998779296875,38.744998931884766,39.279998779296875,20319000
2024-12-11,37.42698287963867,38.814998626708984,39.19499969482422,38.744998931884766,39.165000915527344,14759600
2024-12-12,37.407691955566406,38.79499816894531,39.125,38.7599983215332,39.0,15425000
2024-12-13,37.43180465698242,38.81999969482422,39.025001525878906,38.755001068115234,38.849998474121094,13808400
2024-12-16,37.13288879394531,38.5099983215332,38.95500183105469,38.494998931884766,38.85499954223633,16121000
2024-12-17,36.978607177734375,38.349998474121094,38.5099983215332,38.19499969482422,38.27000045776367,15876800
2024-12-18,36.10597229003906,37.44499969482422,38.380001068115234,37.41999816894531,38.32500076293945,29811800
2024-12-19,36.269893646240234,37.6150016784668,38.040000915527344,37.470001220703125,37.47999954223633,27076400
2024-12-20,36.84843444824219,38.21500015258789,38.29999923706055,37.349998474121094,37.400001525878906,25188600
2024-12-23,36.97385025024414,38.029998779296875,38.060001373291016,37.435001373291016,37.80500030517578,20114400
2024-12-24,37.17802810668945,38.2400016784668,38.25,37.915000915527344,38.029998779296875,9010200
2024-12-26,37.09052276611328,38.150001525878906,38.255001068115234,37.994998931884766,38.08000183105469,10114000
2024-12-27,36.983577728271484,38.040000915527344,38.150001525878906,37.79499816894531,37.95000076293945,13805400
2024-12-30,36.82802200317383,37.880001068115234,37.974998474121094,37.53499984741211,37.869998931884766,16870000
2024-12-31,36.79399108886719,37.845001220703125,38.06999969482422,37.665000915527344,37.95500183105469,12605400
2025-01-02,37.07593536376953,38.1349983215332,38.33000183105469,37.86000061035156,38.119998931884766,24103400
2025-01-03,37.46969223022461,38.540000915527344,38.744998931884766,38.189998626708984,38.35499954223633,17767000
2025-01-06,37.051631927490234,38.11000061035156,38.56999969482422,37.98500061035156,38.540000915527344,25623800
2025-01-07,36.95927047729492,38.01499938964844,38.404998779296875,37.915000915527344,38.2400016784668,22856400
2025-01-08,36.94955062866211,38.005001068115234,38.04499816894531,37.380001068115234,37.95000076293945,26845800
2025-01-10,36.74052047729492,37.790000915527344,38.41999816894531,37.61000061035156,38.125,31217000
2025-01-13,36.31273651123047,37.349998474121094,37.790000915527344,36.95500183105469,37.75,24891600
2025-01-14,36.78913116455078,37.84000015258789,37.95500183105469,37.400001525878906,37.494998931884766,19675000
2025-01-15,37.32872009277344,38.39500045776367,38.775001525878906,38.35499954223633,38.5,21360400
2025-01-16,38.27178192138672,39.3650016784668,39.380001068115234,38.36000061035156,38.375,30415000
2025-01-17,38.325252532958984,39.41999816894531,39.599998474121094,39.21500015258789,39.34000015258789,14668800
2025-01-21,38.9134521484375,40.025001525878906,40.220001220703125,39.76499938964844,39.8650016784668,21633400
2025-01-22,38.072471618652344,39.15999984741211,40.1349983215332,39.13999938964844,40.1349983215332,23644800
2025-01-23,38.25233840942383,39.345001220703125,39.630001068115234,39.23500061035156,39.30500030517578,21585000
2025-01-24,38.6412239074707,39.744998931884766,39.86000061035156,39.20000076293945,39.28499984741211,16769600
2025-01-27,37.74677658081055,38.82500076293945,39.040000915527344,37.915000915527344,38.94499969482422,42448200
2025-01-28,37.22663497924805,38.290000915527344,38.80500030517578,37.95000076293945,38.80500030517578,28540200
2025-01-29,37.304412841796875,38.369998931884766,38.810001373291016,38.2400016784668,38.279998779296875,19130800
2025-01-30,38.082191467285156,39.16999816894531,39.22999954223633,38.779998779296875,38.814998626708984,18712600
2025-01-31,37.85858154296875,38.939998626708984,39.2400016784668,38.849998474121094,39.20500183105469,19669600
2025-02-03,38.06275177001953,39.150001525878906,39.29499816894531,38.3650016784668,38.42499923706055,28118800
2025-02-04,37.72732925415039,38.80500030517578,38.9900016784668,38.415000915527344,38.92499923706055,20498200
2025-02-05,38.10649871826172,39.19499969482422,39.459999084472656,38.869998931884766,39.189998626708984,15992600
2025-02-06,38.06275177001953,39.150001525878906,39.3650016784668,38.869998931884766,39.3650016784668,12820800
2025-02-07,37.9849739074707,39.06999969482422,39.415000915527344,39.025001525878906,39.13999938964844,14330400
2025-02-10,38.398170471191406,39.494998931884766,39.5099983215332,38.96500015258789,39.18000030517578,10664200
2025-02-11,38.59261703491211,39.69499969482422,39.71500015258789,39.0099983215332,39.34000015258789,10835600
2025-02-12,38.524559020996094,39.625,39.720001220703125,39.0099983215332,39.185001373291016,14888800
2025-02-13,38.612060546875,39.71500015258789,39.790000915527344,39.470001220703125,39.70000076293945,17020800
2025-02-14,38.45164108276367,39.54999923706055,40.01499938964844,39.525001525878906,39.69499969482422,13972000
2025-02-18,38.811363220214844,39.91999816894531,39.98500061035156,39.58000183105469,39.71500015258789,15509000
2025-02-19,39.015533447265625,40.130001068115234,40.25,39.834999084472656,39.875,12513200
2025-02-20,39.01067352294922,40.125,40.220001220703125,39.64500045776367,40.0,17390800
2025-02-21,39.02039337158203,40.1349983215332,40.26499938964844,39.939998626708984,40.130001068115234,15547400
2025-02-24,38.825950622558594,39.935001373291016,40.255001068115234,39.755001068115234,40.25,14974000
2025-02-25,38.63150405883789,39.73500061035156,39.814998626708984,39.15999984741211,39.70000076293945,21837800
2025-02-26,38.79191970825195,39.900001525878906,40.25,39.68000030517578,39.810001373291016,15421800
2025-02-27,37.93149948120117,39.01499938964844,39.880001068115234,38.974998474121094,39.790000915527344,25074600
2025-02-28,38.509979248046875,39.61000061035156,39.625,39.060001373291016,39.27000045776367,21770000
2025-03-03,38.563453674316406,39.665000915527344,39.790000915527344,39.400001525878906,39.56999969482422,19276400
2025-03-04,37.936363220214844,39.02000045776367,39.875,38.959999084472656,39.665000915527344,22561800
2025-03-05,37.66899871826172,38.744998931884766,39.02000045776367,38.43000030517578,38.7599983215332,20666800
2025-03-06,36.8863525390625,37.939998626708984,38.47999954223633,37.83000183105469,38.44499969482422,25405800
2025-03-07,37.571781158447266,38.64500045776367,38.814998626708984,37.915000915527344,38.025001525878906,23234400
2025-03-10,37.9849739074707,39.06999969482422,39.185001373291016,38.5099983215332,38.5099983215332,37366000
2025-03-11,37.63011169433594,38.70500183105469,39.20000076293945,38.5,39.04999923706055,32640000
2025-03-12,37.5134391784668,38.584999084472656,38.92499923706055,38.349998474121094,38.70000076293945,17432000
2025-03-13,37.605804443359375,38.68000030517578,38.84000015258789,38.435001373291016,38.71500015258789,16801200
2025-03-14,38.33983612060547,39.435001373291016,39.47999954223633,38.654998779296875,38.79499816894531,18269400
2025-03-17,38.5002555847168,39.599998474121094,39.83000183105469,39.22999954223633,39.42499923706055,19290400
2025-03-18,38.23289108276367,39.32500076293945,39.435001373291016,39.06999969482422,39.3650016784668,19285200
2025-03-19,38.37386703491211,39.470001220703125,39.525001525878906,39.20500183105469,39.345001220703125,16163400
2025-03-20,38.529422760009766,39.630001068115234,39.689998626708984,39.38999938964844,39.474998474121094,16415200
2025-03-21,38.28150177001953,39.375,39.665000915527344,39.130001068115234,39.474998474121094,15627600
2025-03-24,38.269264221191406,39.084999084472656,39.560001373291016,39.04999923706055,39.25,13996800
2025-03-25,37.65730667114258,38.459999084472656,39.05500030517578,38.279998779296875,39.04499816894531,22396000
2025-03-26,37.906986236572266,38.71500015258789,38.80500030517578,38.46500015258789,38.46500015258789,15164000
2025-03-27,37.897193908691406,38.70500183105469,39.025001525878906,38.59000015258789,38.68000030517578,13971800
2025-03-28,38.176246643066406,38.9900016784668,39.23500061035156,38.869998931884766,38.939998626708984,19078600
2025-03-31,38.60216522216797,39.42499923706055,39.584999084472656,39.040000915527344,39.04999923706055,21470000
2025-04-01,38.7000846862793,39.525001525878906,39.63999938964844,39.14500045776367,39.400001525878906,18084800
2025-04-02,38.88121795654297,39.709999084472656,39.79999923706055,39.29499816894531,39.494998931884766,12951200
2025-04-03,38.636436462402344,39.459999084472656,40.10499954223633,39.40999984741211,39.65999984741211,38650200
2025-04-04,36.48725128173828,37.26499938964844,39.64500045776367,37.02000045776367,39.64500045776367,66165400
2025-04-07,35.92914581298828,36.69499969482422,37.81999969482422,35.88999938964844,36.69499969482422,73162600
2025-04-08,35.78227233886719,36.54499816894531,37.6150016784668,36.119998931884766,37.349998474121094,39600400
2025-04-09,37.19221878051758,37.98500061035156,38.084999084472656,35.5099983215332,36.22999954223633,70054800
2025-04-10,36.91316604614258,37.70000076293945,38.13999938964844,36.915000915527344,37.70000076293945,44167800
2025-04-11,37.36356735229492,38.15999984741211,38.290000915527344,37.21500015258789,37.68000030517578,28840000
2025-04-14,38.034271240234375,38.845001220703125,38.970001220703125,38.23500061035156,38.459999084472656,19415600
2025-04-15,38.02937698364258,38.84000015258789,39.185001373291016,38.790000915527344,38.93000030517578,15257200
2025-04-16,37.686683654785156,38.4900016784668,39.084999084472656,38.36000061035156,38.935001373291016,17500800
2025-04-17,38.07343673706055,38.8849983215332,39.375,38.63999938964844,38.63999938964844,18928800
2025-04-21,37.17263412475586,37.96500015258789,38.755001068115234,37.51499938964844,38.709999084472656,20780000
2025-04-22,38.18603515625,39.0,39.084999084472656,38.34000015258789,38.369998931884766,21700800
2025-04-23,38.347591400146484,39.165000915527344,39.60499954223633,38.810001373291016,39.3849983215332,27903600
2025-04-24,38.406341552734375,39.224998474121094,39.404998779296875,38.85499954223633,39.1349983215332,16828000
2025-04-25,38.28884506225586,39.10499954223633,39.28499984741211,38.93000030517578,39.2599983215332,14074600
2025-04-28,38.52383804321289,39.345001220703125,39.42499923706055,38.85499954223633,39.125,11084800
2025-04-29,38.822471618652344,39.650001525878906,39.71500015258789,39.125,39.290000915527344,13168000
2025-04-30,38.626644134521484,39.45000076293945,39.584999084472656,38.77000045776367,39.494998931884766,18077200
2025-05-01,38.73924255371094,39.564998626708984,40.064998626708984,39.435001373291016,39.69499969482422,17967000
2025-05-02,39.04277420043945,39.875,39.994998931884766,39.494998931884766,39.709999084472656,16074000
2025-05-05,38.944862365722656,39.775001525878906,39.89500045776367,39.3849983215332,39.744998931884766,14895800
2025-05-06,39.419734954833984,40.2599983215332,40.540000915527344,39.744998931884766,39.779998779296875,20635000
2025-05-07,39.5323371887207,40.375,40.61000061035156,40.04999923706055,40.189998626708984,19575000
2025-05-08,39.2141227722168,40.04999923706055,40.494998931884766,39.994998931884766,40.39500045776367,22437800
2025-05-09,39.28266143798828,40.119998931884766,40.165000915527344,39.86000061035156,40.154998779296875,17420400
2025-05-12,39.047672271728516,39.880001068115234,40.40999984741211,39.70000076293945,40.30500030517578,27460200
2025-05-13,38.99381637573242,39.82500076293945,40.1349983215332,39.60499954223633,39.81999969482422,24064000
2025-05-14,38.822471618652344,39.650001525878906,39.755001068115234,39.05500030517578,39.7400016784668,22912600
2025-05-15,39.64982986450195,40.494998931884766,40.60499954223633,39.78499984741211,39.810001373291016,26629200
2025-05-16,40.23241424560547,41.09000015258789,41.10499954223633,40.45500183105469,40.55500030517578,20076800
2025-05-19,40.40376663208008,41.26499938964844,41.28499984741211,40.73500061035156,40.744998931884766,16306400
2025-05-20,40.52125930786133,41.3849983215332,41.525001525878906,41.20000076293945,41.20000076293945,18075200
2025-05-21,39.78201675415039,40.630001068115234,41.33000183105469,40.54999923706055,41.25,22704000
2025-05-22,39.2141227722168,40.04999923706055,40.28499984741211,39.584999084472656,40.28499984741211,30637600
2025-05-23,39.68410110473633,40.529998779296875,40.564998626708984,39.849998474121094,40.31999969482422,21730200
2025-05-27,39.98273849487305,40.834999084472656,40.939998626708984,40.525001525878906,40.845001220703125,18494200
2025-05-28,39.42463684082031,40.26499938964844,40.83000183105469,40.09000015258789,40.810001373291016,20954600
2025-05-29,39.698787689208984,40.54499816894531,40.61000061035156,40.10499954223633,40.28499984741211,20867400
2025-05-30,40.10512924194336,40.959999084472656,41.029998779296875,40.38999938964844,40.46500015258789,20680400
2025-06-02,40.23241424560547,41.09000015258789,41.14500045776367,40.619998931884766,40.78499984741211,26799200
2025-06-03,40.34012222290039,41.20000076293945,41.584999084472656,40.869998931884766,41.584999084472656,28547800
2025-06-04,39.63514709472656,40.47999954223633,41.130001068115234,40.47999954223633,41.130001068115234,33001800
2025-06-05,39.571502685546875,40.415000915527344,40.595001220703125,40.334999084472656,40.595001220703125,21175000
2025-06-06,39.74774932861328,40.595001220703125,40.665000915527344,40.25,40.619998931884766,21267200
2025-06-09,39.4931755065918,40.334999084472656,40.68000030517578,40.27000045776367,40.525001525878906,24866400
2025-06-10,39.58618927001953,40.43000030517578,40.525001525878906,40.130001068115234,40.439998626708984,28052800
2025-06-11,39.61067199707031,40.45500183105469,40.60499954223633,40.32500076293945,40.54999923706055,21394800
2025-06-12,40.0904426574707,40.94499969482422,40.970001220703125,40.459999084472656,40.47999954223633,19568600
2025-06-13,39.860347747802734,40.709999084472656,40.95500183105469,40.59000015258789,40.8849983215332,25325400
2025-06-16,39.664520263671875,40.5099983215332,41.130001068115234,40.314998626708984,40.90999984741211,27266600
2025-06-17,39.33651351928711,40.17499923706055,40.54999923706055,39.88999938964844,40.45000076293945,28335800
2025-06-18,39.4393196105957,40.279998779296875,40.47999954223633,40.06999969482422,40.27000045776367,22324000
2025-06-20,39.54702377319336,40.38999938964844,40.720001220703125,40.334999084472656,40.3650016784668,31688200
2025-06-23,40.048370361328125,40.619998931884766,40.685001373291016,40.23500061035156,40.31999969482422,25573000
2025-06-24,40.22090530395508,40.79499816894531,40.90999984741211,40.595001220703125,40.665000915527344,20389600
2025-06-25,39.68357467651367,40.25,40.70000076293945,40.17499923706055,40.70000076293945,26771800
2025-06-26,40.013858795166016,40.584999084472656,40.60499954223633,40.25,40.32500076293945,18746200
2025-06-27,40.09273910522461,40.665000915527344,40.994998931884766,40.540000915527344,40.689998626708984,25307800
2025-06-30,40.25541687011719,40.83000183105469,40.875,40.34000015258789,40.470001220703125,22018000
2025-07-01,40.3934440612793,40.970001220703125,41.0,40.34000015258789,40.814998626708984,39690200
2025-07-02,40.04343795776367,40.6150016784668,41.005001068115234,40.41999816894531,40.81999969482422,21891000
2025-07-03,40.344146728515625,40.91999816894531,41.084999084472656,40.564998626708984,40.6349983215332,14900200
2025-07-07,40.42795181274414,41.005001068115234,41.03499984741211,40.744998931884766,40.83000183105469,20215600
2025-07-08,39.99907302856445,40.56999969482422,40.720001220703125,40.17499923706055,40.720001220703125,44289800
2025-07-09,40.37372589111328,40.95000076293945,41.029998779296875,40.44499969482422,40.72999954223633,40230400
2025-07-10,40.704010009765625,41.28499984741211,41.3650016784668,40.685001373291016,40.810001373291016,29074000
2025-07-11,40.64485168457031,41.224998474121094,41.3849983215332,40.84000015258789,40.95500183105469,22199800
2025-07-14,40.807533264160156,41.38999938964844,41.525001525878906,40.970001220703125,41.19499969482422,23883400
2025-07-15,40.4180908203125,40.994998931884766,41.3849983215332,40.790000915527344,41.3849983215332,26253000
2025-07-16,40.437808990478516,41.01499938964844,41.18000030517578,40.69499969482422,41.02000045776367,22625000
2025-07-17,40.60541915893555,41.185001373291016,41.310001373291016,40.92499923706055,40.9900016784668,19757000
2025-07-18,41.285709381103516,41.875,42.02000045776367,41.26499938964844,41.31999969482422,28627400
2025-07-21,41.41880416870117,42.0099983215332,42.26499938964844,41.845001220703125,41.97999954223633,19895600
2025-07-22,41.92656326293945,42.525001525878906,42.54999923706055,42.05500030517578,42.16999816894531,23518200
2025-07-23,41.61106872558594,42.20500183105469,43.0099983215332,42.03499984741211,42.904998779296875,40333000
2025-07-24,41.55683898925781,42.150001525878906,42.349998474121094,42.040000915527344,42.2599983215332,22137600
2025-07-25,41.665287017822266,42.2599983215332,42.30500030517578,42.05500030517578,42.21500015258789,16320400
2025-07-28,41.22162628173828,41.810001373291016,42.26499938964844,41.70500183105469,42.255001068115234,22413600
2025-07-29,41.69486999511719,42.290000915527344,42.314998626708984,41.880001068115234,41.970001220703125,18395400
2025-07-30,42.00543212890625,42.60499954223633,42.98500061035156,42.375,42.415000915527344,27424400
2025-07-31,42.23219680786133,42.834999084472656,42.900001525878906,42.439998626708984,42.474998474121094,30179600
2025-08-01,42.29628372192383,42.900001525878906,43.130001068115234,42.45500183105469,42.78499984741211,35852000
2025-08-04,43.04558563232422,43.65999984741211,43.779998779296875,43.02000045776367,43.11000061035156,25730800
2025-08-05,42.58713150024414,43.19499969482422,43.834999084472656,43.064998626708984,43.67499923706055,21454400
2025-08-06,42.207550048828125,42.810001373291016,43.275001525878906,42.775001525878906,43.2599983215332,23020600
2025-08-07,42.66600799560547,43.275001525878906,43.39500045776367,42.59000015258789,42.66999816894531,25702800
2025-08-08,42.48360824584961,43.09000015258789,43.474998474121094,42.98500061035156,43.39500045776367,18445200
2025-08-11,42.35050964355469,42.95500183105469,43.22999954223633,42.744998931884766,43.20000076293945,19548800
2025-08-12,42.53290557861328,43.13999938964844,43.150001525878906,42.755001068115234,43.095001220703125,20756800
2025-08-13,42.62656784057617,43.23500061035156,43.26499938964844,42.834999084472656,43.20000076293945,22425400
2025-08-14,42.33079147338867,42.935001373291016,43.20500183105469,42.88999938964844,43.07500076293945,18747800
2025-08-15,42.207550048828125,42.810001373291016,43.04499816894531,42.54499816894531,42.869998931884766,29576600
2025-08-18,42.025150299072266,42.625,43.03499984741211,42.564998626708984,42.875,16080000
2025-08-19,42.4343147277832,43.040000915527344,43.060001373291016,42.564998626708984,42.63999938964844,16436800
2025-08-20,42.47867965698242,43.084999084472656,43.36000061035156,42.93000030517578,43.11000061035156,20169000
2025-08-21,42.18783187866211,42.790000915527344,43.310001373291016,42.66999816894531,43.09000015258789,16230000
2025-08-22,42.41459655761719,43.02000045776367,43.27000045776367,42.89500045776367,43.084999084472656,19234800
2025-08-25,41.93642044067383,42.53499984741211,43.0,42.4900016784668,42.875,16982200
2025-08-26,42.030086517333984,42.630001068115234,42.724998474121094,42.380001068115234,42.57500076293945,17263000
2025-08-27,42.039939880371094,42.63999938964844,42.7400016784668,42.5099983215332,42.630001068115234,16821400
2025-08-28,41.71951675415039,42.314998626708984,42.685001373291016,42.25,42.66999816894531,16078800
2025-08-29,41.56669616699219,42.15999984741211,42.380001068115234,42.095001220703125,42.290000915527344,19469400
2025-09-02,41.42866897583008,42.02000045776367,42.06999969482422,41.755001068115234,42.0,20655000
2025-09-03,41.32514572143555,41.915000915527344,41.994998931884766,41.689998626708984,41.875,17268000
2025-09-04,41.275848388671875,41.8650016784668,42.31999969482422,41.64500045776367,42.209999084472656,22362200
2025-09-05,41.14767837524414,41.73500061035156,42.07500076293945,41.404998779296875,41.974998474121094,27006800
2025-09-08,40.728660583496094,41.310001373291016,41.779998779296875,41.150001525878906,41.7599983215332,28469400
2025-09-09,41.00965118408203,41.595001220703125,41.73500061035156,41.224998474121094,41.29999923706055,25741400
2025-09-10,41.71458435058594,42.310001373291016,42.380001068115234,41.744998931884766,41.744998931884766,32168800
2025-09-11,41.93642044067383,42.53499984741211,42.564998626708984,42.19499969482422,42.255001068115234,24265200
2025-09-12,42.14839172363281,42.75,42.875,42.34000015258789,42.415000915527344,18727000
2025-09-15,42.246986389160156,42.849998474121094,43.04999923706055,42.755001068115234,42.755001068115234,22818400
2025-09-16,41.477962493896484,42.06999969482422,42.790000915527344,42.04999923706055,42.775001525878906,21652800
2025-09-17,41.581485748291016,42.17499923706055,42.53499984741211,42.09000015258789,42.345001220703125,20168200
2025-09-18,41.61106872558594,42.20500183105469,42.474998474121094,41.90999984741211,42.099998474121094,25303000
2025-09-19,41.877262115478516,42.474998474121094,42.64500045776367,42.084999084472656,42.310001373291016,20974000
2025-09-22,42.28322219848633,42.599998474121094,42.69499969482422,42.11000061035156,42.209999084472656,19477000
2025-09-23,42.5015869140625,42.81999969482422,42.88999938964844,42.45500183105469,42.53499984741211,17900600
2025-09-24,42.804317474365234,43.125,43.20000076293945,42.775001525878906,42.900001525878906,17317600
2025-09-25,42.39240264892578,42.709999084472656,43.17499923706055,42.709999084472656,43.084999084472656,18689600
2025-09-26,43.08223342895508,43.404998779296875,43.41999816894531,42.814998626708984,42.85499954223633,16233800
2025-09-29,43.20630645751953,43.529998779296875,43.599998474121094,43.08000183105469,43.3849983215332,17130800
2025-09-30,43.2807502746582,43.60499954223633,43.775001525878906,43.29499816894531,43.584999084472656,21960000
2025-10-01,43.697628021240234,44.025001525878906,44.119998931884766,43.6349983215332,43.689998626708984,29195400
2025-10-02,43.618221282958984,43.94499969482422,43.959999084472656,43.619998931884766,43.90999984741211,22648600
2025-10-03,44.12443161010742,44.45500183105469,44.8650016784668,44.04499816894531,44.08000183105469,25133200
2025-10-06,44.55122756958008,44.8849983215332,44.935001373291016,44.40999984741211,44.71500015258789,20024200
2025-10-07,44.75470733642578,45.09000015258789,45.28499984741211,44.95000076293945,45.06999969482422,32901800
2025-10-08,45.06240463256836,45.400001525878906,45.46500015258789,45.064998626708984,45.40999984741211,19790400
2025-10-09,44.94825744628906,45.28499984741211,45.685001373291016,45.19499969482422,45.54999923706055,21557400
2025-10-10,44.76462936401367,45.099998474121094,45.685001373291016,45.04999923706055,45.435001373291016,23183800
2025-10-13,45.1070671081543,45.44499969482422,45.654998779296875,45.11000061035156,45.130001068115234,18760600
2025-10-14,45.50905227661133,45.849998474121094,46.0,45.290000915527344,45.3650016784668,17571800
2025-10-15,46.10459518432617,46.45000076293945,46.59000015258789,46.05500030517578,46.05500030517578,19087600
2025-10-16,45.60334777832031,45.94499969482422,46.8849983215332,45.935001373291016,46.59000015258789,29119000
2025-10-17,45.44453811645508,45.78499984741211,46.095001220703125,45.59000015258789,46.029998779296875,21825800
2025-10-20,45.429649353027344,45.77000045776367,46.244998931884766,45.595001220703125,46.1349983215332,25420000
2025-10-21,44.968109130859375,45.30500030517578,45.869998931884766,45.084999084472656,45.814998626708984,22107800
2025-10-22,44.863887786865234,45.20000076293945,45.43000030517578,44.98500061035156,45.404998779296875,19108600
2025-10-23,44.82915115356445,45.165000915527344,45.52000045776367,44.915000915527344,45.494998931884766,16134000
2025-10-24,45.35520553588867,45.69499969482422,45.91999816894531,45.380001068115234,45.42499923706055,21737600
2025-10-27,45.479278564453125,45.81999969482422,45.8650016784668,45.2599983215332,45.69499969482422,16042800
2025-10-28,44.72989273071289,45.064998626708984,45.98500061035156,45.0099983215332,45.98500061035156,20661400
2025-10-29,44.715003967285156,45.04999923706055,45.35499954223633,44.8650016784668,45.060001373291016,24271800
2025-10-30,44.52641677856445,44.86000061035156,45.42499923706055,44.845001220703125,45.0,18870800
2025-10-31,44.218719482421875,44.54999923706055,44.790000915527344,44.314998626708984,44.65999984741211,18434000
2025-11-03,44.24353790283203,44.57500076293945,44.70000076293945,44.05500030517578,44.51499938964844,22339600
2025-11-04,44.0847282409668,44.415000915527344,44.59000015258789,44.224998474121094,44.55500030517578,17156200
2025-11-05,44.09465026855469,44.42499923706055,44.6349983215332,44.220001220703125,44.404998779296875,16858200
2025-11-06,43.901100158691406,44.22999954223633,44.68000030517578,44.209999084472656,44.345001220703125,23668200
2025-11-07,44.51152801513672,44.845001220703125,44.85499954223633,44.04999923706055,44.04999923706055,24337600
2025-11-10,44.49664306640625,44.83000183105469,45.18000030517578,44.44499969482422,44.974998474121094,17947200
2025-11-11,44.521453857421875,44.85499954223633,45.029998779296875,44.60499954223633,44.849998474121094,14435400
2025-11-12,44.62567138671875,44.959999084472656,45.0,44.709999084472656,44.8849983215332,15018400
2025-11-13,44.010284423828125,44.34000015258789,44.845001220703125,44.30500030517578,44.845001220703125,20675400
2025-11-14,44.04998779296875,44.380001068115234,44.720001220703125,44.11000061035156,44.21500015258789,20168200
2025-11-17,44.4470100402832,44.779998779296875,44.93000030517578,44.41999816894531,44.46500015258789,24201400
2025-11-18,44.27827453613281,44.61000061035156,45.03499984741211,44.595001220703125,44.81999969482422,25158800
2025-11-19,43.906063079833984,44.23500061035156,44.77000045776367,44.13999938964844,44.64500045776367,25095600
2025-11-20,43.682735443115234,44.0099983215332,44.86000061035156,43.97999954223633,44.584999084472656,25543200
2025-11-21,43.74725341796875,44.07500076293945,44.25,43.7599983215332,44.19499969482422,28589400
2025-11-24,44.24353790283203,44.57500076293945,44.689998626708984,43.8650016784668,44.13999938964844,23572800
2025-11-25,44.074798583984375,44.404998779296875,44.7599983215332,44.224998474121094,44.689998626708984,22195600
2025-11-26,44.6604118347168,44.994998931884766,45.04999923706055,44.560001373291016,44.64500045776367,16759200
2025-11-28,44.978031158447266,45.314998626708984,45.349998474121094,45.025001525878906,45.06999969482422,7882600
2025-12-01,43.9259147644043,44.255001068115234,45.060001373291016,44.22999954223633,45.060001373291016,26339000
2025-12-02,43.613258361816406,43.939998626708984,44.459999084472656,43.8849983215332,44.459999084472656,17384200
2025-12-03,43.47429656982422,43.79999923706055,44.099998474121094,43.630001068115234,43.974998474121094,21728000
2025-12-04,43.38496780395508,43.709999084472656,44.060001373291016,43.560001373291016,43.775001525878906,15535200
2025-12-05,42.9780158996582,43.29999923706055,43.779998779296875,43.279998779296875,43.720001220703125,13474700
2025-12-08,42.4023323059082,42.720001220703125,43.40999984741211,42.65999984741211,43.380001068115234,21607900
2025-12-09,42.432106018066406,42.75,43.16999816894531,42.72999954223633,42.95000076293945,24347200
2025-12-10,42.412254333496094,42.72999954223633,42.83000183105469,42.41999816894531,42.79999923706055,25940200
2025-12-11,42.71995162963867,43.040000915527344,43.150001525878906,42.650001525878906,42.650001525878906,18703300
2025-12-12,42.511512756347656,42.83000183105469,43.380001068115234,42.77000045776367,43.16999816894531,17179800
2025-12-15,42.89861297607422,43.220001220703125,43.290000915527344,42.83000183105469,43.11000061035156,19176400
2025-12-16,42.71995162963867,43.040000915527344,43.310001373291016,42.779998779296875,43.20000076293945,19067900
2025-12-17,42.44203186035156,42.7599983215332,43.13999938964844,42.540000915527344,43.060001373291016,19444600
2025-12-18,42.858909606933594,43.18000030517578,43.41999816894531,42.970001220703125,43.029998779296875,21935800
2025-12-19,42.3129997253418,42.630001068115234,43.369998931884766,42.599998474121094,43.119998931884766,22612000
2025-12-22,42.470001220703125,42.470001220703125,42.529998779296875,42.029998779296875,42.290000915527344,17894900
2025-12-23,42.619998931884766,42.619998931884766,42.75,42.380001068115234,42.400001525878906,15097300
2025-12-24,42.810001373291016,42.810001373291016,42.86000061035156,42.54999923706055,42.61000061035156,5761000
2025-12-26,42.779998779296875,42.779998779296875,42.869998931884766,42.630001068115234,42.790000915527344,8436700
2025-12-29,42.86000061035156,42.86000061035156,43.11000061035156,42.77000045776367,42.810001373291016,12838700
2025-12-30,42.959999084472656,42.959999084472656,43.040000915527344,42.810001373291016,42.880001068115234,9255300
